step,time_sec,train_neg_log_ppl,val_neg_log_ppl
1,3.634514093399048,-14.579006,
2,3.8556971549987793,-14.70114,
3,4.1101837158203125,-14.508467,
4,4.360342025756836,-14.506593,
5,4.611982107162476,-14.341087,
6,4.864054203033447,-14.202874,
7,5.1151416301727295,-13.966896,
8,5.368266582489014,-13.952858,
9,5.6176817417144775,-13.4652605,
10,5.869594097137451,-13.46126,
11,6.118723154067993,-13.154197,
12,6.371025562286377,-12.855218,
13,6.625173091888428,-12.417692,
14,6.876107931137085,-12.173321,
15,7.129333734512329,-12.111004,
16,7.380199909210205,-11.402331,
17,7.630577325820923,-10.721727,
18,7.882660865783691,-11.194368,
19,8.133080244064331,-10.279976,
20,8.384599685668945,-9.447602,
21,8.635793447494507,-9.28623,
22,8.889419794082642,-9.669445,
23,9.141610145568848,-8.97437,
24,9.393412113189697,-9.173552,
25,9.647008180618286,-8.951147,
26,9.897712230682373,-10.5848675,
27,10.149433851242065,-9.623793,
28,10.401326417922974,-10.619311,
29,10.652185440063477,-10.786805,
30,10.904842615127563,-12.47357,
31,11.155513763427734,-14.284357,
32,11.41087031364441,-14.409807,
33,11.663973093032837,-15.747679,
34,11.915324926376343,-15.974905,
35,12.169905424118042,-16.239214,
36,12.423244953155518,-18.494627,
37,12.674188137054443,-19.668278,
38,12.92888617515564,-18.52626,
39,13.17826533317566,-20.193455,
40,13.429295778274536,-19.272976,
41,13.683271408081055,-20.565536,
42,13.93563985824585,-20.25972,
43,14.189465999603271,-22.010952,
44,14.442923069000244,-19.611778,
45,14.694216012954712,-23.335857,
46,14.947523832321167,-24.213623,
47,15.1986722946167,-23.496735,
48,15.4502694606781,-24.356325,
49,15.705540180206299,-23.705547,
50,15.956111431121826,-25.21999,
51,16.208839654922485,-22.59655,
52,16.4642653465271,-22.912306,
53,16.716379165649414,-24.644905,
54,16.969455242156982,-23.984493,
55,17.224212408065796,-21.558338,
56,17.475475549697876,-23.976994,
57,17.728193521499634,-23.027449,
58,17.982182025909424,-23.766518,
59,18.233336210250854,-23.989544,
60,18.486069917678833,-21.069311,
61,18.740897178649902,-22.654842,
62,18.9940288066864,-22.725754,
63,19.24842143058777,-25.031086,
64,19.50313138961792,-23.02647,
65,19.754969835281372,-24.32753,
66,20.007517337799072,-21.356346,
67,20.260987520217896,-20.414343,
68,20.51222825050354,-19.103756,
69,20.765702486038208,-18.8294,
70,21.018866539001465,-18.440235,
71,21.271447896957397,-20.65943,
72,21.527003526687622,-24.279274,
73,21.781989574432373,-18.594137,
74,22.033759593963623,-17.78178,
75,22.286932229995728,-18.711004,
76,22.541149854660034,-15.253967,
77,22.794391870498657,-12.379541,
78,23.04678750038147,-15.0724945,
79,23.300105094909668,-13.675656,
80,23.552934646606445,-13.136217,
81,23.807180166244507,-12.967081,
82,24.063019275665283,-12.284416,
83,24.31625461578369,-10.488911,
84,24.568721532821655,-9.88974,
85,24.824434995651245,-8.866342,
86,25.079231023788452,-10.250685,
87,25.33143186569214,-10.160419,
88,25.58496356010437,-11.574429,
89,25.839179515838623,-11.5991955,
90,26.09216284751892,-9.204431,
91,26.347797393798828,-8.174936,
92,26.605919122695923,-8.012114,
93,26.86088538169861,-9.16018,
94,27.11328411102295,-9.459806,
95,27.36627173423767,-7.410063,
96,27.622422218322754,-10.810066,
97,27.8775053024292,-9.152016,
98,28.12999176979065,-11.176751,
99,28.38449192047119,-8.3678,
100,28.82527184486389,-8.301447,
101,29.080453157424927,-7.939784,
102,29.334381103515625,-7.3040676,
103,29.58805227279663,-8.084649,
104,29.845961570739746,-6.4435806,
105,30.102972269058228,-7.2792516,
106,30.35730290412903,-8.124033,
107,30.609979391098022,-8.376043,
108,30.864235877990723,-7.2251434,
109,31.122656106948853,-6.0321116,
110,31.380324363708496,-7.4954047,
111,31.63396382331848,-6.3204107,
112,31.887964963912964,-6.9090405,
113,32.144521713256836,-7.942438,
114,32.40121603012085,-7.851152,
115,32.65633702278137,-8.71426,
116,32.909260988235474,-5.3957367,
117,33.16367983818054,-6.324375,
118,33.42019200325012,-6.1593103,
119,33.67745757102966,-7.6439385,
120,33.93135643005371,-7.9348545,
121,34.18652296066284,-7.1055455,
122,34.44375991821289,-7.234581,
123,34.70098662376404,-7.811668,
124,34.95742464065552,-6.079118,
125,35.21097111701965,-5.667897,
126,35.46479249000549,-6.7514057,
127,35.72192335128784,-6.045225,
128,35.98008441925049,-5.043137,
129,36.23723030090332,-5.2203703,
130,36.49103379249573,-7.488684,
131,36.74580192565918,-6.1657724,
132,37.003296852111816,-5.7886815,
133,37.2622492313385,-6.289828,
134,37.52066946029663,-5.7264137,
135,37.77706241607666,-6.124657,
136,38.03068017959595,-5.8176513,
137,38.28317856788635,-6.928529,
138,38.54159665107727,-6.0483813,
139,38.801395654678345,-6.188553,
140,39.058682441711426,-6.958293,
141,39.314170598983765,-5.7535677,
142,39.56767964363098,-7.919826,
143,39.82270812988281,-5.896966,
144,40.08062410354614,-5.935643,
145,40.33832931518555,-5.6582656,
146,40.59433102607727,-6.5101156,
147,40.84890961647034,-6.5770283,
148,41.10459494590759,-6.6394253,
149,41.362863540649414,-5.8813257,
150,41.622146129608154,-7.0849056,
151,41.88116121292114,-7.0526047,
152,42.13982915878296,-6.7166333,
153,42.39709496498108,-6.635377,
154,42.65346431732178,-5.6555867,
155,42.90730857849121,-7.4254,
156,43.16235280036926,-6.9340353,
157,43.41970634460449,-6.850668,
158,43.677931785583496,-6.6024714,
159,43.936702251434326,-7.087504,
160,44.19212031364441,-6.131033,
161,44.446741819381714,-5.891457,
162,44.70426607131958,-7.0266557,
163,44.961918354034424,-5.241276,
164,45.219362020492554,-6.442466,
165,45.47801923751831,-5.8689175,
166,45.73531484603882,-5.911763,
167,45.99118685722351,-6.3658915,
168,46.24561524391174,-6.1683006,
169,46.50300431251526,-5.5528955,
170,46.76180553436279,-7.887718,
171,47.02084755897522,-6.2048955,
172,47.27993845939636,-6.118609,
173,47.538201570510864,-8.079594,
174,47.79629421234131,-5.820816,
175,48.054513692855835,-6.4170694,
176,48.310524463653564,-6.2935953,
177,48.56541299819946,-6.995655,
178,48.82088899612427,-5.9534106,
179,49.081151723861694,-5.755721,
180,49.340579986572266,-6.6079717,
181,49.599583864212036,-7.393846,
182,49.858803272247314,-6.497986,
183,50.118019342422485,-7.2460184,
184,50.37713837623596,-5.7934227,
185,50.63647937774658,-5.643527,
186,50.895870208740234,-5.546037,
187,51.15369200706482,-6.075961,
188,51.41053318977356,-6.63686,
189,51.666715145111084,-5.28074,
190,51.923041343688965,-6.519943,
191,52.18145036697388,-5.22033,
192,52.43961763381958,-5.3944607,
193,52.69837045669556,-6.3507223,
194,52.957714319229126,-5.810883,
195,53.21765613555908,-5.7316957,
196,53.47717547416687,-4.4381566,
197,53.73608183860779,-5.7727985,
198,53.997336626052856,-6.592732,
199,54.25749230384827,-7.659481,
200,54.679521560668945,-5.542148,
201,54.93748927116394,-6.4379435,
202,55.19675087928772,-5.369829,
203,55.45645499229431,-5.326182,
204,55.7170672416687,-6.898536,
205,55.97682309150696,-7.0760083,
206,56.23496985435486,-5.963607,
207,56.49693965911865,-5.213737,
208,56.75772523880005,-5.3573403,
209,57.01820254325867,-5.2126384,
210,57.2776095867157,-5.6532674,
211,57.53713822364807,-6.169497,
212,57.79647183418274,-5.6693926,
213,58.05627775192261,-5.709037,
214,58.31615447998047,-4.4321938,
215,58.57585644721985,-5.8041887,
216,58.83631658554077,-4.31809,
217,59.09723901748657,-6.4879756,
218,59.35758018493652,-4.93099,
219,59.6178183555603,-6.836231,
220,59.87748336791992,-5.9278193,
221,60.13686466217041,-5.696596,
222,60.3962881565094,-5.4272842,
223,60.65637826919556,-5.73224,
224,60.91612434387207,-6.12321,
225,61.17546820640564,-5.088974,
226,61.43635392189026,-6.5910435,
227,61.697312355041504,-5.411735,
228,61.95795154571533,-5.1194277,
229,62.21706676483154,-4.920523,
230,62.47645854949951,-5.0428963,
231,62.73616909980774,-5.878064,
232,62.99586367607117,-4.7306604,
233,63.256012201309204,-4.517927,
234,63.51683020591736,-4.6770906,
235,63.77543306350708,-4.3678513,
236,64.0372142791748,-6.715609,
237,64.29676699638367,-4.161085,
238,64.55680465698242,-4.084627,
239,64.81645441055298,-5.6723356,
240,65.07564663887024,-5.9392204,
241,65.33520150184631,-5.274149,
242,65.59507155418396,-4.369095,
243,65.85492253303528,-5.067031,
244,66.11460423469543,-5.0096035,
245,66.37531304359436,-7.119747,
246,66.63647222518921,-4.7974586,
247,66.89625692367554,-4.108979,
248,67.1574239730835,-4.2845926,
249,67.41654682159424,-4.4139247,
250,67.67530131340027,-4.671043,
251,67.93478202819824,-4.4848104,
252,68.19459128379822,-3.7091057,
253,68.45456552505493,-5.2478623,
254,68.71543335914612,-4.3377028,
255,68.97660708427429,-4.8396115,
256,69.23665452003479,-4.449433,
257,69.495769739151,-3.826869,
258,69.75566983222961,-4.656031,
259,70.01498889923096,-3.6219883,
260,70.27436423301697,-4.939209,
261,70.53297996520996,-3.9858072,
262,70.79483532905579,-5.2751184,
263,71.05360198020935,-4.4223213,
264,71.31534743309021,-3.8996277,
265,71.57575488090515,-5.2174215,
266,71.83546471595764,-3.6995108,
267,72.09517502784729,-3.696329,
268,72.35480952262878,-4.812578,
269,72.61428022384644,-3.856544,
270,72.87392520904541,-4.625202,
271,73.13318920135498,-4.2214975,
272,73.39277672767639,-3.5550897,
273,73.65367436408997,-3.931059,
274,73.91502904891968,-4.6622243,
275,74.17563104629517,-4.0124993,
276,74.43518400192261,-3.3570735,
277,74.69396662712097,-3.635816,
278,74.9534957408905,-6.6122084,
279,75.21350717544556,-5.2918377,
280,75.47333455085754,-4.2641377,
281,75.73300123214722,-2.9988635,
282,75.99271416664124,-3.5671954,
283,76.25289750099182,-4.3624163,
284,76.51421880722046,-4.2795944,
285,76.77427673339844,-6.808186,
286,77.0336606502533,-4.3773575,
287,77.2936360836029,-3.2397265,
288,77.55417728424072,-3.1398308,
289,77.81433486938477,-3.5683842,
290,78.07274723052979,-4.0847197,
291,78.33205246925354,-3.1946225,
292,78.59302687644958,-4.109758,
293,78.85418939590454,-5.0350943,
294,79.11407470703125,-3.766696,
295,79.37346982955933,-3.6745815,
296,79.633136510849,-3.0743065,
297,79.89258217811584,-3.7494051,
298,80.15153408050537,-3.7361498,
299,80.4121458530426,-4.8771725,
300,80.82947254180908,-4.0762954,
301,81.0881245136261,-3.2578852,
302,81.34963703155518,-4.357315,
303,81.60953879356384,-5.891993,
304,81.86920619010925,-2.9835367,
305,82.1287145614624,-5.396263,
306,82.38864850997925,-2.7263513,
307,82.64834308624268,-3.320963,
308,82.90892028808594,-3.0646157,
309,83.16874623298645,-4.8867674,
310,83.42858099937439,-3.2311783,
311,83.68877029418945,-4.0954294,
312,83.94867873191833,-3.7861998,
313,84.20852589607239,-4.7682266,
314,84.46789145469666,-2.7532492,
315,84.72952556610107,-3.033113,
316,84.98936891555786,-4.252324,
317,85.2482430934906,-3.923186,
318,85.50833988189697,-4.06362,
319,85.76869368553162,-3.0130184,
320,86.02816605567932,-1.864048,
321,86.288094997406,-3.0512812,
322,86.54761791229248,-3.8073916,
323,86.80829858779907,-3.1995225,
324,87.06796216964722,-3.1458967,
325,87.32767963409424,-6.1735516,
326,87.58817195892334,-3.9955711,
327,87.84766554832458,-3.0090184,
328,88.10806727409363,-4.5919886,
329,88.36919236183167,-4.6567607,
330,88.6279571056366,-3.8403292,
331,88.88738083839417,-2.6676733,
332,89.14738821983337,-4.3774242,
333,89.40762877464294,-3.705398,
334,89.6674702167511,-5.764404,
335,89.92709350585938,-4.192237,
336,90.18722224235535,-3.2514486,
337,90.44735980033875,-3.8655906,
338,90.70691394805908,-2.2347372,
339,90.96670651435852,-3.7553945,
340,91.22749090194702,-4.339762,
341,91.48690867424011,-3.4944654,
342,91.74693465232849,-2.6506937,
343,92.00854396820068,-3.341937,
344,92.26729536056519,-4.560849,
345,92.52658462524414,-3.5249963,
346,92.78670263290405,-2.3813066,
347,93.04655623435974,-2.4986408,
348,93.30659341812134,-2.3807654,
349,93.56632828712463,-2.64114,
350,93.82652568817139,-2.9604077,
351,94.08607220649719,-2.0770602,
352,94.34601283073425,-2.8833492,
353,94.60640287399292,-2.1100447,
354,94.86603283882141,-4.237836,
355,95.12613439559937,-3.402948,
356,95.38784265518188,-3.3989563,
357,95.64651918411255,-3.9018126,
358,95.90576076507568,-2.2738252,
359,96.16645407676697,-4.2795615,
360,96.42562532424927,-3.7164483,
361,96.68562865257263,-2.1960151,
362,96.94592928886414,-2.9646132,
363,97.20547080039978,-1.9201373,
364,97.46551704406738,-3.8323731,
365,97.72618556022644,-3.0072556,
366,97.98556995391846,-2.908594,
367,98.245521068573,-3.3456173,
368,98.50537180900574,-2.2900736,
369,98.7653317451477,-3.1714785,
370,99.02628469467163,-1.5506335,
371,99.28562903404236,-2.7727807,
372,99.54578280448914,-3.823408,
373,99.80563688278198,-3.4282784,
374,100.06556677818298,-2.013375,
375,100.32568717002869,-2.611003,
376,100.58479118347168,-3.0916839,
377,100.84500026702881,-1.5688416,
378,101.10484027862549,-2.9533486,
379,101.36452651023865,-2.8861907,
380,101.62458777427673,-2.5339007,
381,101.88489437103271,-2.1025188,
382,102.14383864402771,-2.8185186,
383,102.40521836280823,-3.1390238,
384,102.66461753845215,-2.8781757,
385,102.92490816116333,-3.4016628,
386,103.1845314502716,-3.6958175,
387,103.4440553188324,-1.9815943,
388,103.70426297187805,-2.1272147,
389,103.96425127983093,-3.1647563,
390,104.22401976585388,-2.513946,
391,104.48425579071045,-2.3699975,
392,104.74423217773438,-2.503311,
393,105.0037407875061,-2.8277326,
394,105.26336717605591,-2.6231735,
395,105.52325201034546,-2.0968864,
396,105.78407192230225,-3.008475,
397,106.04519724845886,-3.0042272,
398,106.30387449264526,-3.076525,
399,106.56395173072815,-4.183937,
400,106.98214483261108,-2.9620237,
401,107.24219799041748,-3.2053466,
402,107.50272345542908,-2.2725909,
403,107.76294469833374,-2.9672532,
404,108.02295780181885,-4.254888,
405,108.28271698951721,-4.3450766,
406,108.54285740852356,-1.8393979,
407,108.80270457267761,-2.626629,
408,109.06259846687317,-2.0136037,
409,109.32279253005981,-2.4194877,
410,109.5836443901062,-1.9437914,
411,109.84342503547668,-4.1889296,
412,110.10219359397888,-2.845759,
413,110.36246919631958,-2.7019432,
414,110.62217688560486,-1.8343304,
415,110.88216376304626,-2.3876314,
416,111.14280486106873,-2.8817973,
417,111.40212726593018,-2.0388823,
418,111.66171789169312,-2.722608,
419,111.92191433906555,-2.7310236,
420,112.18177914619446,-3.624587,
421,112.44196510314941,-2.0215716,
422,112.70176792144775,-3.0172946,
423,112.96124815940857,-2.385674,
424,113.22215366363525,-2.9321284,
425,113.48227453231812,-3.5950518,
426,113.74086427688599,-4.1869073,
427,114.00115060806274,-2.4866526,
428,114.2608699798584,-2.3489466,
429,114.52104306221008,-2.9720688,
430,114.78125238418579,-1.9457743,
431,115.04133200645447,-4.119889,
432,115.30110621452332,-2.7339342,
433,115.56071543693542,-2.5978808,
434,115.82066082954407,-1.9674886,
435,116.08071517944336,-3.4969673,
436,116.34092593193054,-3.3781238,
437,116.60020089149475,-1.9988471,
438,116.86094212532043,-2.2656534,
439,117.12129807472229,-1.9051746,
440,117.38028287887573,-1.9994577,
441,117.64049744606018,-3.3374696,
442,117.90036225318909,-3.8787656,
443,118.16040706634521,-3.162815,
444,118.42007279396057,-2.8954673,
445,118.68025708198547,-2.0414212,
446,118.9398717880249,-2.7857075,
447,119.19985866546631,-4.228553,
448,119.45953512191772,-2.9926085,
449,119.71959805488586,-2.3574736,
450,119.97938108444214,-2.7575724,
451,120.23949193954468,-2.0189266,
452,120.50077986717224,-2.0691993,
453,120.76073956489563,-2.855891,
454,121.01961016654968,-1.7013434,
455,121.27968955039978,-3.4445224,
456,121.53874158859253,-2.975521,
457,121.79928398132324,-1.9808799,
458,122.05892395973206,-1.3779818,
459,122.31861686706543,-2.376837,
460,122.57932877540588,-2.5517578,
461,122.83879780769348,-3.3013442,
462,123.0985209941864,-2.3781502,
463,123.35872220993042,-3.6621141,
464,123.61871528625488,-3.3035197,
465,123.8788857460022,-2.6351032,
466,124.13986039161682,-2.2574773,
467,124.39993810653687,-2.118363,
468,124.6587553024292,-2.8282628,
469,124.91901731491089,-3.4031081,
470,125.17824482917786,-2.336785,
471,125.43871450424194,-1.5618306,
472,125.69847679138184,-1.8718728,
473,125.95835185050964,-2.4933891,
474,126.21894145011902,-2.3421984,
475,126.47818756103516,-2.2532113,
476,126.73784112930298,-2.3905416,
477,126.99810457229614,-1.8535852,
478,127.25759673118591,-2.2511375,
479,127.51786136627197,-2.2118084,
480,127.77775073051453,-2.1170468,
481,128.03873205184937,-3.8870883,
482,128.29774737358093,-2.708734,
483,128.5578637123108,-2.320038,
484,128.817063331604,-2.0964832,
485,129.0769031047821,-1.9893717,
486,129.33689546585083,-4.015695,
487,129.5966818332672,-2.1767344,
488,129.85716938972473,-3.6415606,
489,130.1171851158142,-2.6246834,
490,130.3769407272339,-1.3379179,
491,130.63727617263794,-1.2865534,
492,130.89713168144226,-2.1055498,
493,131.15659046173096,-2.8442752,
494,131.41823410987854,-3.468909,
495,131.67767429351807,-1.9182304,
496,131.9369125366211,-1.2596798,
497,132.1968972682953,-2.6849713,
498,132.45545268058777,-2.068217,
499,132.71388912200928,-1.3551214,
500,133.13452243804932,-2.9129217,
501,133.396324634552,-1.5175931,
502,133.65481615066528,-1.6617773,
503,133.9148144721985,-2.9727225,
504,134.17505407333374,-3.0362644,
505,134.43552350997925,-1.8767774,
506,134.69510746002197,-1.7050552,
507,134.95675468444824,-2.9688785,
508,135.21615958213806,-2.9080544,
509,135.47554087638855,-1.6075081,
510,135.7354896068573,-3.4194243,
511,135.99492478370667,-3.3099072,
512,136.25450015068054,-1.7306468,
513,136.51470565795898,-3.0451992,
514,136.7749342918396,-2.6321294,
515,137.03433275222778,-3.4057488,
516,137.29454898834229,-3.4685075,
517,137.55400705337524,-2.919056,
518,137.814444065094,-2.323235,
519,138.07394886016846,-2.6754048,
520,138.3334767818451,-1.494132,
521,138.59493565559387,-3.8900442,
522,138.85538029670715,-3.879538,
523,139.1145098209381,-3.866847,
524,139.37409901618958,-1.7650381,
525,139.6339874267578,-2.3043168,
526,139.89389514923096,-2.6096206,
527,140.15340375900269,-1.47367,
528,140.41316723823547,-3.4480953,
529,140.67286729812622,-2.5582454,
530,140.93433046340942,-2.2216246,
531,141.1952188014984,-2.6182232,
532,141.45511865615845,-1.4633783,
533,141.71360063552856,-1.5620966,
534,141.97354197502136,-4.276299,
535,142.2359902858734,-1.7423425,
536,142.49422979354858,-2.8870003,
537,142.7539758682251,-1.5990648,
538,143.0144603252411,-2.7126749,
539,143.27445459365845,-3.499566,
540,143.53395295143127,-3.1929433,
541,143.7931513786316,-2.737403,
542,144.05396175384521,-1.7179623,
543,144.3138871192932,-2.3459287,
544,144.57304906845093,-1.593699,
545,144.83309960365295,-2.2799995,
546,145.0933723449707,-1.9080167,
547,145.3531014919281,-3.3920527,
548,145.61367201805115,-1.5363815,
549,145.87422609329224,-2.4846826,
550,146.13364481925964,-2.640294,
551,146.3926088809967,-3.7684422,
552,146.65219926834106,-2.8865757,
553,146.91290831565857,-3.5377245,
554,147.17338967323303,-1.4504869,
555,147.43222618103027,-3.1205573,
556,147.69209480285645,-2.9751954,
557,147.95238065719604,-2.1825829,
558,148.21268105506897,-2.8505113,
559,148.47199606895447,-1.7661374,
560,148.7323591709137,-2.051732,
561,148.99246549606323,-3.0692756,
562,149.25340151786804,-1.3771508,
563,149.51287841796875,-1.7315807,
564,149.77251958847046,-1.5207889,
565,150.0325117111206,-1.3549613,
566,150.29134464263916,-5.8551445,
567,150.55101585388184,-2.486767,
568,150.8112018108368,-1.3774295,
569,151.07126188278198,-1.2693164,
570,151.3309669494629,-2.3044477,
571,151.59091234207153,-2.2623045,
572,151.8515636920929,-4.5939746,
573,152.1118450164795,-2.8653703,
574,152.37067461013794,-1.9293501,
575,152.6310477256775,-2.1784234,
576,152.89265131950378,-2.320174,
577,153.1527590751648,-2.2989824,
578,153.4111499786377,-1.2823956,
579,153.6706418991089,-2.0156565,
580,153.9304757118225,-2.6793113,
581,154.1903293132782,-2.7136202,
582,154.4502670764923,-2.5931883,
583,154.7103943824768,-1.7639654,
584,154.97053360939026,-2.053781,
585,155.23027300834656,-1.5642776,
586,155.4900257587433,-1.3774669,
587,155.7503833770752,-1.9684141,
588,156.0102424621582,-3.090064,
589,156.27134704589844,-2.6423185,
590,156.5315306186676,-2.8939385,
591,156.7906618118286,-1.7056392,
592,157.04991912841797,-3.1000552,
593,157.30975699424744,-2.6566567,
594,157.56985187530518,-2.2961345,
595,157.82959938049316,-3.956057,
596,158.0894021987915,-2.169582,
597,158.34967494010925,-2.7986479,
598,158.6096227169037,-2.3778734,
599,158.86925792694092,-2.1795044,
600,159.2884383201599,-6.0912266,
601,159.54828524589539,-4.6083245,
602,159.80946111679077,-3.7551217,
603,160.06980681419373,-1.3067544,
604,160.32897472381592,-2.3509488,
605,160.588965177536,-1.5827117,
606,160.84874296188354,-1.9740559,
607,161.10836482048035,-1.7731862,
608,161.3690493106842,-2.3101869,
609,161.62835955619812,-5.0644927,
610,161.88861536979675,-2.3682842,
611,162.14923357963562,-2.2737842,
612,162.40872192382812,-2.1062768,
613,162.66863250732422,-2.1445074,
614,162.92859959602356,-3.3346186,
615,163.18836402893066,-1.8940284,
616,163.44944047927856,-3.8782172,
617,163.70894837379456,-3.4454093,
618,163.9685835838318,-1.7268547,
619,164.2284710407257,-2.2657022,
620,164.48844289779663,-3.907951,
621,164.74852657318115,-3.0373976,
622,165.00832056999207,-2.48323,
623,165.2680640220642,-1.5750674,
624,165.5278604030609,-2.3419924,
625,165.78797507286072,-2.590648,
626,166.0477259159088,-3.6424317,
627,166.3074700832367,-3.1676621,
628,166.56772685050964,-3.0988817,
629,166.82752418518066,-1.6860597,
630,167.08897304534912,-1.7405223,
631,167.34794735908508,-2.1425564,
632,167.6076090335846,-3.1624074,
633,167.86751127243042,-2.5745776,
634,168.12783455848694,-1.6142251,
635,168.386892080307,-1.8781974,
636,168.64716935157776,-2.1164534,
637,168.906555891037,-2.9945126,
638,169.1656608581543,-3.0484083,
639,169.42645835876465,-2.053,
640,169.6864881515503,-2.0466278,
641,169.94592213630676,-2.077625,
642,170.20686674118042,-2.4452257,
643,170.467209815979,-0.7326308,
644,170.72775864601135,-2.3163755,
645,170.9870891571045,-2.9431167,
646,171.24663519859314,-2.290059,
647,171.50632429122925,-3.3372612,
648,171.76569056510925,-2.8441074,
649,172.02609658241272,-3.121858,
650,172.28591108322144,-1.1193374,
651,172.54555678367615,-2.7529259,
652,172.80599570274353,-1.5335071,
653,173.0655586719513,-2.476769,
654,173.32542395591736,-2.9099069,
655,173.58573698997498,-2.050561,
656,173.84532928466797,-2.5336003,
657,174.10586762428284,-2.3433404,
658,174.3659312725067,-1.7936102,
659,174.62491416931152,-1.3564156,
660,174.8851191997528,-1.0944452,
661,175.14524269104004,-2.4773517,
662,175.40560388565063,-4.1842694,
663,175.6655716896057,-2.6109722,
664,175.92461848258972,-3.3712878,
665,176.18474984169006,-2.3828416,
666,176.44436836242676,-1.8604888,
667,176.70378398895264,-1.251156,
668,176.96451091766357,-4.651679,
669,177.2245011329651,-1.6206917,
670,177.48393940925598,-1.1058574,
671,177.74535846710205,-2.6624825,
672,178.0048725605011,-3.483611,
673,178.26366782188416,-1.7913682,
674,178.52424311637878,-2.291172,
675,178.78360080718994,-1.7425326,
676,179.04340291023254,-2.248623,
677,179.30390620231628,-2.4706466,
678,179.56396317481995,-1.494029,
679,179.82331132888794,-2.4873796,
680,180.0837378501892,-2.1901982,
681,180.34328150749207,-1.9375029,
682,180.60352182388306,-2.2031298,
683,180.86322784423828,-2.3363874,
684,181.12315726280212,-2.8748233,
685,181.38468265533447,-2.2621508,
686,181.644109249115,-2.8991432,
687,181.90350008010864,-1.1848261,
688,182.16331315040588,-1.4440315,
689,182.4230511188507,-3.1668186,
690,182.68330430984497,-2.5317721,
691,182.94316864013672,-2.039118,
692,183.2026641368866,-1.7738699,
693,183.4625368118286,-2.4371586,
694,183.72263550758362,-2.4635906,
695,183.98313665390015,-1.9340035,
696,184.24288511276245,-2.5933821,
697,184.50236225128174,-1.803518,
698,184.76351404190063,-1.815727,
699,185.02326655387878,-2.9235988,
700,185.44166922569275,-2.0841286,
701,185.70024585723877,-3.0892978,
702,185.96046495437622,-2.6852136,
703,186.220871925354,-2.710863,
704,186.48006629943848,-2.6036973,
705,186.74061942100525,-3.6203616,
706,187.00033402442932,-1.5615118,
707,187.2598431110382,-3.632381,
708,187.52025747299194,-3.1984684,
709,187.77952241897583,-2.7173293,
710,188.03965401649475,-1.8538926,
711,188.29936361312866,-3.0842547,
712,188.56023955345154,-2.59831,
713,188.81900644302368,-3.0107841,
714,189.0794448852539,-2.3006017,
715,189.33990931510925,-2.0026908,
716,189.59980177879333,-2.8163276,
717,189.8593955039978,-1.8341913,
718,190.11906552314758,-2.2872698,
719,190.378835439682,-3.769439,
720,190.63904428482056,-1.56035,
721,190.89856052398682,-2.7943268,
722,191.15893125534058,-2.0529919,
723,191.41826558113098,-3.0903635,
724,191.67892003059387,-2.2678504,
725,191.93837189674377,-1.6349072,
726,192.19981956481934,-1.425881,
727,192.459401845932,-3.0547676,
728,192.7185661792755,-2.5520432,
729,192.9784655570984,-2.0156007,
730,193.23761105537415,-1.5232695,
731,193.4978108406067,-2.2652762,
732,193.7576036453247,-1.9030824,
733,194.01821208000183,-1.6219913,
734,194.27792263031006,-2.46364,
735,194.5373251438141,-2.2220984,
736,194.79773259162903,-2.0430174,
737,195.05704259872437,-3.0477695,
738,195.31787610054016,-2.0415623,
739,195.5783715248108,-1.1388851,
740,195.83800649642944,-1.6032778,
741,196.09707641601562,-2.893438,
742,196.35724711418152,-3.4600434,
743,196.61707425117493,-2.1171458,
744,196.8766791820526,-3.0368404,
745,197.1369879245758,-1.0455158,
746,197.3967363834381,-2.4886355,
747,197.6564655303955,-1.9260019,
748,197.91636419296265,-2.211194,
749,198.17684316635132,-2.167213,
750,198.43624758720398,-1.5131755,
751,198.69625639915466,-2.0077858,
752,198.95686888694763,-2.179033,
753,199.21762919425964,-1.7924377,
754,199.4767026901245,-1.1143724,
755,199.73563528060913,-2.087804,
756,199.99628829956055,-2.262121,
757,200.25560879707336,-2.8216324,
758,200.5155792236328,-1.1477509,
759,200.7753427028656,-3.1748452,
760,201.03557682037354,-2.0525932,
761,201.2950417995453,-1.6293329,
762,201.55512261390686,-1.6049453,
763,201.81504607200623,-1.5555369,
764,202.07552695274353,-3.4963944,
765,202.3346757888794,-2.7434723,
766,202.59566736221313,-2.0631635,
767,202.85591864585876,-1.0461779,
768,203.1156861782074,-1.4234767,
769,203.37483620643616,-2.1588054,
770,203.63386988639832,-2.0231755,
771,203.8934051990509,-2.0167072,
772,204.15411233901978,-2.4139705,
773,204.41423845291138,-2.1782546,
774,204.6736295223236,-2.2925956,
775,204.93447875976562,-1.9228859,
776,205.19386339187622,-2.247049,
777,205.4559347629547,-3.9061162,
778,205.71508646011353,-5.023363,
779,205.97359108924866,-2.57028,
780,206.23340368270874,-2.078269,
781,206.49362111091614,-3.1045763,
782,206.75329637527466,-2.170492,
783,207.01276278495789,-4.6197586,
784,207.27228212356567,-2.8217063,
785,207.532954454422,-2.923307,
786,207.79333209991455,-2.9950614,
787,208.0540726184845,-1.5159405,
788,208.31333589553833,-1.208945,
789,208.57272267341614,-1.9898208,
790,208.83239793777466,-2.7654793,
791,209.09247088432312,-1.6926507,
792,209.35221123695374,-1.66135,
793,209.61140513420105,-3.3815966,
794,209.87213325500488,-1.9352447,
795,210.13233995437622,-3.6952205,
796,210.3942232131958,-2.7597442,
797,210.65335988998413,-1.4102955,
798,210.91254234313965,-2.5929823,
799,211.17156076431274,-2.2229629,
800,211.5901165008545,-3.0962858,
801,211.85008668899536,-2.760951,
802,212.11004066467285,-3.6917572,
803,212.37019205093384,-1.867522,
804,212.63087368011475,-2.1193805,
805,212.8923695087433,-1.9718406,
806,213.15102314949036,-1.9448785,
807,213.4111053943634,-2.805753,
808,213.670725107193,-2.872774,
809,213.9303286075592,-1.2244022,
810,214.19023203849792,-2.2122905,
811,214.44969940185547,-2.5278115,
812,214.70999789237976,-3.1632974,
813,214.96972036361694,-3.9901161,
814,215.23113107681274,-1.2867222,
815,215.49111604690552,-1.5428425,
816,215.74962782859802,-1.2395946,
817,216.00903058052063,-3.2114785,
818,216.26893401145935,-3.1697788,
819,216.52919220924377,-2.2341979,
820,216.78881740570068,-1.1121264,
821,217.04887437820435,-1.981678,
822,217.308922290802,-1.7090249,
823,217.56898260116577,-2.3072474,
824,217.83062720298767,-2.5708184,
825,218.08939480781555,-1.6183043,
826,218.34866333007812,-1.7394559,
827,218.60928416252136,-2.8799229,
828,218.86867880821228,-2.6464746,
829,219.1278955936432,-4.4502344,
830,219.3881561756134,-1.7931075,
831,219.64809560775757,-3.1492302,
832,219.9080035686493,-1.6068834,
833,220.16933870315552,-2.1562932,
834,220.42987704277039,-1.7200809,
835,220.68874168395996,-1.7043954,
836,220.9479956626892,-2.3189213,
837,221.20812511444092,-1.7312989,
838,221.46755838394165,-1.9261848,
839,221.7275562286377,-2.7789876,
840,221.98720264434814,-3.4312258,
841,222.24751091003418,-1.0973482,
842,222.50728344917297,-1.4874526,
843,222.76874494552612,-3.320253,
844,223.02859115600586,-2.0286236,
845,223.287672996521,-1.6425327,
846,223.5467827320099,-1.9141597,
847,223.80682611465454,-2.967979,
848,224.06735014915466,-1.2820417,
849,224.32659888267517,-0.77917665,
850,224.58668661117554,-2.361114,
851,224.84618520736694,-1.5595322,
852,225.10636496543884,-3.9964664,
853,225.36819577217102,-1.4569042,
854,225.62694144248962,-2.4340527,
855,225.88642621040344,-2.336739,
856,226.1458878517151,-2.5382586,
857,226.40604782104492,-2.0627036,
858,226.6658947467804,-1.734281,
859,226.925931930542,-2.0262375,
860,227.18599104881287,-1.4079428,
861,227.4460756778717,-3.7380877,
862,227.70625138282776,-3.0558276,
863,227.9678680896759,-2.6461098,
864,228.22684860229492,-1.2632532,
865,228.4858479499817,-3.0381052,
866,228.74547624588013,-3.159841,
867,229.00596523284912,-1.9292185,
868,229.2659206390381,-2.4470813,
869,229.52486991882324,-2.0977907,
870,229.78540134429932,-2.1028726,
871,230.04533338546753,-2.3861003,
872,230.30633187294006,-1.357041,
873,230.5667085647583,-2.135765,
874,230.82542490959167,-2.0350885,
875,231.08478498458862,-1.1674901,
876,231.34444069862366,-3.0505714,
877,231.60433793067932,-3.0800993,
878,231.86418056488037,-1.6242676,
879,232.1241226196289,-2.8213408,
880,232.38387513160706,-2.5636237,
881,232.64395332336426,-1.9646728,
882,232.90434908866882,-2.875012,
883,233.16564440727234,-4.022642,
884,233.42417287826538,-0.8530856,
885,233.68398809432983,-1.639897,
886,233.94406819343567,-2.8986835,
887,234.2035675048828,-2.1803029,
888,234.46352219581604,-2.8528783,
889,234.72320222854614,-3.9667773,
890,234.98332834243774,-5.462145,
891,235.24348545074463,-3.426738,
892,235.50450491905212,-1.4573857,
893,235.76484990119934,-1.9019493,
894,236.02334904670715,-2.6255026,
895,236.28286027908325,-3.1982346,
896,236.54300665855408,-2.4340093,
897,236.8029980659485,-2.9010577,
898,237.0625138282776,-2.8196676,
899,237.32239603996277,-3.0701098,
900,237.7413673400879,-1.4827975,
901,238.00394463539124,-3.4299216,
902,238.26462244987488,-3.0515468,
903,238.52383732795715,-3.1409965,
904,238.78311038017273,-2.3818016,
905,239.04225730895996,-3.135347,
906,239.30232882499695,-2.0873938,
907,239.56209015846252,-1.6924267,
908,239.8218424320221,-2.4087284,
909,240.0819320678711,-1.5052633,
910,240.34169363975525,-2.4516716,
911,240.60420203208923,-2.1221626,
912,240.86288690567017,-2.7919912,
913,241.12275648117065,-2.5802593,
914,241.38223719596863,-2.5470338,
915,241.64184379577637,-2.0773413,
916,241.90138053894043,-2.297982,
917,242.16112613677979,-1.5421448,
918,242.4214289188385,-1.2159606,
919,242.68091344833374,-2.5557613,
920,242.94265151023865,-2.394026,
921,243.20288014411926,-1.976341,
922,243.4610297679901,-1.0051895,
923,243.72094249725342,-3.3029335,
924,243.98086309432983,-2.0699117,
925,244.2410910129547,-1.7756374,
926,244.5004255771637,-3.7384813,
927,244.76028776168823,-3.0464027,
928,245.020254611969,-1.8844419,
929,245.28053545951843,-1.940282,
930,245.54279160499573,-1.8787978,
931,245.801819562912,-1.9303107,
932,246.06075406074524,-1.8309685,
933,246.31988334655762,-2.7490995,
934,246.58000445365906,-2.1495843,
935,246.84042239189148,-1.7005088,
936,247.0998945236206,-2.795371,
937,247.35985398292542,-2.3343487,
938,247.6197807788849,-2.6382103,
939,247.8813135623932,-2.0248723,
940,248.14127111434937,-2.0726664,
941,248.40003180503845,-2.2438202,
942,248.65904307365417,-3.224897,
943,248.91983127593994,-1.7472885,
944,249.17921137809753,-1.552964,
945,249.43925523757935,-1.6690857,
946,249.69957733154297,-2.058845,
947,249.95983719825745,-2.6278682,
948,250.2196798324585,-1.6491796,
949,250.47960376739502,-2.3117757,
950,250.73991298675537,-1.1248536,
951,251.00114130973816,-1.2965331,
952,251.2594292163849,-1.9689038,
953,251.51967930793762,-1.2620581,
954,251.77934098243713,-2.4181218,
955,252.03911066055298,-3.6012318,
956,252.29861569404602,-3.0203533,
957,252.55870366096497,-1.7885898,
958,252.81830286979675,-2.967617,
959,253.07824659347534,-1.563826,
960,253.33832383155823,-3.2816696,
961,253.59819412231445,-1.5054352,
962,253.85792446136475,-2.1442025,
963,254.1180546283722,-1.8214204,
964,254.37962937355042,-3.309937,
965,254.63974571228027,-1.1692768,
966,254.89861130714417,-2.9900265,
967,255.15845775604248,-2.0016296,
968,255.41806435585022,-1.9370599,
969,255.67739939689636,-1.8898652,
970,255.9375650882721,-1.1853269,
971,256.19714617729187,-3.9432125,
972,256.45710611343384,-2.0114622,
973,256.7168855667114,-2.1091342,
974,256.97929883003235,-1.4908586,
975,257.2393000125885,-1.9839493,
976,257.497722864151,-1.8793669,
977,257.75781893730164,-3.125763,
978,258.0189378261566,-1.7490996,
979,258.27802753448486,-1.4310384,
980,258.5372188091278,-2.70222,
981,258.7973599433899,-1.7635081,
982,259.0579113960266,-1.7322025,
983,259.3179349899292,-2.959971,
984,259.5775055885315,-3.2656312,
985,259.8369810581207,-1.1405834,
986,260.09810280799866,-1.8265395,
987,260.357693195343,-1.8059745,
988,260.61656641960144,-1.6625986,
989,260.8773217201233,-3.0582004,
990,261.13735604286194,-1.3120202,
991,261.3966808319092,-2.3597383,
992,261.6582465171814,-2.1473148,
993,261.91749382019043,-1.0596094,
994,262.1770522594452,-2.1784513,
995,262.43631863594055,-1.6508547,
996,262.6969108581543,-2.625532,
997,262.956552028656,-1.9894961,
998,263.2163128852844,-1.797993,
999,263.47581362724304,-1.4410803,
1000,263.8952331542969,-2.1221657,
1001,264.15501713752747,-1.4708782,
1002,264.4150540828705,-1.6143745,
1003,264.67548274993896,-3.2659855,
1004,264.9358639717102,-1.7151066,
1005,265.1972815990448,-3.0735168,
1006,265.4568564891815,-1.8217787,
1007,265.7164726257324,-1.3475934,
1008,265.97621989250183,-2.6308265,
1009,266.23571252822876,-1.6869195,
1010,266.49556255340576,-1.5804873,
1011,266.7553668022156,-2.1303303,
1012,267.01425409317017,-3.1351311,
1013,267.2750883102417,-2.1465175,
1014,267.5350775718689,-2.0569348,
1015,267.79473185539246,-2.0173647,
1016,268.054913520813,-2.005838,
1017,268.3143982887268,-3.4807568,
1018,268.57467675209045,-0.89440644,
1019,268.8357949256897,-3.2042909,
1020,269.09532022476196,-2.1924725,
1021,269.35520577430725,-2.244263,
1022,269.6147446632385,-2.3862033,
1023,269.8742814064026,-2.1591423,
1024,270.13403820991516,-3.7532206,
1025,270.3942804336548,-2.5524688,
1026,270.6545453071594,-2.2647827,
1027,270.91399574279785,-1.6341515,
1028,271.1741440296173,-1.6426736,
1029,271.4336111545563,-2.4010756,
1030,271.69393706321716,-2.9741995,
1031,271.9533245563507,-2.245717,
1032,272.2140736579895,-2.1292577,
1033,272.4749336242676,-1.5192618,
1034,272.7341663837433,-2.477128,
1035,272.9925057888031,-4.2408576,
1036,273.2529034614563,-1.7934507,
1037,273.51314425468445,-1.5256184,
1038,273.77355313301086,-1.7264805,
1039,274.0335965156555,-1.9645519,
1040,274.2926847934723,-4.2179317,
1041,274.5529148578644,-1.5905608,
1042,274.8129825592041,-1.3430123,
1043,275.0733368396759,-2.1480772,
1044,275.3328173160553,-1.2091726,
1045,275.5929353237152,-2.2985177,
1046,275.85409688949585,-0.77009976,
1047,276.1140601634979,-2.2133358,
1048,276.3727569580078,-1.9556667,
1049,276.63259840011597,-3.6350386,
1050,276.8919072151184,-2.9366636,
1051,277.1527450084686,-2.6205597,
1052,277.4120616912842,-1.8608727,
1053,277.67193841934204,-2.0721886,
1054,277.9316301345825,-2.770134,
1055,278.191917181015,-1.2922095,
1056,278.4520220756531,-1.817444,
1057,278.7113211154938,-3.1161177,
1058,278.9717311859131,-1.6842217,
1059,279.23223972320557,-1.0899618,
1060,279.49270510673523,-1.2754579,
1061,279.7515001296997,-2.1175146,
1062,280.01116394996643,-2.1475492,
1063,280.27090191841125,-2.490936,
1064,280.5311276912689,-3.0165567,
1065,280.7914562225342,-1.7214885,
1066,281.05079221725464,-2.0510492,
1067,281.3113648891449,-2.208888,
1068,281.57060503959656,-1.9497299,
1069,281.8310580253601,-3.4614923,
1070,282.0906367301941,-1.9315562,
1071,282.3510813713074,-2.6758041,
1072,282.61038732528687,-1.0399513,
1073,282.87155747413635,-2.5455985,
1074,283.1314821243286,-1.454214,
1075,283.39015436172485,-2.2095475,
1076,283.65015959739685,-1.1098787,
1077,283.91054248809814,-3.8028543,
1078,284.1702148914337,-2.778658,
1079,284.42996644973755,-3.5366178,
1080,284.6900556087494,-1.0305092,
1081,284.94996428489685,-2.4104793,
1082,285.20981335639954,-1.4218483,
1083,285.4696488380432,-1.6555986,
1084,285.72960901260376,-1.1406533,
1085,285.9898521900177,-2.1193166,
1086,286.2495801448822,-1.8270259,
1087,286.51086044311523,-3.0513217,
1088,286.77036237716675,-1.4245889,
1089,287.0295641422272,-3.27064,
1090,287.28864192962646,-2.6702704,
1091,287.54935479164124,-1.6424576,
1092,287.8095529079437,-1.1691682,
1093,288.06909823417664,-4.505627,
1094,288.32896757125854,-2.4004307,
1095,288.58856987953186,-1.8458765,
1096,288.84903025627136,-1.8143885,
1097,289.10861706733704,-1.4190404,
1098,289.36866784095764,-1.9269061,
1099,289.628653049469,-3.88295,
1100,290.0484068393707,-3.1867328,
1101,290.30711913108826,-1.455714,
1102,290.5675482749939,-3.0258126,
1103,290.82693433761597,-3.0658324,
1104,291.0872905254364,-1.8049264,
1105,291.3471894264221,-3.9507556,
1106,291.6072402000427,-1.5338049,
1107,291.86649322509766,-1.8388797,
1108,292.12665843963623,-3.3390236,
1109,292.3868658542633,-2.0505435,
1110,292.647109746933,-1.5195727,
1111,292.9067578315735,-1.8343518,
1112,293.1664044857025,-2.2102792,
1113,293.42748522758484,-1.0065694,
1114,293.6872160434723,-3.0929203,
1115,293.9459156990051,-2.8290725,
1116,294.20580196380615,-1.4156193,
1117,294.4665024280548,-1.5414536,
1118,294.726265668869,-1.4363499,
1119,294.98622584342957,-2.6857903,
1120,295.2455544471741,-2.8970723,
1121,295.5057520866394,-2.0718007,
1122,295.765527009964,-1.8386865,
1123,296.02570819854736,-2.1815586,
1124,296.28584146499634,-1.5105972,
1125,296.54558968544006,-1.9803083,
1126,296.80513048171997,-2.5655224,
1127,297.06648445129395,-2.4224088,
1128,297.3263211250305,-2.274147,
1129,297.58559679985046,-3.1915371,
1130,297.8455798625946,-2.180329,
1131,298.105571269989,-2.5472693,
1132,298.36549067497253,-1.2432283,
1133,298.62540793418884,-2.4486325,
1134,298.8846559524536,-1.6079857,
1135,299.1446967124939,-2.710472,
1136,299.40414547920227,-2.162452,
1137,299.6646602153778,-2.7163389,
1138,299.9241187572479,-2.063218,
1139,300.1846492290497,-2.2401578,
1140,300.444947719574,-2.0750866,
1141,300.70562052726746,-1.6515785,
1142,300.9656584262848,-1.4835792,
1143,301.2253448963165,-3.7083607,
1144,301.4847023487091,-2.2546473,
1145,301.74428057670593,-2.892511,
1146,302.0041604042053,-1.983126,
1147,302.2644226551056,-2.9880672,
1148,302.5240969657898,-2.0385258,
1149,302.78376722335815,-1.5085183,
1150,303.04369831085205,-2.020175,
1151,303.3031153678894,-1.8825995,
1152,303.563241481781,-4.4192023,
1153,303.8238477706909,-1.1032983,
1154,304.0839719772339,-3.3007996,
1155,304.34470438957214,-2.67475,
1156,304.60430669784546,-1.6918843,
1157,304.86354541778564,-1.8200488,
1158,305.1234505176544,-2.745449,
1159,305.38315415382385,-1.8142581,
1160,305.6437759399414,-1.5109522,
1161,305.90316128730774,-2.2501748,
1162,306.16285610198975,-1.7239854,
1163,306.42269349098206,-4.5914226,
1164,306.6828935146332,-1.592344,
1165,306.9422550201416,-0.9070544,
1166,307.2022078037262,-1.7147961,
1167,307.4619290828705,-3.593181,
1168,307.7223813533783,-1.8602147,
1169,307.98352003097534,-1.286021,
1170,308.2422914505005,-2.4187648,
1171,308.50163173675537,-3.1129947,
1172,308.76099705696106,-3.4669213,
1173,309.02121758461,-3.1170018,
1174,309.2817373275757,-1.7573036,
1175,309.5412218570709,-1.410987,
1176,309.8005049228668,-1.8133384,
1177,310.06096601486206,-2.3723326,
1178,310.3214044570923,-3.5744545,
1179,310.58066058158875,-2.6036015,
1180,310.84106826782227,-1.711796,
1181,311.1008970737457,-1.3152903,
1182,311.36113810539246,-1.8203232,
1183,311.6225264072418,-2.5654202,
1184,311.8815350532532,-3.6057296,
1185,312.14088773727417,-1.2720456,
1186,312.4008820056915,-2.2132323,
1187,312.6604964733124,-3.932316,
1188,312.9208815097809,-2.7759664,
1189,313.1803572177887,-1.3129752,
1190,313.44026255607605,-1.7803043,
1191,313.70067167282104,-1.44966,
1192,313.96046471595764,-1.2380751,
1193,314.2205421924591,-3.0874987,
1194,314.4800190925598,-3.4018428,
1195,314.7401649951935,-2.4718018,
1196,315.0014820098877,-1.5561355,
1197,315.261177778244,-3.348017,
1198,315.52038192749023,-2.4163866,
1199,315.7799825668335,-2.242996,
1200,316.2006015777588,-2.2977238,
1201,316.46192717552185,-1.5420434,
1202,316.7222969532013,-1.613786,
1203,316.9830319881439,-2.8208055,
1204,317.2431309223175,-3.2417488,
1205,317.50230646133423,-2.5583644,
1206,317.762145280838,-3.1604776,
1207,318.0215983390808,-1.590745,
1208,318.28205490112305,-3.1145654,
1209,318.54323530197144,-1.7873122,
1210,318.8021430969238,-2.0654864,
1211,319.06361865997314,-2.2926188,
1212,319.321825504303,-3.9050732,
1213,319.58260202407837,-2.7748187,
1214,319.8424005508423,-1.7704377,
1215,320.10227155685425,-0.95536435,
1216,320.36214303970337,-1.0545043,
1217,320.6215398311615,-2.4053059,
1218,320.88228702545166,-1.6345657,
1219,321.14142990112305,-1.9586896,
1220,321.4014883041382,-0.35417834,
1221,321.6614670753479,-2.1826265,
1222,321.92233395576477,-1.9140084,
1223,322.1821699142456,-3.0210385,
1224,322.4416763782501,-2.847086,
1225,322.7021412849426,-1.9766345,
1226,322.9611964225769,-1.559028,
1227,323.221391916275,-1.7867227,
1228,323.4808979034424,-2.6766996,
1229,323.7408516407013,-1.7497222,
1230,324.00137853622437,-2.4904537,
1231,324.2607159614563,-4.22399,
1232,324.52124071121216,-2.019083,
1233,324.7805218696594,-2.0109587,
1234,325.0410487651825,-1.7280607,
1235,325.30072832107544,-2.6415744,
1236,325.56150674819946,-2.6806521,
1237,325.8209013938904,-1.83083,
1238,326.08001375198364,-2.694892,
1239,326.3404858112335,-2.175419,
1240,326.6000134944916,-2.763759,
1241,326.8602294921875,-3.0027704,
1242,327.1199414730072,-2.7038126,
1243,327.3792223930359,-1.8783609,
1244,327.6401255130768,-2.964381,
1245,327.89946937561035,-1.8177401,
1246,328.1599063873291,-2.0839114,
1247,328.41983699798584,-1.4251375,
1248,328.6792709827423,-1.7067697,
1249,328.94095635414124,-2.275519,
1250,329.20037508010864,-3.2708218,
1251,329.45998668670654,-1.744847,
1252,329.7193479537964,-1.0163685,
1253,329.97960114479065,-1.8259281,
1254,330.239422082901,-2.2391949,
1255,330.49845147132874,-1.5514708,
1256,330.7586853504181,-2.745538,
1257,331.0183017253876,-1.7536113,
1258,331.27811098098755,-4.6864567,
1259,331.53841066360474,-2.867273,
1260,331.7978401184082,-1.8090706,
1261,332.0583736896515,-3.0773818,
1262,332.31944394111633,-1.2350249,
1263,332.57893085479736,-1.6459734,
1264,332.83771419525146,-0.8373263,
1265,333.09845185279846,-1.920356,
1266,333.3573980331421,-1.5935733,
1267,333.6177089214325,-3.7417154,
1268,333.8774185180664,-2.0881667,
1269,334.1376929283142,-1.6822762,
1270,334.3975296020508,-2.613612,
1271,334.65778970718384,-1.7072362,
1272,334.9172930717468,-2.3197315,
1273,335.1781733036041,-4.3626556,
1274,335.43710827827454,-1.9407588,
1275,335.69734239578247,-3.0190568,
1276,335.9583578109741,-2.326199,
1277,336.2174987792969,-2.0394568,
1278,336.47704100608826,-1.938324,
1279,336.73648977279663,-3.6179233,
1280,336.9962749481201,-1.1358368,
1281,337.25664043426514,-1.566919,
1282,337.51713728904724,-2.5350785,
1283,337.7762289047241,-1.8992848,
1284,338.03624868392944,-2.3225045,
1285,338.29621720314026,-2.0943513,
1286,338.55636978149414,-3.028524,
1287,338.8157904148102,-2.7014499,
1288,339.07562804222107,-2.8603425,
1289,339.33668875694275,-1.8565434,
1290,339.59716868400574,-1.7653645,
1291,339.85618257522583,-2.0023332,
1292,340.1163115501404,-2.4433768,
1293,340.37557721138,-1.9697918,
1294,340.63581466674805,-2.1502585,
1295,340.8961486816406,-2.3429453,
1296,341.15547466278076,-1.6854997,
1297,341.41508436203003,-2.5457401,
1298,341.67527413368225,-1.8877221,
1299,341.93443727493286,-2.0445082,
1300,342.3523049354553,-1.9780087,
1301,342.6105258464813,-2.8507242,
1302,342.8717396259308,-2.931572,
1303,343.1304817199707,-1.4895526,
1304,343.39057087898254,-2.2979984,
1305,343.6502664089203,-1.7203988,
1306,343.9093611240387,-2.188329,
1307,344.16918992996216,-3.0189052,
1308,344.42900943756104,-1.2401168,
1309,344.6897165775299,-2.2244,
1310,344.94939708709717,-1.9014388,
1311,345.2093892097473,-2.50979,
1312,345.46981859207153,-3.2937322,
1313,345.72934913635254,-1.0098978,
1314,345.98901176452637,-1.8102756,
1315,346.2503938674927,-2.6703973,
1316,346.50997734069824,-2.463052,
1317,346.7687532901764,-1.5268284,
1318,347.0291848182678,-2.408095,
1319,347.2886109352112,-1.3731023,
1320,347.54834604263306,-1.7393488,
1321,347.80803298950195,-2.7002234,
1322,348.06906509399414,-2.8807888,
1323,348.3287675380707,-2.1359155,
1324,348.5882890224457,-2.3332427,
1325,348.84887766838074,-2.4657798,
1326,349.10805201530457,-2.167795,
1327,349.3680257797241,-2.3613815,
1328,349.62929034233093,-1.6121716,
1329,349.8892424106598,-2.9194927,
1330,350.14889001846313,-3.094155,
1331,350.40872049331665,-1.9392163,
1332,350.66795802116394,-2.3335245,
1333,350.9279866218567,-1.9262352,
1334,351.1878957748413,-2.334556,
1335,351.44735980033875,-1.8833295,
1336,351.70769906044006,-2.6794624,
1337,351.96757435798645,-1.9497244,
1338,352.2271149158478,-0.9741285,
1339,352.48710441589355,-1.9136175,
1340,352.747186422348,-1.6878834,
1341,353.00764751434326,-1.8268436,
1342,353.2688715457916,-2.6640797,
1343,353.52827525138855,-2.6105924,
1344,353.78723549842834,-1.458058,
1345,354.04735040664673,-1.9024256,
1346,354.3066747188568,-2.1744769,
1347,354.56693863868713,-1.3121669,
1348,354.82669615745544,-2.065017,
1349,355.0865354537964,-0.9607767,
1350,355.345822095871,-1.8434985,
1351,355.60638213157654,-1.4500029,
1352,355.8661136627197,-0.95005715,
1353,356.1256296634674,-0.91407335,
1354,356.38562202453613,-1.2181995,
1355,356.6463031768799,-1.8262725,
1356,356.90713477134705,-2.4526043,
1357,357.1659655570984,-1.3903697,
1358,357.425678730011,-2.7911932,
1359,357.6855220794678,-1.4981401,
1360,357.9450297355652,-2.1502755,
1361,358.2052438259125,-1.9549052,
1362,358.46600317955017,-2.2170956,
1363,358.72570157051086,-0.9353312,
1364,358.9850776195526,-2.8113816,
1365,359.2449460029602,-2.9152055,
1366,359.5047881603241,-2.1185424,
1367,359.76486325263977,-3.6162663,
1368,360.0250325202942,-1.616977,
1369,360.28649377822876,-1.4249774,
1370,360.5462100505829,-3.7752547,
1371,360.8051755428314,-2.833928,
1372,361.0648674964905,-1.9747802,
1373,361.32450890541077,-1.8414001,
1374,361.5844233036041,-3.1828053,
1375,361.84424662590027,-1.4669584,
1376,362.1043276786804,-2.042634,
1377,362.36389565467834,-1.8372573,
1378,362.62375259399414,-1.8929868,
1379,362.88385558128357,-2.10842,
1380,363.1436870098114,-0.9222608,
1381,363.40358567237854,-2.0272117,
1382,363.6639792919159,-2.3668938,
1383,363.9252486228943,-2.9252293,
1384,364.18476843833923,-1.2664614,
1385,364.44367003440857,-2.074378,
1386,364.7038049697876,-2.7004337,
1387,364.963191986084,-2.0783658,
1388,365.2236168384552,-2.6877255,
1389,365.48339080810547,-1.8570023,
1390,365.7431585788727,-1.8403922,
1391,366.0033655166626,-1.7258327,
1392,366.2632305622101,-2.00504,
1393,366.5228364467621,-1.5830764,
1394,366.78319001197815,-2.3588748,
1395,367.0430908203125,-2.0221157,
1396,367.3038444519043,-1.8663573,
1397,367.564412355423,-1.8937738,
1398,367.8232419490814,-1.7789137,
1399,368.08251333236694,-2.6913521,
1400,368.50154304504395,-1.9530656,
1401,368.7624852657318,-0.98358595,
1402,369.02307510375977,-1.7157272,
1403,369.28345489501953,-2.1666672,
1404,369.543354511261,-2.2617915,
1405,369.80322003364563,-2.1047869,
1406,370.0632276535034,-3.2455359,
1407,370.32305669784546,-2.7448413,
1408,370.5826144218445,-2.1804724,
1409,370.84398555755615,-2.63973,
1410,371.1037771701813,-1.3498285,
1411,371.3624737262726,-1.1595268,
1412,371.6226603984833,-0.6606021,
1413,371.8823857307434,-2.408567,
1414,372.1421983242035,-1.3436713,
1415,372.40253233909607,-3.6570277,
1416,372.6623773574829,-1.4704715,
1417,372.92169284820557,-1.9697187,
1418,373.1821799278259,-1.408284,
1419,373.4419026374817,-3.0659547,
1420,373.70170187950134,-3.9657433,
1421,373.96151995658875,-3.8006215,
1422,374.22268319129944,-1.8715553,
1423,374.4829692840576,-1.7436334,
1424,374.74181723594666,-1.869798,
1425,375.0012798309326,-2.3034616,
1426,375.26203060150146,-2.506081,
1427,375.52136397361755,-3.078764,
1428,375.78093814849854,-2.074057,
1429,376.0408453941345,-2.4130397,
1430,376.3009674549103,-2.2096186,
1431,376.56042289733887,-2.4241004,
1432,376.8213436603546,-0.9491453,
1433,377.08122301101685,-1.2314717,
1434,377.3411250114441,-1.3567351,
1435,377.60048270225525,-1.9633076,
1436,377.8619792461395,-2.1122177,
1437,378.1218156814575,-2.7331285,
1438,378.3811032772064,-2.4233863,
1439,378.64045786857605,-2.4198937,
1440,378.9005334377289,-2.1141603,
1441,379.1600890159607,-1.9741051,
1442,379.4202320575714,-2.1677632,
1443,379.68013763427734,-1.9692559,
1444,379.9403533935547,-2.3706944,
1445,380.19986176490784,-1.9530923,
1446,380.46030831336975,-2.904892,
1447,380.71964716911316,-2.4677632,
1448,380.98001194000244,-1.9432747,
1449,381.2393298149109,-2.3139043,
1450,381.5010030269623,-1.3091282,
1451,381.76063799858093,-2.7437274,
1452,382.0192768573761,-2.8722637,
1453,382.2788622379303,-1.1018676,
1454,382.5390667915344,-2.4671004,
1455,382.7990629673004,-2.7674148,
1456,383.05893778800964,-2.6848617,
1457,383.3188006877899,-2.203015,
1458,383.57915139198303,-1.5985951,
1459,383.8391065597534,-1.6548991,
1460,384.09863543510437,-1.9200506,
1461,384.3583447933197,-2.9921443,
1462,384.61843061447144,-2.2132323,
1463,384.8785090446472,-4.194222,
1464,385.1397750377655,-2.3113055,
1465,385.39888858795166,-3.1510453,
1466,385.6579976081848,-2.1240044,
1467,385.91740012168884,-1.5003144,
1468,386.177472114563,-2.2317138,
1469,386.4374694824219,-3.5058084,
1470,386.69745540618896,-2.7283287,
1471,386.95928025245667,-2.5604682,
1472,387.21966314315796,-3.0584993,
1473,387.47824907302856,-1.8838419,
1474,387.7377245426178,-1.4161232,
1475,387.9970510005951,-2.0940168,
1476,388.25819969177246,-2.7088435,
1477,388.5178472995758,-2.5836911,
1478,388.77882194519043,-2.6562395,
1479,389.03862023353577,-2.0307827,
1480,389.29837131500244,-2.0038466,
1481,389.5576901435852,-1.8343267,
1482,389.81732630729675,-1.2742077,
1483,390.0777745246887,-2.1297321,
1484,390.3378839492798,-2.8666415,
1485,390.5971541404724,-3.9915812,
1486,390.8578748703003,-1.3478854,
1487,391.11755442619324,-1.8215983,
1488,391.37701892852783,-1.6566668,
1489,391.6368658542633,-1.9817127,
1490,391.8971426486969,-1.5912156,
1491,392.1582386493683,-1.2943885,
1492,392.41754150390625,-3.5301247,
1493,392.67749786376953,-3.8685498,
1494,392.93726325035095,-2.702182,
1495,393.1958119869232,-1.8352551,
1496,393.4566090106964,-2.3679209,
1497,393.7166724205017,-2.4182615,
1498,393.97621297836304,-2.2894447,
1499,394.2362985610962,-2.0095417,
1500,394.6567122936249,-2.3518088,
1501,394.9167146682739,-3.398037,
1502,395.17773151397705,-1.8049966,
1503,395.438205242157,-2.2964284,
1504,395.69873905181885,-1.6994705,
1505,395.95924162864685,-1.62135,
1506,396.21856808662415,-1.6222645,
1507,396.4784870147705,-2.7260525,
1508,396.7373785972595,-2.2297657,
1509,396.9977924823761,-2.1102703,
1510,397.2581877708435,-3.912853,
1511,397.5171959400177,-2.2464583,
1512,397.7766377925873,-2.4231408,
1513,398.03735852241516,-1.8870915,
1514,398.29719042778015,-0.7450151,
1515,398.5572566986084,-1.0535251,
1516,398.8168444633484,-1.7251471,
1517,399.0772740840912,-2.7965817,
1518,399.3385441303253,-1.9477317,
1519,399.59770488739014,-1.7390757,
1520,399.85684275627136,-1.9066924,
1521,400.1170561313629,-1.9010874,
1522,400.37685441970825,-1.6651261,
1523,400.63627004623413,-2.655058,
1524,400.89585876464844,-3.4045315,
1525,401.15654373168945,-2.4201875,
1526,401.41640043258667,-2.2267566,
1527,401.6755349636078,-2.7811885,
1528,401.93598890304565,-2.2750597,
1529,402.1960823535919,-3.0265357,
1530,402.45618319511414,-2.6779284,
1531,402.71641302108765,-1.2555075,
1532,402.97671842575073,-2.422214,
1533,403.2359802722931,-3.1713877,
1534,403.49563241004944,-1.7911754,
1535,403.7550573348999,-1.0949111,
1536,404.0148856639862,-2.0622158,
1537,404.275269985199,-2.9778361,
1538,404.5348720550537,-2.4491491,
1539,404.79469776153564,-3.5868633,
1540,405.0551280975342,-1.5461338,
1541,405.31549406051636,-3.148609,
1542,405.5748014450073,-1.4742502,
1543,405.83500957489014,-2.5407538,
1544,406.09496450424194,-2.4842045,
1545,406.35644364356995,-2.9278455,
1546,406.61549139022827,-2.6463497,
1547,406.87547421455383,-2.2635434,
1548,407.1350417137146,-2.2528806,
1549,407.3942036628723,-1.2514304,
1550,407.65414690971375,-2.0150816,
1551,407.91447281837463,-2.0692444,
1552,408.17441391944885,-2.0034242,
1553,408.4336760044098,-2.1567802,
1554,408.69388365745544,-1.6877712,
1555,408.95432209968567,-1.4189947,
1556,409.21389079093933,-0.8976234,
1557,409.47350025177,-1.7199391,
1558,409.7334883213043,-1.9557693,
1559,409.99458265304565,-2.4108324,
1560,410.25454354286194,-1.3010693,
1561,410.51366424560547,-1.6244413,
1562,410.7739882469177,-2.3012033,
1563,411.03357124328613,-2.5663252,
1564,411.29312539100647,-2.3916776,
1565,411.5528733730316,-0.9867678,
1566,411.813268661499,-1.6068922,
1567,412.0729913711548,-0.97465706,
1568,412.3328263759613,-3.4995387,
1569,412.59311985969543,-2.5184646,
1570,412.85275983810425,-2.4602804,
1571,413.1128523349762,-1.8929415,
1572,413.3726270198822,-1.9712648,
1573,413.6335048675537,-1.3525594,
1574,413.8930082321167,-1.6149572,
1575,414.1524832248688,-2.9743404,
1576,414.4125978946686,-2.1921582,
1577,414.67157340049744,-3.1644907,
1578,414.93176102638245,-2.54545,
1579,415.19220662117004,-2.3101733,
1580,415.45195722579956,-2.2571254,
1581,415.7113621234894,-3.2403913,
1582,415.9714961051941,-1.2586031,
1583,416.2319486141205,-1.5268347,
1584,416.49137568473816,-1.9854194,
1585,416.7515912055969,-2.4734156,
1586,417.01159405708313,-3.7838573,
1587,417.2730305194855,-2.614158,
1588,417.53240633010864,-1.4973307,
1589,417.7913808822632,-2.6516635,
1590,418.05145049095154,-1.6278162,
1591,418.31087589263916,-1.2787211,
1592,418.57037687301636,-1.7120392,
1593,418.83057260513306,-2.4372184,
1594,419.09081959724426,-2.2154055,
1595,419.3505895137787,-1.6612395,
1596,419.60983777046204,-1.2983396,
1597,419.8706991672516,-1.8387166,
1598,420.1304340362549,-0.9527262,
1599,420.3904695510864,-3.1534991,
1600,420.81045508384705,-1.5670929,
1601,421.06982350349426,-3.5400417,
1602,421.3290767669678,-1.6316845,
1603,421.5884745121002,-1.9576755,
1604,421.84844636917114,-2.4797459,
1605,422.10856199264526,-2.7677798,
1606,422.3685073852539,-3.0230603,
1607,422.6277701854706,-2.4338722,
1608,422.8882043361664,-1.5599678,
1609,423.1484327316284,-3.5003967,
1610,423.4083020687103,-2.7110558,
1611,423.66739654541016,-2.0637665,
1612,423.92757534980774,-1.55885,
1613,424.1878979206085,-1.7688229,
1614,424.44882321357727,-3.3474646,
1615,424.7087230682373,-2.4600253,
1616,424.9680333137512,-2.1158123,
1617,425.2283384799957,-1.9244579,
1618,425.48786306381226,-2.9879405,
1619,425.7474660873413,-2.930928,
1620,426.0068550109863,-1.1104783,
1621,426.2673149108887,-0.98774683,
1622,426.52660489082336,-2.375671,
1623,426.78660678863525,-2.2863874,
1624,427.0459804534912,-2.3829865,
1625,427.3070375919342,-3.2315912,
1626,427.56648874282837,-2.772101,
1627,427.826167345047,-1.6689355,
1628,428.08757400512695,-2.886591,
1629,428.3478753566742,-2.6328123,
1630,428.6067852973938,-1.8129752,
1631,428.8662123680115,-1.7387222,
1632,429.1265232563019,-1.645158,
1633,429.3867018222809,-1.700071,
1634,429.6459197998047,-1.7815969,
1635,429.9059491157532,-1.9569204,
1636,430.1654450893402,-1.9489435,
1637,430.42597246170044,-1.7223041,
1638,430.68582820892334,-1.8755823,
1639,430.94608879089355,-1.8443985,
1640,431.2058901786804,-2.7477875,
1641,431.4660813808441,-4.0788155,
1642,431.726530790329,-1.3213507,
1643,431.9860427379608,-2.4436157,
1644,432.2453360557556,-2.5579882,
1645,432.50509667396545,-3.2723885,
1646,432.76501846313477,-1.6711448,
1647,433.02507305145264,-1.0627711,
1648,433.28454208374023,-1.8272246,
1649,433.54526829719543,-1.9852772,
1650,433.8047170639038,-3.136477,
1651,434.06509160995483,-4.689735,
1652,434.3249206542969,-2.4074652,
1653,434.58449721336365,-2.0765293,
1654,434.8438744544983,-2.412275,
1655,435.1049540042877,-2.5561218,
1656,435.3653972148895,-3.354354,
1657,435.6250047683716,-2.3285055,
1658,435.8845100402832,-1.8945678,
1659,436.1447420120239,-2.029163,
1660,436.40489745140076,-1.3170247,
1661,436.66445875167847,-3.2851007,
1662,436.9242103099823,-2.2927089,
1663,437.1837775707245,-1.3905547,
1664,437.4439299106598,-2.418241,
1665,437.7031903266907,-2.9186056,
1666,437.96364855766296,-1.3416607,
1667,438.222913980484,-1.1115093,
1668,438.4837312698364,-1.8041697,
1669,438.7430076599121,-2.3995109,
1670,439.0044560432434,-1.7485976,
1671,439.2643964290619,-1.7322912,
1672,439.5244040489197,-2.4443111,
1673,439.78332901000977,-2.368992,
1674,440.04324889183044,-1.5488551,
1675,440.30281496047974,-1.4885167,
1676,440.56326818466187,-1.9040023,
1677,440.8225009441376,-1.8266988,
1678,441.0824866294861,-1.3419144,
1679,441.3428428173065,-2.5791197,
1680,441.6033573150635,-2.2487562,
1681,441.8631434440613,-1.2966495,
1682,442.1223018169403,-3.1826987,
1683,442.3830621242523,-2.7757642,
1684,442.6437816619873,-1.6978893,
1685,442.9024565219879,-2.1105204,
1686,443.16249680519104,-3.505277,
1687,443.42232275009155,-2.5149713,
1688,443.68233728408813,-1.8164576,
1689,443.9416162967682,-2.052082,
1690,444.20136046409607,-3.4223876,
1691,444.4618561267853,-2.5093353,
1692,444.7216145992279,-1.4638453,
1693,444.980708360672,-1.6332927,
1694,445.24034810066223,-1.4650109,
1695,445.5006263256073,-1.5325292,
1696,445.76103353500366,-1.4494888,
1697,446.0218322277069,-1.8230637,
1698,446.28154134750366,-2.5605354,
1699,446.54204392433167,-2.8024013,
1700,446.9614462852478,-3.2393856,
1701,447.2206828594208,-1.3601575,
1702,447.48146986961365,-1.6508822,
1703,447.74143075942993,-1.0665145,
1704,448.00176191329956,-3.3105664,
1705,448.261132478714,-1.7719698,
1706,448.5220036506653,-1.7712555,
1707,448.7813289165497,-1.316653,
1708,449.0419952869415,-2.7390602,
1709,449.3011963367462,-1.922166,
1710,449.5627682209015,-2.353077,
1711,449.82122230529785,-2.1109672,
1712,450.0810842514038,-2.1664555,
1713,450.34073758125305,-0.82163215,
1714,450.60070157051086,-2.8406596,
1715,450.8608458042145,-2.202931,
1716,451.12129187583923,-1.4898024,
1717,451.3811023235321,-2.3512094,
1718,451.6407549381256,-1.32614,
1719,451.9009835720062,-2.4978895,
1720,452.16043400764465,-2.5127857,
1721,452.4204993247986,-2.5301423,
1722,452.679806470871,-0.9728879,
1723,452.9410274028778,-1.1946919,
1724,453.201180934906,-2.0022666,
1725,453.46074509620667,-1.3269382,
1726,453.719838142395,-1.8809807,
1727,453.9803056716919,-1.2443116,
1728,454.23949360847473,-1.1850435,
1729,454.4995656013489,-3.0985737,
1730,454.75934767723083,-1.5655286,
1731,455.01971197128296,-2.1399088,
1732,455.2793917655945,-1.4321878,
1733,455.53984689712524,-1.7306042,
1734,455.79969930648804,-2.6527228,
1735,456.0593137741089,-1.2596233,
1736,456.32046389579773,-1.8404138,
1737,456.57979249954224,-2.195683,
1738,456.8392949104309,-2.6590834,
1739,457.0990228652954,-3.317353,
1740,457.35891366004944,-1.7391709,
1741,457.61881709098816,-2.835378,
1742,457.8787353038788,-1.1986082,
1743,458.13851857185364,-1.5166464,
1744,458.3986632823944,-3.2110162,
1745,458.6581575870514,-2.7558737,
1746,458.918039560318,-1.943506,
1747,459.1783721446991,-2.8129416,
1748,459.43773674964905,-2.6899192,
1749,459.6978394985199,-2.8615904,
1750,459.9593036174774,-3.4041312,
1751,460.218950510025,-2.0443885,
1752,460.4779336452484,-2.0227966,
1753,460.7374167442322,-2.2174869,
1754,460.99729108810425,-1.8045347,
1755,461.2571551799774,-2.126213,
1756,461.5170397758484,-2.135435,
1757,461.7777142524719,-1.5256622,
1758,462.03751707077026,-3.566763,
1759,462.29711413383484,-1.6483569,
1760,462.5575671195984,-5.120103,
1761,462.81694531440735,-2.7307203,
1762,463.0766294002533,-1.8387822,
1763,463.33657693862915,-2.3155794,
1764,463.5984261035919,-1.9931082,
1765,463.8582170009613,-2.697404,
1766,464.11740374565125,-1.4719986,
1767,464.37762451171875,-2.3532157,
1768,464.6369514465332,-1.252444,
1769,464.89633774757385,-2.3380084,
1770,465.15628480911255,-2.7282827,
1771,465.41606736183167,-2.5774808,
1772,465.6758830547333,-3.3838074,
1773,465.9359817504883,-2.0778131,
1774,466.1960527896881,-2.3037157,
1775,466.4555847644806,-1.3785502,
1776,466.7155842781067,-1.7460916,
1777,466.9772186279297,-1.3385534,
1778,467.23661041259766,-2.528335,
1779,467.49570417404175,-2.3234315,
1780,467.7559030056,-3.0041115,
1781,468.01555037498474,-1.4921341,
1782,468.27484941482544,-2.2823758,
1783,468.5352168083191,-1.6547186,
1784,468.7950167655945,-2.1691306,
1785,469.05500888824463,-3.2034674,
1786,469.31482100486755,-2.4211712,
1787,469.5751197338104,-1.6256802,
1788,469.8344626426697,-2.7935877,
1789,470.0943515300751,-1.6414124,
1790,470.35440731048584,-1.8535266,
1791,470.6162326335907,-2.3919888,
1792,470.8754496574402,-3.1340246,
1793,471.1343762874603,-2.402283,
1794,471.3946874141693,-2.5903976,
1795,471.6543638706207,-4.45292,
1796,471.9141855239868,-2.0537539,
1797,472.1741421222687,-1.6318448,
1798,472.4342863559723,-2.051272,
1799,472.69391107559204,-1.6609137,
1800,473.1130840778351,-2.1788442,
1801,473.3730947971344,-1.8970867,
1802,473.63314175605774,-2.5397782,
1803,473.8940370082855,-1.8820953,
1804,474.15501379966736,-2.666776,
1805,474.41410398483276,-3.3656824,
1806,474.67396426200867,-1.7612836,
1807,474.9336154460907,-1.9856286,
1808,475.1929602622986,-2.3205466,
1809,475.4525022506714,-2.4868288,
1810,475.71312069892883,-2.8851552,
1811,475.9731640815735,-1.3660862,
1812,476.2329201698303,-1.7704971,
1813,476.49228167533875,-2.4913058,
1814,476.7526934146881,-1.3855982,
1815,477.0122582912445,-2.9197745,
1816,477.27178025245667,-2.8023977,
1817,477.5333414077759,-1.6404335,
1818,477.79315304756165,-1.5791006,
1819,478.0522608757019,-2.4123037,
1820,478.3117437362671,-3.037204,
1821,478.5717947483063,-1.3761559,
1822,478.8318943977356,-3.2308402,
1823,479.0923020839691,-2.3641136,
1824,479.351628780365,-0.9988402,
1825,479.61127519607544,-3.0143178,
1826,479.87144207954407,-1.3390765,
1827,480.13158535957336,-2.7946782,
1828,480.3916323184967,-2.2286596,
1829,480.65122842788696,-1.7848184,
1830,480.9118185043335,-2.3827457,
1831,481.1728549003601,-2.3513122,
1832,481.43169713020325,-1.8752453,
1833,481.69108605384827,-2.110905,
1834,481.95082783699036,-4.4756536,
1835,482.2111670970917,-2.128758,
1836,482.47098088264465,-1.7726102,
1837,482.73070192337036,-0.73565555,
1838,482.99075388908386,-1.6519,
1839,483.25055265426636,-2.4739606,
1840,483.51063227653503,-2.4633636,
1841,483.7702431678772,-1.5193442,
1842,484.03022480010986,-2.7426865,
1843,484.29026198387146,-1.7617388,
1844,484.55151081085205,-1.7031318,
1845,484.8112459182739,-2.2018175,
1846,485.070285320282,-2.122635,
1847,485.3300893306732,-2.3377392,
1848,485.5899374485016,-2.8126426,
1849,485.84963393211365,-1.0481966,
1850,486.11025190353394,-2.026085,
1851,486.36954045295715,-1.6760012,
1852,486.62930941581726,-1.5428523,
1853,486.8897624015808,-1.332116,
1854,487.149156332016,-1.5304449,
1855,487.4093270301819,-1.3936679,
1856,487.66954255104065,-2.5239506,
1857,487.92997884750366,-2.524491,
1858,488.1905691623688,-1.7807815,
1859,488.4502239227295,-1.7771068,
1860,488.709520816803,-2.8066916,
1861,488.9687397480011,-2.394215,
1862,489.22880697250366,-1.8521612,
1863,489.48860239982605,-1.954832,
1864,489.74828362464905,-2.0981278,
1865,490.0085642337799,-2.6593266,
1866,490.2684736251831,-2.2625172,
1867,490.52823185920715,-1.4805574,
1868,490.7881770133972,-1.6885073,
1869,491.0484530925751,-1.3522954,
1870,491.3080425262451,-2.2219276,
1871,491.5697717666626,-1.768738,
1872,491.8287310600281,-3.6120663,
1873,492.087788105011,-2.118192,
1874,492.3476903438568,-1.4799812,
1875,492.60780787467957,-1.320401,
1876,492.8675322532654,-1.0373254,
1877,493.1275637149811,-2.0414882,
1878,493.38718581199646,-1.9043876,
1879,493.64717507362366,-0.8774031,
1880,493.9073371887207,-2.5968225,
1881,494.16706800460815,-2.3412104,
1882,494.42679738998413,-2.6945806,
1883,494.6867859363556,-1.3328854,
1884,494.9468734264374,-1.7161896,
1885,495.208220243454,-2.4143472,
1886,495.4681499004364,-2.6282465,
1887,495.72729420661926,-0.6153164,
1888,495.9865942001343,-2.8111238,
1889,496.2464048862457,-1.9009299,
1890,496.5064158439636,-1.7390788,
1891,496.7666599750519,-1.129672,
1892,497.0265283584595,-0.8796225,
1893,497.2859945297241,-2.092452,
1894,497.5460584163666,-2.7154891,
1895,497.8061728477478,-2.442163,
1896,498.0661025047302,-2.8126554,
1897,498.3259422779083,-1.8578043,
1898,498.5861756801605,-2.1951284,
1899,498.8471441268921,-2.3844688,
1900,499.26751923561096,-2.6333256,
1901,499.5253281593323,-2.0772085,
1902,499.7848975658417,-2.443639,
1903,500.0442581176758,-2.3359513,
1904,500.30385971069336,-1.0945934,
1905,500.5643594264984,-1.6155293,
1906,500.8241710662842,-2.3317363,
1907,501.08404064178467,-1.2659874,
1908,501.3436963558197,-1.532289,
1909,501.6035578250885,-2.2116978,
1910,501.8641707897186,-3.03515,
1911,502.1237781047821,-1.6275439,
1912,502.3844437599182,-1.5597384,
1913,502.64453744888306,-2.5137863,
1914,502.9035041332245,-1.6066725,
1915,503.1637017726898,-1.606667,
1916,503.42368936538696,-2.0136814,
1917,503.683718919754,-4.093219,
1918,503.9434459209442,-2.754122,
1919,504.2031922340393,-1.1542604,
1920,504.462984085083,-2.3892088,
1921,504.7232551574707,-1.9980245,
1922,504.9826006889343,-2.6923437,
1923,505.24237751960754,-2.7544293,
1924,505.5020432472229,-3.2652602,
1925,505.7621729373932,-3.487654,
1926,506.02164101600647,-1.4101124,
1927,506.2834212779999,-4.115156,
1928,506.5420923233032,-2.5021086,
1929,506.8019278049469,-2.4064598,
1930,507.0616886615753,-2.6415057,
1931,507.3213441371918,-2.0484934,
1932,507.581422328949,-2.1454298,
1933,507.84131145477295,-2.5754566,
1934,508.1015553474426,-1.6967218,
1935,508.3615691661835,-2.079754,
1936,508.62049555778503,-1.4631342,
1937,508.8806400299072,-1.6627499,
1938,509.1403510570526,-2.1896675,
1939,509.401997089386,-2.4580784,
1940,509.66285967826843,-1.677657,
1941,509.92315554618835,-1.7520475,
1942,510.1817364692688,-2.518231,
1943,510.4413092136383,-2.809579,
1944,510.7006709575653,-2.0126328,
1945,510.9610376358032,-1.6388583,
1946,511.2207705974579,-1.6469754,
1947,511.48063707351685,-1.8890786,
1948,511.74104619026184,-1.8369204,
1949,512.0009405612946,-1.5074782,
1950,512.260745048523,-2.4857264,
1951,512.5202751159668,-1.780195,
1952,512.7803359031677,-1.2338796,
1953,513.0408318042755,-2.2192514,
1954,513.3005278110504,-2.195247,
1955,513.5614867210388,-2.7212515,
1956,513.8208065032959,-1.7492828,
1957,514.080798625946,-0.8569342,
1958,514.3405318260193,-2.0003068,
1959,514.5996062755585,-2.1296136,
1960,514.8592426776886,-1.4689884,
1961,515.1192507743835,-2.341246,
1962,515.3802688121796,-2.6679418,
1963,515.6400971412659,-1.7648327,
1964,515.8991611003876,-2.321494,
1965,516.1597716808319,-2.7114043,
1966,516.4201669692993,-3.0222487,
1967,516.6794250011444,-2.1974888,
1968,516.9391553401947,-1.3449556,
1969,517.200845003128,-2.075595,
1970,517.4596621990204,-2.8147676,
1971,517.7187192440033,-1.7111413,
1972,517.9786875247955,-3.0923777,
1973,518.2389073371887,-1.532427,
1974,518.4988708496094,-2.6713114,
1975,518.7588958740234,-2.7738602,
1976,519.0181341171265,-1.5747862,
1977,519.2786283493042,-1.9035438,
1978,519.5384016036987,-0.8716434,
1979,519.7979609966278,-2.232586,
1980,520.058102607727,-2.361756,
1981,520.3187000751495,-3.0077665,
1982,520.580025434494,-1.2019359,
1983,520.8393332958221,-1.8440969,
1984,521.099228143692,-2.2420537,
1985,521.3587160110474,-2.4300733,
1986,521.6180980205536,-1.928187,
1987,521.877140045166,-2.1151469,
1988,522.138188123703,-3.0046258,
1989,522.3979213237762,-1.1130407,
1990,522.6574273109436,-1.726864,
1991,522.9177985191345,-2.8199298,
1992,523.1779496669769,-3.3453922,
1993,523.436972618103,-2.2607021,
1994,523.6968660354614,-2.1315076,
1995,523.9567513465881,-1.9323993,
1996,524.2183020114899,-2.5717797,
1997,524.4773437976837,-2.214445,
1998,524.7367849349976,-2.3918636,
1999,524.9975848197937,-1.1891751,
2000,525.416642665863,-1.5289574,
2001,525.6772217750549,-1.3665565,
2002,525.9379096031189,-2.4673924,
2003,526.1976799964905,-2.7761862,
2004,526.4578957557678,-2.0405326,
2005,526.7177078723907,-1.8350359,
2006,526.9771547317505,-4.0543785,
2007,527.2374641895294,-2.1294494,
2008,527.4980480670929,-1.9652958,
2009,527.7588233947754,-1.9062383,
2010,528.0177495479584,-2.4592772,
2011,528.2775235176086,-1.4106106,
2012,528.5376555919647,-2.191569,
2013,528.7966566085815,-2.9884427,
2014,529.0566685199738,-1.3160548,
2015,529.3168585300446,-2.0370417,
2016,529.5761573314667,-1.7830589,
2017,529.8365030288696,-1.7937801,
2018,530.0968792438507,-2.663976,
2019,530.356034040451,-3.3807836,
2020,530.6164696216583,-1.5912845,
2021,530.8761932849884,-1.6573579,
2022,531.137476682663,-0.9660255,
2023,531.3974528312683,-2.0283904,
2024,531.6570000648499,-3.0380378,
2025,531.9165215492249,-2.4219556,
2026,532.1758739948273,-1.6142509,
2027,532.435911655426,-3.344261,
2028,532.6960272789001,-2.0212054,
2029,532.9554970264435,-1.4615325,
2030,533.215304851532,-2.305931,
2031,533.4756352901459,-3.3156,
2032,533.7348093986511,-2.65628,
2033,533.9951872825623,-2.248818,
2034,534.2552495002747,-1.5239508,
2035,534.5161309242249,-1.6779677,
2036,534.7758514881134,-1.9259619,
2037,535.035346031189,-1.786775,
2038,535.2950727939606,-1.6210345,
2039,535.5545949935913,-1.7987964,
2040,535.8146805763245,-2.1074996,
2041,536.0747427940369,-2.2315872,
2042,536.3345041275024,-1.8036016,
2043,536.5939891338348,-2.1714985,
2044,536.8541526794434,-2.4796402,
2045,537.1142580509186,-1.7300773,
2046,537.3740437030792,-2.5661407,
2047,537.6338813304901,-2.725971,
2048,537.8936870098114,-2.4384923,
2049,538.1539232730865,-3.8326201,
2050,538.4150609970093,-1.65359,
2051,538.6741316318512,-3.2928486,
2052,538.93448138237,-2.0237951,
2053,539.1935911178589,-2.221036,
2054,539.4527666568756,-2.5035923,
2055,539.7129983901978,-1.692987,
2056,539.973356962204,-1.4946156,
2057,540.233350276947,-1.46731,
2058,540.4930210113525,-3.336052,
2059,540.7526960372925,-2.3353782,
2060,541.013415813446,-2.2867672,
2061,541.2726709842682,-2.1026955,
2062,541.532210111618,-1.8892033,
2063,541.7936902046204,-1.9442264,
2064,542.0538473129272,-1.3013922,
2065,542.3133924007416,-2.4664183,
2066,542.5726869106293,-2.1772237,
2067,542.832305431366,-1.9772165,
2068,543.0919420719147,-1.8115245,
2069,543.3527612686157,-2.438528,
2070,543.6118612289429,-1.2565837,
2071,543.8719878196716,-1.9260023,
2072,544.131364107132,-2.1668591,
2073,544.3921120166779,-2.4881487,
2074,544.6517822742462,-1.8228457,
2075,544.9119498729706,-2.2739167,
2076,545.1728122234344,-3.7483444,
2077,545.4328172206879,-1.6242291,
2078,545.6911513805389,-1.0859027,
2079,545.9515833854675,-2.2306952,
2080,546.2110114097595,-0.84818083,
2081,546.4714684486389,-2.3035452,
2082,546.7315230369568,-1.5789999,
2083,546.9909553527832,-4.4803348,
2084,547.2509243488312,-2.6161008,
2085,547.510499715805,-1.5788608,
2086,547.7708156108856,-2.9628093,
2087,548.0304057598114,-2.7578878,
2088,548.2895176410675,-2.9293528,
2089,548.5503599643707,-2.0721393,
2090,548.8115501403809,-2.163168,
2091,549.0705718994141,-1.6881521,
2092,549.3299610614777,-1.4108496,
2093,549.5893685817719,-1.9625859,
2094,549.8492691516876,-2.1204214,
2095,550.108767747879,-1.1344266,
2096,550.3694159984589,-0.7731121,
2097,550.6292119026184,-2.7227802,
2098,550.8893518447876,-1.7605591,
2099,551.1502201557159,-1.6935633,
2100,551.5707666873932,-2.2205253,
2101,551.8281772136688,-2.5885696,
2102,552.0868144035339,-1.7513771,
2103,552.3467662334442,-1.6236897,
2104,552.6064734458923,-1.5614421,
2105,552.866534948349,-1.6650541,
2106,553.1274089813232,-2.6290507,
2107,553.386969089508,-2.0199337,
2108,553.648268699646,-2.8396125,
2109,553.9084022045135,-2.422129,
2110,554.1667618751526,-1.7035947,
2111,554.4265244007111,-2.0383956,
2112,554.6866586208344,-2.2260408,
2113,554.9455749988556,-1.9722255,
2114,555.206178188324,-2.9173088,
2115,555.4653317928314,-2.1410682,
2116,555.7249794006348,-2.1350305,
2117,555.9857256412506,-2.5359368,
2118,556.2474112510681,-2.2615764,
2119,556.5073854923248,-2.1943312,
2120,556.7656571865082,-1.3421354,
2121,557.0249128341675,-2.39022,
2122,557.2850940227509,-1.847331,
2123,557.5460991859436,-2.239725,
2124,557.8053662776947,-2.4383402,
2125,558.0652410984039,-1.6157014,
2126,558.3246383666992,-2.4575474,
2127,558.5849902629852,-1.8098202,
2128,558.8472573757172,-1.1142943,
2129,559.1060919761658,-1.4440838,
2130,559.3649523258209,-1.196105,
2131,559.6251184940338,-2.2602751,
2132,559.8841423988342,-2.1193662,
2133,560.1447010040283,-1.9351547,
2134,560.4052062034607,-2.6395552,
2135,560.6648807525635,-1.25452,
2136,560.9243378639221,-3.18204,
2137,561.1852445602417,-2.4762013,
2138,561.4462246894836,-2.4952602,
2139,561.7057292461395,-3.069408,
2140,561.9652757644653,-2.1708734,
2141,562.2250230312347,-1.8613994,
2142,562.4842803478241,-2.0036874,
2143,562.7442278862,-2.3865726,
2144,563.0047891139984,-2.199949,
2145,563.2640109062195,-1.4951572,
2146,563.5239074230194,-2.3866606,
2147,563.7855055332184,-2.9477892,
2148,564.0442099571228,-2.4250522,
2149,564.304661989212,-2.6226254,
2150,564.5638160705566,-1.3978999,
2151,564.8236501216888,-2.8477564,
2152,565.0829038619995,-1.7969261,
2153,565.3425896167755,-0.9844868,
2154,565.603150844574,-1.04005,
2155,565.8633680343628,-1.1705401,
2156,566.1245868206024,-2.0232925,
2157,566.3844983577728,-1.1549991,
2158,566.6433460712433,-3.623283,
2159,566.9028127193451,-2.1256237,
2160,567.1629464626312,-1.7316551,
2161,567.4222569465637,-1.8840622,
2162,567.6818246841431,-3.558544,
2163,567.9417607784271,-1.7535152,
2164,568.2024593353271,-1.4495459,
2165,568.4623715877533,-3.129966,
2166,568.723748922348,-0.98931843,
2167,568.9838316440582,-1.8558297,
2168,569.2423522472382,-1.9067667,
2169,569.5021963119507,-2.9694266,
2170,569.7621343135834,-2.852673,
2171,570.0212781429291,-1.5396644,
2172,570.2815232276917,-1.3105747,
2173,570.5413200855255,-2.5687618,
2174,570.8019442558289,-2.0675526,
2175,571.0628795623779,-2.0485268,
2176,571.3229374885559,-2.2211442,
2177,571.5816965103149,-1.0046568,
2178,571.8411409854889,-2.9124146,
2179,572.1013562679291,-2.9439023,
2180,572.3610734939575,-4.3676023,
2181,572.6208567619324,-0.88147783,
2182,572.8807628154755,-1.9078007,
2183,573.1407306194305,-2.12029,
2184,573.4006617069244,-1.2029991,
2185,573.6622447967529,-1.1221855,
2186,573.9215903282166,-1.4795804,
2187,574.1810185909271,-0.5954374,
2188,574.440135717392,-2.88452,
2189,574.7003011703491,-2.436822,
2190,574.9597015380859,-1.9378624,
2191,575.2196435928345,-2.1114435,
2192,575.4796001911163,-1.5353398,
2193,575.7388808727264,-2.5234182,
2194,575.9992537498474,-3.704715,
2195,576.2612295150757,-2.6905165,
2196,576.5204045772552,-1.8596089,
2197,576.7803885936737,-2.7288122,
2198,577.0396518707275,-1.9406788,
2199,577.2989299297333,-1.6677343,
2200,577.7176480293274,-2.1062846,
2201,577.9775156974792,-2.8163877,
2202,578.2387347221375,-1.7888893,
2203,578.4980421066284,-2.6534567,
2204,578.7604403495789,-2.6609802,
2205,579.0203034877777,-3.8789353,
2206,579.278822183609,-2.5790744,
2207,579.5376536846161,-1.7626147,
2208,579.7984173297882,-0.9992097,
2209,580.0574948787689,-0.9289812,
2210,580.317788362503,-2.3444033,
2211,580.5783791542053,-1.7799475,
2212,580.8381028175354,-2.313829,
2213,581.0974442958832,-3.473061,
2214,581.3600447177887,-3.1297312,
2215,581.6188106536865,-1.6733309,
2216,581.8787586688995,-1.8451521,
2217,582.137745141983,-2.1958044,
2218,582.3973371982574,-1.925271,
2219,582.6575834751129,-2.9303093,
2220,582.9169521331787,-1.2580011,
2221,583.1768708229065,-2.2136638,
2222,583.4368116855621,-2.0896916,
2223,583.6976900100708,-1.8586359,
2224,583.9586555957794,-3.1444125,
2225,584.2173569202423,-2.049908,
2226,584.4769942760468,-2.5489044,
2227,584.7371871471405,-1.8845758,
2228,584.9964818954468,-1.9252437,
2229,585.2564475536346,-1.878008,
2230,585.5167186260223,-1.2887852,
2231,585.7764160633087,-2.6342568,
2232,586.0373253822327,-1.8860817,
2233,586.2979211807251,-1.8136251,
2234,586.5576863288879,-0.9525854,
2235,586.8165652751923,-2.7524433,
2236,587.0759949684143,-2.3421311,
2237,587.3360810279846,-2.6797085,
2238,587.5961444377899,-1.7149149,
2239,587.8549711704254,-2.1135468,
2240,588.1154713630676,-2.2543213,
2241,588.3754420280457,-2.5443237,
2242,588.635064125061,-2.1968532,
2243,588.8970737457275,-1.831454,
2244,589.1562476158142,-2.3010013,
2245,589.4154195785522,-2.5562134,
2246,589.6758279800415,-2.2354362,
2247,589.9350111484528,-1.7509997,
2248,590.1951384544373,-2.9962673,
2249,590.4549765586853,-2.0219026,
2250,590.714284658432,-1.1102623,
2251,590.9753828048706,-1.7488734,
2252,591.235048532486,-2.153233,
2253,591.4964683055878,-1.6454352,
2254,591.7557022571564,-1.7306837,
2255,592.0147821903229,-2.1408606,
2256,592.2740542888641,-1.938344,
2257,592.5343573093414,-4.169201,
2258,592.7942152023315,-2.4669385,
2259,593.0539789199829,-2.047976,
2260,593.3141167163849,-1.0125884,
2261,593.5735642910004,-1.8599815,
2262,593.8342049121857,-2.5771194,
2263,594.0953586101532,-2.3337157,
2264,594.3552646636963,-1.4580536,
2265,594.6150555610657,-2.8385298,
2266,594.8742253780365,-1.7247976,
2267,595.1337473392487,-1.6930923,
2268,595.3935825824738,-2.6888883,
2269,595.6535248756409,-2.4386756,
2270,595.9143750667572,-2.01884,
2271,596.1735758781433,-1.9122009,
2272,596.4349915981293,-2.7271953,
2273,596.6959960460663,-1.5873348,
2274,596.9565753936768,-2.1836424,
2275,597.2169756889343,-2.674783,
2276,597.4762892723083,-1.9403355,
2277,597.7364699840546,-3.1756196,
2278,597.9955115318298,-2.8112836,
2279,598.2548341751099,-2.5839489,
2280,598.5147771835327,-2.0606759,
2281,598.7743315696716,-0.7273418,
2282,599.0344605445862,-1.0426304,
2283,599.2961552143097,-2.4603856,
2284,599.5561900138855,-3.0764403,
2285,599.8160514831543,-1.7112693,
2286,600.075432062149,-2.580746,
2287,600.3345503807068,-1.4456216,
2288,600.5938451290131,-0.63373715,
2289,600.8533978462219,-3.1529946,
2290,601.1139476299286,-3.8942637,
2291,601.374685049057,-1.68364,
2292,601.6336324214935,-1.7265977,
2293,601.895177602768,-2.5598829,
2294,602.1550605297089,-1.9225931,
2295,602.4154098033905,-2.2193074,
2296,602.6750085353851,-2.2635903,
2297,602.9340438842773,-2.217979,
2298,603.1933557987213,-1.0524079,
2299,603.4530200958252,-1.6111232,
2300,603.8713047504425,-2.448737,
2301,604.1305210590363,-2.0166466,
2302,604.3919003009796,-1.6708668,
2303,604.6519291400909,-1.7976568,
2304,604.9123969078064,-1.3782115,
2305,605.1713206768036,-1.9871554,
2306,605.4305698871613,-2.135931,
2307,605.6899437904358,-2.448231,
2308,605.9498693943024,-1.731208,
2309,606.2099130153656,-2.8311343,
2310,606.4696192741394,-1.9907495,
2311,606.7296080589294,-3.0845914,
2312,606.9911744594574,-1.7076703,
2313,607.2510361671448,-1.4219413,
2314,607.5111691951752,-1.5678289,
2315,607.7706818580627,-2.1736078,
2316,608.0296573638916,-2.9255984,
2317,608.2904541492462,-2.4051123,
2318,608.550276517868,-2.6456418,
2319,608.8093416690826,-1.4062183,
2320,609.0688781738281,-1.4745684,
2321,609.3288280963898,-1.9238708,
2322,609.59081864357,-1.7053783,
2323,609.8511071205139,-2.5375676,
2324,610.1105802059174,-1.7475507,
2325,610.3703737258911,-1.9507735,
2326,610.6290881633759,-1.999144,
2327,610.8887302875519,-1.9185908,
2328,611.148669719696,-2.192466,
2329,611.408616065979,-3.3981123,
2330,611.6683924198151,-1.298822,
2331,611.9292678833008,-3.0760887,
2332,612.1908450126648,-3.859083,
2333,612.4498081207275,-1.5633173,
2334,612.7097132205963,-3.0283294,
2335,612.9695103168488,-0.98547894,
2336,613.2289383411407,-1.3437079,
2337,613.4881739616394,-2.7359736,
2338,613.7483530044556,-0.95019007,
2339,614.0073611736298,-1.0404149,
2340,614.2671859264374,-2.2328148,
2341,614.5275690555573,-2.7474222,
2342,614.7891039848328,-1.5002757,
2343,615.0490951538086,-1.7322353,
2344,615.3095288276672,-2.1433687,
2345,615.569418668747,-4.3091784,
2346,615.8289968967438,-1.274865,
2347,616.0883159637451,-2.8073726,
2348,616.3475606441498,-2.4128804,
2349,616.6069548130035,-2.3447962,
2350,616.8663318157196,-2.1434162,
2351,617.1271586418152,-1.6700717,
2352,617.3890364170074,-2.9517179,
2353,617.6486728191376,-3.0131435,
2354,617.9082958698273,-2.523474,
2355,618.1679027080536,-2.234113,
2356,618.4276223182678,-2.2307038,
2357,618.6853852272034,-2.3530085,
2358,618.9442746639252,-3.2541115,
2359,619.2038321495056,-2.6281912,
2360,619.4646315574646,-1.942898,
2361,619.7243666648865,-2.4812396,
2362,619.9856746196747,-2.6956997,
2363,620.2455220222473,-3.0676064,
2364,620.5055410861969,-3.4904587,
2365,620.7648015022278,-3.0628364,
2366,621.0243082046509,-3.1273305,
2367,621.2833240032196,-1.566015,
2368,621.543329000473,-2.0333326,
2369,621.8033380508423,-1.8016199,
2370,622.0628931522369,-1.1880879,
2371,622.3233563899994,-2.5487661,
2372,622.5844404697418,-1.1888156,
2373,622.8451051712036,-1.4974388,
2374,623.104989528656,-2.3619678,
2375,623.3652191162109,-2.3940508,
2376,623.6242566108704,-5.5597963,
2377,623.8828518390656,-2.059811,
2378,624.1428182125092,-1.5478624,
2379,624.402960062027,-2.0215323,
2380,624.6626329421997,-1.888904,
2381,624.9218246936798,-1.7792246,
2382,625.1839909553528,-1.4870797,
2383,625.4441225528717,-2.2971208,
2384,625.7040033340454,-1.3523885,
2385,625.96346783638,-1.7687666,
2386,626.2232873439789,-1.9005289,
2387,626.4836075305939,-1.6811783,
2388,626.7427997589111,-2.773922,
2389,627.0021483898163,-2.2357628,
2390,627.2620551586151,-3.6387205,
2391,627.5222618579865,-1.8055477,
2392,627.7836847305298,-1.8744522,
2393,628.0437731742859,-2.25251,
2394,628.30339884758,-1.5474784,
2395,628.5626511573792,-3.16543,
2396,628.822371006012,-3.0727072,
2397,629.0815341472626,-1.2019204,
2398,629.341623544693,-2.6484208,
2399,629.6012718677521,-1.7344513,
2400,630.0213711261749,-1.9179896,
2401,630.2826819419861,-3.1602926,
2402,630.5443861484528,-2.064773,
2403,630.8049778938293,-1.27456,
2404,631.065051317215,-2.074201,
2405,631.3243536949158,-3.7361677,
2406,631.5834033489227,-1.5410829,
2407,631.8430557250977,-1.1854775,
2408,632.103280544281,-2.0931668,
2409,632.3631434440613,-1.7132593,
2410,632.622296333313,-1.347732,
2411,632.8829755783081,-1.2763734,
2412,633.1448638439178,-3.1226027,
2413,633.4049727916718,-3.042719,
2414,633.664790391922,-2.2146988,
2415,633.9253079891205,-2.886979,
2416,634.183887720108,-2.762436,
2417,634.4430480003357,-1.4581308,
2418,634.7026739120483,-2.0066195,
2419,634.9623584747314,-1.7686074,
2420,635.2220377922058,-2.9637742,
2421,635.4825344085693,-2.3969681,
2422,635.7441544532776,-2.4709928,
2423,636.0041632652283,-1.8099444,
2424,636.2642216682434,-2.1256135,
2425,636.5240590572357,-3.6191661,
2426,636.7832713127136,-1.9081445,
2427,637.0425584316254,-3.076281,
2428,637.302164554596,-2.5496676,
2429,637.5625216960907,-1.5757415,
2430,637.8223774433136,-2.6990557,
2431,638.0822405815125,-3.1464279,
2432,638.3429319858551,-1.4493439,
2433,638.6035673618317,-1.4297421,
2434,638.8633952140808,-0.93598783,
2435,639.1230206489563,-2.2450325,
2436,639.3828444480896,-1.8756862,
2437,639.6421353816986,-3.9391088,
2438,639.901980638504,-3.8055,
2439,640.1615991592407,-2.8394523,
2440,640.4208960533142,-1.3431736,
2441,640.6802923679352,-1.5268931,
2442,640.9428336620331,-1.7536566,
2443,641.2032406330109,-0.8043475,
2444,641.463808298111,-2.3595686,
2445,641.723132610321,-1.4190524,
2446,641.9823145866394,-2.3109593,
2447,642.2415823936462,-1.0224603,
2448,642.5013196468353,-2.4850183,
2449,642.7609527111053,-2.4765553,
2450,643.0203154087067,-2.3436031,
2451,643.2797524929047,-2.3161023,
2452,643.5407330989838,-3.7365153,
2453,643.802508354187,-3.3983164,
2454,644.0625021457672,-3.112395,
2455,644.3220329284668,-1.2470042,
2456,644.5816934108734,-2.043352,
2457,644.841080904007,-2.913636,
2458,645.102028131485,-2.4345663,
2459,645.3612306118011,-2.249868,
2460,645.6204109191895,-2.6513608,
2461,645.8797416687012,-2.2507703,
2462,646.1404857635498,-1.6591954,
2463,646.4017884731293,-3.626399,
2464,646.6620681285858,-1.8810368,
2465,646.921807050705,-1.5342178,
2466,647.1819539070129,-2.5956233,
2467,647.4413504600525,-2.8408756,
2468,647.700784444809,-1.2272394,
2469,647.9608173370361,-2.1051579,
2470,648.2201752662659,-1.1472721,
2471,648.4797823429108,-1.6501532,
2472,648.7401342391968,-1.7652961,
2473,649.0010161399841,-1.2734061,
2474,649.2617914676666,-2.2300727,
2475,649.521669626236,-2.3905654,
2476,649.7813634872437,-1.3807851,
2477,650.0408651828766,-1.689464,
2478,650.3002164363861,-1.8286803,
2479,650.5598881244659,-2.6068592,
2480,650.8195190429688,-1.9060318,
2481,651.0790560245514,-1.1545957,
2482,651.3383779525757,-1.804688,
2483,651.5992975234985,-2.6057038,
2484,651.8609485626221,-2.092811,
2485,652.1215789318085,-2.959925,
2486,652.3811283111572,-1.3619702,
2487,652.641752243042,-1.1532869,
2488,652.9009544849396,-2.9070954,
2489,653.1597192287445,-2.2921214,
2490,653.4195370674133,-0.9239081,
2491,653.6788446903229,-1.9403048,
2492,653.9380009174347,-1.8443931,
2493,654.1989140510559,-2.1983118,
2494,654.4606440067291,-1.272107,
2495,654.7207403182983,-2.4447331,
2496,654.9806163311005,-2.4044259,
2497,655.2405450344086,-2.5071855,
2498,655.4996953010559,-1.8568027,
2499,655.7590980529785,-3.5148997,
2500,656.181756734848,-3.216641,
2501,656.4409923553467,-1.6008762,
2502,656.7020938396454,-1.5344204,
2503,656.9640471935272,-2.0950835,
2504,657.230117559433,-1.8944633,
2505,657.4971871376038,-2.8255467,
2506,657.7589375972748,-1.803398,
2507,658.0195705890656,-2.5029888,
2508,658.280618429184,-2.3105211,
2509,658.5408384799957,-2.0360348,
2510,658.801985502243,-1.7978427,
2511,659.0665917396545,-1.7240794,
2512,659.3348562717438,-2.452839,
2513,659.5999226570129,-2.3559618,
2514,659.8607354164124,-1.5963616,
2515,660.122076511383,-1.988994,
2516,660.3854944705963,-2.4063983,
2517,660.6539633274078,-2.5963888,
2518,660.916791677475,-1.8135384,
2519,661.1784267425537,-1.8537805,
2520,661.439261674881,-1.7217052,
2521,661.6995620727539,-1.0987291,
2522,661.9631373882294,-2.2170722,
2523,662.2321891784668,-1.9951231,
2524,662.4974317550659,-3.435424,
2525,662.7588472366333,-1.7589377,
2526,663.020495891571,-1.0145566,
2527,663.2837405204773,-4.2488794,
2528,663.5513367652893,-1.5563059,
2529,663.8156051635742,-1.8270825,
2530,664.0767331123352,-2.6341593,
2531,664.3378705978394,-1.9830588,
2532,664.6004149913788,-1.1778191,
2533,664.8630187511444,-1.4486554,
2534,665.1319530010223,-2.6463873,
2535,665.3960552215576,-1.2152432,
2536,665.6573452949524,-2.6950152,
2537,665.9179828166962,-1.2888016,
2538,666.178909778595,-2.5551755,
2539,666.4401276111603,-2.0093994,
2540,666.7081747055054,-1.6007715,
2541,666.974536895752,-2.5390575,
2542,667.2379305362701,-2.3651202,
2543,667.4995379447937,-1.7204809,
2544,667.7641549110413,-2.161611,
2545,668.0325314998627,-1.7158855,
2546,668.2951860427856,-2.094151,
2547,668.5569224357605,-1.8767512,
2548,668.8181159496307,-1.6422731,
2549,669.0793092250824,-2.1290934,
2550,669.3454723358154,-1.7019125,
2551,669.6127026081085,-2.2377863,
2552,669.8764791488647,-1.9819843,
2553,670.1381769180298,-1.4183798,
2554,670.3996453285217,-1.9643047,
2555,670.6672563552856,-2.3429098,
2556,670.9329085350037,-3.1228,
2557,671.1947376728058,-2.8215575,
2558,671.4560880661011,-1.8656583,
2559,671.7166771888733,-1.7834079,
2560,671.9778418540955,-2.2900605,
2561,672.2458899021149,-2.9706025,
2562,672.5139408111572,-4.6627283,
2563,672.7758867740631,-1.6125758,
2564,673.036524772644,-3.0659175,
2565,673.2983028888702,-1.7900704,
2566,673.5651144981384,-1.8656462,
2567,673.8325521945953,-1.6669867,
2568,674.0958399772644,-2.5800886,
2569,674.3568203449249,-1.8347898,
2570,674.6194863319397,-2.2000637,
2571,674.8886268138885,-2.3126016,
2572,675.1545565128326,-2.7541618,
2573,675.4155380725861,-1.851407,
2574,675.676842212677,-2.5839868,
2575,675.9396274089813,-2.4102879,
2576,676.2086770534515,-2.722673,
2577,676.4714753627777,-2.003581,
2578,676.7338225841522,-1.8976688,
2579,676.9949474334717,-1.7690614,
2580,677.2559766769409,-2.0453277,
2581,677.5208067893982,-2.3917575,
2582,677.7904019355774,-2.914418,
2583,678.0531632900238,-1.9909945,
2584,678.3152260780334,-2.8597615,
2585,678.5764648914337,-1.9651558,
2586,678.8409323692322,-3.149696,
2587,679.1084887981415,-2.0632286,
2588,679.3709104061127,-1.469449,
2589,679.631908416748,-2.335316,
2590,679.893976688385,-4.9906564,
2591,680.1575210094452,-2.9041011,
2592,680.4255704879761,-2.6412616,
2593,680.6908876895905,-2.2809427,
2594,680.9527444839478,-2.4350173,
2595,681.2136192321777,-1.8576006,
2596,681.4765100479126,-3.4201417,
2597,681.7435584068298,-1.87347,
2598,682.0092916488647,-1.7961693,
2599,682.2709209918976,-2.9359503,
2600,682.6922912597656,-2.0305605,
2601,682.9521543979645,-2.7409024,
2602,683.2126195430756,-3.589087,
2603,683.4725003242493,-2.0045114,
2604,683.731963634491,-1.9925865,
2605,683.9911816120148,-2.3333004,
2606,684.2509841918945,-2.6185207,
2607,684.5104665756226,-2.1922352,
2608,684.7701497077942,-1.8954964,
2609,685.0317671298981,-1.7071898,
2610,685.290789604187,-3.1379738,
2611,685.5523538589478,-2.435032,
2612,685.81192278862,-3.3925052,
2613,686.0717296600342,-1.173556,
2614,686.3314061164856,-2.2964473,
2615,686.5909774303436,-2.0358596,
2616,686.8506503105164,-1.7599531,
2617,687.110279083252,-1.7180557,
2618,687.3696293830872,-2.5833962,
2619,687.628714799881,-2.6205688,
2620,687.8899991512299,-1.9755679,
2621,688.1513497829437,-2.2762065,
2622,688.4122846126556,-1.5721577,
2623,688.6728961467743,-3.0112355,
2624,688.9329516887665,-2.255241,
2625,689.1933617591858,-1.6102619,
2626,689.4561293125153,-2.3207564,
2627,689.723414182663,-2.2231128,
2628,689.9856748580933,-2.6331437,
2629,690.2473039627075,-1.5692235,
2630,690.5082359313965,-2.7795038,
2631,690.7700915336609,-1.7417855,
2632,691.0302627086639,-2.5919957,
2633,691.2900583744049,-2.1955962,
2634,691.5497763156891,-2.2748888,
2635,691.809741973877,-1.9672533,
2636,692.0703921318054,-4.271537,
2637,692.3296015262604,-1.5268918,
2638,692.5883295536041,-3.070021,
2639,692.8474757671356,-2.1753929,
2640,693.1084589958191,-0.6245878,
2641,693.3697683811188,-1.9398432,
2642,693.630012512207,-1.8450991,
2643,693.8897967338562,-1.800542,
2644,694.1496689319611,-2.556982,
2645,694.4093601703644,-0.77111554,
2646,694.6692039966583,-2.126483,
2647,694.9290025234222,-1.3777986,
2648,695.1882965564728,-2.0051332,
2649,695.447695016861,-2.160149,
2650,695.7078337669373,-2.3342168,
2651,695.9693059921265,-1.709594,
2652,696.2297441959381,-3.0371444,
2653,696.4898960590363,-2.3210423,
2654,696.7496523857117,-1.9129573,
2655,697.0098969936371,-2.4675252,
2656,697.2703187465668,-2.1941495,
2657,697.5339620113373,-2.1432538,
2658,697.801153421402,-2.105344,
2659,698.0633182525635,-2.1827042,
2660,698.3235421180725,-2.3131447,
2661,698.5849506855011,-1.1405703,
2662,698.8473145961761,-2.2179446,
2663,699.1083798408508,-2.367104,
2664,699.3686118125916,-2.6339054,
2665,699.6292142868042,-1.9490665,
2666,699.8889365196228,-1.5111545,
2667,700.1492822170258,-3.2035031,
2668,700.4093883037567,-1.7149873,
2669,700.6724169254303,-2.0890312,
2670,700.9400763511658,-2.169562,
2671,701.2031688690186,-2.4882824,
2672,701.4655103683472,-1.7388848,
2673,701.7270112037659,-2.053363,
2674,701.9872674942017,-2.1451373,
2675,702.2475247383118,-2.1344385,
2676,702.5075850486755,-2.049214,
2677,702.7672605514526,-2.8967042,
2678,703.0272586345673,-2.103848,
2679,703.2874147891998,-1.9983526,
2680,703.5491852760315,-1.6282166,
2681,703.8140158653259,-1.5447712,
2682,704.0813231468201,-2.0745769,
2683,704.3436992168427,-1.6332521,
2684,704.6052305698395,-1.4384538,
2685,704.8656182289124,-2.945856,
2686,705.1261670589447,-2.7834556,
2687,705.3862290382385,-1.4779713,
2688,705.6461055278778,-1.7145565,
2689,705.9059131145477,-2.8637085,
2690,706.1658906936646,-2.2925444,
2691,706.4267354011536,-2.911289,
2692,706.6886003017426,-3.9960651,
2693,706.9517192840576,-2.492599,
2694,707.219877243042,-2.7735872,
2695,707.4834263324738,-2.5964446,
2696,707.7440071105957,-1.6160679,
2697,708.0045840740204,-1.9347597,
2698,708.2648344039917,-1.4279706,
2699,708.5245945453644,-2.4921966,
2700,709.0493035316467,-1.814495,
2701,709.3123860359192,-1.9042498,
2702,709.5786278247833,-1.3805325,
2703,709.8402481079102,-1.5807838,
2704,710.100914478302,-1.6621478,
2705,710.3610155582428,-1.3331103,
2706,710.6208944320679,-2.3600793,
2707,710.8803505897522,-2.3351812,
2708,711.1409199237823,-1.9684005,
2709,711.4008519649506,-1.526206,
2710,711.6597356796265,-1.8917273,
2711,711.9205365180969,-4.148136,
2712,712.1821360588074,-3.2418892,
2713,712.4421834945679,-2.2185988,
2714,712.7020695209503,-2.2856998,
2715,712.9613485336304,-1.7364926,
2716,713.2207374572754,-2.1506705,
2717,713.4806349277496,-1.35203,
2718,713.7404599189758,-1.4497204,
2719,713.9997355937958,-2.250682,
2720,714.2587296962738,-2.378801,
2721,714.5191450119019,-1.8464217,
2722,714.7807970046997,-1.8911159,
2723,715.0419697761536,-1.8065447,
2724,715.3013236522675,-4.8935204,
2725,715.5605299472809,-1.8901724,
2726,715.8196511268616,-1.5502727,
2727,716.0789270401001,-2.7681408,
2728,716.3385286331177,-2.0917377,
2729,716.5981397628784,-3.349705,
2730,716.8578560352325,-1.109375,
2731,717.1180646419525,-3.209834,
2732,717.3795511722565,-2.1372151,
2733,717.6400783061981,-2.513501,
2734,717.8999977111816,-2.149405,
2735,718.1598389148712,-1.5967093,
2736,718.4186351299286,-1.4143181,
2737,718.6779274940491,-2.9112315,
2738,718.9382154941559,-2.8581157,
2739,719.1980726718903,-2.8064313,
2740,719.4570119380951,-2.3002522,
2741,719.7168841362,-2.531758,
2742,719.9778645038605,-2.802242,
2743,720.2387268543243,-2.7028232,
2744,720.498517036438,-0.96231925,
2745,720.758252620697,-2.6962142,
2746,721.0180401802063,-1.6907504,
2747,721.2775685787201,-2.6693766,
2748,721.5368275642395,-1.9060968,
2749,721.7963664531708,-1.2055178,
2750,722.0553181171417,-2.2751799,
2751,722.3160231113434,-1.5594357,
2752,722.5772194862366,-2.1940408,
2753,722.8384902477264,-1.8268569,
2754,723.0975728034973,-1.65622,
2755,723.3571135997772,-1.7652645,
2756,723.6162168979645,-1.9047298,
2757,723.8754849433899,-2.491468,
2758,724.1359145641327,-1.8963275,
2759,724.3955805301666,-2.541049,
2760,724.6543288230896,-2.8173964,
2761,724.9148898124695,-1.6151861,
2762,725.1760950088501,-1.6042118,
2763,725.4367446899414,-2.5646389,
2764,725.6966807842255,-3.037369,
2765,725.9563446044922,-2.186244,
2766,726.2153294086456,-2.583624,
2767,726.4755516052246,-2.0069697,
2768,726.735223531723,-2.3726935,
2769,726.9938611984253,-2.6262426,
2770,727.2542080879211,-1.8306869,
2771,727.5144894123077,-1.7534741,
2772,727.775563955307,-0.7353087,
2773,728.0356066226959,-2.1086025,
2774,728.2952058315277,-2.0066674,
2775,728.554651260376,-1.6188773,
2776,728.814211845398,-1.9853581,
2777,729.0744585990906,-3.4833837,
2778,729.3339178562164,-2.168296,
2779,729.5929205417633,-1.8823137,
2780,729.852751493454,-2.3758647,
2781,730.1138031482697,-1.1066349,
2782,730.374489068985,-1.7904124,
2783,730.6350877285004,-1.6107064,
2784,730.8952136039734,-1.4347563,
2785,731.1547200679779,-1.899822,
2786,731.4139094352722,-2.29943,
2787,731.6729483604431,-2.55596,
2788,731.9327001571655,-1.3181292,
2789,732.1931908130646,-2.108735,
2790,732.4531075954437,-2.7733145,
2791,732.7131524085999,-3.6076121,
2792,732.974205493927,-2.45375,
2793,733.2343904972076,-2.4555044,
2794,733.4948863983154,-2.7721353,
2795,733.7552654743195,-1.351407,
2796,734.014417886734,-2.899931,
2797,734.2733843326569,-2.4514623,
2798,734.5327017307281,-2.510104,
2799,734.7926347255707,-2.3346326,
2800,735.2133255004883,-2.2691526,
2801,735.4745321273804,-2.2891731,
2802,735.7349846363068,-1.8066871,
2803,735.9952471256256,-2.4415338,
2804,736.2550203800201,-1.820983,
2805,736.5147838592529,-1.8580049,
2806,736.7744405269623,-4.0983343,
2807,737.0345451831818,-1.261895,
2808,737.2952132225037,-2.6461506,
2809,737.5545673370361,-1.7222806,
2810,737.8133735656738,-2.8582199,
2811,738.0731754302979,-2.1886373,
2812,738.3320484161377,-1.9911314,
2813,738.5925431251526,-1.5712305,
2814,738.8534283638,-1.7367291,
2815,739.112655878067,-3.4648926,
2816,739.3722956180573,-1.4749913,
2817,739.6322438716888,-1.6715521,
2818,739.8922817707062,-0.96621174,
2819,740.1497130393982,-1.337437,
2820,741.197069644928,-1.8504114,
2821,741.4548139572144,-2.1549685,
2822,741.717022895813,-3.912675,
2823,741.9819724559784,-1.7126052,
2824,742.248984336853,-1.7490444,
2825,742.5113070011139,-2.99551,
2826,742.7725098133087,-2.1070087,
2827,743.0345432758331,-2.54129,
2828,743.2961318492889,-2.1033835,
2829,743.5603277683258,-2.9925447,
2830,743.8283152580261,-1.8499049,
2831,744.0907065868378,-1.652866,
2832,744.3533282279968,-3.3548784,
2833,744.6147384643555,-1.7655114,
2834,744.875884771347,-2.998859,
2835,745.14027094841,-2.2994332,
2836,745.4073100090027,-2.4343786,
2837,745.6706962585449,-1.3019472,
2838,745.9316892623901,-1.3933599,
2839,746.1932716369629,-1.6276245,
2840,746.4537222385406,-2.8361473,
2841,746.7151050567627,-1.5915356,
2842,746.9771955013275,-1.8432572,
2843,747.2453992366791,-2.1367567,
2844,747.5093348026276,-2.2310867,
2845,747.7713367938995,-2.4933891,
2846,748.0327742099762,-1.6928005,
2847,748.2936556339264,-1.730404,
2848,748.553786277771,-2.1510477,
2849,748.8164143562317,-2.788673,
2850,749.0853712558746,-2.5033674,
2851,749.3482866287231,-1.9120238,
2852,749.6093437671661,-1.6172676,
2853,749.8697259426117,-1.8965299,
2854,750.1299018859863,-2.2160962,
2855,750.3902008533478,-2.6811233,
2856,750.6511132717133,-1.833628,
2857,750.9109325408936,-0.88495743,
2858,751.1711006164551,-2.329723,
2859,751.4310984611511,-1.8933374,
2860,751.6921443939209,-1.8503493,
2861,751.9524209499359,-1.5004184,
2862,752.21431016922,-2.9043012,
2863,752.4783883094788,-2.4668546,
2864,752.7445650100708,-3.5251546,
2865,753.0071082115173,-3.000444,
2866,753.2681887149811,-1.4629211,
2867,753.5293393135071,-2.3614836,
2868,753.7893302440643,-2.5077367,
2869,754.0490407943726,-3.0711532,
2870,754.3089272975922,-1.9868387,
2871,754.569354057312,-3.0587153,
2872,754.8296132087708,-0.97610354,
2873,755.0895345211029,-2.3268263,
2874,755.3496115207672,-1.9478668,
2875,755.6101868152618,-2.5745728,
2876,755.8700058460236,-2.2196198,
2877,756.1299042701721,-3.047748,
2878,756.3890917301178,-2.3262331,
2879,756.6483776569366,-1.7814821,
2880,756.9081354141235,-1.1414088,
2881,757.1689529418945,-2.8907928,
2882,757.4288456439972,-2.4341114,
2883,757.6881425380707,-2.0615668,
2884,757.9480504989624,-2.8290267,
2885,758.2075009346008,-3.538748,
2886,758.4682950973511,-2.0759983,
2887,758.7281935214996,-2.1752133,
2888,758.98854804039,-1.0597742,
2889,759.2476599216461,-1.2768478,
2890,759.508193731308,-1.8439376,
2891,759.7674396038055,-2.5617986,
2892,760.0272462368011,-2.7378998,
2893,760.2869381904602,-2.849465,
2894,760.5473256111145,-3.3083067,
2895,760.8068373203278,-3.7883353,
2896,761.0662214756012,-2.1509216,
2897,761.3259575366974,-1.6441654,
2898,761.5867011547089,-3.5424511,
2899,761.8458452224731,-2.7017365,
2900,762.2754197120667,-1.5669127,
2901,762.540162563324,-1.8193673,
2902,762.8004205226898,-2.217325,
2903,763.060301065445,-2.347018,
2904,763.320750951767,-1.7700845,
2905,763.581782579422,-1.5676813,
2906,763.8417553901672,-3.0494523,
2907,764.1021838188171,-1.4891558,
2908,764.362021446228,-1.9460299,
2909,764.6213884353638,-1.8011667,
2910,764.8819925785065,-1.4072025,
2911,765.1410338878632,-3.0549898,
2912,765.4014916419983,-1.6457642,
2913,765.6610333919525,-2.6374207,
2914,765.92112159729,-1.9701067,
2915,766.1810097694397,-2.0698445,
2916,766.4422843456268,-2.6966586,
2917,766.7022664546967,-1.845824,
2918,766.9612002372742,-2.592801,
2919,767.2214698791504,-1.7278591,
2920,767.4808025360107,-1.865144,
2921,767.741037607193,-1.6678437,
2922,768.0013139247894,-3.0373096,
2923,768.2609851360321,-1.315783,
2924,768.5206031799316,-1.8208907,
2925,768.7806692123413,-1.9410875,
2926,769.0406901836395,-1.8795671,
2927,769.2999656200409,-2.5155232,
2928,769.5601410865784,-1.9072216,
2929,769.8217396736145,-1.6345317,
2930,770.0816526412964,-3.8044055,
2931,770.3415656089783,-1.9502294,
2932,770.5998222827911,-1.8064884,
2933,770.860434293747,-2.7563937,
2934,771.1202290058136,-1.754843,
2935,771.3803510665894,-1.1983618,
2936,771.6402926445007,-0.91530776,
2937,771.8996396064758,-2.6630194,
2938,772.159873008728,-2.2520597,
2939,772.4195649623871,-1.885265,
2940,772.6799304485321,-1.4915321,
2941,772.9394965171814,-2.4744246,
2942,773.199649810791,-2.6379964,
2943,773.4607293605804,-1.3526464,
2944,773.7204115390778,-1.3230902,
2945,773.9803507328033,-2.0827677,
2946,774.2399866580963,-1.8226376,
2947,774.4991869926453,-1.9354012,
2948,774.7594292163849,-2.0942988,
2949,775.0193185806274,-2.560561,
2950,775.2788617610931,-1.4867446,
2951,775.5392439365387,-1.6351674,
2952,775.7990181446075,-2.9191957,
2953,776.0590534210205,-1.5421484,
2954,776.3184080123901,-3.742968,
2955,776.5779740810394,-2.6472108,
2956,776.8389642238617,-2.8584604,
2957,777.0995066165924,-2.316583,
2958,777.3591532707214,-1.6049447,
2959,777.6185262203217,-3.0377378,
2960,777.878609418869,-1.6492369,
2961,778.1383895874023,-2.0585108,
2962,778.398176908493,-1.8477881,
2963,778.6575679779053,-2.3192124,
2964,778.9183557033539,-2.298813,
2965,779.1776843070984,-1.2090607,
2966,779.4374196529388,-1.5179154,
2967,779.6976339817047,-2.0311308,
2968,779.9586355686188,-2.2302876,
2969,780.2181062698364,-2.482777,
2970,780.4774372577667,-1.3325192,
2971,780.738885641098,-2.7452521,
2972,780.9983608722687,-0.8952899,
2973,781.258359670639,-2.1165051,
2974,781.5176692008972,-2.9973648,
2975,781.7772190570831,-1.7136681,
2976,782.0365705490112,-2.111799,
2977,782.2966117858887,-3.075813,
2978,782.5569894313812,-1.5661613,
2979,782.8166077136993,-2.3937445,
2980,783.0761976242065,-1.6905582,
2981,783.3363046646118,-3.438117,
2982,783.596533536911,-1.8436439,
2983,783.8561644554138,-2.9010305,
2984,784.1171329021454,-1.6735407,
2985,784.3767538070679,-2.388523,
2986,784.6366546154022,-2.2720752,
2987,784.8959727287292,-2.211419,
2988,785.1557157039642,-2.4729986,
2989,785.4152684211731,-2.726911,
2990,785.675669670105,-1.7766169,
2991,785.935524225235,-2.218001,
2992,786.1958088874817,-2.1695483,
2993,786.4551570415497,-1.9582174,
2994,786.7151634693146,-2.507545,
2995,786.9752039909363,-2.3831944,
2996,787.2348031997681,-2.8303127,
2997,787.4951016902924,-2.8302062,
2998,787.7564473152161,-2.6830826,
2999,788.0155215263367,-3.3784518,
3000,788.4369502067566,-1.6083609,
3001,788.6962993144989,-3.2538426,
3002,788.9566724300385,-2.399242,
3003,789.2172379493713,-1.4709169,
3004,789.4774942398071,-2.3199935,
3005,789.7370281219482,-2.1493578,
3006,789.9963488578796,-1.0712438,
3007,790.2567956447601,-1.5363394,
3008,790.5166661739349,-2.1851134,
3009,790.7769408226013,-1.3475562,
3010,791.0372438430786,-1.3764348,
3011,791.2987957000732,-2.9238575,
3012,791.5586867332458,-2.8014839,
3013,791.8179857730865,-2.1794748,
3014,792.0778079032898,-1.7617042,
3015,792.33718085289,-1.0918093,
3016,792.5977339744568,-2.289541,
3017,792.8573517799377,-1.8716989,
3018,793.1172862052917,-2.6610112,
3019,793.3770716190338,-2.5420468,
3020,793.6369557380676,-2.0539594,
3021,793.8969721794128,-2.3396149,
3022,794.1564452648163,-2.7324765,
3023,794.4168179035187,-2.564126,
3024,794.6765496730804,-1.7702806,
3025,794.9366405010223,-1.5537906,
3026,795.1980044841766,-1.6586101,
3027,795.4575493335724,-2.6212955,
3028,795.7178027629852,-1.9568943,
3029,795.9772717952728,-2.2959244,
3030,796.2374501228333,-2.0337539,
3031,796.4973776340485,-2.5618653,
3032,796.7579867839813,-1.9167937,
3033,797.0183403491974,-1.8308498,
3034,797.2802655696869,-4.6065373,
3035,797.5473115444183,-1.4582131,
3036,797.8128931522369,-3.263086,
3037,798.0742316246033,-2.6349657,
3038,798.3354785442352,-1.5273659,
3039,798.5974192619324,-1.22171,
3040,798.8575732707977,-1.1780181,
3041,799.1183426380157,-0.75419617,
3042,799.3810360431671,-3.0886369,
3043,799.6490035057068,-1.7382344,
3044,799.9123241901398,-2.6732314,
3045,800.1737542152405,-2.7749891,
3046,800.4344625473022,-2.0451124,
3047,800.6952877044678,-2.1727142,
3048,800.954930305481,-1.6462926,
3049,801.2156147956848,-2.3657103,
3050,801.4757850170135,-1.2704479,
3051,801.7359957695007,-1.5425658,
3052,801.9967467784882,-1.2697151,
3053,802.2590544223785,-1.2847278,
3054,802.5249741077423,-2.3330345,
3055,802.7915391921997,-2.8093195,
3056,803.0525786876678,-1.0937943,
3057,803.3136506080627,-2.0878952,
3058,803.5740218162537,-2.2201378,
3059,803.833976984024,-2.2252185,
3060,804.0940396785736,-1.0056503,
3061,804.3539659976959,-3.3342364,
3062,804.6140229701996,-1.5988791,
3063,804.8746287822723,-1.3100892,
3064,805.1347191333771,-2.2770422,
3065,805.3947696685791,-2.157075,
3066,805.65665102005,-2.197688,
3067,805.9189102649689,-2.8810878,
3068,806.1866612434387,-2.1288204,
3069,806.4504849910736,-2.7113504,
3070,806.7118363380432,-2.133346,
3071,806.972475528717,-1.3364508,
3072,807.233255147934,-2.1168323,
3073,807.4938023090363,-2.0669951,
3074,807.7540776729584,-2.505646,
3075,808.0137157440186,-1.5601808,
3076,808.2742562294006,-1.7986081,
3077,808.5344777107239,-2.0402198,
3078,808.7948958873749,-1.8074379,
3079,809.0570502281189,-2.868755,
3080,809.3240208625793,-2.5931063,
3081,809.5878746509552,-1.7746993,
3082,809.8493142127991,-2.3005755,
3083,810.1101462841034,-1.8027488,
3084,810.3700923919678,-1.953304,
3085,810.6317269802094,-0.6626861,
3086,810.8926565647125,-2.6034784,
3087,811.1526262760162,-2.2364838,
3088,811.4125492572784,-2.5653548,
3089,811.6726553440094,-1.9846911,
3090,811.932421207428,-2.5112846,
3091,812.192507982254,-1.3159416,
3092,812.4523422718048,-2.494189,
3093,812.7126362323761,-2.7171645,
3094,812.9733703136444,-2.8024797,
3095,813.2335069179535,-2.9997053,
3096,813.4934051036835,-1.0188589,
3097,813.7552666664124,-2.0882816,
3098,814.0228168964386,-1.2517337,
3099,814.2865908145905,-2.6284251,
3100,814.7061278820038,-1.5456147,
3101,814.9645020961761,-3.1310384,
3102,815.2248237133026,-2.0580533,
3103,815.4848365783691,-2.3767657,
3104,815.7443702220917,-0.7893528,
3105,816.0037662982941,-1.9419959,
3106,816.2635009288788,-2.0280309,
3107,816.5249989032745,-1.5616814,
3108,816.7850017547607,-2.132079,
3109,817.0448551177979,-2.1089616,
3110,817.3031628131866,-2.45655,
3111,817.5638301372528,-2.4953156,
3112,817.8244478702545,-1.5356987,
3113,818.0846152305603,-1.6742542,
3114,818.3436233997345,-2.0826032,
3115,818.6029710769653,-1.5836323,
3116,818.8642721176147,-2.2307107,
3117,819.1239023208618,-2.1375213,
3118,819.3830490112305,-1.3314118,
3119,819.6432914733887,-1.6097372,
3120,819.9038300514221,-1.005476,
3121,820.1644117832184,-3.2011528,
3122,820.4234752655029,-0.9078686,
3123,820.6838865280151,-1.6989709,
3124,820.9435966014862,-2.197141,
3125,821.2031717300415,-1.8383676,
3126,821.4629039764404,-1.732989,
3127,821.722371339798,-1.0788968,
3128,821.982971906662,-2.3071547,
3129,822.2429840564728,-2.0321884,
3130,822.5037093162537,-1.9290731,
3131,822.7633056640625,-2.4688463,
3132,823.0230040550232,-2.1902168,
3133,823.2832140922546,-1.8049349,
3134,823.5436148643494,-1.9757085,
3135,823.8032026290894,-2.5432134,
3136,824.0630388259888,-2.8119774,
3137,824.3229160308838,-1.8173566,
3138,824.5823230743408,-2.0759656,
3139,824.8424096107483,-1.6067369,
3140,825.1018769741058,-3.702804,
3141,825.3623609542847,-3.2271523,
3142,825.6221024990082,-1.6336719,
3143,825.881573677063,-2.150449,
3144,826.1418509483337,-2.0775015,
3145,826.4022936820984,-1.4351286,
3146,826.6619193553925,-2.4599252,
3147,826.9219081401825,-1.8788757,
3148,827.1829876899719,-3.059757,
3149,827.4434206485748,-4.0960093,
3150,827.7028832435608,-1.800767,
3151,827.9627454280853,-1.3441194,
3152,828.2228443622589,-2.5965598,
3153,828.4827470779419,-2.3692918,
3154,828.7419111728668,-1.6833949,
3155,829.0019407272339,-2.454835,
3156,829.2624542713165,-2.2218332,
3157,829.5222580432892,-1.2471986,
3158,829.7819154262543,-2.6255524,
3159,830.0421431064606,-2.4661567,
3160,830.3023221492767,-2.0845518,
3161,830.5623097419739,-3.2565713,
3162,830.8228580951691,-1.203368,
3163,831.0822496414185,-2.2999694,
3164,831.3418822288513,-1.4417799,
3165,831.6020884513855,-2.1025796,
3166,831.8622305393219,-1.8858857,
3167,832.1225166320801,-2.8075423,
3168,832.3823053836823,-1.6979847,
3169,832.6419258117676,-1.6793125,
3170,832.9018983840942,-2.2129316,
3171,833.1618268489838,-2.1576896,
3172,833.4213285446167,-0.97973096,
3173,833.6814999580383,-2.4732854,
3174,833.9406268596649,-2.0830574,
3175,834.2020888328552,-1.8317486,
3176,834.4624328613281,-1.8732433,
3177,834.7206881046295,-1.985079,
3178,834.9805898666382,-0.8491116,
3179,835.2409286499023,-2.7213461,
3180,835.5006287097931,-0.9150523,
3181,835.7611677646637,-2.3396719,
3182,836.0203306674957,-0.9583131,
3183,836.2806708812714,-1.7784613,
3184,836.5406045913696,-1.9704566,
3185,836.8004019260406,-2.6206899,
3186,837.060694694519,-1.9166816,
3187,837.3202366828918,-2.1198158,
3188,837.5804171562195,-2.657697,
3189,837.8402347564697,-1.955756,
3190,838.1007654666901,-1.6775666,
3191,838.3602612018585,-3.138697,
3192,838.6194889545441,-1.8155626,
3193,838.880117893219,-1.912314,
3194,839.1399519443512,-4.9207225,
3195,839.3989601135254,-1.358679,
3196,839.659145116806,-1.4557841,
3197,839.9191150665283,-1.7672483,
3198,840.1796946525574,-1.4407022,
3199,840.4395518302917,-2.6232429,
3200,840.8616094589233,-1.3339877,
3201,841.1214299201965,-1.9120346,
3202,841.3827588558197,-3.5484462,
3203,841.644101858139,-3.539311,
3204,841.9042232036591,-0.6165457,
3205,842.1643612384796,-1.8001963,
3206,842.4254922866821,-1.6527401,
3207,842.6897537708282,-2.7357748,
3208,842.9574024677277,-2.394826,
3209,843.2194864749908,-2.4236107,
3210,843.4807164669037,-1.2096477,
3211,843.7413105964661,-1.8831847,
3212,844.0020821094513,-3.5013409,
3213,844.262282371521,-2.4591994,
3214,844.5226140022278,-2.1454134,
3215,844.7829251289368,-2.8153315,
3216,845.0432648658752,-1.8846647,
3217,845.3038115501404,-2.8119626,
3218,845.5646140575409,-2.5655165,
3219,845.8264622688293,-1.8993363,
3220,846.0945754051208,-1.9028974,
3221,846.3581898212433,-2.592722,
3222,846.6196160316467,-1.2706742,
3223,846.8804614543915,-2.0220094,
3224,847.1411855220795,-1.6800636,
3225,847.4012207984924,-1.421664,
3226,847.6612889766693,-1.6351521,
3227,847.9216108322144,-1.5581164,
3228,848.1818239688873,-3.0381489,
3229,848.4425585269928,-1.1549189,
3230,848.7034966945648,-2.599723,
3231,848.967857837677,-2.207591,
3232,849.235399723053,-3.4776835,
3233,849.4977741241455,-2.038191,
3234,849.759195804596,-1.1473557,
3235,850.0189611911774,-1.757529,
3236,850.2798068523407,-1.7297282,
3237,850.5399520397186,-2.00566,
3238,850.7997722625732,-2.6578958,
3239,851.0601377487183,-1.9588139,
3240,851.3204789161682,-3.0299683,
3241,851.5795063972473,-2.2348862,
3242,851.8401219844818,-1.2658122,
3243,852.1006338596344,-2.8778834,
3244,852.3594174385071,-2.3028708,
3245,852.6209006309509,-1.8161833,
3246,852.8806433677673,-2.9189603,
3247,853.1399757862091,-1.541151,
3248,853.4000606536865,-2.3090837,
3249,853.6602182388306,-2.4363997,
3250,853.9211361408234,-3.49581,
3251,854.1856961250305,-1.5636001,
3252,854.4540748596191,-1.9119722,
3253,854.7155313491821,-1.6834028,
3254,854.9779465198517,-2.1247563,
3255,855.2381024360657,-2.4055037,
3256,855.4986712932587,-2.712681,
3257,855.7596061229706,-1.0496702,
3258,856.0198657512665,-1.8988097,
3259,856.2801430225372,-3.2857952,
3260,856.5401501655579,-2.194467,
3261,856.8025960922241,-2.3176184,
3262,857.0706820487976,-2.306656,
3263,857.3349857330322,-2.628297,
3264,857.5963621139526,-1.42505,
3265,857.8573081493378,-1.1985894,
3266,858.1194341182709,-1.211612,
3267,858.3795552253723,-2.4402206,
3268,858.6406714916229,-2.4119015,
3269,858.9051921367645,-1.2894218,
3270,859.17245054245,-1.1424634,
3271,859.4351375102997,-1.2688597,
3272,859.6965177059174,-4.4824953,
3273,859.958167552948,-3.0546758,
3274,860.2177376747131,-1.6550915,
3275,860.4787735939026,-2.358973,
3276,860.7398729324341,-1.6112037,
3277,861.0051734447479,-2.3322487,
3278,861.2716410160065,-2.9250443,
3279,861.534191608429,-1.4401915,
3280,861.7959637641907,-2.7307115,
3281,862.0579867362976,-2.193972,
3282,862.3179934024811,-1.5628773,
3283,862.5782504081726,-1.0380825,
3284,862.8410794734955,-1.3650745,
3285,863.1089494228363,-1.0343301,
3286,863.3730230331421,-2.8528519,
3287,863.6348962783813,-2.811137,
3288,863.8959543704987,-1.3140643,
3289,864.1560475826263,-2.3547373,
3290,864.4167728424072,-3.1237004,
3291,864.6773934364319,-2.185549,
3292,864.9396803379059,-2.5371444,
3293,865.2062873840332,-1.5590187,
3294,865.4716463088989,-2.360889,
3295,865.7331852912903,-1.9649606,
3296,865.9959607124329,-1.5972991,
3297,866.2556519508362,-1.5391217,
3298,866.5159718990326,-2.1658466,
3299,866.7775599956512,-1.5986431,
3300,867.2008168697357,-3.0597215,
3301,867.469003200531,-1.6670545,
3302,867.7315437793732,-1.8015858,
3303,867.9944403171539,-1.3056294,
3304,868.2540402412415,-2.0633583,
3305,868.5145437717438,-2.0161955,
3306,868.7752470970154,-0.98756385,
3307,869.0345816612244,-2.6864154,
3308,869.296270608902,-2.1831243,
3309,869.5564255714417,-3.8129725,
3310,869.8176062107086,-1.7225846,
3311,870.0841283798218,-2.5190501,
3312,870.350905418396,-1.7670311,
3313,870.6120929718018,-2.0898929,
3314,870.8734245300293,-2.0204237,
3315,871.1352818012238,-1.8018185,
3316,871.3959202766418,-3.62351,
3317,871.6564679145813,-1.4235344,
3318,871.9203150272369,-3.5535302,
3319,872.187751531601,-1.8273804,
3320,872.4506578445435,-1.5483019,
3321,872.7123081684113,-1.8624797,
3322,872.9733402729034,-2.1924286,
3323,873.234130859375,-1.1271954,
3324,873.4954323768616,-1.1315295,
3325,873.7589983940125,-3.0584514,
3326,874.0284345149994,-2.123424,
3327,874.290415763855,-1.5881329,
3328,874.5517098903656,-2.529921,
3329,874.813318490982,-2.0917711,
3330,875.0730187892914,-1.9437342,
3331,875.333554983139,-1.7567674,
3332,875.595116853714,-1.8876214,
3333,875.8601620197296,-3.2051098,
3334,876.1266312599182,-1.0428394,
3335,876.3885087966919,-3.1632028,
3336,876.6502647399902,-3.7845922,
3337,876.9113669395447,-2.1731791,
3338,877.1711602210999,-1.7120663,
3339,877.4315986633301,-2.4563408,
3340,877.6922013759613,-2.5158014,
3341,877.9516055583954,-1.1667118,
3342,878.2129859924316,-1.4121845,
3343,878.4735827445984,-1.1613514,
3344,878.7366869449615,-2.9486268,
3345,879.0043251514435,-2.2373762,
3346,879.2679646015167,-1.1955479,
3347,879.5287375450134,-2.3781054,
3348,879.7892479896545,-2.2797174,
3349,880.0504207611084,-0.96079254,
3350,880.3104267120361,-2.9261239,
3351,880.5701086521149,-1.2143348,
3352,880.8307485580444,-2.5041358,
3353,881.0908517837524,-2.8276732,
3354,881.3505802154541,-3.3536825,
3355,881.6111371517181,-1.6082685,
3356,881.8727157115936,-1.9428538,
3357,882.1328058242798,-1.4578738,
3358,882.3942971229553,-2.2198436,
3359,882.6616220474243,-3.2993982,
3360,882.9258716106415,-1.7128545,
3361,883.1874752044678,-1.5268227,
3362,883.4487192630768,-2.6094718,
3363,883.708728313446,-1.5036702,
3364,883.9693019390106,-2.6843712,
3365,884.229564666748,-2.2673693,
3366,884.490035533905,-2.7847657,
3367,884.7504534721375,-1.3328838,
3368,885.0123529434204,-1.5699277,
3369,885.2758009433746,-1.9182053,
3370,885.5448606014252,-1.6461062,
3371,885.807425737381,-2.7400732,
3372,886.0686581134796,-2.0253334,
3373,886.3283803462982,-2.2926416,
3374,886.5888319015503,-2.0869148,
3375,886.8499274253845,-3.0797043,
3376,887.1111743450165,-1.5890913,
3377,887.3764877319336,-2.2979922,
3378,887.6439116001129,-2.0909057,
3379,887.9058339595795,-2.7203417,
3380,888.1667594909668,-2.4778202,
3381,888.4274525642395,-2.4826152,
3382,888.688645362854,-3.1976972,
3383,888.949202299118,-2.9334846,
3384,889.2114219665527,-2.5236883,
3385,889.4774959087372,-3.4089735,
3386,889.7426557540894,-2.4579015,
3387,890.0055782794952,-2.31365,
3388,890.2671580314636,-1.2422256,
3389,890.5273699760437,-3.5610318,
3390,890.7875492572784,-1.4791341,
3391,891.0484392642975,-2.1766138,
3392,891.3112921714783,-1.6724023,
3393,891.5792195796967,-1.1508149,
3394,891.844039440155,-1.9890733,
3395,892.1053194999695,-1.409821,
3396,892.3660225868225,-1.9214747,
3397,892.6270065307617,-1.7106295,
3398,892.8889374732971,-3.7167377,
3399,893.1515364646912,-2.9100556,
3400,893.5772213935852,-2.412202,
3401,893.84126329422,-1.8597009,
3402,894.1035647392273,-2.0474184,
3403,894.3643672466278,-1.8766364,
3404,894.6255340576172,-1.7541069,
3405,894.8859112262726,-3.0323682,
3406,895.1463298797607,-2.1735866,
3407,895.4072375297546,-2.1487086,
3408,895.6691055297852,-1.2401896,
3409,895.9364643096924,-2.9300756,
3410,896.202339887619,-2.7822335,
3411,896.4653780460358,-1.7750866,
3412,896.7254776954651,-1.0166676,
3413,896.9862008094788,-2.3369555,
3414,897.247998714447,-2.8499675,
3415,897.5150582790375,-1.7883689,
3416,897.7816922664642,-1.7283348,
3417,898.0430519580841,-1.482263,
3418,898.30433344841,-1.897786,
3419,898.5648307800293,-1.9979115,
3420,898.8257169723511,-2.0625665,
3421,899.0873606204987,-2.2120702,
3422,899.3540399074554,-1.6483654,
3423,899.620555639267,-3.1156392,
3424,899.8835299015045,-3.5307047,
3425,900.1455719470978,-2.3614202,
3426,900.4070737361908,-1.5527613,
3427,900.6728971004486,-1.4866261,
3428,900.9403386116028,-2.2872348,
3429,901.202032327652,-2.9231715,
3430,901.4629156589508,-2.9529,
3431,901.7238609790802,-2.4769735,
3432,901.984516620636,-3.4293163,
3433,902.2451651096344,-2.8964012,
3434,902.5063486099243,-0.96396697,
3435,902.7744126319885,-2.2715464,
3436,903.0412373542786,-3.3106425,
3437,903.3021950721741,-2.5506876,
3438,903.5629527568817,-2.6367278,
3439,903.8235743045807,-1.8743575,
3440,904.0840997695923,-1.4184849,
3441,904.345290184021,-1.7126305,
3442,904.6104531288147,-1.9803529,
3443,904.8781659603119,-1.4614844,
3444,905.1409161090851,-2.298302,
3445,905.4041221141815,-1.5713044,
3446,905.6657392978668,-2.142903,
3447,905.9298760890961,-1.1992366,
3448,906.1985881328583,-3.4565027,
3449,906.4605464935303,-3.3544698,
3450,906.7225036621094,-2.3628693,
3451,906.9829061031342,-2.7352262,
3452,907.243759393692,-1.6237342,
3453,907.5071713924408,-2.1065536,
3454,907.7765295505524,-1.9155765,
3455,908.0410783290863,-1.8451631,
3456,908.3025608062744,-2.578837,
3457,908.5628271102905,-2.0132425,
3458,908.8244366645813,-2.6047916,
3459,909.0922558307648,-2.8086028,
3460,909.35861992836,-1.260541,
3461,909.6203372478485,-2.1039953,
3462,909.8822681903839,-1.8920408,
3463,910.1436643600464,-1.5686469,
3464,910.4123094081879,-3.2165031,
3465,910.6786079406738,-1.4366941,
3466,910.9401988983154,-2.446102,
3467,911.2010548114777,-2.670196,
3468,911.4624240398407,-1.9973891,
3469,911.7258579730988,-2.1917386,
3470,911.9949247837067,-2.5244486,
3471,912.2587811946869,-2.4585109,
3472,912.5204980373383,-2.1937938,
3473,912.7808191776276,-2.260616,
3474,913.0437166690826,-1.4952127,
3475,913.3084187507629,-2.6941886,
3476,913.5761711597443,-2.5210981,
3477,913.8380870819092,-2.3670487,
3478,914.0989363193512,-2.2682774,
3479,914.359352350235,-3.9347796,
3480,914.6194353103638,-3.7367435,
3481,914.8798952102661,-2.8814023,
3482,915.1407697200775,-1.8527539,
3483,915.4029359817505,-1.7507641,
3484,915.6682217121124,-1.6011236,
3485,915.9345669746399,-1.9802047,
3486,916.1968750953674,-2.2870557,
3487,916.4575173854828,-2.4448395,
3488,916.7181253433228,-3.2672892,
3489,916.9781711101532,-2.5458627,
3490,917.2383139133453,-0.6939046,
3491,917.497989654541,-2.396908,
3492,917.7582080364227,-1.7859409,
3493,918.0197234153748,-2.4373825,
3494,918.2804825305939,-1.5539939,
3495,918.5412178039551,-1.4372306,
3496,918.8036417961121,-2.0332577,
3497,919.0711960792542,-1.952081,
3498,919.3340723514557,-1.4033302,
3499,919.5949733257294,-2.4513624,
3500,920.0163345336914,-4.168122,
3501,920.2764558792114,-2.5363224,
3502,920.5365359783173,-3.0563073,
3503,920.7977297306061,-3.2953086,
3504,921.0564041137695,-3.2731085,
3505,921.3161499500275,-3.1496725,
3506,921.5756330490112,-0.7216115,
3507,921.8356990814209,-1.6768571,
3508,922.0951516628265,-1.8143898,
3509,922.3548007011414,-2.012061,
3510,922.6146035194397,-2.7401748,
3511,922.8744838237762,-1.836242,
3512,923.1357715129852,-2.8930657,
3513,923.3958761692047,-1.6349072,
3514,923.6543242931366,-2.7349548,
3515,923.9141683578491,-2.2559247,
3516,924.1735103130341,-0.826385,
3517,924.4331314563751,-1.9988422,
3518,924.6925950050354,-1.9972638,
3519,924.9524528980255,-4.053352,
3520,925.2129499912262,-0.9267006,
3521,925.4717917442322,-2.8743024,
3522,925.7340977191925,-2.8347275,
3523,925.993302822113,-2.7923043,
3524,926.2520875930786,-4.245434,
3525,926.5116395950317,-1.2909278,
3526,926.7722499370575,-1.6542461,
3527,927.0312025547028,-3.3133078,
3528,927.2907950878143,-1.318708,
3529,927.5509595870972,-1.68984,
3530,927.810714006424,-2.0662084,
3531,928.0709841251373,-1.9314501,
3532,928.3327486515045,-1.562883,
3533,928.5915987491608,-2.5120947,
3534,928.8506305217743,-1.1998382,
3535,929.1107909679413,-2.7083218,
3536,929.3707036972046,-1.7310432,
3537,929.630450963974,-3.3204076,
3538,929.890554189682,-1.1490906,
3539,930.1507868766785,-3.2864907,
3540,930.4103076457977,-3.2909427,
3541,930.6699450016022,-1.1779867,
3542,930.9321720600128,-2.3359747,
3543,931.1908619403839,-1.9091307,
3544,931.4497330188751,-2.0843182,
3545,931.7096507549286,-2.5684454,
3546,931.969055891037,-1.5656215,
3547,932.2283773422241,-2.3945117,
3548,932.4883744716644,-2.8906198,
3549,932.7513029575348,-3.3767636,
3550,933.0109889507294,-1.8712028,
3551,933.2715113162994,-2.3334782,
3552,933.5312826633453,-1.7052357,
3553,933.7900869846344,-2.6714354,
3554,934.0500218868256,-2.6808395,
3555,934.309522151947,-1.3689065,
3556,934.5698745250702,-4.293736,
3557,934.8297355175018,-3.472124,
3558,935.0895998477936,-3.2921243,
3559,935.3489637374878,-1.1086073,
3560,935.6098504066467,-2.0482786,
3561,935.8713936805725,-1.4540322,
3562,936.1306822299957,-0.8127943,
3563,936.3903222084045,-2.59122,
3564,936.6497845649719,-1.7286669,
3565,936.9087302684784,-1.5325769,
3566,937.1696472167969,-2.317147,
3567,937.4296810626984,-2.091666,
3568,937.6886186599731,-1.9270331,
3569,937.9486825466156,-1.4891286,
3570,938.2099342346191,-2.077597,
3571,938.470098733902,-1.6727737,
3572,938.7296304702759,-2.064833,
3573,938.9893479347229,-1.9517946,
3574,939.24849152565,-1.626737,
3575,939.5084962844849,-1.9145644,
3576,939.7681922912598,-1.5391021,
3577,940.0277361869812,-3.013731,
3578,940.2876312732697,-1.5613848,
3579,940.5482351779938,-1.509934,
3580,940.8092939853668,-1.5211053,
3581,941.0691401958466,-2.6301534,
3582,941.3285999298096,-2.4519167,
3583,941.5883827209473,-2.3460138,
3584,941.8473949432373,-2.3927798,
3585,942.107652425766,-2.0157115,
3586,942.3679509162903,-1.6856036,
3587,942.6273441314697,-2.3997245,
3588,942.8871827125549,-2.9642184,
3589,943.147647857666,-1.5127852,
3590,943.408527135849,-1.8742048,
3591,943.6688532829285,-1.9376447,
3592,943.9285640716553,-2.9844306,
3593,944.1878881454468,-1.9799893,
3594,944.446781873703,-2.7956433,
3595,944.7066795825958,-3.2171357,
3596,944.9668583869934,-3.0066726,
3597,945.2268197536469,-2.0085397,
3598,945.4865639209747,-2.237359,
3599,945.7478113174438,-2.6258006,
3600,946.1689608097076,-1.9005983,
3601,946.4274640083313,-3.3603148,
3602,946.6871621608734,-2.2352767,
3603,946.946665763855,-1.4235147,
3604,947.207248210907,-2.4905825,
3605,947.4675800800323,-2.1943343,
3606,947.7272651195526,-2.189672,
3607,947.9870846271515,-2.6904259,
3608,948.247631072998,-2.5271401,
3609,948.5078921318054,-1.8289132,
3610,948.7670955657959,-1.4669368,
3611,949.028082370758,-1.6603993,
3612,949.2879617214203,-2.5887065,
3613,949.5473566055298,-2.041523,
3614,949.8069200515747,-1.8599266,
3615,950.0671110153198,-3.9516766,
3616,950.3266398906708,-1.574374,
3617,950.5866906642914,-1.3050469,
3618,950.847042798996,-3.022621,
3619,951.107048034668,-2.302362,
3620,951.3666379451752,-2.1964872,
3621,951.626612663269,-2.2241275,
3622,951.8868947029114,-1.892106,
3623,952.1463716030121,-2.98868,
3624,952.4070649147034,-2.4238007,
3625,952.6677856445312,-2.3398914,
3626,952.927232503891,-1.9136919,
3627,953.1867108345032,-1.2111304,
3628,953.4465401172638,-1.9985201,
3629,953.7059683799744,-3.104035,
3630,953.9662952423096,-2.1168184,
3631,954.2263450622559,-3.340508,
3632,954.4860677719116,-2.2287645,
3633,954.7456789016724,-2.6617754,
3634,955.0057818889618,-3.4271464,
3635,955.2657814025879,-1.5898592,
3636,955.5259063243866,-2.0978208,
3637,955.7851362228394,-2.2807376,
3638,956.0455179214478,-3.8242848,
3639,956.3071188926697,-2.035234,
3640,956.566061258316,-2.2008235,
3641,956.8256890773773,-2.7803106,
3642,957.0854063034058,-1.5482893,
3643,957.3453547954559,-1.9573636,
3644,957.6052749156952,-1.4339986,
3645,957.8647117614746,-2.18151,
3646,958.1246292591095,-1.3434713,
3647,958.3851103782654,-2.0201907,
3648,958.6455421447754,-2.4079938,
3649,958.9048149585724,-2.456329,
3650,959.1642136573792,-1.3309848,
3651,959.4246029853821,-2.62654,
3652,959.6853857040405,-1.8109043,
3653,959.9461266994476,-1.9741695,
3654,960.2052652835846,-2.2491343,
3655,960.4646100997925,-1.9071345,
3656,960.7244613170624,-2.4836318,
3657,960.9844224452972,-1.6810682,
3658,961.2440552711487,-1.9282115,
3659,961.5040628910065,-1.6748888,
3660,961.7638902664185,-3.0298314,
3661,962.0236079692841,-2.4139247,
3662,962.283821105957,-2.2213814,
3663,962.5438964366913,-3.165882,
3664,962.8035364151001,-1.1679631,
3665,963.0632469654083,-1.9892745,
3666,963.3249471187592,-1.8150785,
3667,963.5850281715393,-2.1746702,
3668,963.8433525562286,-1.6473631,
3669,964.1029312610626,-2.9420438,
3670,964.3628413677216,-1.4453344,
3671,964.6230716705322,-1.8398252,
3672,964.8827977180481,-2.494024,
3673,965.1425993442535,-1.2236414,
3674,965.402530670166,-2.4831824,
3675,965.662351846695,-2.077957,
3676,965.9226524829865,-2.5566392,
3677,966.1823744773865,-2.1586626,
3678,966.4421942234039,-2.5376735,
3679,966.7019703388214,-1.7668986,
3680,966.9631514549255,-1.7896951,
3681,967.2232048511505,-2.1472795,
3682,967.482070684433,-2.237115,
3683,967.7421457767487,-1.9228663,
3684,968.0016930103302,-3.0042882,
3685,968.2617857456207,-2.9064841,
3686,968.5223290920258,-0.7147471,
3687,968.7822022438049,-2.5986977,
3688,969.0413117408752,-2.2657857,
3689,969.3009579181671,-2.0282693,
3690,969.56094622612,-2.5313065,
3691,969.8210484981537,-2.2414305,
3692,970.0808689594269,-2.0955977,
3693,970.3421347141266,-2.2946422,
3694,970.6020953655243,-1.5932131,
3695,970.8612310886383,-2.5429416,
3696,971.1210494041443,-1.7593555,
3697,971.380998134613,-1.9166973,
3698,971.6404228210449,-3.6055195,
3699,971.900289773941,-2.3327267,
3700,972.320734500885,-2.102943,
3701,972.5800821781158,-1.4373164,
3702,972.8400418758392,-1.9549743,
3703,973.1001160144806,-3.1026893,
3704,973.3600611686707,-2.2229896,
3705,973.6199040412903,-2.7545109,
3706,973.8814804553986,-2.2559245,
3707,974.1413068771362,-1.6921535,
3708,974.4003438949585,-1.6559355,
3709,974.6605360507965,-1.8676889,
3710,974.9197125434875,-1.623851,
3711,975.1800301074982,-2.0978985,
3712,975.4397900104523,-1.6686239,
3713,975.6996443271637,-2.1900392,
3714,975.9594361782074,-1.9108655,
3715,976.2194495201111,-3.0655818,
3716,976.4793660640717,-2.6313539,
3717,976.7387518882751,-2.0048168,
3718,976.9986863136292,-2.7768655,
3719,977.2588028907776,-2.0595028,
3720,977.5207090377808,-1.8161387,
3721,977.7803313732147,-2.412429,
3722,978.0397834777832,-2.6763802,
3723,978.2997181415558,-2.638427,
3724,978.5593891143799,-3.1390343,
3725,978.8192610740662,-2.5366116,
3726,979.0794134140015,-2.2105064,
3727,979.3390226364136,-3.0572326,
3728,979.5982797145844,-2.7384586,
3729,979.8581147193909,-2.6710927,
3730,980.1180031299591,-1.9718299,
3731,980.3782732486725,-2.1026907,
3732,980.6378426551819,-1.5448452,
3733,980.8990054130554,-2.121324,
3734,981.1592290401459,-1.7938211,
3735,981.4190402030945,-1.7165465,
3736,981.6788053512573,-2.5683484,
3737,981.9388875961304,-2.050561,
3738,982.1980514526367,-1.6734815,
3739,982.4579122066498,-2.7342272,
3740,982.718270778656,-1.9774917,
3741,982.9776146411896,-1.3063549,
3742,983.2382612228394,-2.356658,
3743,983.4980404376984,-2.9733536,
3744,983.7578635215759,-1.7578454,
3745,984.0175673961639,-2.0081413,
3746,984.2777218818665,-2.3471549,
3747,984.538907289505,-2.3003883,
3748,984.7983791828156,-2.5123394,
3749,985.0580172538757,-1.5870577,
3750,985.317756652832,-2.0116696,
3751,985.5774490833282,-2.1768074,
3752,985.8375854492188,-1.4531587,
3753,986.0972900390625,-2.486748,
3754,986.3575572967529,-3.9733768,
3755,986.6171956062317,-1.9181998,
3756,986.8767573833466,-2.098986,
3757,987.1355934143066,-2.456391,
3758,987.3951959609985,-3.9078746,
3759,987.6558368206024,-1.7302443,
3760,987.9158802032471,-1.5948827,
3761,988.1757414340973,-1.9933355,
3762,988.4374368190765,-1.1923496,
3763,988.6975405216217,-1.8660828,
3764,988.9568388462067,-1.3806584,
3765,989.2170288562775,-1.0843637,
3766,989.4765167236328,-1.7573913,
3767,989.736927986145,-1.9565152,
3768,989.9971933364868,-1.9425154,
3769,990.2566289901733,-2.2336566,
3770,990.5175223350525,-1.4647799,
3771,990.7782466411591,-1.2151728,
3772,991.0415666103363,-1.4954939,
3773,991.3102283477783,-2.333615,
3774,991.5722124576569,-2.0347497,
3775,991.8331034183502,-2.1916318,
3776,992.0953273773193,-1.4059737,
3777,992.3556447029114,-2.823917,
3778,992.6160173416138,-2.0810084,
3779,992.8754761219025,-2.7873373,
3780,993.1356148719788,-1.9692659,
3781,993.3951146602631,-2.2413745,
3782,993.6558372974396,-1.85975,
3783,993.9161279201508,-2.3726063,
3784,994.1757121086121,-1.5789106,
3785,994.4361717700958,-1.4800559,
3786,994.6966800689697,-1.807827,
3787,994.9603967666626,-4.2346563,
3788,995.2284159660339,-1.3968085,
3789,995.4906787872314,-2.4718118,
3790,995.7539775371552,-2.3436718,
3791,996.0136823654175,-3.3094995,
3792,996.2740180492401,-2.6386764,
3793,996.5339095592499,-1.5008249,
3794,996.7938878536224,-2.1323276,
3795,997.0535662174225,-1.3521042,
3796,997.3142995834351,-1.8926557,
3797,997.5746781826019,-2.3194845,
3798,997.8349132537842,-1.6164484,
3799,998.0946686267853,-3.5340261,
3800,998.5164306163788,-1.7784078,
3801,998.7765505313873,-1.8867133,
3802,999.0422320365906,-2.059796,
3803,999.3096675872803,-2.4583335,
3804,999.5712327957153,-1.8664579,
3805,999.8314056396484,-1.9294761,
3806,1000.0915577411652,-2.8710725,
3807,1000.3517553806305,-1.587613,
3808,1000.6124112606049,-1.3295007,
3809,1000.8730762004852,-2.4192567,
3810,1001.1322841644287,-1.6640712,
3811,1001.3922009468079,-1.520855,
3812,1001.6516053676605,-1.1862198,
3813,1001.9119505882263,-2.1458402,
3814,1002.1722013950348,-3.6871312,
3815,1002.4324913024902,-2.4613519,
3816,1002.6942574977875,-2.7905264,
3817,1002.9567544460297,-1.755303,
3818,1003.2233352661133,-1.5784861,
3819,1003.4883666038513,-1.1180158,
3820,1003.7495679855347,-1.6288137,
3821,1004.010556936264,-2.3134604,
3822,1004.2709860801697,-1.8584417,
3823,1004.5309255123138,-2.4395263,
3824,1004.792112827301,-2.1043708,
3825,1005.0517418384552,-2.090622,
3826,1005.3123443126678,-2.7715974,
3827,1005.5722010135651,-1.8805814,
3828,1005.8320696353912,-2.6635163,
3829,1006.0933673381805,-2.2938123,
3830,1006.3570005893707,-1.5074114,
3831,1006.6269176006317,-3.1174524,
3832,1006.8895235061646,-3.2884986,
3833,1007.1498761177063,-2.6265373,
3834,1007.4108445644379,-2.161349,
3835,1007.6716060638428,-2.2415628,
3836,1007.9318151473999,-1.8517475,
3837,1008.1932010650635,-1.6950692,
3838,1008.4579105377197,-2.86273,
3839,1008.7263000011444,-1.643444,
3840,1008.98841381073,-3.3776145,
3841,1009.2502672672272,-1.3449064,
3842,1009.510347366333,-2.2309222,
3843,1009.7712919712067,-2.4022489,
3844,1010.0344944000244,-1.8416262,
3845,1010.3023610115051,-1.5053362,
3846,1010.5666317939758,-1.2859885,
3847,1010.8284447193146,-2.2551622,
3848,1011.0892734527588,-2.5712333,
3849,1011.3501539230347,-2.3653996,
3850,1011.611114025116,-1.8715079,
3851,1011.8730802536011,-2.016902,
3852,1012.1404423713684,-2.1862547,
3853,1012.4062743186951,-1.6651354,
3854,1012.668060541153,-1.8703787,
3855,1012.9289555549622,-1.015745,
3856,1013.1896636486053,-1.8556573,
3857,1013.4507420063019,-2.003498,
3858,1013.7159647941589,-2.467251,
3859,1013.9845085144043,-3.121418,
3860,1014.2471010684967,-2.0220566,
3861,1014.5085053443909,-1.6924715,
3862,1014.7693028450012,-1.5140924,
3863,1015.0308346748352,-3.5828712,
3864,1015.2943370342255,-2.1990416,
3865,1015.5639786720276,-3.4067397,
3866,1015.8265216350555,-2.7225013,
3867,1016.0875859260559,-1.5060666,
3868,1016.3491270542145,-1.6869855,
3869,1016.6109328269958,-2.352492,
3870,1016.8785176277161,-2.4963932,
3871,1017.1447250843048,-2.2657259,
3872,1017.4079077243805,-1.4683281,
3873,1017.6691222190857,-1.8278515,
3874,1017.9297895431519,-2.4808671,
3875,1018.1948697566986,-2.0073636,
3876,1018.4634799957275,-3.035947,
3877,1018.7261097431183,-1.8257325,
3878,1018.9872708320618,-2.6357803,
3879,1019.2478337287903,-1.256229,
3880,1019.5094082355499,-2.1490493,
3881,1019.7743496894836,-2.051784,
3882,1020.0434000492096,-1.9469779,
3883,1020.3050484657288,-2.2458134,
3884,1020.5667972564697,-1.7588029,
3885,1020.8277549743652,-2.8499973,
3886,1021.0921723842621,-1.8448545,
3887,1021.3611125946045,-2.2779846,
3888,1021.6242554187775,-3.0036607,
3889,1021.8863611221313,-2.05445,
3890,1022.1465954780579,-2.9941733,
3891,1022.4072422981262,-2.5204766,
3892,1022.668958902359,-1.2912616,
3893,1022.9346718788147,-2.1084268,
3894,1023.2009835243225,-2.0320206,
3895,1023.4635632038116,-2.9006343,
3896,1023.7247583866119,-1.9977849,
3897,1023.9853801727295,-3.5015152,
3898,1024.2456238269806,-2.6446533,
3899,1024.5063395500183,-2.8203077,
3900,1024.9293253421783,-1.8904293,
3901,1025.1884083747864,-2.4223926,
3902,1025.4500970840454,-2.755482,
3903,1025.7171080112457,-1.8262568,
3904,1025.9801840782166,-2.3212683,
3905,1026.2413210868835,-1.9162132,
3906,1026.5021920204163,-3.2316456,
3907,1026.7630395889282,-2.2106493,
3908,1027.022759437561,-2.9620962,
3909,1027.2827279567719,-1.8729619,
3910,1027.5426681041718,-2.1314616,
3911,1027.8031952381134,-1.9478197,
3912,1028.0621628761292,-2.5253322,
3913,1028.321802854538,-1.6586671,
3914,1028.5828111171722,-2.2541456,
3915,1028.8435995578766,-2.1224325,
3916,1029.10258603096,-1.8633549,
3917,1029.3619740009308,-2.6931064,
3918,1029.6217296123505,-3.580803,
3919,1029.8814342021942,-2.3990755,
3920,1030.1416029930115,-2.308609,
3921,1030.4013137817383,-2.4207394,
3922,1030.6606810092926,-2.2263427,
3923,1030.9199569225311,-1.3966656,
3924,1031.1798975467682,-2.2116728,
3925,1031.4403438568115,-2.780371,
3926,1031.700166940689,-2.156757,
3927,1031.9597189426422,-1.4986088,
3928,1032.2212731838226,-2.7698689,
3929,1032.480844259262,-0.47908273,
3930,1032.7406494617462,-1.1335143,
3931,1032.9997942447662,-1.6980255,
3932,1033.2594649791718,-1.4224602,
3933,1033.5189580917358,-2.3627923,
3934,1033.779058933258,-3.057811,
3935,1034.0394303798676,-2.9580827,
3936,1034.2984836101532,-1.0592886,
3937,1034.5579969882965,-1.4565743,
3938,1034.8179426193237,-2.8901258,
3939,1035.0782041549683,-2.445665,
3940,1035.3384573459625,-2.9523964,
3941,1035.5984807014465,-2.193771,
3942,1035.8593282699585,-2.684491,
3943,1036.1193797588348,-1.8165537,
3944,1036.3782761096954,-1.2464222,
3945,1036.6382505893707,-1.6359396,
3946,1036.8976550102234,-2.6095448,
3947,1037.1569645404816,-3.5016086,
3948,1037.4169049263,-2.1110005,
3949,1037.6768305301666,-1.773539,
3950,1037.9371011257172,-1.7892048,
3951,1038.1968457698822,-1.7569268,
3952,1038.4565026760101,-2.2728658,
3953,1038.7162985801697,-2.2695363,
3954,1038.976266860962,-1.7051628,
3955,1039.2366607189178,-0.8623221,
3956,1039.4985101222992,-2.5402355,
3957,1039.7575500011444,-2.9530945,
3958,1040.0168192386627,-2.2060184,
3959,1040.2763969898224,-1.3449682,
3960,1040.5362346172333,-1.931188,
3961,1040.7961156368256,-1.7502533,
3962,1041.0560371875763,-2.5500765,
3963,1041.3162302970886,-1.6557251,
3964,1041.57639336586,-1.9111506,
3965,1041.8358538150787,-3.5719886,
3966,1042.0953967571259,-1.4360238,
3967,1042.355174779892,-2.4350216,
3968,1042.615019083023,-0.96751153,
3969,1042.876348733902,-3.136293,
3970,1043.137106180191,-1.7841946,
3971,1043.39572930336,-2.2139533,
3972,1043.654935836792,-2.1397138,
3973,1043.9152612686157,-2.7158856,
3974,1044.1755073070526,-2.0675635,
3975,1044.435081243515,-1.2471812,
3976,1044.694919347763,-2.2419994,
3977,1044.9548001289368,-2.6339636,
3978,1045.2148637771606,-2.3533032,
3979,1045.4748706817627,-2.2861664,
3980,1045.7351832389832,-1.7162626,
3981,1045.9946484565735,-0.94233084,
3982,1046.254252910614,-2.0317535,
3983,1046.5157887935638,-1.7729435,
3984,1046.7760989665985,-1.8474715,
3985,1047.034916639328,-1.3916793,
3986,1047.294801235199,-1.8504117,
3987,1047.5542511940002,-2.4555042,
3988,1047.8142657279968,-1.7369368,
3989,1048.0747005939484,-2.9309933,
3990,1048.334409236908,-1.5441586,
3991,1048.594130039215,-2.1884186,
3992,1048.8539452552795,-1.0141257,
3993,1049.1141970157623,-1.9434878,
3994,1049.3742628097534,-1.7902905,
3995,1049.634015083313,-1.9671676,
3996,1049.8934137821198,-2.3831556,
3997,1050.154751777649,-1.4781677,
3998,1050.414496421814,-2.5362992,
3999,1050.6737971305847,-2.3887873,
4000,1051.0941941738129,-1.5996728,
4001,1051.3537058830261,-1.3280562,
4002,1051.6134004592896,-1.2959471,
4003,1051.8733105659485,-1.7967939,
4004,1052.132913351059,-2.0737789,
4005,1052.392885684967,-2.73491,
4006,1052.6529171466827,-3.2192755,
4007,1052.9133474826813,-1.596201,
4008,1053.1728010177612,-2.0614824,
4009,1053.4327981472015,-1.5643653,
4010,1053.6943368911743,-1.6978989,
4011,1053.9543149471283,-3.4721053,
4012,1054.2134943008423,-3.3803244,
4013,1054.473284482956,-1.7238479,
4014,1054.7330260276794,-1.9783726,
4015,1054.9923088550568,-1.3749888,
4016,1055.2524242401123,-3.0784395,
4017,1055.5123982429504,-1.7336729,
4018,1055.772893190384,-1.6609434,
4019,1056.032478094101,-1.5937512,
4020,1056.2926533222198,-2.9958143,
4021,1056.5519194602966,-2.8713865,
4022,1056.8119931221008,-1.499404,
4023,1057.0727767944336,-2.031804,
4024,1057.3334872722626,-1.1814212,
4025,1057.5936434268951,-2.7088065,
4026,1057.8526346683502,-2.9043024,
4027,1058.112472295761,-0.82125735,
4028,1058.3727073669434,-1.7099061,
4029,1058.6321561336517,-2.7313018,
4030,1058.8918690681458,-1.5446088,
4031,1059.1517615318298,-2.5211406,
4032,1059.4120535850525,-1.7539271,
4033,1059.6717400550842,-2.853267,
4034,1059.9313416481018,-1.6344082,
4035,1060.1913335323334,-2.2010946,
4036,1060.4512012004852,-2.6699457,
4037,1060.7111914157867,-2.1342494,
4038,1060.9727985858917,-2.4649594,
4039,1061.2325756549835,-4.719059,
4040,1061.4920239448547,-2.3617015,
4041,1061.7523736953735,-1.9961433,
4042,1062.0117709636688,-3.1435986,
4043,1062.271454334259,-2.2294223,
4044,1062.5314500331879,-2.6407676,
4045,1062.791953086853,-1.7335298,
4046,1063.0515410900116,-2.5280898,
4047,1063.3111321926117,-3.0822382,
4048,1063.570806980133,-1.3462384,
4049,1063.8311088085175,-1.6816599,
4050,1064.090981245041,-1.8177783,
4051,1064.3503336906433,-2.4372175,
4052,1064.611943244934,-1.8383067,
4053,1064.871940612793,-2.1296265,
4054,1065.1315710544586,-3.195546,
4055,1065.3908414840698,-1.6935866,
4056,1065.650686264038,-1.6244833,
4057,1065.91055393219,-2.4241939,
4058,1066.1709189414978,-2.4985595,
4059,1066.4304943084717,-2.3335345,
4060,1066.6904273033142,-3.1282005,
4061,1066.950186252594,-1.5986834,
4062,1067.2106366157532,-2.064466,
4063,1067.4708490371704,-2.2319565,
4064,1067.7301721572876,-2.604649,
4065,1067.9898927211761,-1.9573903,
4066,1068.2506370544434,-3.155129,
4067,1068.5115492343903,-1.9617672,
4068,1068.7705292701721,-2.2606962,
4069,1069.0300459861755,-1.6943743,
4070,1069.2901556491852,-3.0490088,
4071,1069.5499153137207,-2.2010746,
4072,1069.8097929954529,-1.5481277,
4073,1070.0696096420288,-2.3134997,
4074,1070.3297011852264,-2.1827898,
4075,1070.5893385410309,-1.5994291,
4076,1070.8498208522797,-1.6434673,
4077,1071.1090805530548,-2.1961052,
4078,1071.368717432022,-1.6335869,
4079,1071.630155324936,-2.3859668,
4080,1071.8903172016144,-1.9768945,
4081,1072.1497340202332,-1.0237043,
4082,1072.4090511798859,-1.3516371,
4083,1072.6684625148773,-1.568686,
4084,1072.9286489486694,-2.3764315,
4085,1073.1886687278748,-1.3741527,
4086,1073.4485964775085,-2.8972158,
4087,1073.7082211971283,-1.7970979,
4088,1073.9682621955872,-2.6374516,
4089,1074.228336572647,-2.615538,
4090,1074.4881319999695,-2.5808187,
4091,1074.7479932308197,-2.717826,
4092,1075.0092372894287,-1.6415509,
4093,1075.269061088562,-1.9576547,
4094,1075.528713464737,-1.5116867,
4095,1075.7879815101624,-1.7945962,
4096,1076.0477743148804,-2.674026,
4097,1076.3076796531677,-1.840641,
4098,1076.5677692890167,-1.8390328,
4099,1076.8280146121979,-2.6184776,
4100,1077.2481348514557,-3.0996463,
4101,1077.5076549053192,-2.3143108,
4102,1077.7682104110718,-1.8896595,
4103,1078.0280220508575,-1.4071877,
4104,1078.2875573635101,-1.867171,
4105,1078.5478880405426,-1.6122787,
4106,1078.8099689483643,-2.739017,
4107,1079.0692856311798,-1.3054212,
4108,1079.3288662433624,-1.8027146,
4109,1079.5888404846191,-2.001563,
4110,1079.8489332199097,-2.081482,
4111,1080.1086914539337,-2.1253586,
4112,1080.3684043884277,-2.8179169,
4113,1080.6282134056091,-2.086974,
4114,1080.888273715973,-2.188099,
4115,1081.1479818820953,-3.2881773,
4116,1081.4076664447784,-1.8023432,
4117,1081.667221069336,-1.9569209,
4118,1081.9280078411102,-2.583231,
4119,1082.1889657974243,-2.8148541,
4120,1082.449092388153,-1.0499406,
4121,1082.7088351249695,-3.1076474,
4122,1082.9700331687927,-1.9495118,
4123,1083.2341663837433,-1.2109563,
4124,1083.5019495487213,-1.7856597,
4125,1083.7640929222107,-1.6488333,
4126,1084.024670124054,-1.2683768,
4127,1084.2850108146667,-3.033824,
4128,1084.5454559326172,-1.8948721,
4129,1084.805958032608,-2.2354276,
4130,1085.0655720233917,-1.8205435,
4131,1085.3254199028015,-1.431555,
4132,1085.5858047008514,-1.914774,
4133,1085.8472542762756,-1.8449242,
4134,1086.1065003871918,-2.0641649,
4135,1086.3658254146576,-2.4678354,
4136,1086.6255865097046,-3.152223,
4137,1086.8871245384216,-1.5416974,
4138,1087.1484298706055,-2.8432176,
4139,1087.408947467804,-1.3533651,
4140,1087.6738452911377,-1.2151841,
4141,1087.9409379959106,-3.1055586,
4142,1088.2028543949127,-2.2975545,
4143,1088.4642343521118,-2.5344696,
4144,1088.7245273590088,-2.722184,
4145,1088.9850542545319,-1.2957598,
4146,1089.2460641860962,-1.2271607,
4147,1089.5057666301727,-0.83649915,
4148,1089.7658905982971,-1.0831889,
4149,1090.0252294540405,-1.672647,
4150,1090.28613114357,-1.3887671,
4151,1090.5470535755157,-2.1762176,
4152,1090.8075411319733,-1.8026402,
4153,1091.0694525241852,-1.0578817,
4154,1091.336426973343,-2.1720424,
4155,1091.601059436798,-1.3226986,
4156,1091.8625185489655,-1.3338473,
4157,1092.1226091384888,-1.6979604,
4158,1092.3828084468842,-2.291029,
4159,1092.6436593532562,-1.6815338,
4160,1092.9052951335907,-1.2608128,
4161,1093.1652414798737,-1.0700363,
4162,1093.4250135421753,-2.263854,
4163,1093.685119152069,-1.9629551,
4164,1093.944890499115,-1.6101365,
4165,1094.2052431106567,-2.440693,
4166,1094.466182231903,-2.1262822,
4167,1094.729245185852,-1.89434,
4168,1094.9959218502045,-1.9373966,
4169,1095.2593891620636,-1.6817794,
4170,1095.5210120677948,-1.4508492,
4171,1095.7813274860382,-1.324693,
4172,1096.0413174629211,-2.1443791,
4173,1096.301952123642,-2.145688,
4174,1096.56325173378,-2.4212215,
4175,1096.823415517807,-2.0154784,
4176,1097.0825307369232,-1.2777574,
4177,1097.342868566513,-1.9580526,
4178,1097.6028854846954,-1.8156531,
4179,1097.8621842861176,-1.2755566,
4180,1098.122502565384,-1.5183035,
4181,1098.3826518058777,-1.418923,
4182,1098.642740726471,-3.2904692,
4183,1098.9022841453552,-2.3669567,
4184,1099.1628341674805,-1.7278832,
4185,1099.4228475093842,-1.4759607,
4186,1099.6823694705963,-0.87352586,
4187,1099.9424114227295,-1.9128969,
4188,1100.2036933898926,-1.8328342,
4189,1100.4633073806763,-2.1174102,
4190,1100.7232563495636,-2.2410717,
4191,1100.983853816986,-2.0043588,
4192,1101.2448563575745,-3.7328672,
4193,1101.5091938972473,-2.0504844,
4194,1101.7762567996979,-2.930737,
4195,1102.038248538971,-3.2020407,
4196,1102.2993204593658,-1.3736426,
4197,1102.5594696998596,-2.5337653,
4198,1102.8203511238098,-0.9159525,
4199,1103.0806398391724,-1.7613997,
4200,1103.5007293224335,-2.9056284,
4201,1103.76083111763,-2.4671805,
4202,1104.0203368663788,-1.9916062,
4203,1104.2793066501617,-2.7448416,
4204,1104.5396282672882,-2.200434,
4205,1104.7991931438446,-2.533908,
4206,1105.058895111084,-2.5515704,
4207,1105.3193426132202,-2.5181224,
4208,1105.5793480873108,-2.2233942,
4209,1105.839405298233,-2.1544542,
4210,1106.1000142097473,-1.3143228,
4211,1106.359848022461,-1.8466101,
4212,1106.6191244125366,-2.2669458,
4213,1106.879346370697,-2.882615,
4214,1107.139122247696,-1.8384917,
4215,1107.4005641937256,-2.9845834,
4216,1107.6602666378021,-2.6785302,
4217,1107.9201719760895,-2.7434201,
4218,1108.1796116828918,-1.7915914,
4219,1108.4397518634796,-2.9922347,
4220,1108.699543952942,-2.151791,
4221,1108.9593408107758,-2.7588835,
4222,1109.2199356555939,-2.2908154,
4223,1109.479856967926,-2.194084,
4224,1109.7403519153595,-2.4056392,
4225,1110.0011467933655,-2.9789402,
4226,1110.2634935379028,-2.5188022,
4227,1110.530944108963,-2.498469,
4228,1110.794753074646,-1.9413531,
4229,1111.0575387477875,-1.8304062,
4230,1111.3182618618011,-1.6589836,
4231,1111.5782771110535,-2.4080257,
4232,1111.8384239673615,-3.4851146,
4233,1112.0988919734955,-3.0765057,
4234,1112.3591957092285,-2.3311841,
4235,1112.6190898418427,-2.0739975,
4236,1112.8799700737,-2.9176576,
4237,1113.140771150589,-2.3379533,
4238,1113.404455423355,-1.3345538,
4239,1113.6716554164886,-2.1641164,
4240,1113.9346406459808,-1.6934801,
4241,1114.1958906650543,-2.0617962,
4242,1114.4568364620209,-2.0668254,
4243,1114.7182066440582,-2.0306234,
4244,1114.9781544208527,-1.6942647,
4245,1115.2380485534668,-1.0572152,
4246,1115.4983086585999,-1.582042,
4247,1115.7582335472107,-1.2506065,
4248,1116.018140077591,-2.1430073,
4249,1116.2786753177643,-2.7401414,
4250,1116.5386884212494,-3.5889194,
4251,1116.7999868392944,-2.9309483,
4252,1117.0628695487976,-2.0166495,
4253,1117.3298358917236,-1.7454435,
4254,1117.5927410125732,-0.8910458,
4255,1117.8537793159485,-2.2102418,
4256,1118.1148188114166,-2.739831,
4257,1118.3764412403107,-1.3678501,
4258,1118.6355698108673,-2.0735202,
4259,1118.8956744670868,-1.7796874,
4260,1119.1554355621338,-2.1152093,
4261,1119.4155495166779,-2.8528028,
4262,1119.6751465797424,-2.2875497,
4263,1119.9352192878723,-2.3727052,
4264,1120.195191860199,-2.2077625,
4265,1120.4542288780212,-1.3479954,
4266,1120.7148096561432,-2.5513911,
4267,1120.974812746048,-2.1233568,
4268,1121.2346277236938,-2.3011413,
4269,1121.4945487976074,-2.095569,
4270,1121.754863500595,-1.6749434,
4271,1122.0153906345367,-2.2504187,
4272,1122.2750580310822,-2.2442098,
4273,1122.5343313217163,-1.7383579,
4274,1122.7945086956024,-3.352917,
4275,1123.0541553497314,-2.8324194,
4276,1123.3142433166504,-2.7034752,
4277,1123.574238538742,-2.4989157,
4278,1123.8343098163605,-1.9748905,
4279,1124.0939185619354,-2.7607715,
4280,1124.352988243103,-1.2111707,
4281,1124.613196849823,-2.0841932,
4282,1124.8730037212372,-1.2065897,
4283,1125.1328756809235,-2.440117,
4284,1125.3923881053925,-3.9458919,
4285,1125.6531167030334,-2.2291708,
4286,1125.9128489494324,-1.5879664,
4287,1126.172532081604,-1.9907885,
4288,1126.4319145679474,-3.1763744,
4289,1126.6913676261902,-1.4247946,
4290,1126.951316833496,-1.1823734,
4291,1127.2112243175507,-1.9040133,
4292,1127.4705789089203,-1.1735736,
4293,1127.7310597896576,-1.3064637,
4294,1127.9908747673035,-1.605196,
4295,1128.2506787776947,-1.5386449,
4296,1128.5110087394714,-2.6518173,
4297,1128.7708547115326,-1.8289393,
4298,1129.0307595729828,-2.1219957,
4299,1129.291895866394,-1.750188,
4300,1129.7116107940674,-2.4220324,
4301,1129.9701399803162,-2.3457253,
4302,1130.2292232513428,-2.6302335,
4303,1130.4881722927094,-2.3333235,
4304,1130.7477252483368,-1.718444,
4305,1131.008751630783,-1.9161118,
4306,1131.2685244083405,-2.0669143,
4307,1131.5276861190796,-1.7517784,
4308,1131.7878119945526,-1.7929585,
4309,1132.0475788116455,-1.3005291,
4310,1132.3077070713043,-1.577879,
4311,1132.5674302577972,-3.1520057,
4312,1132.8286736011505,-2.070883,
4313,1133.08797621727,-2.417324,
4314,1133.3474485874176,-0.964068,
4315,1133.607782125473,-2.431598,
4316,1133.8676545619965,-1.8292487,
4317,1134.126859664917,-3.035822,
4318,1134.3865592479706,-1.3945458,
4319,1134.6465747356415,-2.4619303,
4320,1134.9062509536743,-2.7800994,
4321,1135.1659195423126,-2.1979373,
4322,1135.4262382984161,-3.4619248,
4323,1135.6863069534302,-1.4007524,
4324,1135.9465599060059,-2.0552275,
4325,1136.2077877521515,-1.7493553,
4326,1136.4680397510529,-2.4351509,
4327,1136.7276511192322,-1.8985637,
4328,1136.9866406917572,-1.1489182,
4329,1137.246834039688,-1.2520593,
4330,1137.5059485435486,-2.6581926,
4331,1137.7663397789001,-2.1057653,
4332,1138.0259773731232,-2.018663,
4333,1138.2853968143463,-1.615292,
4334,1138.5454907417297,-2.277214,
4335,1138.8054747581482,-1.6301955,
4336,1139.065928220749,-1.8221612,
4337,1139.3257236480713,-2.030506,
4338,1139.585593700409,-1.363139,
4339,1139.8455500602722,-1.7446461,
4340,1140.1071531772614,-2.9453413,
4341,1140.3668975830078,-1.40131,
4342,1140.6255831718445,-2.305431,
4343,1140.8855249881744,-2.062121,
4344,1141.1446652412415,-1.394497,
4345,1141.404445886612,-2.91891,
4346,1141.664321899414,-4.144309,
4347,1141.9245455265045,-1.9417448,
4348,1142.1848714351654,-2.6142516,
4349,1142.4441378116608,-2.511736,
4350,1142.7042202949524,-2.1269789,
4351,1142.9647612571716,-2.1108465,
4352,1143.224243402481,-1.8631897,
4353,1143.4849536418915,-2.161414,
4354,1143.7459859848022,-1.9345932,
4355,1144.0052270889282,-2.4541395,
4356,1144.264799118042,-1.6538638,
4357,1144.5245258808136,-2.047913,
4358,1144.7842419147491,-3.5681756,
4359,1145.0446064472198,-2.3172255,
4360,1145.3038418293,-1.9321232,
4361,1145.5640046596527,-2.1019475,
4362,1145.8235096931458,-2.6298163,
4363,1146.0830755233765,-3.324607,
4364,1146.3431928157806,-1.9458857,
4365,1146.602866411209,-2.4858723,
4366,1146.8635499477386,-3.6683383,
4367,1147.1243147850037,-2.9299517,
4368,1147.3847603797913,-1.8857939,
4369,1147.6444416046143,-1.2149568,
4370,1147.9035770893097,-1.1822858,
4371,1148.1630809307098,-1.8911507,
4372,1148.4238271713257,-2.053615,
4373,1148.6833770275116,-1.5973063,
4374,1148.943120956421,-1.8196825,
4375,1149.2029166221619,-1.8314967,
4376,1149.4638953208923,-2.499066,
4377,1149.7231917381287,-1.8023596,
4378,1149.9825930595398,-4.0055485,
4379,1150.2431099414825,-1.6745081,
4380,1150.5032629966736,-0.8424951,
4381,1150.7642307281494,-2.6235752,
4382,1151.0244870185852,-1.8322804,
4383,1151.283302783966,-2.0153422,
4384,1151.542718887329,-2.4190323,
4385,1151.802377462387,-1.8091819,
4386,1152.0614883899689,-1.2100431,
4387,1152.3227064609528,-2.2140248,
4388,1152.582522392273,-2.2440708,
4389,1152.8422029018402,-4.3121467,
4390,1153.1025762557983,-1.7951915,
4391,1153.362373828888,-2.8919497,
4392,1153.6220197677612,-2.6631608,
4393,1153.881552696228,-1.6447229,
4394,1154.1424870491028,-1.5243742,
4395,1154.4033195972443,-1.641184,
4396,1154.663429260254,-2.8895354,
4397,1154.9227874279022,-2.138025,
4398,1155.182730436325,-1.7131233,
4399,1155.4425797462463,-2.5567348,
4400,1155.8627722263336,-2.024336,
4401,1156.1211721897125,-1.5641499,
4402,1156.3812463283539,-2.4633145,
4403,1156.6412591934204,-1.4218282,
4404,1156.901442527771,-1.8129573,
4405,1157.1612865924835,-2.2208319,
4406,1157.4209570884705,-2.3383532,
4407,1157.6809737682343,-2.322832,
4408,1157.9412536621094,-2.5637376,
4409,1158.202386856079,-2.4747744,
4410,1158.462413072586,-2.772282,
4411,1158.7215602397919,-2.119832,
4412,1158.981409072876,-2.1674037,
4413,1159.2412703037262,-2.4255743,
4414,1159.500721693039,-2.279632,
4415,1159.7603595256805,-2.2155156,
4416,1160.0206966400146,-1.0612226,
4417,1160.280835390091,-2.6273186,
4418,1160.5406801700592,-1.7836456,
4419,1160.8001654148102,-1.5461645,
4420,1161.0600533485413,-1.894367,
4421,1161.320175409317,-1.3310404,
4422,1161.5805439949036,-3.440739,
4423,1161.8416485786438,-1.6988828,
4424,1162.100661277771,-2.884543,
4425,1162.3605439662933,-2.586911,
4426,1162.6207482814789,-1.1052719,
4427,1162.8797500133514,-2.812955,
4428,1163.139093875885,-4.3440685,
4429,1163.3991136550903,-3.2168775,
4430,1163.6592514514923,-2.4949894,
4431,1163.9192695617676,-1.6137834,
4432,1164.1786179542542,-1.8803895,
4433,1164.4389550685883,-1.701276,
4434,1164.698885679245,-2.373068,
4435,1164.9597363471985,-2.3510258,
4436,1165.220403432846,-1.7423418,
4437,1165.4802794456482,-1.8173012,
4438,1165.7397458553314,-2.9127402,
4439,1165.999470949173,-1.988089,
4440,1166.2590618133545,-1.4257916,
4441,1166.5187451839447,-1.9315486,
4442,1166.7780072689056,-1.7237419,
4443,1167.038421869278,-1.6281121,
4444,1167.2987732887268,-1.7438178,
4445,1167.5584700107574,-1.3151963,
4446,1167.8179728984833,-1.7305864,
4447,1168.0778136253357,-2.183273,
4448,1168.3380887508392,-2.8380632,
4449,1168.5976161956787,-2.951364,
4450,1168.8592381477356,-1.3048306,
4451,1169.118364572525,-1.8310667,
4452,1169.3779802322388,-2.1202753,
4453,1169.63791847229,-1.6773431,
4454,1169.8974356651306,-2.2183871,
4455,1170.1569347381592,-1.7746224,
4456,1170.4167969226837,-2.5848632,
4457,1170.6775469779968,-1.925327,
4458,1170.937129497528,-2.3488383,
4459,1171.1968784332275,-2.1387715,
4460,1171.456657409668,-2.0919342,
4461,1171.7163722515106,-1.5205133,
4462,1171.976116657257,-2.3104982,
4463,1172.2379224300385,-2.534331,
4464,1172.497587442398,-3.2879739,
4465,1172.75674366951,-1.9896126,
4466,1173.0164351463318,-1.7249782,
4467,1173.2763516902924,-2.6989014,
4468,1173.5367496013641,-2.6275034,
4469,1173.7968382835388,-2.0115194,
4470,1174.0561735630035,-2.6024923,
4471,1174.3156642913818,-2.6090014,
4472,1174.5754067897797,-1.5826926,
4473,1174.835211277008,-1.8982815,
4474,1175.0952417850494,-1.6948011,
4475,1175.3554441928864,-3.8720253,
4476,1175.616581439972,-1.861681,
4477,1175.8765914440155,-2.2894945,
4478,1176.1358983516693,-1.2255461,
4479,1176.395534992218,-3.105622,
4480,1176.6552603244781,-1.7141303,
4481,1176.9150390625,-2.3182104,
4482,1177.1745645999908,-2.2166564,
4483,1177.434357881546,-1.8446263,
4484,1177.6943011283875,-2.0170624,
4485,1177.9546625614166,-3.1030083,
4486,1178.2144508361816,-2.2591286,
4487,1178.4738109111786,-2.6316943,
4488,1178.7336628437042,-1.2776629,
4489,1178.9943645000458,-2.5268884,
4490,1179.2554459571838,-2.9970894,
4491,1179.5145177841187,-1.5099535,
4492,1179.7734961509705,-3.020504,
4493,1180.0332283973694,-3.131612,
4494,1180.2930982112885,-2.021667,
4495,1180.55322098732,-2.3437603,
4496,1180.812967300415,-2.7227113,
4497,1181.0729184150696,-2.246789,
4498,1181.3330659866333,-2.7255929,
4499,1181.5930633544922,-3.4289486,
4500,1182.01455950737,-1.7212831,
4501,1182.2749562263489,-1.0436614,
4502,1182.535703420639,-2.7474608,
4503,1182.7976250648499,-5.0612774,
4504,1183.0586290359497,-1.7728233,
4505,1183.3209371566772,-1.8060255,
4506,1183.5898365974426,-3.2295053,
4507,1183.8525462150574,-1.8731045,
4508,1184.114450931549,-1.3519502,
4509,1184.375580072403,-1.5589399,
4510,1184.6360359191895,-1.9908122,
4511,1184.8961272239685,-0.7264056,
4512,1185.1568586826324,-2.8516397,
4513,1185.4182074069977,-2.0671644,
4514,1185.683705329895,-1.251062,
4515,1185.9506151676178,-3.8908312,
4516,1186.2129516601562,-2.8726451,
4517,1186.4755907058716,-1.6382878,
4518,1186.7361800670624,-2.9352279,
4519,1186.9968976974487,-2.1831012,
4520,1187.2596952915192,-1.9906154,
4521,1187.5285522937775,-1.9412651,
4522,1187.79146194458,-1.8935678,
4523,1188.0525958538055,-2.3784447,
4524,1188.3139605522156,-1.890276,
4525,1188.5737931728363,-1.0776573,
4526,1188.8340787887573,-2.450223,
4527,1189.0944182872772,-2.7808826,
4528,1189.3546245098114,-2.9792893,
4529,1189.6148369312286,-2.0797853,
4530,1189.8754179477692,-4.513118,
4531,1190.1386277675629,-0.99862355,
4532,1190.4041512012482,-1.4875858,
4533,1190.6702468395233,-1.5066769,
4534,1190.931681394577,-1.5793812,
4535,1191.1926760673523,-1.6305294,
4536,1191.4528884887695,-2.8506505,
4537,1191.7127673625946,-2.6029184,
4538,1191.9733035564423,-1.5149604,
4539,1192.2336220741272,-2.4587135,
4540,1192.49360871315,-3.1413593,
4541,1192.753568649292,-2.0304227,
4542,1193.0135307312012,-1.0935932,
4543,1193.2745633125305,-1.1655883,
4544,1193.5375406742096,-2.5774653,
4545,1193.804664850235,-1.4724748,
4546,1194.069207906723,-1.48711,
4547,1194.3321642875671,-3.4935443,
4548,1194.5921993255615,-2.8642216,
4549,1194.8524377346039,-2.302918,
4550,1195.1126399040222,-1.4297171,
4551,1195.373057126999,-2.478845,
4552,1195.6331553459167,-1.9647062,
4553,1195.8939037322998,-1.6763225,
4554,1196.157114982605,-2.7289732,
4555,1196.4250886440277,-3.329752,
4556,1196.6898584365845,-1.4680823,
4557,1196.9520535469055,-2.2781963,
4558,1197.2116684913635,-3.385252,
4559,1197.4723255634308,-2.2131364,
4560,1197.732920885086,-1.8970596,
4561,1197.9942197799683,-1.418927,
4562,1198.2599201202393,-1.8400867,
4563,1198.5271453857422,-2.9718294,
4564,1198.7894306182861,-2.5911627,
4565,1199.0510251522064,-1.1603277,
4566,1199.3109729290009,-2.7628968,
4567,1199.5713279247284,-1.062887,
4568,1199.831309556961,-3.3617287,
4569,1200.0916068553925,-2.533062,
4570,1200.3532783985138,-2.416158,
4571,1200.6176147460938,-2.1395621,
4572,1200.8853166103363,-1.6158825,
4573,1201.147967338562,-2.364938,
4574,1201.4094502925873,-1.729615,
4575,1201.6707065105438,-1.6894661,
4576,1201.9309377670288,-1.8679757,
4577,1202.1922070980072,-2.4736452,
4578,1202.4570093154907,-3.0571423,
4579,1202.7256712913513,-3.2310956,
4580,1202.9883399009705,-2.1183796,
4581,1203.249191045761,-1.8440269,
4582,1203.5101969242096,-1.7463603,
4583,1203.7705619335175,-2.383422,
4584,1204.0334303379059,-2.6340914,
4585,1204.2997453212738,-1.2911944,
4586,1204.5661551952362,-1.5695028,
4587,1204.828067779541,-1.5947783,
4588,1205.0897834300995,-1.5529317,
4589,1205.351395368576,-2.831717,
4590,1205.6157808303833,-2.0183296,
4591,1205.8842313289642,-1.8876283,
4592,1206.1474215984344,-2.1917524,
4593,1206.4089806079865,-1.0723362,
4594,1206.6695528030396,-2.884023,
4595,1206.9304909706116,-2.417057,
4596,1207.1949627399445,-3.3100352,
4597,1207.463410615921,-1.6581016,
4598,1207.7283668518066,-2.8384366,
4599,1207.9887084960938,-2.8116708,
4600,1208.4096050262451,-2.0323777,
4601,1208.6691269874573,-2.3400638,
4602,1208.930354833603,-2.8106413,
4603,1209.1945178508759,-3.3744314,
4604,1209.4626660346985,-2.7580197,
4605,1209.7255096435547,-1.445707,
4606,1209.9869084358215,-1.858573,
4607,1210.2480988502502,-1.831353,
4608,1210.5095176696777,-2.0834868,
4609,1210.773069858551,-2.2686124,
4610,1211.0419487953186,-1.1634531,
4611,1211.3070766925812,-3.4386148,
4612,1211.568213224411,-2.347556,
4613,1211.8292100429535,-2.0414274,
4614,1212.0939235687256,-1.9061869,
4615,1212.3626782894135,-1.6857624,
4616,1212.6254143714905,-1.5297982,
4617,1212.8864438533783,-2.7191114,
4618,1213.1474463939667,-3.0718026,
4619,1213.4089879989624,-2.349875,
4620,1213.6741950511932,-3.3788657,
4621,1213.9428374767303,-2.2409816,
4622,1214.20534491539,-1.3974533,
4623,1214.4671001434326,-1.3739749,
4624,1214.730542421341,-1.8060907,
4625,1214.9991080760956,-2.2185962,
4626,1215.2639315128326,-1.2975585,
4627,1215.525024175644,-3.8157392,
4628,1215.7860398292542,-1.3941221,
4629,1216.047334432602,-1.7139452,
4630,1216.3105506896973,-1.3022995,
4631,1216.5815002918243,-1.6179218,
4632,1216.8446643352509,-3.5876358,
4633,1217.1056880950928,-2.2322512,
4634,1217.3668131828308,-1.6685206,
4635,1217.6301891803741,-1.9707987,
4636,1217.9008901119232,-2.6674545,
4637,1218.164973974228,-2.4142568,
4638,1218.4270315170288,-2.637794,
4639,1218.6910746097565,-1.1208618,
4640,1218.9615862369537,-2.9444199,
4641,1219.224350452423,-2.0944138,
4642,1219.4851503372192,-2.2758985,
4643,1219.747432231903,-1.7748802,
4644,1220.016315460205,-2.663385,
4645,1220.282588481903,-1.1583359,
4646,1220.5447313785553,-2.2481644,
4647,1220.8061683177948,-2.3321357,
4648,1221.0697467327118,-2.9088025,
4649,1221.3400151729584,-2.7455127,
4650,1221.6026492118835,-2.4499996,
4651,1221.8661377429962,-2.4574275,
4652,1222.131554365158,-1.6688967,
4653,1222.4003269672394,-2.820877,
4654,1222.6628918647766,-2.2220354,
4655,1222.924874305725,-2.7281716,
4656,1223.1872508525848,-1.2554518,
4657,1223.4564225673676,-2.774053,
4658,1223.7210109233856,-2.5881047,
4659,1223.9831466674805,-2.129371,
4660,1224.24480342865,-2.1167502,
4661,1224.510103225708,-2.306444,
4662,1224.779510974884,-1.2721363,
4663,1225.0425469875336,-4.022868,
4664,1225.3041167259216,-1.0050602,
4665,1225.5685095787048,-3.7947555,
4666,1225.8381292819977,-2.5676837,
4667,1226.1011979579926,-2.657417,
4668,1226.363224029541,-1.8817344,
4669,1226.6249046325684,-1.8160343,
4670,1226.8891026973724,-2.7110302,
4671,1227.1585295200348,-2.9074302,
4672,1227.421285867691,-1.9192442,
4673,1227.6835107803345,-2.5509417,
4674,1227.9446613788605,-3.184277,
4675,1228.209800004959,-2.0932045,
4676,1228.4787666797638,-2.2973204,
4677,1228.7411437034607,-1.6488817,
4678,1229.002629995346,-2.150844,
4679,1229.263887166977,-2.126251,
4680,1229.528823852539,-2.3777344,
4681,1229.7978568077087,-1.5002491,
4682,1230.0602343082428,-2.7249393,
4683,1230.3221538066864,-2.4467947,
4684,1230.584284067154,-2.391804,
4685,1230.8513314723969,-2.4934785,
4686,1231.1176302433014,-3.6825423,
4687,1231.38050365448,-2.4110773,
4688,1231.6420080661774,-2.5221171,
4689,1231.9027936458588,-1.7812171,
4690,1232.1671016216278,-1.6267736,
4691,1232.436488866806,-1.7878532,
4692,1232.6999566555023,-2.395102,
4693,1232.961543083191,-1.1966394,
4694,1233.2236776351929,-2.0537834,
4695,1233.4915628433228,-2.452102,
4696,1233.7578375339508,-1.9811704,
4697,1234.019181728363,-2.4274435,
4698,1234.2803683280945,-2.8742104,
4699,1234.5415394306183,-3.078717,
4700,1234.9637246131897,-2.8994718,
4701,1235.2260439395905,-3.1910126,
4702,1235.4938621520996,-2.344899,
4703,1235.7570028305054,-2.325813,
4704,1236.0182557106018,-2.5107043,
4705,1236.278588294983,-1.6383567,
4706,1236.5387377738953,-1.7254478,
4707,1236.8006415367126,-2.332294,
4708,1237.0610604286194,-1.8451151,
4709,1237.3220429420471,-1.3030719,
4710,1237.5871353149414,-2.3878903,
4711,1237.8541116714478,-2.2469525,
4712,1238.116604089737,-1.8044524,
4713,1238.3779275417328,-2.5718598,
4714,1238.6380124092102,-1.3804195,
4715,1238.8980627059937,-2.1458898,
4716,1239.1593577861786,-2.3571913,
4717,1239.4205963611603,-2.2988625,
4718,1239.6838750839233,-3.5280547,
4719,1239.9524536132812,-1.9079194,
4720,1240.2161746025085,-1.4238691,
4721,1240.4784886837006,-2.7066412,
4722,1240.7389504909515,-1.9111409,
4723,1240.9988589286804,-1.7820091,
4724,1241.2587385177612,-1.7222347,
4725,1241.5200724601746,-2.4973373,
4726,1241.7845165729523,-1.6575638,
4727,1242.0526478290558,-3.0918224,
4728,1242.3149514198303,-2.4280734,
4729,1242.5768225193024,-3.3167849,
4730,1242.838027715683,-3.452234,
4731,1243.098906993866,-2.5121253,
4732,1243.3603992462158,-2.3268666,
4733,1243.6268255710602,-2.1483274,
4734,1243.894591331482,-1.4818006,
4735,1244.1563694477081,-1.9154088,
4736,1244.4173142910004,-1.011467,
4737,1244.6778147220612,-2.3465686,
4738,1244.9399816989899,-1.4071386,
4739,1245.2055428028107,-1.3099743,
4740,1245.4734852313995,-1.4756387,
4741,1245.7349500656128,-2.3376858,
4742,1245.9961421489716,-1.4005935,
4743,1246.25696849823,-3.4496298,
4744,1246.518099784851,-2.039369,
4745,1246.782254934311,-2.1242826,
4746,1247.0504202842712,-2.7803707,
4747,1247.3139085769653,-2.6511126,
4748,1247.577002286911,-2.220728,
4749,1247.838389635086,-1.324384,
4750,1248.102073431015,-2.217195,
4751,1248.3694984912872,-1.7038172,
4752,1248.6327159404755,-3.2339811,
4753,1248.8939399719238,-1.0056498,
4754,1249.155710220337,-2.3365057,
4755,1249.416229724884,-2.6305566,
4756,1249.6766293048859,-2.5106242,
4757,1249.9389810562134,-2.3270373,
4758,1250.208708524704,-2.0605538,
4759,1250.473312139511,-1.4001063,
4760,1250.7341439723969,-2.1122115,
4761,1250.9949223995209,-1.8856446,
4762,1251.2557196617126,-1.5716531,
4763,1251.5169231891632,-1.9888608,
4764,1251.7812857627869,-2.9521303,
4765,1252.049217224121,-2.0288846,
4766,1252.313004732132,-1.532753,
4767,1252.5748362541199,-2.352011,
4768,1252.837203502655,-2.1735435,
4769,1253.100638628006,-2.1462212,
4770,1253.3691017627716,-2.3181953,
4771,1253.6323981285095,-2.037566,
4772,1253.893728017807,-2.9195423,
4773,1254.1541442871094,-2.1723046,
4774,1254.415377855301,-2.9692273,
4775,1254.677173614502,-2.384337,
4776,1254.944197177887,-2.060823,
4777,1255.2121262550354,-1.4159923,
4778,1255.4734902381897,-1.2285866,
4779,1255.7341208457947,-2.427378,
4780,1255.9955694675446,-1.9107119,
4781,1256.2609386444092,-1.9014775,
4782,1256.529911994934,-2.3985243,
4783,1256.7915980815887,-2.602408,
4784,1257.0535161495209,-2.4728246,
4785,1257.3148839473724,-2.0713491,
4786,1257.5801541805267,-2.1102915,
4787,1257.8499960899353,-2.4115622,
4788,1258.1118116378784,-2.3678148,
4789,1258.3732244968414,-2.5448325,
4790,1258.635115146637,-3.7694874,
4791,1258.9012069702148,-1.9055271,
4792,1259.1691725254059,-2.4878776,
4793,1259.4317455291748,-1.4323173,
4794,1259.6933326721191,-3.8237257,
4795,1259.9544897079468,-1.6486166,
4796,1260.223302602768,-3.1760263,
4797,1260.4893026351929,-2.8792973,
4798,1260.7517189979553,-2.5971646,
4799,1261.0123114585876,-3.0881913,
4800,1261.433298587799,-2.6840737,
4801,1261.6940426826477,-1.5410445,
4802,1261.960153579712,-0.8575536,
4803,1262.2267541885376,-1.1549606,
4804,1262.4900443553925,-2.3025813,
4805,1262.7522394657135,-1.2955177,
4806,1263.0134825706482,-2.0771067,
4807,1263.2793414592743,-1.6368427,
4808,1263.5460600852966,-1.5768275,
4809,1263.8086953163147,-1.4669724,
4810,1264.069674730301,-2.5183516,
4811,1264.3297080993652,-1.678143,
4812,1264.5913145542145,-2.3103552,
4813,1264.851591348648,-2.2507114,
4814,1265.1168160438538,-2.6320903,
4815,1265.3842895030975,-2.4953275,
4816,1265.648048400879,-2.5519888,
4817,1265.9089577198029,-3.205586,
4818,1266.1706793308258,-2.7126408,
4819,1266.4318914413452,-2.212514,
4820,1266.6963732242584,-2.5181165,
4821,1266.9642977714539,-1.9838758,
4822,1267.2280325889587,-2.622705,
4823,1267.4910566806793,-1.3374674,
4824,1267.7514939308167,-2.8483877,
4825,1268.0155074596405,-1.8055404,
4826,1268.2840802669525,-1.4025702,
4827,1268.5469417572021,-1.2549344,
4828,1268.8078966140747,-2.331965,
4829,1269.0689091682434,-1.458081,
4830,1269.3299419879913,-2.5754514,
4831,1269.5904304981232,-2.5026884,
4832,1269.8526484966278,-0.89460075,
4833,1270.1185789108276,-1.697623,
4834,1270.3843114376068,-3.383635,
4835,1270.6460945606232,-1.692404,
4836,1270.906713962555,-2.297494,
4837,1271.1679255962372,-1.7314153,
4838,1271.4283564090729,-2.0599828,
4839,1271.6878535747528,-1.189861,
4840,1271.948459148407,-1.4674934,
4841,1272.2091104984283,-2.080306,
4842,1272.4707069396973,-1.7655399,
4843,1272.730360507965,-2.8157349,
4844,1272.992915391922,-2.096741,
4845,1273.2595572471619,-2.1548033,
4846,1273.5235652923584,-2.186653,
4847,1273.7842576503754,-1.2254518,
4848,1274.0449755191803,-2.5174274,
4849,1274.3056597709656,-2.3979197,
4850,1274.5654060840607,-1.8837157,
4851,1274.8271930217743,-2.7247155,
4852,1275.086707830429,-2.1955667,
4853,1275.3465776443481,-2.3348958,
4854,1275.6056389808655,-2.774246,
4855,1275.8648011684418,-1.8955321,
4856,1276.12460064888,-2.242288,
4857,1276.384919166565,-3.3092992,
4858,1276.6447403430939,-3.029871,
4859,1276.904482126236,-1.99634,
4860,1277.1644389629364,-1.6519651,
4861,1277.4251124858856,-1.718286,
4862,1277.6863186359406,-1.8243179,
4863,1277.9458107948303,-2.1941826,
4864,1278.205373287201,-3.2150435,
4865,1278.4645981788635,-1.1075742,
4866,1278.723440170288,-2.4692223,
4867,1278.983873128891,-1.3861303,
4868,1279.2435846328735,-3.2434182,
4869,1279.5025713443756,-2.2946882,
4870,1279.7622492313385,-2.1011791,
4871,1280.024047613144,-2.989143,
4872,1280.2839930057526,-1.8067081,
4873,1280.5428140163422,-2.0629642,
4874,1280.802188873291,-1.6459363,
4875,1281.0621435642242,-1.6239302,
4876,1281.3209323883057,-2.2420628,
4877,1281.580883026123,-1.5206206,
4878,1281.8411633968353,-1.8405135,
4879,1282.1009268760681,-3.1645234,
4880,1282.3607892990112,-3.1211674,
4881,1282.6219487190247,-2.5082989,
4882,1282.8820190429688,-3.1849258,
4883,1283.141648054123,-2.8541517,
4884,1283.400538444519,-1.0752294,
4885,1283.6608526706696,-1.959772,
4886,1283.9205660820007,-2.1010664,
4887,1284.1810052394867,-2.3631525,
4888,1284.440209388733,-2.0582848,
4889,1284.7001066207886,-2.306277,
4890,1284.959384918213,-1.6403441,
4891,1285.2212691307068,-2.6613796,
4892,1285.4806575775146,-1.1956731,
4893,1285.7402780056,-1.7909925,
4894,1285.999127149582,-2.3573194,
4895,1286.2592959403992,-2.3143861,
4896,1286.5187664031982,-1.2038283,
4897,1286.7795283794403,-1.295422,
4898,1287.0390858650208,-1.5166063,
4899,1287.2989802360535,-2.04563,
4900,1287.721010684967,-2.1150582,
4901,1287.9801652431488,-2.297188,
4902,1288.2392528057098,-1.3658891,
4903,1288.4990639686584,-3.2727242,
4904,1288.7582895755768,-2.0041378,
4905,1289.018259525299,-2.6865091,
4906,1289.27845454216,-1.900533,
4907,1289.5377259254456,-3.1276696,
4908,1289.7976369857788,-3.5031319,
4909,1290.0580332279205,-2.1613607,
4910,1290.3199226856232,-1.2090887,
4911,1290.5788078308105,-1.5652679,
4912,1290.8387603759766,-1.673028,
4913,1291.0978684425354,-1.6801963,
4914,1291.3578758239746,-1.9367242,
4915,1291.6181290149689,-1.187929,
4916,1291.8776586055756,-1.8685939,
4917,1292.1371145248413,-2.439292,
4918,1292.3969864845276,-2.373743,
4919,1292.6587433815002,-2.7684126,
4920,1292.9182727336884,-2.4920826,
4921,1293.1770095825195,-1.9382967,
4922,1293.4376747608185,-1.6869911,
4923,1293.6974425315857,-2.7958302,
4924,1293.9579701423645,-2.0113432,
4925,1294.21759390831,-1.1192262,
4926,1294.4776513576508,-2.8193216,
4927,1294.7378475666046,-2.0742683,
4928,1294.9974977970123,-1.5309336,
4929,1295.2581222057343,-1.2641644,
4930,1295.5177586078644,-1.2046763,
4931,1295.7793295383453,-2.298706,
4932,1296.0388505458832,-1.734966,
4933,1296.2984659671783,-2.3109899,
4934,1296.5582585334778,-1.3606004,
4935,1296.8177976608276,-2.3317885,
4936,1297.0781633853912,-1.6142527,
4937,1297.3377616405487,-2.5693285,
4938,1297.59783577919,-2.1006813,
4939,1297.8570766448975,-1.538101,
4940,1298.1171090602875,-1.1499245,
4941,1298.3771467208862,-0.6455764,
4942,1298.6370751857758,-2.0157762,
4943,1298.8974986076355,-2.667111,
4944,1299.1583108901978,-2.408954,
4945,1299.4185101985931,-1.8201904,
4946,1299.6777126789093,-3.3423645,
4947,1299.9372444152832,-2.935225,
4948,1300.1975247859955,-1.7450278,
4949,1300.4568779468536,-1.9843819,
4950,1300.7167959213257,-1.2921826,
4951,1300.9768280982971,-2.0673692,
4952,1301.236850976944,-1.73229,
4953,1301.496595621109,-1.7055995,
4954,1301.7566649913788,-2.2451723,
4955,1302.0166614055634,-2.1385243,
4956,1302.2766416072845,-1.3205955,
4957,1302.5373437404633,-1.3210101,
4958,1302.7979018688202,-2.5346265,
4959,1303.0576701164246,-2.0115902,
4960,1303.3169014453888,-0.8637022,
4961,1303.5767414569855,-1.5972468,
4962,1303.8365244865417,-2.0822148,
4963,1304.0969913005829,-2.4497504,
4964,1304.3565735816956,-1.6275322,
4965,1304.6164329051971,-1.5885956,
4966,1304.8764922618866,-1.6855199,
4967,1305.1362609863281,-2.2455373,
4968,1305.3965315818787,-3.4803672,
4969,1305.6567471027374,-2.9733436,
4970,1305.9164819717407,-2.0016675,
4971,1306.177622795105,-0.823818,
4972,1306.4371502399445,-1.8475826,
4973,1306.6966705322266,-0.7046933,
4974,1306.9563598632812,-3.048687,
4975,1307.2160284519196,-2.52298,
4976,1307.4759948253632,-1.6328793,
4977,1307.7358102798462,-1.9230299,
4978,1307.9959135055542,-1.8254075,
4979,1308.256878376007,-1.9240808,
4980,1308.517124414444,-2.6767857,
4981,1308.777227640152,-1.6261162,
4982,1309.0365417003632,-2.2179239,
4983,1309.2966146469116,-2.0905929,
4984,1309.55668759346,-3.109088,
4985,1309.8175129890442,-2.4033518,
4986,1310.0769176483154,-1.8824171,
4987,1310.336754322052,-2.277082,
4988,1310.596625328064,-1.3594213,
4989,1310.8568048477173,-1.2526962,
4990,1311.1166701316833,-1.6850102,
4991,1311.3772406578064,-1.9640309,
4992,1311.6370813846588,-1.4266694,
4993,1311.8971073627472,-2.386903,
4994,1312.157935142517,-1.0069805,
4995,1312.4186191558838,-3.0077477,
4996,1312.68039894104,-1.5155685,
4997,1312.9471533298492,-1.7613026,
4998,1313.2128338813782,-2.3558495,
4999,1313.4731938838959,-2.0857978,
5000,1313.8947608470917,-1.6442053,
5001,1314.1548511981964,-2.1551435,
5002,1314.4163973331451,-2.2668576,
5003,1314.6778707504272,-2.8862193,
5004,1314.945015668869,-1.7407084,
5005,1315.2109606266022,-2.063454,
5006,1315.4737300872803,-2.1257148,
5007,1315.7345387935638,-1.5015882,
5008,1315.9953916072845,-2.4554749,
5009,1316.2565352916718,-1.8951565,
5010,1316.5204038619995,-1.6818559,
5011,1316.7911009788513,-2.8540301,
5012,1317.0533666610718,-1.7777394,
5013,1317.3146436214447,-1.6263794,
5014,1317.5753140449524,-2.980451,
5015,1317.8360867500305,-2.7549272,
5016,1318.1006937026978,-1.5573343,
5017,1318.369164943695,-2.044591,
5018,1318.6327466964722,-1.4643806,
5019,1318.8933551311493,-2.9674356,
5020,1319.1540944576263,-3.3986259,
5021,1319.4142291545868,-1.4392526,
5022,1319.6743259429932,-1.5653552,
5023,1319.9350712299347,-2.3701053,
5024,1320.196171283722,-1.6518842,
5025,1320.4623627662659,-2.2413225,
5026,1320.7292625904083,-1.0318569,
5027,1320.9910099506378,-2.4853477,
5028,1321.2519748210907,-1.9964268,
5029,1321.5123410224915,-1.0524793,
5030,1321.7725203037262,-2.3689525,
5031,1322.0331101417542,-1.5869949,
5032,1322.2932181358337,-2.9348793,
5033,1322.5532047748566,-1.4541132,
5034,1322.8128921985626,-2.0630167,
5035,1323.0725710391998,-1.2662101,
5036,1323.3332364559174,-1.1679331,
5037,1323.5922994613647,-2.6145744,
5038,1323.8531622886658,-1.5114093,
5039,1324.1145992279053,-3.0634446,
5040,1324.3745801448822,-1.928118,
5041,1324.6375710964203,-1.7164171,
5042,1324.9059329032898,-2.846776,
5043,1325.168310880661,-2.0010395,
5044,1325.4290018081665,-2.789823,
5045,1325.68998670578,-1.4742978,
5046,1325.9503054618835,-4.572517,
5047,1326.2109396457672,-2.2802591,
5048,1326.4705255031586,-2.4131258,
5049,1326.7308068275452,-1.7267424,
5050,1326.9904334545135,-2.4696755,
5051,1327.2503454685211,-1.2702496,
5052,1327.5100977420807,-2.4003866,
5053,1327.7715272903442,-1.5385053,
5054,1328.0311374664307,-2.1163437,
5055,1328.2908363342285,-1.2310456,
5056,1328.550341129303,-2.1039135,
5057,1328.8104176521301,-2.1626258,
5058,1329.0699915885925,-1.8266499,
5059,1329.3294529914856,-0.9936979,
5060,1329.5895726680756,-2.5134835,
5061,1329.849406003952,-2.1293118,
5062,1330.1091945171356,-1.5297782,
5063,1330.3686978816986,-2.0879798,
5064,1330.6284410953522,-1.999403,
5065,1330.8881804943085,-1.6112512,
5066,1331.148554801941,-1.9211507,
5067,1331.4094614982605,-2.4109771,
5068,1331.6681923866272,-3.0368962,
5069,1331.9291105270386,-1.823889,
5070,1332.190182685852,-1.6496506,
5071,1332.4499638080597,-2.1023076,
5072,1332.7089955806732,-2.896522,
5073,1332.9685139656067,-3.5165992,
5074,1333.229100227356,-2.0965414,
5075,1333.4883482456207,-1.7130604,
5076,1333.7476315498352,-1.7510482,
5077,1334.0076787471771,-1.867758,
5078,1334.2677624225616,-2.5004573,
5079,1334.5286345481873,-2.9540524,
5080,1334.7896518707275,-1.4661849,
5081,1335.0492091178894,-2.3733833,
5082,1335.3082070350647,-1.7172872,
5083,1335.5685894489288,-2.0573423,
5084,1335.8285672664642,-2.5322092,
5085,1336.0879130363464,-1.2750204,
5086,1336.3473529815674,-2.6236525,
5087,1336.6071212291718,-2.2167506,
5088,1336.8680772781372,-2.9778013,
5089,1337.1281311511993,-2.3203788,
5090,1337.3874492645264,-2.9672582,
5091,1337.6475622653961,-1.831812,
5092,1337.9076495170593,-1.9479172,
5093,1338.168369293213,-1.6766901,
5094,1338.42959690094,-2.9310164,
5095,1338.688889503479,-1.0883464,
5096,1338.9497525691986,-2.3789697,
5097,1339.2127928733826,-1.8193161,
5098,1339.480848312378,-2.1586082,
5099,1339.7431304454803,-2.6624696,
5100,1340.1647396087646,-3.2233727,
5101,1340.4253602027893,-2.331877,
5102,1340.685587644577,-1.3638945,
5103,1340.9460997581482,-1.6751124,
5104,1341.2066586017609,-2.2738168,
5105,1341.4666466712952,-2.3649058,
5106,1341.7266731262207,-2.6836233,
5107,1341.9882464408875,-1.4113791,
5108,1342.248630285263,-2.8458014,
5109,1342.5105183124542,-2.8315432,
5110,1342.7793552875519,-1.0443696,
5111,1343.0426156520844,-1.8977737,
5112,1343.3035039901733,-2.10831,
5113,1343.5651502609253,-2.7845442,
5114,1343.8252024650574,-3.363383,
5115,1344.085577249527,-1.9770994,
5116,1344.345314502716,-2.2230375,
5117,1344.6056547164917,-1.4401186,
5118,1344.865868806839,-2.1714475,
5119,1345.126492023468,-1.6817602,
5120,1345.3860840797424,-1.6972395,
5121,1345.6480505466461,-3.1026623,
5122,1345.9107129573822,-1.1411028,
5123,1346.1776113510132,-3.3177807,
5124,1346.441912651062,-2.504506,
5125,1346.7029504776,-3.217858,
5126,1346.963693857193,-1.2131791,
5127,1347.224710226059,-2.319502,
5128,1347.484662771225,-1.9800248,
5129,1347.7456631660461,-1.7173132,
5130,1348.005427122116,-3.3322515,
5131,1348.2656219005585,-2.5883694,
5132,1348.5265221595764,-1.4165125,
5133,1348.789530992508,-1.8836142,
5134,1349.0571856498718,-1.9129828,
5135,1349.3220715522766,-0.89390135,
5136,1349.5829486846924,-1.9623345,
5137,1349.8437750339508,-2.1330647,
5138,1350.1047563552856,-2.8578186,
5139,1350.3649272918701,-2.2446635,
5140,1350.6252052783966,-1.692164,
5141,1350.887009859085,-1.3181101,
5142,1351.1519885063171,-1.5319479,
5143,1351.419816493988,-2.6923385,
5144,1351.6811220645905,-1.0973802,
5145,1351.942278623581,-2.88417,
5146,1352.2033927440643,-4.0583124,
5147,1352.4630932807922,-1.9057872,
5148,1352.7251777648926,-2.4721239,
5149,1352.9858632087708,-2.3253677,
5150,1353.2507774829865,-2.5989099,
5151,1353.5188114643097,-2.2985187,
5152,1353.7807505130768,-1.665194,
5153,1354.042375087738,-1.5536948,
5154,1354.3027081489563,-2.4434872,
5155,1354.563132762909,-2.670872,
5156,1354.82373046875,-1.6582627,
5157,1355.0847036838531,-0.59356683,
5158,1355.3468699455261,-1.0913968,
5159,1355.6150770187378,-2.393747,
5160,1355.8790168762207,-2.0221975,
5161,1356.140952348709,-1.5918666,
5162,1356.4034731388092,-2.4429584,
5163,1356.6642508506775,-2.9877636,
5164,1356.9265904426575,-2.6805835,
5165,1357.195422410965,-1.6206079,
5166,1357.4585857391357,-3.574929,
5167,1357.720602273941,-2.9967256,
5168,1357.981514930725,-2.7007465,
5169,1358.242327928543,-2.1327596,
5170,1358.502518415451,-2.4251347,
5171,1358.763619184494,-2.525298,
5172,1359.0260932445526,-0.76217425,
5173,1359.2950811386108,-1.3430598,
5174,1359.5587010383606,-2.563312,
5175,1359.8211824893951,-2.8165553,
5176,1360.082834482193,-2.9766688,
5177,1360.3449742794037,-1.6199778,
5178,1360.6137418746948,-1.9569592,
5179,1360.8779275417328,-1.7301205,
5180,1361.1400134563446,-2.538299,
5181,1361.4008934497833,-2.5245812,
5182,1361.6617591381073,-1.8261228,
5183,1361.924292087555,-1.6803606,
5184,1362.1918523311615,-2.5883274,
5185,1362.4575912952423,-2.1798759,
5186,1362.71901679039,-2.409502,
5187,1362.979787826538,-3.1930969,
5188,1363.2415511608124,-1.6940038,
5189,1363.5024874210358,-1.4712315,
5190,1363.7662131786346,-2.732424,
5191,1364.0350584983826,-1.699477,
5192,1364.2980365753174,-2.1889896,
5193,1364.5585553646088,-1.7708637,
5194,1364.8196113109589,-2.5501108,
5195,1365.0807039737701,-2.610714,
5196,1365.3417415618896,-1.3610724,
5197,1365.6057422161102,-2.3472571,
5198,1365.8744542598724,-1.8164241,
5199,1366.137290239334,-2.1258407,
5200,1366.557602405548,-2.5215693,
5201,1366.8194699287415,-0.9567359,
5202,1367.0800032615662,-2.7816672,
5203,1367.3408162593842,-1.7878283,
5204,1367.6042256355286,-2.8857732,
5205,1367.8730783462524,-3.660681,
5206,1368.1358494758606,-2.9687772,
5207,1368.3976588249207,-1.6300826,
5208,1368.6583738327026,-1.8120046,
5209,1368.918839931488,-1.7915132,
5210,1369.179569721222,-1.8924339,
5211,1369.4417057037354,-1.7940725,
5212,1369.710693359375,-2.3807065,
5213,1369.975355386734,-2.181607,
5214,1370.2371187210083,-2.1410344,
5215,1370.4988005161285,-2.1441383,
5216,1370.7589645385742,-2.002376,
5217,1371.0213525295258,-1.6879632,
5218,1371.288880109787,-1.6283379,
5219,1371.5540165901184,-3.3957021,
5220,1371.8153731822968,-2.2074797,
5221,1372.0768620967865,-4.370159,
5222,1372.3376128673553,-2.9118254,
5223,1372.5973663330078,-1.0318606,
5224,1372.8580768108368,-2.3193684,
5225,1373.1190869808197,-2.9516597,
5226,1373.383009672165,-1.594341,
5227,1373.6511890888214,-1.9152838,
5228,1373.9152307510376,-1.3292043,
5229,1374.176510334015,-1.715156,
5230,1374.4372236728668,-1.5816796,
5231,1374.697752714157,-2.0236735,
5232,1374.9583368301392,-2.3766062,
5233,1375.2201943397522,-1.6674933,
5234,1375.4890668392181,-1.7318177,
5235,1375.7537822723389,-2.5776966,
5236,1376.01491689682,-1.4936924,
5237,1376.2755498886108,-1.8501568,
5238,1376.5359692573547,-1.5095315,
5239,1376.7964384555817,-2.2680562,
5240,1377.0573534965515,-1.3410838,
5241,1377.3198971748352,-3.0945964,
5242,1377.5897283554077,-1.040796,
5243,1377.8540341854095,-2.172213,
5244,1378.1149363517761,-2.7710757,
5245,1378.375174999237,-1.476789,
5246,1378.636384010315,-2.383016,
5247,1378.8971180915833,-2.6564927,
5248,1379.162689447403,-1.8099825,
5249,1379.4316446781158,-1.0263474,
5250,1379.6932582855225,-1.4945827,
5251,1379.9546520709991,-0.87024003,
5252,1380.2152216434479,-1.868592,
5253,1380.4760248661041,-2.738387,
5254,1380.737798690796,-1.6246816,
5255,1381.0048933029175,-1.7116296,
5256,1381.2715964317322,-2.4998624,
5257,1381.5336706638336,-4.0149364,
5258,1381.7945053577423,-2.173665,
5259,1382.0545012950897,-2.0027683,
5260,1382.3151156902313,-2.528363,
5261,1382.5764422416687,-2.2599628,
5262,1382.8438630104065,-2.4856086,
5263,1383.110538482666,-2.2506347,
5264,1383.3725492954254,-2.5778792,
5265,1383.6328794956207,-1.7983193,
5266,1383.8935985565186,-2.339637,
5267,1384.1547803878784,-2.9106295,
5268,1384.4169404506683,-2.1257646,
5269,1384.6857693195343,-3.0338867,
5270,1384.9505784511566,-2.3421347,
5271,1385.2125670909882,-2.3174088,
5272,1385.4738161563873,-1.9644498,
5273,1385.7350351810455,-2.3570957,
5274,1385.9988701343536,-1.9579109,
5275,1386.268285036087,-2.2454708,
5276,1386.5311388969421,-2.3402708,
5277,1386.7924275398254,-1.9398651,
5278,1387.0532479286194,-2.3072062,
5279,1387.3143870830536,-3.018299,
5280,1387.5788412094116,-1.4861403,
5281,1387.8470873832703,-2.712819,
5282,1388.1119215488434,-1.6353198,
5283,1388.3727371692657,-1.4225615,
5284,1388.633441209793,-2.0369332,
5285,1388.896181344986,-2.0521023,
5286,1389.1651866436005,-1.0878296,
5287,1389.4299139976501,-2.0814595,
5288,1389.691013097763,-2.0329769,
5289,1389.9519715309143,-1.4266064,
5290,1390.2131707668304,-1.5662978,
5291,1390.477049589157,-2.4754257,
5292,1390.7454669475555,-1.9766684,
5293,1391.00932097435,-2.091259,
5294,1391.271755695343,-2.279978,
5295,1391.5321073532104,-2.1940753,
5296,1391.7957255840302,-3.644143,
5297,1392.0639441013336,-1.7825776,
5298,1392.328423500061,-1.1720353,
5299,1392.5901169776917,-1.9858304,
5300,1393.0098450183868,-2.9208837,
5301,1393.269119977951,-1.8438674,
5302,1393.5287432670593,-3.4543638,
5303,1393.7891006469727,-0.9975894,
5304,1394.0496566295624,-1.4103414,
5305,1394.3096816539764,-1.8357391,
5306,1394.5693328380585,-1.3981557,
5307,1394.8291285037994,-2.8996654,
5308,1395.0898687839508,-1.7180444,
5309,1395.351453781128,-2.2605948,
5310,1395.610477924347,-2.288857,
5311,1395.8698196411133,-2.9009848,
5312,1396.1303887367249,-1.5087934,
5313,1396.3906028270721,-2.829388,
5314,1396.6504848003387,-2.2771711,
5315,1396.9102623462677,-2.511323,
5316,1397.1713025569916,-1.408209,
5317,1397.4329965114594,-1.9661273,
5318,1397.6991770267487,-1.9860485,
5319,1397.9639949798584,-1.3454454,
5320,1398.2253415584564,-2.025369,
5321,1398.486436367035,-3.015909,
5322,1398.7488236427307,-2.6914206,
5323,1399.0092368125916,-1.793839,
5324,1399.2683622837067,-3.5465617,
5325,1399.5290658473969,-2.019695,
5326,1399.789157629013,-1.9004992,
5327,1400.0488543510437,-2.1380045,
5328,1400.3090336322784,-2.4097846,
5329,1400.5693032741547,-2.4199197,
5330,1400.8300912380219,-2.114633,
5331,1401.0916521549225,-2.0716484,
5332,1401.356552362442,-2.0353384,
5333,1401.623422384262,-2.8951607,
5334,1401.8856873512268,-3.0712233,
5335,1402.1465604305267,-1.9021639,
5336,1402.4074726104736,-1.2391388,
5337,1402.666995048523,-1.8842592,
5338,1402.9268193244934,-3.3834646,
5339,1403.186651468277,-2.032081,
5340,1403.4485802650452,-2.3878405,
5341,1403.7072882652283,-3.1809397,
5342,1403.9672849178314,-1.4035139,
5343,1404.2275252342224,-1.3655536,
5344,1404.4874851703644,-2.304372,
5345,1404.746827840805,-1.3786615,
5346,1405.0067946910858,-2.6702855,
5347,1405.2671818733215,-2.818306,
5348,1405.5269184112549,-2.7785301,
5349,1405.7886414527893,-1.1242361,
5350,1406.0499792099,-2.4782307,
5351,1406.3130943775177,-2.1480904,
5352,1406.5800111293793,-2.1381583,
5353,1406.8429069519043,-2.501669,
5354,1407.1043376922607,-2.9684854,
5355,1407.3648183345795,-1.6505662,
5356,1407.6255016326904,-3.7795959,
5357,1407.886135816574,-1.5592914,
5358,1408.1458594799042,-1.7255821,
5359,1408.4058191776276,-2.4059296,
5360,1408.66663646698,-1.6620585,
5361,1408.9260516166687,-2.4297426,
5362,1409.1863210201263,-1.9960498,
5363,1409.4485931396484,-1.8861592,
5364,1409.7102189064026,-2.1696384,
5365,1409.9768464565277,-1.5056189,
5366,1410.2414500713348,-2.3297896,
5367,1410.502304315567,-2.0211635,
5368,1410.763794183731,-2.5664718,
5369,1411.0233435630798,-2.4224815,
5370,1411.284080505371,-2.5901015,
5371,1411.5443074703217,-1.7672405,
5372,1411.8043909072876,-2.499393,
5373,1412.0646076202393,-2.3275268,
5374,1412.3246791362762,-1.8787582,
5375,1412.5851407051086,-1.3144823,
5376,1412.845031261444,-2.2731512,
5377,1413.1066553592682,-1.3161609,
5378,1413.3682932853699,-2.7016845,
5379,1413.633915424347,-2.3685586,
5380,1413.8994748592377,-2.9328194,
5381,1414.1619381904602,-2.4984357,
5382,1414.4231405258179,-1.8779277,
5383,1414.6828961372375,-1.7972273,
5384,1414.9434776306152,-2.5083756,
5385,1415.2031483650208,-1.227977,
5386,1415.4634320735931,-2.2825687,
5387,1415.7235147953033,-0.7232609,
5388,1415.9836213588715,-2.7264624,
5389,1416.2439889907837,-1.9911833,
5390,1416.504977941513,-2.0431314,
5391,1416.7652592658997,-2.9486904,
5392,1417.0246431827545,-1.8904493,
5393,1417.2865867614746,-1.8213408,
5394,1417.5522813796997,-1.9905599,
5395,1417.8178460597992,-2.1890285,
5396,1418.0790634155273,-2.012787,
5397,1418.3406929969788,-1.1332214,
5398,1418.6009562015533,-2.7847567,
5399,1418.8620533943176,-1.4892826,
5400,1419.2810003757477,-1.7912548,
5401,1419.5410470962524,-1.3256564,
5402,1419.8010787963867,-1.4322286,
5403,1420.0621790885925,-2.6514156,
5404,1420.3228859901428,-2.0199752,
5405,1420.5818264484406,-1.349041,
5406,1420.841677904129,-2.036022,
5407,1421.1014046669006,-1.6347407,
5408,1421.3618760108948,-1.6675376,
5409,1421.6213557720184,-3.223223,
5410,1421.881212234497,-1.6384989,
5411,1422.1406705379486,-2.950121,
5412,1422.4011211395264,-1.3322185,
5413,1422.6608366966248,-2.393936,
5414,1422.9206082820892,-1.8831987,
5415,1423.1807146072388,-1.5781612,
5416,1423.4410653114319,-1.2002183,
5417,1423.7024881839752,-2.7138236,
5418,1423.9623675346375,-1.9315641,
5419,1424.2223081588745,-1.6728876,
5420,1424.4822223186493,-1.8558381,
5421,1424.7427017688751,-1.6433775,
5422,1425.0042443275452,-0.7074635,
5423,1425.2693448066711,-1.781234,
5424,1425.5353395938873,-2.0678139,
5425,1425.7970626354218,-1.545673,
5426,1426.0582401752472,-2.6445856,
5427,1426.3192222118378,-2.1261222,
5428,1426.5795121192932,-0.9991584,
5429,1426.8395755290985,-1.3608614,
5430,1427.0993239879608,-2.518483,
5431,1427.3609747886658,-1.690441,
5432,1427.6200761795044,-0.92862064,
5433,1427.8799295425415,-2.718698,
5434,1428.1403148174286,-2.2168744,
5435,1428.400158882141,-1.6287093,
5436,1428.6599888801575,-1.5604322,
5437,1428.9197907447815,-2.4189873,
5438,1429.1802265644073,-2.0976524,
5439,1429.4403955936432,-2.6934652,
5440,1429.7006187438965,-1.6818966,
5441,1429.961463689804,-1.7233952,
5442,1430.2245960235596,-2.489859,
5443,1430.492083787918,-2.5596776,
5444,1430.7567040920258,-1.4210869,
5445,1431.0176157951355,-2.1658437,
5446,1431.2774240970612,-2.005351,
5447,1431.5373780727386,-2.884779,
5448,1431.797622203827,-1.3656447,
5449,1432.0579590797424,-1.7152097,
5450,1432.317979335785,-2.003152,
5451,1432.5776271820068,-2.2843914,
5452,1432.8375442028046,-0.96671426,
5453,1433.097776889801,-1.8348904,
5454,1433.3574953079224,-2.1548507,
5455,1433.617413520813,-1.7434283,
5456,1433.8779611587524,-1.7574519,
5457,1434.138329744339,-1.8910644,
5458,1434.3994100093842,-2.57684,
5459,1434.6591711044312,-1.4741502,
5460,1434.9197475910187,-2.1884925,
5461,1435.1821155548096,-2.5802383,
5462,1435.4483573436737,-1.9822303,
5463,1435.7133269309998,-2.05201,
5464,1435.9749853610992,-2.423294,
5465,1436.2356045246124,-1.3054104,
5466,1436.4958086013794,-1.970303,
5467,1436.7567145824432,-2.2725656,
5468,1437.0166773796082,-1.371688,
5469,1437.276569366455,-1.9968071,
5470,1437.5367498397827,-1.668333,
5471,1437.798419713974,-2.1576948,
5472,1438.0583510398865,-1.8758963,
5473,1438.3183398246765,-2.2804499,
5474,1438.5812692642212,-1.6926534,
5475,1438.8493509292603,-3.0846686,
5476,1439.1124820709229,-2.7242062,
5477,1439.373773097992,-2.7569091,
5478,1439.6343460083008,-2.0908375,
5479,1439.8947699069977,-1.99423,
5480,1440.1547622680664,-2.5118003,
5481,1440.414649963379,-1.5725942,
5482,1440.6753857135773,-1.6566154,
5483,1440.9345903396606,-1.6926675,
5484,1441.194700717926,-1.78411,
5485,1441.455736875534,-2.0121067,
5486,1441.7161824703217,-3.100794,
5487,1441.975189447403,-2.1909368,
5488,1442.2350552082062,-1.5093424,
5489,1442.494737148285,-2.4454699,
5490,1442.7548706531525,-2.146657,
5491,1443.0145893096924,-2.9017854,
5492,1443.2745037078857,-2.8486788,
5493,1443.5344908237457,-1.6138029,
5494,1443.7940983772278,-2.2279656,
5495,1444.05402469635,-2.980594,
5496,1444.3142521381378,-2.2642431,
5497,1444.574102640152,-2.1542656,
5498,1444.8339576721191,-2.8892236,
5499,1445.093858242035,-3.2800808,
5500,1445.5154926776886,-2.44422,
5501,1445.7730572223663,-1.7715625,
5502,1446.0321493148804,-1.2665304,
5503,1446.291412115097,-1.4844823,
5504,1446.5515151023865,-1.3379004,
5505,1446.8107542991638,-3.7183042,
5506,1447.0705919265747,-3.0619583,
5507,1447.3302578926086,-2.0015304,
5508,1447.5903873443604,-1.2181189,
5509,1447.8503153324127,-3.8616662,
5510,1448.110006570816,-3.0815907,
5511,1448.3701043128967,-1.8504537,
5512,1448.6301069259644,-3.9354243,
5513,1448.89120054245,-2.291376,
5514,1449.1505289077759,-1.6304247,
5515,1449.409812927246,-2.7041469,
5516,1449.6695640087128,-2.5485766,
5517,1449.9292249679565,-1.6644037,
5518,1450.1893274784088,-1.9757006,
5519,1450.4492225646973,-1.8801633,
5520,1450.7089850902557,-2.2940168,
5521,1450.9686906337738,-2.0893784,
5522,1451.2289071083069,-2.099816,
5523,1451.488651752472,-1.8631283,
5524,1451.748601436615,-1.5198402,
5525,1452.008439540863,-1.1174647,
5526,1452.2699627876282,-1.5759156,
5527,1452.5292432308197,-1.5314646,
5528,1452.7887570858002,-2.9008741,
5529,1453.0487377643585,-2.4748273,
5530,1453.3084421157837,-1.8713124,
5531,1453.5681014060974,-1.6325418,
5532,1453.8279058933258,-2.0914643,
5533,1454.0881173610687,-2.4552865,
5534,1454.3478710651398,-1.7614102,
5535,1454.6074614524841,-2.7426696,
5536,1454.8674743175507,-1.0411853,
5537,1455.1274967193604,-2.5152147,
5538,1455.3876161575317,-2.8720264,
5539,1455.6484887599945,-1.0557125,
5540,1455.9091429710388,-1.5648608,
5541,1456.1682164669037,-1.5206006,
5542,1456.4275560379028,-2.8029065,
5543,1456.6874499320984,-1.6433356,
5544,1456.9470872879028,-1.6480889,
5545,1457.207486152649,-3.320971,
5546,1457.4675335884094,-2.2813625,
5547,1457.726981163025,-1.1188397,
5548,1457.9865248203278,-2.2355297,
5549,1458.2464573383331,-1.1298184,
5550,1458.5067720413208,-2.5304193,
5551,1458.7667949199677,-2.04073,
5552,1459.026605606079,-1.2702615,
5553,1459.2880551815033,-1.5485218,
5554,1459.5481526851654,-1.470278,
5555,1459.807868719101,-1.520472,
5556,1460.0672025680542,-2.8165581,
5557,1460.3268070220947,-2.1873236,
5558,1460.5867810249329,-0.68076116,
5559,1460.8468158245087,-0.9465629,
5560,1461.1067955493927,-2.0072665,
5561,1461.3664996623993,-1.4882466,
5562,1461.626769542694,-2.5029616,
5563,1461.8859457969666,-2.4102244,
5564,1462.1457922458649,-2.1777887,
5565,1462.406290769577,-0.999575,
5566,1462.6668047904968,-1.5332888,
5567,1462.9277176856995,-1.8862214,
5568,1463.1869461536407,-1.3748026,
5569,1463.446784734726,-1.2747767,
5570,1463.7067470550537,-1.5094993,
5571,1463.9662079811096,-1.2242192,
5572,1464.226380109787,-1.6391233,
5573,1464.4863104820251,-1.7519231,
5574,1464.7458651065826,-1.9347258,
5575,1465.006178855896,-1.8010752,
5576,1465.2663793563843,-1.761202,
5577,1465.5261681079865,-0.95408434,
5578,1465.7858300209045,-2.4438894,
5579,1466.0458915233612,-2.5940442,
5580,1466.3059949874878,-2.7152839,
5581,1466.5676872730255,-1.6092384,
5582,1466.8270795345306,-1.7003278,
5583,1467.0864100456238,-2.2033362,
5584,1467.345908164978,-1.5142915,
5585,1467.605806350708,-1.5840111,
5586,1467.8654744625092,-1.2834607,
5587,1468.1257481575012,-2.781032,
5588,1468.3851289749146,-2.6461072,
5589,1468.645184993744,-2.382029,
5590,1468.9050962924957,-1.6957797,
5591,1469.1651792526245,-1.0988166,
5592,1469.425178527832,-1.7547915,
5593,1469.684645652771,-1.3594089,
5594,1469.9457159042358,-1.3360289,
5595,1470.20618724823,-3.347848,
5596,1470.4650130271912,-2.6988785,
5597,1470.724776506424,-2.4015028,
5598,1470.9841299057007,-1.385729,
5599,1471.243961572647,-3.4339347,
5600,1471.6627931594849,-1.399725,
5601,1471.9220538139343,-3.5530396,
5602,1472.182290315628,-2.6868796,
5603,1472.4422519207,-2.1361217,
5604,1472.7025032043457,-2.1343915,
5605,1472.9622585773468,-1.3966694,
5606,1473.2226355075836,-2.0964034,
5607,1473.4820158481598,-1.2231977,
5608,1473.743881225586,-1.8016372,
5609,1474.0031793117523,-2.7787395,
5610,1474.2628018856049,-1.7847614,
5611,1474.5227749347687,-1.8653591,
5612,1474.78262591362,-1.8792177,
5613,1475.0418643951416,-2.0661972,
5614,1475.301585674286,-2.0893726,
5615,1475.5618379116058,-3.5362315,
5616,1475.8215906620026,-1.408144,
5617,1476.081358909607,-2.658885,
5618,1476.3410458564758,-3.0428898,
5619,1476.601244688034,-1.2277926,
5620,1476.861296415329,-1.381417,
5621,1477.12189412117,-2.3015046,
5622,1477.3824412822723,-1.9544702,
5623,1477.6411821842194,-1.4555869,
5624,1477.9005346298218,-1.4371617,
5625,1478.1604883670807,-1.9708415,
5626,1478.4206535816193,-1.4068123,
5627,1478.6802406311035,-1.6692212,
5628,1478.9401824474335,-4.8891096,
5629,1479.2001702785492,-1.9892534,
5630,1479.4597911834717,-2.5135884,
5631,1479.7194204330444,-2.4839704,
5632,1479.979543685913,-1.1575998,
5633,1480.2392556667328,-2.8543363,
5634,1480.4999442100525,-1.1866689,
5635,1480.7609062194824,-2.7973673,
5636,1481.0197060108185,-2.8195825,
5637,1481.2792115211487,-2.5365543,
5638,1481.5362794399261,-2.2800896,
5639,1482.5432479381561,-2.080746,
5640,1482.8035624027252,-1.2301284,
5641,1483.0632843971252,-2.4633791,
5642,1483.322364807129,-3.3860343,
5643,1483.5826082229614,-1.1082615,
5644,1483.844068288803,-1.7138672,
5645,1484.1031391620636,-1.1299396,
5646,1484.3644406795502,-2.1068306,
5647,1484.6249060630798,-2.303127,
5648,1484.8892984390259,-2.2055864,
5649,1485.1571009159088,-2.4779394,
5650,1485.4190332889557,-2.8080807,
5651,1485.6800870895386,-1.3298316,
5652,1485.9417045116425,-1.670802,
5653,1486.2024111747742,-2.1792774,
5654,1486.462435722351,-2.3956916,
5655,1486.7226407527924,-2.24306,
5656,1486.9840791225433,-2.1402688,
5657,1487.2487797737122,-2.3136792,
5658,1487.5168404579163,-2.3478034,
5659,1487.7803151607513,-1.226127,
5660,1488.0414328575134,-0.9676903,
5661,1488.301653623581,-2.8338852,
5662,1488.5623445510864,-1.4226844,
5663,1488.823398590088,-1.8508313,
5664,1489.0890529155731,-1.8359064,
5665,1489.3566238880157,-2.4443395,
5666,1489.6184153556824,-3.125322,
5667,1489.8804352283478,-2.0178423,
5668,1490.1407721042633,-1.5357449,
5669,1490.4008741378784,-2.3164692,
5670,1490.6619536876678,-3.0778093,
5671,1490.924150943756,-1.6647259,
5672,1491.1915538311005,-1.7347066,
5673,1491.457353591919,-2.5029473,
5674,1491.7193653583527,-1.9052026,
5675,1491.9800531864166,-2.305477,
5676,1492.240324497223,-2.104099,
5677,1492.5015969276428,-2.3571835,
5678,1492.764619588852,-2.55481,
5679,1493.0328845977783,-1.0883484,
5680,1493.296838760376,-2.452171,
5681,1493.5583517551422,-1.1238754,
5682,1493.818835735321,-1.7130542,
5683,1494.0791063308716,-1.8435011,
5684,1494.3398368358612,-1.2915667,
5685,1494.6012179851532,-1.9334216,
5686,1494.8653409481049,-1.7872226,
5687,1495.1353478431702,-2.9356098,
5688,1495.397293329239,-1.9354773,
5689,1495.6585719585419,-2.3082578,
5690,1495.9183552265167,-1.8585082,
5691,1496.179274559021,-2.5046477,
5692,1496.4396290779114,-2.3283587,
5693,1496.701465845108,-1.4906993,
5694,1496.9688160419464,-1.8491237,
5695,1497.2349603176117,-1.8483782,
5696,1497.4972186088562,-1.7784512,
5697,1497.758367061615,-1.6770127,
5698,1498.0185730457306,-2.0905652,
5699,1498.279633283615,-3.5408971,
5700,1498.7164206504822,-1.698272,
5701,1498.9773888587952,-1.8201187,
5702,1499.2381167411804,-2.08777,
5703,1499.4991555213928,-3.2060342,
5704,1499.7608921527863,-2.793003,
5705,1500.0281569957733,-2.3576403,
5706,1500.2940964698792,-1.7773383,
5707,1500.5553436279297,-2.443312,
5708,1500.8166952133179,-1.8979343,
5709,1501.078006029129,-1.9722998,
5710,1501.338886976242,-2.9821544,
5711,1501.6030027866364,-2.521687,
5712,1501.8719580173492,-2.7127943,
5713,1502.1361792087555,-2.326828,
5714,1502.397961139679,-1.9688272,
5715,1502.6584079265594,-3.013085,
5716,1502.9218373298645,-1.2245095,
5717,1503.1909306049347,-1.191438,
5718,1503.4544339179993,-1.6914716,
5719,1503.7168064117432,-1.3074229,
5720,1503.977662563324,-2.4880884,
5721,1504.239739894867,-2.1566722,
5722,1504.5080709457397,-2.4875734,
5723,1504.77254986763,-1.1563002,
5724,1505.035020828247,-1.781712,
5725,1505.2963569164276,-1.5732733,
5726,1505.5571718215942,-1.981559,
5727,1505.822152853012,-1.4785327,
5728,1506.090915441513,-1.6468375,
5729,1506.3529665470123,-2.5684693,
5730,1506.614619731903,-0.5090478,
5731,1506.8762044906616,-1.5655844,
5732,1507.1367404460907,-3.428751,
5733,1507.40145778656,-2.5389173,
5734,1507.6711101531982,-3.1221719,
5735,1507.9342195987701,-1.6115551,
5736,1508.1949563026428,-1.6528838,
5737,1508.4562366008759,-2.1812372,
5738,1508.71919298172,-2.434908,
5739,1508.9878051280975,-2.3772998,
5740,1509.2530975341797,-1.9598625,
5741,1509.5161645412445,-1.5736197,
5742,1509.7771353721619,-1.8265133,
5743,1510.044192790985,-2.2016222,
5744,1510.3114161491394,-2.3043003,
5745,1510.5738966464996,-2.2618475,
5746,1510.834529876709,-1.8852603,
5747,1511.0963139533997,-2.375969,
5748,1511.36155295372,-1.8636239,
5749,1511.6303036212921,-2.403423,
5750,1511.8927376270294,-1.3111296,
5751,1512.15424990654,-3.462121,
5752,1512.415653705597,-1.7296255,
5753,1512.681253194809,-1.1732571,
5754,1512.9497833251953,-1.6884232,
5755,1513.2137939929962,-2.3303728,
5756,1513.4744658470154,-2.6059327,
5757,1513.7373399734497,-1.5276182,
5758,1514.0061161518097,-2.3068218,
5759,1514.2719020843506,-2.1413636,
5760,1514.5344626903534,-3.1843681,
5761,1514.7974178791046,-2.8302176,
5762,1515.066477060318,-2.057772,
5763,1515.3314158916473,-2.7622373,
5764,1515.5934817790985,-2.007537,
5765,1515.8553326129913,-2.4822707,
5766,1516.1201212406158,-1.5217884,
5767,1516.3891105651855,-2.0606215,
5768,1516.651472568512,-1.800484,
5769,1516.9139862060547,-2.044828,
5770,1517.1766805648804,-2.8362525,
5771,1517.4455723762512,-1.8104908,
5772,1517.7106595039368,-1.9998865,
5773,1517.972413778305,-2.1729877,
5774,1518.2345561981201,-2.2849169,
5775,1518.5024609565735,-2.1443183,
5776,1518.7688250541687,-1.7175477,
5777,1519.0316710472107,-2.2192729,
5778,1519.2931461334229,-3.2047317,
5779,1519.5576977729797,-0.78869927,
5780,1519.827225446701,-1.1696843,
5781,1520.090520620346,-1.6401987,
5782,1520.3529284000397,-1.5135183,
5783,1520.6181609630585,-1.1509254,
5784,1520.8869094848633,-2.4162962,
5785,1521.1502997875214,-1.8226252,
5786,1521.4119560718536,-3.3170214,
5787,1521.6742742061615,-3.1475613,
5788,1521.9421212673187,-2.2745342,
5789,1522.2084968090057,-2.0964537,
5790,1522.471301317215,-2.6365123,
5791,1522.7325887680054,-2.1032994,
5792,1522.998777627945,-2.0685077,
5793,1523.2670528888702,-2.0954583,
5794,1523.529955148697,-1.9986854,
5795,1523.7911517620087,-2.3169498,
5796,1524.0542967319489,-1.513946,
5797,1524.3253314495087,-1.5613732,
5798,1524.5889339447021,-2.1398103,
5799,1524.8504531383514,-1.4847906,
5800,1525.2722840309143,-2.999498,
5801,1525.5324430465698,-2.0653913,
5802,1525.7959296703339,-1.9802951,
5803,1526.063945055008,-2.5777135,
5804,1526.326530456543,-1.7961525,
5805,1526.587944984436,-1.7602141,
5806,1526.8489196300507,-1.9268707,
5807,1527.1093316078186,-2.1864767,
5808,1527.369555234909,-3.0596228,
5809,1527.6298518180847,-3.7479177,
5810,1527.8931503295898,-1.3732613,
5811,1528.1605865955353,-2.795743,
5812,1528.4249939918518,-1.672098,
5813,1528.6867032051086,-1.3089837,
5814,1528.947791814804,-2.151273,
5815,1529.2087857723236,-1.7896924,
5816,1529.469050168991,-2.5754843,
5817,1529.7301774024963,-1.4739393,
5818,1529.993759393692,-3.1130967,
5819,1530.261959552765,-2.9802504,
5820,1530.5250689983368,-1.8566,
5821,1530.7863376140594,-2.8565917,
5822,1531.047369003296,-2.0141354,
5823,1531.3073780536652,-2.8021064,
5824,1531.5687086582184,-1.7988412,
5825,1531.829381942749,-1.363186,
5826,1532.0902125835419,-1.5657154,
5827,1532.3562614917755,-1.6760697,
5828,1532.6223576068878,-2.0643497,
5829,1532.8848760128021,-1.9792852,
5830,1533.1454887390137,-1.4869695,
5831,1533.406275510788,-2.6167235,
5832,1533.6672430038452,-2.265065,
5833,1533.9278502464294,-2.1776192,
5834,1534.1883969306946,-0.9121927,
5835,1534.4493763446808,-1.9490279,
5836,1534.7123765945435,-2.7871923,
5837,1534.9815382957458,-3.6008034,
5838,1535.243982076645,-1.979952,
5839,1535.5045194625854,-2.1465094,
5840,1535.7655220031738,-1.3346583,
5841,1536.0259172916412,-2.06606,
5842,1536.2862799167633,-2.2053459,
5843,1536.546510219574,-2.4059992,
5844,1536.8059215545654,-1.2767544,
5845,1537.066232919693,-2.095662,
5846,1537.3263392448425,-1.4033153,
5847,1537.5860433578491,-1.309969,
5848,1537.8457601070404,-2.2950444,
5849,1538.1058514118195,-2.9651856,
5850,1538.3654026985168,-3.0708241,
5851,1538.6257708072662,-1.2884799,
5852,1538.8863153457642,-2.4185185,
5853,1539.1459016799927,-2.6751666,
5854,1539.4058465957642,-1.7614313,
5855,1539.6666157245636,-3.6582494,
5856,1539.9261600971222,-2.1564007,
5857,1540.1867916584015,-1.3660653,
5858,1540.448338508606,-1.7204313,
5859,1540.7110147476196,-1.7873033,
5860,1540.9783663749695,-2.1810925,
5861,1541.2406997680664,-2.0967288,
5862,1541.5024507045746,-2.2060912,
5863,1541.7620351314545,-2.5984285,
5864,1542.0225939750671,-2.909852,
5865,1542.2837207317352,-1.4517462,
5866,1542.5439457893372,-2.564873,
5867,1542.8036336898804,-1.4336566,
5868,1543.0634350776672,-1.4994304,
5869,1543.323008298874,-2.9483857,
5870,1543.5833468437195,-2.3897653,
5871,1543.8431296348572,-2.5275133,
5872,1544.1030733585358,-1.5691066,
5873,1544.3627026081085,-1.7740393,
5874,1544.622844696045,-0.8619178,
5875,1544.8827216625214,-2.304563,
5876,1545.1420001983643,-1.3635614,
5877,1545.4021711349487,-3.1837196,
5878,1545.6622774600983,-0.98790205,
5879,1545.923231124878,-2.3485954,
5880,1546.1834576129913,-1.5784609,
5881,1546.4428651332855,-2.4923472,
5882,1546.7018609046936,-1.2422016,
5883,1546.9620728492737,-2.1649122,
5884,1547.221952676773,-2.4752285,
5885,1547.4815258979797,-2.7765021,
5886,1547.7414531707764,-2.0468607,
5887,1548.0012874603271,-1.2353295,
5888,1548.2607996463776,-1.9000354,
5889,1548.5207796096802,-1.6029751,
5890,1548.7805471420288,-2.7025623,
5891,1549.0407581329346,-2.5071528,
5892,1549.3008387088776,-2.3896077,
5893,1549.561928987503,-1.9931791,
5894,1549.8209166526794,-2.46331,
5895,1550.0806334018707,-1.2533698,
5896,1550.340515613556,-2.0190399,
5897,1550.6002781391144,-2.281858,
5898,1550.8603777885437,-3.1673937,
5899,1551.120488166809,-3.2379465,
5900,1551.541338443756,-2.9443853,
5901,1551.8005111217499,-3.0940542,
5902,1552.0601754188538,-1.3735859,
5903,1552.3201036453247,-1.4164181,
5904,1552.5800018310547,-2.3414516,
5905,1552.839816570282,-2.4059863,
5906,1553.1015374660492,-2.3948312,
5907,1553.3611414432526,-2.3902807,
5908,1553.6207611560822,-1.4430363,
5909,1553.8811039924622,-2.5835612,
5910,1554.1410686969757,-2.0261898,
5911,1554.4008469581604,-1.8700624,
5912,1554.6610672473907,-1.4345248,
5913,1554.921382188797,-1.007334,
5914,1555.18163895607,-2.4640634,
5915,1555.441822528839,-1.5034202,
5916,1555.7034108638763,-3.206263,
5917,1555.9695439338684,-1.962651,
5918,1556.234834432602,-1.4635646,
5919,1556.4977488517761,-2.8220587,
5920,1556.759178161621,-2.0779564,
5921,1557.0190308094025,-1.6882808,
5922,1557.2793457508087,-2.3924031,
5923,1557.539793252945,-0.999084,
5924,1557.7999150753021,-3.4087138,
5925,1558.0597877502441,-1.6380079,
5926,1558.3202257156372,-1.4665433,
5927,1558.5798182487488,-1.9026597,
5928,1558.840573310852,-2.0474787,
5929,1559.1004710197449,-1.6995826,
5930,1559.361872434616,-2.1970515,
5931,1559.6254906654358,-2.6494198,
5932,1559.893573999405,-1.0566658,
5933,1560.1569929122925,-1.4514811,
5934,1560.4173135757446,-1.3540609,
5935,1560.678124666214,-2.388358,
5936,1560.9385089874268,-2.443161,
5937,1561.1987335681915,-1.9576514,
5938,1561.458613872528,-2.658919,
5939,1561.718418598175,-1.6610017,
5940,1561.9792709350586,-0.94518566,
5941,1562.2396721839905,-2.9558403,
5942,1562.5012028217316,-2.1967742,
5943,1562.7650227546692,-1.9523952,
5944,1563.0324792861938,-1.0069635,
5945,1563.2950339317322,-1.579956,
5946,1563.5565867424011,-2.200284,
5947,1563.8170578479767,-1.471967,
5948,1564.0765895843506,-2.5599494,
5949,1564.33656167984,-2.4520526,
5950,1564.5964667797089,-1.2889016,
5951,1564.856940984726,-1.8378057,
5952,1565.1169621944427,-1.4976652,
5953,1565.3770921230316,-1.3614166,
5954,1565.6366987228394,-2.0428016,
5955,1565.8967168331146,-1.9705114,
5956,1566.1565811634064,-2.1655633,
5957,1566.416518688202,-2.281203,
5958,1566.676591873169,-1.4880238,
5959,1566.9360427856445,-2.6694422,
5960,1567.1964406967163,-2.1886463,
5961,1567.4570479393005,-1.7968705,
5962,1567.7159399986267,-1.9930987,
5963,1567.9752876758575,-3.4640274,
5964,1568.235132932663,-2.970049,
5965,1568.4938185214996,-1.399225,
5966,1568.7553594112396,-1.0910232,
5967,1569.016541481018,-2.4223223,
5968,1569.2751994132996,-2.0958798,
5969,1569.534963130951,-3.2343817,
5970,1569.7942109107971,-2.1505122,
5971,1570.055449962616,-1.569168,
5972,1570.314748764038,-2.7337065,
5973,1570.5754606723785,-2.7395878,
5974,1570.8359730243683,-2.351641,
5975,1571.096225976944,-1.6314869,
5976,1571.3560075759888,-1.4266603,
5977,1571.616471529007,-2.831204,
5978,1571.876813173294,-2.317204,
5979,1572.137487411499,-1.3929322,
5980,1572.4001140594482,-1.8268901,
5981,1572.6670701503754,-2.74338,
5982,1572.9308550357819,-1.5435015,
5983,1573.191712141037,-2.199741,
5984,1573.4524347782135,-1.1887722,
5985,1573.713131904602,-2.4493637,
5986,1573.973501443863,-1.545167,
5987,1574.2334997653961,-2.0712287,
5988,1574.4943249225616,-2.3152592,
5989,1574.754338979721,-1.3898284,
5990,1575.0133337974548,-3.0666769,
5991,1575.2733836174011,-1.5457715,
5992,1575.533198595047,-2.678517,
5993,1575.7931039333344,-1.8498378,
5994,1576.0529294013977,-2.1829906,
5995,1576.3126685619354,-2.2502837,
5996,1576.572515487671,-2.6758294,
5997,1576.8327286243439,-2.1691523,
5998,1577.0923898220062,-2.2114587,
5999,1577.3525393009186,-2.0308352,
6000,1577.7734067440033,-2.7462614,
6001,1578.0331120491028,-1.7278724,
6002,1578.2923622131348,-1.2016742,
6003,1578.5517990589142,-2.5729384,
6004,1578.8117096424103,-1.6622522,
6005,1579.0718159675598,-2.2189424,
6006,1579.3317074775696,-1.8552657,
6007,1579.5915870666504,-2.6645768,
6008,1579.8509464263916,-1.8829643,
6009,1580.1112859249115,-2.344155,
6010,1580.3714888095856,-1.6256313,
6011,1580.6312952041626,-1.3997924,
6012,1580.890798330307,-2.1771734,
6013,1581.1509790420532,-2.5289474,
6014,1581.410875082016,-1.9206666,
6015,1581.671275138855,-1.8931159,
6016,1581.9317021369934,-3.1594636,
6017,1582.1909608840942,-3.4224558,
6018,1582.4506795406342,-1.33968,
6019,1582.7106249332428,-1.2453597,
6020,1582.9704585075378,-2.5501063,
6021,1583.2303903102875,-2.7983465,
6022,1583.4903090000153,-2.016119,
6023,1583.7500438690186,-1.1457504,
6024,1584.009562253952,-1.5389268,
6025,1584.2698338031769,-2.5646482,
6026,1584.5299892425537,-1.9708459,
6027,1584.7900776863098,-2.439392,
6028,1585.0502500534058,-2.1621542,
6029,1585.31085729599,-2.6458676,
6030,1585.5705525875092,-1.992707,
6031,1585.8298027515411,-1.9235779,
6032,1586.0897977352142,-2.1003633,
6033,1586.3496646881104,-3.831206,
6034,1586.6095621585846,-2.076078,
6035,1586.8692688941956,-3.6207037,
6036,1587.128974199295,-2.4009442,
6037,1587.3889980316162,-0.89907724,
6038,1587.6490457057953,-1.2734226,
6039,1587.9090056419373,-1.478056,
6040,1588.169021844864,-1.812389,
6041,1588.428863286972,-1.7873697,
6042,1588.6889729499817,-1.7610643,
6043,1588.9496939182281,-2.633227,
6044,1589.2087681293488,-1.4749258,
6045,1589.4684686660767,-2.4302297,
6046,1589.7284348011017,-1.6015383,
6047,1589.988178730011,-1.3714557,
6048,1590.2477340698242,-2.6280303,
6049,1590.5079553127289,-2.6731899,
6050,1590.7683782577515,-2.1016421,
6051,1591.0274624824524,-1.7092956,
6052,1591.2874364852905,-2.09802,
6053,1591.5474753379822,-1.7319578,
6054,1591.8066365718842,-2.6704688,
6055,1592.0670430660248,-2.2566657,
6056,1592.3283247947693,-2.2004054,
6057,1592.5879669189453,-2.2934268,
6058,1592.8469305038452,-2.5061488,
6059,1593.1072204113007,-2.3266823,
6060,1593.3669674396515,-3.1651692,
6061,1593.6266694068909,-2.4941664,
6062,1593.8866336345673,-2.424638,
6063,1594.1468300819397,-1.8957276,
6064,1594.4063136577606,-1.457443,
6065,1594.6660356521606,-1.8491015,
6066,1594.9265966415405,-1.635415,
6067,1595.1863691806793,-1.177536,
6068,1595.4461362361908,-2.7113595,
6069,1595.706612586975,-1.9542565,
6070,1595.967685699463,-2.7624776,
6071,1596.2275388240814,-2.558537,
6072,1596.4865231513977,-1.1786339,
6073,1596.7456579208374,-2.7697618,
6074,1597.0055179595947,-1.4379352,
6075,1597.2658598423004,-2.3231869,
6076,1597.5253710746765,-1.929445,
6077,1597.7856950759888,-1.441114,
6078,1598.0455298423767,-1.7719222,
6079,1598.3050293922424,-2.0295968,
6080,1598.566680431366,-2.3887622,
6081,1598.8267905712128,-4.22493,
6082,1599.0854105949402,-2.456942,
6083,1599.3454821109772,-1.3094658,
6084,1599.605284690857,-2.2215583,
6085,1599.8646988868713,-2.1378803,
6086,1600.125084400177,-2.4721737,
6087,1600.3846921920776,-2.4007533,
6088,1600.6443996429443,-2.4989042,
6089,1600.9058630466461,-1.0127071,
6090,1601.1661550998688,-3.002084,
6091,1601.4255912303925,-2.6139634,
6092,1601.6861720085144,-2.5481656,
6093,1601.9451959133148,-1.1559827,
6094,1602.2052817344666,-1.8701385,
6095,1602.4658637046814,-1.9257644,
6096,1602.7260897159576,-1.9760801,
6097,1602.9861505031586,-2.945909,
6098,1603.246545791626,-2.7077744,
6099,1603.508576631546,-3.2927318,
6100,1603.9340891838074,-3.2368915,
6101,1604.1989395618439,-1.6941557,
6102,1604.4609615802765,-1.7306545,
6103,1604.7225847244263,-2.8241153,
6104,1604.9832558631897,-2.6646588,
6105,1605.2432832717896,-1.5184298,
6106,1605.504446029663,-2.1057906,
6107,1605.7653503417969,-1.6341484,
6108,1606.0274806022644,-2.4511137,
6109,1606.2922801971436,-1.9297202,
6110,1606.559751033783,-2.7120914,
6111,1606.8214328289032,-2.0831597,
6112,1607.0828692913055,-1.2714055,
6113,1607.3441078662872,-1.887974,
6114,1607.6044895648956,-2.1373258,
6115,1607.8648958206177,-1.6718032,
6116,1608.1266417503357,-3.1101253,
6117,1608.3918027877808,-2.4481268,
6118,1608.6600351333618,-2.4528055,
6119,1608.9217834472656,-2.0938382,
6120,1609.1826560497284,-1.6993126,
6121,1609.4433505535126,-1.3237668,
6122,1609.703678369522,-2.4961877,
6123,1609.9640822410583,-3.1216815,
6124,1610.2242131233215,-1.6512375,
6125,1610.484693288803,-3.042141,
6126,1610.746208190918,-2.6773596,
6127,1611.0131738185883,-1.9715133,
6128,1611.2784099578857,-3.2236683,
6129,1611.5399732589722,-2.1924715,
6130,1611.8004603385925,-2.1286855,
6131,1612.0605328083038,-1.9078827,
6132,1612.3207759857178,-1.4502485,
6133,1612.5804345607758,-1.8173687,
6134,1612.8401839733124,-1.930009,
6135,1613.1008367538452,-1.1045936,
6136,1613.3611645698547,-1.734175,
6137,1613.6224899291992,-2.1234376,
6138,1613.8819208145142,-2.1267138,
6139,1614.1415522098541,-2.6959143,
6140,1614.4015674591064,-2.3620613,
6141,1614.6610469818115,-2.237475,
6142,1614.9202287197113,-2.5942817,
6143,1615.180285692215,-2.1993976,
6144,1615.439255475998,-1.6123958,
6145,1615.6990194320679,-2.386001,
6146,1615.9608137607574,-3.1251168,
6147,1616.2209167480469,-2.3749561,
6148,1616.4798572063446,-2.8255773,
6149,1616.739037513733,-1.9941751,
6150,1616.998803138733,-2.345718,
6151,1617.258427143097,-2.5161324,
6152,1617.5187859535217,-1.9732854,
6153,1617.7783517837524,-2.1909535,
6154,1618.038604259491,-2.2088108,
6155,1618.2989151477814,-1.7625096,
6156,1618.559871673584,-1.7195437,
6157,1618.8192129135132,-2.3964596,
6158,1619.078382730484,-1.9041405,
6159,1619.3387258052826,-1.1217313,
6160,1619.5976822376251,-1.8860624,
6161,1619.8576102256775,-2.2771318,
6162,1620.1174519062042,-1.5127492,
6163,1620.3768248558044,-2.896524,
6164,1620.637391090393,-1.9831539,
6165,1620.898151397705,-2.3225038,
6166,1621.158492565155,-1.906583,
6167,1621.4170722961426,-1.0080175,
6168,1621.6767327785492,-1.159123,
6169,1621.9362576007843,-2.2884018,
6170,1622.195416212082,-2.8869934,
6171,1622.456078529358,-2.1296294,
6172,1622.7152960300446,-2.5309541,
6173,1622.9751715660095,-2.7022552,
6174,1623.234852552414,-2.120408,
6175,1623.4966049194336,-2.4716203,
6176,1623.7564980983734,-1.6976501,
6177,1624.015308856964,-2.3008788,
6178,1624.2748339176178,-2.065542,
6179,1624.5346701145172,-2.2279794,
6180,1624.7938776016235,-2.951963,
6181,1625.0542497634888,-2.6722822,
6182,1625.313719034195,-3.1680095,
6183,1625.5742437839508,-1.6773758,
6184,1625.83407664299,-1.7656265,
6185,1626.095154285431,-3.2658935,
6186,1626.3556261062622,-2.1151855,
6187,1626.6149067878723,-1.6993501,
6188,1626.8750245571136,-2.2020237,
6189,1627.1344566345215,-1.5705115,
6190,1627.3944714069366,-1.1522182,
6191,1627.6538290977478,-2.1754084,
6192,1627.9137127399445,-1.613507,
6193,1628.1742203235626,-1.5674173,
6194,1628.4335978031158,-2.4197166,
6195,1628.6955935955048,-2.3467157,
6196,1628.9553999900818,-2.1352448,
6197,1629.2147824764252,-2.120801,
6198,1629.4748163223267,-2.350262,
6199,1629.734528541565,-1.5972818,
6200,1630.1534416675568,-1.6824523,
6201,1630.411446094513,-2.298559,
6202,1630.6706054210663,-2.3377655,
6203,1630.9307343959808,-1.3257987,
6204,1631.192474603653,-2.2469566,
6205,1631.451580286026,-2.5176053,
6206,1631.7109110355377,-2.3335834,
6207,1631.9704508781433,-2.3869996,
6208,1632.2309038639069,-1.8535786,
6209,1632.490365743637,-1.2700493,
6210,1632.750382900238,-1.6814625,
6211,1633.0102212429047,-1.4013991,
6212,1633.270179271698,-1.6067404,
6213,1633.5308773517609,-2.788933,
6214,1633.7921509742737,-2.1254232,
6215,1634.051304101944,-1.6416512,
6216,1634.3102550506592,-3.0108738,
6217,1634.570067167282,-2.2753522,
6218,1634.8304002285004,-2.6917667,
6219,1635.0896291732788,-2.3103046,
6220,1635.3494958877563,-1.8677907,
6221,1635.6095790863037,-2.143661,
6222,1635.8699359893799,-2.0381193,
6223,1636.130785226822,-1.2232407,
6224,1636.3911106586456,-2.1582737,
6225,1636.6502892971039,-3.4160643,
6226,1636.9105143547058,-2.245184,
6227,1637.1698701381683,-1.3610926,
6228,1637.4298346042633,-1.9692721,
6229,1637.6894431114197,-2.5826676,
6230,1637.9496939182281,-2.0347607,
6231,1638.2091562747955,-1.9526569,
6232,1638.4692375659943,-1.8920796,
6233,1638.7302830219269,-2.2371294,
6234,1638.990178346634,-1.3286473,
6235,1639.249222278595,-1.8898681,
6236,1639.5092449188232,-1.1018054,
6237,1639.769208908081,-1.2747569,
6238,1640.029334783554,-0.763809,
6239,1640.288980960846,-2.67426,
6240,1640.5492751598358,-2.0573192,
6241,1640.8091461658478,-1.5984457,
6242,1641.0693881511688,-1.9715116,
6243,1641.330096244812,-1.3839,
6244,1641.5898056030273,-2.428738,
6245,1641.8485217094421,-2.5201032,
6246,1642.108609676361,-2.744111,
6247,1642.3686301708221,-3.0063202,
6248,1642.62904047966,-3.1289876,
6249,1642.8890354633331,-1.6180859,
6250,1643.1491203308105,-1.7910249,
6251,1643.408692598343,-1.0769494,
6252,1643.668910741806,-3.3350482,
6253,1643.9289329051971,-2.5785725,
6254,1644.1887814998627,-2.3169012,
6255,1644.4492864608765,-1.9274946,
6256,1644.7100834846497,-2.1729436,
6257,1644.9693670272827,-1.7864228,
6258,1645.2294504642487,-2.5894828,
6259,1645.4889695644379,-2.0721917,
6260,1645.748670578003,-2.246112,
6261,1646.0085515975952,-2.0399437,
6262,1646.2686741352081,-3.6123524,
6263,1646.5287854671478,-3.3635654,
6264,1646.7887387275696,-1.3914974,
6265,1647.0486240386963,-1.4266095,
6266,1647.3087458610535,-1.8890145,
6267,1647.5682668685913,-2.6433964,
6268,1647.828043460846,-1.7269894,
6269,1648.089283466339,-1.4014657,
6270,1648.3495638370514,-2.6734445,
6271,1648.6111266613007,-2.6121655,
6272,1648.870568037033,-2.169533,
6273,1649.1290636062622,-1.4885843,
6274,1649.3883452415466,-2.1665606,
6275,1649.6481940746307,-2.1842659,
6276,1649.9088201522827,-1.3925925,
6277,1650.1694345474243,-2.1475208,
6278,1650.4293072223663,-1.7979511,
6279,1650.6893672943115,-1.8408351,
6280,1650.9495561122894,-1.5121663,
6281,1651.2095935344696,-2.7464037,
6282,1651.469619512558,-1.0782971,
6283,1651.7308299541473,-2.0690463,
6284,1651.9909799098969,-0.97376305,
6285,1652.2507009506226,-2.4016612,
6286,1652.5106739997864,-1.8573785,
6287,1652.7706797122955,-1.6232089,
6288,1653.0305755138397,-0.98300385,
6289,1653.290565252304,-3.5849204,
6290,1653.5503339767456,-2.1325552,
6291,1653.8104343414307,-2.5918677,
6292,1654.0701406002045,-1.3991797,
6293,1654.3300023078918,-2.5029855,
6294,1654.5903856754303,-4.1194925,
6295,1654.8500995635986,-2.1005383,
6296,1655.1100101470947,-1.7744081,
6297,1655.3705568313599,-1.1925377,
6298,1655.6301574707031,-2.582404,
6299,1655.8896942138672,-1.5148199,
6300,1656.3111419677734,-2.0665429,
6301,1656.5708508491516,-1.2537543,
6302,1656.8322660923004,-2.2235515,
6303,1657.0968544483185,-2.9657054,
6304,1657.363708972931,-2.3621874,
6305,1657.625961780548,-1.8455272,
6306,1657.8863191604614,-3.0690198,
6307,1658.1469509601593,-0.7766023,
6308,1658.4068212509155,-1.8623306,
6309,1658.667324066162,-2.4919927,
6310,1658.92857837677,-1.3286047,
6311,1659.1879482269287,-1.6364992,
6312,1659.4480583667755,-1.3876146,
6313,1659.7075185775757,-1.697216,
6314,1659.967681646347,-2.4673438,
6315,1660.2271854877472,-1.2432281,
6316,1660.4873955249786,-2.7727013,
6317,1660.7473633289337,-2.570376,
6318,1661.0074701309204,-2.2501495,
6319,1661.2669653892517,-2.2082522,
6320,1661.5264582633972,-2.0357406,
6321,1661.7861585617065,-1.577234,
6322,1662.0459060668945,-1.8965831,
6323,1662.3072378635406,-1.4278253,
6324,1662.567087650299,-1.6372621,
6325,1662.826129436493,-2.4321923,
6326,1663.0856070518494,-1.6158156,
6327,1663.3453269004822,-2.389876,
6328,1663.604899406433,-2.298059,
6329,1663.8649909496307,-2.171388,
6330,1664.1250505447388,-1.6787035,
6331,1664.3850390911102,-3.0794978,
6332,1664.6447293758392,-1.8908312,
6333,1664.9047179222107,-2.1016138,
6334,1665.1646530628204,-3.3221495,
6335,1665.4245202541351,-1.660562,
6336,1665.6846413612366,-1.3456244,
6337,1665.9452669620514,-2.9786954,
6338,1666.2049119472504,-1.4072992,
6339,1666.4644436836243,-2.1228726,
6340,1666.7242679595947,-2.3881743,
6341,1666.983747959137,-1.5532502,
6342,1667.2435564994812,-1.31233,
6343,1667.5035812854767,-1.736651,
6344,1667.7632162570953,-3.1242201,
6345,1668.0232763290405,-2.2943819,
6346,1668.2828495502472,-1.6474726,
6347,1668.542816877365,-3.0347352,
6348,1668.8019661903381,-1.4046901,
6349,1669.0621881484985,-2.377067,
6350,1669.3227784633636,-2.5078216,
6351,1669.5833678245544,-1.9301959,
6352,1669.842772245407,-1.367953,
6353,1670.1025540828705,-1.1144938,
6354,1670.3618683815002,-1.089891,
6355,1670.6217048168182,-3.4929926,
6356,1670.8814554214478,-1.8899341,
6357,1671.1416563987732,-2.0172238,
6358,1671.4016156196594,-2.1799123,
6359,1671.6613972187042,-2.318972,
6360,1671.9210901260376,-1.4956388,
6361,1672.181220293045,-1.0522494,
6362,1672.440869808197,-2.1283357,
6363,1672.7009391784668,-2.0450807,
6364,1672.9611518383026,-2.6696231,
6365,1673.221824169159,-1.9781773,
6366,1673.4813129901886,-2.038227,
6367,1673.741240978241,-1.5905261,
6368,1674.0010194778442,-1.9320716,
6369,1674.2602531909943,-1.4655576,
6370,1674.5201995372772,-2.8066525,
6371,1674.7802946567535,-1.9204822,
6372,1675.0405757427216,-2.5684502,
6373,1675.300547361374,-2.7698174,
6374,1675.5602388381958,-2.1027102,
6375,1675.8202376365662,-1.9428513,
6376,1676.080547094345,-2.5268178,
6377,1676.3405373096466,-1.5363493,
6378,1676.6002242565155,-1.08194,
6379,1676.861533164978,-1.7740276,
6380,1677.1203365325928,-1.805969,
6381,1677.380443572998,-0.9764215,
6382,1677.6402657032013,-1.478887,
6383,1677.8993792533875,-1.3260207,
6384,1678.1592524051666,-1.988097,
6385,1678.4193885326385,-2.7141416,
6386,1678.679410457611,-2.2839878,
6387,1678.9397716522217,-2.5429268,
6388,1679.199762582779,-1.8731339,
6389,1679.4593720436096,-2.3762631,
6390,1679.7191278934479,-2.2274888,
6391,1679.979454278946,-1.3753928,
6392,1680.2391135692596,-1.8181233,
6393,1680.4999542236328,-1.9539143,
6394,1680.7596745491028,-1.9243199,
6395,1681.0187423229218,-1.6423333,
6396,1681.2782862186432,-1.7641253,
6397,1681.5383644104004,-2.4276166,
6398,1681.7980120182037,-1.0743983,
6399,1682.0582699775696,-2.2205122,
6400,1682.4790377616882,-2.3038957,
6401,1682.7388043403625,-1.2616062,
6402,1682.9988408088684,-1.6423473,
6403,1683.2584743499756,-2.6465352,
6404,1683.5190346240997,-2.9572825,
6405,1683.7784535884857,-0.9260886,
6406,1684.0400214195251,-1.8958917,
6407,1684.3003146648407,-2.2606857,
6408,1684.5595009326935,-0.93160176,
6409,1684.8194193840027,-1.8333259,
6410,1685.0797157287598,-1.3273802,
6411,1685.338966846466,-2.9016633,
6412,1685.5991621017456,-0.852583,
6413,1685.8590977191925,-2.1751502,
6414,1686.1189889907837,-1.530526,
6415,1686.3787307739258,-1.9315754,
6416,1686.638784646988,-1.561778,
6417,1686.8989567756653,-2.211445,
6418,1687.1591231822968,-2.5074477,
6419,1687.4207928180695,-1.7052166,
6420,1687.6820271015167,-1.6636413,
6421,1687.9426391124725,-2.9133294,
6422,1688.205722808838,-1.7642435,
6423,1688.4734525680542,-1.9923666,
6424,1688.7354590892792,-1.5508589,
6425,1688.9963557720184,-1.502663,
6426,1689.25728058815,-1.7996721,
6427,1689.5170102119446,-0.60889137,
6428,1689.7779741287231,-2.9846106,
6429,1690.0387706756592,-1.7570444,
6430,1690.299152135849,-1.7174877,
6431,1690.559856414795,-2.7918296,
6432,1690.8198165893555,-1.2366117,
6433,1691.079452753067,-1.7803538,
6434,1691.3406751155853,-1.5693113,
6435,1691.6017379760742,-1.2043364,
6436,1691.8680787086487,-2.1841233,
6437,1692.1333384513855,-1.7564998,
6438,1692.394977092743,-1.6267781,
6439,1692.656989812851,-1.6948743,
6440,1692.9183192253113,-1.7583205,
6441,1693.1787810325623,-1.48501,
6442,1693.4386851787567,-2.081185,
6443,1693.6995720863342,-1.3460773,
6444,1693.960167169571,-1.847147,
6445,1694.2236971855164,-3.2077727,
6446,1694.490437746048,-1.3276601,
6447,1694.75319314003,-1.7157203,
6448,1695.0147573947906,-2.5022976,
6449,1695.2746937274933,-2.4965074,
6450,1695.5368707180023,-2.664674,
6451,1695.7974116802216,-1.3785182,
6452,1696.0580651760101,-1.9351778,
6453,1696.3184294700623,-2.9516013,
6454,1696.5790803432465,-1.0995722,
6455,1696.8398888111115,-3.5106385,
6456,1697.106055021286,-2.66226,
6457,1697.3708097934723,-1.415009,
6458,1697.6333379745483,-2.3689468,
6459,1697.8931334018707,-1.4374505,
6460,1698.1547586917877,-1.8229809,
6461,1698.4169499874115,-2.5782585,
6462,1698.67742395401,-2.3656402,
6463,1698.9384689331055,-1.412255,
6464,1699.199731349945,-2.2921722,
6465,1699.4657611846924,-2.9436064,
6466,1699.7303457260132,-2.0818915,
6467,1699.992219209671,-2.4192696,
6468,1700.2533538341522,-2.4130967,
6469,1700.5137069225311,-3.1980207,
6470,1700.7741751670837,-3.074871,
6471,1701.035526752472,-1.7999097,
6472,1701.296597480774,-1.2878722,
6473,1701.557050228119,-1.3850367,
6474,1701.817434310913,-2.2966642,
6475,1702.080026626587,-2.7237084,
6476,1702.3467180728912,-1.3114288,
6477,1702.6112229824066,-1.7238798,
6478,1702.8718221187592,-2.3915093,
6479,1703.13241481781,-2.006421,
6480,1703.393078327179,-1.9552282,
6481,1703.654347896576,-1.8500488,
6482,1703.9159870147705,-3.0993602,
6483,1704.176622390747,-3.2853448,
6484,1704.4385950565338,-2.7695155,
6485,1704.7053716182709,-2.041801,
6486,1704.9694511890411,-3.0425735,
6487,1705.2310631275177,-1.5606871,
6488,1705.4916706085205,-2.4035292,
6489,1705.7521011829376,-2.1423178,
6490,1706.0120768547058,-2.7843208,
6491,1706.2733271121979,-1.3284321,
6492,1706.5346894264221,-1.5506771,
6493,1706.7951078414917,-1.8526516,
6494,1707.0558042526245,-2.6631472,
6495,1707.3171455860138,-3.0211535,
6496,1707.5836470127106,-2.2191224,
6497,1707.8481550216675,-1.6868042,
6498,1708.1096913814545,-2.8894067,
6499,1708.3708672523499,-1.7355981,
6500,1708.7917578220367,-1.4132707,
6501,1709.0510461330414,-2.0247,
6502,1709.3130686283112,-1.6193862,
6503,1709.5735733509064,-2.0473819,
6504,1709.834727048874,-2.121932,
6505,1710.0958111286163,-1.4655714,
6506,1710.3580222129822,-1.7821265,
6507,1710.6261994838715,-2.245869,
6508,1710.8882505893707,-1.9524713,
6509,1711.149492740631,-2.4403806,
6510,1711.4100170135498,-3.7194164,
6511,1711.6703100204468,-3.0161471,
6512,1711.9309499263763,-2.7056174,
6513,1712.19300198555,-2.453417,
6514,1712.4533410072327,-2.0875947,
6515,1712.7143313884735,-1.363203,
6516,1712.9761872291565,-0.6940106,
6517,1713.243314743042,-1.4828011,
6518,1713.5071206092834,-2.1596832,
6519,1713.769282579422,-2.6973882,
6520,1714.0297527313232,-2.956321,
6521,1714.2894303798676,-2.0082579,
6522,1714.5504105091095,-2.3367028,
6523,1714.8118538856506,-1.6898723,
6524,1715.072922706604,-4.946331,
6525,1715.3342335224152,-1.8092512,
6526,1715.6004431247711,-2.3103883,
6527,1715.8657910823822,-3.275553,
6528,1716.127692937851,-1.3854806,
6529,1716.3885335922241,-1.3342979,
6530,1716.6490261554718,-2.1417189,
6531,1716.909393787384,-4.372588,
6532,1717.1693823337555,-1.8964305,
6533,1717.4303481578827,-1.308351,
6534,1717.6914670467377,-1.6150999,
6535,1717.9530086517334,-2.1303306,
6536,1718.2148971557617,-1.8662909,
6537,1718.4824225902557,-1.8433728,
6538,1718.746060371399,-1.285651,
6539,1719.0074870586395,-2.0883112,
6540,1719.267903804779,-1.6321812,
6541,1719.528442621231,-2.687911,
6542,1719.7884380817413,-1.8701339,
6543,1720.0481836795807,-2.2751126,
6544,1720.3106532096863,-2.2833357,
6545,1720.5714526176453,-1.7496331,
6546,1720.8343675136566,-2.5503855,
6547,1721.1019217967987,-1.9947939,
6548,1721.3664946556091,-2.5365407,
6549,1721.6270956993103,-1.8120068,
6550,1721.8873317241669,-1.5426967,
6551,1722.1479904651642,-1.2047725,
6552,1722.4084095954895,-2.8709946,
6553,1722.6682074069977,-1.9957001,
6554,1722.9290297031403,-3.0221388,
6555,1723.1909306049347,-2.0246422,
6556,1723.4526660442352,-2.0044804,
6557,1723.7201266288757,-0.76664734,
6558,1723.9850254058838,-0.720383,
6559,1724.2462630271912,-2.0207326,
6560,1724.5068531036377,-2.2609704,
6561,1724.767484664917,-2.5164022,
6562,1725.028128862381,-1.5532763,
6563,1725.2891216278076,-2.660452,
6564,1725.548803806305,-1.4809506,
6565,1725.812995672226,-2.3357105,
6566,1726.0816986560822,-3.8522944,
6567,1726.345379114151,-2.9999015,
6568,1726.6064984798431,-3.6785233,
6569,1726.8673088550568,-1.9241476,
6570,1727.127717256546,-1.4988692,
6571,1727.3885130882263,-1.4448934,
6572,1727.6500873565674,-1.9771556,
6573,1727.9165081977844,-1.9282253,
6574,1728.1816272735596,-2.130642,
6575,1728.4441573619843,-1.696388,
6576,1728.7069506645203,-3.6083663,
6577,1728.9683640003204,-3.075619,
6578,1729.2290225028992,-0.92414117,
6579,1729.493093252182,-1.8995196,
6580,1729.7610907554626,-2.6356711,
6581,1730.0233030319214,-1.7420094,
6582,1730.2845211029053,-1.8514841,
6583,1730.545068025589,-2.3426135,
6584,1730.8052895069122,-3.3875904,
6585,1731.0651142597198,-1.3413585,
6586,1731.3261280059814,-1.9250829,
6587,1731.5884430408478,-3.3772724,
6588,1731.850665807724,-1.9590135,
6589,1732.119799375534,-2.49217,
6590,1732.3840668201447,-0.6286613,
6591,1732.6449010372162,-1.1420923,
6592,1732.9045476913452,-2.1345572,
6593,1733.1667318344116,-1.1084968,
6594,1733.428551197052,-0.95588624,
6595,1733.6927185058594,-2.0602229,
6596,1733.9601628780365,-2.2298694,
6597,1734.2234463691711,-2.0764449,
6598,1734.4857816696167,-1.8512398,
6599,1734.7466208934784,-2.7487705,
6600,1735.1711268424988,-2.3345647,
6601,1735.4375178813934,-1.6698995,
6602,1735.7003681659698,-1.4404123,
6603,1735.9622435569763,-2.2240527,
6604,1736.2237882614136,-3.1627767,
6605,1736.4832746982574,-1.7214195,
6606,1736.7436263561249,-0.93255424,
6607,1737.005869626999,-2.350839,
6608,1737.2673037052155,-1.9551992,
6609,1737.5316598415375,-2.5275218,
6610,1737.7986915111542,-2.1877608,
6611,1738.0605175495148,-2.5158386,
6612,1738.3219678401947,-2.14012,
6613,1738.5822641849518,-1.967242,
6614,1738.842993736267,-1.0308714,
6615,1739.1029887199402,-2.7205238,
6616,1739.363611459732,-2.2958815,
6617,1739.6251695156097,-2.9676366,
6618,1739.8864753246307,-1.7927005,
6619,1740.1494698524475,-2.211411,
6620,1740.4174127578735,-2.1810803,
6621,1740.6807763576508,-2.7957864,
6622,1740.9410767555237,-1.1615503,
6623,1741.2024793624878,-1.9793622,
6624,1741.4630982875824,-2.048252,
6625,1741.7227811813354,-2.3738942,
6626,1741.9830548763275,-2.4145162,
6627,1742.2439613342285,-1.9791726,
6628,1742.507405281067,-1.5536819,
6629,1742.7761764526367,-2.4514675,
6630,1743.03972697258,-1.2840513,
6631,1743.300992012024,-2.4721951,
6632,1743.5617322921753,-1.6400639,
6633,1743.8229324817657,-1.884112,
6634,1744.0833687782288,-2.0658855,
6635,1744.3438889980316,-1.7873352,
6636,1744.6076500415802,-3.2435975,
6637,1744.8755259513855,-1.8676991,
6638,1745.1385202407837,-2.8166668,
6639,1745.401426076889,-2.6455498,
6640,1745.6623630523682,-2.3805695,
6641,1745.9234974384308,-2.327409,
6642,1746.1866352558136,-2.198525,
6643,1746.4552328586578,-2.505699,
6644,1746.7178363800049,-2.0028114,
6645,1746.9792885780334,-2.2539036,
6646,1747.240636587143,-2.9793668,
6647,1747.5013103485107,-3.580224,
6648,1747.7624776363373,-2.143853,
6649,1748.0223925113678,-2.0030892,
6650,1748.2861597537994,-2.09778,
6651,1748.5547487735748,-3.6843748,
6652,1748.8180499076843,-1.7702439,
6653,1749.0797274112701,-1.710094,
6654,1749.3403506278992,-2.3333054,
6655,1749.6002082824707,-1.1292456,
6656,1749.8604831695557,-2.2204242,
6657,1750.1212701797485,-2.9902928,
6658,1750.3823342323303,-1.4496988,
6659,1750.64515376091,-3.7226164,
6660,1750.914371728897,-2.8187976,
6661,1751.1779415607452,-1.8350434,
6662,1751.4398653507233,-2.814354,
6663,1751.699940919876,-2.3335776,
6664,1751.9596440792084,-0.6521067,
6665,1752.2198045253754,-1.4300979,
6666,1752.4796533584595,-1.3226271,
6667,1752.7403149604797,-1.8272817,
6668,1753.0002772808075,-3.155683,
6669,1753.2613468170166,-1.7999929,
6670,1753.5263862609863,-2.197246,
6671,1753.794016122818,-1.249527,
6672,1754.0563168525696,-1.4352255,
6673,1754.3174719810486,-2.3181539,
6674,1754.5781500339508,-2.0217524,
6675,1754.838722705841,-1.91235,
6676,1755.098581790924,-3.329824,
6677,1755.3583612442017,-3.016931,
6678,1755.6178114414215,-1.8619661,
6679,1755.877334356308,-2.107208,
6680,1756.1374740600586,-1.874703,
6681,1756.3992474079132,-1.7524499,
6682,1756.6599152088165,-2.5848482,
6683,1756.9211151599884,-3.5899458,
6684,1757.1853318214417,-3.2353463,
6685,1757.4522800445557,-2.1043444,
6686,1757.714081287384,-2.4366348,
6687,1757.9751653671265,-1.3937697,
6688,1758.2352118492126,-1.6075177,
6689,1758.4961023330688,-2.3338041,
6690,1758.7560992240906,-2.0656762,
6691,1759.0170695781708,-3.664311,
6692,1759.2776839733124,-1.5454079,
6693,1759.5378608703613,-2.3621862,
6694,1759.7983140945435,-2.2074373,
6695,1760.0579748153687,-3.3580046,
6696,1760.3178930282593,-2.3834276,
6697,1760.5782842636108,-2.874249,
6698,1760.8391830921173,-2.9376206,
6699,1761.10120844841,-1.9689641,
6700,1761.5251550674438,-2.5755305,
6701,1761.7913527488708,-2.5406604,
6702,1762.0546531677246,-1.8109387,
6703,1762.3154637813568,-2.2549098,
6704,1762.5755727291107,-2.3530602,
6705,1762.8354518413544,-2.5464425,
6706,1763.0947790145874,-1.9900188,
6707,1763.354311466217,-1.6765176,
6708,1763.614031791687,-1.5819131,
6709,1763.8741624355316,-1.7045264,
6710,1764.1334290504456,-2.38759,
6711,1764.3951892852783,-3.405409,
6712,1764.6553826332092,-1.8049132,
6713,1764.9160120487213,-1.1695894,
6714,1765.1757864952087,-2.5224712,
6715,1765.4355306625366,-1.6048361,
6716,1765.6963121891022,-2.1650498,
6717,1765.9560279846191,-2.437658,
6718,1766.215077161789,-2.3241858,
6719,1766.4747381210327,-1.983382,
6720,1766.7342627048492,-1.7403995,
6721,1766.9941048622131,-1.5328993,
6722,1767.2555136680603,-2.526337,
6723,1767.5158696174622,-1.6323572,
6724,1767.7768559455872,-2.4984732,
6725,1768.0373299121857,-2.0631776,
6726,1768.2978374958038,-1.4877993,
6727,1768.5615463256836,-2.5589123,
6728,1768.8280305862427,-1.6829507,
6729,1769.0898458957672,-1.6726611,
6730,1769.3511765003204,-2.4349763,
6731,1769.6115081310272,-1.9986417,
6732,1769.8728058338165,-2.507574,
6733,1770.1337180137634,-1.5244348,
6734,1770.3936681747437,-1.8077276,
6735,1770.65363407135,-2.9359365,
6736,1770.9133386611938,-3.8622465,
6737,1771.173443555832,-2.0192451,
6738,1771.4326474666595,-2.3732114,
6739,1771.692676782608,-2.3450513,
6740,1771.9523222446442,-1.8537887,
6741,1772.2110602855682,-1.9214712,
6742,1772.4715976715088,-1.7459571,
6743,1772.7337973117828,-2.2662406,
6744,1772.994418144226,-1.0680063,
6745,1773.2544662952423,-1.7570935,
6746,1773.5151073932648,-2.7860017,
6747,1773.7749915122986,-2.9939802,
6748,1774.0372898578644,-3.0840485,
6749,1774.3032689094543,-2.5137875,
6750,1774.5679116249084,-1.6778877,
6751,1774.8286323547363,-2.7274609,
6752,1775.0894827842712,-2.3722284,
6753,1775.3512845039368,-1.4535167,
6754,1775.6122870445251,-2.0618737,
6755,1775.8730068206787,-1.8561409,
6756,1776.1329927444458,-1.3577245,
6757,1776.3933193683624,-1.953908,
6758,1776.65390086174,-1.116392,
6759,1776.9146037101746,-1.3030416,
6760,1777.176860332489,-1.710688,
6761,1777.4437458515167,-1.6176592,
6762,1777.7068467140198,-2.194838,
6763,1777.9682602882385,-2.0673466,
6764,1778.2306957244873,-1.7439506,
6765,1778.4911918640137,-2.1065762,
6766,1778.7515666484833,-1.7142897,
6767,1779.0111899375916,-1.2895714,
6768,1779.2711627483368,-3.4321651,
6769,1779.5309162139893,-2.1693406,
6770,1779.7906165122986,-2.1191056,
6771,1780.0501158237457,-1.8781306,
6772,1780.3109583854675,-1.5246387,
6773,1780.5705213546753,-0.7193559,
6774,1780.8317494392395,-1.8366677,
6775,1781.093132019043,-1.3845067,
6776,1781.3553581237793,-1.8378537,
6777,1781.6228203773499,-1.816485,
6778,1781.8865854740143,-1.9067028,
6779,1782.147121667862,-1.5609809,
6780,1782.4076631069183,-1.845469,
6781,1782.668393611908,-2.4110374,
6782,1782.9278090000153,-1.9018576,
6783,1783.1871440410614,-2.9056072,
6784,1783.449863433838,-2.8143547,
6785,1783.710429430008,-1.9694984,
6786,1783.9714217185974,-1.7850443,
6787,1784.2325530052185,-1.3445002,
6788,1784.4952239990234,-2.109172,
6789,1784.7619071006775,-2.2156086,
6790,1785.0254662036896,-2.1309586,
6791,1785.2866096496582,-1.3738217,
6792,1785.546804189682,-2.059778,
6793,1785.807115316391,-1.6609879,
6794,1786.06875872612,-2.4314306,
6795,1786.330060005188,-3.3673549,
6796,1786.5906250476837,-2.719387,
6797,1786.8524005413055,-2.381599,
6798,1787.1180536746979,-3.2180853,
6799,1787.3845312595367,-2.16462,
6800,1787.8074288368225,-1.3589422,
6801,1788.0669538974762,-1.2036192,
6802,1788.3269517421722,-1.746244,
6803,1788.5869886875153,-2.502309,
6804,1788.847770690918,-1.3920944,
6805,1789.1098833084106,-1.6647246,
6806,1789.3717312812805,-1.7231683,
6807,1789.6360738277435,-1.5070397,
6808,1789.9026260375977,-2.2913916,
6809,1790.1650240421295,-1.1799302,
6810,1790.4260013103485,-1.0640867,
6811,1790.6868662834167,-2.3264728,
6812,1790.9470753669739,-2.1488664,
6813,1791.2085571289062,-2.3633623,
6814,1791.4680280685425,-1.4733934,
6815,1791.7307538986206,-1.780925,
6816,1791.9960503578186,-3.0559258,
6817,1792.2622666358948,-2.6617727,
6818,1792.525464773178,-2.7301693,
6819,1792.7861514091492,-1.5738719,
6820,1793.046596288681,-1.9976311,
6821,1793.3065719604492,-1.8855194,
6822,1793.5671043395996,-2.8947027,
6823,1793.8268353939056,-2.144608,
6824,1794.086459159851,-2.1768298,
6825,1794.347760438919,-1.2411237,
6826,1794.6120066642761,-1.5861694,
6827,1794.880784034729,-3.9694057,
6828,1795.144341468811,-2.0227044,
6829,1795.404999256134,-1.3874129,
6830,1795.6654860973358,-2.4689453,
6831,1795.9252347946167,-1.8793571,
6832,1796.1853919029236,-1.411273,
6833,1796.446132659912,-1.0601641,
6834,1796.705846786499,-1.8730539,
6835,1796.9666638374329,-2.3295717,
6836,1797.2276213169098,-2.8752563,
6837,1797.4923951625824,-2.507163,
6838,1797.7608411312103,-1.852039,
6839,1798.0230376720428,-2.1368732,
6840,1798.2839493751526,-1.259165,
6841,1798.5450603961945,-2.0917506,
6842,1798.8055515289307,-2.895469,
6843,1799.0653018951416,-2.374067,
6844,1799.3253304958344,-2.7657351,
6845,1799.5855963230133,-2.1109135,
6846,1799.8467438220978,-1.8129354,
6847,1800.111690044403,-1.7690129,
6848,1800.3794918060303,-2.6254137,
6849,1800.6420345306396,-1.5462089,
6850,1800.90314245224,-2.2405396,
6851,1801.1632947921753,-3.0379248,
6852,1801.4238781929016,-1.2835507,
6853,1801.6838326454163,-2.128445,
6854,1801.9438681602478,-1.7146158,
6855,1802.2039813995361,-2.8121338,
6856,1802.465419769287,-1.6136141,
6857,1802.7267968654633,-1.7960513,
6858,1802.9916141033173,-2.3538907,
6859,1803.2594039440155,-2.387286,
6860,1803.5211253166199,-2.7682164,
6861,1803.782193660736,-2.8461885,
6862,1804.042218208313,-2.418158,
6863,1804.3026220798492,-1.2542586,
6864,1804.562729358673,-1.3080909,
6865,1804.8225874900818,-2.1125333,
6866,1805.0819952487946,-2.4058864,
6867,1805.3428683280945,-2.077561,
6868,1805.604400396347,-3.013546,
6869,1805.865891456604,-2.6518965,
6870,1806.1316995620728,-1.2795277,
6871,1806.397164106369,-0.91366106,
6872,1806.659373998642,-1.2354567,
6873,1806.91996383667,-1.933362,
6874,1807.180314540863,-1.9584332,
6875,1807.440485715866,-2.0948367,
6876,1807.7005560398102,-1.7475703,
6877,1807.9611010551453,-1.5104425,
6878,1808.2225489616394,-2.2237833,
6879,1808.4828610420227,-2.9900546,
6880,1808.7439985275269,-2.3860326,
6881,1809.0083169937134,-2.1062212,
6882,1809.2748141288757,-1.0695302,
6883,1809.5383069515228,-2.1507397,
6884,1809.7994141578674,-2.0185823,
6885,1810.0589089393616,-2.774488,
6886,1810.3192265033722,-2.927472,
6887,1810.5791029930115,-2.6689038,
6888,1810.8400528430939,-1.7411802,
6889,1811.1018998622894,-1.3505743,
6890,1811.3626210689545,-2.631375,
6891,1811.6234271526337,-2.373525,
6892,1811.8860383033752,-1.445201,
6893,1812.1542377471924,-1.9719832,
6894,1812.417064189911,-1.2323897,
6895,1812.6776268482208,-1.0954232,
6896,1812.9378819465637,-2.4482749,
6897,1813.199193239212,-2.1725245,
6898,1813.4592292308807,-2.85156,
6899,1813.7205052375793,-1.8743713,
6900,1814.1494929790497,-1.8291099,
6901,1814.415368795395,-1.6547997,
6902,1814.6778025627136,-1.5877606,
6903,1814.938581943512,-1.3856062,
6904,1815.199500322342,-2.7440228,
6905,1815.4602499008179,-2.3651404,
6906,1815.720452785492,-2.851821,
6907,1815.9808404445648,-1.9941341,
6908,1816.243509054184,-1.3075581,
6909,1816.5135142803192,-3.1206427,
6910,1816.7776520252228,-1.954072,
6911,1817.039318561554,-1.9500486,
6912,1817.3007228374481,-1.4440967,
6913,1817.5614340305328,-2.2238648,
6914,1817.824232339859,-1.5533165,
6915,1818.0925056934357,-2.2268996,
6916,1818.3551967144012,-2.4880738,
6917,1818.6168375015259,-1.995839,
6918,1818.8774943351746,-1.6580515,
6919,1819.1392562389374,-2.2342005,
6920,1819.40043759346,-1.8439616,
6921,1819.662077665329,-2.0180674,
6922,1819.9288849830627,-2.843834,
6923,1820.1943566799164,-3.7281554,
6924,1820.4555487632751,-2.4224334,
6925,1820.7171132564545,-2.8930407,
6926,1820.9786698818207,-2.202932,
6927,1821.2379865646362,-1.3110279,
6928,1821.497683763504,-1.5479199,
6929,1821.7601585388184,-1.6268039,
6930,1822.0228908061981,-2.537942,
6931,1822.292153596878,-2.2399492,
6932,1822.5554721355438,-1.5869807,
6933,1822.8165438175201,-2.1724465,
6934,1823.0771460533142,-2.3997104,
6935,1823.3376231193542,-1.8510895,
6936,1823.597579717636,-2.303987,
6937,1823.8576226234436,-1.8662987,
6938,1824.118277311325,-1.4465494,
6939,1824.3833487033844,-1.5053749,
6940,1824.6520783901215,-3.1428058,
6941,1824.9154777526855,-1.8975499,
6942,1825.17715716362,-1.8925674,
6943,1825.437709569931,-2.9094758,
6944,1825.698618888855,-2.55093,
6945,1825.9631607532501,-1.1953881,
6946,1826.2309031486511,-1.2132813,
6947,1826.4928002357483,-1.5664878,
6948,1826.7538113594055,-1.2164606,
6949,1827.015261888504,-1.80584,
6950,1827.2775270938873,-2.254014,
6951,1827.5388808250427,-0.9363071,
6952,1827.8038353919983,-0.92400336,
6953,1828.0716743469238,-2.8777447,
6954,1828.3343694210052,-1.8055391,
6955,1828.5948839187622,-1.7372065,
6956,1828.8554019927979,-2.557613,
6957,1829.115863084793,-3.8358302,
6958,1829.3768606185913,-0.68130744,
6959,1829.6420924663544,-2.0043347,
6960,1829.9125111103058,-2.4713507,
6961,1830.175654411316,-3.2956417,
6962,1830.436520576477,-0.73395133,
6963,1830.6988232135773,-2.1427512,
6964,1830.9666221141815,-1.6285548,
6965,1831.2313346862793,-1.3904787,
6966,1831.493365764618,-2.6222577,
6967,1831.7544050216675,-1.7313242,
6968,1832.0160067081451,-2.434597,
6969,1832.2775087356567,-3.122397,
6970,1832.5438208580017,-1.6980982,
6971,1832.8110768795013,-2.746134,
6972,1833.0738575458527,-1.1849306,
6973,1833.335242509842,-2.096386,
6974,1833.5966668128967,-1.9963009,
6975,1833.8623299598694,-2.243572,
6976,1834.1283948421478,-1.7047226,
6977,1834.391253232956,-1.7488767,
6978,1834.6527502536774,-2.2488718,
6979,1834.913254737854,-0.9042411,
6980,1835.1744947433472,-1.7351922,
6981,1835.4354181289673,-1.351736,
6982,1835.7007467746735,-2.5335622,
6983,1835.9688894748688,-2.292836,
6984,1836.2310395240784,-1.4277631,
6985,1836.4927370548248,-1.767727,
6986,1836.753873348236,-1.7635086,
6987,1837.0160448551178,-1.8581843,
6988,1837.2839758396149,-1.5889012,
6989,1837.549167394638,-2.34409,
6990,1837.8105852603912,-1.6018449,
6991,1838.0718178749084,-1.5712416,
6992,1838.3330643177032,-1.9666345,
6993,1838.5946261882782,-1.2333357,
6994,1838.861691236496,-1.6117165,
6995,1839.1286718845367,-1.7737477,
6996,1839.3918046951294,-2.2302039,
6997,1839.6525447368622,-2.4942703,
6998,1839.913367986679,-1.4361962,
6999,1840.175308227539,-3.4929843,
7000,1840.600284576416,-2.000867,
7001,1840.866119146347,-1.3356494,
7002,1841.1282649040222,-2.4444556,
7003,1841.3896923065186,-1.2642593,
7004,1841.6500208377838,-2.0161462,
7005,1841.9106640815735,-2.794262,
7006,1842.1716485023499,-1.6819494,
7007,1842.4316852092743,-1.9636395,
7008,1842.691726922989,-2.2825956,
7009,1842.9540975093842,-2.42913,
7010,1843.2190806865692,-2.5257502,
7011,1843.4853057861328,-2.5892897,
7012,1843.7474491596222,-1.7965972,
7013,1844.0085725784302,-1.3591107,
7014,1844.2693572044373,-1.243462,
7015,1844.5295684337616,-1.4136641,
7016,1844.789876461029,-1.3648908,
7017,1845.0497741699219,-2.4500527,
7018,1845.3106396198273,-1.3122549,
7019,1845.5708775520325,-1.9682276,
7020,1845.831345796585,-2.0986373,
7021,1846.0922286510468,-1.9403296,
7022,1846.3557448387146,-3.246861,
7023,1846.6246559619904,-2.5110173,
7024,1846.8864884376526,-2.6981657,
7025,1847.1471104621887,-3.731818,
7026,1847.408031463623,-2.5372057,
7027,1847.668295621872,-1.7246302,
7028,1847.928020477295,-2.1724474,
7029,1848.1886713504791,-1.8495817,
7030,1848.4480304718018,-3.1767306,
7031,1848.7080612182617,-2.0797882,
7032,1848.9678494930267,-1.182147,
7033,1849.2280583381653,-2.2114403,
7034,1849.487955570221,-2.2536252,
7035,1849.7474224567413,-1.0103779,
7036,1850.0080389976501,-1.9679501,
7037,1850.2685987949371,-2.6410148,
7038,1850.5274050235748,-1.8077114,
7039,1850.7867844104767,-1.940055,
7040,1851.0471601486206,-1.6264358,
7041,1851.306842803955,-2.1858,
7042,1851.566560268402,-4.8605084,
7043,1851.8268353939056,-2.7581837,
7044,1852.085575580597,-1.8247554,
7045,1852.3457176685333,-2.3543043,
7046,1852.605616569519,-1.2846739,
7047,1852.8655281066895,-1.7430269,
7048,1853.125309228897,-1.200569,
7049,1853.3849203586578,-0.87298506,
7050,1853.6448993682861,-1.9796941,
7051,1853.905502319336,-2.474272,
7052,1854.165937423706,-1.9861829,
7053,1854.4249956607819,-1.7345964,
7054,1854.6852440834045,-3.656478,
7055,1854.9443957805634,-0.9492707,
7056,1855.2043018341064,-1.8123943,
7057,1855.4647977352142,-1.8736298,
7058,1855.7241406440735,-1.6278248,
7059,1855.9841930866241,-2.1055286,
7060,1856.243872642517,-1.8745277,
7061,1856.5032002925873,-1.4280025,
7062,1856.7634150981903,-3.2076774,
7063,1857.0232083797455,-1.6127477,
7064,1857.2835626602173,-2.0731916,
7065,1857.5428593158722,-1.9354608,
7066,1857.8042516708374,-1.4526796,
7067,1858.0636916160583,-1.6121202,
7068,1858.3231024742126,-1.9656093,
7069,1858.5829033851624,-1.225764,
7070,1858.8428809642792,-2.53617,
7071,1859.102605342865,-2.435286,
7072,1859.3624775409698,-2.7564785,
7073,1859.622276544571,-1.5287164,
7074,1859.8825738430023,-2.9085917,
7075,1860.1420602798462,-2.6259685,
7076,1860.4023385047913,-1.9964094,
7077,1860.6629722118378,-1.6226306,
7078,1860.9224348068237,-2.829424,
7079,1861.1830060482025,-1.9818819,
7080,1861.4438333511353,-2.2430425,
7081,1861.7027702331543,-1.2080737,
7082,1861.9631488323212,-3.2969174,
7083,1862.2230451107025,-2.251728,
7084,1862.482592344284,-2.8056257,
7085,1862.7431471347809,-2.1450098,
7086,1863.0027060508728,-1.9905409,
7087,1863.2629346847534,-2.44281,
7088,1863.5229613780975,-1.987073,
7089,1863.7834661006927,-2.2239258,
7090,1864.043406009674,-2.0344567,
7091,1864.302705526352,-2.4966,
7092,1864.5627708435059,-2.5880876,
7093,1864.8236606121063,-2.105127,
7094,1865.0835030078888,-1.5001242,
7095,1865.3427612781525,-2.200027,
7096,1865.6024703979492,-2.363243,
7097,1865.861321926117,-2.8447828,
7098,1866.1213474273682,-1.669435,
7099,1866.3826727867126,-2.0629,
7100,1866.8047325611115,-2.112536,
7101,1867.0642614364624,-1.752206,
7102,1867.326090812683,-1.4390873,
7103,1867.591160774231,-2.565111,
7104,1867.8589732646942,-2.4144866,
7105,1868.1216204166412,-2.8735895,
7106,1868.3843116760254,-2.399743,
7107,1868.6450545787811,-1.8503327,
7108,1868.9083297252655,-2.6897268,
7109,1869.1779563426971,-2.3977103,
7110,1869.4410228729248,-1.6392668,
7111,1869.703021287918,-1.7690887,
7112,1869.964523077011,-2.7708697,
7113,1870.2296378612518,-1.1204334,
7114,1870.4983339309692,-1.3052635,
7115,1870.7612318992615,-1.5936754,
7116,1871.0228912830353,-1.6240314,
7117,1871.2850458621979,-3.2399619,
7118,1871.5532066822052,-1.0812802,
7119,1871.8189299106598,-1.3574158,
7120,1872.0813946723938,-1.3749589,
7121,1872.3426835536957,-2.4577522,
7122,1872.6045775413513,-2.4075487,
7123,1872.8715019226074,-1.9039826,
7124,1873.1387894153595,-2.6703568,
7125,1873.4003655910492,-1.9850653,
7126,1873.6616549491882,-1.6029444,
7127,1873.9226868152618,-1.4698697,
7128,1874.1856236457825,-0.8296212,
7129,1874.4555139541626,-1.5532807,
7130,1874.7188925743103,-3.4021475,
7131,1874.980973482132,-2.7402494,
7132,1875.2425482273102,-2.1972442,
7133,1875.5066945552826,-2.7789717,
7134,1875.7765522003174,-1.9578412,
7135,1876.039761543274,-1.0066874,
7136,1876.3018140792847,-1.750487,
7137,1876.5651276111603,-2.0453725,
7138,1876.8343398571014,-1.6873822,
7139,1877.0986013412476,-2.8405674,
7140,1877.3609840869904,-1.9762095,
7141,1877.622730255127,-2.310683,
7142,1877.8901813030243,-3.11627,
7143,1878.157238960266,-1.3537649,
7144,1878.419494152069,-1.4964962,
7145,1878.6812543869019,-1.8964994,
7146,1878.9457473754883,-2.3400664,
7147,1879.2156825065613,-2.0507865,
7148,1879.479418039322,-1.4740902,
7149,1879.7404651641846,-3.3278801,
7150,1880.0025086402893,-2.8714495,
7151,1880.2705166339874,-2.4769602,
7152,1880.5362167358398,-2.639756,
7153,1880.7987706661224,-1.3888013,
7154,1881.0603687763214,-1.56785,
7155,1881.32377576828,-1.7611668,
7156,1881.5927119255066,-2.58019,
7157,1881.856727361679,-1.1342809,
7158,1882.1198699474335,-1.4276603,
7159,1882.38494515419,-1.5467472,
7160,1882.6540369987488,-2.0369124,
7161,1882.9172430038452,-1.7966981,
7162,1883.1800360679626,-1.3457749,
7163,1883.4444031715393,-3.110231,
7164,1883.7132635116577,-1.7087519,
7165,1883.976853132248,-1.9101391,
7166,1884.2394752502441,-1.9492272,
7167,1884.5028803348541,-2.143859,
7168,1884.7733647823334,-2.6812608,
7169,1885.037115573883,-2.5023155,
7170,1885.2991530895233,-2.6914783,
7171,1885.5639612674713,-1.5851789,
7172,1885.8339731693268,-1.6440483,
7173,1886.0972926616669,-2.1321516,
7174,1886.3588807582855,-2.7295096,
7175,1886.6242046356201,-3.2569118,
7176,1886.893958568573,-2.2421207,
7177,1887.1571419239044,-2.3843815,
7178,1887.4191749095917,-1.9924053,
7179,1887.6855735778809,-2.3162875,
7180,1887.953940629959,-1.0338426,
7181,1888.2168197631836,-2.443355,
7182,1888.4793798923492,-2.5905364,
7183,1888.7463369369507,-2.3155794,
7184,1889.0140526294708,-2.3857007,
7185,1889.2771925926208,-2.508223,
7186,1889.5407085418701,-1.474799,
7187,1889.810379266739,-1.6407987,
7188,1890.0752918720245,-2.3519976,
7189,1890.3377447128296,-1.5606468,
7190,1890.6034097671509,-2.1624362,
7191,1890.8724319934845,-3.0678015,
7192,1891.135906457901,-2.0555565,
7193,1891.3984375,-1.2242261,
7194,1891.6673967838287,-2.567932,
7195,1891.9340794086456,-1.861411,
7196,1892.1963124275208,-1.3322622,
7197,1892.4597191810608,-1.3683554,
7198,1892.7301573753357,-2.3653686,
7199,1892.9947023391724,-1.4354466,
7200,1893.4176347255707,-2.692048,
7201,1893.6767480373383,-2.7570276,
7202,1893.9385135173798,-1.8020227,
7203,1894.2032017707825,-1.4522207,
7204,1894.469937324524,-2.8399408,
7205,1894.7320156097412,-2.7109551,
7206,1894.9933276176453,-1.7189829,
7207,1895.2541072368622,-1.8313951,
7208,1895.5149290561676,-3.519978,
7209,1895.7751777172089,-1.7994514,
7210,1896.0357880592346,-1.3944024,
7211,1896.296891450882,-2.0522528,
7212,1896.5604481697083,-2.3161993,
7213,1896.828343629837,-2.1372972,
7214,1897.0911319255829,-2.1717987,
7215,1897.3529477119446,-2.2572763,
7216,1897.6138248443604,-2.564695,
7217,1897.875202178955,-2.7276456,
7218,1898.135517835617,-2.2982712,
7219,1898.3981573581696,-2.050616,
7220,1898.6658568382263,-2.0533676,
7221,1898.9303877353668,-1.9628309,
7222,1899.1918303966522,-2.777607,
7223,1899.4528577327728,-1.693095,
7224,1899.7137875556946,-2.4344296,
7225,1899.9741904735565,-1.951634,
7226,1900.2353613376617,-1.6824895,
7227,1900.4984261989594,-2.0538287,
7228,1900.7665708065033,-0.97135484,
7229,1901.0296511650085,-2.400699,
7230,1901.2912662029266,-1.75403,
7231,1901.552176952362,-3.1392994,
7232,1901.8138766288757,-1.8476067,
7233,1902.0743427276611,-2.6337662,
7234,1902.3371210098267,-1.7199795,
7235,1902.6047580242157,-2.5520115,
7236,1902.8686809539795,-2.0054526,
7237,1903.1303761005402,-1.814155,
7238,1903.3911247253418,-1.7769783,
7239,1903.652071237564,-2.4478617,
7240,1903.9125487804413,-3.0032253,
7241,1904.1738572120667,-2.4416115,
7242,1904.4362506866455,-2.9886343,
7243,1904.7032108306885,-2.4443417,
7244,1904.9676840305328,-3.2028756,
7245,1905.2287867069244,-2.4456508,
7246,1905.4898209571838,-2.8522449,
7247,1905.7508413791656,-1.4246883,
7248,1906.010406255722,-2.0845692,
7249,1906.2705299854279,-2.6490257,
7250,1906.5313293933868,-1.57587,
7251,1906.7915403842926,-2.8553205,
7252,1907.0515010356903,-2.3053102,
7253,1907.3116912841797,-2.1376004,
7254,1907.572414636612,-1.4738497,
7255,1907.8330211639404,-0.9082856,
7256,1908.0963604450226,-1.9348897,
7257,1908.3631007671356,-2.2845247,
7258,1908.6268045902252,-2.19357,
7259,1908.8877310752869,-1.399986,
7260,1909.1496438980103,-2.0499096,
7261,1909.4092707633972,-2.462184,
7262,1909.669254541397,-0.93095005,
7263,1909.9295492172241,-1.4615731,
7264,1910.188717842102,-2.07692,
7265,1910.4485473632812,-1.8612438,
7266,1910.7089812755585,-0.89833295,
7267,1910.9684143066406,-1.9920831,
7268,1911.2284469604492,-1.8351378,
7269,1911.4885983467102,-1.7339325,
7270,1911.7478280067444,-2.692836,
7271,1912.0078437328339,-2.3064568,
7272,1912.2677762508392,-1.7115893,
7273,1912.527960062027,-1.8339028,
7274,1912.7890253067017,-2.8919656,
7275,1913.0477895736694,-2.149775,
7276,1913.307891368866,-2.5594208,
7277,1913.568110704422,-1.8423924,
7278,1913.8272914886475,-1.5794725,
7279,1914.0870611667633,-1.774767,
7280,1914.3472616672516,-3.170314,
7281,1914.6074378490448,-1.3664522,
7282,1914.866647720337,-2.9910803,
7283,1915.1273126602173,-3.3087058,
7284,1915.387081861496,-2.103948,
7285,1915.6463816165924,-1.5411038,
7286,1915.9061512947083,-2.4698443,
7287,1916.1661093235016,-1.1531702,
7288,1916.4271306991577,-3.5881808,
7289,1916.6860296726227,-2.3608131,
7290,1916.9463102817535,-3.3719122,
7291,1917.2063946723938,-1.9072348,
7292,1917.4654440879822,-2.6845121,
7293,1917.725198507309,-1.4913616,
7294,1917.9861159324646,-1.2889441,
7295,1918.2453019618988,-2.887414,
7296,1918.50528383255,-2.020771,
7297,1918.7660977840424,-2.217245,
7298,1919.0250911712646,-1.9065778,
7299,1919.2853517532349,-2.219833,
7300,1919.707477092743,-3.32968,
7301,1919.9674663543701,-1.5774076,
7302,1920.228194475174,-1.576267,
7303,1920.4905376434326,-2.5611477,
7304,1920.7573404312134,-2.7234654,
7305,1921.022891998291,-2.2560024,
7306,1921.2849218845367,-1.6996926,
7307,1921.5459461212158,-2.0341952,
7308,1921.8059635162354,-2.231868,
7309,1922.066801071167,-2.4143343,
7310,1922.3277349472046,-2.1583338,
7311,1922.589164018631,-1.6663907,
7312,1922.8567445278168,-2.8638048,
7313,1923.122564792633,-1.6116588,
7314,1923.3839614391327,-2.0960047,
7315,1923.6458735466003,-1.9967959,
7316,1923.9071879386902,-3.1004267,
7317,1924.1669816970825,-1.9816105,
7318,1924.430245399475,-3.2208796,
7319,1924.6992297172546,-1.1009657,
7320,1924.9633314609528,-1.330853,
7321,1925.2251036167145,-1.5943828,
7322,1925.4854946136475,-1.1789489,
7323,1925.7462003231049,-2.24716,
7324,1926.0081069469452,-2.276904,
7325,1926.2743151187897,-2.6814845,
7326,1926.5404992103577,-1.5276489,
7327,1926.8018987178802,-1.6041262,
7328,1927.064278125763,-1.8955728,
7329,1927.3257756233215,-1.9585931,
7330,1927.586356163025,-1.3505538,
7331,1927.84787774086,-2.4285648,
7332,1928.1168982982635,-2.207357,
7333,1928.38148188591,-1.9429612,
7334,1928.643450975418,-1.4890848,
7335,1928.90451836586,-1.2504234,
7336,1929.1670680046082,-1.9325143,
7337,1929.4304792881012,-2.5164704,
7338,1929.6992156505585,-1.9990627,
7339,1929.962690114975,-1.9609325,
7340,1930.2243044376373,-2.8336475,
7341,1930.4859879016876,-1.6751021,
7342,1930.7501683235168,-1.9725983,
7343,1931.0195050239563,-1.4632692,
7344,1931.2820584774017,-3.0835984,
7345,1931.5433056354523,-2.6436813,
7346,1931.8043575286865,-2.0492682,
7347,1932.0671141147614,-1.2271785,
7348,1932.335660457611,-1.9980619,
7349,1932.600494146347,-1.2407479,
7350,1932.8628783226013,-1.8964078,
7351,1933.1249873638153,-1.9264448,
7352,1933.3897154331207,-2.4096837,
7353,1933.6586647033691,-1.7998219,
7354,1933.921847820282,-2.3120694,
7355,1934.1834552288055,-1.8370515,
7356,1934.444849729538,-1.8636062,
7357,1934.7085072994232,-2.2454906,
7358,1934.9777982234955,-2.5499625,
7359,1935.2404596805573,-3.1348863,
7360,1935.5027284622192,-1.7213808,
7361,1935.765088558197,-1.8823456,
7362,1936.0287907123566,-2.2844946,
7363,1936.2986915111542,-1.4351208,
7364,1936.560959815979,-2.4413188,
7365,1936.8227002620697,-1.5858335,
7366,1937.0847990512848,-2.7179255,
7367,1937.3543548583984,-2.350192,
7368,1937.618717432022,-2.7060378,
7369,1937.880841255188,-1.1965051,
7370,1938.1419887542725,-3.2579246,
7371,1938.4048051834106,-1.9950256,
7372,1938.6724154949188,-0.78604805,
7373,1938.937870502472,-2.0406573,
7374,1939.200618505478,-1.3836659,
7375,1939.4630823135376,-2.6968737,
7376,1939.724749326706,-1.1234195,
7377,1939.9942800998688,-1.3237805,
7378,1940.2589406967163,-1.0433018,
7379,1940.5209333896637,-2.2935197,
7380,1940.7819571495056,-2.5747118,
7381,1941.0454680919647,-2.5756736,
7382,1941.3163931369781,-2.039122,
7383,1941.5786683559418,-1.8350041,
7384,1941.841278553009,-3.3604937,
7385,1942.104745388031,-2.7359338,
7386,1942.373791217804,-1.4979471,
7387,1942.6382219791412,-2.0346088,
7388,1942.899908542633,-2.4176345,
7389,1943.1615257263184,-1.5476614,
7390,1943.4271221160889,-1.4091418,
7391,1943.695928812027,-1.0362872,
7392,1943.9597816467285,-2.2220953,
7393,1944.2205584049225,-1.5460119,
7394,1944.4825947284698,-2.1032395,
7395,1944.7496485710144,-1.7029793,
7396,1945.0164546966553,-2.9229321,
7397,1945.2789268493652,-1.7034932,
7398,1945.5416729450226,-2.9759219,
7399,1945.8080205917358,-1.6513109,
7400,1946.2343444824219,-1.2989693,
7401,1946.4959259033203,-2.103505,
7402,1946.7576620578766,-2.4667656,
7403,1947.0187804698944,-2.4046402,
7404,1947.279418706894,-2.4053645,
7405,1947.542428970337,-2.1705768,
7406,1947.811889886856,-2.3337696,
7407,1948.0755095481873,-2.0766768,
7408,1948.3376836776733,-2.1967587,
7409,1948.5988931655884,-1.8810375,
7410,1948.8603007793427,-1.1183928,
7411,1949.1284265518188,-2.749011,
7412,1949.394817829132,-3.9249673,
7413,1949.6559722423553,-2.1591525,
7414,1949.9171345233917,-2.5268111,
7415,1950.1779608726501,-2.8168812,
7416,1950.438325881958,-2.330989,
7417,1950.7013459205627,-1.7192639,
7418,1950.9704213142395,-2.3917665,
7419,1951.2335867881775,-0.90877575,
7420,1951.495563030243,-2.5486956,
7421,1951.7578268051147,-1.3906302,
7422,1952.0200550556183,-1.6622972,
7423,1952.2878556251526,-2.979345,
7424,1952.5532596111298,-2.3885114,
7425,1952.8148865699768,-2.8919554,
7426,1953.0760736465454,-2.6312137,
7427,1953.3363647460938,-1.9076209,
7428,1953.5971374511719,-1.9554175,
7429,1953.8595259189606,-2.2335887,
7430,1954.127896308899,-1.9620392,
7431,1954.394020318985,-1.446872,
7432,1954.6553838253021,-2.3071003,
7433,1954.9159507751465,-2.481895,
7434,1955.177754163742,-2.5519254,
7435,1955.4447333812714,-2.5506592,
7436,1955.711418390274,-2.3345344,
7437,1955.9737894535065,-1.5653071,
7438,1956.2356550693512,-2.7632272,
7439,1956.4971828460693,-2.4503686,
7440,1956.7659919261932,-1.6546443,
7441,1957.0322489738464,-2.6487148,
7442,1957.2935965061188,-1.9740565,
7443,1957.5553035736084,-2.099807,
7444,1957.8167569637299,-1.931606,
7445,1958.0808520317078,-2.310413,
7446,1958.350167274475,-2.5279932,
7447,1958.6127202510834,-3.128844,
7448,1958.8744149208069,-1.8053421,
7449,1959.1370747089386,-1.6945976,
7450,1959.4024589061737,-1.9168723,
7451,1959.670301437378,-1.6382277,
7452,1959.932727098465,-2.0634906,
7453,1960.1940205097198,-3.338904,
7454,1960.4543380737305,-2.4584663,
7455,1960.715616941452,-1.3190188,
7456,1960.9830553531647,-2.8095813,
7457,1961.2501401901245,-2.2363937,
7458,1961.5141701698303,-2.4387612,
7459,1961.7753281593323,-2.1028285,
7460,1962.0379939079285,-1.4059483,
7461,1962.307109117508,-1.431965,
7462,1962.5709569454193,-3.0795171,
7463,1962.8328425884247,-2.9242663,
7464,1963.0941264629364,-2.8258762,
7465,1963.35706615448,-3.2430253,
7466,1963.6260352134705,-1.9264745,
7467,1963.8909606933594,-2.0843105,
7468,1964.1538276672363,-2.1067824,
7469,1964.414962530136,-1.343669,
7470,1964.6824295520782,-3.836134,
7471,1964.9493145942688,-1.9269845,
7472,1965.2112882137299,-2.9337249,
7473,1965.4720997810364,-2.358223,
7474,1965.7326138019562,-1.9476777,
7475,1965.9944143295288,-0.91921246,
7476,1966.2610540390015,-1.1632103,
7477,1966.5295794010162,-2.2405496,
7478,1966.7921726703644,-1.1833619,
7479,1967.0521240234375,-2.3994942,
7480,1967.3134706020355,-1.9448625,
7481,1967.5777785778046,-2.0158365,
7482,1967.8464040756226,-1.3327549,
7483,1968.1089854240417,-1.9950782,
7484,1968.370433330536,-2.239334,
7485,1968.6321015357971,-3.346431,
7486,1968.8952691555023,-2.0975213,
7487,1969.163735628128,-1.8323132,
7488,1969.4278149604797,-1.796757,
7489,1969.6894402503967,-1.0563922,
7490,1969.9509582519531,-2.7412696,
7491,1970.2112679481506,-2.2624488,
7492,1970.4718697071075,-2.0774052,
7493,1970.7370529174805,-1.9045799,
7494,1971.0077168941498,-2.350617,
7495,1971.2697410583496,-1.0874914,
7496,1971.5320336818695,-2.2971137,
7497,1971.79412484169,-1.4770086,
7498,1972.0636446475983,-1.2434739,
7499,1972.327100276947,-1.6971061,
7500,1972.7458386421204,-2.0964088,
7501,1973.005856513977,-2.0645804,
7502,1973.2661821842194,-2.063133,
7503,1973.5255048274994,-1.8870387,
7504,1973.7853739261627,-2.6592164,
7505,1974.0470852851868,-2.3964481,
7506,1974.3072702884674,-2.3260756,
7507,1974.5653657913208,-1.7132211,
7508,1974.825278043747,-2.5234647,
7509,1975.085748910904,-2.9689987,
7510,1975.345074415207,-3.408183,
7511,1975.604192018509,-2.4871252,
7512,1975.865345954895,-2.246268,
7513,1976.1248865127563,-2.1004815,
7514,1976.3843307495117,-1.803243,
7515,1976.6460576057434,-2.149055,
7516,1976.9049010276794,-2.284378,
7517,1977.1652073860168,-2.1431422,
7518,1977.4247324466705,-2.5468774,
7519,1977.6834545135498,-0.78404033,
7520,1977.9433796405792,-2.6616302,
7521,1978.204316854477,-1.452584,
7522,1978.4638669490814,-1.4655844,
7523,1978.7234420776367,-0.94553924,
7524,1978.9838209152222,-2.6043267,
7525,1979.2451131343842,-1.7406652,
7526,1979.5043919086456,-1.9680914,
7527,1979.7631995677948,-2.5035293,
7528,1980.0230119228363,-2.6523333,
7529,1980.2837688922882,-2.4565735,
7530,1980.5435490608215,-1.8457668,
7531,1980.803243637085,-1.6286879,
7532,1981.0628316402435,-2.310293,
7533,1981.3230826854706,-2.9031816,
7534,1981.5842554569244,-2.0740273,
7535,1981.8446099758148,-2.2967625,
7536,1982.1032619476318,-1.5887218,
7537,1982.3640003204346,-2.584137,
7538,1982.6236534118652,-1.1476218,
7539,1982.8824019432068,-1.6433882,
7540,1983.1422817707062,-2.975764,
7541,1983.4031698703766,-3.5468497,
7542,1983.6628699302673,-1.0940844,
7543,1983.921792268753,-1.2496085,
7544,1984.1838693618774,-3.458215,
7545,1984.4442269802094,-1.4727267,
7546,1984.7029864788055,-4.242425,
7547,1984.96169257164,-1.6232253,
7548,1985.222216129303,-2.5871675,
7549,1985.4823052883148,-0.9431019,
7550,1985.7419533729553,-2.1583402,
7551,1986.0017035007477,-2.4848628,
7552,1986.2616159915924,-2.0740757,
7553,1986.5217084884644,-1.8257388,
7554,1986.7832231521606,-1.6704409,
7555,1987.041918039322,-1.4775497,
7556,1987.3017899990082,-1.9390607,
7557,1987.5622189044952,-1.8744266,
7558,1987.8219628334045,-1.1893247,
7559,1988.0806651115417,-1.5143057,
7560,1988.340333223343,-1.7465045,
7561,1988.6009299755096,-1.9226426,
7562,1988.8611288070679,-2.0715706,
7563,1989.1211235523224,-1.6837764,
7564,1989.3828401565552,-1.8851045,
7565,1989.6410875320435,-2.608837,
7566,1989.9011101722717,-1.8391511,
7567,1990.1609444618225,-2.367206,
7568,1990.4200310707092,-1.6138268,
7569,1990.679702758789,-1.7167972,
7570,1990.940309047699,-1.7992889,
7571,1991.1998360157013,-3.195597,
7572,1991.4597027301788,-1.943893,
7573,1991.7214076519012,-2.195214,
7574,1991.981796503067,-2.4104779,
7575,1992.2406318187714,-2.3621645,
7576,1992.499762058258,-2.4674926,
7577,1992.7599110603333,-2.558267,
7578,1993.020301103592,-1.8423637,
7579,1993.2801735401154,-0.8857758,
7580,1993.5398561954498,-2.2295446,
7581,1993.7992932796478,-2.3459864,
7582,1994.059505701065,-1.7416726,
7583,1994.3211393356323,-2.1095104,
7584,1994.5809466838837,-2.3421185,
7585,1994.8402109146118,-0.56830794,
7586,1995.0998730659485,-2.2020519,
7587,1995.3592805862427,-1.5864933,
7588,1995.619653224945,-1.7246051,
7589,1995.879329442978,-2.6920333,
7590,1996.1393892765045,-1.8932092,
7591,1996.3991961479187,-1.6512396,
7592,1996.6588871479034,-2.513176,
7593,1996.9184396266937,-1.6344507,
7594,1997.178964138031,-2.2917466,
7595,1997.4404866695404,-1.4558158,
7596,1997.7000749111176,-2.1123354,
7597,1997.9592111110687,-2.136533,
7598,1998.219454050064,-1.6634363,
7599,1998.4789824485779,-2.4780529,
7600,1998.8993787765503,-2.9790864,
7601,1999.1604368686676,-3.651783,
7602,1999.4213254451752,-2.938254,
7603,1999.6816070079803,-2.6682482,
7604,1999.9420020580292,-3.9309144,
7605,2000.2029130458832,-1.2264876,
7606,2000.4640383720398,-1.9413993,
7607,2000.7273397445679,-1.366941,
7608,2000.9949378967285,-1.5168264,
7609,2001.2590861320496,-1.3367124,
7610,2001.5203852653503,-2.0643106,
7611,2001.7801778316498,-1.9237324,
7612,2002.0407149791718,-2.0538602,
7613,2002.3004865646362,-2.0164053,
7614,2002.5615084171295,-2.3593266,
7615,2002.8214008808136,-2.9749098,
7616,2003.0817244052887,-1.8366325,
7617,2003.3427572250366,-2.9094603,
7618,2003.605902671814,-2.856254,
7619,2003.874427318573,-2.3931077,
7620,2004.136685371399,-2.978582,
7621,2004.3972551822662,-2.8660607,
7622,2004.6581010818481,-1.7845734,
7623,2004.9201877117157,-1.4227083,
7624,2005.1805446147919,-1.7188472,
7625,2005.4401621818542,-2.4809828,
7626,2005.6995735168457,-3.5947967,
7627,2005.9595906734467,-1.9044887,
7628,2006.2200255393982,-2.0055978,
7629,2006.4804065227509,-2.2761426,
7630,2006.7403242588043,-2.8354993,
7631,2007.0006849765778,-1.843627,
7632,2007.2624287605286,-2.7930152,
7633,2007.5264165401459,-2.075571,
7634,2007.7942247390747,-1.4473525,
7635,2008.0564584732056,-2.303187,
7636,2008.3167963027954,-1.9750432,
7637,2008.57954788208,-2.609909,
7638,2008.8391733169556,-2.0023985,
7639,2009.0991606712341,-2.611259,
7640,2009.3585257530212,-2.0614905,
7641,2009.6182017326355,-2.6521878,
7642,2009.8778343200684,-1.3812964,
7643,2010.1384296417236,-2.1787834,
7644,2010.3989419937134,-1.775554,
7645,2010.6582970619202,-0.89325964,
7646,2010.9179096221924,-1.8916456,
7647,2011.1777880191803,-2.5059328,
7648,2011.4383606910706,-2.0963972,
7649,2011.6986498832703,-2.3713284,
7650,2011.9591889381409,-3.1236093,
7651,2012.219377040863,-2.2554657,
7652,2012.4793796539307,-1.8543241,
7653,2012.7419641017914,-1.1134319,
7654,2013.009929895401,-2.0435705,
7655,2013.272962808609,-1.343186,
7656,2013.5350096225739,-1.0780635,
7657,2013.7957842350006,-3.5726433,
7658,2014.0568947792053,-1.8682796,
7659,2014.3167912960052,-2.7923598,
7660,2014.5768041610718,-2.3242548,
7661,2014.837327003479,-1.3493052,
7662,2015.0980734825134,-2.5866032,
7663,2015.3599791526794,-2.2442832,
7664,2015.6220927238464,-1.9850885,
7665,2015.8884453773499,-2.983408,
7666,2016.1534581184387,-1.785495,
7667,2016.414695739746,-2.4589045,
7668,2016.674688577652,-2.2168832,
7669,2016.935346364975,-2.757378,
7670,2017.1963036060333,-1.4668924,
7671,2017.4566841125488,-1.7063274,
7672,2017.716857433319,-1.8442718,
7673,2017.978313446045,-2.3603382,
7674,2018.2436122894287,-0.96276325,
7675,2018.5112133026123,-3.0268412,
7676,2018.7738091945648,-2.043793,
7677,2019.0352087020874,-2.3439574,
7678,2019.296541929245,-2.2240515,
7679,2019.5565209388733,-1.6360922,
7680,2019.8172180652618,-2.6134005,
7681,2020.0785410404205,-1.2332609,
7682,2020.343124628067,-1.2151955,
7683,2020.6097192764282,-3.326886,
7684,2020.8726260662079,-2.0962274,
7685,2021.1333284378052,-2.046423,
7686,2021.3947188854218,-1.453298,
7687,2021.655128479004,-2.280286,
7688,2021.9156470298767,-2.2030306,
7689,2022.1770603656769,-2.3180287,
7690,2022.4413394927979,-3.2566032,
7691,2022.710471868515,-1.8151022,
7692,2022.973364830017,-1.6117212,
7693,2023.2343938350677,-1.60911,
7694,2023.495314359665,-1.8156438,
7695,2023.7565503120422,-1.894624,
7696,2024.0210704803467,-2.0362926,
7697,2024.2894110679626,-2.0922644,
7698,2024.5524461269379,-1.9296525,
7699,2024.8139431476593,-2.23758,
7700,2025.2343292236328,-1.6518791,
7701,2025.4937009811401,-2.4120476,
7702,2025.7537145614624,-1.0341703,
7703,2026.0139381885529,-3.0728004,
7704,2026.2747149467468,-1.8749028,
7705,2026.5362112522125,-3.051271,
7706,2026.7978100776672,-1.5570787,
7707,2027.0654029846191,-2.425374,
7708,2027.32901096344,-2.6780462,
7709,2027.589959859848,-1.9699376,
7710,2027.8506479263306,-2.6945229,
7711,2028.1125819683075,-1.7269328,
7712,2028.372585773468,-1.5718515,
7713,2028.6323142051697,-2.4387696,
7714,2028.8931469917297,-1.5569091,
7715,2029.1535015106201,-2.2260387,
7716,2029.4129619598389,-2.195518,
7717,2029.6727149486542,-1.9268235,
7718,2029.9341220855713,-0.82773054,
7719,2030.1971213817596,-2.1207333,
7720,2030.4652247428894,-2.8106322,
7721,2030.7291157245636,-2.336194,
7722,2030.9904975891113,-2.8764257,
7723,2031.250526189804,-1.5565686,
7724,2031.5115869045258,-3.0093231,
7725,2031.7723813056946,-2.73532,
7726,2032.0319797992706,-3.2632794,
7727,2032.2929785251617,-1.2391707,
7728,2032.5552294254303,-1.6595943,
7729,2032.820859670639,-2.3254476,
7730,2033.0859501361847,-1.7341555,
7731,2033.3485796451569,-1.4768691,
7732,2033.6099197864532,-2.6248236,
7733,2033.8718521595001,-2.143113,
7734,2034.131376504898,-2.280189,
7735,2034.3930523395538,-2.6372926,
7736,2034.6572041511536,-1.1862198,
7737,2034.9250648021698,-2.7183986,
7738,2035.1882741451263,-1.5326604,
7739,2035.4490780830383,-2.7519445,
7740,2035.710457086563,-2.257507,
7741,2035.9712154865265,-2.5387409,
7742,2036.231157541275,-1.4492838,
7743,2036.492603302002,-2.9744034,
7744,2036.7565922737122,-1.9660033,
7745,2037.0239791870117,-1.4858568,
7746,2037.2874422073364,-2.0452392,
7747,2037.5503098964691,-1.3098627,
7748,2037.810220003128,-2.2900162,
7749,2038.0706481933594,-1.5716689,
7750,2038.3306529521942,-3.4130397,
7751,2038.5916874408722,-3.2762675,
7752,2038.8563005924225,-1.829318,
7753,2039.123279094696,-1.7992938,
7754,2039.3861632347107,-1.8729854,
7755,2039.6478698253632,-3.359992,
7756,2039.9089698791504,-3.022079,
7757,2040.169415473938,-1.214615,
7758,2040.4293460845947,-1.9277596,
7759,2040.6897830963135,-1.6717386,
7760,2040.9520952701569,-2.0356145,
7761,2041.2161576747894,-2.4390824,
7762,2041.4835855960846,-3.0274742,
7763,2041.746356010437,-2.5460155,
7764,2042.0068850517273,-2.3755217,
7765,2042.267437696457,-1.7085347,
7766,2042.528660774231,-2.5783916,
7767,2042.7886471748352,-1.6589358,
7768,2043.0483829975128,-1.9567136,
7769,2043.3089604377747,-1.9943111,
7770,2043.569240808487,-1.6434705,
7771,2043.8302524089813,-2.0597403,
7772,2044.0928223133087,-2.9496286,
7773,2044.3617117404938,-2.1536024,
7774,2044.6250953674316,-2.041284,
7775,2044.8853979110718,-1.3367168,
7776,2045.1462309360504,-1.4706719,
7777,2045.4069175720215,-2.488895,
7778,2045.6666572093964,-2.5972693,
7779,2045.9273800849915,-2.7479267,
7780,2046.1872613430023,-1.4189374,
7781,2046.4473679065704,-2.4156723,
7782,2046.7082257270813,-2.0668926,
7783,2046.9688107967377,-2.3064182,
7784,2047.230621099472,-2.6420355,
7785,2047.496099472046,-1.5961412,
7786,2047.7614340782166,-1.6531903,
7787,2048.0241272449493,-2.5511394,
7788,2048.285052061081,-2.3509862,
7789,2048.54447889328,-2.5151236,
7790,2048.8045148849487,-0.819196,
7791,2049.0647308826447,-1.9873006,
7792,2049.3255093097687,-1.3346525,
7793,2049.584787607193,-2.3209074,
7794,2049.844355583191,-2.6543345,
7795,2050.104836463928,-2.8738978,
7796,2050.3647146224976,-1.4000854,
7797,2050.6250433921814,-1.4749005,
7798,2050.8845143318176,-2.0583837,
7799,2051.1441049575806,-2.9415414,
7800,2051.56622672081,-2.5283508,
7801,2051.8260667324066,-2.1977232,
7802,2052.085886478424,-0.9519743,
7803,2052.3464794158936,-1.4040967,
7804,2052.6078770160675,-2.1939237,
7805,2052.8720729351044,-3.182347,
7806,2053.140194416046,-1.9644314,
7807,2053.4030413627625,-1.5332254,
7808,2053.6641116142273,-1.8436066,
7809,2053.92414188385,-2.9706318,
7810,2054.1846623420715,-1.0865225,
7811,2054.4448368549347,-1.8504694,
7812,2054.7048172950745,-2.1326323,
7813,2054.9648711681366,-1.5167972,
7814,2055.2264437675476,-2.799789,
7815,2055.4922273159027,-2.3808527,
7816,2055.759617805481,-1.6907401,
7817,2056.0215990543365,-2.1208384,
7818,2056.2834389209747,-2.8878574,
7819,2056.5432777404785,-2.0195243,
7820,2056.8034892082214,-1.1068522,
7821,2057.063355445862,-1.9831775,
7822,2057.3243498802185,-2.4110236,
7823,2057.584720134735,-1.9348732,
7824,2057.8466062545776,-2.7130656,
7825,2058.1134121418,-1.3913928,
7826,2058.3798835277557,-0.8534157,
7827,2058.6411254405975,-1.1201559,
7828,2058.903613090515,-2.8354142,
7829,2059.1643664836884,-2.433553,
7830,2059.4241514205933,-2.3749263,
7831,2059.6846072673798,-2.5002074,
7832,2059.9468677043915,-3.988349,
7833,2060.2152161598206,-1.4730346,
7834,2060.478889465332,-2.3536773,
7835,2060.7407388687134,-2.4732747,
7836,2061.0021636486053,-1.9556761,
7837,2061.2624526023865,-1.8959609,
7838,2061.522535800934,-1.2067606,
7839,2061.7830679416656,-2.2833467,
7840,2062.043928384781,-1.9541173,
7841,2062.3081347942352,-0.8085512,
7842,2062.578006505966,-3.1348178,
7843,2062.840493440628,-2.9759147,
7844,2063.1013038158417,-1.7411172,
7845,2063.3615248203278,-3.1496372,
7846,2063.6217579841614,-4.652314,
7847,2063.882945537567,-2.8221886,
7848,2064.1446676254272,-2.2954633,
7849,2064.408984899521,-1.5144168,
7850,2064.677496433258,-3.2903848,
7851,2064.9397916793823,-2.3100684,
7852,2065.2005281448364,-1.6668881,
7853,2065.461554288864,-2.3144598,
7854,2065.7221961021423,-2.6997519,
7855,2065.984025001526,-1.2937616,
7856,2066.2527883052826,-1.4187392,
7857,2066.5177824497223,-2.195794,
7858,2066.7794382572174,-1.8537061,
7859,2067.0400598049164,-0.43632638,
7860,2067.30131816864,-2.2049863,
7861,2067.5620667934418,-1.940135,
7862,2067.824945449829,-3.9182067,
7863,2068.0942323207855,-1.8959112,
7864,2068.358164548874,-2.4854326,
7865,2068.6195311546326,-2.272465,
7866,2068.8808114528656,-2.1743238,
7867,2069.1426146030426,-1.2350562,
7868,2069.4083576202393,-1.821619,
7869,2069.6775341033936,-3.1296155,
7870,2069.9396934509277,-2.437212,
7871,2070.2004425525665,-1.944849,
7872,2070.4610452651978,-1.3507649,
7873,2070.7223563194275,-2.1625333,
7874,2070.9905166625977,-1.9216788,
7875,2071.255780696869,-2.4731975,
7876,2071.5179874897003,-1.6216035,
7877,2071.779394388199,-1.147399,
7878,2072.0402307510376,-2.4558392,
7879,2072.3018913269043,-2.0175576,
7880,2072.56671833992,-3.5816958,
7881,2072.835042476654,-1.60366,
7882,2073.097905397415,-0.8295605,
7883,2073.3598823547363,-2.7065234,
7884,2073.619994878769,-1.6092209,
7885,2073.882575035095,-1.7161592,
7886,2074.1512389183044,-1.6565686,
7887,2074.4154059886932,-1.7938173,
7888,2074.6775212287903,-2.734711,
7889,2074.9385843276978,-1.5542792,
7890,2075.1990492343903,-2.2647746,
7891,2075.4609479904175,-1.4903046,
7892,2075.7291288375854,-2.015636,
7893,2075.994402885437,-3.0203872,
7894,2076.2571494579315,-2.0320616,
7895,2076.518226146698,-2.16999,
7896,2076.7807705402374,-2.1283884,
7897,2077.04781126976,-1.4791898,
7898,2077.3140466213226,-1.7420906,
7899,2077.5755434036255,-1.7267903,
7900,2077.9951827526093,-1.6140974,
7901,2078.254843711853,-1.7892494,
7902,2078.51464176178,-1.1937964,
7903,2078.7744176387787,-1.4647614,
7904,2079.03466463089,-2.1521413,
7905,2079.2948648929596,-3.4347508,
7906,2079.5544188022614,-1.6119465,
7907,2079.8141989707947,-2.0155642,
7908,2080.0756661891937,-2.5257049,
7909,2080.3355944156647,-2.6753643,
7910,2080.5946328639984,-1.728896,
7911,2080.8545677661896,-1.572693,
7912,2081.115212202072,-1.5965463,
7913,2081.3743097782135,-2.8614216,
7914,2081.633768558502,-2.5420632,
7915,2081.8942799568176,-1.5548754,
7916,2082.1541056632996,-1.4847946,
7917,2082.4135580062866,-2.2991793,
7918,2082.673163175583,-2.0301986,
7919,2082.93350982666,-1.7895757,
7920,2083.19304227829,-1.3810751,
7921,2083.4529848098755,-2.149907,
7922,2083.714359998703,-2.4876235,
7923,2083.974411010742,-1.828748,
7924,2084.233211040497,-2.7967868,
7925,2084.493080854416,-2.5859084,
7926,2084.753230571747,-2.1752992,
7927,2085.012801170349,-2.0062125,
7928,2085.272260427475,-2.1812277,
7929,2085.532487154007,-2.1219938,
7930,2085.7926149368286,-2.9637272,
7931,2086.052169084549,-2.4723427,
7932,2086.312451839447,-1.4238297,
7933,2086.572624206543,-2.4614763,
7934,2086.8320729732513,-2.4040408,
7935,2087.0916781425476,-2.19089,
7936,2087.3531374931335,-2.3699605,
7937,2087.613294363022,-1.953412,
7938,2087.87207531929,-1.8095341,
7939,2088.1321680545807,-1.382236,
7940,2088.3920755386353,-2.498143,
7941,2088.651427745819,-0.94001955,
7942,2088.9117517471313,-2.410762,
7943,2089.1718640327454,-3.2180603,
7944,2089.4315457344055,-1.737703,
7945,2089.6910016536713,-2.2648506,
7946,2089.9513471126556,-1.374213,
7947,2090.2110137939453,-2.106887,
7948,2090.470860719681,-2.2844317,
7949,2090.7309606075287,-2.612268,
7950,2090.992629289627,-1.530346,
7951,2091.2525684833527,-1.9712254,
7952,2091.512293577194,-3.2709677,
7953,2091.771787405014,-2.2163515,
7954,2092.0308678150177,-1.735719,
7955,2092.290812253952,-2.4001498,
7956,2092.5506761074066,-1.6531769,
7957,2092.8111548423767,-1.3589811,
7958,2093.0708436965942,-1.0202134,
7959,2093.330753803253,-1.7392439,
7960,2093.5911276340485,-1.3336304,
7961,2093.850123643875,-2.219417,
7962,2094.110682964325,-2.2128391,
7963,2094.3723192214966,-1.5772768,
7964,2094.6321914196014,-2.695817,
7965,2094.891266107559,-3.000905,
7966,2095.1514744758606,-2.294813,
7967,2095.41073346138,-2.0639114,
7968,2095.6702675819397,-1.667148,
7969,2095.931097507477,-1.3783847,
7970,2096.1924381256104,-2.604959,
7971,2096.4524149894714,-3.074192,
7972,2096.711640357971,-1.3436644,
7973,2096.971880674362,-1.2491112,
7974,2097.2313742637634,-1.6273366,
7975,2097.4920449256897,-1.2721319,
7976,2097.7519392967224,-2.992738,
7977,2098.0128819942474,-2.9515345,
7978,2098.2734060287476,-2.798218,
7979,2098.5360810756683,-1.3054327,
7980,2098.803602695465,-2.7845945,
7981,2099.067117214203,-1.7754103,
7982,2099.327860593796,-2.5306458,
7983,2099.5889809131622,-2.2161832,
7984,2099.8498470783234,-1.8806313,
7985,2100.110275745392,-1.6583395,
7986,2100.3708782196045,-2.5886917,
7987,2100.63036942482,-1.6792711,
7988,2100.8912847042084,-2.1414175,
7989,2101.151685476303,-1.5525779,
7990,2101.4143788814545,-2.901414,
7991,2101.680284023285,-2.6880703,
7992,2101.9455223083496,-1.9336164,
7993,2102.2079017162323,-1.718246,
7994,2102.46825838089,-2.1236894,
7995,2102.7294220924377,-2.3471084,
7996,2102.989544391632,-1.5198861,
7997,2103.2495601177216,-2.914952,
7998,2103.50998210907,-0.96516216,
7999,2103.770646095276,-2.3072186,
