step,time_sec,train_neg_log_ppl,val_neg_log_ppl
1,2.848254680633545,-14.575204,
2,4.126873016357422,-14.248558,
3,5.445300340652466,-13.893596,
4,6.764528751373291,-13.366791,
5,8.033540725708008,-11.997169,
6,9.299427270889282,-10.308365,
7,10.566200494766235,-8.237213,
8,11.823970556259155,-5.992774,
9,13.097880125045776,-3.212673,
10,14.368841171264648,-1.3398108,
11,15.656824827194214,-0.5079596,
12,16.93333649635315,-0.57402253,
13,18.20996642112732,-0.6311722,
14,19.4848792552948,-0.659517,
15,20.760880947113037,-0.7728349,
16,22.020183324813843,-0.8623241,
17,23.284337043762207,-0.91477555,
18,24.546346187591553,-0.9110594,
19,25.832990407943726,-0.8362708,
20,27.087199926376343,-1.0400447,
21,28.37447428703308,-1.0497227,
22,29.61749291419983,-1.5529873,
23,30.86884307861328,-1.3399242,
24,32.10010313987732,-1.3421714,
25,33.31979489326477,-1.4349891,
26,34.537150144577026,-1.2678229,
27,35.74054431915283,-1.5389559,
28,36.941205739974976,-1.3526213,
29,38.14874458312988,-1.4253998,
30,39.34152364730835,-1.4448254,
31,40.53071141242981,-1.3619004,
32,41.712793827056885,-1.7549613,
33,42.87096071243286,-1.8259283,
34,44.0213418006897,-1.9092238,
35,45.18097543716431,-1.7855369,
36,46.33802533149719,-1.599966,
37,47.48996305465698,-1.4732535,
38,48.64955258369446,-1.5746245,
39,49.810935258865356,-1.8123866,
40,50.96795964241028,-1.965169,
41,52.11971092224121,-1.688512,
42,53.26431608200073,-2.1808927,
43,54.409260988235474,-1.3846362,
44,55.55480647087097,-1.8250079,
45,56.69285726547241,-2.0738616,
46,57.857465744018555,-1.6481439,
47,59.005921840667725,-1.6840397,
48,60.17186164855957,-1.9828749,
49,61.33307361602783,-2.1705782,
50,62.48497772216797,-1.6448448,
51,63.652745723724365,-1.686802,
52,64.83710432052612,-1.5654428,
53,66.00146436691284,-2.0984247,
54,67.17611646652222,-1.5864456,
55,68.34645247459412,-1.5142822,
56,69.52636337280273,-1.3952225,
57,70.70544958114624,-1.6447165,
58,71.9055757522583,-1.9080248,
59,73.09814691543579,-1.4001396,
60,74.29226422309875,-1.5839462,
61,75.47043418884277,-2.091406,
62,76.65699529647827,-1.5934591,
63,77.82714748382568,-1.7706132,
64,79.01093220710754,-2.268504,
65,80.18727397918701,-1.595034,
66,81.36849522590637,-1.4626387,
67,82.5537748336792,-1.5798943,
68,83.7451057434082,-1.597157,
69,84.9372489452362,-1.1120977,
70,86.12161064147949,-1.1927159,
71,87.36439156532288,-1.319765,
72,88.5645968914032,-1.4651018,
73,89.77220964431763,-0.95801073,
74,90.97385621070862,-2.6809564,
75,92.1957323551178,-2.4747608,
76,93.43254828453064,-2.0233083,
77,94.68729591369629,-3.0180244,
78,95.9416823387146,-1.3595406,
79,97.21394157409668,-1.3464938,
80,98.48781299591064,-1.1322143,
81,99.77989459037781,-2.4235256,
82,101.07954692840576,-0.86714387,
83,102.35288882255554,-2.1385398,
84,103.62646269798279,-0.62754285,
85,104.91351175308228,-0.34970227,
86,106.19552731513977,-1.7004122,
87,107.47381711006165,-1.0227329,
88,108.75694274902344,-0.49738824,
89,110.0433566570282,-0.91679233,
90,111.34093022346497,-1.4929518,
91,112.64949369430542,-1.1171831,
92,113.93537878990173,-0.42003405,
93,115.2347526550293,-0.45272607,
94,116.52354717254639,-0.43716627,
95,117.81270909309387,-0.3827635,
96,119.10907411575317,-0.85934013,
97,120.40657210350037,-0.46788776,
98,121.72393679618835,-0.35167605,
99,123.02504801750183,-0.29995343,
100,125.63214063644409,-0.58943987,
101,126.94532060623169,-1.1793638,
102,128.27520370483398,-1.0026091,
103,129.61330580711365,-0.8882636,
104,130.96109223365784,-2.1353145,
105,132.26909947395325,-0.8999381,
106,133.5953652858734,-0.55150986,
107,134.89508152008057,-0.3972422,
108,136.18958115577698,-0.7241689,
109,137.49584317207336,-0.3059735,
110,138.80228900909424,-0.8230712,
111,140.09880900382996,-0.78260416,
112,141.41106843948364,-0.96553725,
113,142.7309925556183,-0.57315135,
114,144.04093265533447,-0.6326759,
115,145.45613741874695,-0.5194999,
116,146.77009296417236,-1.7166107,
117,148.07882952690125,-0.60450757,
118,149.40230202674866,-0.41309533,
119,150.72517919540405,-0.5734125,
120,152.04644560813904,-0.39864856,
121,153.39385271072388,-0.5260419,
122,154.70892453193665,-0.5152536,
123,156.0075647830963,-0.33378506,
124,157.3130123615265,-0.30827698,
125,158.62065315246582,-0.2857865,
126,159.9473671913147,-0.6358127,
127,161.26359581947327,-0.52525765,
128,162.55963897705078,-0.29637793,
129,163.88288021087646,-0.45499408,
130,165.18840956687927,-0.76564336,
131,166.5167851448059,-0.76307386,
132,167.8303883075714,-0.46997383,
133,169.1617887020111,-0.5811839,
134,170.50742888450623,-0.7523395,
135,171.82413125038147,-1.1294746,
136,173.1274333000183,-0.3503942,
137,174.44015502929688,-0.3467283,
138,175.78481268882751,-0.29548016,
139,177.0933141708374,-0.39178392,
140,178.39601612091064,-0.31993935,
141,179.70892524719238,-0.7642982,
142,181.03354334831238,-0.34933382,
143,182.3561372756958,-0.5692411,
144,183.6625702381134,-0.32951924,
145,185.00513243675232,-0.39820498,
146,186.37094902992249,-0.5739764,
147,187.74347472190857,-0.61188686,
148,189.09844136238098,-0.44146448,
149,190.46173524856567,-0.3590738,
150,191.83047699928284,-0.69258934,
151,193.19404292106628,-0.403565,
152,194.5491602420807,-0.3352313,
153,195.9258143901825,-0.37073416,
154,197.3269863128662,-0.47327211,
155,198.66638493537903,-0.1883524,
156,199.9907205104828,-0.3478657,
157,201.30924463272095,-0.18011972,
158,202.63196349143982,-0.17406037,
159,203.96134757995605,-0.3072605,
160,205.28986072540283,-0.5980964,
161,206.60722589492798,-0.3704219,
162,207.92676830291748,-0.5177968,
163,209.24236607551575,-0.73782986,
164,210.56252145767212,-0.43514737,
165,211.9082772731781,-0.25891435,
166,213.2506721019745,-0.35093436,
167,214.59773969650269,-0.4457573,
168,215.9493978023529,-0.470259,
169,217.29375076293945,-0.23881769,
170,218.61495327949524,-0.22680368,
171,219.94325852394104,-0.4200827,
172,221.28289246559143,-0.51228166,
173,222.60798907279968,-0.3301351,
174,223.92608880996704,-0.2100909,
175,225.2464873790741,-0.46912476,
176,226.56392431259155,-0.14614666,
177,227.87956595420837,-0.2761352,
178,229.209410905838,-0.25437438,
179,230.52623391151428,-0.13663903,
180,231.86077094078064,-0.19465527,
181,233.19746589660645,-0.2042511,
182,234.53432774543762,-0.24337837,
183,235.87572574615479,-0.2388286,
184,237.2121982574463,-0.4557555,
185,238.56664991378784,-0.38909185,
186,239.91823291778564,-0.6554994,
187,241.27240419387817,-0.47359303,
188,242.64385437965393,-0.29044774,
189,244.0461928844452,-0.2022723,
190,245.41587734222412,-0.2544568,
191,246.84439826011658,-0.1887269,
192,248.21620392799377,-0.37768868,
193,249.62533569335938,-0.24568404,
194,250.99050998687744,-0.21831615,
195,252.3093249797821,-0.4579392,
196,253.63145971298218,-0.4844191,
197,254.96010375022888,-0.21672702,
198,256.2969162464142,-0.75367147,
199,257.6364195346832,-0.26966786,
200,260.12292289733887,-0.38377723,
201,261.4487216472626,-0.13415425,
202,262.81036281585693,-0.4279583,
203,264.12992668151855,-0.39202014,
204,265.4448869228363,-0.28126818,
205,266.7639400959015,-0.14263445,
206,268.0879559516907,-0.3221927,
207,269.42467856407166,-0.29646996,
208,270.762024641037,-0.18854089,
209,272.0808222293854,-0.4892403,
210,273.40982604026794,-0.38113254,
211,274.72897815704346,-0.27746612,
212,276.0831460952759,-0.4664633,
213,277.40055227279663,-0.17246394,
214,278.7295114994049,-0.18687166,
215,280.06623101234436,-0.1716167,
216,281.395849943161,-0.30133396,
217,282.7146420478821,-0.20597927,
218,284.0375542640686,-0.1909034,
219,285.3732922077179,-0.2840928,
220,286.6942856311798,-0.23676163,
221,288.01866602897644,-0.20107558,
222,289.34680676460266,-0.29136676,
223,290.6876788139343,-0.18969151,
224,292.0386824607849,-2.0050526,
225,293.3688540458679,-0.35207886,
226,294.70500326156616,-0.16074188,
227,296.02645564079285,-0.19361457,
228,297.3658423423767,-0.14591391,
229,298.7033689022064,-0.26968718,
230,300.03400111198425,-0.27163205,
231,301.3676483631134,-0.40093267,
232,302.68741750717163,-0.44621834,
233,304.012907743454,-0.27004033,
234,305.3565878868103,-0.4066393,
235,306.69495248794556,-0.23067413,
236,308.04832911491394,-0.2538635,
237,309.39020681381226,-0.30713788,
238,310.722341299057,-0.24767032,
239,312.11883997917175,-0.30849782,
240,313.4581928253174,-0.41772318,
241,314.77888894081116,-0.26113355,
242,316.1130769252777,-0.25620216,
243,317.44583439826965,-0.10122544,
244,318.7935197353363,-0.24530841,
245,320.12725925445557,-0.16144025,
246,321.4569637775421,-0.24148424,
247,322.7881450653076,-0.34028244,
248,324.1177222728729,-0.18146002,
249,325.4387676715851,-0.47815862,
250,326.75523233413696,-0.12138264,
251,328.09297466278076,-0.20850222,
252,329.424192905426,-0.51004255,
253,330.7571122646332,-0.42302293,
254,332.0874285697937,-0.106532186,
255,333.41887879371643,-0.27383333,
256,334.7489867210388,-0.120125875,
257,336.08651971817017,-0.22704253,
258,337.433944940567,-0.12811494,
259,338.7700786590576,-0.30143824,
260,340.12865257263184,-0.23455198,
261,341.4605813026428,-0.13555844,
262,342.79211592674255,-0.1905267,
263,344.10889768600464,-0.061753906,
264,345.4569401741028,-0.1100058,
265,346.77527236938477,-0.41193154,
266,348.1067445278168,-0.38625675,
267,349.43778681755066,-0.1714988,
268,350.75901985168457,-0.33353555,
269,352.0773665904999,-0.2265855,
270,353.3976945877075,-0.13501544,
271,354.72941422462463,-0.1510292,
272,356.0530517101288,-0.16310889,
273,357.38173484802246,-0.21502295,
274,358.71225237846375,-0.28994662,
275,360.0436432361603,-0.23963118,
276,361.3814618587494,-0.35609186,
277,362.7107825279236,-0.32020402,
278,364.0551915168762,-0.2590101,
279,365.38791012763977,-0.11410141,
280,366.7225978374481,-0.22939807,
281,368.0693452358246,-0.46408534,
282,369.409720659256,-0.30836964,
283,370.7455036640167,-0.1863601,
284,372.10745573043823,-0.11476727,
285,373.4547321796417,-0.16762309,
286,374.80738592147827,-0.15536337,
287,376.1701695919037,-0.15683927,
288,377.4990921020508,-0.15245697,
289,378.8217899799347,-0.16686074,
290,380.1562509536743,-0.18743281,
291,381.49855065345764,-0.17614347,
292,382.89152812957764,-0.43481904,
293,384.2270724773407,-0.26748928,
294,385.56328535079956,-0.14724106,
295,386.91080021858215,-0.19426432,
296,388.2859423160553,-0.21407047,
297,389.6242673397064,-0.111346826,
298,390.96189308166504,-0.18077387,
299,392.3103377819061,-0.5255584,
300,394.83939957618713,-0.0637407,
301,396.1677203178406,-0.2828208,
302,397.5076324939728,-0.35085365,
303,398.8403253555298,-0.053664993,
304,400.17223286628723,-0.6280877,
305,401.49195671081543,-0.5671148,
306,402.8183913230896,-0.3146505,
307,404.1444354057312,-0.21909693,
308,405.45869040489197,-0.18575495,
309,406.7829794883728,-0.36276886,
310,408.10420870780945,-0.66779745,
311,409.4192740917206,-0.31184602,
312,410.73297214508057,-0.26468697,
313,412.0608973503113,-0.5174455,
314,413.3949601650238,-0.20220956,
315,414.7096405029297,-0.59901834,
316,416.03331446647644,-0.25125462,
317,417.35345673561096,-0.088837,
318,418.6885540485382,-0.6364097,
319,420.00923228263855,-0.585647,
320,421.3299300670624,-0.4235595,
321,422.6683759689331,-0.22108637,
322,423.9927294254303,-0.5813555,
323,425.3183488845825,-0.3624372,
324,426.644659280777,-0.23419246,
325,427.97055649757385,-0.2408288,
326,429.2914083003998,-0.2205819,
327,430.62040662765503,-0.6364299,
328,431.94137239456177,-0.53168416,
329,433.2565643787384,-0.19133194,
330,434.57540345191956,-0.13723132,
331,435.89732098579407,-0.3728242,
332,437.2202367782593,-0.20370395,
333,438.54552578926086,-0.2425957,
334,439.86879444122314,-0.28123587,
335,441.18678283691406,-0.13682567,
336,442.52846026420593,-0.10132918,
337,443.8696711063385,-0.17239746,
338,445.220383644104,-0.18389809,
339,446.54178833961487,-0.45208243,
340,447.86043524742126,-0.272632,
341,449.1969029903412,-0.2825091,
342,450.55903840065,-0.21552426,
343,451.8991525173187,-0.5245329,
344,453.2291181087494,-0.44069582,
345,454.5503394603729,-0.6611836,
346,455.88154125213623,-0.47696558,
347,457.2101397514343,-0.14552408,
348,458.53385853767395,-0.114846416,
349,459.86406230926514,-0.12859759,
350,461.2188756465912,-0.3575205,
351,462.53963112831116,-0.20867011,
352,463.85662841796875,-0.49506867,
353,465.21327805519104,-0.60794616,
354,466.540953874588,-0.29286292,
355,467.86657524108887,-0.43872055,
356,469.20041584968567,-0.4046405,
357,470.5301818847656,-0.31574637,
358,471.8829724788666,-0.2031584,
359,473.2275216579437,-0.24381614,
360,474.56934905052185,-0.54076874,
361,475.9029915332794,-0.72358406,
362,477.2303042411804,-0.5838274,
363,478.5623953342438,-0.16790463,
364,479.8768746852875,-0.5489855,
365,481.20003032684326,-0.3671291,
366,482.5193169116974,-0.4748941,
367,483.8327651023865,-4.551264,
368,485.1628301143646,-1.1554083,
369,486.4880540370941,-0.775764,
370,487.82521748542786,-0.25014877,
371,489.1556022167206,-0.14959766,
372,490.4832327365875,-0.07634172,
373,491.81673669815063,-0.44786364,
374,493.1519796848297,-0.17439693,
375,494.4912474155426,-0.088310316,
376,495.8428602218628,-0.13221255,
377,497.17293787002563,-0.13173881,
378,498.51520824432373,-0.084579416,
379,499.8388578891754,-0.25076365,
380,501.18318033218384,-0.13059743,
381,502.52474427223206,-0.17782806,
382,503.8811492919922,-0.37822592,
383,505.231969833374,-0.33424243,
384,506.5859293937683,-0.19025598,
385,507.9318091869354,-0.1440327,
386,509.27185583114624,-0.17713207,
387,510.61333084106445,-0.21671194,
388,511.9553551673889,-0.2609063,
389,513.3084025382996,-0.14077924,
390,514.6319077014923,-0.21114373,
391,516.0010285377502,-0.26711363,
392,517.3287463188171,-0.1501548,
393,518.665091753006,-0.29117864,
394,519.9925730228424,-0.09488347,
395,521.3246214389801,-0.18126908,
396,522.6721303462982,-0.13804455,
397,524.0348615646362,-0.17844668,
398,525.4208436012268,-0.400374,
399,526.8008699417114,-0.3498312,
400,529.3395693302155,-0.65190935,
401,530.7304561138153,-1.0120662,
402,532.11976313591,-0.472976,
403,533.4671885967255,-0.2577589,
404,534.8255751132965,-0.22837949,
405,536.1566796302795,-0.20108467,
406,537.518786907196,-0.25026605,
407,538.8762900829315,-0.95817894,
408,540.2124063968658,-0.3006994,
409,541.5624599456787,-0.17946081,
410,542.9064645767212,-0.20719689,
411,544.2223536968231,-0.21761116,
412,545.5591213703156,-0.37736064,
413,546.883950471878,-1.6398544,
414,548.1978414058685,-0.19383553,
415,549.5151863098145,-0.15960689,
416,550.8420629501343,-0.14131041,
417,552.1569468975067,-0.2170685,
418,553.4900312423706,-0.38697198,
419,554.8322863578796,-0.16247104,
420,556.1482665538788,-0.13703455,
421,557.474714756012,-0.104331076,
422,558.8082983493805,-0.1432029,
423,560.1267404556274,-0.05947164,
424,561.4711232185364,-0.3291244,
425,562.7955067157745,-0.12634215,
426,564.1204235553741,-0.15008911,
427,565.4447734355927,-0.12986217,
428,566.7658624649048,-0.05155187,
429,568.0829722881317,-0.068662584,
430,569.4311044216156,-0.142034,
431,570.7619087696075,-0.11080918,
432,572.1217720508575,-0.11056596,
433,573.4445283412933,-0.18466489,
434,574.7682435512543,-0.11981094,
435,576.1355979442596,-0.06248037,
436,577.5048778057098,-0.08668731,
437,578.8819689750671,-0.37614894,
438,580.2509870529175,-0.22931173,
439,581.6353492736816,-0.13767314,
440,582.987934589386,-0.20065573,
441,584.3255372047424,-0.3363846,
442,585.6523451805115,-0.117638595,
443,586.9870464801788,-0.089710094,
444,588.3114540576935,-0.0548373,
445,589.6358060836792,-0.0891342,
446,590.9735321998596,-0.17323607,
447,592.3074676990509,-0.16955738,
448,593.6271786689758,-0.16946825,
449,594.9518482685089,-0.16804723,
450,596.2884056568146,-0.18605141,
451,597.6339027881622,-0.12551051,
452,598.9710199832916,-0.39632618,
453,600.3136224746704,-0.18592153,
454,601.650267124176,-0.24095084,
455,602.9952344894409,-0.07499633,
456,604.3451197147369,-0.12671448,
457,605.6838653087616,-0.076638624,
458,607.050418138504,-0.20098768,
459,608.4104816913605,-0.19594093,
460,609.7492430210114,-0.47569752,
461,611.0809762477875,-0.083333135,
462,612.3998639583588,-0.25257725,
463,613.7419888973236,-0.096614584,
464,615.0935893058777,-0.55208814,
465,616.4289648532867,-0.046338603,
466,617.7648189067841,-0.018676596,
467,619.106006860733,-0.11007854,
468,620.4613237380981,-0.2856756,
469,621.7958154678345,-0.081751,
470,623.1529941558838,-0.029032728,
471,624.4853162765503,-0.087386124,
472,625.8285484313965,-0.12606809,
473,627.2163240909576,-0.0852718,
474,628.5618760585785,-0.07463632,
475,629.9039282798767,-0.063749425,
476,631.241886138916,-0.11560311,
477,632.5739262104034,-0.12848665,
478,633.8855681419373,-0.083049156,
479,635.2227051258087,-0.4208085,
480,636.5591812133789,-0.1759623,
481,637.9216151237488,-0.2585617,
482,639.2873675823212,-0.12066828,
483,640.6588637828827,-0.087250434,
484,642.0336227416992,-0.39022,
485,643.4022262096405,-0.088715896,
486,644.7727723121643,-0.36972454,
487,646.140389919281,-0.046337403,
488,647.5031592845917,-0.12483142,
489,648.8116238117218,-0.16878426,
490,650.1322116851807,-0.12928577,
491,651.4771473407745,-0.04595728,
492,652.82390666008,-0.08822344,
493,654.1599497795105,-0.12507495,
494,655.486407995224,-0.26523343,
495,656.8007593154907,-0.07960695,
496,658.1371812820435,-0.11650227,
497,659.4693503379822,-0.17366451,
498,660.8156549930573,-0.08360865,
499,662.1557192802429,-0.23202923,
500,664.6866154670715,-0.100566424,
501,666.0392694473267,-0.09447077,
502,667.3733003139496,-0.17563921,
503,668.7056541442871,-0.08308785,
504,670.0562217235565,-0.12899117,
505,671.3760845661163,-0.07827774,
506,672.7028934955597,-0.17928906,
507,674.0281927585602,-0.046196427,
508,675.3601567745209,-0.12756215,
509,676.6987006664276,-0.14747508,
510,678.0428204536438,-0.37123793,
511,679.3752341270447,-0.24085255,
512,680.7052521705627,-0.21626562,
513,682.0366716384888,-0.093580425,
514,683.3515863418579,-0.10749513,
515,684.6805291175842,-0.3683026,
516,685.9975733757019,-0.095590875,
517,687.3026170730591,-0.049519114,
518,688.6230278015137,-0.07049572,
519,689.9456415176392,-0.21977895,
520,691.2926170825958,-0.18992773,
521,692.6216478347778,-0.109275356,
522,693.9425933361053,-0.22304241,
523,695.2596983909607,-0.29738936,
524,696.5829563140869,-0.13855058,
525,697.9027676582336,-0.41743743,
526,699.2186551094055,-0.1193917,
527,700.5393769741058,-0.09412622,
528,701.857658624649,-0.09858888,
529,703.1826066970825,-0.12124337,
530,704.5249676704407,-0.16975589,
531,705.8779520988464,-0.18828818,
532,707.2189743518829,-0.22082283,
533,708.5707070827484,-0.28091604,
534,709.9094512462616,-0.16373211,
535,711.2477674484253,-0.16821316,
536,712.6139006614685,-0.14816104,
537,713.9334292411804,-0.11109081,
538,715.2792823314667,-0.14416325,
539,716.6054346561432,-0.1824815,
540,717.9399161338806,-0.14566879,
541,719.2786383628845,-0.167994,
542,720.6202330589294,-0.6124494,
543,722.0046842098236,-0.73954964,
544,723.3645753860474,-0.12756036,
545,724.6910545825958,-0.31325915,
546,726.0298902988434,-0.5283366,
547,727.3628115653992,-0.5330728,
548,728.6980583667755,-0.2064068,
549,730.0217027664185,-0.8981501,
550,731.3456740379333,-0.12100726,
551,732.6818075180054,-0.102324635,
552,734.0154027938843,-0.1334842,
553,735.3512575626373,-0.2616747,
554,736.6699371337891,-0.30729157,
555,738.0269997119904,-0.48608953,
556,739.3586308956146,-0.36134124,
557,740.6885461807251,-1.1033239,
558,742.0044779777527,-0.36747602,
559,743.353022813797,-0.6948249,
560,744.6879200935364,-0.8531093,
561,746.0174844264984,-0.34712234,
562,747.3933849334717,-0.15416251,
563,748.7340352535248,-0.06257724,
564,750.069085597992,-0.14733969,
565,751.4202132225037,-0.11749973,
566,752.7373218536377,-0.13638188,
567,754.0797257423401,-0.3488318,
568,755.416741847992,-0.29117346,
569,756.753858089447,-0.3042958,
570,758.0882823467255,-0.35199192,
571,759.4133810997009,-0.14931239,
572,760.7458577156067,-0.14487813,
573,762.0514118671417,-0.069114245,
574,763.3785402774811,-0.15308383,
575,764.7004806995392,-0.15778857,
576,766.0273342132568,-0.09292988,
577,767.3834855556488,-0.28056645,
578,768.7035808563232,-0.083997004,
579,770.0396151542664,-0.15896294,
580,771.3669562339783,-0.040253114,
581,772.6944491863251,-0.2505594,
582,774.0316112041473,-0.30719608,
583,775.368727684021,-0.59100294,
584,776.7054421901703,-0.11606358,
585,778.0422406196594,-0.16846934,
586,779.4023442268372,-0.06583053,
587,780.7433416843414,-0.2036712,
588,782.0799434185028,-0.11490905,
589,783.409993648529,-0.089642525,
590,784.7477045059204,-0.175954,
591,786.0894951820374,-0.096073374,
592,787.4180202484131,-0.2685084,
593,788.8022906780243,-0.15633865,
594,790.1268634796143,-0.16454008,
595,791.4700093269348,-0.2509172,
596,792.8122854232788,-0.2684818,
597,794.124655008316,-0.22573435,
598,795.4555215835571,-1.0767576,
599,796.7756383419037,-0.18049388,
600,799.2697865962982,-0.084599294,
601,800.6266524791718,-0.08845246,
602,801.9684851169586,-0.1184804,
603,803.3225247859955,-0.13627861,
604,804.6640160083771,-0.08641846,
605,806.0098886489868,-0.17326935,
606,807.3314983844757,-0.1310112,
607,808.6592798233032,-0.11532144,
608,809.9922680854797,-0.1367882,
609,811.3327691555023,-0.26493168,
610,812.6665301322937,-0.26278073,
611,814.0169978141785,-0.31309202,
612,815.3514487743378,-0.07172768,
613,816.6734094619751,-0.057139453,
614,817.9963505268097,-0.15458202,
615,819.3237371444702,-0.12030784,
616,820.6578323841095,-0.05187482,
617,822.0055644512177,-0.07698046,
618,823.3355917930603,-0.7309783,
619,824.666677236557,-0.08861455,
620,825.9903864860535,-0.3215312,
621,827.3547961711884,-0.08466511,
622,828.7263062000275,-0.17654824,
623,830.0986196994781,-0.14361905,
624,831.4471950531006,-0.13652334,
625,832.8212587833405,-0.2030338,
626,834.1904277801514,-0.20839658,
627,835.5529389381409,-0.15999454,
628,836.9414985179901,-0.6110431,
629,838.3146767616272,-0.26273045,
630,839.6869397163391,-0.35471728,
631,841.0218443870544,-0.34883437,
632,842.3589065074921,-1.517291,
633,843.7125267982483,-0.117306426,
634,845.0688998699188,-0.34240612,
635,846.4356551170349,-0.3387019,
636,847.7920033931732,-0.30568844,
637,849.154452085495,-0.06447257,
638,850.5167443752289,-0.06750028,
639,851.8603188991547,-0.016137153,
640,853.1851673126221,-0.032918986,
641,854.5396871566772,-0.13079786,
642,855.887143611908,-0.049583483,
643,857.2148382663727,-0.1575487,
644,858.5646357536316,-0.14678265,
645,859.926664352417,-0.2599529,
646,861.282395362854,-0.21813323,
647,862.6384363174438,-0.23526837,
648,864.0145308971405,-0.2171663,
649,865.3629512786865,-0.20352222,
650,866.7240345478058,-0.59720623,
651,868.1054129600525,-0.5624395,
652,869.4413726329803,-0.17728594,
653,870.7816689014435,-0.13658568,
654,872.1143910884857,-0.26774472,
655,873.4492399692535,-0.42565835,
656,874.7893314361572,-0.1322761,
657,876.1314070224762,-0.20408066,
658,877.5103044509888,-0.14018358,
659,878.8601453304291,-0.09506805,
660,880.2122385501862,-0.16901961,
661,881.5823431015015,-0.09121242,
662,882.9279639720917,-0.08981138,
663,884.2707645893097,-0.15204997,
664,885.6256425380707,-0.15486181,
665,886.9737639427185,-0.40469897,
666,888.3176021575928,-0.02638366,
667,889.6466562747955,-0.13776681,
668,890.9752852916718,-0.15374082,
669,892.3156836032867,-0.1183978,
670,893.6518807411194,-0.26796505,
671,894.989818572998,-0.19158001,
672,896.3379888534546,-0.19571452,
673,897.6764283180237,-0.23037603,
674,899.0019774436951,-0.11533202,
675,900.3278493881226,-0.099166766,
676,901.6586961746216,-0.16020542,
677,902.9980247020721,-0.066760056,
678,904.4104619026184,-0.08380255,
679,905.8803479671478,-0.04649731,
680,907.2799253463745,-0.16878134,
681,908.6871635913849,-0.051259495,
682,910.0322494506836,-0.16369899,
683,911.371401309967,-0.08928361,
684,912.7072033882141,-0.21359389,
685,914.0595579147339,-0.16771528,
686,915.4110379219055,-0.14518234,
687,916.7621083259583,-0.29577222,
688,918.1156768798828,-0.25131992,
689,919.4691848754883,-0.16919714,
690,920.8689103126526,-0.05944986,
691,922.2106177806854,-0.12952656,
692,923.5434520244598,-0.06819634,
693,924.8746140003204,-0.08334579,
694,926.2198348045349,-0.130624,
695,927.5791201591492,-0.027214069,
696,928.9152030944824,-0.041364282,
697,930.2354559898376,-0.14134708,
698,931.595123052597,-0.03303835,
699,932.9423904418945,-0.036945477,
700,935.4477019309998,-0.21054818,
701,936.7944416999817,-0.26192787,
702,938.1470255851746,-0.18113784,
703,939.4851815700531,-0.117393695,
704,940.8262083530426,-0.054225698,
705,942.1880834102631,-0.2946015,
706,943.5272073745728,-0.03198608,
707,944.84619140625,-0.1145151,
708,946.1658706665039,-0.24429105,
709,947.4957590103149,-0.16566509,
710,948.8363661766052,-0.07897675,
711,950.1633231639862,-0.101198465,
712,951.4938957691193,-0.16950396,
713,952.816424369812,-0.3445826,
714,954.1563112735748,-0.23013571,
715,955.4911105632782,-0.08344897,
716,956.8225882053375,-0.11547649,
717,958.1820647716522,-0.11282738,
718,959.5198605060577,-0.1545705,
719,960.868203163147,-0.07305604,
720,962.2009611129761,-0.08687192,
721,963.5307886600494,-0.06025207,
722,964.9583294391632,-0.04435741,
723,966.3116679191589,-0.122737445,
724,967.6414821147919,-0.16290109,
725,968.9620802402496,-0.09758718,
726,970.282949924469,-0.16409929,
727,971.6039743423462,-0.06433323,
728,972.9259746074677,-0.5274992,
729,974.25541639328,-0.07087303,
730,975.5786838531494,-0.069170475,
731,976.8990004062653,-0.30824313,
732,978.2183153629303,-0.11757518,
733,979.5312275886536,-0.11636956,
734,980.8691396713257,-0.21173728,
735,982.2407274246216,-0.08559591,
736,983.5733637809753,-0.070056766,
737,984.8953533172607,-0.045422,
738,986.2234978675842,-0.0702277,
739,987.5438714027405,-0.017039921,
740,988.8741374015808,-0.014540052,
741,990.1959471702576,-0.046873156,
742,991.5371251106262,-0.1253205,
743,992.8758080005646,-0.57954884,
744,994.2174963951111,-0.0705109,
745,995.5420670509338,-0.36330596,
746,996.876317024231,-0.19974637,
747,998.2108552455902,-0.070567496,
748,999.541987657547,-0.23031303,
749,1000.873783826828,-0.006898909,
750,1002.2259051799774,-0.027538015,
751,1003.5477197170258,-0.055255286,
752,1004.886045217514,-0.20488961,
753,1006.2059371471405,-0.3046165,
754,1007.5303816795349,-0.04730255,
755,1008.8527226448059,-0.254298,
756,1010.1863725185394,-0.11599543,
757,1011.5275840759277,-0.13034509,
758,1012.8916029930115,-0.029785076,
759,1014.2114760875702,-0.2023758,
760,1015.5303201675415,-0.059507977,
761,1016.864538192749,-0.14230579,
762,1018.1941366195679,-0.16011079,
763,1019.5266005992889,-0.096744105,
764,1020.8434956073761,-0.70645785,
765,1022.1752495765686,-0.05069484,
766,1023.5040881633759,-0.12649229,
767,1024.8397126197815,-0.15000065,
768,1026.1868011951447,-0.083150715,
769,1027.5007300376892,-0.05664697,
770,1028.8465402126312,-0.17624232,
771,1030.1804933547974,-0.13287927,
772,1031.511500120163,-0.08739708,
773,1032.8376252651215,-0.07140354,
774,1034.1765177249908,-0.08653616,
775,1035.558690071106,-0.19562113,
776,1036.896614074707,-0.014129834,
777,1038.2869708538055,-0.34009066,
778,1039.6389575004578,-0.3710393,
779,1040.9742715358734,-0.12225782,
780,1042.3035032749176,-0.027324595,
781,1043.6397984027863,-0.11272997,
782,1045.0111811161041,-0.036412816,
783,1046.337294101715,-0.050519485,
784,1047.668582201004,-0.110422626,
785,1048.9990708827972,-0.05689702,
786,1050.3291699886322,-0.07335889,
787,1051.666145324707,-0.04047655,
788,1052.9968478679657,-0.11174976,
789,1054.3454658985138,-0.12901671,
790,1055.6807250976562,-0.0430008,
791,1057.0152156352997,-0.046897408,
792,1058.3528718948364,-0.13700059,
793,1059.6875367164612,-0.10732774,
794,1061.0363762378693,-0.2201891,
795,1062.3747799396515,-0.20972514,
796,1063.7178037166595,-0.1401332,
797,1065.0499792099,-0.52100235,
798,1066.3717160224915,-0.08079758,
799,1067.715173959732,-0.35162386,
800,1070.1909999847412,-0.12968089,
801,1071.5248460769653,-0.10021606,
802,1072.8739886283875,-0.1295416,
803,1074.212951183319,-0.2045933,
804,1075.5547785758972,-0.085072614,
805,1076.8825588226318,-0.052577436,
806,1078.2003796100616,-0.39282385,
807,1079.523449897766,-0.17910919,
808,1080.8634805679321,-0.29197013,
809,1082.2066073417664,-0.10349262,
810,1083.5422205924988,-0.2790236,
811,1084.8885598182678,-0.021354543,
812,1086.2376708984375,-0.08482703,
813,1087.5694258213043,-0.15294851,
814,1088.9167790412903,-0.3444726,
815,1090.2484431266785,-0.047824446,
816,1091.5940625667572,-0.07950971,
817,1092.9238653182983,-0.08963468,
818,1094.252608537674,-0.04188743,
819,1095.5928869247437,-0.046823893,
820,1096.9244470596313,-0.2765427,
821,1098.263709783554,-0.10512063,
822,1099.5936741828918,-0.11545861,
823,1100.9313266277313,-0.119793065,
824,1102.2714326381683,-0.10506773,
825,1103.6065273284912,-0.1579216,
826,1104.9259185791016,-0.09291279,
827,1106.2578828334808,-0.08734362,
828,1107.583523273468,-0.037526235,
829,1108.909338235855,-0.033587027,
830,1110.2277719974518,-0.3646383,
831,1111.5768520832062,-0.29792488,
832,1112.9215607643127,-0.15360786,
833,1114.2623462677002,-0.14147258,
834,1115.5782470703125,-0.06870747,
835,1116.9113726615906,-0.29294473,
836,1118.2583389282227,-0.40235144,
837,1119.5858249664307,-0.11702721,
838,1120.9247572422028,-0.16544928,
839,1122.2610704898834,-0.017599147,
840,1123.620909690857,-0.18892708,
841,1124.9550075531006,-0.04044024,
842,1126.2903971672058,-0.2103397,
843,1127.6234910488129,-0.053337134,
844,1128.9645929336548,-0.10278426,
845,1130.3025586605072,-0.15834059,
846,1131.6309368610382,-0.23137206,
847,1132.9742171764374,-0.15263675,
848,1134.3097009658813,-0.09409635,
849,1135.6338729858398,-0.16968852,
850,1137.0078082084656,-0.29752904,
851,1138.3336055278778,-0.14414841,
852,1139.6558921337128,-0.072252035,
853,1141.0074815750122,-0.20699772,
854,1142.3565204143524,-0.21995156,
855,1143.6908221244812,-0.05651402,
856,1145.034348487854,-0.051152933,
857,1146.3502407073975,-0.08298911,
858,1147.6828382015228,-0.17682551,
859,1149.0221672058105,-0.4196359,
860,1150.3695995807648,-0.10694334,
861,1151.6920449733734,-0.033241168,
862,1153.0103662014008,-0.09588305,
863,1154.3312163352966,-0.1426357,
864,1155.6554026603699,-0.06940871,
865,1156.9984138011932,-0.0699535,
866,1158.3306381702423,-0.07229689,
867,1159.659635066986,-0.025857229,
868,1160.9905471801758,-0.046927355,
869,1162.3103475570679,-0.23812167,
870,1163.6485517024994,-0.30874977,
871,1164.9932806491852,-0.25384182,
872,1166.3308498859406,-0.23024465,
873,1167.6588160991669,-0.16010368,
874,1169.0183446407318,-0.6549018,
875,1170.3761458396912,-0.5968318,
876,1171.7145128250122,-0.39167032,
877,1173.0422484874725,-0.07202552,
878,1174.384911775589,-0.06299694,
879,1175.723732471466,-0.038708586,
880,1177.0784928798676,-0.05100487,
881,1178.4095628261566,-0.13157198,
882,1179.7295668125153,-0.15282793,
883,1181.059237241745,-0.06926298,
884,1182.3828427791595,-0.15593113,
885,1183.712079524994,-0.08089152,
886,1185.0665905475616,-0.110449515,
887,1186.4041068553925,-0.06987043,
888,1187.735520362854,-0.17573059,
889,1189.0641243457794,-0.32376802,
890,1190.3873190879822,-0.08844495,
891,1191.7144885063171,-0.51899487,
892,1193.0423448085785,-0.14351366,
893,1194.357789516449,-0.13454151,
894,1195.6778733730316,-0.1362929,
895,1197.0274004936218,-0.10607559,
896,1198.3687312602997,-0.11327736,
897,1199.7038407325745,-0.3144753,
898,1201.0312414169312,-0.08267786,
899,1202.3530986309052,-0.07816023,
900,1204.892296552658,-0.23593542,
901,1206.219899892807,-0.13243678,
902,1207.5539243221283,-0.11478368,
903,1208.87948012352,-0.027435888,
904,1210.2036459445953,-0.07949457,
905,1211.5672240257263,-0.11546505,
906,1212.9326543807983,-0.28204533,
907,1214.2481875419617,-0.13115865,
908,1215.6002264022827,-0.1272993,
909,1216.9303848743439,-0.32720864,
910,1218.249804019928,-0.19990651,
911,1219.5745613574982,-0.09636734,
912,1220.8958077430725,-0.20541435,
913,1222.2162072658539,-0.09096069,
914,1223.5402455329895,-0.0072365957,
915,1224.8664894104004,-0.00948808,
916,1226.1887049674988,-0.0066369423,
917,1227.5128495693207,-0.06822018,
918,1228.91730260849,-0.3150151,
919,1230.2545237541199,-0.2630234,
920,1231.6085572242737,-1.6070615,
921,1232.9571497440338,-0.34798437,
922,1234.3011598587036,-0.113049835,
923,1235.645252943039,-0.11817139,
924,1237.0271298885345,-0.12543227,
925,1238.369413614273,-0.07284215,
926,1239.6936860084534,-0.1309219,
927,1241.0448706150055,-0.2602508,
928,1242.385535478592,-0.03964569,
929,1243.710844039917,-0.15862271,
930,1245.0722017288208,-0.4644711,
931,1246.4205853939056,-0.2010863,
932,1247.767974615097,-0.14574638,
933,1249.1162977218628,-0.16760235,
934,1250.4591410160065,-0.16891873,
935,1251.8459043502808,-0.32976264,
936,1253.183259487152,-0.30525172,
937,1254.5067293643951,-0.14550854,
938,1255.8586378097534,-0.19829187,
939,1257.2113735675812,-0.10189886,
940,1258.5448834896088,-0.08653224,
941,1259.8669419288635,-0.02863508,
942,1261.1938319206238,-0.07575968,
943,1262.5226876735687,-0.19456425,
944,1263.8402540683746,-0.033295337,
945,1265.1665649414062,-0.12705171,
946,1266.4938659667969,-0.18071136,
947,1267.831328868866,-0.017417064,
948,1269.1586544513702,-0.3835615,
949,1270.479709148407,-0.1762148,
950,1271.7988159656525,-0.22480674,
951,1273.1324462890625,-0.3647029,
952,1274.5607559680939,-0.15665035,
953,1275.8859386444092,-0.056757975,
954,1277.2234392166138,-0.3902543,
955,1278.5411891937256,-0.5617305,
956,1279.858479976654,-0.2255774,
957,1281.2032289505005,-0.22049628,
958,1282.547374010086,-0.044193547,
959,1283.8809750080109,-0.06935143,
960,1285.2133784294128,-0.096344866,
961,1286.5321419239044,-0.1531543,
962,1287.870488166809,-0.06952059,
963,1289.189879655838,-0.11883955,
964,1290.5178320407867,-0.02376007,
965,1291.8421807289124,-0.26490054,
966,1293.1707515716553,-0.12862633,
967,1294.4888484477997,-0.045519125,
968,1295.819878578186,-0.06150353,
969,1297.1593072414398,-0.061497338,
970,1298.4938147068024,-0.15489474,
971,1299.809339761734,-0.07495904,
972,1301.139321565628,-0.13647339,
973,1302.485468864441,-0.10059011,
974,1303.8229274749756,-0.042190783,
975,1305.1469728946686,-0.22857493,
976,1306.4883205890656,-0.11413206,
977,1307.8045308589935,-0.04744855,
978,1309.1339046955109,-0.071660146,
979,1310.4398458003998,-0.05258996,
980,1311.7578837871552,-0.06695654,
981,1313.0791923999786,-0.012473595,
982,1314.4018948078156,-0.12686126,
983,1315.751951932907,-0.2769242,
984,1317.096851348877,-0.0576919,
985,1318.4205839633942,-0.12542783,
986,1319.7518372535706,-0.114364624,
987,1321.0751707553864,-0.2395655,
988,1322.399581670761,-0.15523063,
989,1323.7207481861115,-0.091132894,
990,1325.0759813785553,-0.077665135,
991,1326.4063608646393,-0.067728214,
992,1327.74516248703,-0.02486818,
993,1329.088185787201,-0.28263837,
994,1330.4202506542206,-0.08199017,
995,1331.7536277770996,-0.14595884,
996,1333.097339630127,-0.091522336,
997,1334.4322102069855,-0.14115483,
998,1335.749596118927,-0.16498826,
999,1337.0802257061005,-0.09125303,
1000,1339.999136209488,-0.1481941,
1001,1341.3263835906982,-0.038891837,
1002,1342.6540689468384,-0.06092389,
1003,1343.963595867157,-0.022648137,
1004,1345.2878141403198,-0.040929448,
1005,1346.6123163700104,-0.055232413,
1006,1347.9423949718475,-0.22934514,
1007,1349.2695307731628,-0.14388925,
1008,1350.6095781326294,-0.05488078,
1009,1351.9601209163666,-0.23086996,
1010,1353.2908382415771,-0.10808082,
1011,1354.6195459365845,-0.097786054,
1012,1355.9744853973389,-0.09158578,
1013,1357.3146314620972,-0.07162773,
1014,1358.6377549171448,-0.16824736,
1015,1359.967874288559,-0.0662757,
1016,1361.305505514145,-0.13442975,
1017,1362.641610622406,-0.02761006,
1018,1363.9773080348969,-0.057842433,
1019,1365.3253252506256,-0.11246087,
1020,1366.6896324157715,-0.16694736,
1021,1368.016526222229,-0.13746771,
1022,1369.3524107933044,-0.031249767,
1023,1370.6835227012634,-0.15607125,
1024,1372.0519263744354,-0.03206352,
1025,1373.3938119411469,-0.1453031,
1026,1374.7332706451416,-0.04848662,
1027,1376.084748506546,-0.14807588,
1028,1377.4152507781982,-0.26663852,
1029,1378.7571074962616,-0.4587707,
1030,1380.0850348472595,-0.1850961,
1031,1381.4122660160065,-0.18877104,
1032,1382.7458791732788,-0.17963044,
1033,1384.1053221225739,-0.085831136,
1034,1385.4497020244598,-0.056932267,
1035,1386.7703487873077,-0.059820633,
1036,1388.1117730140686,-0.22441748,
1037,1389.453279018402,-0.07331974,
1038,1390.7993183135986,-0.09716328,
1039,1392.1281566619873,-0.18438593,
1040,1393.4860479831696,-0.049267165,
1041,1394.8386940956116,-0.13391265,
1042,1396.1719915866852,-0.054942798,
1043,1397.5064444541931,-0.1522575,
1044,1398.8268423080444,-0.14924006,
1045,1400.1537075042725,-0.15996747,
1046,1401.478553533554,-0.08270413,
1047,1402.8108577728271,-0.11664158,
1048,1404.1551225185394,-0.07942435,
1049,1405.4828114509583,-0.114288844,
1050,1406.822433233261,-0.21566883,
1051,1408.1537411212921,-0.23755017,
1052,1409.4971170425415,-0.1231793,
1053,1410.8218882083893,-0.3020073,
1054,1412.1486246585846,-0.033046007,
1055,1413.490602016449,-1.005919,
1056,1414.8254916667938,-0.074989565,
1057,1416.1681680679321,-0.031345285,
1058,1417.509489774704,-0.14829442,
1059,1418.833265542984,-0.14886582,
1060,1420.1649215221405,-0.09842757,
1061,1421.4810457229614,-0.10079414,
1062,1422.8359515666962,-0.10607384,
1063,1424.1746084690094,-0.041823518,
1064,1425.512375831604,-0.19987191,
1065,1426.8522822856903,-0.039112944,
1066,1428.1908605098724,-0.033470914,
1067,1429.5281429290771,-0.20077136,
1068,1430.8741617202759,-0.594952,
1069,1432.2038893699646,-0.19973351,
1070,1433.5343956947327,-0.035903476,
1071,1434.8635675907135,-0.15316749,
1072,1436.1971232891083,-0.051059067,
1073,1437.5242083072662,-0.36837524,
1074,1438.8537437915802,-0.01293605,
1075,1440.2205667495728,-0.077222764,
1076,1441.561399936676,-0.16072097,
1077,1442.9403314590454,-0.08206817,
1078,1444.276439666748,-0.23693039,
1079,1445.6098802089691,-0.11283983,
1080,1446.941481590271,-0.123317584,
1081,1448.3140287399292,-0.16159478,
1082,1449.6652607917786,-0.11578883,
1083,1451.0102508068085,-0.10191361,
1084,1452.3435702323914,-0.13124788,
1085,1453.677458524704,-0.11134505,
1086,1455.0017023086548,-0.08292184,
1087,1456.3244547843933,-0.3477523,
1088,1457.644991159439,-0.0061200093,
1089,1458.9885425567627,-0.054123998,
1090,1460.3100891113281,-0.12757601,
1091,1461.6353721618652,-0.059274305,
1092,1462.9593410491943,-0.09718734,
1093,1464.2934432029724,-0.13437663,
1094,1465.6151962280273,-0.140301,
1095,1466.953545331955,-0.023413388,
1096,1468.3233880996704,-0.13844152,
1097,1469.6914217472076,-0.05527755,
1098,1471.056705236435,-0.30108136,
1099,1472.3990659713745,-0.07848454,
1100,1474.913913011551,-0.15180638,
1101,1476.241824388504,-0.3281472,
1102,1477.561138868332,-0.3148532,
1103,1478.8935546875,-0.16654517,
1104,1480.218432188034,-0.07517282,
1105,1481.5438628196716,-0.08356066,
1106,1482.865835428238,-0.259142,
1107,1484.1961011886597,-0.038165405,
1108,1485.5169224739075,-0.53095615,
1109,1486.846519947052,-0.2331689,
1110,1488.1534135341644,-0.16538653,
1111,1489.4700381755829,-0.050685287,
1112,1490.7904300689697,-0.16281681,
1113,1492.1005618572235,-0.0813813,
1114,1493.4242489337921,-0.022902468,
1115,1494.7465302944183,-0.11294155,
1116,1496.067479133606,-0.096003786,
1117,1497.3959558010101,-0.22532095,
1118,1498.7442951202393,-0.058822203,
1119,1500.123455286026,-0.16265589,
1120,1501.501249074936,-0.025026117,
1121,1502.8613586425781,-0.07631882,
1122,1504.2278175354004,-0.09048781,
1123,1505.555293560028,-0.08363899,
1124,1506.8683969974518,-0.04275487,
1125,1508.1867244243622,-0.05635757,
1126,1509.524314403534,-0.022604419,
1127,1510.8336646556854,-0.089546554,
1128,1512.1429748535156,-0.013738055,
1129,1513.460390329361,-0.14573975,
1130,1514.8105192184448,-0.05472692,
1131,1516.1394610404968,-0.05401642,
1132,1517.480997800827,-0.10497218,
1133,1518.8127961158752,-0.061519105,
1134,1520.1579566001892,-0.44887188,
1135,1521.505168914795,-0.042265933,
1136,1522.8262968063354,-0.06730686,
1137,1524.1558122634888,-0.115726635,
1138,1525.4777688980103,-0.015087741,
1139,1526.805475473404,-0.046728972,
1140,1528.1363852024078,-0.12669414,
1141,1529.456155538559,-0.23910974,
1142,1530.7753477096558,-0.07517614,
1143,1532.115871667862,-0.101738885,
1144,1533.444420337677,-0.3331254,
1145,1534.7684893608093,-0.13269487,
1146,1536.0865497589111,-0.07734458,
1147,1537.422976732254,-0.058283634,
1148,1538.7484633922577,-0.030353246,
1149,1540.069765329361,-0.22363175,
1150,1541.3881239891052,-0.10557996,
1151,1542.744080066681,-0.2037635,
1152,1544.081336259842,-0.028877206,
1153,1545.4356789588928,-0.09114431,
1154,1546.7634086608887,-0.21712783,
1155,1548.1085691452026,-0.06514887,
1156,1549.4282655715942,-0.06442027,
1157,1550.7595686912537,-0.03141159,
1158,1552.0723505020142,-0.072780535,
1159,1553.40673661232,-0.034882646,
1160,1554.7248184680939,-0.054699305,
1161,1556.0397500991821,-0.08232835,
1162,1557.3477754592896,-0.046325967,
1163,1558.6709156036377,-0.14545317,
1164,1559.9781584739685,-0.09489607,
1165,1561.298815727234,-0.10390642,
1166,1562.6390087604523,-0.07260075,
1167,1563.970852136612,-0.06637337,
1168,1565.2978010177612,-0.10766262,
1169,1566.6289014816284,-0.42591974,
1170,1567.9413692951202,-0.4964859,
1171,1569.2807717323303,-0.20443828,
1172,1570.601548910141,-0.06211057,
1173,1571.9216659069061,-0.14136815,
1174,1573.2428584098816,-0.026658569,
1175,1574.5855691432953,-0.2789956,
1176,1575.9008910655975,-0.14786166,
1177,1577.2194454669952,-0.12630922,
1178,1578.543058872223,-0.13058546,
1179,1579.8583176136017,-0.19796145,
1180,1581.1767373085022,-0.75473464,
1181,1582.533924818039,-0.19735697,
1182,1583.8506774902344,-0.039779685,
1183,1585.1968505382538,-0.12726219,
1184,1586.5245113372803,-0.3798765,
1185,1587.841697216034,-0.08156328,
1186,1589.1732168197632,-0.21483266,
1187,1590.4952330589294,-0.047789976,
1188,1591.807857990265,-0.06774021,
1189,1593.1241517066956,-0.05910764,
1190,1594.435432434082,-0.25375497,
1191,1595.7748999595642,-0.06986513,
1192,1597.0994019508362,-0.1740299,
1193,1598.421540737152,-0.06579994,
1194,1599.7457604408264,-0.19839148,
1195,1601.0855350494385,-0.105096966,
1196,1602.4014658927917,-0.12150403,
1197,1603.7245812416077,-0.07780964,
1198,1605.0419037342072,-0.24378502,
1199,1606.3538434505463,-0.23724362,
1200,1608.8288457393646,-0.06962672,
1201,1610.139139175415,-0.1411517,
1202,1611.4540581703186,-0.12969841,
1203,1612.7792129516602,-0.13105527,
1204,1614.1055414676666,-0.2123658,
1205,1615.416244506836,-0.036160894,
1206,1616.7680785655975,-0.06265169,
1207,1618.1156089305878,-0.106587745,
1208,1619.46169090271,-0.05077319,
1209,1620.7910923957825,-0.107603215,
1210,1622.1425337791443,-0.15679282,
1211,1623.4680886268616,-0.3531549,
1212,1624.799099445343,-0.09216021,
1213,1626.121654510498,-0.36384654,
1214,1627.4421591758728,-0.15476584,
1215,1628.76314163208,-0.0904628,
1216,1630.0898568630219,-0.10471184,
1217,1631.42165517807,-0.09056587,
1218,1632.781902551651,-0.382676,
1219,1634.1594886779785,-0.21827269,
1220,1635.4979269504547,-0.34701705,
1221,1636.8314349651337,-0.33987606,
1222,1638.176278591156,-0.07474597,
1223,1639.4972343444824,-0.06292355,
1224,1640.824202299118,-0.09027558,
1225,1642.1481666564941,-0.058719814,
1226,1643.4848909378052,-0.18394867,
1227,1644.7936837673187,-0.10070415,
1228,1646.1168420314789,-0.0586277,
1229,1647.4477121829987,-0.043861806,
1230,1648.773777961731,-0.08540588,
1231,1650.104567527771,-0.06961912,
1232,1651.4257550239563,-0.25424963,
1233,1652.7625243663788,-0.13903928,
1234,1654.1227378845215,-0.10011943,
1235,1655.4518234729767,-0.04120923,
1236,1656.7824640274048,-0.12443795,
1237,1658.1112501621246,-0.17740661,
1238,1659.4518320560455,-0.0962161,
1239,1660.7926006317139,-0.525409,
1240,1662.124031305313,-0.15936428,
1241,1663.4442448616028,-0.02029103,
1242,1664.7766606807709,-0.13412622,
1243,1666.11927652359,-0.04993438,
1244,1667.4564414024353,-0.16364597,
1245,1668.78000497818,-0.0412646,
1246,1670.114407300949,-0.015060034,
1247,1671.4520092010498,-0.031165902,
1248,1672.7793970108032,-0.046073377,
1249,1674.113131761551,-0.24075398,
1250,1675.4396686553955,-0.042807225,
1251,1676.7556955814362,-0.2591484,
1252,1678.0866372585297,-0.15408121,
1253,1679.4060683250427,-0.13394918,
1254,1680.7437598705292,-0.103153504,
1255,1682.0692903995514,-0.21609029,
1256,1683.4095497131348,-0.2551676,
1257,1684.7272007465363,-0.13431215,
1258,1686.049640417099,-0.05613258,
1259,1687.3623900413513,-0.04037654,
1260,1688.6710081100464,-0.11575586,
1261,1689.971915960312,-0.09795436,
1262,1691.2897646427155,-0.10565849,
1263,1692.606035232544,-0.2196106,
1264,1693.9265398979187,-0.073798575,
1265,1695.2417895793915,-0.15837198,
1266,1696.573469877243,-0.29676735,
1267,1697.8915326595306,-0.13763574,
1268,1699.1965618133545,-0.120136976,
1269,1700.532166004181,-0.14446831,
1270,1701.885930776596,-0.1719497,
1271,1703.206558227539,-0.11601651,
1272,1704.5306742191315,-0.21369562,
1273,1705.8575003147125,-0.16791573,
1274,1707.1812841892242,-0.15032233,
1275,1708.497418642044,-0.18064332,
1276,1709.822809457779,-0.59723735,
1277,1711.148997783661,-0.20460266,
1278,1712.4877407550812,-0.10341535,
1279,1713.819955587387,-0.09069917,
1280,1715.1645951271057,-0.061278712,
1281,1716.5317764282227,-0.066676475,
1282,1717.862548828125,-0.077481784,
1283,1719.1887624263763,-0.15152296,
1284,1720.5100824832916,-0.052865647,
1285,1721.8411273956299,-0.033356495,
1286,1723.175796031952,-0.031731814,
1287,1724.5047013759613,-0.11428061,
1288,1725.9181039333344,-0.9798474,
1289,1727.290554523468,-0.18670703,
1290,1728.6145000457764,-0.0859633,
1291,1729.9769911766052,-0.22313312,
1292,1731.3253531455994,-0.072651476,
1293,1732.6554543972015,-0.27847064,
1294,1733.9961323738098,-0.05568727,
1295,1735.3257539272308,-0.14803311,
1296,1736.6523883342743,-0.07392893,
1297,1737.9833574295044,-0.13077886,
1298,1739.3547253608704,-0.14195596,
1299,1740.692348241806,-0.17092586,
1300,1743.2099092006683,-0.017014913,
1301,1744.544551372528,-0.16342491,
1302,1745.8865044116974,-0.0875628,
1303,1747.2275743484497,-0.11718291,
1304,1748.560470342636,-0.15596963,
1305,1749.9179322719574,-0.040537216,
1306,1751.247994184494,-0.19784611,
1307,1752.5887339115143,-0.19595186,
1308,1753.9769706726074,-0.16039105,
1309,1755.3084931373596,-0.19553928,
1310,1756.6519014835358,-0.459295,
1311,1757.9876639842987,-0.47077617,
1312,1759.2975752353668,-0.3170276,
1313,1760.6205291748047,-0.16452774,
1314,1761.9261054992676,-0.08494342,
1315,1763.2582802772522,-0.12649663,
1316,1764.577840089798,-0.23205088,
1317,1765.902949333191,-0.16338603,
1318,1767.221474647522,-0.039325297,
1319,1768.6616070270538,-0.071105786,
1320,1770.0145642757416,-0.05122338,
1321,1771.3611116409302,-0.2744087,
1322,1772.6793568134308,-0.058022395,
1323,1773.998013973236,-0.07874277,
1324,1775.3107545375824,-0.07429223,
1325,1776.6314194202423,-0.07273644,
1326,1777.9674062728882,-0.12518975,
1327,1779.2828342914581,-0.108755216,
1328,1780.6146535873413,-0.19865653,
1329,1781.930977344513,-0.03451996,
1330,1783.2581117153168,-0.07618694,
1331,1784.5794773101807,-0.12962133,
1332,1785.9861702919006,-0.12516613,
1333,1787.3632621765137,-0.044362776,
1334,1788.8211205005646,-0.036978077,
1335,1790.2309584617615,-0.31572378,
1336,1791.6226949691772,-0.34763068,
1337,1792.945728302002,-0.2425619,
1338,1794.265743970871,-0.096783035,
1339,1795.5945768356323,-0.050680608,
1340,1796.9285769462585,-0.14398411,
1341,1798.2545762062073,-0.20422977,
1342,1799.5821266174316,-0.030055547,
1343,1800.903029680252,-0.08045226,
1344,1802.2335135936737,-0.17276543,
1345,1803.557644367218,-0.0457102,
1346,1804.894155740738,-0.043400295,
1347,1806.248687028885,-0.03837034,
1348,1807.5760872364044,-0.23608412,
1349,1808.9017913341522,-0.27641955,
1350,1810.2317717075348,-0.008002464,
1351,1811.5567724704742,-0.09640284,
1352,1812.9158999919891,-0.13063662,
1353,1814.2339124679565,-0.050163828,
1354,1815.5458743572235,-0.07276967,
1355,1816.884630203247,-0.093911566,
1356,1818.2093560695648,-0.06056691,
1357,1819.5339186191559,-0.14858472,
1358,1820.8465673923492,-0.11397606,
1359,1822.1633532047272,-0.11067034,
1360,1823.486482143402,-0.626182,
1361,1824.8233573436737,-0.08592092,
1362,1826.1605823040009,-0.10665043,
1363,1827.4854321479797,-0.10153051,
1364,1828.8129980564117,-0.18013324,
1365,1830.1431403160095,-0.03644768,
1366,1831.454454421997,-0.07561148,
1367,1832.7835018634796,-0.21004513,
1368,1834.0933825969696,-0.19142856,
1369,1835.4104232788086,-0.26071534,
1370,1836.7244279384613,-0.2882937,
1371,1838.055418729782,-0.07413382,
1372,1839.37943649292,-0.045042284,
1373,1840.6881794929504,-0.028622704,
1374,1842.0523030757904,-0.104935944,
1375,1843.3812363147736,-0.10673932,
1376,1844.7089700698853,-0.061958235,
1377,1846.027193069458,-0.070220746,
1378,1847.34658908844,-0.43525988,
1379,1848.6872549057007,-0.055258315,
1380,1850.0178804397583,-0.28611633,
1381,1851.3537521362305,-0.11163555,
1382,1852.6815524101257,-0.08851655,
1383,1854.024745941162,-0.035804078,
1384,1855.3467199802399,-0.06124204,
1385,1856.6785778999329,-0.07395238,
1386,1858.0358185768127,-0.054465115,
1387,1859.3704433441162,-0.05200381,
1388,1860.7046163082123,-0.077738896,
1389,1862.020839214325,-0.062374026,
1390,1863.3386130332947,-0.0552499,
1391,1864.6846730709076,-0.090354614,
1392,1866.0356614589691,-0.23755096,
1393,1867.351990222931,-0.046351478,
1394,1868.718867301941,-0.055285156,
1395,1870.0718836784363,-0.34540337,
1396,1871.4227452278137,-0.10417045,
1397,1872.7695944309235,-0.2122997,
1398,1874.08966422081,-0.30418277,
1399,1875.3986599445343,-0.0643191,
1400,1877.9370322227478,-0.010435126,
1401,1879.2617774009705,-0.081057504,
1402,1880.588947057724,-0.13911588,
1403,1881.9226334095001,-0.42213047,
1404,1883.2488973140717,-0.088906795,
1405,1884.5862352848053,-0.48293898,
1406,1885.913579940796,-0.060711093,
1407,1887.2346951961517,-0.12242247,
1408,1888.5592017173767,-0.33830878,
1409,1889.8805198669434,-0.7227258,
1410,1891.2032124996185,-0.07068473,
1411,1892.5309426784515,-0.04427743,
1412,1893.8550109863281,-0.07955232,
1413,1895.1800198554993,-0.82083625,
1414,1896.497963666916,-0.09813736,
1415,1897.829937696457,-0.057594046,
1416,1899.1409261226654,-0.20074971,
1417,1900.4387664794922,-0.029384544,
1418,1901.759278535843,-0.048036247,
1419,1903.0809104442596,-0.13992946,
1420,1904.4340386390686,-0.25245097,
1421,1905.7439658641815,-0.10105603,
1422,1907.0599019527435,-0.23248911,
1423,1908.3897910118103,-0.09156345,
1424,1909.7010061740875,-0.1272416,
1425,1911.0149567127228,-0.1469726,
1426,1912.3474609851837,-0.034728803,
1427,1913.6788058280945,-0.14624292,
1428,1915.0042324066162,-0.063679166,
1429,1916.3349406719208,-0.31641656,
1430,1917.6778526306152,-0.1037832,
1431,1919.0104823112488,-0.14734793,
1432,1920.3364989757538,-0.05707237,
1433,1921.6791360378265,-0.18699682,
1434,1923.0392248630524,-0.12445167,
1435,1924.3935871124268,-0.104792714,
1436,1925.756669998169,-0.2169953,
1437,1927.0775127410889,-0.17667165,
1438,1928.3903622627258,-0.14319596,
1439,1929.7080409526825,-0.114289165,
1440,1931.0374364852905,-0.07752508,
1441,1932.3684549331665,-0.20439711,
1442,1933.7004642486572,-0.1451616,
1443,1935.0229592323303,-0.09093804,
1444,1936.3464913368225,-0.040483132,
1445,1937.6575837135315,-0.062025215,
1446,1938.9835228919983,-0.04675074,
1447,1940.368099451065,-0.17803818,
1448,1941.7792129516602,-0.0071279686,
1449,1943.1394457817078,-0.20981792,
1450,1944.4881405830383,-0.0623031,
1451,1945.8439478874207,-0.058544714,
1452,1947.2306234836578,-0.039552514,
1453,1948.6718969345093,-0.12250544,
1454,1950.0763518810272,-0.14272887,
1455,1951.4782869815826,-0.11405231,
1456,1952.8664162158966,-0.04561989,
1457,1954.2272863388062,-0.083197996,
1458,1955.6693081855774,-0.044089332,
1459,1957.0777292251587,-0.033328064,
1460,1958.453622341156,-0.22954078,
1461,1959.785340309143,-0.06814402,
1462,1961.1147277355194,-0.13480811,
1463,1962.4575500488281,-0.039641485,
1464,1963.804631948471,-0.0966255,
1465,1965.157689332962,-0.042054933,
1466,1966.5055356025696,-0.20508969,
1467,1967.846355676651,-0.037349034,
1468,1969.1855826377869,-0.4229101,
1469,1970.5124516487122,-0.06927219,
1470,1971.8571496009827,-0.057385445,
1471,1973.1905252933502,-0.03820553,
1472,1974.5232961177826,-0.051631477,
1473,1975.858996629715,-0.07547152,
1474,1977.1827688217163,-0.03585755,
1475,1978.51517868042,-0.1213603,
1476,1979.8564224243164,-0.10615376,
1477,1981.215279340744,-0.007990708,
1478,1982.5541191101074,-0.06942454,
1479,1983.895747423172,-0.045752987,
1480,1985.2272613048553,-0.0914182,
1481,1986.5676040649414,-0.16033407,
1482,1987.8946514129639,-0.17128983,
1483,1989.2208387851715,-0.31250072,
1484,1990.6203520298004,-0.2257453,
1485,1991.968885421753,-0.10587993,
1486,1993.3092889785767,-0.094455354,
1487,1994.65163564682,-0.065781556,
1488,1995.999193429947,-0.21833573,
1489,1997.3301618099213,-0.032296497,
1490,1998.6734142303467,-0.030801939,
1491,2000.0219485759735,-0.057150505,
1492,2001.3704569339752,-0.093625285,
1493,2002.7012197971344,-0.046477977,
1494,2004.0280582904816,-0.014952077,
1495,2005.3646755218506,-0.08534469,
1496,2006.704870223999,-0.05997713,
1497,2008.0252776145935,-0.10665237,
1498,2009.3493111133575,-0.20275658,
1499,2010.6917378902435,-0.045480072,
1500,2013.299651145935,-0.16897887,
1501,2014.6422419548035,-0.043364983,
1502,2015.979578256607,-0.119310245,
1503,2017.3045420646667,-0.13667522,
1504,2018.6687769889832,-0.23099443,
1505,2020.0089347362518,-0.08195696,
1506,2021.3481674194336,-0.08387646,
1507,2022.6951851844788,-0.08042267,
1508,2024.0242257118225,-0.03575927,
1509,2025.3547620773315,-0.09206435,
1510,2026.6965200901031,-0.17741254,
1511,2028.0399322509766,-0.1181755,
1512,2029.3775959014893,-0.097521126,
1513,2030.723659992218,-0.31000584,
1514,2032.0629539489746,-0.15917917,
1515,2033.3994407653809,-0.004085664,
1516,2034.7395911216736,-0.33700845,
1517,2036.0859496593475,-0.12403886,
1518,2037.4237759113312,-0.09940116,
1519,2038.7596111297607,-0.10180397,
1520,2040.1046476364136,-0.03005147,
1521,2041.4465775489807,-0.041176636,
1522,2042.7929906845093,-0.09749357,
1523,2044.1295392513275,-0.14512052,
1524,2045.4847567081451,-0.19534585,
1525,2046.8480787277222,-0.10625926,
1526,2048.1920533180237,-0.13949467,
1527,2049.523001909256,-0.16925336,
1528,2050.870274543762,-0.043459225,
1529,2052.211871623993,-0.094738945,
1530,2053.544145822525,-0.18479514,
1531,2054.8932785987854,-0.122358456,
1532,2056.233225107193,-0.04923833,
1533,2057.5780816078186,-0.015778432,
1534,2058.917238712311,-0.09824262,
1535,2060.2523300647736,-0.10623508,
1536,2061.6359412670135,-0.01655182,
1537,2063.0169475078583,-0.081210576,
1538,2064.3520584106445,-0.22980924,
1539,2065.674212694168,-0.219379,
1540,2067.014434337616,-0.071256824,
1541,2068.3440968990326,-0.12552154,
1542,2069.6717941761017,-0.028631482,
1543,2070.9857754707336,-0.07005505,
1544,2072.310973882675,-0.057698898,
1545,2073.6393496990204,-0.015524463,
1546,2074.978187561035,-0.16782466,
1547,2076.318423509598,-0.08742823,
1548,2077.6470251083374,-0.1792592,
1549,2078.99102973938,-0.14995924,
1550,2080.347009897232,-0.04901421,
1551,2081.7663509845734,-0.17883922,
1552,2083.127205848694,-0.21588121,
1553,2084.517600297928,-0.025252623,
1554,2085.851926088333,-0.09301596,
1555,2087.1877677440643,-0.122287184,
1556,2088.506526708603,-0.1000646,
1557,2089.820749282837,-0.06053841,
1558,2091.140392065048,-0.17934006,
1559,2092.478523015976,-0.2218344,
1560,2093.8027544021606,-0.044703055,
1561,2095.138641357422,-0.1560889,
1562,2096.4630246162415,-0.12726411,
1563,2097.779229402542,-0.21750405,
1564,2099.1538410186768,-0.2097553,
1565,2100.4939601421356,-0.21889646,
1566,2101.8446884155273,-0.12163249,
1567,2103.1958227157593,-0.051110633,
1568,2104.5337908267975,-0.030223224,
1569,2105.893056154251,-0.11034498,
1570,2107.2549855709076,-0.1082429,
1571,2108.612481355667,-0.046970673,
1572,2109.957667350769,-0.11603532,
1573,2111.305099964142,-0.071113564,
1574,2112.6682851314545,-0.025595661,
1575,2114.013152360916,-0.1357902,
1576,2115.380478143692,-0.09809777,
1577,2116.7373378276825,-0.10707942,
1578,2118.1513426303864,-0.08944772,
1579,2119.512864589691,-0.065143004,
1580,2120.862475156784,-0.3099791,
1581,2122.221402645111,-0.066684365,
1582,2123.5742938518524,-0.14958152,
1583,2124.9444403648376,-0.26055685,
1584,2126.285559654236,-0.40433854,
1585,2127.647316932678,-0.12272285,
1586,2129.008465528488,-0.26930603,
1587,2130.3669838905334,-0.047033705,
1588,2131.7194015979767,-0.028661517,
1589,2133.0916385650635,-0.08090136,
1590,2134.440595626831,-0.13869758,
1591,2135.800357103348,-0.059708416,
1592,2137.149223089218,-0.04646009,
1593,2138.4983880519867,-0.048343245,
1594,2139.8156876564026,-0.028489739,
1595,2141.1432156562805,-0.27140927,
1596,2142.481484889984,-0.04146897,
1597,2143.8151938915253,-0.086013034,
1598,2145.1555964946747,-0.106870465,
1599,2146.5389568805695,-0.23423661,
1600,2149.111717939377,-0.04821652,
1601,2150.4412722587585,-0.18033734,
1602,2151.7914221286774,-0.123883724,
1603,2153.1293029785156,-0.11418934,
1604,2154.511573791504,-0.23428982,
1605,2155.8586151599884,-0.09003481,
1606,2157.2056229114532,-0.07548454,
1607,2158.5527584552765,-0.09715225,
1608,2159.910215854645,-0.08170139,
1609,2161.253659248352,-0.0488873,
1610,2162.607024669647,-0.029067641,
1611,2163.9567165374756,-0.087266505,
1612,2165.3159532546997,-0.12021893,
1613,2166.660252094269,-0.46627614,
1614,2168.0055391788483,-0.26613826,
1615,2169.3518557548523,-0.24768198,
1616,2170.7013914585114,-0.030277226,
1617,2172.0502557754517,-0.15708746,
1618,2173.3877606391907,-0.0029165247,
1619,2174.719293117523,-0.06545122,
1620,2176.0552208423615,-0.0950048,
1621,2177.4180641174316,-0.40786213,
1622,2178.7475945949554,-0.23906572,
1623,2180.1877477169037,-0.036412895,
1624,2181.5306103229523,-0.13495283,
1625,2182.9536743164062,-0.24277356,
1626,2184.270757675171,-0.09533434,
1627,2185.5997507572174,-0.133515,
1628,2186.9371185302734,-0.045401715,
1629,2188.26917386055,-0.010042933,
1630,2189.642716407776,-0.039849605,
1631,2190.9822449684143,-0.073763356,
1632,2192.324388742447,-0.017899496,
1633,2193.6610181331635,-0.21212266,
1634,2194.9876806735992,-0.049116213,
1635,2196.320536136627,-0.093893826,
1636,2197.6774530410767,-0.15640023,
1637,2199.0144929885864,-0.023504782,
1638,2200.358169555664,-0.088896,
1639,2201.6889016628265,-0.009355999,
1640,2203.036338329315,-0.020841252,
1641,2204.3928327560425,-0.030460833,
1642,2205.747397184372,-0.090714425,
1643,2207.11847949028,-0.09247876,
1644,2208.469076156616,-0.03685697,
1645,2209.8079130649567,-0.049247693,
1646,2211.1540722846985,-0.08019702,
1647,2212.503902196884,-0.15305316,
1648,2213.859417438507,-0.10817741,
1649,2215.184709072113,-0.05521383,
1650,2216.512767791748,-0.022901123,
1651,2217.8434460163116,-0.1260313,
1652,2219.168421268463,-0.0469295,
1653,2220.5004892349243,-0.10166386,
1654,2221.8254170417786,-0.11498056,
1655,2223.14320063591,-0.2123141,
1656,2224.4614605903625,-0.19460148,
1657,2225.7859127521515,-0.11193737,
1658,2227.1061975955963,-0.10867965,
1659,2228.424829483032,-0.053737655,
1660,2229.756089925766,-0.0541227,
1661,2231.1005754470825,-0.07125397,
1662,2232.4398107528687,-0.16538952,
1663,2233.7706303596497,-0.15324035,
1664,2235.1071257591248,-0.060096946,
1665,2236.4572615623474,-0.12659524,
1666,2237.8028473854065,-0.19167782,
1667,2239.1476895809174,-0.16597939,
1668,2240.48028755188,-0.14110684,
1669,2241.8252115249634,-0.1709437,
1670,2243.1607298851013,-0.00931532,
1671,2244.5016345977783,-0.06449348,
1672,2245.8520634174347,-0.33545756,
1673,2247.1942014694214,-0.082683556,
1674,2248.523731946945,-0.101396605,
1675,2249.8691062927246,-0.14722514,
1676,2251.2163293361664,-0.12559612,
1677,2252.555848836899,-0.207198,
1678,2253.878981590271,-0.20940441,
1679,2255.2057571411133,-0.15237078,
1680,2256.5378222465515,-0.25773567,
1681,2257.876829147339,-0.017666684,
1682,2259.277101755142,-0.121674925,
1683,2260.608865737915,-0.07172078,
1684,2261.934019804001,-0.040247962,
1685,2263.2613186836243,-0.32902253,
1686,2264.587631702423,-0.030235605,
1687,2265.918862104416,-0.39929214,
1688,2267.2544527053833,-0.12073189,
1689,2268.612879514694,-0.07642342,
1690,2269.9478480815887,-0.08348811,
1691,2271.2796890735626,-0.13364872,
1692,2272.610303401947,-0.03479757,
1693,2273.952893972397,-0.0965386,
1694,2275.289622068405,-0.1598249,
1695,2276.6362953186035,-0.1337187,
1696,2277.967962026596,-0.03174686,
1697,2279.3466789722443,-0.020608436,
1698,2280.707409620285,-0.07769894,
1699,2282.0650708675385,-0.24430552,
1700,2284.585478782654,-0.19185942,
1701,2285.9255135059357,-0.09733644,
1702,2287.2698123455048,-0.020298682,
1703,2288.614506006241,-0.097150855,
1704,2289.9634528160095,-0.1625946,
1705,2291.314432621002,-0.03556652,
1706,2292.667857646942,-0.13400798,
1707,2294.0063650608063,-0.058521725,
1708,2295.3490903377533,-0.06370128,
1709,2296.705304145813,-0.06476479,
1710,2298.045287132263,-0.17954601,
1711,2299.38121008873,-0.099995345,
1712,2300.715010881424,-0.16401093,
1713,2302.048336982727,-0.21801248,
1714,2303.397414445877,-0.24318416,
1715,2304.7252657413483,-0.0429161,
1716,2306.061402320862,-0.08626417,
1717,2307.395760536194,-0.08935489,
1718,2308.7286126613617,-0.0420563,
1719,2310.052746295929,-0.026136538,
1720,2311.394005537033,-0.03528962,
1721,2312.7395339012146,-0.40293512,
1722,2314.0828199386597,-0.11373817,
1723,2315.4164040088654,-0.11927536,
1724,2316.753027677536,-0.08203536,
1725,2318.120596408844,-0.10157001,
1726,2319.4851973056793,-0.11920395,
1727,2320.8452746868134,-0.080009356,
1728,2322.2008323669434,-0.016877191,
1729,2323.537701845169,-0.15342893,
1730,2324.897592306137,-0.018586408,
1731,2326.2645466327667,-0.14143887,
1732,2327.63623046875,-0.11999838,
1733,2328.9653141498566,-0.014245421,
1734,2330.3174703121185,-0.045657165,
1735,2331.6600341796875,-0.085866116,
1736,2333.0328738689423,-0.051359676,
1737,2334.414558172226,-0.24017036,
1738,2335.732058763504,-0.11368475,
1739,2337.044270992279,-0.28638586,
1740,2338.3757479190826,-0.04819858,
1741,2339.7035286426544,-0.18022801,
1742,2341.0194897651672,-0.029781636,
1743,2342.3294739723206,-0.13617785,
1744,2343.662831068039,-0.014912707,
1745,2344.9848868846893,-0.04247871,
1746,2346.3167912960052,-0.06098678,
1747,2347.6334013938904,-0.13065004,
1748,2348.9429614543915,-0.36892736,
1749,2350.2519505023956,-0.046601504,
1750,2351.575432538986,-0.08213386,
1751,2352.8975336551666,-2.552505,
1752,2354.2184183597565,-0.2110858,
1753,2355.5398614406586,-0.09911285,
1754,2356.8541553020477,-0.067204215,
1755,2358.1620066165924,-0.023327552,
1756,2359.502743244171,-0.10186859,
1757,2360.824895143509,-0.15344474,
1758,2362.1454713344574,-0.12328729,
1759,2363.45578789711,-0.072102174,
1760,2364.779134750366,-0.09829918,
1761,2366.099903345108,-0.048639134,
1762,2367.4158868789673,-0.04893843,
1763,2368.742797613144,-0.09541401,
1764,2370.0857553482056,-0.20624757,
1765,2371.4408724308014,-0.17912656,
1766,2372.775145292282,-0.29665986,
1767,2374.0939314365387,-0.030181125,
1768,2375.4195024967194,-0.03708967,
1769,2376.7525935173035,-0.1071642,
1770,2378.075851202011,-0.21596488,
1771,2379.390285015106,-0.09199342,
1772,2380.698489189148,-0.036745742,
1773,2382.047030687332,-0.095377855,
1774,2383.359448194504,-0.0106638735,
1775,2384.7042989730835,-0.048641454,
1776,2386.0249993801117,-0.037327804,
1777,2387.3690276145935,-0.13463531,
1778,2388.6890625953674,-0.030283244,
1779,2390.0135362148285,-0.15983558,
1780,2391.3436636924744,-0.09105055,
1781,2392.669501066208,-0.093100674,
1782,2394.004904985428,-0.35814252,
1783,2395.3437106609344,-0.03550386,
1784,2396.677947282791,-0.052250654,
1785,2397.99467754364,-0.06241943,
1786,2399.3179166316986,-0.043366604,
1787,2400.671299934387,-0.03023547,
1788,2401.9969387054443,-0.09898223,
1789,2403.3300280570984,-0.043064196,
1790,2404.637443304062,-0.18212625,
1791,2406.0304760932922,-0.013027293,
1792,2407.356791496277,-0.17960563,
1793,2408.668519258499,-0.11283411,
1794,2409.9718375205994,-0.10681555,
1795,2411.293536424637,-0.06220038,
1796,2412.609052658081,-0.029882126,
1797,2413.936936378479,-0.07991803,
1798,2415.261847257614,-0.16444437,
1799,2416.583059310913,-0.04294265,
1800,2419.0681476593018,-0.060000703,
1801,2420.3919866085052,-0.03005616,
1802,2421.713067293167,-0.18267713,
1803,2423.032176733017,-0.21915886,
1804,2424.3499257564545,-0.31041256,
1805,2425.7004239559174,-0.21783434,
1806,2427.0259754657745,-0.1665088,
1807,2428.3366022109985,-0.45702475,
1808,2429.6575627326965,-0.05545701,
1809,2430.99355840683,-0.1878963,
1810,2432.312922477722,-0.10143985,
1811,2433.6222405433655,-0.070769675,
1812,2434.9744913578033,-0.1934906,
1813,2436.2989671230316,-0.07729338,
1814,2437.6333887577057,-0.14415272,
1815,2438.958158493042,-0.055630647,
1816,2440.291957616806,-0.21864977,
1817,2441.6566627025604,-0.035027623,
1818,2442.965785741806,-0.029880553,
1819,2444.2751376628876,-0.07144776,
1820,2445.587920188904,-0.11363511,
1821,2446.9071896076202,-0.034790628,
1822,2448.2250566482544,-0.14582506,
1823,2449.5412006378174,-0.13462923,
1824,2450.8561432361603,-0.291138,
1825,2452.1724891662598,-0.0940329,
1826,2453.486956357956,-0.3177865,
1827,2454.799294948578,-0.15043688,
1828,2456.124614238739,-0.21593139,
1829,2457.445178747177,-0.14713447,
1830,2458.7815375328064,-0.13716725,
1831,2460.1000146865845,-0.035436478,
1832,2461.41645860672,-0.18323234,
1833,2462.765130996704,-0.07065955,
1834,2464.098062515259,-0.053465016,
1835,2465.4166939258575,-0.08079118,
1836,2466.7471499443054,-0.07629512,
1837,2468.062386751175,-0.16776371,
1838,2469.407477617264,-0.13128962,
1839,2470.722948551178,-0.061942033,
1840,2472.0487084388733,-0.03763117,
1841,2473.3762741088867,-0.102988735,
1842,2474.708357810974,-0.15064204,
1843,2476.0324263572693,-0.14083527,
1844,2477.354949951172,-0.038297053,
1845,2478.6734182834625,-0.118608736,
1846,2480.0054438114166,-0.07750426,
1847,2481.3261358737946,-0.18791659,
1848,2482.660171985626,-0.060454804,
1849,2483.999869823456,-0.01079433,
1850,2485.3272252082825,-0.06217225,
1851,2486.66677570343,-0.06700846,
1852,2487.9918608665466,-0.14754263,
1853,2489.325343132019,-0.11046997,
1854,2490.665533065796,-0.18706521,
1855,2491.9857211112976,-0.12832582,
1856,2493.3148143291473,-0.043529704,
1857,2494.6472141742706,-0.20558472,
1858,2495.967521429062,-0.21385679,
1859,2497.2868435382843,-0.11264024,
1860,2498.6394011974335,-0.068014555,
1861,2499.9955081939697,-0.034449328,
1862,2501.331941843033,-0.096784994,
1863,2502.6508650779724,-0.19146828,
1864,2503.964463710785,-0.01797294,
1865,2505.2703986167908,-0.055260636,
1866,2506.6014335155487,-0.26856017,
1867,2507.9269342422485,-0.07791145,
1868,2509.2708168029785,-0.10150735,
1869,2510.6028819084167,-0.07491127,
1870,2511.9337949752808,-0.05251892,
1871,2513.2571868896484,-0.087588675,
1872,2514.579181432724,-0.13875628,
1873,2515.897490501404,-0.10601986,
1874,2517.2113857269287,-0.10007775,
1875,2518.551449775696,-0.03303429,
1876,2519.870682477951,-0.113940805,
1877,2521.1950390338898,-0.08044587,
1878,2522.5260858535767,-0.04612975,
1879,2523.8507347106934,-0.114711314,
1880,2525.1984524726868,-0.22628602,
1881,2526.5213012695312,-0.11856687,
1882,2527.8314356803894,-0.18969153,
1883,2529.1344685554504,-0.089835785,
1884,2530.445834875107,-0.4229997,
1885,2531.82302069664,-0.12357529,
1886,2533.1973490715027,-0.042597935,
1887,2534.559306383133,-0.15984869,
1888,2535.9769241809845,-0.11046219,
1889,2537.371366739273,-0.4110782,
1890,2538.693141937256,-0.032816567,
1891,2540.0064244270325,-0.3305821,
1892,2541.3222045898438,-0.3819691,
1893,2542.652359008789,-0.63670826,
1894,2543.980938911438,-0.27270368,
1895,2545.3032252788544,-0.2358042,
1896,2546.615564107895,-0.17647098,
1897,2547.9288930892944,-0.43629277,
1898,2549.2526528835297,-0.13748865,
1899,2550.5795669555664,-0.18447244,
1900,2553.075525999069,-0.06496324,
1901,2554.406913995743,-0.035351414,
1902,2555.7354781627655,-0.14724666,
1903,2557.0721917152405,-0.05596982,
1904,2558.400637149811,-0.24769962,
1905,2559.7227835655212,-0.09522032,
1906,2561.044774532318,-0.021555068,
1907,2562.3565826416016,-0.047147345,
1908,2563.6940784454346,-0.12434933,
1909,2565.0318269729614,-0.13473925,
1910,2566.3508179187775,-0.1672099,
1911,2567.664270877838,-0.29462612,
1912,2568.9842324256897,-0.1453048,
1913,2570.302392721176,-0.1277636,
1914,2571.6336131095886,-0.122312635,
1915,2572.9559996128082,-0.26556268,
1916,2574.2812016010284,-0.33711934,
1917,2575.6208481788635,-0.21399696,
1918,2576.9365515708923,-0.07330603,
1919,2578.2462935447693,-0.10994386,
1920,2579.559406042099,-0.11085574,
1921,2580.8874287605286,-0.16642974,
1922,2582.215696811676,-0.023595415,
1923,2583.537460565567,-0.15836136,
1924,2584.8678941726685,-0.036076292,
1925,2586.194229364395,-0.09852701,
1926,2587.5313489437103,-0.04630005,
1927,2588.8685190677643,-0.2117443,
1928,2590.1985018253326,-0.20068698,
1929,2591.5269708633423,-0.02725101,
1930,2592.851512670517,-0.051221523,
1931,2594.1779754161835,-0.06570785,
1932,2595.510226249695,-0.1743664,
1933,2596.8202500343323,-0.09564962,
1934,2598.1384966373444,-0.23188242,
1935,2599.4538559913635,-0.08726837,
1936,2600.7693572044373,-0.023460794,
1937,2602.0844542980194,-0.052553177,
1938,2603.4159088134766,-0.017737232,
1939,2604.73220539093,-0.12465227,
1940,2606.057822704315,-0.02006183,
1941,2607.3656532764435,-0.07889077,
1942,2608.69930434227,-0.18989317,
1943,2610.0229902267456,-0.1085408,
1944,2611.340094089508,-0.057869207,
1945,2612.6954548358917,-0.08937029,
1946,2614.0215463638306,-0.06737372,
1947,2615.3458349704742,-0.07531214,
1948,2616.6726977825165,-0.40513182,
1949,2618.0179698467255,-0.8978409,
1950,2619.3934223651886,-0.03862875,
1951,2620.729291200638,-0.038250342,
1952,2622.0504336357117,-0.15748228,
1953,2623.3836891651154,-0.09826061,
1954,2624.717038631439,-0.04792831,
1955,2626.037214040756,-0.055953033,
1956,2627.3680398464203,-0.102155656,
1957,2628.70601272583,-0.05956058,
1958,2630.0469357967377,-0.104492456,
1959,2631.387753725052,-0.06922266,
1960,2632.746448278427,-0.36214375,
1961,2634.0981905460358,-0.0041405563,
1962,2635.4202699661255,-0.141327,
1963,2636.7299993038177,-0.10662262,
1964,2638.033232688904,-0.045005783,
1965,2639.3498950004578,-0.10525786,
1966,2640.662356853485,-0.04834992,
1967,2641.971583366394,-0.065409616,
1968,2643.2842321395874,-0.10101251,
1969,2644.599651813507,-0.16071294,
1970,2645.96790933609,-0.027483638,
1971,2647.3745057582855,-0.01774387,
1972,2648.7317266464233,-0.084336296,
1973,2650.0655891895294,-0.033253178,
1974,2651.3954861164093,-0.07979317,
1975,2652.724629878998,-0.03623282,
1976,2654.0629222393036,-0.07971937,
1977,2655.38506937027,-0.035114616,
1978,2656.7482855319977,-0.17868476,
1979,2658.0972690582275,-0.030677002,
1980,2659.4459846019745,-0.08988694,
1981,2660.8075799942017,-0.31002474,
1982,2662.151924133301,-0.015433389,
1983,2663.499583721161,-0.07189859,
1984,2664.864901781082,-0.09075759,
1985,2666.202222108841,-0.060529843,
1986,2667.534380197525,-0.42446956,
1987,2668.8526649475098,-0.1650864,
1988,2670.1705210208893,-0.028844677,
1989,2671.49764919281,-0.13851714,
1990,2672.805068731308,-0.024467312,
1991,2674.128200531006,-0.026880741,
1992,2675.459460735321,-0.06813145,
1993,2676.7830789089203,-0.09019646,
1994,2678.1113588809967,-0.044130497,
1995,2679.4389843940735,-0.1677467,
1996,2680.7557878494263,-0.013400713,
1997,2682.081366300583,-0.052237287,
1998,2683.4025003910065,-0.06484348,
1999,2684.714334011078,-0.062237028,
2000,2687.1704206466675,-0.052332908,
2001,2688.4945800304413,-0.09477651,
2002,2689.823659658432,-0.07607891,
2003,2691.1412346363068,-0.04862788,
2004,2692.4502115249634,-0.16090037,
2005,2693.7915489673615,-0.058329407,
2006,2695.1185681819916,-0.19135569,
2007,2696.439686536789,-0.01139379,
2008,2697.765268087387,-0.040807024,
2009,2699.089945077896,-0.1852529,
2010,2700.492784023285,-0.112803176,
2011,2701.8603138923645,-0.10169008,
2012,2703.293699026108,-0.07992791,
2013,2704.628511428833,-0.08576474,
2014,2705.9552278518677,-0.030502364,
2015,2707.2652802467346,-0.20615017,
2016,2708.61235499382,-0.2355944,
2017,2709.978409767151,-0.1922767,
2018,2711.318748474121,-0.018498456,
2019,2712.6903128623962,-0.13261172,
2020,2714.0145330429077,-0.064268686,
2021,2715.3272597789764,-0.19233494,
2022,2716.658268213272,-0.03310034,
2023,2717.980240345001,-0.25589857,
2024,2719.3145718574524,-0.050153278,
2025,2720.6552596092224,-0.18901545,
2026,2721.989812374115,-0.053362038,
2027,2723.296688079834,-0.16519716,
2028,2724.616687774658,-0.08157491,
2029,2725.929930448532,-0.14187542,
2030,2727.253737926483,-0.036921117,
2031,2728.564032793045,-0.041686114,
2032,2729.896111011505,-0.06708165,
2033,2731.2274174690247,-0.12115135,
2034,2732.5529017448425,-0.027422847,
2035,2733.8784925937653,-0.03442758,
2036,2735.237302303314,-0.058366705,
2037,2736.5912992954254,-0.058203477,
2038,2737.9718470573425,-0.066289,
2039,2739.3044016361237,-0.055445682,
2040,2740.649112701416,-0.08373567,
2041,2741.97749209404,-0.12078866,
2042,2743.3072307109833,-0.0346219,
2043,2744.6391549110413,-0.053482138,
2044,2745.973031282425,-0.042944428,
2045,2747.312727689743,-0.046061695,
2046,2748.6305544376373,-0.042009536,
2047,2749.957305431366,-0.11602298,
2048,2751.2780981063843,-0.072194576,
2049,2752.597264289856,-0.16392511,
2050,2753.922211408615,-0.07628091,
2051,2755.2383189201355,-0.23601294,
2052,2756.563677549362,-0.1279496,
2053,2757.887715101242,-0.011837367,
2054,2759.2251856327057,-0.070023395,
2055,2760.559600353241,-0.16489282,
2056,2761.9194757938385,-0.092603706,
2057,2763.2495198249817,-0.10956642,
2058,2764.5818231105804,-0.102227286,
2059,2765.916739463806,-0.11974193,
2060,2767.2400596141815,-0.10726156,
2061,2768.5620143413544,-0.09401051,
2062,2769.876412153244,-0.030042844,
2063,2771.1993124485016,-0.12370185,
2064,2772.5328390598297,-0.030728031,
2065,2773.853575229645,-0.08624509,
2066,2775.1777799129486,-0.02694153,
2067,2776.4848489761353,-0.037763238,
2068,2777.835494995117,-0.22551635,
2069,2779.175107240677,-0.1256549,
2070,2780.492165327072,-0.50445527,
2071,2781.808915376663,-0.106708325,
2072,2783.192371606827,-0.07653005,
2073,2784.555182695389,-0.16272706,
2074,2785.915778160095,-0.033546492,
2075,2787.276177406311,-0.07277806,
2076,2788.64843583107,-0.105572924,
2077,2790.0105175971985,-0.043359164,
2078,2791.341524362564,-0.079481974,
2079,2792.667450428009,-0.05082024,
2080,2794.00434756279,-0.1540544,
2081,2795.3195054531097,-0.040541425,
2082,2796.628659248352,-0.012824833,
2083,2797.945555448532,-0.020425515,
2084,2799.2782702445984,-0.047107905,
2085,2800.621438741684,-0.078539364,
2086,2801.9438157081604,-0.1916266,
2087,2803.2621459960938,-0.06743938,
2088,2804.5775487422943,-0.030475352,
2089,2805.9157140254974,-0.058371466,
2090,2807.2425365448,-0.5457584,
2091,2808.556582212448,-0.026571674,
2092,2809.878211259842,-0.026479997,
2093,2811.2007462978363,-0.16250516,
2094,2812.540109872818,-0.11589757,
2095,2813.863475561142,-0.050358888,
2096,2815.191164493561,-0.041850176,
2097,2816.5189414024353,-0.15496466,
2098,2817.846850633621,-0.16266754,
2099,2819.1672027111053,-0.062162306,
2100,2821.6595685482025,-0.028461624,
2101,2823.0411138534546,-0.026831364,
2102,2824.404078722,-0.15479499,
2103,2825.7383394241333,-0.01710385,
2104,2827.074434518814,-0.024407666,
2105,2828.3875472545624,-0.1088078,
2106,2829.7091810703278,-0.051250797,
2107,2831.03923869133,-0.36464658,
2108,2832.3863518238068,-0.17872936,
2109,2833.710567712784,-0.005167905,
2110,2835.0453810691833,-0.060248435,
2111,2836.3796894550323,-0.02746908,
2112,2837.6913232803345,-0.28982225,
2113,2839.0056908130646,-0.10230793,
2114,2840.3376009464264,-0.34947553,
2115,2841.652640581131,-0.055470698,
2116,2842.985511302948,-0.159913,
2117,2844.3056020736694,-0.057399254,
2118,2845.612143278122,-0.028111465,
2119,2846.9559242725372,-0.23846604,
2120,2848.2845356464386,-0.14520428,
2121,2849.599742412567,-0.051135696,
2122,2850.902892112732,-0.042233177,
2123,2852.212276697159,-0.061745528,
2124,2853.5294919013977,-0.1427589,
2125,2854.8650300502777,-0.20915717,
2126,2856.1847858428955,-0.092657976,
2127,2857.5426638126373,-0.10396449,
2128,2858.871370792389,-0.29694545,
2129,2860.1828620433807,-0.028479563,
2130,2861.5004069805145,-0.13823685,
2131,2862.8392333984375,-0.2812827,
2132,2864.1694073677063,-0.09743841,
2133,2865.508664369583,-0.3044939,
2134,2866.832499265671,-0.13546586,
2135,2868.175882101059,-0.060137063,
2136,2869.495922803879,-0.10674237,
2137,2870.829433441162,-0.5916914,
2138,2872.157167196274,-0.096977964,
2139,2873.484499692917,-0.078934394,
2140,2874.799234867096,-0.12792574,
2141,2876.1540970802307,-0.023373276,
2142,2877.4931666851044,-0.057538807,
2143,2878.811394929886,-0.021036854,
2144,2880.121842622757,-0.07461284,
2145,2881.443524837494,-0.013309119,
2146,2882.763995885849,-0.07935665,
2147,2884.0740864276886,-0.12746476,
2148,2885.384866476059,-0.052122865,
2149,2886.736239671707,-0.060576685,
2150,2888.065011739731,-0.14430743,
2151,2889.381366968155,-0.025322918,
2152,2890.689570426941,-0.14325231,
2153,2892.0151855945587,-0.34853858,
2154,2893.320207595825,-0.07638613,
2155,2894.6359474658966,-0.047563687,
2156,2895.954438686371,-0.21988045,
2157,2897.2853372097015,-0.04637153,
2158,2898.6024787425995,-0.7471531,
2159,2899.91543841362,-0.14503454,
2160,2901.2267274856567,-0.5612354,
2161,2902.554128408432,-0.3606319,
2162,2903.8882269859314,-0.54990906,
2163,2905.206354379654,-0.6015631,
2164,2906.5203018188477,-0.10568471,
2165,2907.8441078662872,-0.10988025,
2166,2909.1702938079834,-0.33323908,
2167,2910.5117144584656,-0.036835637,
2168,2911.8504605293274,-0.14705661,
2169,2913.179435968399,-0.09579084,
2170,2914.5016667842865,-0.46467194,
2171,2915.8265743255615,-0.31249297,
2172,2917.1503505706787,-0.2487222,
2173,2918.479344367981,-0.14733051,
2174,2919.8000786304474,-0.6234616,
2175,2921.13627409935,-0.042473808,
2176,2922.4558115005493,-0.25545862,
2177,2923.772243499756,-0.010951713,
2178,2925.1080899238586,-0.050568484,
2179,2926.4165937900543,-0.06908495,
2180,2927.728928565979,-0.25580636,
2181,2929.0439496040344,-0.07510297,
2182,2930.366673707962,-0.060786255,
2183,2931.6788082122803,-0.034426153,
2184,2932.992728948593,-0.010114982,
2185,2934.3124067783356,-0.06817563,
2186,2935.6277117729187,-0.15450093,
2187,2936.9476330280304,-0.31493902,
2188,2938.259817838669,-0.072292134,
2189,2939.5767045021057,-0.009729267,
2190,2940.9132130146027,-0.09971717,
2191,2942.272624015808,-0.10739422,
2192,2943.6252801418304,-0.060837645,
2193,2944.986069202423,-0.13695915,
2194,2946.307311296463,-0.16098501,
2195,2947.6406264305115,-0.6012013,
2196,2948.9625985622406,-0.060438145,
2197,2950.2697274684906,-0.17538252,
2198,2951.615838766098,-0.033995986,
2199,2952.956100463867,-0.18566194,
2200,2955.385653734207,-0.05758139,
2201,2956.7368466854095,-0.022243911,
2202,2958.06249833107,-0.082373254,
2203,2959.378319978714,-0.059068147,
2204,2960.6872639656067,-0.19786465,
2205,2962.0166590213776,-0.04858786,
2206,2963.3471472263336,-0.25378323,
2207,2964.6706104278564,-0.07843789,
2208,2965.9732749462128,-0.12601268,
2209,2967.2819612026215,-0.106263116,
2210,2968.5913891792297,-0.16517536,
2211,2969.895193338394,-0.05650907,
2212,2971.215180158615,-0.11532551,
2213,2972.53719162941,-0.11845454,
2214,2973.86243724823,-0.17425497,
2215,2975.1734099388123,-0.49904165,
2216,2976.489979505539,-0.14899477,
2217,2977.8055369853973,-0.13491012,
2218,2979.1119105815887,-0.24701077,
2219,2980.4271206855774,-0.049798068,
2220,2981.759328842163,-0.26168412,
2221,2983.098247528076,-0.048681937,
2222,2984.4234182834625,-0.6007861,
2223,2985.7372987270355,-0.18861435,
2224,2987.061665058136,-0.14513025,
2225,2988.39568901062,-0.09295716,
2226,2989.7102251052856,-0.06940216,
2227,2991.0141537189484,-0.092984475,
2228,2992.3438999652863,-0.09186973,
2229,2993.6692020893097,-0.12495193,
2230,2994.9856674671173,-0.12000254,
2231,2996.294817209244,-0.070099086,
2232,2997.6032021045685,-0.095826775,
2233,2998.9197981357574,-0.044442818,
2234,3000.2418048381805,-0.1199022,
2235,3001.563351869583,-0.058074564,
2236,3002.8910636901855,-0.0536204,
2237,3004.2372386455536,-0.1026675,
2238,3005.5710294246674,-0.07832103,
2239,3006.8798956871033,-0.20139776,
2240,3008.186784029007,-0.09476699,
2241,3009.4968535900116,-0.034488156,
2242,3010.8078937530518,-0.06029728,
2243,3012.1139826774597,-0.048710253,
2244,3013.435111761093,-0.06368106,
2245,3014.7566816806793,-0.14888865,
2246,3016.0890090465546,-0.010406946,
2247,3017.3986790180206,-0.011746734,
2248,3018.7200136184692,-0.093701065,
2249,3020.047491788864,-0.027594786,
2250,3021.3592813014984,-0.05507764,
2251,3022.6921837329865,-0.056829117,
2252,3024.0078864097595,-0.014047201,
2253,3025.323586463928,-0.08986887,
2254,3026.640142917633,-0.068541124,
2255,3027.9565823078156,-0.10071807,
2256,3029.2643213272095,-0.40286013,
2257,3030.581439971924,-0.47278047,
2258,3031.919506072998,-0.14828658,
2259,3033.2792410850525,-0.34598106,
2260,3034.6308579444885,-0.0996895,
2261,3035.951359272003,-0.56689084,
2262,3037.266919851303,-0.6641226,
2263,3038.5858042240143,-0.15277942,
2264,3039.892133951187,-0.035634376,
2265,3041.222247362137,-0.2839551,
2266,3042.546023607254,-0.057942998,
2267,3043.8742134571075,-0.8097054,
2268,3045.1827805042267,-0.067857794,
2269,3046.504576921463,-0.10007713,
2270,3047.840626478195,-0.2854533,
2271,3049.158226966858,-0.029651757,
2272,3050.5062885284424,-0.13088588,
2273,3051.8269238471985,-0.12426483,
2274,3053.1406145095825,-0.345272,
2275,3054.459415435791,-0.11536049,
2276,3055.7680892944336,-0.116600834,
2277,3057.1000275611877,-0.0707987,
2278,3058.424171447754,-0.17849357,
2279,3059.742005109787,-0.24043927,
2280,3061.0377333164215,-0.13844755,
2281,3062.348454475403,-1.7001097,
2282,3063.6614367961884,-0.08304356,
2283,3064.985624551773,-0.082427025,
2284,3066.3225252628326,-0.03601267,
2285,3067.6657495498657,-0.11315834,
2286,3068.977148294449,-0.24858934,
2287,3070.3015105724335,-0.09014493,
2288,3071.609339237213,-0.32854548,
2289,3072.9182562828064,-0.13591696,
2290,3074.2338757514954,-0.09381029,
2291,3075.559437274933,-0.06885394,
2292,3076.8746435642242,-0.11488512,
2293,3078.1883323192596,-0.15957427,
2294,3079.505322933197,-0.11543384,
2295,3080.821301460266,-0.024813544,
2296,3082.1260924339294,-0.2475677,
2297,3083.4555480480194,-0.112387665,
2298,3084.7855229377747,-0.19365013,
2299,3086.1229481697083,-0.09966434,
2300,3088.5672578811646,-0.14062487,
2301,3089.880244255066,-0.2192898,
2302,3091.2194044589996,-0.0842496,
2303,3092.552741289139,-0.110156976,
2304,3093.880278110504,-0.17441708,
2305,3095.202480316162,-0.042076156,
2306,3096.539011001587,-0.06522206,
2307,3097.846686601639,-0.09173248,
2308,3099.168895483017,-0.064424545,
2309,3100.4958527088165,-0.06955785,
2310,3101.818610906601,-0.115380995,
2311,3103.130796432495,-0.1286083,
2312,3104.552736759186,-0.03440962,
2313,3105.942641735077,-0.0160943,
2314,3107.3119580745697,-0.03926115,
2315,3108.633285045624,-0.18356672,
2316,3109.939483642578,-0.03387158,
2317,3111.244936943054,-0.06820874,
2318,3112.578864336014,-0.21702588,
2319,3113.9342987537384,-0.17205523,
2320,3115.248379468918,-0.017846063,
2321,3116.5779666900635,-0.03583601,
2322,3117.9242429733276,-0.06788132,
2323,3119.2509801387787,-0.06257261,
2324,3120.5689656734467,-0.1495428,
2325,3121.897683620453,-0.054181907,
2326,3123.227591276169,-0.07250527,
2327,3124.568915605545,-0.08319445,
2328,3125.9025032520294,-0.085619584,
2329,3127.2102596759796,-0.031632897,
2330,3128.5328459739685,-0.11790573,
2331,3129.8495709896088,-0.013999115,
2332,3131.1592013835907,-0.16606483,
2333,3132.497974872589,-0.23654316,
2334,3133.8234441280365,-0.3413798,
2335,3135.149799823761,-0.3462255,
2336,3136.4537403583527,-0.029804176,
2337,3137.7578349113464,-0.058296476,
2338,3139.0755977630615,-0.028201232,
2339,3140.4070460796356,-0.088131845,
2340,3141.72017121315,-0.05340515,
2341,3143.026002407074,-0.2565503,
2342,3144.350471973419,-0.03231915,
2343,3145.670207977295,-0.114212655,
2344,3146.9897513389587,-0.07646487,
2345,3148.3133828639984,-0.1275245,
2346,3149.6405391693115,-0.33296198,
2347,3150.9694027900696,-0.16159523,
2348,3152.2999064922333,-0.033450518,
2349,3153.6069576740265,-0.027024068,
2350,3154.9427468776703,-0.102215655,
2351,3156.3144240379333,-0.070457436,
2352,3157.675179004669,-0.08984368,
2353,3159.0284781455994,-0.4858437,
2354,3160.3929290771484,-0.07271069,
2355,3161.7040872573853,-0.39181215,
2356,3163.0267922878265,-0.22230166,
2357,3164.340669155121,-0.34808192,
2358,3165.678850889206,-0.1005625,
2359,3167.017769098282,-0.017323429,
2360,3168.3316576480865,-0.10654872,
2361,3169.659337282181,-0.06598105,
2362,3170.9826889038086,-0.07682809,
2363,3172.3121812343597,-0.025411537,
2364,3173.626633167267,-0.07957834,
2365,3174.9490225315094,-0.0911432,
2366,3176.26797413826,-0.051601555,
2367,3177.5763313770294,-0.03950481,
2368,3178.8815252780914,-0.22033921,
2369,3180.1907284259796,-0.14817475,
2370,3181.5121936798096,-0.030556094,
2371,3182.8374004364014,-0.14292134,
2372,3184.1488432884216,-0.041310586,
2373,3185.536101579666,-0.2746151,
2374,3186.848528146744,-0.38048443,
2375,3188.181406021118,-0.36620656,
2376,3189.5030760765076,-0.029474424,
2377,3190.843597650528,-0.87209433,
2378,3192.1495995521545,-0.18051764,
2379,3193.4687678813934,-0.19854972,
2380,3194.787444114685,-0.049640436,
2381,3196.1001563072205,-0.19826774,
2382,3197.407707452774,-0.08226296,
2383,3198.727219104767,-0.014252104,
2384,3200.0332083702087,-0.040312283,
2385,3201.346979379654,-0.059766613,
2386,3202.6676502227783,-0.09808452,
2387,3204.004337310791,-0.032570425,
2388,3205.333860397339,-0.042660993,
2389,3206.645625591278,-0.052669276,
2390,3207.9672346115112,-0.07106458,
2391,3209.278911590576,-0.046127763,
2392,3210.584436416626,-0.03350615,
2393,3211.8935680389404,-0.031672113,
2394,3213.198204278946,-0.045292184,
2395,3214.499919652939,-0.05855278,
2396,3215.814214706421,-0.05486173,
2397,3217.1318950653076,-0.08278672,
2398,3218.4572727680206,-0.18814246,
2399,3219.7881689071655,-0.12752433,
2400,3222.2467873096466,-0.13754404,
2401,3223.567424058914,-0.1965135,
2402,3224.889899492264,-0.021299666,
2403,3226.195687532425,-0.24927224,
2404,3227.4995160102844,-0.048302017,
2405,3228.8166699409485,-0.17850645,
2406,3230.139463663101,-0.07341459,
2407,3231.461171388626,-0.08098175,
2408,3232.781062602997,-0.12191782,
2409,3234.098399400711,-0.1595263,
2410,3235.4083683490753,-0.059747905,
2411,3236.7340471744537,-0.39945227,
2412,3238.0475594997406,-0.075083494,
2413,3239.3598120212555,-0.117741644,
2414,3240.6621651649475,-0.031789504,
2415,3241.9939119815826,-0.10491582,
2416,3243.311637878418,-0.15112045,
2417,3244.634242296219,-0.073563285,
2418,3245.9569640159607,-0.088132896,
2419,3247.288845539093,-0.031795006,
2420,3248.5922899246216,-0.06758969,
2421,3249.9167370796204,-0.028598169,
2422,3251.2326424121857,-0.11501935,
2423,3252.5452315807343,-0.0859292,
2424,3253.8510916233063,-0.09202952,
2425,3255.1792690753937,-0.08763233,
2426,3256.5244283676147,-0.07756047,
2427,3257.8552327156067,-0.03520232,
2428,3259.187324285507,-0.18201464,
2429,3260.5246682167053,-0.035236344,
2430,3261.877615213394,-0.012459487,
2431,3263.237560749054,-0.042396918,
2432,3264.550342321396,-0.03226465,
2433,3265.8815743923187,-0.14132987,
2434,3267.2159378528595,-0.03197481,
2435,3268.5818915367126,-0.066400364,
2436,3269.9335329532623,-0.04524049,
2437,3271.2612211704254,-0.1753928,
2438,3272.608188390732,-0.12973315,
2439,3273.979480266571,-0.030012172,
2440,3275.326422214508,-0.10423866,
2441,3276.681351661682,-0.21232705,
2442,3278.026889562607,-0.03187922,
2443,3279.3801205158234,-0.05180479,
2444,3280.734698534012,-0.07559429,
2445,3282.090841770172,-0.031672053,
2446,3283.4401116371155,-0.27843845,
2447,3284.7874591350555,-0.11592296,
2448,3286.0998907089233,-0.077030554,
2449,3287.4226682186127,-0.04257679,
2450,3288.741840839386,-0.0677002,
2451,3290.056174993515,-0.02013435,
2452,3291.3607454299927,-0.15579382,
2453,3292.697418689728,-0.1301551,
2454,3294.0334010124207,-0.04115001,
2455,3295.3546829223633,-0.15665354,
2456,3296.6647567749023,-0.080894336,
2457,3297.9674961566925,-0.04034662,
2458,3299.2659282684326,-0.0522319,
2459,3300.5865428447723,-0.08601542,
2460,3301.905869245529,-0.87315375,
2461,3303.286054134369,-1.2521771,
2462,3304.6097025871277,-0.9921886,
2463,3305.9371740818024,-0.18207061,
2464,3307.2590289115906,-0.36149165,
2465,3308.57563996315,-0.043314517,
2466,3309.893547773361,-0.05894124,
2467,3311.213451862335,-0.09739924,
2468,3312.5333783626556,-0.041332826,
2469,3313.846470594406,-0.14385635,
2470,3315.1596727371216,-0.047639433,
2471,3316.5021657943726,-0.06458882,
2472,3317.8319215774536,-0.1144066,
2473,3319.1449744701385,-0.113313675,
2474,3320.4607582092285,-0.06569942,
2475,3321.769099712372,-0.13006048,
2476,3323.115783214569,-0.09733399,
2477,3324.4508605003357,-0.18813328,
2478,3325.794454097748,-0.14188248,
2479,3327.103353023529,-0.16908441,
2480,3328.4510185718536,-0.044245448,
2481,3329.769893169403,-0.09947942,
2482,3331.1054034233093,-0.09359977,
2483,3332.4372086524963,-0.099280894,
2484,3333.7412762641907,-0.14924394,
2485,3335.0497443675995,-0.04315509,
2486,3336.361250638962,-0.058958948,
2487,3337.6751611232758,-0.07359395,
2488,3339.0181980133057,-0.16884087,
2489,3340.351597547531,-0.10047146,
2490,3341.699999809265,-0.03083545,
2491,3343.0572645664215,-0.035234604,
2492,3344.3824632167816,-0.12994957,
2493,3345.6992630958557,-0.048250407,
2494,3347.012654066086,-0.04468983,
2495,3348.34095621109,-0.08782697,
2496,3349.6633007526398,-0.119086325,
2497,3350.995847225189,-0.041966308,
2498,3352.309972047806,-0.1369729,
2499,3353.6761968135834,-0.121265225,
2500,3356.333007335663,-0.28071973,
2501,3357.650805950165,-0.18591236,
2502,3358.9725217819214,-1.1143448,
2503,3360.2788801193237,-0.36099294,
2504,3361.613362312317,-0.39151412,
2505,3362.9460871219635,-0.23333704,
2506,3364.2723965644836,-0.11166906,
2507,3365.6043269634247,-0.36393568,
2508,3366.923188686371,-0.5984755,
2509,3368.25093460083,-0.19675191,
2510,3369.589008808136,-0.35219672,
2511,3370.9138836860657,-0.081005454,
2512,3372.2257449626923,-0.02002608,
2513,3373.540230989456,-0.09035367,
2514,3374.8661403656006,-0.079816826,
2515,3376.195030450821,-0.12126436,
2516,3377.5378794670105,-0.033867907,
2517,3378.854639530182,-0.08111333,
2518,3380.1614627838135,-0.10792652,
2519,3381.4713368415833,-0.08382548,
2520,3382.791962623596,-0.17312181,
2521,3384.104506969452,-0.18574323,
2522,3385.4302711486816,-0.06629434,
2523,3386.7466490268707,-0.06095957,
2524,3388.081743955612,-0.010771317,
2525,3389.4028725624084,-0.028559403,
2526,3390.732400417328,-0.04622437,
2527,3392.0405361652374,-0.032150358,
2528,3393.353788614273,-0.005162063,
2529,3394.6648800373077,-0.006534883,
2530,3395.98831987381,-0.0942645,
2531,3397.2932624816895,-0.038647875,
2532,3398.6464438438416,-0.026799217,
2533,3399.9626100063324,-0.110145986,
2534,3401.2694928646088,-0.33896685,
2535,3402.570423603058,-0.079694,
2536,3403.9129707813263,-0.18078393,
2537,3405.256195306778,-0.30787718,
2538,3406.5961725711823,-0.09815234,
2539,3407.906391143799,-0.033036817,
2540,3409.2334196567535,-0.019096468,
2541,3410.5659623146057,-0.019913772,
2542,3411.877962589264,-0.024294578,
2543,3413.188520669937,-0.019131098,
2544,3414.508019924164,-0.023314817,
2545,3415.8144319057465,-0.21537593,
2546,3417.1392698287964,-0.08005038,
2547,3418.4779436588287,-0.091994315,
2548,3419.7912714481354,-0.07419132,
2549,3421.097499370575,-0.050846502,
2550,3422.41908288002,-0.13546816,
2551,3423.728586435318,-0.02853822,
2552,3425.059370994568,-0.082997665,
2553,3426.386965036392,-0.19425288,
2554,3427.7036278247833,-0.28810704,
2555,3429.0223660469055,-0.13777372,
2556,3430.3728172779083,-0.28097194,
2557,3431.697466611862,-0.3114108,
2558,3433.044412136078,-0.097754605,
2559,3434.3915197849274,-0.2642441,
2560,3435.750818490982,-0.095138274,
2561,3437.1359181404114,-0.21725607,
2562,3438.482979774475,-0.11057512,
2563,3439.789266347885,-0.07584481,
2564,3441.1138365268707,-0.106543414,
2565,3442.440742254257,-0.01886507,
2566,3443.753730773926,-0.0072861714,
2567,3445.0616726875305,-0.056358,
2568,3446.383975505829,-0.057423685,
2569,3447.7234988212585,-0.11612934,
2570,3449.0539588928223,-0.023787038,
2571,3450.3759751319885,-0.026580457,
2572,3451.6951444149017,-0.4380828,
2573,3453.0112357139587,-0.10770327,
2574,3454.3359184265137,-0.1708298,
2575,3455.6571519374847,-0.18853618,
2576,3456.9640185832977,-0.035351213,
2577,3458.2797513008118,-0.055151053,
2578,3459.601819753647,-0.04887379,
2579,3460.9207561016083,-0.044912893,
2580,3462.220384836197,-0.0690911,
2581,3463.538726091385,-0.026060859,
2582,3464.853936433792,-0.20583668,
2583,3466.197258710861,-0.13216673,
2584,3467.5146770477295,-0.19135435,
2585,3468.829030275345,-0.094856024,
2586,3470.1582639217377,-0.03752877,
2587,3471.4740612506866,-0.098947786,
2588,3472.7881870269775,-0.05990717,
2589,3474.1155252456665,-0.042874947,
2590,3475.4658954143524,-0.0629661,
2591,3476.808805704117,-0.0314797,
2592,3478.1559829711914,-0.047372676,
2593,3479.4841079711914,-0.14430818,
2594,3480.808886528015,-0.1121797,
2595,3482.1306920051575,-0.06354244,
2596,3483.467036485672,-0.06388261,
2597,3484.7877609729767,-0.068180695,
2598,3486.1735615730286,-0.14255086,
2599,3487.519590616226,-0.034644924,
2600,3490.1161501407623,-0.20145594,
2601,3491.4470438957214,-0.14324635,
2602,3492.788553953171,-0.11202513,
2603,3494.125869512558,-0.032914445,
2604,3495.464210510254,-0.4177224,
2605,3496.811595439911,-0.020444605,
2606,3498.1432099342346,-0.44605017,
2607,3499.469722509384,-0.12952521,
2608,3500.803878068924,-0.1891017,
2609,3502.17089176178,-0.08832829,
2610,3503.5867097377777,-0.046112258,
2611,3504.98215341568,-0.31116876,
2612,3506.310567140579,-0.065908745,
2613,3507.6430411338806,-0.061676998,
2614,3508.996920824051,-0.1762569,
2615,3510.372219324112,-0.07141244,
2616,3511.7674238681793,-0.05758766,
2617,3513.1259462833405,-0.09669746,
2618,3514.4889137744904,-0.04418201,
2619,3515.826617002487,-0.64521325,
2620,3517.1729810237885,-0.23430178,
2621,3518.5208127498627,-0.09249135,
2622,3519.8595724105835,-0.26624405,
2623,3521.2153704166412,-0.08106253,
2624,3522.566766500473,-0.033739597,
2625,3523.9307477474213,-0.06791441,
2626,3525.2919239997864,-0.034111854,
2627,3526.6397557258606,-0.0875333,
2628,3527.9958214759827,-0.14395577,
2629,3529.363021373749,-0.1858094,
2630,3530.7136232852936,-0.037452795,
2631,3532.060122013092,-0.3270697,
2632,3533.4441385269165,-0.071690835,
2633,3534.818854570389,-0.06213902,
2634,3536.1803488731384,-0.039395746,
2635,3537.528205394745,-0.15437038,
2636,3538.8647060394287,-0.13687047,
2637,3540.2232987880707,-0.01244741,
2638,3541.6026751995087,-0.0020682546,
2639,3542.9236879348755,-0.04459322,
2640,3544.2849819660187,-0.06960241,
2641,3545.655673265457,-0.038066857,
2642,3546.988701581955,-0.08135045,
2643,3548.32438993454,-0.08363584,
2644,3549.656179189682,-0.33436152,
2645,3551.0019071102142,-0.14731404,
2646,3552.37629199028,-0.1155503,
2647,3553.7202005386353,-0.119546235,
2648,3555.064797401428,-0.08500213,
2649,3556.437241077423,-0.051517196,
2650,3557.836531162262,-0.15330659,
2651,3559.1808562278748,-0.08669428,
2652,3560.5002715587616,-0.03697038,
2653,3561.8207609653473,-0.07213029,
2654,3563.136994123459,-0.028572425,
2655,3564.4497163295746,-0.011837555,
2656,3565.804755449295,-0.0468114,
2657,3567.121073246002,-0.04453159,
2658,3568.4326486587524,-0.12087563,
2659,3569.746613740921,-0.24047723,
2660,3571.095765352249,-0.26075467,
2661,3572.4325466156006,-0.21929513,
2662,3573.7447855472565,-0.0952527,
2663,3575.0431790351868,-0.0516001,
2664,3576.3542609214783,-0.19776776,
2665,3577.6720056533813,-0.31460413,
2666,3578.9821412563324,-0.06664572,
2667,3580.30371594429,-0.22363764,
2668,3581.616024494171,-0.21600646,
2669,3582.9554986953735,-0.09488432,
2670,3584.28755569458,-0.06684285,
2671,3585.6025717258453,-0.07494433,
2672,3586.928821325302,-0.13099703,
2673,3588.265767097473,-0.11781266,
2674,3589.5755496025085,-0.05269321,
2675,3590.9111223220825,-0.013699067,
2676,3592.232362270355,-0.053906232,
2677,3593.5684113502502,-0.1491799,
2678,3594.8860371112823,-0.03495821,
2679,3596.209103345871,-0.082454585,
2680,3597.54355096817,-0.01092417,
2681,3598.8976402282715,-0.037855156,
2682,3600.2235629558563,-0.1348397,
2683,3601.546899318695,-1.2227856,
2684,3602.859708070755,-0.2814626,
2685,3604.1697640419006,-0.6518221,
2686,3605.5122458934784,-0.37913314,
2687,3606.8259620666504,-0.1681097,
2688,3608.1647005081177,-0.06326431,
2689,3609.5498445034027,-0.055241764,
2690,3610.8847649097443,-0.047601204,
2691,3612.2237610816956,-0.11756696,
2692,3613.5605204105377,-0.053250097,
2693,3614.8954231739044,-0.10322654,
2694,3616.216423511505,-0.016674124,
2695,3617.5395967960358,-0.110807374,
2696,3618.8606107234955,-0.13739687,
2697,3620.237328529358,-0.047057785,
2698,3621.6064410209656,-0.02954803,
2699,3622.9589715003967,-0.040007077,
2700,3625.487724542618,-0.22282393,
2701,3626.825511455536,-0.088579305,
2702,3628.1451830863953,-0.1958295,
2703,3629.495978116989,-0.07497705,
2704,3630.843360900879,-0.15144114,
2705,3632.183120250702,-0.04959133,
2706,3633.5129024982452,-0.055856086,
2707,3634.835037469864,-0.10411048,
2708,3636.160490989685,-0.01780145,
2709,3637.4824829101562,-0.07501159,
2710,3638.8019511699677,-0.0066698836,
2711,3640.130387544632,-0.15470463,
2712,3641.4637944698334,-0.20856506,
2713,3642.81268286705,-0.048197407,
2714,3644.1308739185333,-0.02021504,
2715,3645.441999197006,-0.11185723,
2716,3646.773228406906,-0.036228128,
2717,3648.097577571869,-0.07928224,
2718,3649.4148483276367,-0.4005139,
2719,3650.7278122901917,-0.08847189,
2720,3652.042849302292,-0.13281883,
2721,3653.3604640960693,-0.12044115,
2722,3654.6897978782654,-0.04189331,
2723,3656.00394487381,-0.13008459,
2724,3657.319010734558,-0.07602986,
2725,3658.6466948986053,-0.032855563,
2726,3659.9623398780823,-0.010428632,
2727,3661.287103176117,-0.15185156,
2728,3662.6002814769745,-0.12352522,
2729,3663.9256875514984,-0.24098869,
2730,3665.250920534134,-0.16708796,
2731,3666.581483602524,-0.062125213,
2732,3667.9067289829254,-0.058846984,
2733,3669.233503818512,-0.14408734,
2734,3670.561854362488,-0.10391035,
2735,3671.8868255615234,-0.06273149,
2736,3673.2386128902435,-0.046676327,
2737,3674.570744752884,-0.07932147,
2738,3675.8998856544495,-0.041245114,
2739,3677.2647094726562,-0.09138404,
2740,3678.587033033371,-0.09263015,
2741,3679.9247028827667,-0.058439694,
2742,3681.2465064525604,-0.16988799,
2743,3682.591471195221,-0.20418146,
2744,3683.907913684845,-0.11687576,
2745,3685.2220566272736,-0.085450366,
2746,3686.531626701355,-0.10541295,
2747,3687.8785305023193,-0.20880805,
2748,3689.2486805915833,-0.15375605,
2749,3690.5540907382965,-0.14789514,
2750,3691.9048144817352,-0.04145565,
2751,3693.235821723938,-0.14293285,
2752,3694.5737833976746,-0.08290815,
2753,3695.8879005908966,-0.22754817,
2754,3697.2164063453674,-0.026068717,
2755,3698.534039735794,-0.15244181,
2756,3699.8579638004303,-0.107472405,
2757,3701.1953513622284,-0.31255087,
2758,3702.510655403137,-0.104282245,
2759,3703.833969116211,-0.03036502,
2760,3705.186382293701,-0.020175844,
2761,3706.5102565288544,-0.058335345,
2762,3707.8448827266693,-0.021004438,
2763,3709.1783990859985,-0.30124533,
2764,3710.53032207489,-0.046545003,
2765,3711.8637495040894,-0.08651223,
2766,3713.189771413803,-0.024323618,
2767,3714.5167984962463,-0.072694674,
2768,3715.832774400711,-0.004735654,
2769,3717.1555190086365,-0.07168954,
2770,3718.5001287460327,-0.02840323,
2771,3719.828069448471,-0.2047973,
2772,3721.1687440872192,-0.23546372,
2773,3722.5432250499725,-0.04346119,
2774,3723.8858246803284,-0.05697506,
2775,3725.248804807663,-0.17788191,
2776,3726.58664727211,-0.13764979,
2777,3727.9407103061676,-0.06620042,
2778,3729.268198490143,-0.07838074,
2779,3730.6027591228485,-0.7033754,
2780,3731.9262931346893,-0.06387584,
2781,3733.262692451477,-0.05163914,
2782,3734.5940165519714,-0.12438928,
2783,3735.9294838905334,-0.123646215,
2784,3737.2504744529724,-0.056399923,
2785,3738.588999271393,-0.15076376,
2786,3739.9226503372192,-0.13219042,
2787,3741.241371154785,-0.0835078,
2788,3742.577023744583,-0.12676203,
2789,3743.929905653,-0.08701661,
2790,3745.2612664699554,-0.16309026,
2791,3746.591253757477,-0.164468,
2792,3747.9102301597595,-0.03726467,
2793,3749.2241399288177,-0.17865562,
2794,3750.573776245117,-0.08361021,
2795,3751.9155974388123,-0.11824861,
2796,3753.2405774593353,-0.13091464,
2797,3754.5621631145477,-1.1686355,
2798,3755.882067680359,-0.09250991,
2799,3757.2017645835876,-0.08529231,
2800,3759.7405059337616,-0.0714829,
2801,3761.098532438278,-0.052730132,
2802,3762.4188108444214,-0.15370774,
2803,3763.744419813156,-0.018514046,
2804,3765.1235933303833,-0.05128039,
2805,3766.4489064216614,-0.07516972,
2806,3767.7837250232697,-0.01830209,
2807,3769.1284301280975,-0.13258125,
2808,3770.44838142395,-0.020105049,
2809,3771.774036169052,-0.056907404,
2810,3773.122804880142,-0.15119627,
2811,3774.4537012577057,-0.23713079,
2812,3775.800497531891,-0.1467686,
2813,3777.149535894394,-0.6245397,
2814,3778.4669592380524,-0.3883943,
2815,3779.7928256988525,-0.4808437,
2816,3781.1266539096832,-0.9081945,
2817,3782.457640647888,-0.51752394,
2818,3783.781690597534,-0.68271196,
2819,3785.117347240448,-0.27750707,
2820,3786.458929538727,-0.24311931,
2821,3787.777320623398,-0.17478848,
2822,3789.0967133045197,-0.009676664,
2823,3790.414680957794,-0.006178411,
2824,3791.74569106102,-0.083495274,
2825,3793.080949783325,-0.09667097,
2826,3794.4096603393555,-0.017327726,
2827,3795.7301301956177,-0.022635354,
2828,3797.0774340629578,-0.02355782,
2829,3798.414130926132,-0.04444719,
2830,3799.7513406276703,-0.064933546,
2831,3801.0869147777557,-0.1152303,
2832,3802.4088921546936,-0.04603152,
2833,3803.732756137848,-0.022498311,
2834,3805.059057235718,-0.15667264,
2835,3806.392996788025,-0.045543347,
2836,3807.7323744297028,-0.039587487,
2837,3809.0784862041473,-0.20914087,
2838,3810.402397632599,-0.5708393,
2839,3811.7221772670746,-0.18836464,
2840,3813.0542271137238,-0.112133004,
2841,3814.371814727783,-0.18231896,
2842,3815.6998891830444,-0.20169652,
2843,3817.0229647159576,-0.5654527,
2844,3818.3390097618103,-0.043119773,
2845,3819.6529829502106,-0.018435862,
2846,3821.0015003681183,-0.04946477,
2847,3822.3323154449463,-0.32728672,
2848,3823.647037267685,-0.26875842,
2849,3824.9824438095093,-0.21082707,
2850,3826.304909467697,-0.12257565,
2851,3827.648668050766,-0.16708465,
2852,3829.0162801742554,-0.14672317,
2853,3830.3764600753784,-0.17553416,
2854,3831.7304677963257,-0.119835585,
2855,3833.1042239665985,-0.099095404,
2856,3834.4333102703094,-0.046227146,
2857,3835.7624893188477,-0.037219882,
2858,3837.0835638046265,-0.08941985,
2859,3838.419451713562,-0.19784465,
2860,3839.747831583023,-0.09349852,
2861,3841.0785636901855,-0.04271726,
2862,3842.408175468445,-0.5413005,
2863,3843.7266051769257,-0.1444118,
2864,3845.0488793849945,-0.1008123,
2865,3846.3703289031982,-0.10571658,
2866,3847.6919853687286,-0.04898588,
2867,3849.023567199707,-0.07226958,
2868,3850.339942932129,-0.047723386,
2869,3851.6592407226562,-0.07276167,
2870,3852.9766001701355,-0.14238197,
2871,3854.3032298088074,-0.043447193,
2872,3855.6188328266144,-0.26682556,
2873,3856.9371585845947,-0.039299116,
2874,3858.265567302704,-0.03440058,
2875,3859.582176208496,-0.053086467,
2876,3860.914098262787,-0.03230151,
2877,3862.244441509247,-0.06434551,
2878,3863.5863225460052,-0.10473744,
2879,3864.9146559238434,-0.059278287,
2880,3866.2376561164856,-0.05048362,
2881,3867.5729162693024,-0.035416424,
2882,3868.9103434085846,-0.04988785,
2883,3870.2461352348328,-0.059953686,
2884,3871.5644266605377,-0.028050285,
2885,3872.904716014862,-0.06837094,
2886,3874.2257647514343,-0.08461959,
2887,3875.5670113563538,-0.035541285,
2888,3876.879268884659,-0.067214,
2889,3878.200646877289,-0.05603218,
2890,3879.54674077034,-0.10504608,
2891,3880.9100284576416,-0.32294068,
2892,3882.2412588596344,-0.09785067,
2893,3883.587755203247,-0.52248573,
2894,3884.924881219864,-0.03324741,
2895,3886.263570547104,-0.22656861,
2896,3887.5869030952454,-0.074041516,
2897,3888.899945497513,-0.1301067,
2898,3890.226659297943,-0.027644832,
2899,3891.54775762558,-0.13584758,
2900,3894.038889169693,-0.07915735,
2901,3895.352794647217,-0.115382396,
2902,3896.6865253448486,-0.14952932,
2903,3898.007897377014,-0.088502765,
2904,3899.339101791382,-0.1372891,
2905,3900.6642825603485,-0.013038376,
2906,3901.99636387825,-0.007426205,
2907,3903.3267109394073,-0.038163584,
2908,3904.66548204422,-0.02852989,
2909,3906.003883600235,-0.15746711,
2910,3907.3417179584503,-0.11985121,
2911,3908.679901123047,-0.06826589,
2912,3910.02477145195,-0.04741104,
2913,3911.3465671539307,-0.10329376,
2914,3912.6889820098877,-0.020075532,
2915,3914.0236992836,-0.027317408,
2916,3915.346976995468,-0.07971983,
2917,3916.663672685623,-0.032617062,
2918,3918.0059576034546,-0.03851773,
2919,3919.3243775367737,-0.09663576,
2920,3920.657846212387,-0.09687027,
2921,3921.985894203186,-0.13357064,
2922,3923.3275701999664,-0.115130335,
2923,3924.6460094451904,-0.06025857,
2924,3925.970041036606,-0.117660895,
2925,3927.2858123779297,-0.0664582,
2926,3928.609217643738,-0.10400541,
2927,3929.9159767627716,-0.17263712,
2928,3931.234747648239,-0.04537602,
2929,3932.5649831295013,-0.15994774,
2930,3933.895890235901,-0.37290743,
2931,3935.2193467617035,-0.08016987,
2932,3936.5514056682587,-0.05096993,
2933,3937.8821709156036,-0.07121503,
2934,3939.2208728790283,-0.036686588,
2935,3940.5419211387634,-0.12329203,
2936,3941.878464460373,-0.032522157,
2937,3943.2200150489807,-0.15142374,
2938,3944.551872730255,-0.09000529,
2939,3945.8661885261536,-0.017884545,
2940,3947.1770164966583,-0.123805486,
2941,3948.4949061870575,-0.16615792,
2942,3949.8176095485687,-0.075822115,
2943,3951.139861345291,-0.08735751,
2944,3952.5221240520477,-0.052421477,
2945,3953.8570551872253,-0.13571456,
2946,3955.1991872787476,-0.047851317,
2947,3956.524069547653,-0.20100586,
2948,3957.882691860199,-0.13129601,
2949,3959.2274599075317,-0.20067641,
2950,3960.5539860725403,-0.044385225,
2951,3961.8779549598694,-0.10211522,
2952,3963.1977541446686,-0.25229725,
2953,3964.5164773464203,-0.22898147,
2954,3965.8456423282623,-0.13994098,
2955,3967.1681780815125,-0.27626663,
2956,3968.5045766830444,-0.06254843,
2957,3969.836667537689,-0.23954698,
2958,3971.156649827957,-0.2577356,
2959,3972.4811503887177,-0.18203004,
2960,3973.8000876903534,-0.37540236,
2961,3975.1325199604034,-0.34689522,
2962,3976.452382326126,-0.09970898,
2963,3977.7910969257355,-0.18894856,
2964,3979.1057164669037,-0.044926748,
2965,3980.431423664093,-0.22186054,
2966,3981.7960147857666,-0.10617691,
2967,3983.145043373108,-0.15246734,
2968,3984.4565703868866,-0.091883406,
2969,3985.7872200012207,-0.46295094,
2970,3987.1086757183075,-0.15590744,
2971,3988.4442613124847,-0.17623633,
2972,3989.764580488205,-0.09652316,
2973,3991.0966024398804,-0.12951416,
2974,3992.4417922496796,-0.44018248,
2975,3993.769284963608,-0.42512453,
2976,3995.1010291576385,-0.33401266,
2977,3996.485323905945,-0.20613211,
2978,3997.823780298233,-0.26396415,
2979,3999.1542780399323,-0.11656265,
2980,4000.49391913414,-0.6189843,
2981,4001.821879386902,-0.16953185,
2982,4003.1435191631317,-0.028107408,
2983,4004.481389284134,-0.6447549,
2984,4005.8108086586,-0.15030994,
2985,4007.139592409134,-0.18032114,
2986,4008.4680211544037,-0.08862303,
2987,4009.788237094879,-0.21256775,
2988,4011.1101009845734,-0.055708334,
2989,4012.452383518219,-0.05577295,
2990,4013.7788236141205,-0.17895143,
2991,4015.1035737991333,-0.14213133,
2992,4016.428274154663,-0.045566425,
2993,4017.7485387325287,-0.07684583,
2994,4019.064553976059,-0.023901356,
2995,4020.394533395767,-0.055510543,
2996,4021.7366621494293,-0.07166322,
2997,4023.095187187195,-0.123948984,
2998,4024.431208372116,-0.049079247,
2999,4025.7515139579773,-0.09987028,
3000,4028.298556804657,-0.2115655,
3001,4029.616665124893,-0.09094291,
3002,4030.9267609119415,-0.09160983,
3003,4032.246701002121,-0.047992263,
3004,4033.5753405094147,-0.11009251,
3005,4034.8863875865936,-0.073810644,
3006,4036.2082104682922,-0.028400477,
3007,4037.5339057445526,-0.15791701,
3008,4038.893623828888,-0.03677331,
3009,4040.213009119034,-0.18900585,
3010,4041.5422472953796,-0.064788654,
3011,4042.8620114326477,-0.21572253,
3012,4044.214144706726,-0.049424484,
3013,4045.5260558128357,-0.12603456,
3014,4046.842532157898,-0.04981595,
3015,4048.1620807647705,-0.07563847,
3016,4049.4857642650604,-0.08229459,
3017,4050.8048067092896,-0.1576912,
3018,4052.165722131729,-0.53634316,
3019,4053.4904823303223,-0.18256183,
3020,4054.844718694687,-0.059793077,
3021,4056.2022337913513,-0.29165533,
3022,4057.5274209976196,-0.048417706,
3023,4058.8434994220734,-0.11850478,
3024,4060.185273885727,-0.018049465,
3025,4061.498966217041,-0.016589774,
3026,4062.854626893997,-0.01630946,
3027,4064.1909227371216,-0.007552432,
3028,4065.5633969306946,-0.05987279,
3029,4066.880112886429,-0.04905157,
3030,4068.206297159195,-0.016350774,
3031,4069.538323163986,-0.06197921,
3032,4070.885181427002,-0.059875015,
3033,4072.2125265598297,-0.088680714,
3034,4073.5389297008514,-0.12601848,
3035,4074.869614124298,-0.11376804,
3036,4076.2261464595795,-0.08036173,
3037,4077.541687488556,-0.16435067,
3038,4078.864433526993,-0.027642902,
3039,4080.182683467865,-0.10846867,
3040,4081.5336587429047,-0.04216756,
3041,4082.875138282776,-0.78461725,
3042,4084.201828956604,-0.022066984,
3043,4085.536864757538,-0.027460337,
3044,4086.8876538276672,-0.073384896,
3045,4088.219327688217,-0.081877634,
3046,4089.5377798080444,-0.5389916,
3047,4090.868290901184,-0.5342511,
3048,4092.196337223053,-1.151903,
3049,4093.521904706955,-0.14055267,
3050,4094.8479750156403,-0.94411075,
3051,4096.1890280246735,-0.21723476,
3052,4097.549835443497,-0.5531025,
3053,4098.869525671005,-0.2862619,
3054,4100.190502882004,-0.45201355,
3055,4101.537931442261,-0.4017153,
3056,4102.870479822159,-0.023512088,
3057,4104.207088470459,-0.08246068,
3058,4105.526361703873,-0.023476847,
3059,4106.844766378403,-0.1382285,
3060,4108.196454048157,-0.04605478,
3061,4109.534281015396,-0.08839264,
3062,4110.854585170746,-0.039223023,
3063,4112.1948709487915,-0.069816254,
3064,4113.537450551987,-0.11201283,
3065,4114.864101409912,-0.113719836,
3066,4116.1819949150085,-0.30941045,
3067,4117.513963460922,-0.2466087,
3068,4118.857605218887,-0.03733651,
3069,4120.188940525055,-0.12505811,
3070,4121.534445285797,-0.007847773,
3071,4122.854909658432,-0.079770826,
3072,4124.190110206604,-0.08006923,
3073,4125.525407552719,-0.0783982,
3074,4126.862507343292,-0.07242974,
3075,4128.199576854706,-0.18537498,
3076,4129.533855676651,-0.09330013,
3077,4130.858278751373,-0.058690064,
3078,4132.178085327148,-0.15078686,
3079,4133.535736083984,-0.11271275,
3080,4134.858180522919,-0.092403375,
3081,4136.203616857529,-0.19627604,
3082,4137.529299259186,-0.09109137,
3083,4138.891013145447,-0.021233737,
3084,4140.2183401584625,-0.13993748,
3085,4141.544574975967,-0.11178739,
3086,4142.872497320175,-0.0115439575,
3087,4144.197187662125,-0.0725196,
3088,4145.586649179459,-0.04666064,
3089,4146.925977468491,-0.0863773,
3090,4148.25191617012,-0.10799484,
3091,4149.572004556656,-0.08611222,
3092,4150.894015073776,-0.20205772,
3093,4152.259758472443,-0.09823242,
3094,4153.655810117722,-0.17635319,
3095,4155.070031404495,-0.029564455,
3096,4156.441548347473,-0.15115334,
3097,4157.762186527252,-0.029852662,
3098,4159.083550930023,-0.03922851,
3099,4160.3980717659,-0.13317311,
3100,4162.946932315826,-0.4265711,
3101,4164.281938314438,-0.02115975,
3102,4165.607173442841,-0.46415338,
3103,4166.9377291202545,-0.052260686,
3104,4168.262315750122,-0.41337737,
3105,4169.606364965439,-0.06752604,
3106,4170.940422534943,-0.07520629,
3107,4172.316293478012,-0.21224236,
3108,4173.679904699326,-0.045453236,
3109,4174.997408151627,-0.03395501,
3110,4176.326609373093,-0.05214841,
3111,4177.655138015747,-0.1266276,
3112,4178.975833415985,-0.025910163,
3113,4180.294204235077,-0.13895719,
3114,4181.604699373245,-0.06525094,
3115,4182.931474208832,-0.3440807,
3116,4184.2476851940155,-0.09978585,
3117,4185.569921731949,-0.04391249,
3118,4186.904480218887,-0.07745117,
3119,4188.2204682827,-0.087275475,
3120,4189.5338706970215,-0.036662117,
3121,4190.871123313904,-0.0153566385,
3122,4192.235162496567,-0.056003038,
3123,4193.565014123917,-0.07827889,
3124,4194.889296531677,-0.13930428,
3125,4196.21550154686,-0.11673756,
3126,4197.534577131271,-0.052603986,
3127,4198.856711387634,-0.049991786,
3128,4200.1736788749695,-0.022962745,
3129,4201.4837028980255,-0.003448038,
3130,4202.803769826889,-0.024583403,
3131,4204.18990445137,-0.012965522,
3132,4205.511129140854,-0.007033551,
3133,4206.843602895737,-0.16377404,
3134,4208.182133436203,-0.021390893,
3135,4209.528620481491,-0.18445915,
3136,4210.86518073082,-0.21121466,
3137,4212.203250169754,-0.0334117,
3138,4213.54096865654,-0.39684883,
3139,4214.913106203079,-0.08456102,
3140,4216.258012533188,-0.011226284,
3141,4217.590393304825,-0.076667584,
3142,4218.937444925308,-0.053347006,
3143,4220.308862686157,-0.047133267,
3144,4221.644820690155,-0.0363882,
3145,4222.978404998779,-0.053842805,
3146,4224.316516160965,-0.06144677,
3147,4225.638993024826,-0.011355959,
3148,4226.965774536133,-0.059009437,
3149,4228.29897069931,-0.067941986,
3150,4229.615859746933,-0.15318997,
3151,4230.933176279068,-0.05555112,
3152,4232.25843834877,-0.06904799,
3153,4233.577646255493,-0.08635838,
3154,4234.902681112289,-0.124317445,
3155,4236.221819162369,-0.03750728,
3156,4237.543341159821,-0.061274417,
3157,4238.874086856842,-0.10383911,
3158,4240.211100816727,-0.121376425,
3159,4241.528258323669,-0.10044593,
3160,4242.879820346832,-0.018636944,
3161,4244.195802688599,-0.10208332,
3162,4245.519533157349,-0.09511531,
3163,4246.835508108139,-0.050716516,
3164,4248.161329984665,-0.034500007,
3165,4249.504257440567,-0.09186518,
3166,4250.8308136463165,-0.0421487,
3167,4252.146509885788,-0.05128016,
3168,4253.468370676041,-0.15381344,
3169,4254.789786577225,-0.068441436,
3170,4256.1156759262085,-0.03890817,
3171,4257.432653427124,-0.14806609,
3172,4258.748873949051,-0.112489365,
3173,4260.104201793671,-0.057700817,
3174,4261.417479753494,-0.07152848,
3175,4262.7349145412445,-0.07879995,
3176,4264.050397634506,-0.07438488,
3177,4265.380746841431,-0.060583197,
3178,4266.703003644943,-0.198293,
3179,4268.033765792847,-0.23263612,
3180,4269.352137327194,-0.23622698,
3181,4270.659374475479,-0.29134417,
3182,4271.984942913055,-0.045237016,
3183,4273.311503171921,-0.17334321,
3184,4274.63453745842,-0.110918276,
3185,4275.9541182518005,-0.052516118,
3186,4277.279771566391,-0.09816017,
3187,4278.593747377396,-0.013100264,
3188,4279.914444208145,-0.13358551,
3189,4281.247708797455,-0.083949454,
3190,4282.575451374054,-0.08600046,
3191,4283.890095949173,-0.011767413,
3192,4285.20641207695,-0.14020178,
3193,4286.515956401825,-0.13661598,
3194,4287.8215754032135,-0.07051631,
3195,4289.138577222824,-0.03475502,
3196,4290.451575756073,-0.011371316,
3197,4291.769531011581,-0.09561894,
3198,4293.085624217987,-0.3021309,
3199,4294.403952121735,-0.15401217,
3200,4296.881700754166,-0.034546997,
3201,4298.202203512192,-0.12912448,
3202,4299.524364948273,-0.05287615,
3203,4300.833214998245,-0.037134867,
3204,4302.174329042435,-0.036940366,
3205,4303.5103578567505,-0.10867567,
3206,4304.831242322922,-0.059572548,
3207,4306.161113023758,-0.06579103,
3208,4307.483928442001,-0.054091867,
3209,4308.819143772125,-0.024431374,
3210,4310.131892442703,-0.048061974,
3211,4311.466885089874,-0.6048907,
3212,4312.808712244034,-0.72546464,
3213,4314.123741388321,-0.20712501,
3214,4315.45196056366,-0.27868646,
3215,4316.761647701263,-0.031372044,
3216,4318.078576564789,-0.19556904,
3217,4319.39338517189,-0.29434183,
3218,4320.7083423137665,-0.08106497,
3219,4322.013781547546,-0.014994962,
3220,4323.3396673202515,-0.07157083,
3221,4324.67045378685,-0.0540121,
3222,4325.990605354309,-0.36985314,
3223,4327.2991716861725,-0.122074515,
3224,4328.618474006653,-0.017631304,
3225,4329.930933713913,-0.09197457,
3226,4331.244930744171,-0.038006555,
3227,4332.561340332031,-0.13454615,
3228,4333.87660241127,-0.09386305,
3229,4335.198415279388,-0.04713051,
3230,4336.515294790268,-0.0641234,
3231,4337.8340084552765,-0.015196603,
3232,4339.152154684067,-0.11835301,
3233,4340.482692956924,-0.057583384,
3234,4341.80460524559,-0.12307239,
3235,4343.113428354263,-0.34332526,
3236,4344.450219631195,-0.03963219,
3237,4345.796576023102,-0.16639972,
3238,4347.166913509369,-0.07017155,
3239,4348.495966672897,-0.025175184,
3240,4349.820264577866,-0.06493296,
3241,4351.150305271149,-0.023786195,
3242,4352.471422433853,-0.075643495,
3243,4353.789149522781,-0.08072616,
3244,4355.103574514389,-0.08039011,
3245,4356.415445327759,-0.0205579,
3246,4357.734485864639,-0.040237423,
3247,4359.052948951721,-0.045112506,
3248,4360.38525891304,-0.13461818,
3249,4361.69189953804,-0.05429972,
3250,4363.002185821533,-0.053603664,
3251,4364.3069767951965,-0.15846801,
3252,4365.713646411896,-0.11268545,
3253,4367.039212703705,-0.059692718,
3254,4368.3709762096405,-0.057638064,
3255,4369.678340911865,-0.05079316,
3256,4370.9961841106415,-0.03261182,
3257,4372.337786436081,-0.09294247,
3258,4373.654816150665,-0.05601457,
3259,4374.971889972687,-0.05953922,
3260,4376.285361528397,-0.04903503,
3261,4377.603410720825,-0.013637272,
3262,4378.929017066956,-0.027771221,
3263,4380.2398636341095,-0.044633377,
3264,4381.5674958229065,-0.053927995,
3265,4382.87769818306,-0.16521746,
3266,4384.199880361557,-0.0761652,
3267,4385.5274250507355,-0.052545104,
3268,4386.872501134872,-0.08096694,
3269,4388.194511175156,-0.13915578,
3270,4389.506156921387,-0.26233664,
3271,4390.827279090881,-0.122108646,
3272,4392.14435338974,-0.03773679,
3273,4393.459397315979,-0.053798072,
3274,4394.77681016922,-0.026427642,
3275,4396.10306429863,-0.02092824,
3276,4397.428516387939,-0.064663105,
3277,4398.757810354233,-0.11823371,
3278,4400.0741810798645,-0.052122418,
3279,4401.385720729828,-0.2242778,
3280,4402.700744867325,-0.31940535,
3281,4404.036592721939,-0.17785533,
3282,4405.364907741547,-0.07701982,
3283,4406.700423717499,-0.033103794,
3284,4408.0170340538025,-0.064612284,
3285,4409.34934592247,-0.038392387,
3286,4410.669527769089,-0.100859754,
3287,4411.990370988846,-0.60328615,
3288,4413.314881324768,-0.036173146,
3289,4414.62784409523,-0.08063793,
3290,4415.952509641647,-0.037783585,
3291,4417.291024446487,-0.008026753,
3292,4418.628449440002,-0.028918402,
3293,4419.947900772095,-0.012648141,
3294,4421.276104211807,-0.023024976,
3295,4422.622348070145,-0.008296775,
3296,4423.944535493851,-0.081977874,
3297,4425.281780958176,-0.105840534,
3298,4426.626789331436,-0.024823345,
3299,4427.946406841278,-0.13546579,
3300,4430.409996986389,-0.3764765,
3301,4431.760511875153,-0.17621958,
3302,4433.109745264053,-0.21225768,
3303,4434.445871591568,-0.31443763,
3304,4435.771787643433,-0.048421778,
3305,4437.087928771973,-0.110544264,
3306,4438.394919872284,-0.06339083,
3307,4439.713332891464,-0.16710612,
3308,4441.021006822586,-0.037029095,
3309,4442.34916305542,-0.08754736,
3310,4443.681891679764,-0.074535534,
3311,4445.0193338394165,-0.047803927,
3312,4446.352899551392,-0.14720806,
3313,4447.709648609161,-0.10669773,
3314,4449.038255214691,-0.1021197,
3315,4450.388962030411,-0.066663526,
3316,4451.761246919632,-0.4432935,
3317,4453.1476356983185,-0.05046446,
3318,4454.515140295029,-0.15705688,
3319,4455.865910053253,-0.03007618,
3320,4457.212408781052,-0.025653688,
3321,4458.5373656749725,-0.08594148,
3322,4459.850818872452,-0.42893702,
3323,4461.175723075867,-0.20360239,
3324,4462.516751289368,-0.33051428,
3325,4463.875742435455,-0.39831704,
3326,4465.286956071854,-0.15033025,
3327,4466.63952422142,-0.087162994,
3328,4467.959097146988,-0.29577214,
3329,4469.286457538605,-0.5644084,
3330,4470.669701576233,-0.13214394,
3331,4472.086855888367,-0.19938105,
3332,4473.424225330353,-0.06063213,
3333,4474.756321668625,-0.30158204,
3334,4476.109123945236,-0.075910635,
3335,4477.455672264099,-0.34366652,
3336,4478.853015899658,-0.23752956,
3337,4480.215271472931,-0.17339893,
3338,4481.566088676453,-0.22000214,
3339,4482.920578479767,-0.08508062,
3340,4484.2768471241,-0.033270568,
3341,4485.598469257355,-0.36841658,
3342,4486.930037736893,-0.05978541,
3343,4488.256721496582,-0.031731397,
3344,4489.601843118668,-0.08484821,
3345,4491.024909257889,-0.10979711,
3346,4492.382727384567,-0.023176637,
3347,4493.7184183597565,-0.2096415,
3348,4495.060091018677,-0.10032556,
3349,4496.412688970566,-0.098004326,
3350,4497.7776091098785,-0.05962622,
3351,4499.122086048126,-0.060969673,
3352,4500.4863159656525,-0.18141462,
3353,4501.841274499893,-0.04799293,
3354,4503.171955108643,-0.119930565,
3355,4504.5108370780945,-0.17995916,
3356,4505.854708909988,-0.09139654,
3357,4507.1965181827545,-0.07963174,
3358,4508.536519765854,-0.06514255,
3359,4509.887830257416,-0.15738697,
3360,4511.230122089386,-0.16186444,
3361,4512.581315994263,-0.097612604,
3362,4513.925723075867,-0.07121182,
3363,4515.247947216034,-0.03437287,
3364,4516.589523077011,-0.14333983,
3365,4517.933458805084,-0.26825458,
3366,4519.279934883118,-0.06408515,
3367,4520.649582624435,-0.028258642,
3368,4521.997981548309,-0.14301595,
3369,4523.32174372673,-0.08365411,
3370,4524.668914794922,-0.09691337,
3371,4525.9999005794525,-0.068280295,
3372,4527.3332896232605,-0.07271993,
3373,4528.656553506851,-0.1785084,
3374,4529.982203006744,-0.06464469,
3375,4531.31630396843,-0.07061836,
3376,4532.675484895706,-0.044608805,
3377,4534.034047365189,-0.18203947,
3378,4535.375206947327,-0.030322215,
3379,4536.705097913742,-0.06924975,
3380,4538.025957584381,-0.023803398,
3381,4539.335735797882,-0.04472069,
3382,4540.663507938385,-0.18055588,
3383,4541.988500595093,-0.051745925,
3384,4543.320646286011,-0.16374972,
3385,4544.661335706711,-0.07093636,
3386,4545.999705076218,-0.035214067,
3387,4547.334168434143,-0.0689167,
3388,4548.659182548523,-0.0026183906,
3389,4549.992559671402,-0.069222495,
3390,4551.321517944336,-0.027357934,
3391,4552.658132553101,-0.09717977,
3392,4554.004718542099,-0.06617399,
3393,4555.335226535797,-0.25077763,
3394,4556.67157626152,-0.07648274,
3395,4557.992842912674,-0.19035546,
3396,4559.318767309189,-0.22203779,
3397,4560.651337385178,-0.13428609,
3398,4561.972843170166,-0.15874827,
3399,4563.299318552017,-0.051161624,
3400,4565.897940397263,-0.09935278,
3401,4567.239448547363,-0.05165198,
3402,4568.579354524612,-0.53642553,
3403,4569.894640922546,-0.0960376,
3404,4571.220480442047,-0.04999847,
3405,4572.573462724686,-0.016509332,
3406,4573.906839847565,-0.101668164,
3407,4575.234432697296,-0.09818186,
3408,4576.568127632141,-0.07064762,
3409,4577.916107416153,-0.33507174,
3410,4579.262157678604,-0.022609117,
3411,4580.600796461105,-0.08257893,
3412,4581.941476345062,-0.14390223,
3413,4583.301063776016,-0.015440725,
3414,4584.640323400497,-0.24466786,
3415,4585.965845584869,-0.72041994,
3416,4587.29857301712,-0.13288674,
3417,4588.629852771759,-0.12827185,
3418,4589.970497608185,-0.06614928,
3419,4591.310529470444,-0.042201437,
3420,4592.658596277237,-0.09227695,
3421,4593.996852397919,-0.25480306,
3422,4595.334588766098,-0.15576997,
3423,4596.670490980148,-0.047628544,
3424,4598.023408412933,-0.14730486,
3425,4599.360958337784,-0.06677721,
3426,4600.679587125778,-0.03699872,
3427,4602.002209663391,-0.16607615,
3428,4603.341202497482,-0.2340339,
3429,4604.68501329422,-0.41138774,
3430,4606.015220880508,-0.033084475,
3431,4607.343193531036,-0.04681192,
3432,4608.666877746582,-0.051560912,
3433,4609.995497941971,-0.06566025,
3434,4611.377219676971,-0.11527359,
3435,4612.691759347916,-0.06315367,
3436,4614.030766963959,-0.028024029,
3437,4615.365965843201,-0.04233841,
3438,4616.713135004044,-0.05588838,
3439,4618.078769445419,-0.20133197,
3440,4619.423465013504,-0.16085488,
3441,4620.7754628658295,-0.2860415,
3442,4622.110331296921,-0.06603036,
3443,4623.443114519119,-0.01085034,
3444,4624.795914888382,-0.44273517,
3445,4626.186251401901,-0.35670736,
3446,4627.523503541946,-0.051549565,
3447,4628.853147029877,-0.1412816,
3448,4630.208904981613,-0.06611499,
3449,4631.550818443298,-0.057861716,
3450,4632.903365850449,-0.101399735,
3451,4634.3075931072235,-0.20067456,
3452,4635.66309094429,-0.26998866,
3453,4637.015391588211,-0.18884693,
3454,4638.365872621536,-0.2475624,
3455,4639.715653181076,-0.08611812,
3456,4641.050781011581,-0.038862333,
3457,4642.361940383911,-0.111272514,
3458,4643.729182958603,-0.052450124,
3459,4645.084842443466,-0.0770073,
3460,4646.427950143814,-0.03612991,
3461,4647.763506412506,-0.10285129,
3462,4649.092179298401,-0.18496516,
3463,4650.435372829437,-0.25886485,
3464,4651.752262592316,-0.058451124,
3465,4653.086629867554,-0.5042005,
3466,4654.4084379673,-0.042360973,
3467,4655.737108707428,-0.040983684,
3468,4657.072931528091,-0.24441819,
3469,4658.384497642517,-0.049150266,
3470,4659.704924106598,-0.09486928,
3471,4661.03210568428,-0.06078626,
3472,4662.355335235596,-0.07873333,
3473,4663.70171713829,-0.064580746,
3474,4665.039304018021,-0.030912599,
3475,4666.369876623154,-0.014477844,
3476,4667.7003128528595,-0.16696787,
3477,4669.034450769424,-0.28907213,
3478,4670.358648300171,-0.11588888,
3479,4671.68697977066,-0.026626717,
3480,4673.021386384964,-0.15700984,
3481,4674.339420557022,-0.13761011,
3482,4675.6661121845245,-0.07711622,
3483,4676.984116077423,-0.043822777,
3484,4678.325741529465,-0.0152496835,
3485,4679.683282136917,-0.017642446,
3486,4681.045045614243,-0.017023912,
3487,4682.398679494858,-0.09407994,
3488,4683.734801530838,-0.023956751,
3489,4685.077937602997,-0.052523732,
3490,4686.405740976334,-0.07437976,
3491,4687.739613056183,-0.09752656,
3492,4689.069631576538,-0.12070874,
3493,4690.395886659622,-0.10311447,
3494,4691.729674577713,-0.043251768,
3495,4693.063800811768,-0.2667998,
3496,4694.397439956665,-0.06503971,
3497,4695.726462841034,-0.065903634,
3498,4697.057431459427,-0.044037916,
3499,4698.473622560501,-0.038404748,
3500,4701.012042999268,-0.050141208,
3501,4702.3350303173065,-0.04366114,
3502,4703.654727458954,-0.056526702,
3503,4704.96989941597,-0.04733395,
3504,4706.298027515411,-0.055659696,
3505,4707.6249713897705,-0.049965993,
3506,4708.954992055893,-0.091181874,
3507,4710.300763845444,-0.018726846,
3508,4711.649446964264,-0.08534216,
3509,4712.981318950653,-0.10131215,
3510,4714.310224056244,-0.09713033,
3511,4715.644247531891,-0.13179415,
3512,4717.007606506348,-0.31270766,
3513,4718.332606315613,-0.049653236,
3514,4719.658686637878,-0.08748962,
3515,4720.978152990341,-0.32831767,
3516,4722.325300455093,-0.46391022,
3517,4723.7012591362,-0.17833626,
3518,4725.071925878525,-1.0034466,
3519,4726.41713809967,-0.29319173,
3520,4727.769837379456,-0.54830503,
3521,4729.099380016327,-0.5115458,
3522,4730.442323923111,-0.12994258,
3523,4731.807479381561,-0.3054973,
3524,4733.161197185516,-0.53171444,
3525,4734.494758844376,-0.15595797,
3526,4735.818593263626,-0.15401562,
3527,4737.150975227356,-0.009220012,
3528,4738.486177682877,-0.112558216,
3529,4739.807888746262,-0.0439764,
3530,4741.154422044754,-0.07631278,
3531,4742.485956192017,-0.0153430225,
3532,4743.836737155914,-0.07680157,
3533,4745.17335152626,-0.041198976,
3534,4746.517258167267,-0.25319958,
3535,4747.843920469284,-0.040700108,
3536,4749.176982164383,-0.02468079,
3537,4750.500523328781,-0.081103824,
3538,4751.82901096344,-0.05043164,
3539,4753.161449432373,-0.064822376,
3540,4754.501634597778,-0.021301128,
3541,4755.8338098526,-0.04278715,
3542,4757.154365062714,-0.20358631,
3543,4758.4975616931915,-0.20106757,
3544,4759.837295770645,-1.5263338,
3545,4761.17852973938,-0.1994882,
3546,4762.517249584198,-0.052974146,
3547,4763.83712387085,-0.05155846,
3548,4765.159819841385,-0.119850695,
3549,4766.4763832092285,-0.02563677,
3550,4767.829984664917,-0.18070799,
3551,4769.157467842102,-0.055767015,
3552,4770.499863862991,-0.36761335,
3553,4771.860372543335,-0.09184609,
3554,4773.180562496185,-0.021176597,
3555,4774.513925075531,-0.060535226,
3556,4775.844436883926,-0.031284112,
3557,4777.159336090088,-0.055777043,
3558,4778.478283166885,-0.033078235,
3559,4779.82522559166,-0.08141675,
3560,4781.150608062744,-0.06921331,
3561,4782.493659734726,-0.030942405,
3562,4783.816112041473,-0.008838001,
3563,4785.142748594284,-0.043240137,
3564,4786.522983789444,-0.06484371,
3565,4787.867078781128,-0.042915724,
3566,4789.21245932579,-0.05509816,
3567,4790.570384025574,-0.06996982,
3568,4791.902255296707,-0.047032878,
3569,4793.247725725174,-0.16314961,
3570,4794.586041927338,-0.09296558,
3571,4795.93159365654,-0.27493078,
3572,4797.283902168274,-0.43696713,
3573,4798.612040042877,-0.37574992,
3574,4799.946316003799,-0.039035484,
3575,4801.28150510788,-0.44650432,
3576,4802.614112138748,-0.12840582,
3577,4803.950258731842,-0.35329336,
3578,4805.292309522629,-0.21243131,
3579,4806.650486946106,-0.18028063,
3580,4807.979003190994,-0.28229994,
3581,4809.311325073242,-0.3078671,
3582,4810.644582271576,-0.12568271,
3583,4811.973965883255,-0.11266472,
3584,4813.327888250351,-0.0883117,
3585,4814.667395830154,-0.08709166,
3586,4816.01841711998,-0.05834227,
3587,4817.3504955768585,-0.039734732,
3588,4818.674195766449,-0.13240302,
3589,4820.011092424393,-0.3524941,
3590,4821.337442874908,-0.18222967,
3591,4822.663338661194,-0.30566466,
3592,4824.00757932663,-0.109020345,
3593,4825.3428337574005,-0.050896622,
3594,4826.666066169739,-0.056623615,
3595,4828.013823509216,-0.11041668,
3596,4829.350947141647,-0.11507681,
3597,4830.6866981983185,-0.008899239,
3598,4832.012454032898,-0.10750018,
3599,4833.3400983810425,-0.1030957,
3600,4835.8510909080505,-0.15599531,
3601,4837.167702913284,-0.04316601,
3602,4838.487758636475,-0.1572056,
3603,4839.843847036362,-0.06815319,
3604,4841.169744729996,-0.057276472,
3605,4842.490854978561,-0.13477658,
3606,4843.828906297684,-0.18099761,
3607,4845.166557788849,-0.5969775,
3608,4846.505747318268,-0.10325138,
3609,4847.839211702347,-0.109433144,
3610,4849.182028770447,-0.10689127,
3611,4850.523441791534,-0.04599309,
3612,4851.858624458313,-0.03422396,
3613,4853.190373182297,-0.054213442,
3614,4854.530663490295,-0.02944206,
3615,4855.8682560920715,-0.07438617,
3616,4857.198471546173,-0.14898184,
3617,4858.544609308243,-0.014324202,
3618,4859.908981323242,-0.034236096,
3619,4861.248912334442,-0.13218643,
3620,4862.589854955673,-0.081292614,
3621,4863.90966796875,-0.1089911,
3622,4865.223438978195,-0.018741358,
3623,4866.563107013702,-0.05418448,
3624,4867.927618026733,-0.05815781,
3625,4869.269338607788,-0.21415891,
3626,4870.658519744873,-0.10947663,
3627,4872.011578798294,-0.056937233,
3628,4873.37007522583,-0.120231494,
3629,4874.741307973862,-0.20424406,
3630,4876.088573932648,-0.029968064,
3631,4877.416136264801,-0.09788131,
3632,4878.759217262268,-0.070556894,
3633,4880.07758975029,-0.0490589,
3634,4881.408262729645,-0.14122899,
3635,4882.7534346580505,-0.059831586,
3636,4884.084034442902,-0.061143834,
3637,4885.41196346283,-0.07785259,
3638,4886.743670940399,-0.08090253,
3639,4888.0951890945435,-0.17114422,
3640,4889.430847167969,-0.092389315,
3641,4890.785187721252,-0.023988469,
3642,4892.120639562607,-0.042032905,
3643,4893.456111192703,-0.084595025,
3644,4894.782741785049,-0.13660568,
3645,4896.09698343277,-0.0844602,
3646,4897.4603106975555,-0.09514561,
3647,4898.8011927604675,-0.0026840847,
3648,4900.1359167099,-0.055249553,
3649,4901.465269327164,-0.3469718,
3650,4902.798310041428,-0.034768578,
3651,4904.147323608398,-0.08149091,
3652,4905.4950795173645,-0.37717748,
3653,4906.840883731842,-0.06860994,
3654,4908.19420671463,-0.1094791,
3655,4909.514148712158,-0.0069602914,
3656,4910.82496881485,-0.22273748,
3657,4912.1451025009155,-0.1746017,
3658,4913.506445169449,-0.057180516,
3659,4914.842871427536,-0.05480211,
3660,4916.199298858643,-0.074526936,
3661,4917.5834884643555,-0.13318218,
3662,4918.903765916824,-0.21190098,
3663,4920.24346780777,-0.011936449,
3664,4921.585608959198,-0.10716973,
3665,4922.924898386002,-0.03439087,
3666,4924.258575439453,-0.076682664,
3667,4925.58834695816,-0.09513585,
3668,4926.9087336063385,-0.111828305,
3669,4928.259977579117,-0.29120424,
3670,4929.598675489426,-0.09100678,
3671,4930.956380844116,-0.03393054,
3672,4932.298045873642,-0.07893966,
3673,4933.64818406105,-0.076227285,
3674,4934.9884605407715,-0.088454016,
3675,4936.31281208992,-0.16127802,
3676,4937.6315574646,-0.52867377,
3677,4938.958726167679,-0.3196322,
3678,4940.280301332474,-0.18602292,
3679,4941.62148976326,-0.07514442,
3680,4942.946496248245,-0.08929542,
3681,4944.289531946182,-0.03967809,
3682,4945.631422519684,-0.017007677,
3683,4946.978469371796,-0.25149816,
3684,4948.324787139893,-0.032495778,
3685,4949.660908699036,-0.06333487,
3686,4950.996514797211,-0.056051888,
3687,4952.3320236206055,-0.03577434,
3688,4953.661022901535,-0.07236588,
3689,4954.9816427230835,-0.15578827,
3690,4956.318369150162,-0.13463464,
3691,4957.659870862961,-0.12347192,
3692,4958.98827958107,-0.0883124,
3693,4960.316538572311,-0.1136299,
3694,4961.648586273193,-0.053842697,
3695,4962.973451137543,-0.081773795,
3696,4964.30574297905,-0.1284036,
3697,4965.633428812027,-0.29416507,
3698,4966.959597349167,-0.116734445,
3699,4968.286698818207,-0.10902801,
3700,4970.803595066071,-0.5172743,
3701,4972.140687227249,-0.13911352,
3702,4973.502006053925,-0.056487206,
3703,4974.848873138428,-0.10596425,
3704,4976.183262348175,-0.07075908,
3705,4977.527883768082,-0.11420408,
3706,4978.872570037842,-0.24333978,
3707,4980.199894666672,-0.17290404,
3708,4981.515601396561,-0.036151513,
3709,4982.832395553589,-0.046186816,
3710,4984.183746337891,-0.11772479,
3711,4985.538645982742,-0.11414766,
3712,4986.877153158188,-0.3449083,
3713,4988.209882259369,-0.06329622,
3714,4989.5566947460175,-0.2648861,
3715,4990.906606435776,-0.06879267,
3716,4992.287846088409,-0.056529086,
3717,4993.620983362198,-0.20810327,
3718,4994.96821308136,-0.119467825,
3719,4996.29739356041,-0.05482446,
3720,4997.651970624924,-0.4166197,
3721,4999.017125606537,-0.069873564,
3722,5000.357558012009,-0.25694016,
3723,5001.691015958786,-0.23791122,
3724,5003.035516023636,-0.08888725,
3725,5004.3699362277985,-0.019463977,
3726,5005.712773561478,-0.17712784,
3727,5007.042541265488,-0.014988161,
3728,5008.387435436249,-0.063647434,
3729,5009.745986461639,-0.07013697,
3730,5011.124550104141,-0.07752995,
3731,5012.448903083801,-0.0374785,
3732,5013.790127754211,-0.030041337,
3733,5015.128942489624,-0.09648743,
3734,5016.47553396225,-0.02769254,
3735,5017.817537784576,-0.08461425,
3736,5019.198999881744,-0.10452286,
3737,5020.559591054916,-0.109539054,
3738,5021.910712718964,-0.066302784,
3739,5023.240387916565,-0.04471177,
3740,5024.580240488052,-0.028627634,
3741,5025.913364171982,-0.020990126,
3742,5027.237341165543,-0.04919262,
3743,5028.573500871658,-0.07823752,
3744,5029.913683891296,-0.029927775,
3745,5031.267277956009,-0.017902084,
3746,5032.596299171448,-0.098133795,
3747,5033.938696861267,-0.03179389,
3748,5035.297519683838,-0.25448447,
3749,5036.643970489502,-0.06953209,
3750,5037.97761964798,-0.07396921,
3751,5039.300397396088,-0.017362708,
3752,5040.619860172272,-0.056018118,
3753,5041.959183931351,-0.06489427,
3754,5043.292464017868,-0.05228934,
3755,5044.634681940079,-0.1717151,
3756,5045.979095220566,-0.060236514,
3757,5047.306013345718,-0.0035340157,
3758,5048.632616043091,-0.026302435,
3759,5049.972829341888,-0.070147105,
3760,5051.312344789505,-0.040270865,
3761,5052.645330429077,-0.03341148,
3762,5053.971969604492,-0.09336669,
3763,5055.319890737534,-0.11685841,
3764,5056.663071155548,-0.13158442,
3765,5058.036541938782,-0.013578095,
3766,5059.371127128601,-0.07938344,
3767,5060.7180807590485,-0.03840975,
3768,5062.065474510193,-0.045081243,
3769,5063.4686822891235,-0.045284443,
3770,5064.829426288605,-0.018061265,
3771,5066.173680782318,-0.088119,
3772,5067.5056183338165,-0.021874405,
3773,5068.826831102371,-0.019217322,
3774,5070.1358416080475,-0.007969059,
3775,5071.485682964325,-0.07462218,
3776,5072.846172332764,-0.12533443,
3777,5074.188111066818,-0.023679137,
3778,5075.542028665543,-0.12190133,
3779,5076.919299125671,-0.085303284,
3780,5078.40186214447,-0.08978797,
3781,5079.775373220444,-0.02090556,
3782,5081.157535076141,-0.032031197,
3783,5082.516914129257,-0.005736811,
3784,5083.8759825229645,-0.014667901,
3785,5085.215183734894,-0.029309532,
3786,5086.589214801788,-0.1461868,
3787,5087.991176605225,-0.059058327,
3788,5089.373549699783,-0.052276935,
3789,5090.799873828888,-0.12043509,
3790,5092.267006397247,-0.052705683,
3791,5093.717992782593,-0.051568523,
3792,5095.2091653347015,-0.05560575,
3793,5096.71887588501,-0.018497515,
3794,5098.163400650024,-0.09424938,
3795,5099.600908756256,-0.038292184,
3796,5101.048299312592,-0.014102417,
3797,5102.528529644012,-0.187175,
3798,5104.004343032837,-0.14464587,
3799,5105.465538978577,-0.037139613,
3800,5108.292267799377,-0.074734844,
3801,5109.658339977264,-0.029411452,
3802,5111.01713347435,-0.04600984,
3803,5112.36688876152,-0.21153605,
3804,5113.688764333725,-0.069448896,
3805,5115.038376331329,-0.20640428,
3806,5116.463938713074,-0.04279404,
3807,5117.821268081665,-0.093668506,
3808,5119.191169500351,-0.030612793,
3809,5120.551732778549,-0.07853753,
3810,5121.919911623001,-0.023500435,
3811,5123.272922754288,-0.06808749,
3812,5124.640813589096,-0.11329397,
3813,5126.013808727264,-0.012378795,
3814,5127.366201639175,-0.092866614,
3815,5128.696576833725,-0.047384314,
3816,5130.064954996109,-0.032777768,
3817,5131.433367729187,-0.2187014,
3818,5132.7911059856415,-0.022513181,
3819,5134.145369529724,-0.17445299,
3820,5135.508479595184,-0.09487079,
3821,5136.859958410263,-0.034964833,
3822,5138.202990293503,-0.022582944,
3823,5139.572489976883,-0.14133433,
3824,5140.965604543686,-0.090685,
3825,5142.311459779739,-0.015513768,
3826,5143.645156145096,-0.10800441,
3827,5144.96547794342,-0.052973073,
3828,5146.323448896408,-0.015844522,
3829,5147.658894538879,-0.1389494,
3830,5149.003978967667,-0.015686931,
3831,5150.343132257462,-0.048011716,
3832,5151.702625989914,-0.06669072,
3833,5153.062366485596,-0.03688632,
3834,5154.419539451599,-0.120079584,
3835,5155.773442983627,-0.10673925,
3836,5157.119249343872,-0.034273848,
3837,5158.4593069553375,-0.036765195,
3838,5159.795610904694,-0.0016711539,
3839,5161.144446134567,-0.025138596,
3840,5162.528951406479,-0.06373669,
3841,5163.885887861252,-0.089555375,
3842,5165.2362558841705,-0.047944933,
3843,5166.599066019058,-0.036199432,
3844,5167.954791307449,-0.102401,
3845,5169.295343399048,-0.11749944,
3846,5170.635833740234,-0.16795799,
3847,5171.9798765182495,-0.06565826,
3848,5173.3187663555145,-0.09127399,
3849,5174.6642916202545,-0.22267944,
3850,5175.9940021038055,-0.29396898,
3851,5177.362905025482,-0.044005074,
3852,5178.721068382263,-0.022982473,
3853,5180.183082103729,-0.104886316,
3854,5181.645574092865,-0.06056125,
3855,5183.1227967739105,-0.1285696,
3856,5184.489213943481,-0.04178538,
3857,5185.847228050232,-0.12855965,
3858,5187.214658737183,-0.09363759,
3859,5188.588303804398,-0.07134083,
3860,5189.954750537872,-0.073543094,
3861,5191.294590711594,-0.23588392,
3862,5192.654344081879,-0.051516548,
3863,5194.008757591248,-0.030929402,
3864,5195.388440608978,-0.06074645,
3865,5196.727652549744,-0.14176181,
3866,5198.091542482376,-0.04714655,
3867,5199.445761919022,-0.07889207,
3868,5200.815094470978,-0.029539362,
3869,5202.192753791809,-0.008467011,
3870,5203.523476362228,-0.64060974,
3871,5204.876740217209,-0.082463816,
3872,5206.227078676224,-0.1718358,
3873,5207.5830273628235,-0.051341828,
3874,5208.945101261139,-0.116701,
3875,5210.282325267792,-0.09517571,
3876,5211.6442975997925,-0.067465566,
3877,5212.995711326599,-0.15260586,
3878,5214.336577653885,-0.09578853,
3879,5215.6766765117645,-0.06966552,
3880,5217.014348983765,-0.07871417,
3881,5218.343005895615,-0.0331131,
3882,5219.66392326355,-0.13946578,
3883,5221.011477947235,-0.033995517,
3884,5222.371498823166,-0.10149089,
3885,5223.720094919205,-0.06904095,
3886,5225.072863340378,-0.057590865,
3887,5226.424268722534,-0.038686205,
3888,5227.766634464264,-0.051749323,
3889,5229.0925052165985,-0.0479053,
3890,5230.430391788483,-0.045901854,
3891,5231.764004945755,-0.19930008,
3892,5233.084264755249,-0.02110778,
3893,5234.4075400829315,-0.054399095,
3894,5235.734410047531,-0.03684969,
3895,5237.072638511658,-0.018695487,
3896,5238.398828983307,-0.07256696,
3897,5239.7428855896,-0.0989236,
3898,5241.071251869202,-0.029817685,
3899,5242.413820981979,-0.19332197,
3900,5245.045717716217,-0.06447479,
3901,5246.386231184006,-0.037714615,
3902,5247.710648059845,-0.08813368,
3903,5249.085745811462,-0.014108794,
3904,5250.488627672195,-0.08454577,
3905,5251.854927062988,-0.08994347,
3906,5253.219265222549,-0.059834525,
3907,5254.612334012985,-0.12237549,
3908,5255.99581694603,-0.2317142,
3909,5257.387541055679,-0.5594852,
3910,5258.751075744629,-0.10416417,
3911,5260.13379406929,-0.093180254,
3912,5261.4857223033905,-0.12125968,
3913,5262.826783180237,-0.022447035,
3914,5264.175771951675,-0.085364826,
3915,5265.539474964142,-0.0621157,
3916,5266.9349501132965,-0.013772151,
3917,5268.298077344894,-0.030493509,
3918,5269.664534330368,-0.0661481,
3919,5271.024909734726,-0.017860642,
3920,5272.380021572113,-0.023205606,
3921,5273.770900011063,-0.1571624,
3922,5275.193116188049,-0.2730502,
3923,5276.595105171204,-0.052890234,
3924,5277.946616411209,-0.069270834,
3925,5279.298392295837,-0.05601773,
3926,5280.655509710312,-0.11683176,
3927,5282.035922050476,-0.32336643,
3928,5283.396433353424,-0.80554914,
3929,5284.771763086319,-0.21623428,
3930,5286.151247024536,-0.3770408,
3931,5287.509136199951,-0.71157825,
3932,5288.877733707428,-0.22245646,
3933,5290.224131822586,-0.1692454,
3934,5291.569916009903,-0.07269877,
3935,5292.914026021957,-0.14144954,
3936,5294.247360229492,-0.035422232,
3937,5295.608252286911,-0.08251063,
3938,5297.011679410934,-0.19778219,
3939,5298.3755671978,-0.17780915,
3940,5299.722549200058,-0.19594902,
3941,5301.076205968857,-0.019350953,
3942,5302.453299999237,-0.027370498,
3943,5303.832639455795,-0.23289704,
3944,5305.210190534592,-0.22655834,
3945,5306.569067239761,-0.036251675,
3946,5307.918613195419,-0.20591083,
3947,5309.283146858215,-0.108529136,
3948,5310.634504079819,-0.1898874,
3949,5312.011654138565,-0.2480931,
3950,5313.383366107941,-0.071352564,
3951,5314.751943826675,-0.09411559,
3952,5316.131231069565,-0.055238646,
3953,5317.504499912262,-0.026996821,
3954,5318.872949838638,-0.099663064,
3955,5320.238572835922,-0.013501433,
3956,5321.6096568107605,-0.014591495,
3957,5322.981062889099,-0.09441153,
3958,5324.385851860046,-0.14292268,
3959,5325.771342039108,-0.36238703,
3960,5327.153482675552,-0.08618899,
3961,5328.537856340408,-0.21533927,
3962,5329.9200093746185,-0.2475074,
3963,5331.63730430603,-0.0487807,
3964,5333.008298635483,-0.02497996,
3965,5334.383519887924,-0.045579206,
3966,5335.720729589462,-0.13417281,
3967,5337.079150438309,-0.09417544,
3968,5338.462357759476,-0.0072715203,
3969,5339.830694675446,-0.03556531,
3970,5341.18470454216,-0.08524639,
3971,5342.558659315109,-0.057715394,
3972,5343.9258806705475,-0.229211,
3973,5345.322735786438,-0.30666152,
3974,5346.695159912109,-0.015497691,
3975,5348.054336071014,-0.07380653,
3976,5349.408504724503,-0.04033619,
3977,5350.76384472847,-0.013074963,
3978,5352.102596759796,-0.011219051,
3979,5353.453130722046,-0.027534911,
3980,5354.823819875717,-0.06353763,
3981,5356.202991247177,-0.08800924,
3982,5357.584748983383,-0.13615401,
3983,5358.9850833415985,-0.1282367,
3984,5360.398446798325,-0.08603871,
3985,5361.769255161285,-0.07735507,
3986,5363.168709278107,-0.08930816,
3987,5364.533165693283,-0.040268097,
3988,5365.900190353394,-0.12829782,
3989,5367.257614374161,-0.083583914,
3990,5368.625445604324,-0.08122007,
3991,5370.0034532547,-0.09119825,
3992,5371.397428274155,-0.05398323,
3993,5372.79639172554,-0.16336848,
3994,5374.160200834274,-0.05753429,
3995,5375.5290768146515,-0.119173236,
3996,5376.896117925644,-0.062093727,
3997,5378.260885477066,-0.010851484,
3998,5379.633766651154,-0.053629998,
3999,5381.000465393066,-0.046039794,
4000,5383.674006223679,-0.07394292,
4001,5385.040699005127,-0.06612727,
4002,5386.403470277786,-0.19629185,
4003,5387.773564815521,-0.1937435,
4004,5389.143516778946,-0.3498808,
4005,5390.505848646164,-0.12223105,
4006,5391.8714056015015,-0.15236779,
4007,5393.243523359299,-0.1839041,
4008,5394.598593950272,-0.19049881,
4009,5395.952117681503,-0.1560513,
4010,5397.298004150391,-0.08955315,
4011,5398.635624408722,-0.16145283,
4012,5399.990417480469,-0.1651932,
4013,5401.343984127045,-0.17005238,
4014,5402.706283569336,-0.04983937,
4015,5404.0925459861755,-0.1955007,
4016,5405.46685218811,-0.04345711,
4017,5406.848019838333,-0.058675103,
4018,5408.241006374359,-0.18317966,
4019,5409.628533363342,-0.05413823,
4020,5410.998900651932,-0.06271066,
4021,5412.379140138626,-0.10551263,
4022,5413.821404218674,-0.044527322,
4023,5415.228689193726,-0.05173036,
4024,5416.6209881305695,-0.110058114,
4025,5418.000098466873,-0.16861854,
4026,5419.3846180438995,-0.15633562,
4027,5420.7744290828705,-0.005431186,
4028,5422.1418607234955,-0.17551225,
4029,5423.521981477737,-0.3601306,
4030,5424.8977336883545,-0.021894246,
4031,5426.26873755455,-0.113815784,
4032,5427.640411615372,-0.089212276,
4033,5429.006453752518,-0.10214097,
4034,5430.373510599136,-0.27331278,
4035,5431.744702339172,-0.10173434,
4036,5433.186185359955,-0.10154113,
4037,5434.568504810333,-0.038788095,
4038,5435.956459760666,-0.056443054,
4039,5437.345415830612,-0.0778271,
4040,5438.711752653122,-0.07133369,
4041,5440.083395957947,-0.051778924,
4042,5441.493704080582,-0.08820378,
4043,5442.850274801254,-0.010854191,
4044,5444.204512119293,-0.010732116,
4045,5445.603159427643,-0.42334566,
4046,5446.970645904541,-0.036412526,
4047,5448.3605098724365,-0.14359647,
4048,5449.730083465576,-0.028288804,
4049,5451.085134267807,-0.07433438,
4050,5452.452183008194,-0.024198063,
4051,5453.82191824913,-0.483641,
4052,5455.204987049103,-0.004049233,
4053,5456.579772233963,-0.08165057,
4054,5457.935852766037,-0.10985073,
4055,5459.351173400879,-0.06584024,
4056,5460.748767375946,-0.07732783,
4057,5462.106995344162,-0.05648092,
4058,5463.476135253906,-0.0012900473,
4059,5464.8731689453125,-0.18439515,
4060,5466.245685338974,-0.018139603,
4061,5467.642108917236,-0.08995104,
4062,5469.003493070602,-0.032688927,
4063,5470.37205696106,-0.1660107,
4064,5471.7482278347015,-0.22419056,
4065,5473.1099400520325,-0.025580121,
4066,5474.457242965698,-0.32060325,
4067,5475.825796127319,-0.014596452,
4068,5477.190298318863,-0.3444187,
4069,5478.5566029548645,-0.047072627,
4070,5479.922758340836,-0.05225038,
4071,5481.285560131073,-0.08284391,
4072,5482.666422367096,-0.029155849,
4073,5484.04328250885,-0.05752665,
4074,5485.414768457413,-0.005715978,
4075,5486.781318187714,-0.004551067,
4076,5488.158878803253,-0.066821754,
4077,5489.528035879135,-0.13924982,
4078,5490.892473220825,-0.025146259,
4079,5492.295463085175,-0.054970916,
4080,5493.67697763443,-0.1300958,
4081,5495.069617509842,-0.12258683,
4082,5496.442118883133,-0.034043893,
4083,5497.815792560577,-0.011553181,
4084,5499.185072183609,-0.054518297,
4085,5500.569481372833,-0.023808928,
4086,5501.94828248024,-0.074247204,
4087,5503.33552980423,-0.063562684,
4088,5504.716345071793,-0.06825835,
4089,5506.076668977737,-0.10012375,
4090,5507.445761442184,-0.012704406,
4091,5508.821669816971,-0.05084915,
4092,5510.194026231766,-0.042127974,
4093,5511.56427693367,-0.10918388,
4094,5512.915850639343,-0.052056402,
4095,5514.292996168137,-0.082726754,
4096,5515.728202342987,-0.008579644,
4097,5517.077847480774,-0.0727922,
4098,5518.455313444138,-0.044985443,
4099,5519.825556516647,-0.025933703,
4100,5522.399044275284,-0.051600777,
4101,5523.730813026428,-0.17538092,
4102,5525.0762803554535,-0.22235745,
4103,5526.434743404388,-0.23733903,
4104,5527.769066333771,-0.051011372,
4105,5529.106627464294,-0.115637615,
4106,5530.439888954163,-0.039763793,
4107,5531.779836654663,-0.11441145,
4108,5533.117637395859,-0.03989563,
4109,5534.444058418274,-0.027542187,
4110,5535.777351140976,-0.11708759,
4111,5537.1055862903595,-0.008019417,
4112,5538.438738584518,-0.089628614,
4113,5539.790044546127,-0.07829937,
4114,5541.133818387985,-0.047726892,
4115,5542.461893796921,-0.06916934,
4116,5543.8001537323,-0.09935145,
4117,5545.110213756561,-0.3538772,
4118,5546.4835505485535,-0.118722096,
4119,5547.82361125946,-0.07885063,
4120,5549.174248218536,-0.07621777,
4121,5550.5001792907715,-0.017078893,
4122,5551.847460031509,-0.26440442,
4123,5553.198305130005,-0.5223909,
4124,5554.529443025589,-0.4062047,
4125,5555.86651301384,-0.2665327,
4126,5557.190737485886,-0.04337301,
4127,5558.52717423439,-0.037827577,
4128,5559.8729429244995,-0.025340991,
4129,5561.219060897827,-0.079076506,
4130,5562.553897380829,-0.06548691,
4131,5563.89736866951,-0.12865077,
4132,5565.222288370132,-0.2963088,
4133,5566.552324295044,-0.13031793,
4134,5567.904301404953,-0.07539152,
4135,5569.249439954758,-0.064239606,
4136,5570.580870628357,-0.06005169,
4137,5571.905498743057,-0.11566165,
4138,5573.2273824214935,-0.04198973,
4139,5574.557289838791,-0.04958373,
4140,5575.909846305847,-0.059481803,
4141,5577.252137184143,-0.33761328,
4142,5578.588953971863,-0.03795384,
4143,5579.928067207336,-0.050100863,
4144,5581.266886234283,-0.4916454,
4145,5582.6023190021515,-0.07724827,
4146,5583.935413599014,-0.15353397,
4147,5585.298470497131,-0.053086575,
4148,5586.6315042972565,-0.064737394,
4149,5587.956609964371,-0.23052411,
4150,5589.348473787308,-0.12233576,
4151,5590.693609237671,-0.36571163,
4152,5592.036204099655,-0.08178044,
4153,5593.376571416855,-0.034241177,
4154,5594.727968931198,-0.019076202,
4155,5596.081880092621,-0.05437458,
4156,5597.418401479721,-0.06854904,
4157,5598.768750429153,-0.2755241,
4158,5600.129505634308,-0.1426231,
4159,5601.477514028549,-0.20814008,
4160,5602.804701089859,-0.20156872,
4161,5604.14542722702,-0.09058482,
4162,5605.479074478149,-0.065039754,
4163,5606.813026666641,-0.13609162,
4164,5608.148438215256,-0.0051303855,
4165,5609.515733718872,-0.29086635,
4166,5610.873199224472,-0.06272936,
4167,5612.20539855957,-0.09841719,
4168,5613.534992456436,-0.099143796,
4169,5614.8754551410675,-0.06983332,
4170,5616.230988025665,-0.03549366,
4171,5617.575330734253,-0.03406096,
4172,5618.915590047836,-0.16887853,
4173,5620.274476051331,-0.19621648,
4174,5621.626622915268,-0.38457182,
4175,5622.995561361313,-0.22836408,
4176,5624.336651325226,-0.28381857,
4177,5625.7162528038025,-0.059180904,
4178,5627.067261219025,-0.063680485,
4179,5628.42116689682,-0.1384783,
4180,5629.804196834564,-0.18129298,
4181,5631.1265959739685,-0.05466967,
4182,5632.477432489395,-0.070576034,
4183,5633.806230068207,-0.06553315,
4184,5635.12757062912,-0.028066536,
4185,5636.503022432327,-0.022374325,
4186,5637.836453437805,-0.10979357,
4187,5639.166131734848,-0.09384445,
4188,5640.510149240494,-0.40042853,
4189,5641.863520622253,-0.14037673,
4190,5643.253617763519,-0.018235443,
4191,5644.5896899700165,-0.07622074,
4192,5645.9406588077545,-0.06444854,
4193,5647.303925275803,-0.09806048,
4194,5648.637214422226,-0.13368627,
4195,5649.967102527618,-0.03756452,
4196,5651.303272008896,-0.10750381,
4197,5652.650746822357,-0.021123774,
4198,5654.003244638443,-0.06379073,
4199,5655.354569196701,-0.06017579,
4200,5657.963139057159,-0.14546475,
4201,5659.291239738464,-0.029726991,
4202,5660.622403383255,-0.29685116,
4203,5661.961428165436,-0.21791765,
4204,5663.305970430374,-0.06339291,
4205,5664.638656377792,-0.08226142,
4206,5665.955513238907,-0.056670334,
4207,5667.285556077957,-0.10013027,
4208,5668.623792409897,-0.031678915,
4209,5669.952659845352,-0.060886867,
4210,5671.284810781479,-0.05996031,
4211,5672.665012121201,-0.14621286,
4212,5674.008344173431,-0.055938825,
4213,5675.345816612244,-0.052013528,
4214,5676.67990398407,-0.24534161,
4215,5678.005957603455,-0.14195123,
4216,5679.327829122543,-0.114175625,
4217,5680.648110151291,-0.11197438,
4218,5681.995491504669,-0.09185207,
4219,5683.3412075042725,-0.022993855,
4220,5684.696190595627,-0.2188331,
4221,5686.041076421738,-0.1750071,
4222,5687.379125833511,-0.019224524,
4223,5688.719661951065,-0.05414047,
4224,5690.062625646591,-0.036787134,
4225,5691.398681879044,-0.016794462,
4226,5692.742112636566,-0.09576815,
4227,5694.068567037582,-0.018503962,
4228,5695.392093896866,-0.21540892,
4229,5696.722813367844,-0.108621806,
4230,5698.055702924728,-0.043243803,
4231,5699.415521860123,-0.047195118,
4232,5700.755941867828,-0.17108254,
4233,5702.105838775635,-0.0800022,
4234,5703.453436374664,-0.16169494,
4235,5704.782670974731,-0.066368595,
4236,5706.126261949539,-0.13245603,
4237,5707.487361431122,-0.05636761,
4238,5708.822424411774,-0.1678938,
4239,5710.1534905433655,-0.078429334,
4240,5711.52469086647,-0.37288842,
4241,5712.857370138168,-0.24758933,
4242,5714.188036680222,-0.15076542,
4243,5715.522853374481,-0.10370056,
4244,5716.865539312363,-0.090921305,
4245,5718.197699069977,-0.14057705,
4246,5719.5382604599,-0.049545582,
4247,5720.8693079948425,-0.08362856,
4248,5722.219155550003,-0.050696034,
4249,5723.541883230209,-0.018445333,
4250,5724.963132381439,-0.1616664,
4251,5726.332269906998,-0.20644426,
4252,5727.691912174225,-0.09013606,
4253,5729.032840490341,-0.11198445,
4254,5730.364269018173,-0.19641197,
4255,5731.705991268158,-0.05150034,
4256,5733.047328472137,-0.103219785,
4257,5734.403908491135,-0.03033653,
4258,5735.752395868301,-0.0517781,
4259,5737.091418504715,-0.28802553,
4260,5738.424785375595,-0.05088514,
4261,5739.772611141205,-0.030205982,
4262,5741.131461620331,-0.12214036,
4263,5742.488291025162,-0.10306233,
4264,5743.833117723465,-0.027994918,
4265,5745.170233011246,-0.075872384,
4266,5746.616612911224,-0.03559177,
4267,5747.979944944382,-0.11809683,
4268,5749.345320701599,-0.04011153,
4269,5750.69371342659,-0.034077175,
4270,5752.01358628273,-0.14984834,
4271,5753.332912445068,-0.3457797,
4272,5754.6678013801575,-0.25770462,
4273,5756.005768299103,-0.12186101,
4274,5757.345360994339,-0.32738024,
4275,5758.702886581421,-0.114920214,
4276,5760.0616543293,-0.14140627,
4277,5761.411101579666,-0.04594648,
4278,5762.743796110153,-0.06188455,
4279,5764.0693736076355,-0.057454973,
4280,5765.424494504929,-0.024351962,
4281,5766.760615110397,-0.067632064,
4282,5768.142871618271,-0.1357419,
4283,5769.512140989304,-0.0027358131,
4284,5770.873608589172,-0.1322208,
4285,5772.202778339386,-0.013524788,
4286,5773.544447422028,-0.028120019,
4287,5774.879783630371,-0.08345965,
4288,5776.2171087265015,-0.14339915,
4289,5777.5836181640625,-0.05172196,
4290,5778.908249378204,-0.13594833,
4291,5780.244946718216,-0.123577274,
4292,5781.6287405490875,-0.21853435,
4293,5782.96488070488,-0.60176325,
4294,5784.3000473976135,-0.25767815,
4295,5785.640389919281,-0.1384166,
4296,5786.971789360046,-2.1321535,
4297,5788.313103914261,-0.063130856,
4298,5789.651118993759,-0.032017056,
4299,5790.9961767196655,-0.0043641035,
4300,5793.546365737915,-0.036945973,
4301,5794.868857622147,-0.11705966,
4302,5796.213539838791,-0.07523942,
4303,5797.541952848434,-0.11380162,
4304,5798.875927209854,-0.121903956,
4305,5800.209331035614,-0.04915467,
4306,5801.539710998535,-0.023955157,
4307,5802.879325866699,-0.09203146,
4308,5804.221256494522,-0.04809382,
4309,5805.557615041733,-0.07832551,
4310,5806.908328056335,-0.027337836,
4311,5808.232919931412,-0.2155084,
4312,5809.554754734039,-0.04800223,
4313,5810.865919828415,-0.025453907,
4314,5812.218387126923,-0.06043885,
4315,5813.566722393036,-0.21744525,
4316,5814.905964612961,-0.067220785,
4317,5816.253470897675,-0.07736931,
4318,5817.600823402405,-0.14098746,
4319,5818.976545333862,-0.03757234,
4320,5820.319184064865,-0.07172777,
4321,5821.655897140503,-0.052909814,
4322,5823.001144170761,-0.048442136,
4323,5824.329302549362,-0.48409417,
4324,5825.672291517258,-0.08445731,
4325,5827.0384657382965,-0.31301472,
4326,5828.433501005173,-0.055895735,
4327,5829.777626037598,-0.6584752,
4328,5831.114358663559,-0.039066132,
4329,5832.444731473923,-0.13483076,
4330,5833.790701627731,-0.0804271,
4331,5835.133889913559,-0.053245485,
4332,5836.49002623558,-0.020411568,
4333,5837.812029838562,-0.005185912,
4334,5839.138907194138,-0.18508443,
4335,5840.454644441605,-0.106960736,
4336,5841.811915874481,-0.068552345,
4337,5843.159557104111,-0.078075424,
4338,5844.518089056015,-0.05494416,
4339,5845.860992193222,-0.08832416,
4340,5847.198132514954,-0.0343615,
4341,5848.541037797928,-0.04972505,
4342,5849.923377752304,-0.0058944942,
4343,5851.269392251968,-0.011155544,
4344,5852.629282951355,-0.032821123,
4345,5853.970796585083,-0.056520868,
4346,5855.29864358902,-0.05143613,
4347,5856.633816957474,-0.06934462,
4348,5858.0030953884125,-0.055416882,
4349,5859.377404212952,-0.42943648,
4350,5860.723244667053,-0.06942503,
4351,5862.05831360817,-0.120443866,
4352,5863.418767213821,-0.088290066,
4353,5864.761998653412,-0.04786511,
4354,5866.095161437988,-0.07852644,
4355,5867.445180654526,-0.0862024,
4356,5868.781590223312,-0.21954134,
4357,5870.108763933182,-0.079784796,
4358,5871.449580907822,-0.018627273,
4359,5872.801388978958,-0.05381837,
4360,5874.149863004684,-0.06372559,
4361,5875.494074344635,-0.0072305272,
4362,5876.877222061157,-0.18678357,
4363,5878.238903284073,-0.07773473,
4364,5879.592522382736,-0.027523192,
4365,5880.933596134186,-0.091732904,
4366,5882.256188392639,-0.055645037,
4367,5883.588965177536,-0.012086645,
4368,5884.92110991478,-0.060089886,
4369,5886.268859863281,-0.02482044,
4370,5887.620315790176,-0.20072529,
4371,5888.948702096939,-0.011527538,
4372,5890.290654659271,-0.008534974,
4373,5891.659013748169,-0.025078218,
4374,5892.990527153015,-0.00082255114,
4375,5894.342591524124,-0.18004587,
4376,5895.6622042655945,-0.050605156,
4377,5896.976703166962,-0.09888811,
4378,5898.294888019562,-0.25971425,
4379,5899.636250972748,-0.21164197,
4380,5900.979419469833,-1.6206602,
4381,5902.329998016357,-0.03670805,
4382,5903.693542957306,-0.025725884,
4383,5905.036839962006,-0.04940774,
4384,5906.388983488083,-0.006060442,
4385,5907.719861030579,-0.035955735,
4386,5909.0579662323,-0.18087685,
4387,5910.430698633194,-0.49488914,
4388,5911.786911725998,-0.37032548,
4389,5913.119374752045,-0.3623591,
4390,5914.460088014603,-0.4602175,
4391,5915.822753429413,-0.07468336,
4392,5917.1672468185425,-0.2718013,
4393,5918.5132801532745,-0.1915179,
4394,5919.852268457413,-0.35931912,
4395,5921.185263395309,-0.4249381,
4396,5922.537125349045,-0.90175474,
4397,5923.885038137436,-0.16101596,
4398,5925.236609697342,-0.48636618,
4399,5926.57238650322,-0.3515634,
4400,5929.0847816467285,-0.19678631,
4401,5930.419649839401,-0.16866252,
4402,5931.748475790024,-0.2760555,
4403,5933.088493347168,-0.1381319,
4404,5934.4268000125885,-0.064108655,
4405,5935.775744199753,-0.17718865,
4406,5937.120281934738,-0.051430285,
4407,5938.479354143143,-0.05728251,
4408,5939.822456121445,-0.16011843,
4409,5941.162154912949,-0.07355547,
4410,5942.488369703293,-0.056681424,
4411,5943.809000253677,-0.052661717,
4412,5945.162109851837,-0.060541328,
4413,5946.506758451462,-0.049816955,
4414,5947.847315311432,-0.11939177,
4415,5949.20797252655,-0.022287088,
4416,5950.565727710724,-0.2636636,
4417,5951.897311925888,-0.36589703,
4418,5953.2255527973175,-0.10542096,
4419,5954.60293006897,-0.84723514,
4420,5955.9487290382385,-0.31090847,
4421,5957.284734964371,-0.067732565,
4422,5958.609503269196,-0.38933825,
4423,5959.958274364471,-0.23226932,
4424,5961.300674200058,-0.054377433,
4425,5962.6401307582855,-0.10439438,
4426,5963.973943948746,-0.1311264,
4427,5965.323462486267,-0.1054798,
4428,5966.663768053055,-0.050290093,
4429,5968.010034561157,-0.030920422,
4430,5969.383673906326,-0.019279253,
4431,5970.736023902893,-0.055882283,
4432,5972.064030885696,-0.022298539,
4433,5973.391090869904,-0.03853924,
4434,5974.738553285599,-0.021952804,
4435,5976.072154283524,-0.051908836,
4436,5977.412224292755,-0.07334829,
4437,5978.765444993973,-0.2900806,
4438,5980.108778715134,-0.25738025,
4439,5981.444475412369,-0.009007824,
4440,5982.822229385376,-0.055723615,
4441,5984.168699264526,-0.056495816,
4442,5985.514343500137,-0.042990167,
4443,5986.853629827499,-0.047981005,
4444,5988.179799318314,-0.087862775,
4445,5989.52112865448,-0.07864482,
4446,5990.873251199722,-0.028856935,
4447,5992.234981060028,-0.052259967,
4448,5993.6155161857605,-0.12791193,
4449,5994.964773416519,-0.03926892,
4450,5996.317091464996,-0.20988247,
4451,5997.661930561066,-0.20840685,
4452,5999.0246369838715,-0.11103261,
4453,6000.368854999542,-0.03306164,
4454,6001.715592622757,-0.057930555,
4455,6003.062587738037,-0.044699095,
4456,6004.388942956924,-0.10050416,
4457,6005.738632440567,-0.08015406,
4458,6007.099627733231,-0.091735296,
4459,6008.441970825195,-0.006863847,
4460,6009.781110048294,-0.19962344,
4461,6011.119948625565,-0.21978854,
4462,6012.455609083176,-0.044340827,
4463,6013.798354625702,-0.04451958,
4464,6015.140687227249,-0.10916664,
4465,6016.480666875839,-0.08919324,
4466,6017.82497882843,-0.04017347,
4467,6019.15225148201,-0.043506753,
4468,6020.480356693268,-0.029458933,
4469,6021.811548471451,-0.06932904,
4470,6023.165313005447,-0.07147815,
4471,6024.496231079102,-0.065409005,
4472,6025.832880973816,-0.086516604,
4473,6027.166336297989,-0.05863606,
4474,6028.516319513321,-0.43829098,
4475,6029.857463359833,-0.037485607,
4476,6031.1970336437225,-0.15582749,
4477,6032.529845237732,-0.06695879,
4478,6033.86406826973,-0.077768095,
4479,6035.1965408325195,-0.15275006,
4480,6036.531811714172,-0.21926895,
4481,6037.865384101868,-0.109486386,
4482,6039.217744350433,-0.3901599,
4483,6040.565632820129,-0.35650575,
4484,6041.90820145607,-0.24563627,
4485,6043.243408918381,-0.8102242,
4486,6044.612931966782,-0.29240587,
4487,6045.945234298706,-0.15440175,
4488,6047.260852098465,-0.10917691,
4489,6048.585490465164,-0.13252415,
4490,6049.947803258896,-0.18304473,
4491,6051.284005880356,-0.24466418,
4492,6052.626466989517,-0.8158496,
4493,6053.964117527008,-0.060498774,
4494,6055.312613964081,-0.017135827,
4495,6056.659488916397,-0.06735068,
4496,6058.012913942337,-0.13546778,
4497,6059.361305475235,-0.046939597,
4498,6060.71693778038,-0.13514438,
4499,6062.047358512878,-0.066809416,
4500,6064.50617814064,-0.022764206,
4501,6065.877702713013,-0.08238649,
4502,6067.211942911148,-0.020495191,
4503,6068.54493522644,-0.014174975,
4504,6069.881797790527,-0.12883267,
4505,6071.213582992554,-0.0809063,
4506,6072.555755615234,-0.0077181235,
4507,6073.887790679932,-0.07185567,
4508,6075.220310211182,-0.03072856,
4509,6076.56670665741,-0.053062756,
4510,6077.906486988068,-0.09927815,
4511,6079.242673397064,-0.16796264,
4512,6080.636563301086,-0.10592908,
4513,6081.989291667938,-0.8132478,
4514,6083.353358507156,-0.9536128,
4515,6084.696848630905,-0.3507394,
4516,6086.044508695602,-0.87335926,
4517,6087.396000862122,-0.8912327,
4518,6088.77719950676,-0.08736945,
4519,6090.124535322189,-0.16688706,
4520,6091.4574406147,-0.15862747,
4521,6092.78462266922,-0.088604204,
4522,6094.116332054138,-0.042167593,
4523,6095.435731887817,-0.017338172,
4524,6096.761765003204,-0.06373945,
4525,6098.1030061244965,-0.066014856,
4526,6099.45400595665,-0.059388697,
4527,6100.790377855301,-0.034818225,
4528,6102.125914573669,-0.029203508,
4529,6103.466251850128,-0.011532295,
4530,6104.800492763519,-0.036097225,
4531,6106.125113964081,-0.042567357,
4532,6107.467736244202,-0.06117402,
4533,6108.79944062233,-0.05905471,
4534,6110.131783246994,-0.06486666,
4535,6111.466238021851,-0.08061838,
4536,6112.827343463898,-0.061142325,
4537,6114.20427441597,-0.08095505,
4538,6115.538901567459,-0.063976526,
4539,6116.88603925705,-0.019504,
4540,6118.236526966095,-0.10144172,
4541,6119.588361978531,-0.056076445,
4542,6121.0011377334595,-0.07046809,
4543,6122.349150896072,-0.13350643,
4544,6123.686832666397,-0.17610209,
4545,6125.017650127411,-0.2170985,
4546,6126.366113901138,-0.057716675,
4547,6127.739370107651,-0.15452856,
4548,6129.088114500046,-0.11266183,
4549,6130.455602645874,-0.07605036,
4550,6131.790500164032,-0.035066564,
4551,6133.1219136714935,-0.2209276,
4552,6134.471429109573,-0.19918005,
4553,6135.810732126236,-0.0815123,
4554,6137.155521154404,-0.07723004,
4555,6138.483776092529,-0.06520476,
4556,6139.804726362228,-0.1324679,
4557,6141.12803196907,-0.098452,
4558,6142.445348262787,-0.0680729,
4559,6143.773484706879,-0.08477134,
4560,6145.097445011139,-0.11020203,
4561,6146.430669307709,-0.04498904,
4562,6147.771397829056,-0.04257849,
4563,6149.107595443726,-0.023614515,
4564,6150.449729204178,-0.05704845,
4565,6151.797567129135,-0.27678454,
4566,6153.152898073196,-0.1410147,
4567,6154.484395027161,-0.08067184,
4568,6155.822124242783,-0.26691994,
4569,6157.168320417404,-0.07427768,
4570,6158.514703512192,-0.013508759,
4571,6159.84344625473,-0.16894835,
4572,6161.201285600662,-0.20005272,
4573,6162.54198718071,-0.11754363,
4574,6163.878180980682,-0.22122134,
4575,6165.217089176178,-0.05241551,
4576,6166.58084654808,-0.021236172,
4577,6167.90559220314,-0.14216727,
4578,6169.2362270355225,-0.2438083,
4579,6170.562272310257,-0.17100757,
4580,6171.888728618622,-0.32981598,
4581,6173.229784727097,-0.17147376,
4582,6174.565725803375,-0.111518346,
4583,6175.900797843933,-0.09664794,
4584,6177.233608007431,-0.56171083,
4585,6178.57696390152,-0.122845076,
4586,6179.893755435944,-0.027593011,
4587,6181.243515968323,-0.10821062,
4588,6182.565124750137,-0.0795204,
4589,6183.873051643372,-0.16768597,
4590,6185.201945066452,-0.04056783,
4591,6186.56257891655,-0.24878065,
4592,6187.875264644623,-0.016893566,
4593,6189.190492630005,-0.032164626,
4594,6190.561878204346,-0.058491495,
4595,6191.910868883133,-0.017046759,
4596,6193.259983301163,-0.037791573,
4597,6194.626892566681,-0.016216576,
4598,6195.947918176651,-0.047560744,
4599,6197.281106710434,-0.092411906,
4600,6199.7616674900055,-0.03165695,
4601,6201.0758628845215,-0.036318954,
4602,6202.401788473129,-0.037162367,
4603,6203.738617658615,-0.105273746,
4604,6205.047909736633,-0.0040692133,
4605,6206.397428274155,-0.08335613,
4606,6207.743906021118,-0.07984311,
4607,6209.061265707016,-0.03414328,
4608,6210.382005691528,-0.025934622,
4609,6211.706528902054,-0.17327365,
4610,6213.019998550415,-0.00252083,
4611,6214.355217218399,-0.028542398,
4612,6215.673812389374,-0.17925659,
4613,6216.989924907684,-0.7193691,
4614,6218.305497169495,-0.9695882,
4615,6219.6436855793,-0.4962511,
4616,6221.008691310883,-0.34924322,
4617,6222.36142373085,-0.3659778,
4618,6223.708768367767,-0.674001,
4619,6225.037395477295,-0.33140892,
4620,6226.3563940525055,-0.50144327,
4621,6227.682357311249,-0.30376035,
4622,6229.007659912109,-0.19985092,
4623,6230.326990842819,-0.2796642,
4624,6231.6495888233185,-0.26525712,
4625,6232.973431348801,-0.09692529,
4626,6234.287263393402,-0.031196536,
4627,6235.638509750366,-0.07564862,
4628,6236.999997615814,-0.015401147,
4629,6238.356918334961,-0.060672186,
4630,6239.71387553215,-0.09113525,
4631,6241.074733495712,-0.0354105,
4632,6242.431079626083,-0.07382716,
4633,6243.764751672745,-0.1876679,
4634,6245.100732803345,-0.028912606,
4635,6246.421748161316,-0.024885701,
4636,6247.747464418411,-0.15614912,
4637,6249.0684361457825,-0.14452218,
4638,6250.4001343250275,-0.24696912,
4639,6251.72448182106,-0.16420726,
4640,6253.04886507988,-0.2809873,
4641,6254.387113571167,-0.1838091,
4642,6255.701145172119,-0.025372412,
4643,6257.031213760376,-0.10514843,
4644,6258.346406698227,-0.05019622,
4645,6259.668895959854,-0.05684183,
4646,6260.98392701149,-0.059309553,
4647,6262.312685728073,-0.022223953,
4648,6263.6316521167755,-0.017486816,
4649,6264.949768781662,-0.06830901,
4650,6266.265999078751,-0.02027507,
4651,6267.568708896637,-0.087256044,
4652,6268.879591226578,-0.09942721,
4653,6270.196970701218,-0.028070906,
4654,6271.528086185455,-0.0682765,
4655,6272.853601694107,-0.034331843,
4656,6274.17063331604,-0.04139367,
4657,6275.498089551926,-1.0069449,
4658,6276.826630353928,-0.26783162,
4659,6278.142761707306,-0.041906953,
4660,6279.466314077377,-0.090928495,
4661,6280.7853281497955,-0.3225456,
4662,6282.09609746933,-0.20895834,
4663,6283.40678358078,-0.16472742,
4664,6284.749297857285,-1.468807,
4665,6286.076799154282,-0.066694096,
4666,6287.38581776619,-0.02993225,
4667,6288.698469877243,-0.30207515,
4668,6290.025931119919,-0.077259585,
4669,6291.343408346176,-0.02327017,
4670,6292.665778636932,-0.065540805,
4671,6293.99077963829,-0.056009445,
4672,6295.3212890625,-0.04220536,
4673,6296.66578912735,-0.1447328,
4674,6298.0196034908295,-0.056864936,
4675,6299.347033500671,-0.084036075,
4676,6300.69021320343,-0.03717075,
4677,6302.020567893982,-0.069981225,
4678,6303.381957054138,-0.04604298,
4679,6304.725620985031,-0.13423873,
4680,6306.064819097519,-0.048441812,
4681,6307.420245170593,-0.28214216,
4682,6308.750769138336,-0.26420102,
4683,6310.05454492569,-0.03553622,
4684,6311.3970375061035,-0.09810536,
4685,6312.721660614014,-0.19117698,
4686,6314.041553497314,-0.04617221,
4687,6315.351291418076,-0.5954432,
4688,6316.667628765106,-0.10162173,
4689,6317.983095884323,-0.09835686,
4690,6319.305401086807,-0.09811819,
4691,6320.623157978058,-0.51853997,
4692,6321.943483829498,-0.1265922,
4693,6323.263375997543,-0.29040045,
4694,6324.58699131012,-0.4593045,
4695,6325.922912836075,-0.23498854,
4696,6327.2476098537445,-0.048479266,
4697,6328.586462974548,-0.09783968,
4698,6329.907826423645,-0.11205881,
4699,6331.232609510422,-0.11280042,
4700,6333.693858861923,-0.064340435,
4701,6335.03072309494,-0.0648949,
4702,6336.406533241272,-0.030217566,
4703,6337.725848197937,-0.08876804,
4704,6339.052028894424,-0.12973772,
4705,6340.380733013153,-0.05480348,
4706,6341.715863466263,-0.1439096,
4707,6343.045393705368,-0.15506294,
4708,6344.366276741028,-0.23511815,
4709,6345.696207284927,-0.04217212,
4710,6347.011192083359,-0.3098421,
4711,6348.350449800491,-0.020826306,
4712,6349.646807909012,-0.06447988,
4713,6350.9605276584625,-0.08750056,
4714,6352.2709991931915,-0.08181631,
4715,6353.581649303436,-0.044381954,
4716,6354.889384508133,-0.100685105,
4717,6356.19723534584,-0.049116354,
4718,6357.5053906440735,-0.03932374,
4719,6358.807576417923,-0.058700506,
4720,6360.117648601532,-0.05420548,
4721,6361.4786286354065,-0.07268149,
4722,6362.818959951401,-0.077114105,
4723,6364.147454500198,-0.0524659,
4724,6365.512800216675,-0.039602358,
4725,6366.837127447128,-0.1681736,
4726,6368.166040420532,-0.36501753,
4727,6369.496385812759,-0.9338971,
4728,6370.8168885707855,-0.034120865,
4729,6372.1280698776245,-0.049515158,
4730,6373.446309804916,-0.15565811,
4731,6374.793492555618,-0.10789657,
4732,6376.109512329102,-0.063497886,
4733,6377.418070077896,-0.030330913,
4734,6378.752430677414,-0.18276918,
4735,6380.060208082199,-0.12726335,
4736,6381.386462926865,-0.07242437,
4737,6382.695302963257,-0.02945356,
4738,6384.002902984619,-0.07147884,
4739,6385.338466644287,-0.11183418,
4740,6386.647224903107,-0.122298785,
4741,6387.959697723389,-0.14417635,
4742,6389.2757523059845,-0.05876065,
4743,6390.586846113205,-0.07233063,
4744,6391.899190664291,-0.030449774,
4745,6393.237083673477,-0.042635582,
4746,6394.557523488998,-0.065468356,
4747,6395.874635696411,-0.04669877,
4748,6397.18558049202,-0.1252921,
4749,6398.496715068817,-0.16441149,
4750,6399.886163949966,-0.06845784,
4751,6401.267481088638,-0.22938532,
4752,6402.60893368721,-0.2974751,
4753,6403.923261165619,-0.13282089,
4754,6405.234505414963,-0.021564387,
4755,6406.556959152222,-0.045129675,
4756,6407.874182701111,-0.025414,
4757,6409.1820611953735,-0.12972145,
4758,6410.496530532837,-0.052125093,
4759,6411.8176827430725,-0.35052097,
4760,6413.146503448486,-0.017637426,
4761,6414.46887922287,-0.041942876,
4762,6415.786438465118,-0.004474897,
4763,6417.097246170044,-0.2831691,
4764,6418.417768478394,-0.06660589,
4765,6419.729288578033,-0.2526973,
4766,6421.062577962875,-0.1914218,
4767,6422.403433561325,-0.05914783,
4768,6423.717132091522,-0.015387584,
4769,6425.038576602936,-0.030212112,
4770,6426.3955862522125,-0.012340232,
4771,6427.757196187973,-0.10469161,
4772,6429.084854841232,-0.011223072,
4773,6430.39098739624,-0.0590545,
4774,6431.701834201813,-0.055548087,
4775,6433.018711090088,-0.032468565,
4776,6434.345463514328,-0.037587665,
4777,6435.686668872833,-0.44470206,
4778,6437.014910459518,-0.10909532,
4779,6438.337022781372,-0.14488876,
4780,6439.654093027115,-0.16214451,
4781,6440.973705768585,-0.08230254,
4782,6442.2890248298645,-0.060129926,
4783,6443.602137565613,-0.02522698,
4784,6444.917085409164,-0.10158473,
4785,6446.227985858917,-0.01899277,
4786,6447.551481962204,-0.17744777,
4787,6448.866844892502,-0.024269333,
4788,6450.205107450485,-0.032322247,
4789,6451.524536371231,-0.043148026,
4790,6452.836353778839,-0.80165744,
4791,6454.150025129318,-0.13715856,
4792,6455.460202932358,-0.10781079,
4793,6456.784719705582,-0.07855182,
4794,6458.100710391998,-0.043210145,
4795,6459.427365541458,-0.08331394,
4796,6460.741068124771,-0.18398091,
4797,6462.043432235718,-0.06373463,
4798,6463.356145858765,-0.019743051,
4799,6464.6519384384155,-0.07466509,
4800,6467.090061187744,-0.029137768,
4801,6468.43755197525,-0.17557988,
4802,6469.773184299469,-0.123821914,
4803,6471.100748062134,-0.08559352,
4804,6472.413245677948,-0.08562389,
4805,6473.734527587891,-0.034118563,
4806,6475.0672109127045,-0.0060532326,
4807,6476.38858127594,-0.19179775,
4808,6477.731209754944,-0.05547036,
4809,6479.048678636551,-0.092839815,
4810,6480.368487596512,-0.12933981,
4811,6481.691512823105,-0.01264104,
4812,6483.0022621154785,-0.031588286,
4813,6484.319128513336,-0.022979239,
4814,6485.6485068798065,-0.1556751,
4815,6487.00905585289,-0.025219873,
4816,6488.3540143966675,-0.04031087,
4817,6489.698744535446,-0.17786682,
4818,6491.0352165699005,-0.15060245,
4819,6492.387748241425,-0.078326434,
4820,6493.741874933243,-0.03003423,
4821,6495.146346569061,-0.043815974,
4822,6496.495655298233,-0.011078539,
4823,6497.846750497818,-0.36483732,
4824,6499.190789461136,-0.14596722,
4825,6500.546241760254,-0.13445073,
4826,6501.903589248657,-0.12738663,
4827,6503.275962591171,-0.056148265,
4828,6504.579474687576,-0.09458647,
4829,6505.88734960556,-0.21116075,
4830,6507.187650203705,-0.13594036,
4831,6508.502309322357,-0.13650207,
4832,6509.8122680187225,-0.22140563,
4833,6511.128715515137,-0.05652459,
4834,6512.4511959552765,-0.02083185,
4835,6513.774171113968,-0.1166463,
4836,6515.087690591812,-0.037673052,
4837,6516.4122812747955,-0.0910386,
4838,6517.755474090576,-0.045459233,
4839,6519.100122928619,-0.107973605,
4840,6520.410846233368,-0.17202452,
4841,6521.728399991989,-0.033946563,
4842,6523.045355319977,-0.08029804,
4843,6524.360779285431,-0.1929206,
4844,6525.667017698288,-0.308036,
4845,6526.985170841217,-0.17928587,
4846,6528.298570394516,-0.07762328,
4847,6529.6626851558685,-0.29531133,
4848,6531.001821517944,-0.11751816,
4849,6532.34988117218,-0.29660583,
4850,6533.69729590416,-0.118834004,
4851,6535.01961517334,-0.14035232,
4852,6536.335240125656,-0.30778188,
4853,6537.6723663806915,-0.22643915,
4854,6538.9853303432465,-0.2034394,
4855,6540.349431753159,-0.24456434,
4856,6541.66360783577,-0.16098166,
4857,6542.974695444107,-0.071295895,
4858,6544.297203540802,-0.63561785,
4859,6545.616005420685,-0.114069805,
4860,6546.937009334564,-0.18214327,
4861,6548.2646560668945,-0.17730615,
4862,6549.590371608734,-0.9822932,
4863,6550.921775102615,-0.1749659,
4864,6552.235349655151,-0.19215296,
4865,6553.546146154404,-0.61499476,
4866,6554.854318380356,-0.04620156,
4867,6556.183840036392,-0.003130686,
4868,6557.517183303833,-0.027571294,
4869,6558.856132984161,-0.07816774,
4870,6560.171636581421,-0.2431363,
4871,6561.48224401474,-0.10268004,
4872,6562.788676261902,-0.045141287,
4873,6564.111419200897,-0.0795229,
4874,6565.424391746521,-0.20360102,
4875,6566.7413992881775,-0.069459595,
4876,6568.0550174713135,-0.17227782,
4877,6569.430424213409,-0.019470979,
4878,6570.744899749756,-0.1335708,
4879,6572.056891202927,-0.059211254,
4880,6573.3607721328735,-0.06876526,
4881,6574.667546510696,-0.04645649,
4882,6575.970267772675,-0.09436127,
4883,6577.276522397995,-0.07915247,
4884,6578.58395075798,-0.025177829,
4885,6579.9170026779175,-0.012716161,
4886,6581.234576463699,-0.005703704,
4887,6582.549185752869,-0.01896061,
4888,6583.8768429756165,-0.039927993,
4889,6585.205085515976,-0.036801405,
4890,6586.515748262405,-0.011380103,
4891,6587.83794760704,-0.19136502,
4892,6589.1496703624725,-0.06797136,
4893,6590.460988521576,-0.1330264,
4894,6591.7708377838135,-0.050352734,
4895,6593.084368944168,-0.016549082,
4896,6594.401561737061,-0.118353695,
4897,6595.729048252106,-0.083608806,
4898,6597.042198181152,-0.061472174,
4899,6598.360963106155,-0.0093578305,
4900,6600.791544914246,-0.013844447,
4901,6602.103286266327,-0.11429061,
4902,6603.4306671619415,-0.033343602,
4903,6604.7491106987,-0.2594418,
4904,6606.0551154613495,-0.10967533,
4905,6607.367475032806,-0.050556734,
4906,6608.689237356186,-0.056509644,
4907,6609.998023509979,-0.10262287,
4908,6611.330177783966,-0.07088486,
4909,6612.661511898041,-0.06731364,
4910,6613.990818500519,-0.005723165,
4911,6615.2866287231445,-0.18876706,
4912,6616.602293014526,-0.029930929,
4913,6617.9335815906525,-0.0664404,
4914,6619.289234876633,-0.07447438,
4915,6620.60480594635,-0.0057077785,
4916,6621.944778680801,-0.45566395,
4917,6623.2585554122925,-0.009315115,
4918,6624.574674606323,-0.09310676,
4919,6625.889271020889,-0.03551203,
4920,6627.2098569869995,-0.08710477,
4921,6628.517068147659,-0.048614383,
4922,6629.825170278549,-0.034354627,
4923,6631.1353278160095,-0.043615945,
4924,6632.450869560242,-0.028749675,
4925,6633.757276773453,-0.08466427,
4926,6635.088517665863,-0.06623852,
4927,6636.401149988174,-0.031377356,
4928,6637.704471349716,-0.046567425,
4929,6639.006412029266,-0.047441293,
4930,6640.312246322632,-0.04518386,
4931,6641.630026340485,-0.035784617,
4932,6642.935746908188,-0.044135325,
4933,6644.23878121376,-0.04358429,
4934,6645.546132564545,-0.08557941,
4935,6646.863164663315,-0.009422151,
4936,6648.190546989441,-0.030735176,
4937,6649.527915716171,-0.08814943,
4938,6650.852730989456,-0.14159814,
4939,6652.1722865104675,-0.4048014,
4940,6653.500289678574,-0.08043855,
4941,6654.825704336166,-0.019403571,
4942,6656.1479597091675,-0.10092099,
4943,6657.47595500946,-0.13051596,
4944,6658.792280912399,-0.05833655,
4945,6660.10933971405,-0.07953319,
4946,6661.45702791214,-0.034957148,
4947,6662.79061126709,-0.011330231,
4948,6664.136219263077,-0.08580073,
4949,6665.478239536285,-0.24736066,
4950,6666.795899391174,-0.10445468,
4951,6668.130496501923,-0.06567553,
4952,6669.435347795486,-0.03644437,
4953,6670.744833946228,-0.16203986,
4954,6672.07223367691,-0.13313979,
4955,6673.399340867996,-0.09895889,
4956,6674.727402210236,-0.04676425,
4957,6676.044110774994,-0.06049203,
4958,6677.358189821243,-0.06658721,
4959,6678.685750484467,-0.31471354,
4960,6680.035700082779,-0.050961614,
4961,6681.387713193893,-0.07677519,
4962,6682.737272977829,-0.022334479,
4963,6684.066356658936,-0.07641649,
4964,6685.386710166931,-0.09348497,
4965,6686.713721513748,-0.06636089,
4966,6688.0413336753845,-0.08171507,
4967,6689.358146905899,-0.12453094,
4968,6690.667147397995,-0.056225583,
4969,6691.9746289253235,-0.058117963,
4970,6693.283634901047,-0.16614434,
4971,6694.608063459396,-0.04390827,
4972,6695.943425893784,-0.0703443,
4973,6697.278925895691,-0.06374687,
4974,6698.605103969574,-0.012167714,
4975,6699.93633389473,-0.62775165,
4976,6701.260508775711,-0.060741812,
4977,6702.590193986893,-0.20358728,
4978,6703.913434267044,-0.06913074,
4979,6705.242473125458,-0.016732467,
4980,6706.595499753952,-0.12810525,
4981,6707.921658039093,-0.029101364,
4982,6709.232453584671,-0.16951737,
4983,6710.552700281143,-0.0325976,
4984,6711.872939348221,-0.079406895,
4985,6713.185853719711,-0.10799766,
4986,6714.493219137192,-0.025209814,
4987,6715.8299725055695,-0.012725853,
4988,6717.140917539597,-0.018456068,
4989,6718.454071760178,-0.03305838,
4990,6719.768795251846,-0.08038816,
4991,6721.086297512054,-0.02358243,
4992,6722.395344018936,-0.024527429,
4993,6723.740766763687,-0.05962433,
4994,6725.079233169556,-0.14623377,
4995,6726.436079978943,-0.030149624,
4996,6727.801873207092,-0.035967622,
4997,6729.155392408371,-0.2813996,
4998,6730.501740694046,-0.079934984,
4999,6731.83886384964,-0.24477082,
5000,6734.471427440643,-0.22534242,
5001,6735.816383123398,-0.09465489,
5002,6737.131182909012,-0.112915926,
5003,6738.449665307999,-0.03478936,
5004,6739.769033670425,-0.03126805,
5005,6741.082474946976,-0.0418207,
5006,6742.4078488349915,-0.15878612,
5007,6743.869626045227,-0.0994522,
5008,6745.189654588699,-0.09738659,
5009,6746.524639844894,-0.70074886,
5010,6747.84933590889,-0.39380318,
5011,6749.178118228912,-0.030235037,
5012,6750.512373447418,-0.09093142,
5013,6751.841459989548,-0.33141378,
5014,6753.149717569351,-0.46817565,
5015,6754.463517904282,-0.05286586,
5016,6755.785224914551,-0.094567895,
5017,6757.101488113403,-0.06910861,
5018,6758.40749669075,-0.0565245,
5019,6759.715742826462,-0.057472836,
5020,6761.026948213577,-0.11369767,
5021,6762.349564790726,-0.020924745,
5022,6763.657301425934,-0.066123076,
5023,6764.9749093055725,-0.061764285,
5024,6766.280388593674,-0.034295037,
5025,6767.593738555908,-0.07330798,
5026,6768.911166906357,-0.15470149,
5027,6770.243082523346,-0.03154397,
5028,6771.56099319458,-0.13252771,
5029,6772.889341831207,-0.054027658,
5030,6774.215846538544,-0.10153234,
5031,6775.537796497345,-0.112790994,
5032,6776.853688001633,-0.11168714,
5033,6778.181880712509,-0.11625182,
5034,6779.494645118713,-0.25515842,
5035,6780.817964315414,-0.07424821,
5036,6782.141388177872,-0.1552946,
5037,6783.475567817688,-0.012089485,
5038,6784.818456172943,-0.15779015,
5039,6786.173524856567,-0.07107883,
5040,6787.498418092728,-0.05250968,
5041,6788.810179710388,-0.046841647,
5042,6790.122394323349,-0.12732801,
5043,6791.440237522125,-0.04213523,
5044,6792.761585474014,-0.049479507,
5045,6794.092689275742,-0.022934796,
5046,6795.417647600174,-0.0075594466,
5047,6796.7300362586975,-0.08284131,
5048,6798.054226875305,-0.19726366,
5049,6799.3682680130005,-0.10341321,
5050,6800.688017845154,-0.1268839,
5051,6802.006249427795,-0.0071599167,
5052,6803.343146085739,-0.10213725,
5053,6804.6613302230835,-0.2692524,
5054,6805.982433319092,-0.21457338,
5055,6807.294290304184,-0.018863376,
5056,6808.60254740715,-0.052655995,
5057,6809.967067241669,-0.048840217,
5058,6811.343403816223,-0.062467687,
5059,6812.6947984695435,-0.060004592,
5060,6814.075402259827,-0.22359848,
5061,6815.441093683243,-0.056833617,
5062,6816.786812067032,-0.11737481,
5063,6818.101414203644,-0.031326853,
5064,6819.426738023758,-0.00920972,
5065,6820.752526521683,-0.03536866,
5066,6822.1088144779205,-0.04299408,
5067,6823.457473278046,-0.10475756,
5068,6824.778628349304,-0.17193417,
5069,6826.094917535782,-0.06069985,
5070,6827.428197145462,-0.095973045,
5071,6828.742545604706,-0.08491969,
5072,6830.069057703018,-0.0402743,
5073,6831.395579576492,-0.027048172,
5074,6832.714055776596,-0.037187263,
5075,6834.041797161102,-0.030570168,
5076,6835.362002849579,-0.04242905,
5077,6836.694391489029,-0.04234714,
5078,6838.015506744385,-0.03282639,
5079,6839.338283061981,-0.010803535,
5080,6840.661217689514,-0.07904068,
5081,6841.987728595734,-0.08117597,
5082,6843.313628196716,-0.060754817,
5083,6844.652573108673,-0.19698066,
5084,6845.985567569733,-0.022269033,
5085,6847.334224939346,-0.13783342,
5086,6848.66517829895,-0.59493273,
5087,6850.0011348724365,-0.8320887,
5088,6851.3246784210205,-0.4114256,
5089,6852.66260266304,-0.60321105,
5090,6853.99915933609,-0.38370854,
5091,6855.335298538208,-0.1285615,
5092,6856.6766946315765,-0.036052316,
5093,6858.0100729465485,-0.0145059,
5094,6859.341149330139,-0.0915894,
5095,6860.689907550812,-0.08023162,
5096,6862.029950618744,-0.019323941,
5097,6863.370639801025,-0.051031597,
5098,6864.692594528198,-0.053488582,
5099,6866.008367061615,-0.06102079,
5100,6868.509002923965,-0.06393405,
5101,6869.84271645546,-0.18776828,
5102,6871.173447370529,-0.028434195,
5103,6872.54058098793,-0.030064236,
5104,6873.875082492828,-0.11372715,
5105,6875.2008447647095,-0.038812645,
5106,6876.52903342247,-0.065942645,
5107,6877.851388216019,-0.33789483,
5108,6879.185876131058,-0.052779492,
5109,6880.500868320465,-0.07438146,
5110,6881.811588048935,-0.0234794,
5111,6883.132892370224,-0.16919996,
5112,6884.45330953598,-0.06913986,
5113,6885.767290830612,-0.68067837,
5114,6887.0795657634735,-0.12493251,
5115,6888.405322790146,-0.10174029,
5116,6889.727518796921,-0.17430049,
5117,6891.036748170853,-0.0068128454,
5118,6892.362729310989,-0.22114564,
5119,6893.693253993988,-0.057354916,
5120,6895.049924135208,-0.17800322,
5121,6896.361779689789,-0.12931591,
5122,6897.695853948593,-0.06499073,
5123,6899.037691116333,-0.14611241,
5124,6900.359062433243,-0.30467352,
5125,6901.681853532791,-0.061996147,
5126,6902.996002912521,-0.023886789,
5127,6904.3176436424255,-0.13199313,
5128,6905.641902208328,-0.16550514,
5129,6906.979930400848,-0.04377976,
5130,6908.3081612586975,-0.047802255,
5131,6909.629063129425,-0.09688308,
5132,6910.946776390076,-0.05004919,
5133,6912.271923303604,-0.023377633,
5134,6913.600190401077,-0.050483543,
5135,6914.9255402088165,-0.042035554,
5136,6916.249619007111,-0.020525249,
5137,6917.56182551384,-0.016173659,
5138,6918.867109775543,-0.06517838,
5139,6920.185460090637,-0.034873176,
5140,6921.506996631622,-0.08362858,
5141,6922.834080696106,-0.15321292,
5142,6924.159994363785,-0.030705074,
5143,6925.479428768158,-0.27480522,
5144,6926.802618980408,-0.13367939,
5145,6928.11749792099,-0.0997554,
5146,6929.449504137039,-0.039570265,
5147,6930.782699108124,-0.0695519,
5148,6932.180776834488,-0.18182382,
5149,6933.5115921497345,-0.15261677,
5150,6934.838412761688,-0.06758052,
5151,6936.170217037201,-0.19646527,
5152,6937.493608236313,-0.07494338,
5153,6938.820045948029,-0.020662107,
5154,6940.169873714447,-0.49857056,
5155,6941.508267402649,-0.026582707,
5156,6942.83483839035,-0.03314241,
5157,6944.172614574432,-0.11380246,
5158,6945.488542318344,-0.06179987,
5159,6946.806921958923,-0.26750335,
5160,6948.108239412308,-0.12715922,
5161,6949.430831193924,-0.005138276,
5162,6950.756725549698,-0.0151245305,
5163,6952.074621915817,-0.11402489,
5164,6953.421492099762,-0.061060265,
5165,6954.766668081284,-0.025280574,
5166,6956.096542835236,-0.1227735,
5167,6957.4157083034515,-0.1087295,
5168,6958.743210554123,-0.08051972,
5169,6960.118580818176,-0.06045013,
5170,6961.480625152588,-0.055624675,
5171,6962.841871976852,-0.05432292,
5172,6964.212955236435,-0.072989196,
5173,6965.595856189728,-0.041291248,
5174,6966.956466674805,-0.02560397,
5175,6968.3394780159,-0.052977383,
5176,6969.695240497589,-0.0462273,
5177,6971.057096242905,-0.060085062,
5178,6972.415890216827,-0.08903398,
5179,6973.774348735809,-0.21060087,
5180,6975.08594584465,-0.0966284,
5181,6976.419289588928,-0.022709157,
5182,6977.774225950241,-0.20739588,
5183,6979.119482278824,-0.04750129,
5184,6980.424917936325,-0.015624606,
5185,6981.744849205017,-0.06122519,
5186,6983.053422927856,-0.15609963,
5187,6984.379678249359,-0.061395228,
5188,6985.693238258362,-0.109329216,
5189,6987.007215976715,-0.08104059,
5190,6988.328905105591,-0.10407041,
5191,6989.648252725601,-0.16181234,
5192,6990.96031332016,-0.043888915,
5193,6992.28969669342,-0.18923472,
5194,6993.650323390961,-0.049557026,
5195,6994.99680685997,-0.023048002,
5196,6996.314764022827,-0.10162835,
5197,6997.651693820953,-0.18501224,
5198,6998.987671613693,-0.06508054,
5199,7000.374789237976,-0.05020284,
5200,7002.979210615158,-0.1607593,
5201,7004.316143989563,-0.19634785,
5202,7005.639460802078,-0.23655762,
5203,7006.961662054062,-0.0679592,
5204,7008.287485837936,-0.0807521,
5205,7009.609997987747,-0.079384476,
5206,7010.93145275116,-0.17024279,
5207,7012.256523370743,-0.0103728175,
5208,7013.57070684433,-0.044770986,
5209,7014.9001750946045,-0.07729421,
5210,7016.232637882233,-0.05638561,
5211,7017.547653436661,-0.09310717,
5212,7018.886230945587,-0.031378217,
5213,7020.22042798996,-0.093722016,
5214,7021.534345149994,-0.051920116,
5215,7022.855760097504,-0.07551843,
5216,7024.166060686111,-0.033821534,
5217,7025.487173080444,-0.027724527,
5218,7026.812979221344,-0.19599253,
5219,7028.145303487778,-0.03155028,
5220,7029.457880735397,-0.028170692,
5221,7030.789527177811,-0.11100058,
5222,7032.109083175659,-0.108844794,
5223,7033.42485666275,-0.09944081,
5224,7034.739288568497,-0.07939217,
5225,7036.061486721039,-0.08759506,
5226,7037.378453493118,-0.023543453,
5227,7038.694096803665,-0.090473294,
5228,7040.01849937439,-0.01279596,
5229,7041.344506025314,-0.080305666,
5230,7042.67969751358,-0.023358675,
5231,7044.001567840576,-0.059377246,
5232,7045.318408489227,-0.0716934,
5233,7046.627140522003,-0.050180618,
5234,7047.947250843048,-0.08308953,
5235,7049.259840726852,-0.054084726,
5236,7050.588322877884,-0.036027573,
5237,7051.928874969482,-0.06312805,
5238,7053.2501039505005,-0.03901244,
5239,7054.5600752830505,-0.024699382,
5240,7055.884538650513,-0.058897495,
5241,7057.2203533649445,-0.049028367,
5242,7058.555154085159,-0.037773535,
5243,7059.882440090179,-0.052711472,
5244,7061.203591108322,-0.042449478,
5245,7062.576586008072,-0.06039753,
5246,7063.906486749649,-0.053540252,
5247,7065.232031822205,-0.031703364,
5248,7066.552603960037,-0.07761702,
5249,7067.874332904816,-0.012295042,
5250,7069.215678930283,-0.06379122,
5251,7070.542532444,-0.046963234,
5252,7071.884292125702,-0.05987857,
5253,7073.2232501506805,-0.062802315,
5254,7074.557158231735,-0.10709606,
5255,7075.879233837128,-0.02136393,
5256,7077.220588445663,-0.013931364,
5257,7078.54549074173,-0.019386128,
5258,7079.872402667999,-0.011090767,
5259,7081.195561647415,-0.078111105,
5260,7082.528644323349,-0.029370593,
5261,7083.873674869537,-0.20022109,
5262,7085.2037358284,-0.080204725,
5263,7086.530678272247,-0.07836915,
5264,7087.887279510498,-0.08210034,
5265,7089.234675168991,-0.103343785,
5266,7090.565023183823,-0.18459821,
5267,7091.905524015427,-0.020733349,
5268,7093.251387119293,-0.03783656,
5269,7094.609781503677,-0.044696137,
5270,7095.956679582596,-0.06905065,
5271,7097.289857625961,-0.029815186,
5272,7098.629643678665,-0.05554219,
5273,7099.977980136871,-0.12698272,
5274,7101.321224689484,-0.03497832,
5275,7102.641798496246,-0.35769188,
5276,7104.0092878341675,-0.5376283,
5277,7105.329307794571,-0.027695274,
5278,7106.684752702713,-0.08048863,
5279,7108.0362157821655,-0.009772446,
5280,7109.381402730942,-0.031685427,
5281,7110.722966194153,-0.38072923,
5282,7112.0763149261475,-0.030314805,
5283,7113.403448343277,-0.06256409,
5284,7114.736930131912,-0.020145016,
5285,7116.105531215668,-0.020232711,
5286,7117.465400218964,-0.038660776,
5287,7118.807544231415,-0.100211255,
5288,7120.14835858345,-0.06304446,
5289,7121.471840143204,-0.06203928,
5290,7122.831421852112,-0.011284282,
5291,7124.181231021881,-0.15917635,
5292,7125.508651733398,-0.059481487,
5293,7126.843265533447,-0.018708281,
5294,7128.171679258347,-0.08169641,
5295,7129.496930599213,-0.046999723,
5296,7130.819212198257,-0.042518884,
5297,7132.141268968582,-0.12256113,
5298,7133.489538908005,-0.047893267,
5299,7134.830611944199,-0.06504318,
5300,7137.369217157364,-0.08730923,
5301,7138.711963176727,-0.016834237,
5302,7140.039862155914,-0.12348178,
5303,7141.375373125076,-0.02440146,
5304,7142.697249412537,-0.8213395,
5305,7144.023681879044,-0.029236343,
5306,7145.435084104538,-0.038127307,
5307,7146.798497200012,-0.040172454,
5308,7148.141376495361,-0.15203169,
5309,7149.517880678177,-0.21183054,
5310,7150.894565582275,-0.005521286,
5311,7152.219442129135,-0.08347001,
5312,7153.582149744034,-0.07067989,
5313,7154.919589281082,-0.1633707,
5314,7156.264354228973,-0.043820478,
5315,7157.63928604126,-0.062252253,
5316,7158.96341586113,-0.08235897,
5317,7160.3089690208435,-0.052768372,
5318,7161.620952129364,-0.028285328,
5319,7162.935861825943,-0.04031532,
5320,7164.27063536644,-0.0310793,
5321,7165.594356298447,-0.06110636,
5322,7166.914594888687,-0.015698176,
5323,7168.24445939064,-0.11259319,
5324,7169.573012590408,-0.48166668,
5325,7170.915768623352,-0.10384106,
5326,7172.246900320053,-0.39551628,
5327,7173.630529880524,-0.23652133,
5328,7174.999764204025,-0.09055686,
5329,7176.321208953857,-0.10533216,
5330,7177.654738664627,-0.110374495,
5331,7179.013525247574,-0.005272108,
5332,7180.376930952072,-0.023743957,
5333,7181.721077680588,-0.09960518,
5334,7183.056455850601,-0.21009335,
5335,7184.37849521637,-0.040551256,
5336,7185.713545799255,-0.0550094,
5337,7187.041294574738,-0.07241048,
5338,7188.373460292816,-0.059688948,
5339,7189.6905064582825,-0.06549581,
5340,7191.012322425842,-0.095034234,
5341,7192.348180055618,-0.06782875,
5342,7193.679068565369,-0.037965793,
5343,7195.016760349274,-0.11663733,
5344,7196.359534502029,-0.03365829,
5345,7197.691393136978,-0.049390472,
5346,7199.020241498947,-0.04619123,
5347,7200.333749055862,-0.10619287,
5348,7201.678692817688,-0.053029645,
5349,7203.0083701610565,-0.08073617,
5350,7204.337717294693,-0.046263255,
5351,7205.684185266495,-0.010565154,
5352,7207.024146080017,-0.06965144,
5353,7208.3679895401,-0.069737084,
5354,7209.735733270645,-0.21232235,
5355,7211.0845682621,-0.023154005,
5356,7212.405732154846,-0.09722755,
5357,7213.73055100441,-0.12893294,
5358,7215.1059539318085,-0.09121992,
5359,7216.489945411682,-0.15621181,
5360,7217.8552894592285,-0.031084366,
5361,7219.188910245895,-0.0060446016,
5362,7220.508460998535,-0.118434355,
5363,7221.845126390457,-0.025076417,
5364,7223.1880848407745,-0.09010067,
5365,7224.5479736328125,-0.0037002095,
5366,7225.879999399185,-0.04415526,
5367,7227.215784072876,-0.026341839,
5368,7228.55840921402,-0.041417863,
5369,7229.890348672867,-0.054422192,
5370,7231.219968318939,-0.058306903,
5371,7232.5479254722595,-0.15704736,
5372,7233.887428283691,-0.01584124,
5373,7235.21658039093,-0.050592005,
5374,7236.552376747131,-0.032463457,
5375,7237.884475946426,-0.05484435,
5376,7239.224328994751,-0.10977022,
5377,7240.561864376068,-0.0742905,
5378,7241.905469894409,-0.040048607,
5379,7243.240839481354,-0.4239723,
5380,7244.573610067368,-0.09647624,
5381,7245.902481079102,-0.13902588,
5382,7247.238210439682,-0.16472054,
5383,7248.574479818344,-0.07114225,
5384,7249.890148162842,-0.051785693,
5385,7251.227284193039,-0.05316384,
5386,7252.555013179779,-0.14638864,
5387,7253.895783662796,-0.05474192,
5388,7255.21547460556,-0.03770114,
5389,7256.54682803154,-0.120894544,
5390,7257.882418394089,-0.05192699,
5391,7259.205706357956,-0.0136777265,
5392,7260.531494379044,-0.012899756,
5393,7261.883126497269,-0.048363306,
5394,7263.201332807541,-0.10878351,
5395,7264.538608551025,-0.053944647,
5396,7265.8781526088715,-0.054294378,
5397,7267.218524456024,-0.03919919,
5398,7268.558038234711,-0.13363585,
5399,7269.896066188812,-0.03788492,
5400,7272.374527215958,-0.061932065,
5401,7273.694571256638,-0.051803473,
5402,7275.016634464264,-0.2388551,
5403,7276.336194515228,-0.084224775,
5404,7277.656121492386,-0.025411373,
5405,7278.978301286697,-0.10541481,
5406,7280.296027421951,-0.024974903,
5407,7281.61497426033,-0.045770362,
5408,7282.938060760498,-0.039369043,
5409,7284.261002540588,-0.12942599,
5410,7285.606019496918,-0.028431226,
5411,7286.918929338455,-0.11916281,
5412,7288.230149269104,-0.07944919,
5413,7289.537210702896,-0.18890128,
5414,7290.864388465881,-0.033075407,
5415,7292.175011634827,-0.35350144,
5416,7293.496872186661,-0.07027008,
5417,7294.815903425217,-0.12371527,
5418,7296.12508893013,-0.24133869,
5419,7297.439522981644,-0.18617347,
5420,7298.755983352661,-0.014567429,
5421,7300.074032306671,-0.1326438,
5422,7301.456549882889,-0.02832584,
5423,7302.784585952759,-0.0156069845,
5424,7304.107120990753,-0.120709084,
5425,7305.418647766113,-0.08823848,
5426,7306.728011608124,-0.32101735,
5427,7308.04335474968,-0.33370203,
5428,7309.359148263931,-0.07965961,
5429,7310.670861005783,-0.0122228665,
5430,7311.995404005051,-0.026846223,
5431,7313.313946008682,-0.023101002,
5432,7314.630880355835,-0.15804407,
5433,7315.945067405701,-0.025380367,
5434,7317.260620832443,-0.16958475,
5435,7318.581787824631,-0.17251903,
5436,7319.895198583603,-0.080866314,
5437,7321.2156302928925,-0.06130592,
5438,7322.562209367752,-0.051764514,
5439,7323.884950876236,-0.05496348,
5440,7325.209342718124,-0.106011204,
5441,7326.517733812332,-0.019155897,
5442,7327.820565223694,-0.1606301,
5443,7329.151357889175,-0.046132904,
5444,7330.456344366074,-0.02608221,
5445,7331.7747983932495,-0.019567462,
5446,7333.085345983505,-0.055813856,
5447,7334.4217364788055,-0.12292566,
5448,7335.736077547073,-0.07269436,
5449,7337.048334121704,-0.038036074,
5450,7338.355605840683,-0.05382716,
5451,7339.67202091217,-0.104524955,
5452,7340.990551710129,-0.036051456,
5453,7342.30591917038,-0.12055745,
5454,7343.618088960648,-0.092542425,
5455,7344.927404642105,-0.03191722,
5456,7346.236293554306,-0.052618243,
5457,7347.546414613724,-0.06298933,
5458,7348.855939865112,-0.15464064,
5459,7350.186202764511,-0.03447467,
5460,7351.495468378067,-0.1586411,
5461,7352.812777042389,-0.14812471,
5462,7354.1275017261505,-0.056118064,
5463,7355.446613311768,-0.032211527,
5464,7356.773498296738,-0.010743168,
5465,7358.104074478149,-0.05495795,
5466,7359.4126329422,-0.040586177,
5467,7360.717499494553,-0.03030948,
5468,7362.032665729523,-0.032895606,
5469,7363.363974571228,-0.029091103,
5470,7364.675653457642,-0.05288468,
5471,7365.986211776733,-0.039589822,
5472,7367.304727077484,-0.061974224,
5473,7368.6309106349945,-0.035953037,
5474,7369.946233987808,-0.092372105,
5475,7371.091938972473,-0.105841555,
5476,7373.205255270004,-0.109168544,
5477,7374.558080673218,-0.052068833,
5478,7375.900306224823,-0.06129577,
5479,7377.226879358292,-0.029091207,
5480,7378.555478811264,-0.09032625,
5481,7379.890780925751,-0.034605764,
5482,7381.201407909393,-0.05394996,
5483,7382.533921957016,-0.13234925,
5484,7383.852721214294,-0.12076982,
5485,7385.181148767471,-0.029955214,
5486,7386.493311882019,-0.10672349,
5487,7387.804767847061,-0.040943626,
5488,7389.113889217377,-0.032787353,
5489,7390.433186531067,-0.27615297,
5490,7391.7613389492035,-0.01473575,
5491,7393.0820055007935,-0.13257629,
5492,7394.397916555405,-0.037460092,
5493,7395.717004537582,-0.04378863,
5494,7397.026497602463,-0.027886203,
5495,7398.351675987244,-0.062295735,
5496,7399.687935352325,-0.025282213,
5497,7401.007441043854,-0.051497683,
5498,7402.333457708359,-0.006307872,
5499,7403.685284376144,-0.03610968,
5500,7406.45666384697,-0.075257346,
5501,7407.794880390167,-0.10729175,
5502,7409.1452004909515,-0.050088726,
5503,7410.463981628418,-0.02913583,
5504,7411.804151296616,-0.031800415,
5505,7413.12083363533,-0.034489553,
5506,7414.433697938919,-0.06310231,
5507,7415.780971050262,-0.02792054,
5508,7417.096379995346,-0.009339701,
5509,7418.40633058548,-0.015244367,
5510,7419.7255845069885,-0.029235853,
5511,7421.043869495392,-0.02293329,
5512,7422.370869874954,-0.024781633,
5513,7423.696974277496,-0.09555966,
5514,7425.01845908165,-0.12137604,
5515,7426.346772193909,-0.1002524,
5516,7427.665309429169,-0.065842666,
5517,7428.986977100372,-0.10951312,
5518,7430.309370756149,-0.008027321,
5519,7431.655174255371,-0.06637121,
5520,7432.993590116501,-0.1184755,
5521,7434.335797786713,-0.014064024,
5522,7435.655555963516,-0.02936711,
5523,7436.988179683685,-0.060643848,
5524,7438.301676273346,-0.07304795,
5525,7439.639454603195,-0.07785287,
5526,7440.963705062866,-0.08262687,
5527,7442.31333065033,-0.07364185,
5528,7443.635500907898,-0.16507989,
5529,7444.969874858856,-0.0667175,
5530,7446.341572999954,-0.024092428,
5531,7447.665954351425,-0.07290731,
5532,7448.976516962051,-0.07638045,
5533,7450.306869029999,-0.07906821,
5534,7451.623400688171,-0.006332444,
5535,7452.955913066864,-0.015264753,
5536,7454.273516893387,-0.13509843,
5537,7455.603245019913,-0.047435723,
5538,7456.92310500145,-0.0902409,
5539,7458.251806497574,-0.119199336,
5540,7459.569645404816,-0.009106372,
5541,7460.884769916534,-0.16290686,
5542,7462.209151268005,-0.014920248,
5543,7463.531033039093,-0.023076633,
5544,7464.854567050934,-0.022487557,
5545,7466.17377114296,-0.08666225,
5546,7467.48254776001,-0.07607856,
5547,7468.805274009705,-0.110964306,
5548,7470.131693601608,-0.018989157,
5549,7471.468104124069,-0.11604254,
5550,7472.806839466095,-0.028565336,
5551,7474.124504804611,-0.24851747,
5552,7475.446974039078,-0.07927953,
5553,7476.771703481674,-0.06570733,
5554,7478.1035804748535,-0.0939607,
5555,7479.430887460709,-0.12033709,
5556,7480.755294799805,-0.80920553,
5557,7482.085822343826,-0.09929461,
5558,7483.41514134407,-0.08245658,
5559,7484.773159980774,-0.06865442,
5560,7486.142545938492,-0.022749122,
5561,7487.493491888046,-0.05556767,
5562,7488.825093269348,-0.046078034,
5563,7490.1507160663605,-0.07284292,
5564,7491.482740163803,-0.033582315,
5565,7492.806689977646,-0.029777024,
5566,7494.142313241959,-0.1425377,
5567,7495.504139661789,-0.021726228,
5568,7496.828760147095,-0.080708995,
5569,7498.169364690781,-0.006581257,
5570,7499.5038626194,-0.014158674,
5571,7500.830618619919,-0.09325105,
5572,7502.183814764023,-0.01812619,
5573,7503.529807090759,-0.16737637,
5574,7504.881754875183,-0.014435509,
5575,7506.217442512512,-0.12280118,
5576,7507.53768157959,-0.03962308,
5577,7508.8692791461945,-0.1069805,
5578,7510.206153392792,-0.121396996,
5579,7511.564974784851,-0.46428603,
5580,7512.896150827408,-0.27134323,
5581,7514.2193439006805,-0.097644895,
5582,7515.560116052628,-0.19087581,
5583,7516.881707429886,-0.31954688,
5584,7518.237768650055,-0.030138247,
5585,7519.570444822311,-0.06739897,
5586,7520.896813392639,-0.06598857,
5587,7522.227617740631,-0.17254496,
5588,7523.543659448624,-0.050295286,
5589,7524.8572907447815,-0.025885822,
5590,7526.186168909073,-0.15143174,
5591,7527.524867773056,-0.13611212,
5592,7528.847916841507,-0.118917935,
5593,7530.18078994751,-0.23442915,
5594,7531.518280267715,-0.2681417,
5595,7532.867884397507,-0.048192788,
5596,7534.191265583038,-0.061995387,
5597,7535.52139043808,-0.22129607,
5598,7536.8464896678925,-0.0335658,
5599,7538.1674721241,-0.036228996,
5600,7540.636105537415,-0.049005408,
5601,7541.961283445358,-0.1471343,
5602,7543.30603313446,-0.11006829,
5603,7544.627070903778,-0.15646255,
5604,7545.963736534119,-0.0406585,
5605,7547.299694061279,-0.023662644,
5606,7548.636479139328,-0.110438384,
5607,7549.964702367783,-0.07330902,
5608,7551.309364318848,-0.011897897,
5609,7552.642410039902,-0.4842621,
5610,7553.974030256271,-0.027317435,
5611,7555.295595407486,-0.16594763,
5612,7556.631637573242,-0.12361233,
5613,7557.96075463295,-0.0343857,
5614,7559.296879291534,-0.012386194,
5615,7560.6289694309235,-0.06243617,
5616,7561.950352191925,-0.104961425,
5617,7563.2708168029785,-0.055409566,
5618,7564.598460435867,-0.10027324,
5619,7565.92973947525,-0.12809046,
5620,7567.27152466774,-0.081397355,
5621,7568.6036028862,-0.07530301,
5622,7569.94030547142,-0.058773294,
5623,7571.26448225975,-0.3643791,
5624,7572.583304643631,-0.08953107,
5625,7573.905208826065,-0.069230825,
5626,7575.234141588211,-0.09549406,
5627,7576.5737063884735,-0.049787737,
5628,7577.903068065643,-0.081500806,
5629,7579.218791484833,-0.20593026,
5630,7580.548614501953,-0.08636109,
5631,7581.895556211472,-0.014033286,
5632,7583.224095821381,-0.010077999,
5633,7584.551629543304,-0.01216117,
5634,7585.938755273819,-0.08962953,
5635,7587.353890180588,-0.0068548108,
5636,7588.708172082901,-0.0045263786,
5637,7590.0358374118805,-0.015823133,
5638,7591.384970426559,-0.04692479,
5639,7592.722356557846,-0.09469997,
5640,7594.063517570496,-0.028616164,
5641,7595.378170967102,-0.06988763,
5642,7596.700838804245,-0.03177099,
5643,7598.016377449036,-0.03854128,
5644,7599.334559440613,-0.05487856,
5645,7600.654493331909,-0.041893136,
5646,7602.0006902217865,-0.015468521,
5647,7603.31661772728,-0.014013841,
5648,7604.633937120438,-0.052311234,
5649,7605.9436202049255,-0.0999741,
5650,7607.289440155029,-0.052908935,
5651,7608.615829944611,-0.095619485,
5652,7609.9497809410095,-0.049158312,
5653,7611.266368627548,-0.012451571,
5654,7612.602699518204,-0.025107376,
5655,7613.916873931885,-0.051160224,
5656,7615.232173919678,-0.043349136,
5657,7616.546213150024,-0.056521285,
5658,7617.901776790619,-0.11651589,
5659,7619.223758459091,-0.086720765,
5660,7620.556650400162,-0.012499137,
5661,7621.88601398468,-0.041333962,
5662,7623.2233345508575,-0.06439087,
5663,7624.5600299835205,-0.51149666,
5664,7625.89245891571,-0.06335955,
5665,7627.209432125092,-0.012624074,
5666,7628.537003517151,-0.025407497,
5667,7629.85002207756,-0.07593645,
5668,7631.170606613159,-0.034455694,
5669,7632.4841022491455,-0.026299508,
5670,7633.820336818695,-0.13158436,
5671,7635.129577875137,-0.114618264,
5672,7737.810110330582,-0.043683175,
5673,7739.140061855316,-0.0062888935,
5674,7740.499036312103,-0.07823512,
5675,7741.833918094635,-0.022436645,
5676,7743.140067815781,-0.0064688823,
5677,7744.447729587555,-0.020409003,
5678,7745.758394479752,-0.079824395,
5679,7747.07080578804,-0.055226028,
5680,7748.385000228882,-0.026713017,
5681,7749.694631099701,-0.03112163,
5682,7751.00079536438,-0.015151757,
5683,7752.304759025574,-0.026318591,
5684,7753.616572141647,-0.062783554,
5685,7754.912098169327,-0.14517397,
5686,7756.22621178627,-0.054955788,
5687,7757.521123170853,-0.037850305,
5688,7758.821230173111,-0.05046325,
5689,7760.113692045212,-0.058633894,
5690,7761.4170870780945,-0.025208317,
5691,7762.715585231781,-0.050723363,
5692,7764.018794298172,-0.020841006,
5693,7765.318271398544,-0.047249313,
5694,7766.622577428818,-0.08387215,
5695,7767.9225125312805,-0.10560752,
5696,7769.25014090538,-0.038030438,
5697,7770.578040599823,-0.022721933,
5698,7771.927402973175,-0.099099375,
5699,7773.245101451874,-0.099655785,
5700,7775.784268379211,-0.12683105,
5701,7777.085415124893,-0.077645995,
5702,7778.383815526962,-0.072568625,
5703,7779.682646512985,-0.016364451,
5704,7780.9819185733795,-0.1417299,
5705,7782.301750659943,-0.013832745,
5706,7783.613208532333,-0.12873726,
5707,7784.925438642502,-0.018817581,
5708,7786.239341497421,-0.17932445,
5709,7787.555335521698,-0.11906244,
5710,7788.887415409088,-0.0697783,
5711,7790.197854757309,-0.041520536,
5712,7791.505006313324,-0.013845544,
5713,7792.824163675308,-0.018083803,
5714,7794.136119604111,-0.003255675,
5715,7795.440762996674,-0.013094193,
5716,7796.751695871353,-0.050952666,
5717,7798.069061994553,-0.04051315,
5718,7799.384890079498,-0.010508879,
5719,7800.69629573822,-0.013482856,
5720,7802.024701356888,-0.038149204,
5721,7803.355813026428,-0.035138335,
5722,7804.6920466423035,-0.008521003,
5723,7806.045613527298,-0.008472782,
5724,7807.357602596283,-0.14990602,
5725,7808.662279129028,-0.22205529,
5726,7809.964612722397,-0.051170018,
5727,7811.273330926895,-0.07871552,
5728,7812.628210544586,-0.2214702,
5729,7813.944626569748,-0.047548406,
5730,7815.268113613129,-0.1316731,
5731,7816.5982234478,-0.017083142,
5732,7817.917865037918,-0.014031849,
5733,7819.2384305000305,-0.063307166,
5734,7820.5461049079895,-0.03190188,
5735,7821.867330789566,-0.02612147,
5736,7823.192898273468,-0.034855,
5737,7824.506141424179,-0.04357074,
5738,7825.826324224472,-0.031346202,
5739,7827.146313428879,-0.09646033,
5740,7828.456420660019,-0.07038392,
5741,7829.76766705513,-0.023494774,
5742,7831.089333534241,-0.08611554,
5743,7832.429875612259,-0.057492178,
5744,7833.742567777634,-0.060521908,
5745,7835.07138633728,-0.023197725,
5746,7836.40386557579,-0.04194166,
5747,7837.736629247665,-0.089290924,
5748,7839.049797773361,-0.09358949,
5749,7840.363586902618,-0.08988233,
5750,7841.693529844284,-0.040943805,
5751,7843.026534795761,-0.040548682,
5752,7844.347598791122,-0.06428016,
5753,7845.678982019424,-0.06268396,
5754,7847.004102230072,-0.040402073,
5755,7848.331066131592,-0.04845363,
5756,7849.650017976761,-0.023842596,
5757,7850.972460985184,-0.16141436,
5758,7852.296918869019,-0.027388435,
5759,7853.609501361847,-0.006469436,
5760,7854.927091598511,-0.032671236,
5761,7856.249798297882,-0.07199538,
5762,7857.619636297226,-0.059779882,
5763,7858.932582139969,-0.06087179,
5764,7860.269482374191,-0.033772457,
5765,7861.601933479309,-0.011319477,
5766,7862.918956279755,-0.11626696,
5767,7864.244885444641,-0.06194433,
5768,7865.577397108078,-0.052721668,
5769,7866.904596567154,-0.014446423,
5770,7868.249527215958,-0.122027144,
5771,7869.590905189514,-0.022506252,
5772,7870.9247081279755,-0.042728677,
5773,7872.261513710022,-0.013546935,
5774,7873.578857183456,-0.19880164,
5775,7874.9481472969055,-0.0073717167,
5776,7876.289437532425,-0.0091062,
5777,7877.662679433823,-0.04019385,
5778,7879.039451599121,-0.0351635,
5779,7880.39457154274,-0.04044555,
5780,7881.74834728241,-0.21569835,
5781,7883.128301382065,-0.04909852,
5782,7884.515234947205,-0.0015798263,
5783,7885.8532638549805,-0.33759785,
5784,7887.203383922577,-0.1951971,
5785,7888.563229560852,-0.17128354,
5786,7889.907903432846,-0.15975466,
5787,7891.243432760239,-0.09221484,
5788,7892.565215826035,-0.66502714,
5789,7893.888345003128,-0.10956298,
5790,7895.211541175842,-0.019239668,
5791,7896.537030696869,-0.11394306,
5792,7897.849655628204,-0.026771374,
5793,7899.178081512451,-0.10297623,
5794,7900.506282091141,-0.14529215,
5795,7901.842079401016,-0.115023255,
5796,7903.170377254486,-0.25672883,
5797,7904.504493713379,-0.20676534,
5798,7905.8354704380035,-0.09722702,
5799,7907.157521724701,-0.09604527,
5800,7909.652753353119,-0.05471094,
5801,7910.977953910828,-0.094524294,
5802,7912.301628351212,-0.12551227,
5803,7913.630398273468,-0.23429139,
5804,7914.944514989853,-0.045041714,
5805,7916.254610538483,-0.08951229,
5806,7917.579977750778,-0.06330107,
5807,7918.903399467468,-0.18228117,
5808,7920.235483169556,-0.014970213,
5809,7921.585218906403,-0.015196363,
5810,7922.901007652283,-0.04432957,
5811,7924.227377176285,-0.044976965,
5812,7925.582344532013,-0.026995698,
5813,7926.919763088226,-0.0109196985,
5814,7928.252532720566,-0.051980462,
5815,7929.581981420517,-0.017446762,
5816,7930.902376651764,-0.09207751,
5817,7932.23500418663,-0.12046316,
5818,7933.556065320969,-0.09855132,
5819,7934.8841762542725,-0.06837118,
5820,7936.25160574913,-0.09641288,
5821,7937.577399969101,-0.07540896,
5822,7938.9005444049835,-0.30842552,
5823,7940.2309782505035,-0.07644852,
5824,7941.565861701965,-0.065978155,
5825,7942.900944948196,-0.2633058,
5826,7944.217883110046,-0.6098213,
5827,7945.534349679947,-0.2061273,
5828,7946.855621337891,-0.14941701,
5829,7948.1803233623505,-0.10861945,
5830,7949.5101981163025,-0.1179103,
5831,7950.847915649414,-0.52928567,
5832,7952.184141159058,-0.29607216,
5833,7953.504666805267,-0.4327165,
5834,7954.825605869293,-0.025997529,
5835,7956.144991636276,-0.123709284,
5836,7957.484050989151,-0.19376312,
5837,7958.814329624176,-0.16818672,
5838,7960.152094841003,-0.02965204,
5839,7961.477489233017,-0.04257584,
5840,7962.805050611496,-0.029666726,
5841,7964.134825468063,-0.5065329,
5842,7965.47500538826,-0.14512458,
5843,7966.801426887512,-0.25111076,
5844,7968.139852523804,-0.34920406,
5845,7969.4729743003845,-0.17429495,
5846,7970.810749530792,-0.032638885,
5847,7972.124498605728,-0.010028043,
5848,7973.454347372055,-0.1565266,
5849,7974.772096157074,-0.0677151,
5850,7976.099229335785,-0.023464635,
5851,7977.422201633453,-0.019190172,
5852,7978.764631986618,-0.05645111,
5853,7980.098552703857,-0.07447857,
5854,7981.458923101425,-0.016860573,
5855,7982.783376455307,-0.030038457,
5856,7984.1086003780365,-0.05267897,
5857,7985.449943780899,-0.04314755,
5858,7986.796719551086,-0.0850812,
5859,7988.125275850296,-0.42239702,
5860,7989.452982187271,-0.12138363,
5861,7990.785625457764,-0.01697046,
5862,7992.127726078033,-0.04045397,
5863,7993.46044588089,-0.088154525,
5864,7994.792275667191,-0.0074693426,
5865,7996.133533477783,-0.07784575,
5866,7997.4727993011475,-0.11625699,
5867,7998.822646141052,-0.07969002,
5868,8000.157386541367,-0.11730143,
5869,8001.495671749115,-0.03188828,
5870,8002.832941770554,-0.05109179,
5871,8004.161075115204,-0.008785695,
5872,8005.492851734161,-0.029646846,
5873,8006.835716962814,-0.27611554,
5874,8008.181116819382,-0.03479372,
5875,8009.51309633255,-0.42310682,
5876,8010.845465898514,-0.075145304,
5877,8012.188892841339,-0.1764798,
5878,8013.53985786438,-0.016443765,
5879,8014.866106510162,-0.35832557,
5880,8016.205664873123,-0.13261345,
5881,8017.546503305435,-0.10692406,
5882,8018.887296915054,-0.16688627,
5883,8020.208786725998,-0.12585331,
5884,8021.557059049606,-0.0019169647,
5885,8022.885337114334,-0.29906836,
5886,8024.208871126175,-0.04715828,
5887,8025.529923439026,-0.049497735,
5888,8026.854558706284,-0.14951324,
5889,8028.178000926971,-0.05557632,
5890,8029.515474557877,-0.026782675,
5891,8030.841354608536,-0.038765416,
5892,8032.182255268097,-0.013607815,
5893,8033.5001912117,-0.12165269,
5894,8034.829849243164,-0.013728242,
5895,8036.159357786179,-0.021071961,
5896,8037.510565042496,-0.07202351,
5897,8038.874397516251,-0.014414207,
5898,8040.198769330978,-0.03637915,
5899,8041.550452470779,-0.08224913,
5900,8044.070373296738,-0.07545026,
5901,8045.487673282623,-0.07576519,
5902,8046.820574522018,-0.029583424,
5903,8048.156048774719,-0.083476186,
5904,8049.5025906562805,-0.05492498,
5905,8050.83463716507,-0.08757217,
5906,8052.1667740345,-0.027664013,
5907,8053.498694419861,-0.45227808,
5908,8054.822444200516,-0.2447778,
5909,8056.154292106628,-0.15527827,
5910,8057.464410305023,-0.038007718,
5911,8058.8123524188995,-0.04099496,
5912,8060.166540145874,-0.035509966,
5913,8061.537436246872,-0.09123209,
5914,8062.912532091141,-0.06258596,
5915,8064.242059469223,-0.028099112,
5916,8065.571027517319,-0.04211188,
5917,8066.911469697952,-0.0973666,
5918,8068.240769147873,-0.044243876,
5919,8069.576939344406,-0.033298384,
5920,8070.907561540604,-0.021893634,
5921,8072.267450809479,-0.058787245,
5922,8073.627188444138,-0.02341126,
5923,8074.998647212982,-0.04933616,
5924,8076.341395139694,-0.05294693,
5925,8077.706641435623,-0.013655513,
5926,8079.046191215515,-0.074920245,
5927,8080.3909730911255,-0.038875572,
5928,8081.7234535217285,-0.04182097,
5929,8083.074768543243,-0.050178822,
5930,8084.435317277908,-0.03580167,
5931,8085.780007123947,-0.07539259,
5932,8087.134735822678,-0.032149777,
5933,8088.487750291824,-0.009875209,
5934,8089.846160411835,-0.13844207,
5935,8091.205912828445,-0.022101007,
5936,8092.624264001846,-0.024385609,
5937,8093.959869623184,-0.017048363,
5938,8095.3035364151,-0.050758995,
5939,8096.661572694778,-0.011076447,
5940,8098.002938508987,-0.018397745,
5941,8099.3524758815765,-0.033764016,
5942,8100.726037979126,-0.03544942,
5943,8102.08718919754,-0.019850438,
5944,8103.460273265839,-0.011112314,
5945,8104.805521726608,-0.052334044,
5946,8106.176763296127,-0.019508576,
5947,8107.526323080063,-0.046187636,
5948,8108.874617576599,-0.06973648,
5949,8110.217578411102,-0.01900401,
5950,8111.572646856308,-0.0063701705,
5951,8112.928551197052,-0.057426833,
5952,8114.264094114304,-0.0058202026,
5953,8115.617094516754,-0.019408196,
5954,8116.977834224701,-0.060273126,
5955,8118.3549036979675,-0.021699736,
5956,8119.723392963409,-0.078116335,
5957,8121.084773302078,-0.17796229,
5958,8122.461492061615,-0.08587638,
5959,8123.825375795364,-0.055583335,
5960,8125.192341327667,-0.014061668,
5961,8126.5582756996155,-0.51545274,
5962,8127.910942316055,-0.014272399,
5963,8129.278469324112,-0.1379556,
5964,8130.628726243973,-0.08932932,
5965,8131.964648723602,-0.050186396,
5966,8133.32502412796,-0.09519832,
5967,8134.666607379913,-0.015304508,
5968,8136.008452415466,-0.043055512,
5969,8137.364915370941,-0.042696103,
5970,8138.718754291534,-0.025948811,
5971,8140.065892696381,-0.031588674,
5972,8141.417485713959,-0.0571609,
5973,8142.766592025757,-0.044975583,
5974,8144.114231586456,-0.027763885,
5975,8145.449734210968,-0.06637685,
5976,8146.806188821793,-0.047413025,
5977,8148.167875528336,-0.07893992,
5978,8149.5160076618195,-0.08571959,
5979,8150.862790822983,-0.07168024,
5980,8152.212403535843,-0.017549118,
5981,8153.549496412277,-0.04869266,
5982,8154.900415182114,-0.3418863,
5983,8156.229937791824,-0.05935786,
5984,8157.576643705368,-0.009020158,
5985,8158.915187120438,-0.0407683,
5986,8160.254904985428,-0.050439887,
5987,8161.600146532059,-0.034415066,
5988,8162.938886880875,-0.023871535,
5989,8164.271595239639,-0.04588996,
5990,8165.646409749985,-0.03395332,
5991,8166.994441747665,-0.037983503,
5992,8168.3160281181335,-0.04775372,
5993,8169.650615692139,-0.070675895,
5994,8170.994393110275,-0.045062058,
5995,8172.331275224686,-0.08085829,
5996,8173.66291809082,-0.20023385,
5997,8175.006959199905,-0.09074152,
5998,8176.352511405945,-0.21801153,
5999,8177.692261219025,-0.06147219,
6000,8180.26659989357,-0.061549548,
6001,8181.619925498962,-0.080069825,
6002,8182.991590023041,-0.027009992,
6003,8184.3163430690765,-0.14889438,
6004,8185.642073392868,-0.01824358,
6005,8186.96423625946,-0.017193066,
6006,8188.321493148804,-0.04640903,
6007,8189.684161663055,-0.044625495,
6008,8191.026403188705,-0.029051717,
6009,8192.368473529816,-0.05871749,
6010,8193.69187617302,-0.022240538,
6011,8195.016984701157,-0.10113131,
6012,8196.346499204636,-0.0067393947,
6013,8197.695356607437,-0.07738559,
6014,8199.025345087051,-0.041561272,
6015,8200.35478925705,-0.03493789,
6016,8201.69624876976,-0.2570466,
6017,8203.032017230988,-0.18729058,
6018,8204.360219240189,-0.095175646,
6019,8205.692793130875,-0.0651555,
6020,8207.018429040909,-0.108600356,
6021,8208.359481811523,-0.12948313,
6022,8209.694097042084,-0.40572703,
6023,8211.030892133713,-0.27668017,
6024,8212.3813123703,-0.35221925,
6025,8213.715480566025,-0.020455271,
6026,8215.09413099289,-0.07478626,
6027,8216.444548845291,-0.10605888,
6028,8217.783635139465,-0.18789561,
6029,8219.13809967041,-0.023733066,
6030,8220.480794668198,-0.019129075,
6031,8221.824927330017,-0.29055667,
6032,8223.162511825562,-0.238921,
6033,8224.594466209412,-0.083747216,
6034,8225.959420204163,-0.14715397,
6035,8227.293065071106,-0.34307942,
6036,8228.623385190964,-0.08356898,
6037,8229.970866680145,-0.13980915,
6038,8231.32420039177,-0.07209448,
6039,8232.656561374664,-0.061930835,
6040,8234.391407489777,-0.019449098,
6041,8235.727266550064,-0.08190403,
6042,8237.049462556839,-0.09854119,
6043,8238.391310930252,-0.123131834,
6044,8239.754469871521,-0.0056331395,
6045,8241.118693113327,-0.06326801,
6046,8242.457388877869,-0.051841434,
6047,8243.825176239014,-0.01213823,
6048,8245.168461561203,-0.12630352,
6049,8246.506620407104,-0.28398636,
6050,8247.846566200256,-0.03081169,
6051,8249.187228918076,-0.033663787,
6052,8250.525604248047,-0.041712545,
6053,8251.85761833191,-0.051164582,
6054,8253.20356798172,-0.08405183,
6055,8254.575856208801,-0.21556509,
6056,8255.936898231506,-0.08336041,
6057,8257.260760307312,-0.10279474,
6058,8258.589244365692,-0.043103296,
6059,8259.933377981186,-0.33262792,
6060,8261.248659610748,-0.080560595,
6061,8262.586651563644,-0.019142643,
6062,8263.899578809738,-0.030271607,
6063,8265.224796533585,-0.047412682,
6064,8266.554116010666,-0.004407806,
6065,8267.875974178314,-0.029578164,
6066,8269.212770938873,-0.034661915,
6067,8270.54391670227,-0.07046665,
6068,8271.884132862091,-0.2838907,
6069,8273.223721027374,-0.035890736,
6070,8274.547117710114,-0.03778074,
6071,8275.87373828888,-0.027187753,
6072,8277.190812826157,-0.14363046,
6073,8278.519076347351,-0.06824274,
6074,8279.843943357468,-0.13272797,
6075,8281.168814897537,-0.051626086,
6076,8282.50095152855,-0.0142295305,
6077,8283.839466810226,-0.011648987,
6078,8285.189806938171,-0.02544525,
6079,8286.531479358673,-0.09789697,
6080,8287.88420176506,-0.016603107,
6081,8289.241194963455,-0.038423005,
6082,8290.592183828354,-0.006483363,
6083,8291.940811395645,-0.09619454,
6084,8293.278753519058,-0.14690919,
6085,8294.604804039001,-0.0266711,
6086,8295.927036762238,-0.0031030027,
6087,8297.253111839294,-0.045972917,
6088,8298.601284503937,-0.037145242,
6089,8299.925488710403,-0.0855553,
6090,8301.249378681183,-0.091659844,
6091,8302.57882142067,-0.19015886,
6092,8303.906610250473,-0.03177412,
6093,8305.235444784164,-0.032148354,
6094,8306.567892074585,-0.14339662,
6095,8307.932297468185,-0.021097096,
6096,8309.267468452454,-0.27653474,
6097,8310.639544010162,-0.0711236,
6098,8311.993877649307,-0.08577974,
6099,8313.324820518494,-0.032166347,
6100,8315.810138702393,-0.08819982,
6101,8317.146427154541,-0.020829558,
6102,8318.481021404266,-0.051514715,
6103,8319.816286325455,-0.076813765,
6104,8321.157253026962,-0.038614303,
6105,8322.502814769745,-0.22384715,
6106,8323.842159509659,-0.032244325,
6107,8325.171580076218,-0.078908734,
6108,8326.492984294891,-0.054518398,
6109,8327.821469545364,-0.17727104,
6110,8329.141293048859,-0.5617103,
6111,8330.526549339294,-0.03821336,
6112,8331.84675192833,-0.044157803,
6113,8333.19076037407,-0.071535125,
6114,8334.516743421555,-0.03534513,
6115,8335.83952331543,-0.043603145,
6116,8337.158559083939,-0.044048324,
6117,8338.552602529526,-0.08092137,
6118,8339.972041130066,-0.011373563,
6119,8341.358472585678,-0.013618085,
6120,8342.715492248535,-0.06415635,
6121,8344.092544317245,-0.12225754,
6122,8345.501502275467,-0.1533774,
6123,8346.873950004578,-0.018079698,
6124,8348.243000030518,-0.1025089,
6125,8349.613232851028,-0.048784345,
6126,8351.008452177048,-0.009439826,
6127,8352.41847205162,-0.0138644185,
6128,8353.854892730713,-0.040757176,
6129,8355.211374044418,-0.04491535,
6130,8356.568186998367,-0.14473744,
6131,8357.935761213303,-0.041864436,
6132,8359.349348783493,-0.23211229,
6133,8360.694797992706,-0.06817696,
6134,8362.054565906525,-0.055293422,
6135,8363.470877885818,-0.059691574,
6136,8364.842020988464,-0.13017817,
6137,8366.212455272675,-0.09652522,
6138,8367.587425231934,-0.017661534,
6139,8369.020144462585,-0.06542926,
6140,8370.38079571724,-0.061805893,
6141,8371.741338729858,-0.014203096,
6142,8373.09966635704,-0.05212514,
6143,8374.467554092407,-0.05470418,
6144,8375.82771730423,-0.08055069,
6145,8377.262617111206,-0.015594494,
6146,8378.591870069504,-0.058059327,
6147,8379.93090558052,-0.11699167,
6148,8381.269167661667,-0.17358601,
6149,8382.60401391983,-0.017732052,
6150,8383.9523832798,-0.04141936,
6151,8385.302390575409,-0.01783824,
6152,8386.69330239296,-0.045359537,
6153,8388.068073272705,-0.15735285,
6154,8389.428791999817,-0.12736443,
6155,8390.792068243027,-0.113469765,
6156,8392.179953098297,-0.006456215,
6157,8393.590014696121,-0.039936453,
6158,8394.935837984085,-0.014033301,
6159,8396.304237127304,-0.08962511,
6160,8397.697592258453,-0.27989507,
6161,8399.05086016655,-0.13381125,
6162,8400.383502483368,-0.081065066,
6163,8401.725553512573,-0.13566431,
6164,8403.080301046371,-0.09378596,
6165,8404.422001600266,-0.09237378,
6166,8405.778555631638,-0.0841846,
6167,8407.124710083008,-0.17396745,
6168,8408.477873563766,-0.023361314,
6169,8409.802973031998,-0.041759368,
6170,8411.137480735779,-0.009620741,
6171,8412.476430177689,-0.13615853,
6172,8413.821895360947,-0.099498756,
6173,8415.167885303497,-0.03504432,
6174,8416.548104524612,-0.019991802,
6175,8417.896389007568,-0.24140337,
6176,8419.250432491302,-0.032568235,
6177,8420.594365119934,-0.0129898,
6178,8421.954896450043,-0.017930996,
6179,8423.305931091309,-0.022860328,
6180,8424.65481185913,-0.1157429,
6181,8425.993563175201,-0.002468606,
6182,8427.345512151718,-0.042530704,
6183,8428.667296648026,-0.051999208,
6184,8430.022095918655,-0.048800908,
6185,8431.396424770355,-0.03945715,
6186,8432.78530216217,-0.031780206,
6187,8434.133550167084,-0.1128824,
6188,8435.485918998718,-0.010798308,
6189,8436.826562643051,-0.05817635,
6190,8438.191982984543,-0.012904064,
6191,8439.547978401184,-0.12422244,
6192,8440.905367136002,-0.17513944,
6193,8442.244540214539,-0.036561046,
6194,8443.595037460327,-0.029557902,
6195,8444.951833486557,-0.1344797,
6196,8446.291371583939,-0.011730709,
6197,8447.634112358093,-0.034451403,
6198,8448.987315893173,-0.05659043,
6199,8450.337920427322,-0.015442161,
6200,8453.052168369293,-0.028806914,
6201,8454.388464689255,-0.3160528,
6202,8455.731393575668,-0.012006492,
6203,8457.089621305466,-0.043562844,
6204,8458.446511745453,-0.040279616,
6205,8459.806696176529,-0.03758103,
6206,8461.156077861786,-0.04188056,
6207,8462.53171491623,-0.014712566,
6208,8463.898121118546,-0.030635932,
6209,8465.257859706879,-0.013055688,
6210,8466.630323648453,-0.2706627,
6211,8468.019788503647,-0.047127597,
6212,8469.392500638962,-0.05254131,
6213,8470.715987443924,-0.026497712,
6214,8472.060735702515,-0.017542873,
6215,8473.414638280869,-0.042892814,
6216,8474.762371063232,-0.020631025,
6217,8476.095035791397,-0.007842813,
6218,8477.423650026321,-0.06967268,
6219,8478.765069246292,-0.04609413,
6220,8480.137718439102,-0.1638733,
6221,8481.461876392365,-0.04982801,
6222,8482.813397169113,-0.05478725,
6223,8484.160346746445,-0.04574132,
6224,8485.504777431488,-0.06274134,
6225,8486.82394695282,-0.011217099,
6226,8488.143280506134,-0.01807723,
6227,8489.46574640274,-0.056459803,
6228,8490.801167726517,-0.1171724,
6229,8492.175862312317,-0.08197129,
6230,8493.531780958176,-0.031102652,
6231,8494.88940691948,-0.14240591,
6232,8496.223331451416,-0.07674196,
6233,8497.551855325699,-0.10531487,
6234,8498.878600597382,-0.090646796,
6235,8500.220906734467,-0.1094019,
6236,8501.580041646957,-0.29387188,
6237,8502.904306173325,-0.014479643,
6238,8504.232466459274,-0.03361239,
6239,8505.558036088943,-0.028954059,
6240,8507.03562951088,-0.009837225,
6241,8508.547479629517,-0.056970105,
6242,8509.967514038086,-0.032222785,
6243,8511.464195489883,-0.018934634,
6244,8512.958204746246,-0.018265368,
6245,8514.455777645111,-0.037422013,
6246,8515.875354290009,-0.04339298,
6247,8517.350814819336,-0.04401044,
6248,8518.810875415802,-0.061720256,
6249,8520.298983573914,-0.05908696,
6250,8521.732114553452,-0.009961613,
6251,8523.175875663757,-0.042529177,
6252,8524.635360956192,-0.037903883,
6253,8526.12828540802,-0.018738495,
6254,8527.631479501724,-0.026446026,
6255,8529.092967510223,-0.013228642,
6256,8530.551517486572,-0.07457343,
6257,8532.01150894165,-0.072014056,
6258,8533.33282160759,-0.02954083,
6259,8534.872955322266,-0.026795272,
6260,8536.351764202118,-0.03624827,
6261,8537.951883554459,-0.055943996,
6262,8539.422174453735,-0.046591498,
6263,8540.834436416626,-0.04045573,
6264,8542.1713244915,-0.11712145,
6265,8543.516342163086,-0.02451912,
6266,8544.857181310654,-0.0791914,
6267,8546.199667453766,-0.04647942,
6268,8547.534804344177,-0.007813988,
6269,8548.893358707428,-0.09813235,
6270,8550.253386735916,-0.23892078,
6271,8551.624242544174,-0.07473963,
6272,8553.059730052948,-0.19860874,
6273,8554.467553138733,-0.010404439,
6274,8555.826689720154,-0.070863254,
6275,8557.173435688019,-0.123319216,
6276,8558.5232899189,-0.054188594,
6277,8559.897507667542,-0.041332316,
6278,8561.258601665497,-0.0123073505,
6279,8562.651040554047,-0.059360627,
6280,8564.003605365753,-0.104852825,
6281,8565.362104415894,-0.2271624,
6282,8566.716153621674,-0.04892755,
6283,8568.09740805626,-0.02099005,
6284,8569.44163775444,-0.040596925,
6285,8570.850277423859,-0.04030595,
6286,8572.187038898468,-0.013304114,
6287,8573.519115686417,-0.030297142,
6288,8574.936099767685,-0.037168942,
6289,8576.36661362648,-0.050174564,
6290,8577.800355196,-0.023202617,
6291,8579.258334636688,-0.036418717,
6292,8580.708401203156,-0.050716434,
6293,8582.139396429062,-0.070379354,
6294,8583.590129613876,-0.03581243,
6295,8585.038189649582,-0.07203069,
6296,8586.463851690292,-0.013690487,
6297,8587.872985124588,-0.072600886,
6298,8589.288166284561,-0.14070751,
6299,8590.733897924423,-0.032566477,
6300,8596.318456172943,-0.04317421,
6301,8597.73215675354,-0.0074459044,
6302,8599.126649856567,-0.059184805,
6303,8600.532748222351,-0.0756722,
6304,8601.959026098251,-0.069844574,
6305,8603.383368730545,-0.08196373,
6306,8604.773186206818,-0.09104452,
6307,8606.202179908752,-0.08319524,
6308,8607.59750699997,-0.076009184,
6309,8608.988711357117,-0.17145856,
6310,8610.404384851456,-0.19863358,
6311,8611.865894794464,-0.12596436,
6312,8613.327986478806,-0.093506716,
6313,8614.783030509949,-0.028081302,
6314,8616.207599163055,-0.030619247,
6315,8617.646605730057,-0.090131156,
6316,8619.077562332153,-0.04070721,
6317,8620.499964475632,-0.049869288,
6318,8621.898604631424,-0.017287355,
6319,8623.312810659409,-0.085280254,
6320,8624.753837108612,-0.040055133,
6321,8626.163351774216,-0.025296057,
6322,8627.56172156334,-0.0461119,
6323,8628.974697351456,-0.024912216,
6324,8630.363028049469,-0.014522741,
6325,8631.794124603271,-0.03425406,
6326,8633.217542171478,-0.06489562,
6327,8634.634064435959,-0.016633824,
6328,8636.037244319916,-0.0128720645,
6329,8637.43669128418,-0.031506788,
6330,8638.911632537842,-0.02740658,
6331,8640.355757951736,-0.01710565,
6332,8641.80796456337,-0.0056350855,
6333,8643.204207658768,-0.05054736,
6334,8644.601311683655,-0.29382125,
6335,8646.045472621918,-0.019756751,
6336,8647.451444387436,-0.022124402,
6337,8648.850542545319,-0.05667323,
6338,8650.256658554077,-0.0028003203,
6339,8651.682408809662,-0.057768997,
6340,8653.108047485352,-0.027586503,
6341,8654.510852575302,-0.18231302,
6342,8655.908981084824,-0.011902048,
6343,8657.338453531265,-0.010990831,
6344,8658.748148441315,-0.017732762,
6345,8660.15274643898,-0.071801215,
6346,8661.565847873688,-0.36064094,
6347,8662.964231014252,-0.04995711,
6348,8664.37028503418,-0.18969145,
6349,8665.783765077591,-0.0524519,
6350,8667.182578086853,-0.09914185,
6351,8668.597260713577,-0.3831396,
6352,8670.016293764114,-0.08677498,
6353,8671.468698978424,-0.052239157,
6354,8672.914162874222,-0.027383834,
6355,8674.33471751213,-0.021489799,
6356,8675.736439943314,-0.0039505614,
6357,8677.202450990677,-0.028217873,
6358,8678.63914680481,-0.036307536,
6359,8680.057259559631,-0.020750558,
6360,8681.469393014908,-0.005746724,
6361,8682.878667593002,-0.10331153,
6362,8684.281316757202,-0.03336684,
6363,8685.709141016006,-0.026014013,
6364,8687.1294567585,-0.012342135,
6365,8688.557036161423,-0.014215389,
6366,8690.000890254974,-0.098295934,
6367,8691.480030536652,-0.044829376,
6368,8692.903638839722,-0.13636504,
6369,8694.386107683182,-0.03626157,
6370,8695.823817968369,-0.044607673,
6371,8697.303784132004,-0.32024086,
6372,8698.805664539337,-0.040367775,
6373,8700.230292081833,-0.040210202,
6374,8701.659548521042,-0.02081541,
6375,8703.068424224854,-0.19017573,
6376,8704.508029937744,-0.02606247,
6377,8706.01010131836,-0.03458005,
6378,8707.424598455429,-0.016413275,
6379,8708.824226617813,-0.032230712,
6380,8710.245800495148,-0.031986415,
6381,8711.680364847183,-0.03365375,
6382,8713.105904579163,-0.10248311,
6383,8714.5170814991,-0.04977703,
6384,8715.935236215591,-0.06690497,
6385,8717.32886147499,-0.08373795,
6386,8718.706597566605,-0.02742997,
6387,8720.059279680252,-0.09222116,
6388,8721.428960323334,-0.12677285,
6389,8722.816814661026,-0.065812096,
6390,8724.217971086502,-0.0074737864,
6391,8725.580514907837,-0.01939594,
6392,8726.964997053146,-0.018669888,
6393,8728.336839199066,-0.06718041,
6394,8729.705502271652,-0.102349214,
6395,8731.090703964233,-0.10476729,
6396,8732.487723827362,-0.14593728,
6397,8733.878237485886,-0.03090225,
6398,8735.218923568726,-0.09912282,
6399,8736.577320098877,-0.067017026,
6400,8739.35438323021,-0.04381471,
6401,8740.681139707565,-0.012169581,
6402,8742.022917747498,-0.11804501,
6403,8743.361204624176,-0.049724318,
6404,8744.70727610588,-0.023851503,
6405,8746.04494857788,-0.086006105,
6406,8747.386482000351,-0.10658955,
6407,8748.727429151535,-0.010470448,
6408,8750.060682535172,-0.00046448613,
6409,8751.394419431686,-0.035911206,
6410,8752.738198518753,-0.053011596,
6411,8754.061909914017,-0.02881859,
6412,8755.383595228195,-0.0013283237,
6413,8756.70958852768,-0.105486676,
6414,8758.04111123085,-0.12793222,
6415,8759.37299489975,-0.19268307,
6416,8760.702545881271,-0.0154428,
6417,8762.03415465355,-0.015972227,
6418,8763.371770858765,-0.039120577,
6419,8764.729465961456,-0.010755002,
6420,8766.071634292603,-0.033267293,
6421,8767.407761335373,-0.036898237,
6422,8768.739272117615,-0.012141806,
6423,8770.087908744812,-0.16514264,
6424,8771.419565439224,-0.07147316,
6425,8772.825689077377,-0.03698052,
6426,8774.186088562012,-0.34801358,
6427,8775.58048081398,-0.047421493,
6428,8776.91954445839,-0.10815944,
6429,8778.239809274673,-0.34387007,
6430,8779.568939447403,-0.059821643,
6431,8780.938951730728,-0.038096845,
6432,8782.28821182251,-0.07594347,
6433,8783.649591684341,-0.040724766,
6434,8784.987412929535,-0.021439776,
6435,8786.326271772385,-0.05315003,
6436,8787.667815208435,-0.029628167,
6437,8789.024729251862,-0.014468495,
6438,8790.363557100296,-0.092227064,
6439,8791.721486568451,-0.011640532,
6440,8793.13598871231,-0.07570732,
6441,8794.561931610107,-0.039327838,
6442,8795.92757153511,-0.09281576,
6443,8797.27288556099,-0.039726786,
6444,8798.644248962402,-0.043462332,
6445,8799.993878602982,-0.032213416,
6446,8801.353908061981,-0.014400228,
6447,8802.69489312172,-0.021749336,
6448,8804.029127836227,-0.03713497,
6449,8805.357242107391,-0.02070041,
6450,8806.699432134628,-0.0017481165,
6451,8808.047178983688,-0.15677325,
6452,8809.38493347168,-0.008751333,
6453,8810.74541091919,-0.042626172,
6454,8812.101534366608,-0.026485022,
6455,8813.449105024338,-0.27751878,
6456,8814.796564817429,-0.09413949,
6457,8816.129672288895,-0.018841049,
6458,8817.465783596039,-0.0072416263,
6459,8818.798557519913,-0.011892814,
6460,8820.1269364357,-0.06956666,
6461,8821.479805231094,-0.04496778,
6462,8822.834552526474,-0.07634004,
6463,8824.211965084076,-0.12555026,
6464,8825.569701910019,-0.048228834,
6465,8826.917073011398,-0.093715526,
6466,8828.259425163269,-0.027647898,
6467,8829.675410747528,-0.0442198,
6468,8831.026344537735,-0.02834784,
6469,8832.39973449707,-0.010799656,
6470,8833.741408348083,-0.07232905,
6471,8835.073211193085,-0.0420565,
6472,8836.437680244446,-0.15782914,
6473,8837.789234399796,-0.14209515,
6474,8839.156542301178,-0.14747852,
6475,8840.503388881683,-0.064934954,
6476,8841.845452070236,-0.04941011,
6477,8843.201765537262,-0.03270431,
6478,8844.531864643097,-0.014290618,
6479,8845.873725891113,-0.0720985,
6480,8847.220851898193,-0.07781111,
6481,8848.560195684433,-0.08151172,
6482,8849.904369354248,-0.07437926,
6483,8851.242676019669,-0.036728777,
6484,8852.582344770432,-0.024946308,
6485,8853.909465312958,-0.028871164,
6486,8855.23727440834,-0.07840648,
6487,8856.582445144653,-0.04223676,
6488,8857.953123569489,-0.12928063,
6489,8859.340447425842,-0.091734126,
6490,8860.680086374283,-0.010662822,
6491,8862.017755746841,-0.119880304,
6492,8863.380993843079,-0.044246964,
6493,8864.733826637268,-0.027995104,
6494,8866.07465672493,-0.044410795,
6495,8867.430594682693,-0.00916441,
6496,8868.767969846725,-0.035145156,
6497,8870.108022928238,-0.009935299,
6498,8871.464220285416,-0.1367095,
6499,8872.809094190598,-0.038692147,
6500,8875.550952911377,-0.0479031,
6501,8876.916496515274,-0.058257684,
6502,8878.271176576614,-0.042799428,
6503,8879.624550819397,-0.023478363,
6504,8880.965517282486,-0.034356166,
6505,8882.307187318802,-0.017783973,
6506,8883.627978086472,-0.084732786,
6507,8884.97268986702,-0.10647238,
6508,8886.317750930786,-0.09839958,
6509,8887.692645788193,-0.05822976,
6510,8889.038160324097,-0.04720623,
6511,8890.40093255043,-0.049704466,
6512,8891.73999595642,-0.17360972,
6513,8893.086849451065,-0.01082262,
6514,8894.423325777054,-0.012477521,
6515,8895.770570516586,-0.06796931,
6516,8897.136441230774,-0.042464543,
6517,8898.46491241455,-0.070483685,
6518,8899.798937797546,-0.07815237,
6519,8901.149236440659,-0.07526326,
6520,8902.497956752777,-0.045081083,
6521,8903.859505176544,-0.053601377,
6522,8905.20354437828,-0.03510021,
6523,8906.574273824692,-0.012349341,
6524,8907.955126523972,-0.11096672,
6525,8909.303691387177,-0.15641078,
6526,8910.662718296051,-0.06285627,
6527,8912.008098363876,-0.08313017,
6528,8913.345258951187,-0.014315549,
6529,8914.698550224304,-0.13427716,
6530,8916.045805931091,-1.2187378,
6531,8917.395076990128,-0.07572635,
6532,8918.744536399841,-0.060520716,
6533,8920.10135960579,-0.06674746,
6534,8921.443444252014,-0.03847727,
6535,8922.791287660599,-0.13910376,
6536,8924.12529706955,-0.11164252,
6537,8925.470438480377,-0.021725036,
6538,8926.82459306717,-0.06389484,
6539,8928.1899061203,-0.10336616,
6540,8929.571609973907,-0.02482208,
6541,8931.042070627213,-0.043964434,
6542,8932.449385643005,-0.015039408,
6543,8933.87573313713,-0.12837887,
6544,8935.254687786102,-0.13430944,
6545,8936.616399288177,-0.022194209,
6546,8937.971554994583,-0.09129063,
6547,8939.355854272842,-0.086637296,
6548,8940.7091152668,-0.1626975,
6549,8942.052246332169,-0.100053355,
6550,8943.38146352768,-0.0354153,
6551,8944.766462802887,-0.06728764,
6552,8946.190276145935,-0.017683137,
6553,8947.541329622269,-0.14369203,
6554,8948.90779709816,-0.071261615,
6555,8950.264409780502,-0.013503171,
6556,8951.613467693329,-0.15045843,
6557,8952.953208208084,-0.028707473,
6558,8954.305127382278,-0.02204315,
6559,8955.643976688385,-0.018403664,
6560,8957.01008105278,-0.15875553,
6561,8958.37973165512,-0.040701948,
6562,8959.759315490723,-0.07961353,
6563,8961.150313138962,-0.023119703,
6564,8962.492610692978,-0.015779637,
6565,8963.925282239914,-0.001245552,
6566,8965.312928199768,-0.09856006,
6567,8966.69281053543,-0.062245686,
6568,8968.034730911255,-0.0011694153,
6569,8969.390825748444,-0.020740347,
6570,8970.719447851181,-0.007912711,
6571,8972.059386253357,-0.10396977,
6572,8973.414408445358,-0.026816651,
6573,8974.774151802063,-0.017902903,
6574,8976.142873048782,-0.08928992,
6575,8977.489090681076,-0.018011231,
6576,8978.874804973602,-0.039271228,
6577,8980.232259750366,-0.10029385,
6578,8981.585813999176,-0.054808334,
6579,8982.917835950851,-0.04577446,
6580,8984.286926269531,-0.045418985,
6581,8985.626125335693,-0.07793241,
6582,8986.960862159729,-0.0695457,
6583,8988.306074142456,-0.022379253,
6584,8989.669913053513,-0.059167985,
6585,8991.010869026184,-0.020534437,
6586,8992.356369018555,-0.033901636,
6587,8993.720605611801,-0.018000504,
6588,8995.077213048935,-0.31063446,
6589,8996.422757148743,-0.026422143,
6590,8997.775988578796,-0.07712696,
6591,8999.126626729965,-0.00065922586,
6592,9000.47218298912,-0.034406506,
6593,9001.821230173111,-0.023371723,
6594,9003.151950359344,-0.010792796,
6595,9004.500650644302,-0.04177905,
6596,9005.871486902237,-0.10503906,
6597,9007.23115324974,-0.0077527915,
6598,9008.572450637817,-0.011753412,
6599,9009.922508239746,-0.105328396,
6600,9012.628776788712,-0.18938595,
6601,9013.975585460663,-0.021268737,
6602,9015.318201303482,-0.011625827,
6603,9016.662274122238,-0.018134706,
6604,9018.015294075012,-0.04050323,
6605,9019.372033119202,-0.016164782,
6606,9020.735481262207,-0.070778795,
6607,9022.08162021637,-0.008447979,
6608,9023.433317422867,-0.028666062,
6609,9024.7785115242,-0.058456205,
6610,9026.117202758789,-0.1041162,
6611,9027.462594270706,-0.011039156,
6612,9028.866379737854,-0.06269904,
6613,9030.216222047806,-0.031945,
6614,9031.585807561874,-0.103058584,
6615,9032.924427986145,-0.03853439,
6616,9034.276198387146,-0.026472164,
6617,9035.626426696777,-0.07958194,
6618,9036.973902702332,-0.12277462,
6619,9038.325692892075,-0.10228752,
6620,9039.687159776688,-0.07840396,
6621,9041.03817653656,-0.040616956,
6622,9042.384502649307,-0.104013175,
6623,9043.743593454361,-0.057613328,
6624,9045.090298652649,-0.0998113,
6625,9046.445481777191,-0.06109473,
6626,9047.788841724396,-0.019386804,
6627,9049.13060259819,-0.072213404,
6628,9050.482595443726,-0.009707178,
6629,9051.83516216278,-0.034557026,
6630,9053.186433792114,-0.028747337,
6631,9054.55657339096,-0.027803555,
6632,9055.89673089981,-0.096478835,
6633,9057.245755195618,-0.07160467,
6634,9058.610035419464,-0.015957149,
6635,9059.979624032974,-0.04471505,
6636,9061.323580026627,-0.06111432,
6637,9062.67910027504,-0.01424798,
6638,9064.05073595047,-0.08896538,
6639,9065.41287946701,-0.004830305,
6640,9066.768339157104,-0.024896104,
6641,9068.120127439499,-0.07900104,
6642,9069.4734416008,-0.1636278,
6643,9070.82353758812,-0.08354771,
6644,9072.171105146408,-0.19906974,
6645,9073.536150932312,-0.34427905,
6646,9074.894760370255,-0.0567566,
6647,9076.261245012283,-0.01848574,
6648,9077.58105301857,-0.10715409,
6649,9078.923596143723,-0.1543715,
6650,9080.263440608978,-0.15025835,
6651,9081.628497838974,-0.027126778,
6652,9082.984786510468,-0.05319637,
6653,9084.346755027771,-0.080256,
6654,9085.724594831467,-0.15551445,
6655,9087.071322917938,-0.021168612,
6656,9088.4213681221,-0.1325937,
6657,9089.760342121124,-0.006444146,
6658,9091.105071306229,-0.043871302,
6659,9092.472036600113,-0.030939203,
6660,9093.815101861954,-0.010881887,
6661,9095.166991949081,-0.078718536,
6662,9096.51096367836,-0.018162979,
6663,9097.847543478012,-0.039499372,
6664,9099.186706066132,-0.069970906,
6665,9100.524927854538,-0.087873,
6666,9101.861053228378,-0.073607534,
6667,9103.217796564102,-0.017422114,
6668,9104.558803081512,-0.04787171,
6669,9105.891896247864,-0.024610272,
6670,9107.232283115387,-0.087930694,
6671,9108.616843223572,-0.03275663,
6672,9109.961082458496,-0.05698887,
6673,9111.306913375854,-0.023150664,
6674,9112.636210680008,-0.03234093,
6675,9113.98952794075,-0.008878972,
6676,9115.351166009903,-0.1927194,
6677,9116.707357883453,-0.028950606,
6678,9118.06701374054,-0.053054877,
6679,9119.407526254654,-0.027957585,
6680,9120.737081766129,-0.015297535,
6681,9122.105321407318,-0.00739202,
6682,9123.456552267075,-0.0025836714,
6683,9124.808734178543,-0.018197792,
6684,9126.179505109787,-0.013013996,
6685,9127.509529590607,-0.1000189,
6686,9128.873580694199,-0.03247419,
6687,9130.212267160416,-0.052552454,
6688,9131.553750038147,-0.14435484,
6689,9132.906641721725,-0.035167143,
6690,9134.253244400024,-0.10827875,
6691,9135.56940150261,-0.05003629,
6692,9136.9106631279,-0.009887317,
6693,9138.252408504486,-0.115261875,
6694,9139.599013328552,-0.34038302,
6695,9140.96635222435,-0.1675336,
6696,9142.321804761887,-1.2024003,
6697,9143.68083524704,-0.04021083,
6698,9145.032334566116,-0.028746624,
6699,9146.41108584404,-0.18473749,
6700,9149.059611558914,-0.046118364,
6701,9150.401851892471,-0.053566836,
6702,9151.74599981308,-0.010162523,
6703,9153.085940361023,-0.02300496,
6704,9154.432657957077,-0.055657446,
6705,9155.791956663132,-0.0352304,
6706,9157.15019273758,-0.013972706,
6707,9158.49761724472,-0.05165573,
6708,9159.902032852173,-0.02340375,
6709,9161.283303499222,-0.007679488,
6710,9162.68518948555,-0.018561844,
6711,9164.068114995956,-0.013320229,
6712,9165.450757265091,-0.03288378,
6713,9166.817227125168,-0.12826228,
6714,9168.18343949318,-0.004214151,
6715,9169.565791845322,-0.080211006,
6716,9170.909821271896,-0.069677405,
6717,9172.249512672424,-0.049300488,
6718,9173.587541818619,-0.055136394,
6719,9174.920454740524,-0.033469453,
6720,9176.256197929382,-0.007911252,
6721,9177.605770349503,-0.040228847,
6722,9178.958629369736,-0.044561654,
6723,9180.298308849335,-0.20729887,
6724,9181.627718687057,-0.10206979,
6725,9182.978987455368,-0.074905366,
6726,9184.296640872955,-0.017660957,
6727,9185.661402702332,-0.084973946,
6728,9187.028076648712,-0.041891463,
6729,9188.384419679642,-0.0032886558,
6730,9189.72700047493,-0.10022387,
6731,9191.083305358887,-0.040365357,
6732,9192.418817520142,-0.08639122,
6733,9193.769627571106,-0.016516136,
6734,9195.113347291946,-0.06712205,
6735,9196.45185804367,-0.054831818,
6736,9197.774534225464,-0.0618269,
6737,9199.105432987213,-0.016820781,
6738,9200.440103292465,-0.12942146,
6739,9201.779887199402,-0.043987922,
6740,9203.122037887573,-0.05195842,
6741,9204.455583572388,-0.09786771,
6742,9205.828982830048,-0.22035053,
6743,9207.189273834229,-0.07191694,
6744,9208.53442955017,-0.06008394,
6745,9209.869757413864,-0.17374972,
6746,9211.234397411346,-0.1377191,
6747,9212.591467380524,-0.09296935,
6748,9213.929907560349,-0.14358035,
6749,9215.267413139343,-0.19479948,
6750,9216.60543179512,-0.32661366,
6751,9217.987277269363,-0.12850082,
6752,9219.329530239105,-0.017351594,
6753,9220.67754483223,-0.12121092,
6754,9222.019922018051,-0.017026098,
6755,9223.36232495308,-0.035347898,
6756,9224.716973304749,-0.02698026,
6757,9226.067700386047,-0.06472656,
6758,9227.407063484192,-0.07057914,
6759,9228.747635126114,-0.023795824,
6760,9230.119379281998,-0.11995275,
6761,9231.464594125748,-0.019462723,
6762,9232.812811374664,-0.052693468,
6763,9234.150336503983,-0.05691191,
6764,9235.47191786766,-0.16706331,
6765,9236.811646699905,-0.13648815,
6766,9238.149803161621,-0.07274087,
6767,9239.48639678955,-0.262286,
6768,9240.808445692062,-0.033090323,
6769,9242.153715372086,-0.050655656,
6770,9243.51036477089,-0.18477674,
6771,9244.881103038788,-0.04072252,
6772,9246.241348028183,-0.078977406,
6773,9247.609924077988,-0.10510314,
6774,9248.959981441498,-0.033152793,
6775,9250.342830657959,-0.10416288,
6776,9251.736425638199,-0.0039336137,
6777,9253.080295801163,-0.06294093,
6778,9254.41690158844,-0.26919338,
6779,9255.751266002655,-0.02700875,
6780,9257.0729033947,-0.076040424,
6781,9258.453397035599,-0.02895259,
6782,9259.812072992325,-0.06571651,
6783,9261.160223960876,-0.018217763,
6784,9262.52089047432,-0.1119324,
6785,9263.875404834747,-0.022308284,
6786,9265.250177621841,-0.13778621,
6787,9266.599425792694,-0.08908152,
6788,9267.974424600601,-0.20761213,
6789,9269.334692955017,-0.024030214,
6790,9270.670166492462,-0.958722,
6791,9272.038116931915,-0.10862429,
6792,9273.382686853409,-0.12184097,
6793,9274.728501796722,-0.056872066,
6794,9276.07057261467,-0.06815096,
6795,9277.445950508118,-0.08316396,
6796,9278.81279349327,-0.07748595,
6797,9280.16022014618,-0.05099244,
6798,9281.516751527786,-0.062284645,
6799,9282.87757730484,-0.005756745,
6800,9285.411973714828,-0.041485626,
6801,9286.783009767532,-0.010513656,
6802,9288.187515974045,-0.082326956,
6803,9289.557000160217,-0.036433637,
6804,9290.90296459198,-0.049856693,
6805,9292.296839237213,-0.036757953,
6806,9293.66255402565,-0.025507797,
6807,9295.02083992958,-0.158063,
6808,9296.376909732819,-0.057827435,
6809,9297.741844177246,-0.10915129,
6810,9299.088760614395,-0.053168785,
6811,9300.421423196793,-0.121180035,
6812,9301.773955106735,-0.03930285,
6813,9303.12271142006,-0.04178937,
6814,9304.46906876564,-0.019225087,
6815,9305.826886177063,-0.010475679,
6816,9307.194628238678,-0.07143754,
6817,9308.544027328491,-0.0558866,
6818,9309.883249998093,-0.11400254,
6819,9311.212321519852,-0.07921605,
6820,9312.5819003582,-0.04054906,
6821,9313.931567668915,-0.011940657,
6822,9315.278462409973,-0.02866501,
6823,9316.636756181717,-0.056915592,
6824,9317.980508804321,-0.06417512,
6825,9319.325553178787,-0.035944488,
6826,9320.67979645729,-0.12932493,
6827,9322.041378736496,-0.04536566,
6828,9323.387766361237,-0.023025095,
6829,9324.740257263184,-0.032893185,
6830,9326.09918165207,-0.06519947,
6831,9327.444159030914,-0.024818545,
6832,9328.773912668228,-0.083075814,
6833,9330.109765768051,-0.101897724,
6834,9331.4697701931,-0.1009741,
6835,9332.84067606926,-0.18645851,
6836,9334.210146427155,-0.18651305,
6837,9335.562889814377,-0.093099594,
6838,9336.903590202332,-0.05216739,
6839,9338.29204249382,-0.12478684,
6840,9339.637618541718,-0.06508769,
6841,9340.984084367752,-0.16237487,
6842,9342.335785388947,-0.06810992,
6843,9343.67440366745,-0.11477062,
6844,9345.054983615875,-0.10990908,
6845,9346.408116102219,-0.25941288,
6846,9347.766565799713,-0.010883925,
6847,9349.11011004448,-0.043250527,
6848,9350.456390619278,-0.0776723,
6849,9351.795543670654,-0.077458695,
6850,9353.138856172562,-0.27759993,
6851,9354.477942705154,-0.088948704,
6852,9355.804405450821,-0.084382415,
6853,9357.149941205978,-0.03299701,
6854,9358.505557060242,-0.017896041,
6855,9359.90821814537,-0.093685076,
6856,9361.293936014175,-0.027521987,
6857,9362.62851524353,-0.06819665,
6858,9363.954417705536,-0.06565438,
6859,9365.306994915009,-0.016706754,
6860,9366.665698766708,-0.011618213,
6861,9368.044636249542,-0.11523699,
6862,9369.450501918793,-0.020619188,
6863,9370.820060253143,-0.03679116,
6864,9372.181777477264,-0.04875387,
6865,9373.553849697113,-0.027716598,
6866,9374.920585870743,-0.08107274,
6867,9376.29759144783,-0.033928663,
6868,9377.64107632637,-0.015962912,
6869,9378.95670747757,-0.014453938,
6870,9380.29882478714,-0.10255253,
6871,9381.681746721268,-0.32185048,
6872,9383.058170557022,-0.03661181,
6873,9384.418250083923,-0.16032939,
6874,9385.763877868652,-0.042987898,
6875,9387.093751907349,-0.1433621,
6876,9388.438435554504,-0.048653245,
6877,9389.804825544357,-0.07541464,
6878,9391.165694713593,-0.06867544,
6879,9392.51134967804,-0.011428708,
6880,9393.87079668045,-0.11303602,
6881,9395.224304437637,-0.06141884,
6882,9396.565794706345,-0.094937,
6883,9397.919647932053,-0.046071712,
6884,9399.271396160126,-0.029982742,
6885,9400.626702785492,-0.0605521,
6886,9401.963047504425,-0.048960995,
6887,9403.30427312851,-0.05632772,
6888,9404.64251446724,-0.23566025,
6889,9405.996463298798,-0.21178967,
6890,9407.342101812363,-0.029310716,
6891,9408.70335817337,-0.04096313,
6892,9410.036316871643,-0.028401265,
6893,9411.409476280212,-0.003100539,
6894,9412.753725767136,-0.017595693,
6895,9414.10251045227,-0.023034891,
6896,9415.453595638275,-0.051456608,
6897,9416.783201932907,-0.08131231,
6898,9418.131295919418,-0.25396967,
6899,9419.466764211655,-0.10862391,
6900,9422.141492843628,-0.03032989,
6901,9423.478776216507,-0.1164532,
6902,9424.82872724533,-0.07844538,
6903,9426.178510904312,-0.05839075,
6904,9427.572586536407,-0.027597994,
6905,9428.962208747864,-0.04087153,
6906,9430.352009773254,-0.01939851,
6907,9431.746492624283,-0.026523178,
6908,9433.130017995834,-0.02054989,
6909,9434.504115581512,-0.036312964,
6910,9435.891860246658,-0.052015007,
6911,9437.245167255402,-0.029398652,
6912,9438.60597896576,-0.15212467,
6913,9439.969254732132,-0.03857062,
6914,9441.310209274292,-0.22266595,
6915,9442.667773723602,-0.35832575,
6916,9444.012939214706,-0.02216261,
6917,9445.364157915115,-0.10849246,
6918,9446.717964172363,-0.12072586,
6919,9448.030682086945,-0.030419223,
6920,9449.365072727203,-0.013545727,
6921,9450.730798721313,-0.03641796,
6922,9452.091990470886,-0.02216165,
6923,9453.439510345459,-0.01994944,
6924,9454.782096624374,-0.064609066,
6925,9456.14046883583,-0.017798541,
6926,9457.48830485344,-0.016190458,
6927,9458.834666967392,-0.017717995,
6928,9460.182051420212,-0.030892972,
6929,9461.535190105438,-0.049723487,
6930,9462.870796442032,-0.029132374,
6931,9464.194140195847,-0.015101434,
6932,9465.543985366821,-0.033337746,
6933,9466.890134572983,-0.01723279,
6934,9468.240382432938,-0.037391257,
6935,9469.628811597824,-0.057484135,
6936,9470.969992637634,-0.012685133,
6937,9472.340398311615,-0.016070494,
6938,9473.681021213531,-0.04875446,
6939,9475.029267787933,-0.13719934,
6940,9476.349503993988,-0.019077606,
6941,9477.681674957275,-0.0565669,
6942,9479.013846635818,-0.07020371,
6943,9480.363476276398,-0.021580718,
6944,9481.71232509613,-0.07158657,
6945,9483.058040380478,-0.037538055,
6946,9484.455832242966,-0.03906224,
6947,9485.800430774689,-0.056374848,
6948,9487.148141384125,-0.12925662,
6949,9488.484825372696,-0.055521432,
6950,9489.825188159943,-0.14544812,
6951,9491.15533041954,-0.040825773,
6952,9492.490190267563,-0.03457082,
6953,9493.848274707794,-0.029633973,
6954,9495.203025341034,-0.032055195,
6955,9496.63213801384,-0.017747879,
6956,9497.999188184738,-0.08252455,
6957,9499.374756336212,-0.031903125,
6958,9500.720727920532,-0.1253502,
6959,9502.068922281265,-0.08102733,
6960,9503.414419174194,-0.05631655,
6961,9504.742263793945,-0.052713133,
6962,9506.083465576172,-0.06525522,
6963,9507.431627035141,-0.055868153,
6964,9508.8010866642,-0.10114463,
6965,9510.174182891846,-0.08566875,
6966,9511.523220777512,-0.087586045,
6967,9512.872681379318,-0.012427747,
6968,9514.222537279129,-0.020611303,
6969,9515.590848207474,-0.060390502,
6970,9516.944541692734,-0.03823779,
6971,9518.294004917145,-0.06453286,
6972,9519.634368181229,-0.061787374,
6973,9520.965251684189,-0.08385623,
6974,9522.338084459305,-0.023449454,
6975,9523.695057868958,-0.0700968,
6976,9525.051441907883,-0.11778264,
6977,9526.397780656815,-0.4810466,
6978,9527.738323450089,-0.17181262,
6979,9529.103995323181,-0.020733219,
6980,9530.489569664001,-0.006808425,
6981,9531.830866098404,-0.14623612,
6982,9533.162471055984,-0.058814313,
6983,9534.482575416565,-0.06300954,
6984,9535.818817853928,-0.05697291,
6985,9537.165418863297,-0.103195705,
6986,9538.527979373932,-0.045027394,
6987,9539.936211585999,-0.080100484,
6988,9541.279737949371,-0.095126174,
6989,9542.646969079971,-0.084693015,
6990,9544.00018286705,-0.81309223,
6991,9545.365158557892,-0.054284956,
6992,9546.724265813828,-0.17725195,
6993,9548.048874139786,-0.024101574,
6994,9549.378326892853,-0.0884947,
6995,9550.716969013214,-0.029980373,
6996,9552.11640572548,-0.026374934,
6997,9553.493593215942,-0.04835338,
6998,9554.860362529755,-0.06382344,
6999,9556.21166920662,-0.09476657,
7000,9558.892152786255,-0.07366663,
7001,9560.234126329422,-0.15205981,
7002,9561.57690858841,-0.053950857,
7003,9562.955510139465,-0.13781892,
7004,9564.266899585724,-0.16408324,
7005,9565.596588611603,-0.05860455,
7006,9566.924126386642,-0.12452176,
7007,9568.24685382843,-0.089563444,
7008,9569.571201086044,-0.112600796,
7009,9570.88758134842,-0.057851605,
7010,9572.218329668045,-0.02265917,
7011,9573.542626142502,-0.055338584,
7012,9574.863483667374,-0.024655515,
7013,9576.167264938354,-0.033016317,
7014,9577.49485874176,-0.01971047,
7015,9578.81823348999,-0.07180725,
7016,9580.148168802261,-0.040504634,
7017,9581.482572078705,-0.033685442,
7018,9582.804641723633,-0.05343934,
7019,9584.134427309036,-0.112630665,
7020,9585.454735040665,-0.05653292,
7021,9586.777266979218,-0.008200297,
7022,9588.097726345062,-0.07905701,
7023,9589.418148994446,-0.056178145,
7024,9590.744557380676,-0.055133816,
7025,9592.07575416565,-0.023538508,
7026,9593.4045855999,-0.037206214,
7027,9594.736297130585,-0.16373442,
7028,9596.063672304153,-0.09145121,
7029,9597.385353088379,-0.055137962,
7030,9598.711900234222,-0.45618635,
7031,9600.03971862793,-0.007881483,
7032,9601.379580497742,-0.048278622,
7033,9602.705641031265,-0.04785655,
7034,9604.032921552658,-0.1435192,
7035,9605.363191127777,-0.027857749,
7036,9606.691448688507,-0.040324192,
7037,9608.022414207458,-0.01939675,
7038,9609.365309715271,-0.9536873,
7039,9610.703206539154,-0.034735177,
7040,9612.036614179611,-0.007494588,
7041,9613.360780954361,-0.075819336,
7042,9614.691656827927,-0.16557826,
7043,9616.026715278625,-0.10511842,
7044,9617.356166362762,-0.24404067,
7045,9618.67693734169,-0.15009695,
7046,9620.004267215729,-0.8844634,
7047,9621.355175733566,-0.10246955,
7048,9622.705794334412,-0.05288996,
7049,9624.040796518326,-0.033983868,
7050,9625.365518808365,-0.087983705,
7051,9626.692551136017,-0.08034901,
7052,9628.018366098404,-0.01727561,
7053,9629.334825515747,-0.09378883,
7054,9630.666943073273,-0.04482751,
7055,9632.006400108337,-0.018195005,
7056,9633.343715190887,-0.04768863,
7057,9634.683574199677,-0.03349166,
7058,9636.00552392006,-0.23679796,
7059,9637.34007692337,-0.073426306,
7060,9638.668619155884,-0.13610314,
7061,9639.995858430862,-0.08156356,
7062,9641.314447641373,-0.058104552,
7063,9642.642005443573,-0.17028654,
7064,9643.976693153381,-0.06406699,
7065,9645.290835618973,-0.07157318,
7066,9646.61730337143,-0.0584471,
7067,9647.946105003357,-0.0525059,
7068,9649.276492834091,-0.080543146,
7069,9650.605085134506,-0.0606804,
7070,9656.907795906067,-0.011728204,
7071,9658.2206428051,-0.067675665,
7072,9659.544214010239,-0.010264865,
7073,9660.886545658112,-0.11797735,
7074,9662.218003511429,-0.060875077,
7075,9663.55345916748,-0.04917162,
7076,9664.903916835785,-0.029210761,
7077,9666.25270986557,-0.035894826,
7078,9667.603818893433,-0.2475622,
7079,9668.952576875687,-0.2068457,
7080,9670.281382083893,-0.089015186,
7081,9671.613374710083,-0.053329542,
7082,9672.967955827713,-0.033104487,
7083,9674.30803489685,-0.06385922,
7084,9675.663305282593,-0.11650611,
7085,9677.00643491745,-0.06864487,
7086,9678.351613759995,-0.039401185,
7087,9679.704157829285,-0.027830102,
7088,9681.04254579544,-0.13364916,
7089,9682.378570079803,-0.15254651,
7090,9683.703341245651,-0.027982399,
7091,9685.075254917145,-0.06400207,
7092,9686.43552684784,-0.010803016,
7093,9687.804891586304,-0.029791122,
7094,9689.15311217308,-0.10199443,
7095,9690.504140615463,-0.04400447,
7096,9691.846683740616,-0.06644696,
7097,9693.179188728333,-0.22174117,
7098,9694.507377147675,-0.081515834,
7099,9695.840698480606,-0.055305444,
7100,9698.478595018387,-0.055581678,
7101,9699.844466686249,-0.07633537,
7102,9701.212341308594,-0.048403148,
7103,9702.572744607925,-0.026691867,
7104,9703.91035914421,-0.038522284,
7105,9705.314608097076,-0.03642552,
7106,9706.683235883713,-0.19211733,
7107,9708.05380821228,-0.08731423,
7108,9709.439930200577,-0.060620904,
7109,9710.795308113098,-0.067039065,
7110,9712.143452882767,-0.008551117,
7111,9713.51586651802,-0.11546208,
7112,9714.854986429214,-0.03523691,
7113,9716.20993757248,-0.0898972,
7114,9717.57251739502,-0.07764177,
7115,9718.905986785889,-0.07341535,
7116,9720.275919437408,-0.024944592,
7117,9721.659775018692,-0.04599402,
7118,9723.058651685715,-0.061849974,
7119,9724.41393661499,-0.019529598,
7120,9725.77484035492,-0.06956825,
7121,9727.12216591835,-0.12904386,
7122,9728.48225069046,-0.03788634,
7123,9729.823759317398,-0.15633178,
7124,9731.168703079224,-0.019040331,
7125,9732.495162010193,-0.011892798,
7126,9733.85641860962,-0.027228149,
7127,9735.20106434822,-0.049171865,
7128,9736.563384771347,-0.01932944,
7129,9737.9158411026,-0.034203764,
7130,9739.271234035492,-0.1000509,
7131,9740.615431308746,-0.006121052,
7132,9741.972323656082,-0.0482779,
7133,9743.344723701477,-0.02275643,
7134,9744.709774494171,-0.024485353,
7135,9746.086847305298,-0.0484381,
7136,9747.43459033966,-0.018793315,
7137,9748.818819999695,-0.019956043,
7138,9750.185125112534,-0.020482996,
7139,9751.550059080124,-0.01744213,
7140,9752.904257535934,-0.041407056,
7141,9754.245849132538,-0.039766937,
7142,9755.61673951149,-0.07814038,
7143,9756.98864197731,-0.06659054,
7144,9758.381432771683,-0.44662926,
7145,9759.749331235886,-0.02018084,
7146,9761.170848369598,-0.07009575,
7147,9762.583063364029,-0.011844762,
7148,9763.922835588455,-0.058735423,
7149,9765.3122112751,-0.062103044,
7150,9766.702091217041,-0.03602312,
7151,9768.045522212982,-0.039310776,
7152,9769.400240421295,-0.031016398,
7153,9770.785279989243,-0.04061941,
7154,9772.135454654694,-0.11860459,
7155,9773.497795820236,-0.0995215,
7156,9774.83618092537,-0.061413098,
7157,9776.17848944664,-0.12562734,
7158,9777.525151014328,-0.04056085,
7159,9778.866773366928,-0.042177502,
7160,9780.216036319733,-0.048543528,
7161,9781.557100057602,-0.16798533,
7162,9782.934081792831,-0.1129673,
7163,9784.289627313614,-0.11914578,
7164,9785.665190458298,-0.10677357,
7165,9787.005200147629,-0.21431366,
7166,9788.329907417297,-0.065383516,
7167,9789.684733629227,-0.12405552,
7168,9791.044342756271,-0.052363843,
7169,9792.401773929596,-0.012976571,
7170,9793.757659435272,-0.12948377,
7171,9795.130136728287,-0.052540757,
7172,9796.468960285187,-0.07346919,
7173,9797.813764095306,-0.09910985,
7174,9799.17358469963,-0.052980363,
7175,9800.516376495361,-0.062654525,
7176,9801.839145183563,-0.04953814,
7177,9803.169514417648,-0.04723048,
7178,9804.56349349022,-0.034356676,
7179,9805.945727825165,-0.019823512,
7180,9807.306361913681,-0.04059884,
7181,9808.65717792511,-0.034250055,
7182,9810.010508775711,-0.017952085,
7183,9811.386285305023,-0.047619782,
7184,9812.758297920227,-0.06943817,
7185,9814.110489845276,-0.26503354,
7186,9815.54151725769,-0.67251325,
7187,9816.905824899673,-0.24616769,
7188,9818.239006280899,-0.24093288,
7189,9819.584615707397,-0.068615295,
7190,9820.940193653107,-0.05549784,
7191,9822.317829370499,-0.067013465,
7192,9823.702978372574,-0.035528563,
7193,9825.065914392471,-0.018601667,
7194,9826.439890623093,-0.0085092615,
7195,9827.82380104065,-0.019785699,
7196,9829.190792322159,-0.05800547,
7197,9830.562596082687,-0.00921046,
7198,9831.934751272202,-0.033795584,
7199,9833.28612112999,-0.019335251,
7200,9836.130324602127,-0.06409081,
7201,9837.505588531494,-0.058047432,
7202,9838.85789012909,-0.058892023,
7203,9840.210395812988,-0.051388796,
7204,9841.551006555557,-0.039918747,
7205,9842.926731348038,-0.017982205,
7206,9844.284084796906,-0.011058258,
7207,9845.657740831375,-0.030858452,
7208,9847.007952928543,-0.060318723,
7209,9848.352251291275,-0.042553827,
7210,9849.698239564896,-0.043947544,
7211,9851.055985212326,-0.0353858,
7212,9852.420028448105,-0.10204677,
7213,9853.76740860939,-0.0950326,
7214,9855.105382680893,-0.019420646,
7215,9856.442964792252,-0.14635053,
7216,9857.789389371872,-0.0743297,
7217,9859.212841749191,-0.004901281,
7218,9860.560964345932,-0.07813064,
7219,9861.8998336792,-0.015578705,
7220,9863.218401193619,-0.013025198,
7221,9864.54623746872,-0.035448384,
7222,9865.884287118912,-0.059227616,
7223,9867.234012365341,-0.07062867,
7224,9868.611418962479,-0.3803341,
7225,9869.968702316284,-0.15045966,
7226,9871.315524578094,-0.09398949,
7227,9872.66409778595,-1.0381616,
7228,9874.022494316101,-0.031122187,
7229,9875.36272096634,-0.07738463,
7230,9876.703307151794,-0.041372787,
7231,9878.042476415634,-0.083327845,
7232,9879.377645254135,-0.04078281,
7233,9880.718463420868,-0.038006198,
7234,9882.079402208328,-0.023261031,
7235,9883.426898479462,-0.07903936,
7236,9884.80728983879,-0.03347476,
7237,9886.14610862732,-0.028841292,
7238,9887.487107753754,-0.02938684,
7239,9888.82338142395,-0.05894632,
7240,9890.18804883957,-0.053320825,
7241,9891.536314487457,-0.08181561,
7242,9892.890429019928,-0.01932745,
7243,9894.23403429985,-0.11869021,
7244,9895.579650878906,-0.027665189,
7245,9896.945840835571,-0.09574217,
7246,9898.285475730896,-0.037847172,
7247,9899.629009723663,-0.072996885,
7248,9900.97417807579,-0.015426608,
7249,9902.325371026993,-0.05213052,
7250,9903.668797492981,-0.0877379,
7251,9905.017296791077,-0.018577207,
7252,9906.358444929123,-0.062009983,
7253,9907.705018997192,-0.009002883,
7254,9909.036483287811,-0.04244197,
7255,9910.355586767197,-0.076284096,
7256,9911.694600343704,-0.057426687,
7257,9913.04876422882,-0.043937903,
7258,9914.404306650162,-0.13150841,
7259,9915.75784945488,-0.044427633,
7260,9917.114408016205,-0.07834269,
7261,9918.48311495781,-0.043301966,
7262,9919.844554662704,-0.027727744,
7263,9921.193923473358,-0.15692906,
7264,9922.55894613266,-0.022390012,
7265,9923.930671215057,-0.026993504,
7266,9925.324408769608,-0.02156052,
7267,9926.660808324814,-0.036947504,
7268,9928.025453805923,-0.07148533,
7269,9929.384322881699,-0.030532217,
7270,9930.74887418747,-0.014891637,
7271,9932.100953817368,-0.022618683,
7272,9933.466067552567,-0.027369317,
7273,9934.81705570221,-0.0732536,
7274,9936.173417329788,-0.06138172,
7275,9937.537942886353,-0.2040347,
7276,9938.942122459412,-0.084888585,
7277,9940.298274755478,-0.023537062,
7278,9941.66044473648,-0.011884327,
7279,9943.023290395737,-0.16691476,
7280,9944.387858629227,-0.12000627,
7281,9945.787173509598,-0.41387212,
7282,9947.145998001099,-0.18430342,
7283,9948.495404481888,-0.085513555,
7284,9949.85189461708,-0.023169523,
7285,9951.213332176208,-0.054218225,
7286,9952.575405359268,-0.06030136,
7287,9953.931632041931,-0.026831023,
7288,9955.28592991829,-0.023772717,
7289,9956.61502456665,-0.031096969,
7290,9957.954329967499,-0.045622412,
7291,9959.330082654953,-0.0020596213,
7292,9960.687470436096,-0.018012105,
7293,9962.067150831223,-0.04995746,
7294,9963.491922140121,-0.06347271,
7295,9964.873033285141,-0.03186934,
7296,9966.32383441925,-0.028157867,
7297,9967.754488706589,-0.053742964,
7298,9969.130046129227,-0.1598996,
7299,9970.493370056152,-0.00012243874,
7300,9973.098745822906,-0.12390979,
7301,9974.46185016632,-0.06494431,
7302,9975.81824707985,-0.04326359,
7303,9977.177624940872,-0.19827275,
7304,9978.527919530869,-0.07227799,
7305,9979.88350892067,-0.12472359,
7306,9981.243980407715,-0.17594188,
7307,9982.60492515564,-0.03631529,
7308,9983.97687125206,-0.098993,
7309,9985.336811542511,-0.15955696,
7310,9986.688575983047,-0.041522417,
7311,9988.039586782455,-0.07937396,
7312,9989.383352279663,-0.09132276,
7313,9990.723741531372,-0.045845836,
7314,9992.07816028595,-0.05566342,
7315,9993.442212581635,-0.031833664,
7316,9994.794686555862,-0.045462023,
7317,9996.153247356415,-0.048018087,
7318,9997.509452342987,-0.10665674,
7319,9998.84791469574,-0.05719074,
7320,10000.17766237259,-0.22101428,
7321,10001.527928829193,-0.07262274,
7322,10002.889563560486,-0.23264822,
7323,10004.252581119537,-0.06397077,
7324,10005.618077278137,-0.079212464,
7325,10007.025876760483,-0.08488611,
7326,10008.423303604126,-0.055405647,
7327,10009.868327140808,-0.07865666,
7328,10011.255177021027,-0.16544075,
7329,10012.631135463715,-0.012136996,
7330,10013.982258558273,-0.046816852,
7331,10015.334974765778,-0.049450863,
7332,10016.711133003235,-0.033730146,
7333,10018.121147632599,-0.088084646,
7334,10019.476918458939,-0.055200215,
7335,10020.837896347046,-0.07229221,
7336,10022.196169137955,-0.02831371,
7337,10023.587754487991,-0.06572711,
7338,10025.064116954803,-0.09834843,
7339,10026.519368648529,-0.11768923,
7340,10027.897837162018,-0.033524677,
7341,10029.274510383606,-0.06368012,
7342,10030.646998643875,-0.055200774,
7343,10032.013373851776,-0.06912538,
7344,10033.376045703888,-0.0890477,
7345,10034.745894432068,-0.022766711,
7346,10036.100383996964,-0.06935717,
7347,10037.452789068222,-0.03981149,
7348,10038.809538125992,-0.10819709,
7349,10040.163157701492,-0.046371512,
7350,10041.512326002121,-0.07284491,
7351,10042.840432167053,-0.12868997,
7352,10044.16426205635,-0.062976606,
7353,10045.549871206284,-0.033407677,
7354,10046.932754516602,-0.30474275,
7355,10048.28194141388,-0.08170618,
7356,10049.641803264618,-0.12092365,
7357,10051.014827489853,-0.38398197,
7358,10052.362359285355,-0.0052698245,
7359,10053.712703704834,-0.07898823,
7360,10055.092334032059,-0.013695174,
7361,10056.42470407486,-0.028786203,
7362,10057.755680322647,-0.054511964,
7363,10059.10050034523,-0.06756314,
7364,10060.449724197388,-0.32976604,
7365,10061.820019245148,-0.1448616,
7366,10063.171957969666,-0.08170614,
7367,10064.519191980362,-0.24683084,
7368,10065.872808218002,-0.034195866,
7369,10067.216391086578,-0.09078617,
7370,10068.563777446747,-0.3029918,
7371,10069.924283742905,-0.12012701,
7372,10071.25818514824,-0.02178374,
7373,10072.59765458107,-0.12500265,
7374,10073.9492456913,-0.06165974,
7375,10075.325343370438,-0.14066137,
7376,10076.675077676773,-0.030494917,
7377,10078.024747133255,-0.14754225,
7378,10079.373727798462,-0.014623062,
7379,10080.731029748917,-0.076235265,
7380,10082.076365232468,-0.19797717,
7381,10083.443835258484,-0.12389744,
7382,10084.793056249619,-0.0393314,
7383,10086.124371528625,-0.054643273,
7384,10087.45263004303,-0.043909542,
7385,10088.799087047577,-0.028538901,
7386,10090.150210142136,-0.0817521,
7387,10091.486496448517,-0.061888553,
7388,10092.834114551544,-0.124676436,
7389,10094.186680555344,-0.118412055,
7390,10095.531521081924,-0.052571427,
7391,10096.875129461288,-0.020565763,
7392,10098.213781833649,-0.04894608,
7393,10099.559747695923,-0.08636343,
7394,10100.90017914772,-0.009639289,
7395,10102.242661237717,-0.022223279,
7396,10103.592007160187,-0.11042221,
7397,10104.939118146896,-0.036587328,
7398,10106.299359321594,-0.05161939,
7399,10107.649755716324,-0.017119486,
7400,10110.279438257217,-0.018868743,
7401,10111.624460697174,-0.056549132,
7402,10112.990313529968,-0.0068118167,
7403,10114.398088216782,-0.060917564,
7404,10115.745275735855,-0.052452352,
7405,10117.090887784958,-0.0705304,
7406,10118.431301116943,-0.106258824,
7407,10119.781609773636,-0.03857981,
7408,10121.151488304138,-0.24468818,
7409,10122.50226855278,-0.036449123,
7410,10123.863634109497,-0.056273516,
7411,10125.219633579254,-0.06679505,
7412,10126.565861940384,-0.052179724,
7413,10127.910088777542,-0.033094637,
7414,10129.256922006607,-0.031273387,
7415,10130.61055278778,-0.040337503,
7416,10131.936272621155,-0.015137391,
7417,10133.266773939133,-0.043318678,
7418,10134.605113506317,-0.0045274515,
7419,10135.972777605057,-0.016434465,
7420,10137.317691087723,-0.009438225,
7421,10138.654281377792,-0.06015881,
7422,10140.027807950974,-0.02257352,
7423,10141.37342262268,-0.04087669,
7424,10142.738699913025,-0.01758872,
7425,10144.197211265564,-0.043351583,
7426,10145.61975646019,-0.029245561,
7427,10147.001279115677,-0.008342502,
7428,10148.329196929932,-0.07061049,
7429,10149.667469978333,-0.05902628,
7430,10151.02277135849,-0.13938136,
7431,10152.39097905159,-0.021453587,
7432,10153.764771223068,-0.17771721,
7433,10155.120277881622,-0.047493942,
7434,10156.464695215225,-0.04868003,
7435,10157.81115436554,-0.3537442,
7436,10159.195461034775,-0.03203606,
7437,10160.595865726471,-0.1082178,
7438,10162.02216219902,-0.031187074,
7439,10163.361804008484,-0.06888449,
7440,10164.703415870667,-0.017841255,
7441,10166.056915283203,-0.04011847,
7442,10167.412498235703,-0.03193241,
7443,10168.752449512482,-0.069619276,
7444,10170.093140363693,-0.029017262,
7445,10171.482940196991,-0.11334598,
7446,10172.842090129852,-0.0335746,
7447,10174.193141698837,-0.1068978,
7448,10175.539016008377,-0.067209855,
7449,10176.876788854599,-0.021241032,
7450,10178.233134269714,-0.050090037,
7451,10179.578752040863,-0.65153855,
7452,10180.965262413025,-0.045537073,
7453,10182.344198465347,-0.04791775,
7454,10183.703708648682,-0.37143573,
7455,10185.059933662415,-0.06661747,
7456,10186.413816928864,-0.08174109,
7457,10187.752702713013,-0.14003512,
7458,10189.098601102829,-0.029786287,
7459,10190.441322565079,-0.068910286,
7460,10191.772870063782,-0.03142733,
7461,10193.108947992325,-0.07691359,
7462,10194.464257478714,-0.104871765,
7463,10195.816545009613,-0.052108597,
7464,10197.154857873917,-0.051098246,
7465,10198.500452041626,-0.014159397,
7466,10199.8392932415,-0.06741424,
7467,10201.184073925018,-0.033366006,
7468,10202.525158166885,-0.08253375,
7469,10203.875241279602,-0.015121292,
7470,10205.242014884949,-0.1503466,
7471,10206.587316989899,-0.15229478,
7472,10207.906765699387,-0.76832163,
7473,10209.248521327972,-0.07954221,
7474,10210.60061788559,-0.007403822,
7475,10212.032014846802,-0.03805294,
7476,10213.375982761383,-0.30322814,
7477,10214.736497402191,-0.052127663,
7478,10216.116672039032,-0.044191964,
7479,10217.488275766373,-0.10424687,
7480,10218.852180957794,-0.22838141,
7481,10220.211638212204,-0.03436948,
7482,10221.571071863174,-0.017557539,
7483,10222.93841457367,-0.3890659,
7484,10224.283736467361,-0.1484723,
7485,10225.628578186035,-0.0521493,
7486,10226.98947930336,-0.070421636,
7487,10228.351508140564,-0.034195106,
7488,10229.704318284988,-0.046903156,
7489,10231.057066440582,-0.029664475,
7490,10232.41615486145,-0.051439747,
7491,10233.753717184067,-0.22980578,
7492,10235.088114261627,-0.03546386,
7493,10236.453738212585,-0.10303947,
7494,10237.851896047592,-0.042247538,
7495,10239.19766998291,-0.053449713,
7496,10240.577420473099,-0.10654596,
7497,10241.926964521408,-0.12334209,
7498,10243.282478809357,-0.023018215,
7499,10244.643173217773,-0.065824576,
7500,10247.47240114212,-0.03384906,
7501,10248.907575368881,-0.107543714,
7502,10250.29343342781,-0.12136697,
7503,10251.69337797165,-0.016240131,
7504,10253.046016931534,-0.036875322,
7505,10254.413758039474,-0.039915353,
7506,10255.757632493973,-0.031552766,
7507,10257.134387493134,-0.070339344,
7508,10258.496314048767,-0.11900765,
7509,10259.830855369568,-0.018806582,
7510,10261.172635316849,-0.027435627,
7511,10262.510167121887,-0.03741092,
7512,10263.84101510048,-0.05976962,
7513,10265.212611198425,-0.057904895,
7514,10266.561858177185,-0.023195012,
7515,10267.91288805008,-0.04645571,
7516,10269.277257919312,-0.21525598,
7517,10270.645998001099,-0.06243678,
7518,10271.998277187347,-0.0643801,
7519,10273.334481239319,-0.01426032,
7520,10274.675042152405,-0.08581576,
7521,10276.033567428589,-0.033607304,
7522,10277.377784013748,-0.090056404,
7523,10278.718282222748,-0.0419271,
7524,10280.055691480637,-0.011162008,
7525,10281.402226686478,-0.18072568,
7526,10282.762744188309,-0.17069903,
7527,10284.11572933197,-0.044494294,
7528,10285.470930099487,-0.025430536,
7529,10286.829533100128,-0.010640284,
7530,10288.175101995468,-0.008794836,
7531,10289.534680128098,-0.029973496,
7532,10290.880136489868,-0.010359917,
7533,10292.230206489563,-0.057166293,
7534,10293.565358877182,-0.030840656,
7535,10294.8932492733,-0.08139913,
7536,10296.24786567688,-0.028012125,
7537,10297.614624738693,-0.036419693,
7538,10298.9621591568,-0.012086606,
7539,10300.320626735687,-0.03217405,
7540,10301.678880929947,-0.023870524,
7541,10303.026118040085,-0.025927914,
7542,10304.394011259079,-0.0016654718,
7543,10305.74136018753,-0.0170393,
7544,10307.114438056946,-0.052619692,
7545,10308.473485469818,-0.06206599,
7546,10309.804558038712,-0.08704455,
7547,10311.134182214737,-0.046162438,
7548,10312.467066764832,-0.026456429,
7549,10313.840229034424,-0.08621391,
7550,10315.201807022095,-0.08973488,
7551,10316.57317686081,-0.018435396,
7552,10317.92465019226,-0.030483665,
7553,10319.28303694725,-0.05496222,
7554,10320.622835874557,-0.07708698,
7555,10321.966708183289,-0.027097462,
7556,10323.338745832443,-0.02393091,
7557,10324.686342954636,-0.047992483,
7558,10326.009777545929,-0.1627149,
7559,10327.335501670837,-0.054290615,
7560,10328.695135831833,-0.06505656,
7561,10330.039715528488,-0.07489113,
7562,10331.382700920105,-0.03761715,
7563,10332.721591234207,-0.05194691,
7564,10334.06689620018,-0.15645425,
7565,10335.420370578766,-0.09986262,
7566,10336.768007516861,-0.09718792,
7567,10338.106894016266,-0.060223438,
7568,10339.462296247482,-0.016441396,
7569,10340.838837623596,-0.01441122,
7570,10342.169763326645,-0.07246114,
7571,10343.519464492798,-0.0148458555,
7572,10344.89465212822,-0.24871318,
7573,10346.258600234985,-0.06411852,
7574,10347.604734659195,-0.11203192,
7575,10348.943653345108,-0.021492148,
7576,10350.306980133057,-0.014845056,
7577,10351.654647111893,-0.08758055,
7578,10353.000493049622,-0.09546177,
7579,10354.381480932236,-0.038533244,
7580,10355.731856584549,-0.19509876,
7581,10357.066263437271,-0.028883217,
7582,10358.4111495018,-0.10902834,
7583,10359.759006500244,-0.056271397,
7584,10361.13621377945,-0.035837673,
7585,10362.499745368958,-0.022767186,
7586,10363.843368053436,-0.019643754,
7587,10365.19041800499,-0.06050671,
7588,10366.55179309845,-0.16553321,
7589,10367.906834840775,-0.26698095,
7590,10369.253225803375,-0.034862805,
7591,10370.604207754135,-0.034343384,
7592,10371.95985031128,-0.10844439,
7593,10373.304687738419,-0.033164684,
7594,10374.66670513153,-0.10061203,
7595,10376.019125699997,-0.0846776,
7596,10377.366399288177,-0.20024298,
7597,10378.719707012177,-0.06470446,
7598,10380.059526443481,-0.03214878,
7599,10381.420182466507,-0.12501106,
7600,10384.112711906433,-0.030885853,
7601,10385.4792740345,-0.029980363,
7602,10386.81276345253,-0.43686798,
7603,10388.151106595993,-0.022982426,
7604,10389.48368549347,-0.054297127,
7605,10390.880008220673,-0.061244365,
7606,10392.23379445076,-0.09492529,
7607,10393.588466644287,-0.0212544,
7608,10394.921461582184,-0.11505629,
7609,10396.249341011047,-0.0809486,
7610,10397.589572429657,-0.02941698,
7611,10398.948029756546,-0.16747424,
7612,10400.284475803375,-0.07747891,
7613,10401.617390155792,-0.026583984,
7614,10402.935029745102,-0.031087453,
7615,10404.270476341248,-0.035663128,
7616,10405.611711978912,-0.002519841,
7617,10406.958724737167,-0.026632441,
7618,10408.30089211464,-0.08934729,
7619,10409.656027555466,-0.016394451,
7620,10411.023824930191,-0.0035097175,
7621,10412.391455411911,-0.01286363,
7622,10413.787009477615,-0.018273482,
7623,10415.130792856216,-0.004272227,
7624,10416.465906858444,-0.012086121,
7625,10417.86076259613,-0.04963524,
7626,10419.187725305557,-0.01409827,
7627,10420.502848625183,-0.06018003,
7628,10421.826586961746,-0.024956133,
7629,10423.143274068832,-0.12648268,
7630,10424.494088411331,-0.025587706,
7631,10425.882550239563,-0.064947024,
7632,10427.199832439423,-0.0722668,
7633,10428.518795967102,-0.05030017,
7634,10429.840824127197,-0.17082867,
7635,10431.159472465515,-0.07737011,
7636,10432.500553131104,-0.33410713,
7637,10433.82235789299,-0.07863009,
7638,10435.159304857254,-0.5941277,
7639,10436.487141609192,-0.2865813,
7640,10437.825474262238,-0.28493014,
7641,10439.151490688324,-0.3295415,
7642,10440.485929727554,-0.0696293,
7643,10441.809769153595,-0.026155045,
7644,10443.136088609695,-0.7017095,
7645,10444.463003873825,-0.73252654,
7646,10445.806547880173,-0.150709,
7647,10447.140221357346,-0.1398662,
7648,10448.477568864822,-0.09436942,
7649,10449.794123649597,-0.17644387,
7650,10451.139249324799,-0.13399592,
7651,10452.474984884262,-0.2150053,
7652,10453.80674982071,-0.13056222,
7653,10455.11662197113,-0.00641738,
7654,10456.444824457169,-0.01729267,
7655,10457.76786494255,-0.01823242,
7656,10459.0882999897,-0.04214661,
7657,10460.412616491318,-0.05031443,
7658,10461.760687351227,-0.008293393,
7659,10463.108770370483,-0.025766326,
7660,10464.437814950943,-0.010197908,
7661,10465.760932683945,-0.09862467,
7662,10467.099863767624,-0.055509258,
7663,10468.437299489975,-0.11479805,
7664,10469.761042118073,-0.02183717,
7665,10471.08344078064,-0.03650334,
7666,10472.409593343735,-0.022417895,
7667,10473.735556602478,-0.026428709,
7668,10475.059387683868,-0.026153147,
7669,10476.39097738266,-0.018586833,
7670,10477.722085952759,-0.12217943,
7671,10479.03970336914,-0.013019991,
7672,10480.361859321594,-0.037656277,
7673,10481.724488258362,-0.012010912,
7674,10483.05612039566,-0.025245968,
7675,10484.38052892685,-0.054389838,
7676,10485.70501589775,-0.055719517,
7677,10487.028190135956,-0.06443361,
7678,10488.345103740692,-0.02175859,
7679,10489.668044567108,-0.25355434,
7680,10490.98951625824,-0.043172404,
7681,10492.325433015823,-0.07278948,
7682,10493.661270141602,-0.042202566,
7683,10495.000686883926,-0.019749463,
7684,10496.336195230484,-0.031200813,
7685,10497.677800655365,-0.097092696,
7686,10499.00600862503,-0.011393552,
7687,10500.359925985336,-0.0041030645,
7688,10501.69124698639,-0.06510955,
7689,10503.012288331985,-0.032139882,
7690,10504.34517455101,-0.031716283,
7691,10505.702201843262,-0.5336241,
7692,10507.050464391708,-0.005297631,
7693,10508.38858795166,-0.05557348,
7694,10509.730230808258,-0.10593842,
7695,10511.053478479385,-0.4589975,
7696,10512.387264728546,-0.22462034,
7697,10513.72572183609,-3.8084002,
7698,10515.06434059143,-0.12679501,
7699,10516.404716730118,-0.22907235,
7700,10518.934592485428,-0.06242625,
7701,10520.28451514244,-0.21544807,
7702,10521.63558459282,-0.036284294,
7703,10522.989999294281,-0.032635786,
7704,10524.337392807007,-0.2946635,
7705,10525.685605287552,-0.04513987,
7706,10527.039525985718,-0.09521331,
7707,10528.392641067505,-0.01709156,
7708,10529.737643241882,-0.078855716,
7709,10531.078527450562,-0.012230955,
7710,10532.405323982239,-0.0066777808,
7711,10533.730515003204,-0.13334902,
7712,10535.06170964241,-0.05978614,
7713,10536.387347221375,-0.03865971,
7714,10537.713183641434,-0.037136227,
7715,10539.139333724976,-0.031130556,
7716,10540.460376262665,-0.026016742,
7717,10541.80075263977,-0.061344687,
7718,10543.144308328629,-0.06727898,
7719,10544.491498947144,-0.04419539,
7720,10545.829805612564,-0.013483232,
7721,10547.167793750763,-0.027150217,
7722,10548.487116575241,-0.015149992,
7723,10549.837478876114,-0.011348307,
7724,10551.176993608475,-0.07699379,
7725,10552.506392717361,-0.028902201,
7726,10553.854122638702,-0.06980504,
7727,10555.180709600449,-0.04936322,
7728,10556.496358394623,-0.025799127,
7729,10557.83318066597,-0.03541321,
7730,10559.153416633606,-0.08267048,
7731,10560.487538337708,-0.040788572,
7732,10561.839122772217,-0.27977386,
7733,10563.21366405487,-0.11463125,
7734,10564.571989297867,-0.09042114,
7735,10565.94679570198,-0.12644239,
7736,10567.29784989357,-0.19879046,
7737,10568.63189959526,-0.29553705,
7738,10569.964436531067,-0.35195634,
7739,10571.304244756699,-0.6416859,
7740,10572.653081178665,-0.30418086,
7741,10573.989213466644,-0.15611242,
7742,10575.322558879852,-0.061916202,
7743,10576.651698350906,-0.08196152,
7744,10577.980576992035,-0.4143252,
7745,10579.31158399582,-0.10786165,
7746,10580.638863801956,-0.061303593,
7747,10581.966714143753,-0.14908552,
7748,10583.309354782104,-0.050969973,
7749,10584.640826702118,-0.12986366,
7750,10585.98078250885,-0.07160922,
7751,10587.308078050613,-0.05053471,
7752,10588.648856163025,-0.12752807,
7753,10589.975821495056,-0.13890983,
7754,10591.301891803741,-0.04361113,
7755,10592.651674032211,-0.044166602,
7756,10593.98923778534,-0.3081446,
7757,10595.313545942307,-0.021623708,
7758,10596.641779661179,-0.0562468,
7759,10597.95739531517,-0.071783945,
7760,10599.298906564713,-0.06965044,
7761,10600.626450777054,-0.07193265,
7762,10601.962095737457,-0.014933268,
7763,10603.283276081085,-0.044875525,
7764,10604.604323387146,-0.040221147,
7765,10605.934203386307,-0.06556597,
7766,10607.261705636978,-0.058962412,
7767,10608.592991828918,-0.09651214,
7768,10609.922233581543,-0.11778347,
7769,10611.254208803177,-0.049293596,
7770,10612.591295719147,-0.056980625,
7771,10613.925786018372,-0.123704776,
7772,10615.256276130676,-0.14978495,
7773,10616.592400074005,-0.041266803,
7774,10617.915137767792,-0.10894153,
7775,10619.240526914597,-0.06696832,
7776,10620.589779138565,-0.14107537,
7777,10621.935188770294,-0.06358028,
7778,10623.290555715561,-0.0350141,
7779,10624.643816947937,-0.12047219,
7780,10626.006124973297,-0.07336929,
7781,10627.325476408005,-0.16978519,
7782,10628.649232149124,-0.008058007,
7783,10629.97960639,-0.03752679,
7784,10631.304181575775,-0.007356035,
7785,10632.62959933281,-0.022667065,
7786,10633.946766376495,-0.021971527,
7787,10635.284222602844,-0.18478204,
7788,10636.602453708649,-0.008353306,
7789,10637.913004875183,-0.054740053,
7790,10639.247404575348,-0.02526664,
7791,10640.57206606865,-0.023093745,
7792,10641.914373397827,-0.076023996,
7793,10643.26384305954,-0.025318,
7794,10644.622369527817,-0.09966068,
7795,10645.953170061111,-0.033134304,
7796,10647.332031011581,-0.01130037,
7797,10648.692241191864,-0.045515824,
7798,10650.058217525482,-0.071873255,
7799,10651.42228937149,-0.05337602,
7800,10654.240713596344,-0.012532142,
7801,10655.560142278671,-0.04128753,
7802,10656.87440276146,-0.054890186,
7803,10658.200520277023,-0.06640054,
7804,10659.514569282532,-0.047377143,
7805,10660.847402572632,-0.041362233,
7806,10662.16750717163,-0.11858931,
7807,10663.490771055222,-0.12535799,
7808,10664.821334600449,-0.10185086,
7809,10666.140253782272,-0.22980145,
7810,10667.468900442123,-0.072042875,
7811,10668.790476083755,-0.026267175,
7812,10670.117504835129,-0.06416867,
7813,10671.43537402153,-0.023179319,
7814,10672.747714996338,-0.116214916,
7815,10674.086066007614,-0.080589496,
7816,10675.433141708374,-0.078659214,
7817,10676.781648635864,-0.044942565,
7818,10678.126690387726,-0.090581074,
7819,10679.462377786636,-0.12018411,
7820,10680.808955192566,-0.03246105,
7821,10682.143240690231,-0.2914048,
7822,10683.47383928299,-0.054424293,
7823,10684.8001704216,-0.06415813,
7824,10686.1429541111,-0.05574876,
7825,10687.473948717117,-0.03558463,
7826,10688.79098033905,-0.09290698,
7827,10690.115905046463,-0.026807874,
7828,10691.451372146606,-0.18885833,
7829,10692.772174835205,-0.09775356,
7830,10694.085133552551,-0.13581513,
7831,10695.40508890152,-0.029033782,
7832,10696.745148181915,-0.098686695,
7833,10698.078115463257,-0.047620613,
7834,10699.402995109558,-0.06342231,
7835,10700.725633621216,-0.05330362,
7836,10702.049864768982,-0.049102537,
7837,10703.399822950363,-0.12166594,
7838,10704.72680425644,-0.031579845,
7839,10706.053950548172,-0.0369627,
7840,10707.374863147736,-0.05919575,
7841,10708.710616350174,-0.027101904,
7842,10710.03313589096,-0.072784096,
7843,10711.363428115845,-0.04899041,
7844,10712.70865392685,-0.097744614,
7845,10714.03974866867,-0.057507116,
7846,10715.367043972015,-0.32604584,
7847,10716.698341369629,-0.0543194,
7848,10718.022384166718,-0.03949319,
7849,10719.34225654602,-0.12231457,
7850,10720.661824941635,-0.07545772,
7851,10721.991193532944,-0.07222627,
7852,10723.323776245117,-0.093140565,
7853,10724.65058541298,-0.054959327,
7854,10725.979013681412,-0.051946674,
7855,10727.301215410233,-0.024213536,
7856,10728.623018741608,-0.10262535,
7857,10729.950850725174,-0.0018712379,
7858,10731.268969774246,-0.030613882,
7859,10732.591120243073,-0.04249447,
7860,10733.924793958664,-0.013317807,
7861,10735.257653474808,-0.05986697,
7862,10736.576929330826,-0.028070297,
7863,10737.9374730587,-0.06252468,
7864,10739.257355451584,-0.020028204,
7865,10740.582066297531,-0.20287836,
7866,10741.933159828186,-0.02486421,
7867,10743.28539943695,-0.04648281,
7868,10744.625025510788,-0.026430188,
7869,10745.976526021957,-0.08877708,
7870,10747.316182613373,-0.0104445005,
7871,10748.644252061844,-0.03617584,
7872,10749.976125478745,-0.0123465955,
7873,10751.309655189514,-0.047584236,
7874,10752.640954732895,-0.011969879,
7875,10753.985265254974,-0.041814428,
7876,10755.310706615448,-0.1125489,
7877,10756.648179292679,-0.06892328,
7878,10757.979188919067,-0.087291375,
7879,10759.334688186646,-0.1398305,
7880,10760.679201126099,-0.11855438,
7881,10762.030537128448,-0.019730885,
7882,10763.37628531456,-0.017247025,
7883,10764.702533960342,-0.09755094,
7884,10766.04184126854,-0.022338046,
7885,10767.384249687195,-0.02835277,
7886,10768.74149799347,-0.4446381,
7887,10770.070025920868,-0.013203984,
7888,10771.403722047806,-0.073610015,
7889,10772.727513074875,-0.045778725,
7890,10774.059510946274,-0.004128175,
7891,10775.423533201218,-0.12636077,
7892,10776.75548362732,-0.050882675,
7893,10778.099328994751,-0.075946294,
7894,10779.48226070404,-0.1273974,
7895,10780.825511455536,-0.09688373,
7896,10782.170860052109,-0.03525412,
7897,10783.528685092926,-0.024493879,
7898,10784.861140727997,-0.01762487,
7899,10786.204494714737,-0.033737186,
7900,10788.770473957062,-0.027932446,
7901,10790.114670276642,-0.01587286,
7902,10791.438695907593,-0.03515244,
7903,10792.763630151749,-0.09128072,
7904,10794.080039262772,-0.020360675,
7905,10795.414937019348,-0.17080083,
7906,10796.754540681839,-0.19817917,
7907,10798.079305648804,-0.03288972,
7908,10799.406298160553,-0.07286806,
7909,10800.733127117157,-0.022997623,
7910,10802.05133986473,-0.011564212,
7911,10803.391167879105,-0.06560584,
7912,10804.720437049866,-0.11980537,
7913,10806.080650568008,-0.28909898,
7914,10807.40933728218,-0.15519714,
7915,10808.742705345154,-0.038953654,
7916,10810.071921825409,-0.016753092,
7917,10811.399665355682,-0.014181388,
7918,10812.730665922165,-0.035593305,
7919,10814.06603193283,-0.035746377,
7920,10815.402440071106,-0.004132333,
7921,10816.73808312416,-0.038528558,
7922,10818.060894489288,-0.02285098,
7923,10819.408935308456,-0.023585664,
7924,10820.737868309021,-0.025960092,
7925,10822.070710420609,-0.08002654,
7926,10823.397612571716,-0.0421519,
7927,10824.720148086548,-0.15074557,
7928,10826.061720609665,-0.02130764,
7929,10827.397546052933,-0.036958743,
7930,10828.722705841064,-0.0482557,
7931,10830.06881570816,-0.06736263,
7932,10831.407942295074,-0.008409776,
7933,10832.74086022377,-0.013380523,
7934,10834.069495916367,-0.02057749,
7935,10835.415459394455,-0.26487985,
7936,10836.75414466858,-0.07175304,
7937,10838.110481739044,-0.6730336,
7938,10839.450776338577,-0.739428,
7939,10840.784392356873,-0.42562884,
7940,10842.1282351017,-0.027921613,
7941,10843.45822429657,-0.046159215,
7942,10844.781420707703,-0.08277371,
7943,10846.125524044037,-0.112068735,
7944,10847.456226587296,-0.2529948,
7945,10848.784826517105,-0.02486092,
7946,10850.110097885132,-0.1982907,
7947,10851.429904222488,-0.064801335,
7948,10852.76391863823,-0.038741775,
7949,10854.09412074089,-0.008128792,
7950,10855.406237125397,-0.038292654,
7951,10856.748386859894,-0.06361317,
7952,10858.080097913742,-0.10337495,
7953,10859.403720378876,-0.07115593,
7954,10860.733317375183,-0.15765817,
7955,10862.099507331848,-0.15364812,
7956,10863.443284988403,-0.029405862,
7957,10864.800915002823,-0.015672604,
7958,10866.168795108795,-0.13955289,
7959,10867.547846794128,-0.01661864,
7960,10868.899257421494,-0.24386348,
7961,10870.239593029022,-4.6500695e-06,
7962,10871.585383415222,-0.048732314,
7963,10872.936473846436,-0.046107788,
7964,10874.28049826622,-0.042442005,
7965,10875.598320245743,-0.036183152,
7966,10876.9310836792,-0.027021848,
7967,10878.262100458145,-0.075630516,
7968,10879.615781068802,-0.0046733064,
7969,10880.945000648499,-0.02710785,
7970,10882.285861968994,-0.06396985,
7971,10883.629219055176,-0.040691033,
7972,10884.967379570007,-0.059661202,
7973,10886.282270431519,-0.076237164,
7974,10887.593868017197,-0.25363508,
7975,10888.913233995438,-0.011241003,
7976,10890.23874759674,-0.06326804,
7977,10891.560750722885,-0.5443817,
7978,10892.883339881897,-0.4466092,
7979,10894.21677827835,-0.12965247,
7980,10895.539378643036,-0.62963843,
7981,10896.868666410446,-0.7114008,
7982,10898.18730545044,-0.1585841,
7983,10899.515791416168,-0.38429523,
7984,10900.841840982437,-0.40297994,
7985,10902.16639471054,-0.041083746,
7986,10903.49562382698,-0.027608149,
7987,10904.808436393738,-0.036361318,
7988,10906.125627040863,-0.022749074,
7989,10907.447871685028,-0.011820475,
7990,10908.761464118958,-0.03431478,
7991,10910.082373142242,-0.055282544,
7992,10911.404581069946,-0.035117757,
7993,10912.739741325378,-0.0369997,
7994,10914.059605836868,-0.012195756,
7995,10915.384279966354,-0.029218787,
7996,10916.721684217453,-0.04652545,
7997,10918.068508148193,-0.017011859,
7998,10919.43782734871,-0.20185983,
7999,10920.775556087494,-0.0097391615,
8000,10923.330181360245,-0.014734065,
8001,10924.66581583023,-0.021048948,
8002,10925.996706724167,-0.009742193,
8003,10927.33951830864,-0.0057433727,
8004,10928.690740346909,-0.029408097,
8005,10930.021349191666,-0.0031503113,
8006,10931.349972248077,-0.036862098,
8007,10932.68674325943,-0.037009247,
8008,10933.997815132141,-0.035102643,
8009,10935.325665712357,-0.10311514,
8010,10936.642424821854,-0.053831108,
8011,10937.964910268784,-0.14061108,
8012,10939.282609701157,-0.079080775,
8013,10940.60315489769,-0.01026828,
8014,10941.917662620544,-0.059070293,
8015,10943.234673023224,-0.13298196,
8016,10944.627146482468,-0.03149213,
8017,10945.959249019623,-0.06976077,
8018,10947.285971403122,-0.0112662045,
8019,10948.612535238266,-0.020990482,
8020,10949.932324171066,-0.05040742,
8021,10951.267518520355,-0.049203184,
8022,10952.600233078003,-0.052022282,
8023,10953.93542265892,-0.08521848,
8024,10955.250180006027,-0.04688252,
8025,10956.63221859932,-0.10680046,
8026,10957.970759153366,-0.039230485,
8027,10959.310953617096,-0.039342646,
8028,10960.646499872208,-0.03215268,
8029,10961.971490859985,-0.01591333,
8030,10963.294818162918,-0.07509729,
8031,10964.630273342133,-0.065182,
8032,10965.958209753036,-0.08929425,
8033,10967.330407857895,-0.121516556,
8034,10968.69578909874,-0.1597059,
8035,10970.032078027725,-0.052563403,
8036,10971.359879255295,-0.17234947,
8037,10972.691623210907,-0.23682953,
8038,10974.006927967072,-0.05552271,
8039,10975.335350036621,-0.112718314,
8040,10976.673330068588,-0.06149497,
8041,10978.012737512589,-0.027333781,
8042,10979.331103563309,-0.018533433,
8043,10980.657408714294,-0.0024024132,
8044,10981.992465019226,-0.05008367,
8045,10983.377208709717,-0.014850031,
8046,10984.698618412018,-0.117555514,
8047,10986.028901100159,-0.01237252,
8048,10987.345341920853,-0.021122757,
8049,10988.665301084518,-0.114546664,
8050,10989.975101232529,-0.05141126,
8051,10991.30268573761,-0.09368162,
8052,10992.64528131485,-0.1723315,
8053,10994.000468730927,-0.04187077,
8054,10995.330480337143,-0.0047815265,
8055,10996.67025232315,-0.019412886,
8056,10998.010642290115,-0.06198103,
8057,10999.346677303314,-0.035927497,
8058,11000.675902843475,-0.18091738,
8059,11002.004910707474,-0.058155973,
8060,11003.33575963974,-0.023757495,
8061,11004.675148248672,-0.06480708,
8062,11006.00085401535,-0.021124609,
8063,11007.33053278923,-0.022983566,
8064,11008.652649879456,-0.17962505,
8065,11009.981914520264,-0.05273386,
8066,11011.336013793945,-0.10352458,
8067,11012.719843864441,-0.040069662,
8068,11014.08209991455,-0.17421712,
8069,11015.423223018646,-0.034252558,
8070,11016.7656686306,-0.044982266,
8071,11018.095582008362,-0.051046528,
8072,11019.426587820053,-0.08384758,
8073,11020.756298780441,-0.23565808,
8074,11022.093698263168,-0.020798834,
8075,11023.428594112396,-0.09010877,
8076,11024.754229545593,-0.05838658,
8077,11026.07979130745,-0.053399365,
8078,11027.404104948044,-0.20420389,
8079,11028.731246471405,-0.15027809,
8080,11030.065108776093,-0.054411013,
8081,11031.405384540558,-0.03452857,
8082,11032.725861310959,-0.083011046,
8083,11034.054208755493,-0.3122933,
8084,11035.368760108948,-0.0982441,
8085,11036.75290775299,-0.035051268,
8086,11038.097298145294,-0.09763986,
8087,11039.412342071533,-0.057859503,
8088,11040.745020866394,-0.11091125,
8089,11042.093882799149,-0.005069525,
8090,11043.461192846298,-0.050100937,
8091,11044.791832447052,-0.08626761,
8092,11046.135087013245,-0.056934148,
8093,11047.453625917435,-0.15481949,
8094,11048.778954982758,-0.64895713,
8095,11050.121724128723,-0.013048295,
8096,11051.466809511185,-0.07469179,
8097,11052.83638715744,-0.13719977,
8098,11054.159858226776,-0.07073917,
8099,11055.519880533218,-0.037599433,
8100,11058.08327627182,-0.059949204,
8101,11059.406897068024,-0.16659763,
8102,11060.724576234818,-0.17695025,
8103,11062.062687397003,-0.02786308,
8104,11063.37960600853,-0.02612543,
8105,11064.70635509491,-0.03376248,
8106,11066.02395248413,-0.06291765,
8107,11067.350610017776,-0.13503934,
8108,11068.682691574097,-0.017408757,
8109,11070.004553079605,-0.013271589,
8110,11071.32827591896,-0.04019508,
8111,11072.677582025528,-0.019964568,
8112,11074.011020421982,-0.1328777,
8113,11075.337085008621,-0.058806106,
8114,11076.654375314713,-0.032763314,
8115,11077.990501880646,-0.054038875,
8116,11079.328680753708,-0.055500418,
8117,11080.646530151367,-0.04373348,
8118,11081.962681293488,-0.047806606,
8119,11083.294827699661,-0.21974255,
8120,11084.638802528381,-0.05980779,
8121,11086.029260635376,-0.018606607,
8122,11087.37225151062,-0.05087382,
8123,11088.697418689728,-0.021283446,
8124,11090.047930955887,-0.068361565,
8125,11091.383793115616,-0.048409127,
8126,11092.713557720184,-0.029975653,
8127,11094.03894662857,-0.3698026,
8128,11095.36063861847,-0.045132473,
8129,11096.697270393372,-0.0053421413,
8130,11098.039185523987,-0.048880126,
8131,11099.3577876091,-0.04958336,
8132,11100.692367315292,-0.022627283,
8133,11102.015328407288,-0.014349469,
8134,11103.347467184067,-0.058100924,
8135,11104.707979917526,-0.30155239,
8136,11106.043455839157,-0.044133756,
8137,11107.361302614212,-0.017261263,
8138,11108.682032823563,-0.06943249,
8139,11109.997007608414,-0.047959924,
8140,11111.322411060333,-0.1250063,
8141,11112.635402202606,-0.08813521,
8142,11113.976562976837,-0.0780329,
8143,11115.285867214203,-0.015533768,
8144,11116.62044095993,-0.0114420075,
8145,11117.954614639282,-0.08696855,
8146,11119.294664144516,-0.012663059,
8147,11120.655515432358,-0.03382907,
8148,11122.04114317894,-0.1204939,
8149,11123.382363557816,-0.035311714,
8150,11124.727546215057,-0.17994027,
8151,11126.100123643875,-0.044365454,
8152,11127.4227912426,-0.104761496,
8153,11128.745408296585,-0.044912104,
8154,11130.086763381958,-0.045289762,
8155,11131.46180343628,-0.08632213,
8156,11132.798798799515,-0.011849754,
8157,11134.125297307968,-0.03547825,
8158,11135.462444782257,-0.16711782,
8159,11136.787278652191,-0.10061522,
8160,11138.105036258698,-1.0649825,
8161,11139.427329063416,-0.1364475,
8162,11140.750416755676,-0.007086725,
8163,11142.078432798386,-0.06512874,
8164,11143.408257007599,-0.037044566,
8165,11144.7365026474,-0.03299795,
8166,11146.065492153168,-0.045868564,
8167,11147.383124351501,-0.20300823,
8168,11148.701694488525,-0.032487936,
8169,11150.029971837997,-0.102025755,
8170,11151.351924419403,-0.085107885,
8171,11152.681361436844,-0.111259215,
8172,11154.0036714077,-0.08106069,
8173,11155.338572978973,-0.020131465,
8174,11156.657317399979,-0.11669274,
8175,11157.975727796555,-0.1717429,
8176,11159.307457208633,-0.13334624,
8177,11160.625853061676,-0.14964285,
8178,11161.965306282043,-0.06761035,
8179,11163.28815793991,-2.711932,
8180,11164.618631362915,-0.09139018,
8181,11165.97198343277,-0.049397223,
8182,11167.313160181046,-0.09391411,
8183,11168.646092891693,-0.051919974,
8184,11169.973680734634,-0.056855783,
8185,11171.297583580017,-0.29297253,
8186,11172.621782064438,-0.029465249,
8187,11173.938953399658,-0.0310617,
8188,11175.274885177612,-0.120320275,
8189,11176.60022687912,-0.009586245,
8190,11177.927995443344,-0.06400072,
8191,11179.250978946686,-0.03716776,
8192,11180.578624248505,-0.20555227,
8193,11181.906967639923,-0.035080336,
8194,11183.24042725563,-0.032979526,
8195,11184.57864189148,-0.03657347,
8196,11185.895463466644,-0.03633161,
8197,11187.22138762474,-0.23206598,
8198,11188.538425207138,-0.04296033,
8199,11189.854556798935,-0.042216808,
8200,11192.404439926147,-0.054080587,
8201,11193.731034755707,-0.04239058,
8202,11195.073665857315,-0.110522196,
8203,11196.433024644852,-0.046764337,
8204,11197.766765594482,-0.13704124,
8205,11199.085309505463,-0.015801003,
8206,11200.450063705444,-0.008771624,
8207,11201.839243412018,-0.10082346,
8208,11203.211617946625,-0.04319072,
8209,11204.57943224907,-0.0447827,
8210,11205.936017513275,-0.046354115,
8211,11207.308274030685,-0.017310457,
8212,11208.637061834335,-0.21135642,
8213,11209.952424287796,-0.013731682,
8214,11211.277457475662,-0.03429816,
8215,11212.614688158035,-0.047933012,
8216,11213.934915542603,-0.08862716,
8217,11215.258588790894,-0.016766572,
8218,11216.59280204773,-0.026418366,
8219,11217.91920375824,-0.4832778,
8220,11219.243817090988,-0.102581985,
8221,11220.61657500267,-0.01467141,
8222,11221.946852445602,-0.01834157,
8223,11223.274889707565,-0.11114912,
8224,11224.597328186035,-0.051564004,
8225,11225.948697566986,-0.030793693,
8226,11227.340807676315,-0.026637457,
8227,11228.71273469925,-0.01702709,
8228,11230.069647073746,-0.06951538,
8229,11231.42189502716,-0.052255243,
8230,11232.78192448616,-0.09594788,
8231,11234.154630184174,-0.027642589,
8232,11235.537628650665,-0.06840635,
8233,11236.860147237778,-0.08168895,
8234,11238.202283859253,-0.099630356,
8235,11239.536446809769,-0.043736573,
8236,11240.851697206497,-0.06505781,
8237,11242.289472818375,-0.07408923,
8238,11243.627121448517,-0.21825022,
8239,11244.977642774582,-0.02546782,
8240,11246.305245876312,-0.026439792,
8241,11247.662539720535,-0.05741904,
8242,11248.990354061127,-0.082561344,
8243,11250.313282728195,-0.01931837,
8244,11251.641707897186,-0.13198316,
8245,11252.978604078293,-0.027810227,
8246,11254.313215970993,-0.033670615,
8247,11255.66124010086,-0.01031338,
8248,11257.004597902298,-0.08433744,
8249,11258.322427749634,-0.026128799,
8250,11259.644672393799,-0.011991915,
8251,11260.966180086136,-0.044691823,
8252,11262.288788795471,-0.00867486,
8253,11263.616487264633,-0.10810691,
8254,11264.945700645447,-0.049371317,
8255,11266.271522283554,-0.027188987,
8256,11267.60636305809,-0.010268721,
8257,11268.930924654007,-0.027882123,
8258,11270.257419586182,-0.10649534,
8259,11271.577343702316,-0.07723225,
8260,11272.906321048737,-0.03038459,
8261,11274.264526844025,-0.06116821,
8262,11275.590631246567,-0.06553587,
8263,11276.901780128479,-0.09309836,
8264,11278.230869531631,-0.018822894,
8265,11279.559023857117,-0.13474864,
8266,11280.876463413239,-0.047027215,
8267,11282.240238428116,-0.02307474,
8268,11283.59876203537,-0.039410535,
8269,11284.97369480133,-0.046344478,
8270,11286.322171211243,-0.0756354,
8271,11287.652959108353,-0.11629875,
8272,11288.967788696289,-1.6829255,
8273,11290.37994146347,-0.04257715,
8274,11291.747509479523,-0.034394823,
8275,11293.091959476471,-0.1570571,
8276,11294.422559976578,-0.07139367,
8277,11295.75547337532,-0.09526255,
8278,11297.0827190876,-0.021308947,
8279,11298.401286840439,-0.041146167,
8280,11299.731256961823,-0.0030359488,
8281,11301.05821275711,-0.04890928,
8282,11302.368176937103,-0.059614234,
8283,11303.69228219986,-0.09347483,
8284,11305.04122209549,-0.11068259,
8285,11306.371015548706,-0.07986697,
8286,11307.70246052742,-0.022728268,
8287,11309.069657564163,-0.11958314,
8288,11310.400233983994,-0.081145495,
8289,11311.717266321182,-0.25571403,
8290,11313.036921977997,-0.17065452,
8291,11314.358295679092,-0.4211752,
8292,11315.680080413818,-0.9340606,
8293,11317.009692192078,-0.5746206,
8294,11318.35335946083,-0.028589344,
8295,11319.68838596344,-0.3780723,
8296,11321.013713121414,-0.03281395,
8297,11322.417711496353,-0.038425844,
8298,11323.750349521637,-0.0091640465,
8299,11325.073276758194,-0.0036061353,
8300,11327.561720132828,-0.029243756,
8301,11328.88261604309,-0.012751191,
8302,11330.194673776627,-0.0411124,
8303,11331.527318954468,-0.07436518,
8304,11332.855309009552,-0.01773293,
8305,11334.18053483963,-0.023065217,
8306,11335.573948144913,-0.0115633905,
8307,11336.957557439804,-0.013618715,
8308,11338.287902355194,-0.052113976,
8309,11339.6163854599,-0.07520277,
8310,11340.937673568726,-0.018499997,
8311,11342.32457280159,-0.0107354075,
8312,11343.657077550888,-0.050966382,
8313,11344.993479728699,-0.1483129,
8314,11346.34956407547,-0.015339601,
8315,11347.679957151413,-0.05361506,
8316,11349.002742052078,-0.030154468,
8317,11350.3193089962,-0.0066698254,
8318,11351.647117614746,-0.033803247,
8319,11352.983981370926,-0.032937136,
8320,11354.314172506332,-0.015884507,
8321,11355.651792287827,-0.059494123,
8322,11356.988176107407,-0.018565232,
8323,11358.31234073639,-0.048619874,
8324,11359.634762048721,-0.12722921,
8325,11361.037366867065,-0.023901157,
8326,11362.442885875702,-0.17861058,
8327,11363.770723104477,-0.13301428,
8328,11365.087012052536,-0.055703223,
8329,11366.422266721725,-0.018875388,
8330,11367.770859479904,-0.06016305,
8331,11369.105370759964,-0.02975291,
8332,11370.441521644592,-0.092249766,
8333,11371.774151086807,-0.1630979,
8334,11373.101664304733,-0.11049768,
8335,11374.433735370636,-0.047016744,
8336,11375.766833543777,-0.06113834,
8337,11377.10681438446,-0.06629004,
8338,11378.44531416893,-0.063035086,
8339,11379.769661903381,-0.11988865,
8340,11381.078850746155,-0.036251165,
8341,11382.402730941772,-0.018140038,
8342,11383.739125013351,-0.04995496,
8343,11385.060353279114,-0.06387165,
8344,11386.394359588623,-0.0120732635,
8345,11387.729097604752,-0.06573926,
8346,11389.054788589478,-0.0641286,
8347,11390.37969827652,-0.029915662,
8348,11391.75052022934,-0.047167215,
8349,11393.0818836689,-0.011988389,
8350,11394.401731014252,-0.026508387,
8351,11395.72846531868,-0.008436859,
8352,11397.061456918716,-0.034842636,
8353,11398.386455059052,-0.04226068,
8354,11399.70431303978,-0.018434647,
8355,11401.038841962814,-0.011304942,
8356,11402.417252063751,-0.017439675,
8357,11403.73723602295,-0.004681274,
8358,11405.077959299088,-0.0891754,
8359,11406.400850772858,-0.012592677,
8360,11407.74092388153,-0.007394311,
8361,11409.069512844086,-0.028065678,
8362,11410.42540192604,-0.04383855,
8363,11411.745076656342,-0.016872885,
8364,11413.075040340424,-0.039993554,
8365,11414.403683423996,-0.06290022,
8366,11415.722754001617,-0.076971054,
8367,11417.04546880722,-0.015934872,
8368,11418.37163066864,-0.04456462,
8369,11419.696554660797,-0.02854737,
8370,11421.095095872879,-0.02815546,
8371,11422.46095609665,-0.03446622,
8372,11423.837793111801,-0.042254075,
8373,11425.201330423355,-0.41490528,
8374,11426.55829834938,-0.23739582,
8375,11427.913912534714,-0.276846,
8376,11429.27468252182,-0.0295158,
8377,11430.647549390793,-0.027783282,
8378,11432.025319099426,-0.04081013,
8379,11433.3799097538,-0.06846812,
8380,11434.746187448502,-0.025300715,
8381,11436.117775201797,-0.12082045,
8382,11437.475816249847,-0.044722207,
8383,11438.80593752861,-0.07885707,
8384,11440.131958723068,-0.09470055,
8385,11441.463558912277,-0.098570645,
8386,11442.781951904297,-0.010267948,
8387,11444.101859092712,-0.09937725,
8388,11445.43229007721,-0.074274145,
8389,11446.780483007431,-0.052940186,
8390,11448.105926275253,-0.098528616,
8391,11449.447103977203,-0.059571184,
8392,11450.771036624908,-0.035098355,
8393,11452.104428052902,-0.021229912,
8394,11453.437400817871,-0.04442335,
8395,11454.764824390411,-0.026433036,
8396,11456.086189746857,-0.00456095,
8397,11457.405096530914,-0.04111042,
8398,11458.728084802628,-0.03126029,
8399,11460.047815799713,-0.060149174,
8400,11462.54014492035,-0.02900506,
8401,11463.87641453743,-0.02060273,
8402,11465.243555784225,-0.043234464,
8403,11466.584676265717,-0.015601159,
8404,11467.905139923096,-0.013865085,
8405,11469.240369796753,-0.05547321,
8406,11470.570956468582,-0.09856829,
8407,11471.888978004456,-0.12830523,
8408,11473.219855308533,-0.023523554,
8409,11474.564831972122,-0.03605719,
8410,11475.91797208786,-0.071413994,
8411,11477.250443220139,-0.069945335,
8412,11478.620306253433,-0.13848732,
8413,11480.06644153595,-0.01587253,
8414,11481.51005578041,-0.035429493,
8415,11482.870434999466,-0.026142724,
8416,11484.235416412354,-0.04025679,
8417,11485.596147298813,-0.02706156,
8418,11486.962763309479,-0.097079575,
8419,11488.304981470108,-0.00744075,
8420,11489.651939153671,-0.007612133,
8421,11490.998679637909,-0.18848808,
8422,11492.37026667595,-0.024572738,
8423,11493.718854904175,-0.05752985,
8424,11495.080745697021,-0.030878425,
8425,11496.437544584274,-0.043562744,
8426,11497.811779499054,-0.06728176,
8427,11499.174186944962,-0.010535488,
8428,11500.53253698349,-0.08012687,
8429,11501.884581327438,-0.11525588,
8430,11503.22955608368,-0.14992401,
8431,11504.614616394043,-0.084693804,
8432,11505.985718250275,-0.06697078,
8433,11507.340270996094,-0.33388013,
8434,11508.718505859375,-0.6499421,
8435,11510.079129934311,-0.14352359,
8436,11511.450801849365,-0.087303504,
8437,11512.82198548317,-0.23000853,
8438,11514.22168970108,-0.115071364,
8439,11515.600184202194,-0.13089707,
8440,11516.940998077393,-0.18251982,
8441,11518.291235685349,-0.09773821,
8442,11519.627742290497,-0.29856494,
8443,11520.981696367264,-0.08453317,
8444,11522.32213807106,-0.24027093,
8445,11523.652215480804,-0.055958003,
8446,11525.012742996216,-0.460652,
8447,11526.388762235641,-0.185604,
8448,11527.755663394928,-0.1226813,
8449,11529.192337751389,-0.51172334,
8450,11530.546241521835,-1.541623,
8451,11531.923075437546,-0.3918786,
8452,11533.306385993958,-0.70508635,
8453,11534.744116306305,-0.22292876,
8454,11536.10437989235,-0.3034549,
8455,11537.454319000244,-0.15847039,
8456,11538.898699998856,-0.1119619,
8457,11540.394563436508,-0.13117595,
8458,11541.780671358109,-0.61520326,
8459,11543.119552373886,-0.048810434,
8460,11544.482672214508,-0.031529546,
8461,11545.819913387299,-0.07707398,
8462,11547.166352510452,-0.071596846,
8463,11548.561438798904,-0.10976118,
8464,11549.91437792778,-0.055490773,
8465,11551.24323272705,-0.03751938,
8466,11552.577688455582,-0.07088281,
8467,11553.911542654037,-0.035995502,
8468,11555.282979488373,-0.057848595,
8469,11556.65320444107,-0.0199246,
8470,11557.999717235565,-0.0062251617,
8471,11559.33150267601,-0.026901694,
8472,11560.688184022903,-0.06175922,
8473,11562.025188446045,-0.048998237,
8474,11563.355007648468,-0.059854828,
8475,11564.705839157104,-0.0193981,
8476,11566.047672510147,-0.009462635,
8477,11567.465195178986,-0.030717915,
8478,11568.815639734268,-0.028820965,
8479,11570.156547307968,-0.008222758,
8480,11571.510773420334,-0.052260865,
8481,11572.898885726929,-0.023937242,
8482,11574.2797601223,-0.035486523,
8483,11575.65456032753,-0.07347844,
8484,11576.985794067383,-0.106515296,
8485,11578.32676768303,-0.0086340355,
8486,11579.662973165512,-0.07726522,
8487,11581.007345438004,-0.44966057,
8488,11582.34347987175,-0.13089193,
8489,11583.684948205948,-0.0030139124,
8490,11585.031175374985,-0.06760995,
8491,11586.408507108688,-0.030579327,
8492,11587.741711139679,-0.055180527,
8493,11589.090808868408,-0.20477341,
8494,11590.471269607544,-0.035988886,
8495,11591.831942081451,-0.07363731,
8496,11593.176257610321,-0.11262233,
8497,11594.561242103577,-0.036149547,
8498,11595.904540538788,-0.15245436,
8499,11597.243620157242,-0.026736759,
8500,11599.831200122833,-0.0384009,
8501,11601.163208246231,-0.05624305,
8502,11602.5084233284,-0.025659978,
8503,11603.868741989136,-0.051545653,
8504,11605.270986318588,-0.112268224,
8505,11606.652004480362,-0.0048865457,
8506,11608.030804157257,-0.04618791,
8507,11609.373991012573,-0.028504143,
8508,11610.713477611542,-0.02209193,
8509,11612.068966627121,-0.0484943,
8510,11613.3811211586,-0.054193415,
8511,11614.741021156311,-0.036686897,
8512,11616.060598611832,-0.08364962,
8513,11617.441956281662,-0.029184213,
8514,11618.793006420135,-0.02028652,
8515,11620.121434926987,-0.033567075,
8516,11621.446830511093,-0.15081911,
8517,11622.797679185867,-0.001586771,
8518,11624.137812614441,-0.049288124,
8519,11625.469272375107,-0.06577707,
8520,11626.806284427643,-0.021898594,
8521,11628.129558086395,-0.19211844,
8522,11629.452432870865,-2.0971243,
8523,11630.78942155838,-0.5498972,
8524,11632.132577896118,-0.26994187,
8525,11633.478720903397,-0.5457169,
8526,11634.830280780792,-0.27893034,
8527,11636.217180490494,-0.99103665,
8528,11637.595752239227,-0.097452596,
8529,11638.924463748932,-0.068565436,
8530,11640.248571157455,-0.17160776,
8531,11641.581115484238,-0.015040909,
8532,11643.00295138359,-0.29194087,
8533,11644.33908367157,-0.070799895,
8534,11645.694147109985,-0.09729366,
8535,11647.065277338028,-0.05563862,
8536,11648.445844173431,-0.29941875,
8537,11649.912223815918,-0.061122812,
8538,11651.47080206871,-0.05910881,
8539,11652.971666812897,-0.055249978,
8540,11654.44136929512,-0.013546132,
8541,11655.919137001038,-0.12642142,
8542,11657.358018398285,-0.033873856,
8543,11658.808307647705,-0.042143054,
8544,11660.258482217789,-0.09566717,
8545,11661.800865411758,-0.04164598,
8546,11663.335764169693,-0.035789028,
8547,11664.862545967102,-0.11606393,
8548,11666.41912984848,-0.12624747,
8549,11667.899101734161,-0.047962684,
8550,11669.358910799026,-0.069153406,
8551,11670.873148441315,-0.053972416,
8552,11672.381732463837,-0.046588406,
8553,11673.920670747757,-0.032547597,
8554,11675.378378629684,-0.020188218,
8555,11676.808413028717,-0.015482979,
8556,11678.226350307465,-0.0851707,
8557,11679.685092687607,-0.10513582,
8558,11681.127754926682,-0.03522346,
8559,11682.553305387497,-0.091661125,
8560,11684.007316827774,-0.08098472,
8561,11685.463143587112,-0.017667037,
8562,11686.866029977798,-0.08935969,
8563,11688.201579332352,-0.07296357,
8564,11689.545732736588,-0.014226273,
8565,11690.898287773132,-0.02765597,
8566,11692.250721931458,-0.103902444,
8567,11693.591800689697,-0.103285275,
8568,11694.981137037277,-0.11102317,
8569,11696.425776958466,-0.09733243,
8570,11697.826508283615,-0.034343615,
8571,11699.203658819199,-0.00953929,
8572,11700.582536697388,-0.023203801,
8573,11701.950750112534,-0.065163426,
8574,11703.358758687973,-0.06363044,
8575,11704.755380630493,-0.82377875,
8576,11706.142708301544,-0.0509829,
8577,11707.49380326271,-0.15080824,
8578,11708.846393585205,-0.043244153,
8579,11710.199671030045,-0.52494913,
8580,11711.546200752258,-0.0072884653,
8581,11712.89428138733,-0.08545303,
8582,11714.256390810013,-0.18834119,
8583,11715.594955921173,-0.16863033,
8584,11717.15160536766,-0.05278306,
8585,11718.491853952408,-0.03952914,
8586,11719.839997529984,-0.026930446,
8587,11721.250451564789,-0.2811501,
8588,11722.691207885742,-0.08847782,
8589,11724.175477981567,-0.015068453,
8590,11725.632313966751,-0.029940614,
8591,11727.125326156616,-0.18258992,
8592,11728.568958044052,-0.021557437,
8593,11729.974437713623,-0.020316634,
8594,11731.363072633743,-0.05848013,
8595,11732.801548242569,-0.08585789,
8596,11734.214702367783,-0.020577233,
8597,11735.667335033417,-0.028135153,
8598,11737.100933551788,-0.035167772,
8599,11738.53039932251,-0.11714427,
8600,11741.289457321167,-0.05580775,
8601,11742.73146224022,-0.09189317,
8602,11744.162478208542,-0.078221,
8603,11745.758529186249,-0.049929794,
8604,11747.18020248413,-0.056168437,
8605,11748.606662273407,-0.01067305,
8606,11749.9994494915,-0.020836491,
8607,11751.409372091293,-0.013939602,
8608,11752.795473575592,-0.020847226,
8609,11754.196478128433,-0.008816993,
8610,11755.61876630783,-0.084198624,
8611,11757.007766962051,-0.027409175,
8612,11758.39056110382,-0.076863825,
8613,11759.790531873703,-0.027257137,
8614,11761.237822055817,-0.02198919,
8615,11762.669673919678,-0.008697827,
8616,11764.070862293243,-0.057816405,
8617,11765.461825609207,-0.024563547,
8618,11766.843356132507,-0.022214258,
8619,11768.257514953613,-0.14332603,
8620,11769.64770245552,-0.039094895,
8621,11771.03460431099,-0.011376322,
8622,11772.453433036804,-0.07498628,
8623,11773.909560918808,-0.12221607,
8624,11775.333332777023,-0.03196023,
8625,11776.751101732254,-0.03912885,
8626,11778.147035121918,-0.04038499,
8627,11779.551765203476,-0.0123594785,
8628,11780.956138134003,-0.010771858,
8629,11782.35203075409,-0.116599746,
8630,11783.770240545273,-0.0092772115,
8631,11785.173869848251,-0.015422093,
8632,11786.594157934189,-0.06677147,
8633,11787.987661600113,-0.094640106,
8634,11789.380244731903,-0.04805139,
8635,11790.783212423325,-0.042500813,
8636,11792.215269565582,-0.03654914,
8637,11793.617665529251,-0.075397715,
8638,11795.027311325073,-0.012311564,
8639,11796.453649759293,-0.09217629,
8640,11797.882098674774,-0.007794603,
8641,11799.280089378357,-0.046643015,
8642,11800.753794193268,-0.05911501,
8643,11802.202235460281,-0.07986894,
8644,11803.602298498154,-0.07223162,
8645,11804.99860239029,-0.0046575963,
8646,11806.421417951584,-0.037648384,
8647,11807.833869218826,-0.03777833,
8648,11809.22532582283,-0.030584486,
8649,11810.637959718704,-0.0430237,
8650,11812.034395217896,-0.016959023,
8651,11813.423859119415,-0.03797856,
8652,11814.844066143036,-0.025889512,
8653,11816.25385594368,-0.027437132,
8654,11817.654940843582,-0.0655796,
8655,11819.07268500328,-0.2608721,
8656,11820.47693490982,-0.041653425,
8657,11821.87841796875,-0.022893375,
8658,11823.265756130219,-0.03817928,
8659,11824.68772482872,-0.15936883,
8660,11826.14025759697,-0.054554395,
8661,11827.55045580864,-0.08285709,
8662,11828.937668323517,-0.014040696,
8663,11830.344809293747,-0.08859469,
8664,11831.7541513443,-0.036686182,
8665,11833.164798259735,-0.024941519,
8666,11834.580426454544,-0.020831471,
8667,11835.98101067543,-0.014913428,
8668,11837.396281003952,-0.059612352,
8669,11838.795480251312,-0.30384868,
8670,11840.225801706314,-0.006172975,
8671,11841.689928293228,-0.01986068,
8672,11843.104776382446,-0.36456,
8673,11844.50329375267,-0.005368168,
8674,11845.896910429,-0.069158964,
8675,11847.30835390091,-0.0330875,
8676,11848.706911325455,-0.025642635,
8677,11850.113713741302,-0.017990507,
8678,11851.510428190231,-0.07875022,
8679,11852.893829107285,-0.042571317,
8680,11854.27336716652,-0.19564167,
8681,11855.654798746109,-0.027266217,
8682,11857.031149148941,-0.045690835,
8683,11858.40452671051,-0.049239088,
8684,11859.77644610405,-0.061062977,
8685,11861.160098791122,-0.079094276,
8686,11862.530696630478,-0.1855669,
8687,11863.940004587173,-0.11349092,
8688,11865.306124925613,-0.021421822,
8689,11866.689383983612,-0.9366424,
8690,11868.058070421219,-0.14140858,
8691,11869.44720864296,-0.23207983,
8692,11870.83618068695,-0.21010876,
8693,11872.235616445541,-0.05577451,
8694,11873.663710594177,-0.017483225,
8695,11875.091398239136,-0.06494128,
8696,11876.473835229874,-0.04651712,
8697,11877.85097193718,-0.06892171,
8698,11879.234948635101,-0.05462061,
8699,11880.60651063919,-0.17249997,
8700,11883.246287822723,-0.109477885,
8701,11884.578030586243,-0.050261877,
8702,11885.920896053314,-0.011440195,
8703,11887.254041910172,-0.11513391,
8704,11888.581768274307,-0.03051879,
8705,11889.901448726654,-0.0105026495,
8706,11891.219183206558,-0.033397533,
8707,11892.554273366928,-0.04757431,
8708,11893.876862764359,-0.04654316,
8709,11895.190750837326,-0.12378376,
8710,11896.518228292465,-0.026837673,
8711,11897.837504386902,-0.043336622,
8712,11899.175984621048,-0.37085766,
8713,11900.496641159058,-0.025065929,
8714,11901.86469912529,-0.05413933,
8715,11903.248871803284,-0.0631168,
8716,11904.580250501633,-0.096079014,
8717,11905.902772665024,-0.038854826,
8718,11907.225538015366,-0.06099741,
8719,11908.559187412262,-0.08175868,
8720,11909.890532493591,-0.023840444,
8721,11911.21291232109,-0.051943995,
8722,11912.561648845673,-0.018308865,
8723,11913.886796474457,-0.024025034,
8724,11915.219829559326,-0.09847378,
8725,11916.562021017075,-0.07711497,
8726,11917.889602661133,-0.1261473,
8727,11919.224785089493,-0.027984478,
8728,11920.551514148712,-0.11253683,
8729,11921.869480371475,-0.056600697,
8730,11923.201501607895,-0.10432047,
8731,11924.518248558044,-0.06222686,
8732,11925.843852519989,-0.018781288,
8733,11927.168720006943,-0.0647353,
8734,11928.510836839676,-0.021493966,
8735,11929.827763319016,-0.0676574,
8736,11931.151497840881,-0.046277262,
8737,11932.487107038498,-0.019218072,
8738,11933.812121391296,-0.010561567,
8739,11935.138235330582,-0.02581937,
8740,11936.463607549667,-0.116801664,
8741,11937.83736538887,-0.05128823,
8742,11939.210045814514,-0.048498817,
8743,11940.567261695862,-0.04973135,
8744,11941.890854120255,-0.12919907,
8745,11943.236738204956,-0.03810877,
8746,11944.612804889679,-0.6243306,
8747,11945.962507486343,-0.18309508,
8748,11947.302066326141,-0.19593148,
8749,11948.619815826416,-0.14954093,
8750,11949.953476667404,-0.0059234956,
8751,11951.27381181717,-0.06847691,
8752,11952.601420164108,-0.041245922,
8753,11953.919832468033,-0.1982332,
8754,11955.249853849411,-0.01505262,
8755,11956.574526071548,-0.057336554,
8756,11957.91550397873,-0.31821018,
8757,11959.243592500687,-0.028610216,
8758,11960.570386648178,-0.062115632,
8759,11961.901946544647,-0.016066225,
8760,11963.234102010727,-0.020060712,
8761,11964.542535066605,-0.038132075,
8762,11965.897517681122,-0.027648367,
8763,11967.250252008438,-0.04732663,
8764,11968.608523845673,-0.054479063,
8765,11969.92753624916,-0.05859841,
8766,11971.246493339539,-0.048573524,
8767,11972.584032058716,-0.022860263,
8768,11973.913164377213,-0.30671573,
8769,11975.228707313538,-0.017110022,
8770,11976.554312467575,-0.38238788,
8771,11977.87067747116,-0.2545501,
8772,11979.211787700653,-0.03448074,
8773,11980.531034708023,-0.061481748,
8774,11981.85616517067,-0.20071477,
8775,11983.18604516983,-0.24904802,
8776,11984.51397061348,-0.07704582,
8777,11985.83849477768,-0.4847224,
8778,11987.17224740982,-0.07428627,
8779,11988.510230064392,-0.22239655,
8780,11989.839928150177,-0.055857718,
8781,11991.167912960052,-0.021380963,
8782,11992.49172592163,-0.095065795,
8783,11993.827600479126,-0.061113197,
8784,11995.14999628067,-0.046998546,
8785,11996.480883836746,-0.06779338,
8786,11997.835270881653,-0.04401217,
8787,11999.194996118546,-0.04423896,
8788,12000.551186800003,-0.025270738,
8789,12001.944080114365,-0.04269975,
8790,12003.301604747772,-0.07278904,
8791,12004.644390106201,-0.18993703,
8792,12005.987911701202,-0.0685044,
8793,12007.317284822464,-0.13632719,
8794,12008.643133878708,-0.0045115873,
8795,12009.987308502197,-0.05538113,
8796,12011.31315779686,-0.014654541,
8797,12012.653497934341,-0.38796312,
8798,12013.982563257217,-0.4788634,
8799,12015.317111730576,-0.11384693,
8800,12017.840435743332,-0.27498665,
8801,12019.164026021957,-0.19439752,
8802,12020.489507198334,-0.3833343,
8803,12021.818848133087,-0.37488186,
8804,12023.138516902924,-0.07716021,
8805,12024.549810647964,-0.009549648,
8806,12025.922712564468,-0.10155167,
8807,12027.279830217361,-0.28350583,
8808,12028.612825155258,-0.19926582,
8809,12029.947709798813,-0.017945174,
8810,12031.271154642105,-0.12498814,
8811,12032.607172727585,-0.06387349,
8812,12033.936855316162,-0.3017466,
8813,12035.25541305542,-0.077538595,
8814,12036.580839633942,-0.17983232,
8815,12037.903973340988,-0.06440971,
8816,12039.22538137436,-0.20741639,
8817,12040.54177904129,-0.1247963,
8818,12041.861613035202,-0.04265131,
8819,12043.202890634537,-0.07533376,
8820,12044.527154684067,-0.04444486,
8821,12045.856426477432,-0.08847284,
8822,12047.19664144516,-0.037265006,
8823,12048.620681285858,-0.14306682,
8824,12050.015879154205,-0.04233154,
8825,12051.424100399017,-0.14588031,
8826,12052.808489084244,-0.052779004,
8827,12054.133211612701,-0.11005364,
8828,12055.470101118088,-0.041627575,
8829,12056.794837713242,-0.23295522,
8830,12058.13301730156,-0.3036686,
8831,12059.468512058258,-0.042763498,
8832,12060.780261039734,-0.02500904,
8833,12062.09279346466,-0.38789815,
8834,12063.423834323883,-0.27023578,
8835,12064.761361837387,-0.04120315,
8836,12066.092759609222,-1.1015159,
8837,12067.410570144653,-0.09642699,
8838,12068.731399536133,-0.04557715,
8839,12070.05166053772,-0.019073257,
8840,12071.375177621841,-0.030241808,
8841,12072.697099685669,-0.010217817,
8842,12074.036844730377,-0.066714436,
8843,12075.373104333878,-0.09218563,
8844,12076.704196214676,-0.028983613,
8845,12078.04393196106,-0.021138107,
8846,12079.368758678436,-0.046582833,
8847,12080.709263324738,-0.037859686,
8848,12082.036866426468,-0.065897234,
8849,12083.355386018753,-0.05928628,
8850,12084.675456047058,-0.02674222,
8851,12086.013252019882,-0.020589566,
8852,12087.321468114853,-0.063489445,
8853,12088.650191783905,-0.009006856,
8854,12089.974344730377,-0.18663913,
8855,12091.314686059952,-0.021880597,
8856,12092.639414072037,-0.092790775,
8857,12093.964610338211,-0.052193,
8858,12095.282556533813,-1.0558754,
8859,12096.603971719742,-0.051603444,
8860,12097.939180850983,-0.029948352,
8861,12099.268357276917,-0.018483166,
8862,12100.591747760773,-0.018930689,
8863,12101.916190862656,-0.028883845,
8864,12103.237165689468,-0.051064108,
8865,12104.554868221283,-0.07797795,
8866,12105.875498771667,-0.017737266,
8867,12107.212181091309,-0.12525544,
8868,12108.542020559311,-0.036166362,
8869,12109.859510421753,-0.12456636,
8870,12111.178549528122,-0.12006005,
8871,12112.499003648758,-0.043561246,
8872,12113.835124015808,-0.03272616,
8873,12115.16420340538,-0.01917126,
8874,12116.491357088089,-0.07156095,
8875,12117.820364713669,-0.058136497,
8876,12119.164754629135,-0.15875557,
8877,12120.499597549438,-0.062312488,
8878,12121.823121786118,-0.07850265,
8879,12123.189199447632,-0.16818409,
8880,12124.519917726517,-0.02295212,
8881,12125.857583999634,-0.17436427,
8882,12127.193333864212,-0.12078426,
8883,12128.527257204056,-0.07163717,
8884,12129.861798524857,-0.027532034,
8885,12131.187000989914,-0.13299584,
8886,12132.512849092484,-0.0209845,
8887,12133.838987588882,-0.029399492,
8888,12135.153789281845,-0.072032884,
8889,12136.484234571457,-0.0057553705,
8890,12137.816963672638,-0.10439783,
8891,12139.150344848633,-0.10156184,
8892,12140.496974468231,-0.06941663,
8893,12141.820553064346,-0.038330626,
8894,12143.158941984177,-0.039738547,
8895,12144.50085401535,-0.03790365,
8896,12145.828201055527,-0.04885645,
8897,12147.154150724411,-0.08428009,
8898,12148.485614776611,-0.11107769,
8899,12149.81412577629,-0.02785702,
8900,12152.45128774643,-0.036066692,
8901,12153.764984607697,-0.055556953,
8902,12155.091536045074,-0.05676694,
8903,12156.41349363327,-0.023123227,
8904,12157.739221572876,-0.06979005,
8905,12159.074565887451,-0.014119916,
8906,12160.40472316742,-0.006827681,
8907,12161.739020586014,-0.05018396,
8908,12163.06886601448,-0.069056034,
8909,12164.403529167175,-0.018452702,
8910,12165.738924264908,-0.06444933,
8911,12167.12069106102,-0.1030767,
8912,12168.444870710373,-0.05282785,
8913,12169.766757965088,-0.045069657,
8914,12171.093603134155,-0.034885086,
8915,12172.42212677002,-0.03534243,
8916,12173.75623869896,-0.064533494,
8917,12175.096355199814,-0.12730594,
8918,12176.44168305397,-0.081468135,
8919,12177.813974380493,-0.15914673,
8920,12179.152096509933,-0.031848986,
8921,12180.497126102448,-0.043986738,
8922,12181.821780204773,-0.08907032,
8923,12183.151428937912,-0.10130204,
8924,12184.48129940033,-0.15359676,
8925,12185.878183841705,-0.25847968,
8926,12187.204427242279,-0.42326778,
8927,12188.535413742065,-0.2648578,
8928,12189.868397951126,-0.45639724,
8929,12191.210702896118,-0.20071603,
8930,12192.619250059128,-0.15395379,
8931,12193.943417310715,-0.085748896,
8932,12195.268985033035,-0.25195542,
8933,12196.595696926117,-0.056130793,
8934,12197.917818069458,-0.02343363,
8935,12199.247386455536,-0.044693954,
8936,12200.582134962082,-0.12765175,
8937,12201.921587705612,-0.0351673,
8938,12203.247184515,-0.14090523,
8939,12204.574237823486,-0.1590777,
8940,12205.905851602554,-0.12008856,
8941,12207.229320526123,-0.05900825,
8942,12208.566198587418,-0.05751399,
8943,12209.891705989838,-0.048095252,
8944,12211.226620197296,-0.0062364116,
8945,12212.557128667831,-0.12040271,
8946,12213.880497217178,-0.06783223,
8947,12215.206009149551,-0.0826124,
8948,12216.544093847275,-0.008837109,
8949,12217.862489700317,-0.20288025,
8950,12219.182460784912,-0.20246287,
8951,12220.50222992897,-0.12683311,
8952,12221.836562633514,-0.0768038,
8953,12223.173147439957,-0.03530461,
8954,12224.495880126953,-0.12566905,
8955,12225.83050441742,-0.013950997,
8956,12227.186517715454,-0.013291131,
8957,12228.535425424576,-0.08183343,
8958,12229.848804473877,-0.09600955,
8959,12231.170612573624,-0.020553688,
8960,12232.49391913414,-0.022007437,
8961,12233.811491727829,-0.063090935,
8962,12235.138221502304,-0.045033243,
8963,12236.457023620605,-0.037101813,
8964,12237.793394327164,-0.038547747,
8965,12239.118451833725,-0.019206781,
8966,12240.436875104904,-0.06381729,
8967,12241.90814089775,-0.010695719,
8968,12243.354858636856,-0.026796553,
8969,12244.76412320137,-0.01764171,
8970,12246.111743211746,-0.055253386,
8971,12247.482906341553,-0.071861014,
8972,12248.818812131882,-0.03734147,
8973,12250.190577983856,-0.02791607,
8974,12251.508503198624,-0.02466624,
8975,12252.847177267075,-0.019533312,
8976,12254.16585469246,-0.041491527,
8977,12255.506140947342,-0.0199063,
8978,12256.871416091919,-0.0314658,
8979,12258.25065279007,-0.12627366,
8980,12259.573915958405,-0.042417306,
8981,12260.904030799866,-0.023730569,
8982,12262.217056751251,-0.008684952,
8983,12263.541215896606,-0.12770933,
8984,12264.868338823318,-0.083422564,
8985,12266.191564321518,-0.046847712,
8986,12267.510255813599,-0.08506379,
8987,12268.844367265701,-0.057956718,
8988,12270.175642490387,-0.1178388,
8989,12271.52533006668,-0.13155898,
8990,12272.84952878952,-0.11983487,
8991,12274.189769506454,-0.16602243,
8992,12275.52314400673,-0.046252362,
8993,12276.842937231064,-0.11861959,
8994,12278.162931919098,-0.5263188,
8995,12279.487143039703,-0.13976806,
8996,12280.81567120552,-1.1259104,
8997,12282.169366121292,-0.8551413,
8998,12283.487492084503,-0.4236558,
8999,12284.854472637177,-0.09390404,
9000,12287.389434337616,-0.30063304,
9001,12288.710814714432,-0.041270386,
9002,12290.047510623932,-0.018527275,
9003,12291.371610164642,-0.029918356,
9004,12292.682511091232,-0.15560368,
9005,12294.060588121414,-0.09423391,
9006,12295.406198263168,-0.039801836,
9007,12296.760355949402,-0.01676508,
9008,12298.092953920364,-0.019295376,
9009,12299.420419216156,-0.044550322,
9010,12300.796238183975,-0.019045774,
9011,12302.160668373108,-0.05535117,
9012,12303.497391462326,-0.053840835,
9013,12304.842506885529,-0.091204524,
9014,12306.208950519562,-0.0696827,
9015,12307.59668636322,-0.050423615,
9016,12308.941668272018,-0.1331223,
9017,12310.262962341309,-0.047053874,
9018,12311.620906829834,-0.077909805,
9019,12312.947566509247,-0.23423475,
9020,12314.269245386124,-0.050553024,
9021,12315.578064918518,-0.027223682,
9022,12316.899777173996,-0.09919595,
9023,12318.2168674469,-0.09766285,
9024,12319.535994052887,-0.037697747,
9025,12320.846575260162,-0.0761287,
9026,12322.186515331268,-0.23243585,
9027,12323.517789363861,-0.057051297,
9028,12324.837893486023,-0.013390226,
9029,12326.16418838501,-0.056442812,
9030,12327.513734579086,-0.07264153,
9031,12328.840153694153,-0.051053684,
9032,12330.16398358345,-0.02588368,
9033,12331.491440296173,-0.009970008,
9034,12332.81889796257,-0.032006897,
9035,12334.143030166626,-0.11769816,
9036,12335.50421667099,-0.13245273,
9037,12336.838567733765,-0.013179887,
9038,12338.174278259277,-0.0115240775,
9039,12339.506441116333,-0.015291525,
9040,12340.829742908478,-0.019113202,
9041,12342.152913331985,-0.007207283,
9042,12343.484232664108,-0.06554067,
9043,12344.820059537888,-0.072450355,
9044,12346.148284196854,-0.07200989,
9045,12347.476218938828,-0.19450212,
9046,12348.810722112656,-0.033607014,
9047,12350.144407749176,-0.05044528,
9048,12351.475363969803,-0.06323801,
9049,12352.804940700531,-0.006194171,
9050,12354.125856637955,-0.03532576,
9051,12355.446932315826,-0.49318752,
9052,12356.768800020218,-0.123756215,
9053,12358.098941087723,-0.22148253,
9054,12359.474715471268,-0.5347639,
9055,12360.81507229805,-0.3266579,
9056,12362.134573698044,-0.03532332,
9057,12363.445493459702,-0.5696063,
9058,12364.771440029144,-0.13115294,
9059,12366.126791000366,-0.030821528,
9060,12367.458528757095,-0.07699442,
9061,12368.792735338211,-0.021333255,
9062,12370.127064466476,-0.010461785,
9063,12371.461260318756,-0.027636264,
9064,12372.79495048523,-0.020706989,
9065,12374.12618970871,-0.030423805,
9066,12375.464706420898,-0.036027353,
9067,12376.820469141006,-0.11346892,
9068,12378.176536798477,-0.009031537,
9069,12379.540031909943,-0.07413039,
9070,12380.896448373795,-0.032910973,
9071,12382.280824184418,-0.10351923,
9072,12383.602186441422,-0.0511268,
9073,12384.919771194458,-0.021573976,
9074,12386.24442744255,-0.1262911,
9075,12387.569944620132,-0.16160895,
9076,12388.89446735382,-0.025267165,
9077,12390.212997198105,-0.06082744,
9078,12391.527173042297,-0.6715693,
9079,12392.862300634384,-0.060714297,
9080,12394.188643217087,-0.033050552,
9081,12395.509413957596,-0.5285,
9082,12396.840270519257,-0.10007942,
9083,12398.1615152359,-0.10185614,
9084,12399.474588394165,-0.019806853,
9085,12400.801306724548,-0.0092712995,
9086,12402.118396282196,-0.03699951,
9087,12403.46403503418,-0.079230815,
9088,12404.779457092285,-0.018238978,
9089,12406.106969118118,-0.08501645,
9090,12407.427933692932,-0.045426037,
9091,12408.770874023438,-0.020460723,
9092,12410.087841272354,-0.006865389,
9093,12411.4118642807,-0.034902453,
9094,12412.731375694275,-0.03606859,
9095,12414.05343580246,-0.026426287,
9096,12415.400579690933,-0.043432135,
9097,12416.731676340103,-0.015688047,
9098,12418.059203147888,-0.22238809,
9099,12419.39550948143,-0.020948911,
9100,12422.02404665947,-0.67934346,
9101,12423.354668140411,-0.056690726,
9102,12424.694222927094,-0.17601429,
9103,12426.022716283798,-0.09825476,
9104,12427.34019780159,-0.076809436,
9105,12428.668885946274,-0.09742599,
9106,12429.992628335953,-0.0898453,
9107,12431.31542801857,-0.094747685,
9108,12432.63230919838,-0.15559635,
9109,12433.950949192047,-0.1436434,
9110,12435.300835132599,-0.03772815,
9111,12436.610619544983,-0.030815544,
9112,12437.928028821945,-0.015071353,
9113,12439.248059749603,-0.07730881,
9114,12440.58955860138,-0.024504937,
9115,12441.910793066025,-0.06269795,
9116,12443.23826622963,-0.073754564,
9117,12444.571336984634,-0.056742005,
9118,12445.895213127136,-0.036508434,
9119,12447.222586870193,-0.023837829,
9120,12448.54946231842,-0.051250968,
9121,12449.885480165482,-0.03951084,
9122,12451.234140872955,-0.024186984,
9123,12452.56558394432,-0.017786598,
9124,12453.896750450134,-0.046819136,
9125,12455.222254753113,-0.33242986,
9126,12456.535341978073,-0.3717863,
9127,12457.860511541367,-0.2776766,
9128,12459.188443422318,-0.071090385,
9129,12460.500816106796,-0.05765984,
9130,12461.83225107193,-0.014836431,
9131,12463.184448480606,-0.40417123,
9132,12464.528562307358,-0.029691778,
9133,12465.880497455597,-0.06163181,
9134,12467.265916347504,-0.014945871,
9135,12468.641560554504,-0.051989987,
9136,12469.975965499878,-0.4101074,
9137,12471.299595355988,-0.095946126,
9138,12472.621292352676,-0.042642694,
9139,12473.942502975464,-0.14538917,
9140,12475.263199567795,-0.03525082,
9141,12476.581783771515,-0.08747202,
9142,12477.911352872849,-0.093624584,
9143,12479.227019309998,-0.17582723,
9144,12480.542664051056,-0.052182436,
9145,12481.98088312149,-0.034091648,
9146,12483.314017772675,-0.1671901,
9147,12484.654523611069,-0.12898558,
9148,12485.983823537827,-0.055332463,
9149,12487.312253952026,-0.16852427,
9150,12488.660097837448,-0.029798603,
9151,12489.981429815292,-0.054052204,
9152,12491.30560350418,-0.40407604,
9153,12492.723888635635,-0.1072832,
9154,12494.101518630981,-0.12840986,
9155,12495.525622844696,-0.07851977,
9156,12496.930948257446,-0.042306684,
9157,12498.293285369873,-0.088052005,
9158,12499.62404704094,-0.03493248,
9159,12500.957354784012,-0.04519868,
9160,12502.278508424759,-0.012872078,
9161,12503.6391954422,-0.023297146,
9162,12504.986406803131,-0.014322201,
9163,12506.335330247879,-0.049058832,
9164,12507.680799007416,-0.014223809,
9165,12509.038533449173,-0.039282497,
9166,12510.38474535942,-0.084189236,
9167,12511.723252534866,-0.029402222,
9168,12513.107433080673,-0.07639342,
9169,12514.461802959442,-0.028398952,
9170,12515.823969364166,-0.14322267,
9171,12517.18472623825,-0.07981026,
9172,12518.526025533676,-0.04547734,
9173,12519.873475551605,-0.051770575,
9174,12521.219027042389,-0.06607128,
9175,12522.55222082138,-0.094892755,
9176,12523.89650440216,-0.053516008,
9177,12525.241040945053,-0.12936535,
9178,12526.588868141174,-0.15663165,
9179,12527.93841433525,-0.026477193,
9180,12529.283156394958,-0.07000563,
9181,12530.656233549118,-0.49038476,
9182,12532.006485700607,-0.06731995,
9183,12533.361096858978,-0.14548972,
9184,12534.730856895447,-0.13753958,
9185,12536.093797683716,-0.042803574,
9186,12537.4434196949,-0.08567086,
9187,12538.794875860214,-0.12827903,
9188,12540.160267829895,-0.09655732,
9189,12541.528216362,-0.3624919,
9190,12542.907040834427,-0.20863397,
9191,12544.262556314468,-0.01559069,
9192,12545.666001796722,-0.26823193,
9193,12547.125041246414,-0.080258824,
9194,12548.549270153046,-0.05364952,
9195,12549.966845035553,-0.24428931,
9196,12551.393566608429,-0.034804,
9197,12552.80066037178,-0.08023265,
9198,12554.166863203049,-0.20086774,
9199,12555.541603803635,-0.068864465,
9200,12558.299907922745,-0.028966896,
9201,12559.66990685463,-0.111355305,
9202,12561.053203105927,-0.010223201,
9203,12562.464271783829,-0.032813825,
9204,12563.8305580616,-0.083310135,
9205,12565.18621134758,-0.096187755,
9206,12566.573410987854,-0.047529418,
9207,12567.942449092865,-0.26291212,
9208,12569.327528476715,-0.05085217,
9209,12570.70233464241,-0.075523,
9210,12572.071900844574,-0.01920466,
9211,12573.438795089722,-0.009578068,
9212,12574.803275108337,-0.050009053,
9213,12576.196573495865,-0.0891489,
9214,12577.575427770615,-0.045561455,
9215,12578.937041044235,-0.07464276,
9216,12580.261902809143,-0.0952285,
9217,12581.593121051788,-0.038813286,
9218,12582.92659854889,-0.025545549,
9219,12584.265133857727,-0.030676318,
9220,12585.589034318924,-0.0073403614,
9221,12586.942773342133,-0.1005266,
9222,12588.314227581024,-0.1272178,
9223,12589.652182102203,-0.15420581,
9224,12590.982399225235,-0.22273347,
9225,12592.308304786682,-0.1757701,
9226,12593.646167755127,-0.06899875,
9227,12594.971640348434,-0.022796974,
9228,12596.297856092453,-0.1023927,
9229,12597.625824213028,-0.01877999,
9230,12598.965976715088,-0.016058002,
9231,12600.300952911377,-0.07911248,
9232,12601.650472640991,-0.014943129,
9233,12602.988105297089,-0.03709394,
9234,12604.325288057327,-0.03950259,
9235,12605.657351970673,-0.07490732,
9236,12607.001665830612,-0.037320502,
9237,12608.32980298996,-0.08608259,
9238,12609.667699813843,-0.052469056,
9239,12610.985445737839,-0.039500482,
9240,12612.313298940659,-0.13943571,
9241,12613.63735461235,-0.26839194,
9242,12614.968605279922,-0.28461257,
9243,12616.291693210602,-0.014849285,
9244,12617.708194732666,-0.057786845,
9245,12619.158668518066,-0.030325487,
9246,12620.496552944183,-0.013891807,
9247,12621.839131832123,-0.055288706,
9248,12623.195880889893,-0.007029063,
9249,12624.536093950272,-0.09231039,
9250,12625.894984483719,-0.033929333,
9251,12627.23597407341,-0.06760229,
9252,12628.582861661911,-0.05493075,
9253,12629.911802530289,-0.05093183,
9254,12631.238931417465,-0.03670482,
9255,12632.574890136719,-0.042718224,
9256,12633.912979125977,-0.010757166,
9257,12635.238548278809,-0.012924476,
9258,12636.583287000656,-0.01185496,
9259,12637.915983915329,-0.034676597,
9260,12639.269692659378,-0.020731263,
9261,12640.605423212051,-0.017854484,
9262,12641.934568405151,-0.08207624,
9263,12643.263208389282,-0.024270065,
9264,12644.641847848892,-0.1096059,
9265,12645.976686954498,-0.054105155,
9266,12647.345371246338,-0.023608442,
9267,12648.68609380722,-0.01857364,
9268,12650.050335168839,-0.020261902,
9269,12651.402866125107,-0.13360335,
9270,12652.73518204689,-0.022313451,
9271,12654.090303897858,-0.15603116,
9272,12655.435456752777,-0.053714104,
9273,12656.773745059967,-0.09837259,
9274,12658.106974840164,-0.050046906,
9275,12659.442254304886,-0.11337295,
9276,12660.768028974533,-0.08657784,
9277,12662.092120409012,-0.00036685893,
9278,12663.408563613892,-0.06263362,
9279,12664.733507156372,-0.031323336,
9280,12666.077934980392,-0.06730283,
9281,12667.406060695648,-0.020651523,
9282,12668.736354112625,-0.05732654,
9283,12670.075739622116,-0.047027003,
9284,12671.39127779007,-0.07400129,
9285,12672.731261730194,-0.07005073,
9286,12674.069118976593,-0.2528495,
9287,12675.403129339218,-0.09128577,
9288,12676.733471393585,-0.078419864,
9289,12678.065944433212,-0.013147218,
9290,12679.395683050156,-0.013555403,
9291,12680.800769329071,-0.19826898,
9292,12682.134232759476,-0.017833631,
9293,12683.462013483047,-0.030230274,
9294,12684.79953622818,-0.0191426,
9295,12686.132362127304,-0.029835025,
9296,12687.454936742783,-0.03505221,
9297,12688.76740026474,-0.0865434,
9298,12690.100447177887,-0.030530713,
9299,12691.425254821777,-0.02606109,
9300,12714.236153125763,-0.089526266,
9301,12715.579750537872,-0.07693997,
9302,12716.894776821136,-0.005047545,
9303,12718.218119621277,-0.01804709,
9304,12719.558378219604,-0.062375497,
9305,12720.990320920944,-0.031560414,
9306,12722.31550693512,-0.032848947,
9307,12723.640233755112,-0.014119813,
9308,12724.982411384583,-0.03903006,
9309,12726.301166772842,-0.047513526,
9310,12727.623527288437,-0.025392322,
9311,12728.93764424324,-0.044045426,
9312,12730.24958896637,-0.028571405,
9313,12731.564178466797,-0.03116653,
9314,12732.880669116974,-0.062353685,
9315,12734.20265698433,-0.05380712,
9316,12735.517151117325,-0.03459906,
9317,12736.836881637573,-0.02051776,
9318,12738.149975538254,-0.10134534,
9319,12739.472447633743,-0.093421996,
9320,12740.789872169495,-0.002844399,
9321,12742.110399484634,-0.121107355,
9322,12743.453067302704,-0.060854826,
9323,12744.781073331833,-0.0038659046,
9324,12746.108848810196,-0.020758195,
9325,12747.431204080582,-0.043758698,
9326,12748.766450881958,-0.1427485,
9327,12750.09429883957,-0.007992022,
9328,12751.423188447952,-0.025444247,
9329,12752.754557609558,-0.10657756,
9330,12754.082416772842,-0.0529614,
9331,12755.410976171494,-0.04915949,
9332,12756.736473560333,-0.033504806,
9333,12758.06025671959,-0.05497077,
9334,12759.388109922409,-0.033619925,
9335,12760.719549179077,-0.042858325,
9336,12762.062475919724,-0.067001544,
9337,12763.401899337769,-0.007822287,
9338,12764.733751535416,-0.049321126,
9339,12766.075931310654,-0.058520034,
9340,12767.40553188324,-0.052062944,
9341,12768.768965005875,-0.020114182,
9342,12770.121532201767,-0.11183599,
9343,12771.453087091446,-0.076870635,
9344,12772.800236701965,-0.0631312,
9345,12774.131214380264,-0.018334508,
9346,12775.461667060852,-0.1716235,
9347,12776.80763745308,-0.2760592,
9348,12778.141826868057,-0.22068265,
9349,12779.464816570282,-0.08743536,
9350,12780.81388759613,-0.31654063,
9351,12782.18192577362,-0.20079033,
9352,12783.586483955383,-0.17369244,
9353,12784.986954927444,-0.0155750485,
9354,12786.384648323059,-0.027853603,
9355,12787.81069612503,-0.024223693,
9356,12789.22635936737,-0.043931313,
9357,12790.650501012802,-0.019356359,
9358,12792.059391736984,-0.090964064,
9359,12793.394827365875,-0.014319488,
9360,12794.722378730774,-0.054795757,
9361,12796.06397819519,-0.022314351,
9362,12797.41424369812,-0.068056345,
9363,12798.753405332565,-0.06956225,
9364,12800.080539226532,-0.021327011,
9365,12801.425308704376,-0.07945078,
9366,12802.76031422615,-0.049418785,
9367,12804.106152296066,-0.09183332,
9368,12805.43701004982,-0.022976486,
9369,12806.769170284271,-0.04550976,
9370,12808.112792253494,-0.1415008,
9371,12809.537976026535,-0.080471046,
9372,12810.870161294937,-0.059891135,
9373,12812.228357076645,-0.011819284,
9374,12813.555871963501,-0.09133412,
9375,12814.87722992897,-0.012952297,
9376,12816.224275112152,-0.060764246,
9377,12817.54035782814,-0.020969842,
9378,12818.86428809166,-0.071289174,
9379,12820.212469816208,-0.23305376,
9380,12821.53278374672,-0.022010392,
9381,12822.85758471489,-0.47429106,
9382,12824.17793083191,-0.07209888,
9383,12825.507553100586,-0.55579954,
9384,12826.966186523438,-0.047951516,
9385,12828.284626483917,-0.032077678,
9386,12829.648228406906,-0.0042169522,
9387,12831.012408971786,-0.24894479,
9388,12832.405413866043,-0.063005306,
9389,12833.769661664963,-0.051641945,
9390,12835.14540028572,-0.14122935,
9391,12836.517953634262,-0.03914424,
9392,12837.893279314041,-0.18217318,
9393,12839.213710308075,-0.055169538,
9394,12840.550918579102,-0.040905967,
9395,12841.873476266861,-0.0035465853,
9396,12843.197798252106,-0.20427445,
9397,12844.532363414764,-0.09547578,
9398,12845.86600637436,-0.06392869,
9399,12847.189666748047,-0.07179661,
9400,12849.776981592178,-0.117289126,
9401,12851.117368936539,-0.1615322,
9402,12852.449616670609,-0.46755618,
9403,12853.781232595444,-0.034900047,
9404,12855.114030122757,-0.18745019,
9405,12856.477794885635,-0.044351116,
9406,12857.828113555908,-0.7114308,
9407,12859.185739040375,-0.13398488,
9408,12860.553460359573,-0.06903805,
9409,12861.899719238281,-0.039326143,
9410,12863.253893852234,-0.031964116,
9411,12864.600288629532,-0.036134306,
9412,12865.958456993103,-0.031075448,
9413,12867.292466878891,-0.15303916,
9414,12868.63710975647,-0.07413239,
9415,12869.981701612473,-0.2557461,
9416,12871.322947740555,-0.030240765,
9417,12872.701813936234,-0.08670622,
9418,12874.051539182663,-0.052287437,
9419,12875.386723279953,-0.11943217,
9420,12876.716305971146,-0.11254468,
9421,12878.081516742706,-0.11199023,
9422,12879.426994562149,-0.016509509,
9423,12880.878915309906,-0.12494042,
9424,12882.224318742752,-0.039141692,
9425,12883.557151556015,-0.07225745,
9426,12884.893091201782,-0.2355762,
9427,12886.23457455635,-0.015547672,
9428,12887.565391302109,-0.053254485,
9429,12888.899940729141,-0.043506954,
9430,12890.231481313705,-0.05311043,
9431,12891.588527679443,-0.19037865,
9432,12892.92577290535,-0.3135393,
9433,12894.263989925385,-0.071314275,
9434,12895.612221240997,-0.07677336,
9435,12896.945834159851,-0.30929187,
9436,12898.307836294174,-0.18279956,
9437,12899.655972957611,-0.050471045,
9438,12901.004008054733,-0.12328003,
9439,12902.37097287178,-0.09157353,
9440,12903.77979183197,-0.027360152,
9441,12905.172162532806,-0.15848847,
9442,12906.52959036827,-0.09079434,
9443,12907.855597496033,-0.14158718,
9444,12909.185326814651,-0.1745346,
9445,12910.514098644257,-0.03927467,
9446,12911.828882455826,-0.058376856,
9447,12913.161494970322,-0.042718194,
9448,12914.494854688644,-0.15473457,
9449,12915.82329916954,-0.18192782,
9450,12917.149687290192,-0.020235132,
9451,12918.486759901047,-0.010705915,
9452,12919.824297904968,-0.024935849,
9453,12921.163831949234,-0.1051485,
9454,12922.480034351349,-0.092338406,
9455,12923.819754838943,-0.021112861,
9456,12925.148790359497,-0.034547187,
9457,12926.480205774307,-0.16709411,
9458,12927.804856777191,-0.04770963,
9459,12929.19892001152,-0.08166023,
9460,12930.548647165298,-0.037556414,
9461,12931.883594751358,-0.031791277,
9462,12933.231365680695,-0.106235266,
9463,12934.546449661255,-0.056537107,
9464,12935.904715776443,-0.081193835,
9465,12937.272645235062,-0.21611178,
9466,12938.622839927673,-0.030415095,
9467,12939.948559999466,-0.026430499,
9468,12941.285717487335,-0.030925378,
9469,12942.629251241684,-0.037205655,
9470,12943.972231149673,-0.010213302,
9471,12945.306295394897,-0.06263721,
9472,12946.666310548782,-0.055019073,
9473,12947.99448299408,-0.06881367,
9474,12949.32485294342,-0.041823246,
9475,12950.661254167557,-0.02341014,
9476,12952.001355171204,-0.058004893,
9477,12953.335608959198,-0.046955753,
9478,12954.679370164871,-0.030807562,
9479,12956.017454624176,-0.052365914,
9480,12957.34199666977,-0.04803386,
9481,12958.681752681732,-0.2437914,
9482,12960.021943330765,-0.03431996,
9483,12961.360754489899,-0.0068024094,
9484,12962.70296382904,-1.3832388,
9485,12964.040523767471,-0.042642992,
9486,12965.37753033638,-0.11723076,
9487,12966.731231927872,-0.058504686,
9488,12968.07083439827,-0.17832969,
9489,12969.410738706589,-0.045163043,
9490,12970.752413988113,-0.06655253,
9491,12972.119778633118,-0.075908445,
9492,12973.494628190994,-0.043095868,
9493,12974.839503765106,-0.1185849,
9494,12976.181856393814,-0.09731071,
9495,12977.521084547043,-0.076777354,
9496,12978.854396104813,-0.07075243,
9497,12980.203804969788,-0.014685613,
9498,12981.618613243103,-0.0314785,
9499,12982.976651668549,-0.026046993,
9500,12985.565450429916,-0.045786053,
9501,12986.89121890068,-0.035952795,
9502,12988.226781845093,-0.20773427,
9503,12989.570359945297,-0.44673276,
9504,12990.913628578186,-0.34161445,
9505,12992.259019136429,-0.0829253,
9506,12993.602900505066,-0.031471264,
9507,12994.961202383041,-0.07682915,
9508,12996.303565740585,-0.12979998,
9509,12997.6479241848,-0.13854885,
9510,12999.010792016983,-0.26213992,
9511,13000.348242282867,-0.074464984,
9512,13001.68347811699,-0.079366684,
9513,13003.019823789597,-0.049134485,
9514,13004.35198521614,-0.036796853,
9515,13005.694460630417,-0.10105336,
9516,13007.080310583115,-0.10008742,
9517,13008.471492528915,-0.009901772,
9518,13009.81241774559,-0.032476004,
9519,13011.15232038498,-0.03497715,
9520,13012.487599611282,-0.09148998,
9521,13013.829293251038,-0.020716269,
9522,13015.164375782013,-0.037125874,
9523,13016.492462158203,-0.05641138,
9524,13017.827519893646,-0.02025912,
9525,13019.16891670227,-0.004655578,
9526,13020.515206575394,-0.07220628,
9527,13021.882143735886,-0.029753473,
9528,13023.218170404434,-0.039587207,
9529,13024.592150688171,-0.02550134,
9530,13025.948251247406,-0.019490357,
9531,13027.296026229858,-0.014331805,
9532,13028.646362543106,-0.098428294,
9533,13029.999914884567,-0.074317664,
9534,13031.336401462555,-0.00640035,
9535,13032.671294689178,-0.030631425,
9536,13034.01201415062,-0.028090218,
9537,13035.346945047379,-0.04736886,
9538,13036.695502758026,-0.023265267,
9539,13038.034213066101,-0.06932136,
9540,13039.369597911835,-0.04476856,
9541,13040.72582578659,-0.02361543,
9542,13042.067353010178,-0.013453747,
9543,13043.401831388474,-0.11221937,
9544,13044.745742559433,-0.05615198,
9545,13046.0940887928,-0.044515,
9546,13047.432718515396,-0.046494335,
9547,13048.762740850449,-0.08135246,
9548,13050.114671707153,-0.07091811,
9549,13051.44808125496,-0.450438,
9550,13052.79345369339,-0.04169438,
9551,13054.124254226685,-0.040428225,
9552,13055.475636005402,-0.035479523,
9553,13056.807410478592,-0.005718155,
9554,13058.144180774689,-0.055129547,
9555,13059.48297214508,-0.04607805,
9556,13060.801486968994,-0.02128933,
9557,13062.12877702713,-0.012241326,
9558,13063.526822805405,-0.03410931,
9559,13064.85534787178,-0.11638947,
9560,13066.194989681244,-0.027902644,
9561,13067.525442361832,-0.012855042,
9562,13068.86573767662,-0.028137138,
9563,13070.209293365479,-0.113017015,
9564,13071.55071091652,-0.018127423,
9565,13072.904119968414,-0.05411599,
9566,13074.263047218323,-0.047698308,
9567,13075.605860710144,-0.16398796,
9568,13076.935207366943,-0.08852234,
9569,13078.276622056961,-0.0805315,
9570,13079.61548089981,-0.017956803,
9571,13080.945071458817,-0.10762871,
9572,13082.299466371536,-0.02693423,
9573,13083.643791675568,-0.028682936,
9574,13085.00928902626,-0.054223567,
9575,13086.346759319305,-0.014846673,
9576,13087.684250593185,-0.025536468,
9577,13089.021010160446,-0.30283067,
9578,13090.369349718094,-0.07885448,
9579,13091.708595275879,-0.20430326,
9580,13093.049625635147,-0.029134803,
9581,13094.378893852234,-0.007874593,
9582,13095.717798233032,-0.04915861,
9583,13097.045166492462,-0.062403012,
9584,13098.37624168396,-0.031060705,
9585,13099.817284822464,-0.029155929,
9586,13101.152336597443,-0.003929846,
9587,13102.49410200119,-0.2578171,
9588,13103.833521842957,-0.09423816,
9589,13105.16173171997,-0.038599446,
9590,13106.512058258057,-0.06644076,
9591,13107.863111019135,-0.081749305,
9592,13109.21277499199,-0.040074635,
9593,13110.577330827713,-0.12884301,
9594,13111.951892852783,-0.021318767,
9595,13113.316440105438,-0.05785271,
9596,13114.645463943481,-0.027809577,
9597,13115.976132631302,-0.2492705,
9598,13117.366385698318,-0.10246551,
9599,13118.712911605835,-0.30568525,
9600,13121.624540567398,-0.09642101,
9601,13122.987247228622,-0.033703327,
9602,13124.32699728012,-0.031100871,
9603,13125.679709911346,-0.0020871733,
9604,13127.015404939651,-0.025873937,
9605,13128.365630626678,-0.056793373,
9606,13129.703491210938,-0.01910041,
9607,13131.046521902084,-0.06039276,
9608,13132.39117026329,-0.050654482,
9609,13133.736824274063,-0.038026072,
9610,13135.088789224625,-0.018876897,
9611,13136.437095165253,-0.04983207,
9612,13137.797150373459,-0.079572976,
9613,13139.137885808945,-0.16191429,
9614,13140.470968484879,-0.04835055,
9615,13141.810125350952,-0.048805173,
9616,13143.149839162827,-0.10630694,
9617,13144.515203237534,-0.013782494,
9618,13145.884629487991,-0.014041303,
9619,13147.257255792618,-0.046364103,
9620,13148.64242696762,-0.13572131,
9621,13149.976514101028,-0.057408996,
9622,13151.310132265091,-0.009634778,
9623,13152.671043157578,-0.14758812,
9624,13154.043442726135,-0.04466614,
9625,13155.377489328384,-0.25022626,
9626,13156.707389116287,-0.013979716,
9627,13158.047543525696,-0.0580439,
9628,13159.391560077667,-0.0959624,
9629,13160.72485113144,-0.157068,
9630,13162.057847499847,-0.1678662,
9631,13163.397434473038,-0.08608089,
9632,13164.746215105057,-0.16231366,
9633,13166.091146707535,-0.0626693,
9634,13167.426699399948,-0.059963398,
9635,13168.768356084824,-0.1417151,
9636,13170.12519645691,-0.039910585,
9637,13171.454072475433,-0.04328292,
9638,13172.788398981094,-0.041763738,
9639,13174.131309986115,-0.07465251,
9640,13175.480822086334,-0.09148437,
9641,13176.819751024246,-0.038716715,
9642,13178.155281305313,-0.0312713,
9643,13179.48979973793,-0.08640553,
9644,13180.833889484406,-0.110982955,
9645,13182.169863462448,-0.017965084,
9646,13183.543853521347,-0.5700062,
9647,13184.895740270615,-0.20429021,
9648,13186.272593736649,-0.020742271,
9649,13187.654701709747,-0.020922018,
9650,13189.045440673828,-0.049810447,
9651,13190.446718931198,-0.027500061,
9652,13191.78672671318,-0.10721317,
9653,13193.12696814537,-0.05242251,
9654,13194.449199199677,-0.019490944,
9655,13195.795469760895,-0.11676937,
9656,13197.146427631378,-0.23537183,
9657,13198.506400585175,-0.07711472,
9658,13199.83355808258,-0.113499984,
9659,13201.17869067192,-0.16445561,
9660,13202.514677286148,-0.03233816,
9661,13203.861320495605,-0.07702105,
9662,13205.213790178299,-0.08168858,
9663,13206.56153845787,-0.073759384,
9664,13207.900303125381,-0.0134928785,
9665,13209.257675647736,-0.0103848465,
9666,13210.598302841187,-0.040394347,
9667,13211.940989732742,-0.04203456,
9668,13213.291124343872,-0.15747207,
9669,13214.624345779419,-0.17444898,
9670,13215.976957798004,-0.14970905,
9671,13217.324027776718,-0.2564839,
9672,13218.660943746567,-0.16123873,
9673,13219.992772817612,-0.027377412,
9674,13221.328809976578,-0.03624148,
9675,13222.666956424713,-0.41338766,
9676,13223.997433662415,-0.021353249,
9677,13225.321586608887,-0.21267721,
9678,13226.647156715393,-0.012225375,
9679,13228.014792442322,-0.018965224,
9680,13229.344973802567,-0.024082562,
9681,13230.669505119324,-0.09216117,
9682,13231.990545034409,-0.2686333,
9683,13233.373418092728,-0.05870551,
9684,13234.71531510353,-0.029312996,
9685,13236.047585487366,-0.09034096,
9686,13237.382775068283,-0.050048664,
9687,13238.73545742035,-0.03969998,
9688,13240.07239484787,-0.029002996,
9689,13241.412240028381,-0.07690913,
9690,13242.78188753128,-0.10396561,
9691,13244.13959312439,-0.042267993,
9692,13245.506434202194,-0.09346044,
9693,13246.861721515656,-0.026390824,
9694,13248.223770618439,-0.09421058,
9695,13249.565205574036,-0.26602077,
9696,13250.9661090374,-0.09590284,
9697,13252.304244756699,-0.116303325,
9698,13253.643515825272,-0.033477813,
9699,13254.978015422821,-0.02431016,
9700,13257.57231760025,-0.019715345,
9701,13258.925903558731,-0.041853994,
9702,13260.26208114624,-0.047825146,
9703,13261.599456071854,-0.11502112,
9704,13262.924988508224,-0.039072752,
9705,13264.265704393387,-0.04495084,
9706,13265.602404117584,-0.038736403,
9707,13266.938894033432,-0.095828205,
9708,13268.271397590637,-0.029255994,
9709,13269.597494840622,-0.050324865,
9710,13270.924125909805,-0.044282157,
9711,13272.242208242416,-0.038448393,
9712,13273.563205957413,-0.037109766,
9713,13274.894997119904,-0.20843147,
9714,13276.211588859558,-0.13943893,
9715,13277.527683734894,-0.18381433,
9716,13278.878367900848,-0.044190202,
9717,13280.223408460617,-0.10641487,
9718,13281.54666185379,-0.04634238,
9719,13282.899273395538,-0.040286765,
9720,13284.225208759308,-0.037766222,
9721,13285.550565242767,-0.029512912,
9722,13286.887007951736,-0.04199554,
9723,13288.214468955994,-0.14808068,
9724,13289.553036689758,-0.023738641,
9725,13290.887582302094,-0.08403076,
9726,13292.213754177094,-0.07640162,
9727,13293.55360031128,-0.11776681,
9728,13294.883419752121,-0.11235692,
9729,13296.208451986313,-0.07027708,
9730,13297.554163694382,-0.0053137625,
9731,13298.873648881912,-0.02393736,
9732,13300.199464321136,-0.10018575,
9733,13301.540782928467,-0.058980048,
9734,13302.875536203384,-0.035230927,
9735,13304.205219745636,-0.18588342,
9736,13305.543859481812,-0.011740966,
9737,13306.881013154984,-0.045004997,
9738,13308.22514629364,-0.040163144,
9739,13309.542252779007,-0.03495394,
9740,13310.876339435577,-0.129127,
9741,13312.215706586838,-0.06145818,
9742,13313.561615228653,-0.3594758,
9743,13314.907874584198,-0.031286336,
9744,13316.27181172371,-0.1288231,
9745,13317.650861263275,-0.44504678,
9746,13318.985751390457,-0.12635298,
9747,13320.343480825424,-0.41862914,
9748,13321.72153377533,-0.30616006,
9749,13323.12466597557,-0.38782263,
9750,13324.481935024261,-0.08259645,
9751,13325.819553852081,-0.064032234,
9752,13327.159115314484,-0.019801592,
9753,13328.502771377563,-0.07173118,
9754,13329.856164455414,-0.071997575,
9755,13331.198490858078,-0.031348415,
9756,13332.548833608627,-0.021493513,
9757,13333.96082162857,-0.1496595,
9758,13335.33192062378,-0.100081004,
9759,13336.673684597015,-0.02506583,
9760,13338.023384094238,-0.044637654,
9761,13339.356382131577,-0.049328003,
9762,13340.746032953262,-0.07825916,
9763,13342.090558767319,-0.1943887,
9764,13343.4302713871,-0.06370628,
9765,13344.770586490631,-0.13552728,
9766,13346.105427265167,-0.018345855,
9767,13347.440121650696,-0.040493716,
9768,13348.795047521591,-0.009350031,
9769,13350.115543365479,-0.026598752,
9770,13351.444724798203,-0.015851665,
9771,13352.781542301178,-0.3177147,
9772,13354.116749763489,-0.04746175,
9773,13355.474840641022,-0.021802744,
9774,13356.836284637451,-0.0065222187,
9775,13358.19045996666,-0.02305149,
9776,13359.540790081024,-0.014936019,
9777,13360.944408416748,-0.120471954,
9778,13362.393129587173,-0.023827154,
9779,13363.828797578812,-0.20467575,
9780,13365.228184223175,-0.083134964,
9781,13366.58526301384,-0.13569984,
9782,13367.969834327698,-0.081352204,
9783,13369.31851530075,-0.021674491,
9784,13370.705126047134,-0.039268956,
9785,13372.064044713974,-0.062655695,
9786,13373.460684776306,-0.14700112,
9787,13374.841920852661,-0.115245216,
9788,13376.203745603561,-0.113172755,
9789,13377.558229923248,-0.13585949,
9790,13378.91756272316,-0.027830223,
9791,13380.281433343887,-0.016682668,
9792,13381.64472603798,-0.026923392,
9793,13382.998646259308,-0.060715985,
9794,13384.35846376419,-0.02190116,
9795,13385.705746650696,-0.024170166,
9796,13387.041292667389,-0.051109612,
9797,13388.412432193756,-0.036240794,
9798,13389.775232553482,-0.39861175,
9799,13391.152501106262,-0.03512778,
9800,13393.851178407669,-0.0766349,
9801,13395.229933977127,-0.056062452,
9802,13396.592841625214,-0.04767712,
9803,13397.934901952744,-0.051215764,
9804,13399.298433065414,-0.048344485,
9805,13400.653834581375,-0.25203034,
9806,13401.986954689026,-0.29421338,
9807,13403.342700004578,-0.017537178,
9808,13404.712450265884,-0.0091845235,
9809,13406.069383621216,-0.06447963,
9810,13407.426675319672,-0.06793897,
9811,13408.781442165375,-0.03148607,
9812,13410.1379570961,-0.04099307,
9813,13411.49620461464,-0.0150824785,
9814,13412.835780382156,-0.051548913,
9815,13414.196614742279,-0.038315933,
9816,13415.593331575394,-0.073716745,
9817,13416.990291118622,-0.027469467,
9818,13418.365206241608,-0.025100842,
9819,13419.729046821594,-0.043859612,
9820,13421.109590291977,-0.008063151,
9821,13422.468441009521,-0.06248983,
9822,13423.823527097702,-0.045489684,
9823,13425.169201135635,-0.085803725,
9824,13426.515968799591,-0.036018085,
9825,13427.864033937454,-0.022154266,
9826,13429.217267274857,-0.020277344,
9827,13430.583683729172,-0.12732106,
9828,13431.962503671646,-0.019895405,
9829,13433.331055641174,-0.036233354,
9830,13434.696967363358,-0.0051942393,
9831,13436.105566501617,-0.06111753,
9832,13437.489908695221,-0.0676418,
9833,13438.85217499733,-0.10066378,
9834,13440.227498054504,-0.049446955,
9835,13441.599087953568,-0.013153704,
9836,13443.001928567886,-0.048097268,
9837,13444.455255746841,-0.019436434,
9838,13445.858426332474,-0.057148535,
9839,13447.238715648651,-0.045638956,
9840,13448.640603542328,-0.033596754,
9841,13450.050728797913,-0.0068795057,
9842,13451.414156913757,-0.055037178,
9843,13452.803042888641,-0.08192658,
9844,13454.17606639862,-0.04809276,
9845,13455.680761575699,-0.066220306,
9846,13457.155125141144,-0.10775968,
9847,13458.58922457695,-0.03992726,
9848,13459.988622903824,-0.025707439,
9849,13461.444976329803,-0.048891988,
9850,13462.91826224327,-0.01985431,
9851,13464.322475194931,-0.040394407,
9852,13465.724318504333,-0.060729735,
9853,13467.186359167099,-0.020023769,
9854,13468.591836214066,-0.054735303,
9855,13469.96838259697,-0.02830911,
9856,13471.342888593674,-0.041232444,
9857,13472.73182964325,-0.014527463,
9858,13474.096487522125,-0.019384418,
9859,13475.47858762741,-0.052365955,
9860,13476.921099185944,-0.027353443,
9861,13478.284075260162,-0.06370561,
9862,13479.647740125656,-0.157684,
9863,13481.029455423355,-0.9181479,
9864,13482.397954940796,-0.24537852,
9865,13483.738947868347,-0.6163641,
9866,13485.07821559906,-0.081164755,
9867,13486.430637598038,-0.12126669,
9868,13487.758081436157,-0.044173382,
9869,13489.137461900711,-0.10441952,
9870,13490.514416456223,-0.29080167,
9871,13491.879147291183,-0.17694946,
9872,13493.256869077682,-0.115879126,
9873,13494.623640298843,-0.3869591,
9874,13495.992250204086,-0.15101928,
9875,13497.354347229004,-0.13022923,
9876,13498.706397533417,-0.21874791,
9877,13500.08217716217,-0.2557427,
9878,13501.478950977325,-0.10780629,
9879,13502.836773872375,-0.06704341,
9880,13504.198498249054,-0.110917054,
9881,13505.55848145485,-0.022288933,
9882,13506.930215597153,-0.008997174,
9883,13508.297939777374,-0.16543427,
9884,13509.669899702072,-0.038714245,
9885,13511.09787273407,-0.040814,
9886,13512.501394987106,-0.2765154,
9887,13513.917326450348,-0.046565246,
9888,13515.338958263397,-0.05843626,
9889,13516.718975305557,-0.14940031,
9890,13518.079320192337,-0.053212,
9891,13519.458544254303,-0.6914016,
9892,13520.821651697159,-0.44342518,
9893,13522.192511081696,-0.25155732,
9894,13523.559424161911,-0.24474092,
9895,13524.91297197342,-0.22838627,
9896,13526.27915263176,-0.08613451,
9897,13527.673657894135,-0.11933979,
9898,13529.06777215004,-0.10764917,
9899,13530.434853076935,-0.2074726,
9900,13533.165383338928,-0.0826665,
9901,13534.523720264435,-0.13610034,
9902,13535.885198116302,-0.19161844,
9903,13537.256774187088,-0.008328261,
9904,13538.631786823273,-0.07909395,
9905,13540.004677295685,-0.020604294,
9906,13541.355545282364,-0.01206543,
9907,13542.72525215149,-0.1256267,
9908,13544.121376037598,-0.036502555,
9909,13545.508332252502,-0.017334152,
9910,13546.865650892258,-0.04810927,
9911,13548.227890968323,-0.029911168,
9912,13549.598301410675,-0.0265691,
9913,13550.976608037949,-0.027149335,
9914,13552.342517375946,-0.07606772,
9915,13553.695908784866,-0.06275849,
9916,13555.061502933502,-0.012304022,
9917,13556.451035499573,-0.10090986,
9918,13557.796724319458,-0.015641196,
9919,13559.13585305214,-0.0038216328,
9920,13560.540615081787,-0.054892246,
9921,13561.917841434479,-0.05424093,
9922,13563.288276910782,-0.0121748,
9923,13564.662659168243,-0.49509066,
9924,13566.031487703323,-0.010251038,
9925,13567.399969816208,-0.020996876,
9926,13568.755221366882,-0.19495067,
9927,13570.085097551346,-0.027953051,
9928,13571.439461946487,-0.046331316,
9929,13572.797244548798,-0.08132142,
9930,13574.141101360321,-0.059294056,
9931,13575.4958589077,-0.047472633,
9932,13576.902440786362,-0.044816665,
9933,13578.250650644302,-0.15573645,
9934,13579.590589046478,-0.041035317,
9935,13580.931174516678,-0.17143089,
9936,13582.293628692627,-0.08208633,
9937,13583.670625686646,-0.16463308,
9938,13585.034499168396,-0.06468283,
9939,13586.390842914581,-0.87572104,
9940,13587.752431154251,-0.053725395,
9941,13589.158273935318,-0.013477963,
9942,13590.567373752594,-0.05261618,
9943,13591.936094522476,-0.018528152,
9944,13593.310266017914,-0.0799404,
9945,13594.688948631287,-0.021047402,
9946,13596.04564166069,-0.0007001703,
9947,13597.39593553543,-0.06474011,
9948,13598.744869947433,-0.12459387,
9949,13600.100350379944,-0.18510509,
9950,13601.448809862137,-0.086444564,
9951,13602.811326742172,-0.111455336,
9952,13604.202387332916,-0.053421047,
9953,13605.611129045486,-0.027551219,
9954,13606.957475423813,-0.19058019,
9955,13608.30947470665,-0.13834225,
9956,13609.670706033707,-0.076806344,
9957,13611.005949020386,-0.18410257,
9958,13612.354781866074,-0.15164489,
9959,13613.713218927383,-0.31616664,
9960,13615.091078519821,-0.3795858,
9961,13616.470562458038,-0.14652339,
9962,13617.944161653519,-0.052359283,
9963,13619.333990812302,-0.18426062,
9964,13620.705938339233,-0.083566315,
9965,13622.085427045822,-0.05630628,
9966,13623.466569662094,-0.5581322,
9967,13624.865574121475,-0.48512325,
9968,13626.22661113739,-0.07772113,
9969,13627.569361686707,-0.031930774,
9970,13628.907335042953,-0.08133678,
9971,13630.291472673416,-0.030778825,
9972,13631.63810133934,-0.093579255,
9973,13632.993772268295,-0.13528405,
9974,13634.362862586975,-0.08230501,
9975,13635.715304613113,-0.09743419,
9976,13637.11766409874,-0.010974766,
9977,13638.509086370468,-0.061499033,
9978,13639.871702432632,-0.016056579,
9979,13641.23199391365,-0.010141212,
9980,13642.600210428238,-0.032702226,
9981,13643.940442323685,-0.010968644,
9982,13645.27688074112,-0.057007544,
9983,13646.658884048462,-0.05587659,
9984,13648.032100200653,-0.038426932,
9985,13649.392532587051,-0.12672435,
9986,13650.756521940231,-0.09418487,
9987,13652.129358291626,-0.013721321,
9988,13653.486826181412,-0.222626,
9989,13654.85777592659,-1.1320368,
9990,13656.22911453247,-0.4179714,
9991,13657.591685295105,-0.25338078,
9992,13658.927238464355,-0.42202282,
9993,13660.268035411835,-0.6644323,
9994,13661.632416725159,-0.276846,
9995,13662.999945640564,-0.07296736,
9996,13664.360447406769,-0.011232489,
9997,13665.721828699112,-0.04806377,
9998,13667.080024242401,-0.004234681,
9999,13668.4470205307,-0.020309756,
