step,time_sec,train_neg_log_ppl,val_neg_log_ppl
1,3.0604960918426514,-13.801483,
2,4.372401714324951,-14.165019,
3,5.664505243301392,-13.781101,
4,6.983503580093384,-13.439248,
5,8.281580448150635,-12.153734,
6,9.586704730987549,-10.583723,
7,10.892879247665405,-8.6006975,
8,12.20780611038208,-6.4332957,
9,13.568541049957275,-3.7895007,
10,14.89179277420044,-1.7241458,
11,16.242983102798462,-1.55584,
12,17.554471731185913,-1.741135,
13,18.85429048538208,-0.5516352,
14,20.165004014968872,-1.9797913,
15,21.461269855499268,-2.451736,
16,22.753956079483032,-3.055424,
17,24.048298358917236,-4.4740186,
18,25.338136196136475,-1.092649,
19,26.628480911254883,-3.5092647,
20,27.9158673286438,-1.3439103,
21,29.192232370376587,-1.3987129,
22,30.481640100479126,-3.632928,
23,31.749908924102783,-4.0809307,
24,33.02498459815979,-8.572256,
25,34.294010162353516,-4.4180813,
26,35.55397844314575,-0.9907094,
27,36.817012548446655,-4.9015284,
28,38.073702573776245,-1.7353845,
29,39.31620645523071,-6.3909802,
30,40.57119941711426,-1.4859847,
31,41.82602405548096,-7.9154873,
32,43.060426473617554,-0.87696517,
33,44.30809140205383,-1.2286391,
34,45.55048656463623,-1.213475,
35,46.79297733306885,-1.6636745,
36,48.04748201370239,-1.8250375,
37,49.319087505340576,-1.7753026,
38,50.5715389251709,-0.9687054,
39,51.83020257949829,-1.8551054,
40,53.09540581703186,-5.065443,
41,54.356380224227905,-1.0981512,
42,55.61576008796692,-1.6433527,
43,56.885560512542725,-2.61749,
44,58.19939136505127,-0.7766878,
45,59.52699089050293,-1.2883695,
46,60.849870681762695,-1.7671616,
47,62.150477170944214,-3.567447,
48,63.47722387313843,-0.8780378,
49,64.7936749458313,-1.7912581,
50,66.094797372818,-1.386185,
51,67.41243314743042,-3.1549726,
52,68.7312388420105,-0.7070091,
53,70.04949045181274,-2.0612116,
54,71.38004994392395,-2.0259407,
55,72.70699858665466,-1.3839267,
56,74.03904747962952,-0.9795686,
57,75.37708306312561,-1.0447892,
58,76.73611497879028,-9.438562,
59,78.11172032356262,-0.988554,
60,79.44101643562317,-6.8348465,
61,80.76551628112793,-1.6301169,
62,82.1032280921936,-0.24348441,
63,83.45053505897522,-0.5698961,
64,84.778555393219,-0.7365247,
65,86.10971665382385,-2.6655478,
66,87.49682259559631,-0.84173536,
67,88.84830808639526,-0.8064776,
68,90.20079517364502,-0.86052954,
69,91.56619596481323,-0.6355932,
70,92.8901879787445,-3.7487106,
71,94.23150897026062,-0.548342,
72,95.56762146949768,-1.247881,
73,96.89386129379272,-1.0944524,
74,98.22455263137817,-1.0212729,
75,99.55489945411682,-1.1686304,
76,100.88072395324707,-0.64192355,
77,102.19654393196106,-0.26852006,
78,103.52199149131775,-0.21402735,
79,104.87863421440125,-0.35632694,
80,106.20773553848267,-0.73009145,
81,107.5435197353363,-5.374149,
82,108.87983870506287,-0.31668645,
83,110.21439671516418,-1.2746063,
84,111.52987051010132,-0.4833967,
85,112.8564727306366,-0.3339704,
86,114.18008303642273,-0.9541125,
87,115.50095915794373,-0.3046726,
88,116.82935929298401,-1.3718295,
89,118.16524362564087,-0.6937655,
90,119.4989800453186,-0.35677958,
91,120.84455132484436,-0.36135322,
92,122.15854144096375,-0.14358827,
93,123.49360370635986,-0.215322,
94,124.84697842597961,-0.33720726,
95,126.18604063987732,-0.9595254,
96,127.53728556632996,-0.47792134,
97,128.8659234046936,-0.42023885,
98,130.1939573287964,-0.5235501,
99,131.55440282821655,-0.3810801,
100,134.21815967559814,-0.30887455,
101,135.53115272521973,-1.0531396,
102,136.86410784721375,-2.6917906,
103,138.20524382591248,-0.31074226,
104,139.532053232193,-0.31110412,
105,140.85052633285522,-0.52610457,
106,142.17543530464172,-0.3610946,
107,143.51245617866516,-0.7154216,
108,144.8307008743286,-0.39910948,
109,146.1658432483673,-0.65739566,
110,147.49979424476624,-0.7104703,
111,148.8300473690033,-0.19053896,
112,150.14916014671326,-0.38745463,
113,151.46867966651917,-0.2668217,
114,152.78732299804688,-0.62921745,
115,154.11536288261414,-0.60271215,
116,155.43505716323853,-0.40836424,
117,156.78742456436157,-0.50764364,
118,158.14200162887573,-0.2845909,
119,159.4755687713623,-0.10257402,
120,160.80115675926208,-0.19731492,
121,162.11358332633972,-2.6818323,
122,163.4228072166443,-0.12633839,
123,164.7232277393341,-0.47159863,
124,166.0396809577942,-0.13449784,
125,167.36614060401917,-0.55039907,
126,168.6802999973297,-2.7892761,
127,170.01277780532837,-0.35516304,
128,171.31787538528442,-0.095941104,
129,172.64328742027283,-0.061041556,
130,173.95493078231812,-0.31319508,
131,175.26521110534668,-0.36792868,
132,176.56978797912598,-0.17470919,
133,177.88636946678162,-0.12805821,
134,179.19700407981873,-0.3559074,
135,180.50567603111267,-0.11708594,
136,181.81406569480896,-0.14413998,
137,183.142005443573,-0.31783324,
138,184.45276188850403,-0.33733588,
139,185.8019986152649,-0.06832022,
140,187.10984921455383,-0.2179141,
141,188.43614029884338,-0.2826739,
142,189.75508379936218,-0.37621364,
143,191.06971096992493,-0.052728556,
144,192.4032003879547,-0.14771447,
145,193.73628306388855,-0.23093154,
146,195.05410718917847,-0.13413392,
147,196.36926674842834,-0.19222295,
148,197.68678855895996,-0.39306402,
149,198.9981951713562,-6.4695616,
150,200.29777002334595,-0.21011764,
151,201.60331439971924,-0.42570755,
152,202.90701985359192,-0.4546941,
153,204.22843647003174,-0.638821,
154,205.53930163383484,-0.41441548,
155,206.8579604625702,-0.42159468,
156,208.17317724227905,-0.53124815,
157,209.5117473602295,-0.41630912,
158,210.8117482662201,-0.07098135,
159,212.15301203727722,-0.23449028,
160,213.4731056690216,-0.25219145,
161,214.78670120239258,-0.09332264,
162,216.09772562980652,-0.32515287,
163,217.40727949142456,-0.34166214,
164,218.7283980846405,-0.024187068,
165,220.0495572090149,-0.21789116,
166,221.35719656944275,-0.273467,
167,222.67301154136658,-0.27149528,
168,223.99598574638367,-1.4253936,
169,225.3176794052124,-0.4926279,
170,226.63067317008972,-0.27568796,
171,227.93834257125854,-0.752769,
172,229.25133609771729,-0.5826936,
173,230.56585574150085,-1.2351428,
174,231.90172266960144,-0.18302867,
175,233.20875597000122,-0.7842335,
176,234.5337517261505,-0.020865323,
177,235.84936237335205,-0.7568901,
178,237.21198678016663,-0.60069627,
179,238.55342388153076,-0.30802813,
180,239.8982117176056,-0.27233168,
181,241.20709681510925,-0.075238876,
182,242.5191035270691,-0.11144168,
183,243.83140015602112,-0.08111287,
184,245.14636254310608,-0.3566876,
185,246.4591200351715,-0.27750862,
186,247.79153537750244,-0.7396655,
187,249.10347652435303,-0.6976092,
188,250.42445611953735,-0.30073062,
189,251.72514510154724,-0.100932404,
190,253.04320693016052,-0.017688325,
191,254.3630268573761,-0.33966917,
192,255.67343926429749,-0.20752111,
193,256.9750175476074,-0.38457936,
194,258.2787961959839,-0.20199598,
195,259.58977365493774,-0.6073814,
196,260.8944721221924,-0.13993712,
197,262.23969864845276,-0.04266537,
198,263.57101821899414,-0.08908558,
199,264.88160133361816,-0.20808499,
200,267.33892154693604,-0.2243509,
201,268.662556886673,-0.061621793,
202,269.97845911979675,-0.41381913,
203,271.2863919734955,-0.04734026,
204,272.61432361602783,-0.34269655,
205,273.9457082748413,-0.011108006,
206,275.25894498825073,-0.22458927,
207,276.57752442359924,-0.04545436,
208,277.8965172767639,-0.028248234,
209,279.19417572021484,-1.8497682,
210,280.5076479911804,-0.20399442,
211,281.81915974617004,-0.4916575,
212,283.18397784233093,-0.4567923,
213,284.5027012825012,-0.32046515,
214,285.8351745605469,-0.17430736,
215,287.17490220069885,-0.16997288,
216,288.4848737716675,-0.58795846,
217,289.80776476860046,-0.15382719,
218,291.1543755531311,-0.17695451,
219,292.4876766204834,-0.39625886,
220,293.81144547462463,-0.18632227,
221,295.1389756202698,-0.0006138795,
222,296.4649441242218,-0.4098993,
223,297.7825040817261,-0.12679213,
224,299.096510887146,-0.020974537,
225,300.4173617362976,-0.1885753,
226,301.72760796546936,-0.09288428,
227,303.05960035324097,-0.20908414,
228,304.37274956703186,-0.09650387,
229,305.7025501728058,-0.86335456,
230,307.017409324646,-0.48170847,
231,308.3460853099823,-0.094771475,
232,309.68228483200073,-0.13048516,
233,310.99807024002075,-0.2879693,
234,312.32224225997925,-0.14019892,
235,313.6315245628357,-0.30546215,
236,314.94184041023254,-0.049939185,
237,316.25630378723145,-0.13624664,
238,317.56572794914246,-2.6959612,
239,318.8803906440735,-0.3582469,
240,320.19156885147095,-0.3315275,
241,321.5084722042084,-0.19415843,
242,322.8253667354584,-0.26341376,
243,324.1402859687805,-0.11562798,
244,325.4632987976074,-0.2802723,
245,326.7981083393097,-0.03615178,
246,328.1100423336029,-0.61473405,
247,329.4193685054779,-3.2502728,
248,330.7387638092041,-0.13978845,
249,332.06110286712646,-0.12841102,
250,333.3855400085449,-0.06761654,
251,334.7081730365753,-0.1812323,
252,336.0376727581024,-1.1191561,
253,337.36673521995544,-0.12381442,
254,338.7114007472992,-0.046439618,
255,340.0425720214844,-0.09592042,
256,341.3905391693115,-0.054477733,
257,342.70846462249756,-0.1552012,
258,344.03251242637634,-0.07297087,
259,345.36261510849,-0.99336183,
260,346.67942214012146,-0.3499897,
261,348.01097989082336,-0.21406284,
262,349.33544063568115,-0.237838,
263,350.6530957221985,-0.042916693,
264,351.96532940864563,-0.05816879,
265,353.27994656562805,-0.023347124,
266,354.58802461624146,-0.029752344,
267,355.9123523235321,-0.07069363,
268,357.2295641899109,-0.7127128,
269,358.55993604660034,-0.30299872,
270,359.8828146457672,-0.10168917,
271,361.2025933265686,-0.16250819,
272,362.5219166278839,-0.17225304,
273,363.84912729263306,-0.21312363,
274,365.1738193035126,-0.07820529,
275,366.50464248657227,-0.42247993,
276,367.8429138660431,-10.876005,
277,369.1834135055542,-0.18321367,
278,370.5145230293274,-0.13957217,
279,371.8529770374298,-0.06417856,
280,373.2299425601959,-0.47750974,
281,374.58068203926086,-0.117136076,
282,375.92530608177185,-0.90603364,
283,377.2898371219635,-0.24636921,
284,378.65105271339417,-0.29956216,
285,380.0002977848053,-0.16581482,
286,381.3725128173828,-0.096104294,
287,382.72300601005554,-0.11698733,
288,384.0763158798218,-0.011764882,
289,385.4303674697876,-0.038570415,
290,386.77785301208496,-0.59995127,
291,388.124463558197,-0.3398723,
292,389.45472860336304,-0.28498605,
293,390.7843437194824,-0.69958866,
294,392.11290407180786,-0.17724556,
295,393.4502627849579,-0.25186053,
296,394.77297472953796,-0.19454494,
297,396.09543323516846,-0.08424627,
298,397.41793274879456,-0.22491315,
299,398.7367367744446,-0.49099475,
300,401.20051431655884,-0.06074231,
301,402.51814246177673,-0.40100038,
302,403.8391959667206,-0.39037454,
303,405.16087341308594,-0.037713256,
304,406.4949719905853,-0.23308267,
305,407.8403012752533,-0.58752716,
306,409.2040605545044,-0.17349502,
307,410.53488278388977,-0.14970458,
308,411.88269543647766,-0.23830721,
309,413.2086172103882,-0.20605545,
310,414.5513663291931,-0.18781506,
311,415.8830325603485,-0.15255623,
312,417.21934723854065,-0.3997508,
313,418.5390577316284,-2.0241396,
314,419.8694689273834,-0.24294414,
315,421.1987421512604,-0.6725384,
316,422.54082798957825,-0.26884818,
317,423.86687660217285,-0.09313661,
318,425.20658922195435,-0.24100327,
319,426.54075860977173,-0.3575517,
320,427.8982484340668,-0.059412815,
321,429.2519836425781,-0.031242007,
322,430.59304213523865,-0.17756632,
323,431.94096422195435,-0.17181543,
324,433.29470682144165,-0.065843135,
325,434.65211606025696,-0.02392182,
326,435.9794888496399,-0.022454884,
327,437.3125424385071,-0.596675,
328,438.6509892940521,-0.17808697,
329,439.977322101593,-0.28697747,
330,441.29344034194946,-0.73031914,
331,442.6172616481781,-0.15881109,
332,443.9485774040222,-0.12434968,
333,445.2668626308441,-0.55105466,
334,446.5937054157257,-1.3704233,
335,447.91446328163147,-0.18313548,
336,449.2397208213806,-0.15013501,
337,450.57261633872986,-0.21547373,
338,451.88613176345825,-0.0331591,
339,453.2142696380615,-0.2279251,
340,454.5304982662201,-0.14078522,
341,455.8507101535797,-0.35417065,
342,457.1816165447235,-0.06302634,
343,458.5029435157776,-0.06425267,
344,459.8358793258667,-0.23061617,
345,461.15830278396606,-0.7252777,
346,462.4911470413208,-0.2373477,
347,463.8188087940216,-2.5745187,
348,465.1610813140869,-0.16507034,
349,466.4867386817932,-0.143388,
350,467.81080627441406,-0.31066078,
351,469.1376163959503,-0.14495192,
352,470.46916246414185,-0.2955601,
353,471.79712891578674,-0.7705538,
354,473.144894361496,-0.07834233,
355,474.47854375839233,-0.13520923,
356,475.8160810470581,-0.0927452,
357,477.1616470813751,-0.056859773,
358,478.5049772262573,-0.078423396,
359,479.83549451828003,-0.502751,
360,481.1647171974182,-0.042616315,
361,482.48123717308044,-0.28595597,
362,483.8096752166748,-0.13787651,
363,485.1329891681671,-0.0786246,
364,486.4606063365936,-0.18015042,
365,487.7921688556671,-0.15427452,
366,489.11753392219543,-0.6799753,
367,490.4300627708435,-1.497165,
368,491.75046968460083,-4.280432,
369,493.0746912956238,-0.11737093,
370,494.40024280548096,-0.005199078,
371,495.7243754863739,-0.43365365,
372,497.0538167953491,-0.10703134,
373,498.3713746070862,-0.31078398,
374,499.705117225647,-0.4086336,
375,501.02220392227173,-0.025101157,
376,502.3547146320343,-0.5389738,
377,503.68240761756897,-0.11493551,
378,505.0189595222473,-9.899563e-06,
379,506.3527235984802,-0.5326985,
380,507.6827132701874,-0.31617272,
381,509.0093288421631,-0.8355985,
382,510.36045241355896,-0.06097088,
383,511.6889536380768,-0.13743362,
384,513.0308380126953,-0.06280105,
385,514.3503823280334,-14.103736,
386,515.6890616416931,-0.0089736,
387,517.0094699859619,-0.081938766,
388,518.335640668869,-0.35981795,
389,519.6631791591644,-0.07655463,
390,520.9842753410339,-0.10862363,
391,522.3051121234894,-0.5387091,
392,523.6237466335297,-0.04066772,
393,524.9563629627228,-0.16093004,
394,526.279896736145,-0.12467677,
395,527.6182591915131,-0.25949046,
396,528.9489030838013,-0.3210536,
397,530.2816870212555,-0.41614038,
398,531.6137840747833,-0.49375534,
399,532.9452302455902,-0.18391046,
400,535.4825584888458,-0.16342375,
401,536.8074395656586,-2.0262551,
402,538.1384828090668,-0.26928228,
403,539.4649374485016,-0.09598587,
404,540.7825152873993,-0.14611483,
405,542.1149787902832,-0.22005805,
406,543.454696893692,-0.018209135,
407,544.7744746208191,-0.31639835,
408,546.1152145862579,-0.20003928,
409,547.4467632770538,-0.36421973,
410,548.7697246074677,-0.1429677,
411,550.0944418907166,-0.16901971,
412,551.4248497486115,-0.9499327,
413,552.7503125667572,-0.23683652,
414,554.0991265773773,-0.7821006,
415,555.4309856891632,-0.07078158,
416,556.7587490081787,-0.20321608,
417,558.0806725025177,-1.4772233,
418,559.4013004302979,-0.23474169,
419,560.7326595783234,-0.072342105,
420,562.0540955066681,-0.12010671,
421,563.4082467556,-0.15233186,
422,564.7483294010162,-0.15794861,
423,566.0660490989685,-0.070646554,
424,567.404224395752,-0.14994708,
425,568.7273859977722,-2.5582778,
426,570.0611023902893,-0.6188633,
427,571.4158465862274,-0.06483729,
428,572.7427167892456,-0.018101607,
429,574.0603544712067,-0.39708793,
430,575.3964722156525,-0.48979205,
431,576.7204513549805,-0.16343307,
432,578.0612797737122,-0.25732753,
433,579.3873407840729,-0.14712939,
434,580.7178921699524,-0.08640729,
435,582.0479040145874,-0.072230466,
436,583.3692829608917,-0.15962432,
437,584.6928174495697,-0.5095249,
438,586.0239334106445,-0.13725133,
439,587.3815088272095,-0.2384647,
440,588.7222018241882,-0.54075366,
441,590.057384967804,-0.48093447,
442,591.3811252117157,-0.2435337,
443,592.7094912528992,-0.20385149,
444,594.0421249866486,-0.17311108,
445,595.3699309825897,-0.0594439,
446,596.6905770301819,-0.6440112,
447,598.0215470790863,-0.524471,
448,599.3437793254852,-0.37424633,
449,600.6718370914459,-0.25725007,
450,602.0066826343536,-0.09778685,
451,603.3454740047455,-0.19978401,
452,604.6835534572601,-0.30640942,
453,606.0085384845734,-0.05246809,
454,607.3309664726257,-0.5212594,
455,608.6589345932007,-0.24862278,
456,610.0000684261322,-0.02054342,
457,611.3198575973511,-0.06767192,
458,612.639297246933,-0.21945938,
459,613.9625718593597,-0.33921623,
460,615.2815182209015,-1.1023701,
461,616.5964426994324,-0.18443601,
462,617.9194099903107,-2.3080595,
463,619.2363963127136,-0.9760301,
464,620.5589692592621,-0.077712916,
465,621.8817930221558,-0.06573,
466,623.2213983535767,-0.024779342,
467,624.5670595169067,-0.16549288,
468,625.9115085601807,-0.10426787,
469,627.2465445995331,-0.13966115,
470,628.588463306427,-0.015546492,
471,629.9317049980164,-0.15418898,
472,631.2726829051971,-0.59100664,
473,632.6043906211853,-0.47405282,
474,633.9439029693604,-0.048510537,
475,635.287672996521,-0.08713839,
476,636.6225776672363,-0.02851681,
477,637.9591817855835,-0.3799123,
478,639.3204452991486,-0.102297135,
479,640.6454555988312,-1.0495816,
480,641.9794220924377,-0.26483625,
481,643.3032500743866,-0.13097382,
482,644.6281094551086,-0.1223694,
483,645.9657204151154,-0.0738607,
484,647.2889893054962,-0.690454,
485,648.6080543994904,-1.3944261,
486,649.9332649707794,-0.2308375,
487,651.2610590457916,-0.39605895,
488,652.5851724147797,-0.26099813,
489,653.9091970920563,-0.27846164,
490,655.2402989864349,-0.18986681,
491,656.5731205940247,-0.081877135,
492,657.905855178833,-0.17332917,
493,659.238422870636,-0.4034564,
494,660.5578691959381,-0.15843001,
495,661.8733441829681,-0.094879895,
496,663.209760427475,-0.25960514,
497,664.5399498939514,-0.1812591,
498,665.887754201889,-0.008764439,
499,667.2228896617889,-0.24835554,
500,669.7627074718475,-0.08151207,
501,671.0951826572418,-0.2983738,
502,672.4200699329376,-0.44729483,
503,673.7616174221039,-0.040830843,
504,675.0872323513031,-0.09872615,
505,676.404376745224,-0.059028454,
506,677.7234632968903,-0.29377308,
507,679.0560169219971,-0.04151757,
508,680.3771867752075,-0.1619282,
509,681.7053508758545,-0.25893396,
510,683.0606024265289,-0.5163209,
511,684.3959529399872,-0.1817941,
512,685.727420091629,-0.29572135,
513,687.0502171516418,-0.12118376,
514,688.3832848072052,-0.14054751,
515,689.7052187919617,-0.2888483,
516,691.0430805683136,-0.018115163,
517,692.3978612422943,-0.15552163,
518,693.7518856525421,-0.15341851,
519,695.0766801834106,-0.41012478,
520,696.4031565189362,-0.7857065,
521,697.7310392856598,-0.09875243,
522,699.053065776825,-0.30849642,
523,700.3816854953766,-0.5062119,
524,701.7050130367279,-0.19290012,
525,703.0586223602295,-1.3449689,
526,704.4149880409241,-0.38513196,
527,705.7498700618744,-0.0531706,
528,707.0933165550232,-0.0958862,
529,708.427526473999,-0.38496542,
530,709.7719979286194,-0.40442646,
531,711.106189250946,-0.17595635,
532,712.4391014575958,-0.49737632,
533,713.7735891342163,-0.18745324,
534,715.0954675674438,-0.07008079,
535,716.4257946014404,-0.16545425,
536,717.7452414035797,-0.27581912,
537,719.0639140605927,-0.17525809,
538,720.3902299404144,-0.11011002,
539,721.7269353866577,-0.2048533,
540,723.0639147758484,-0.22239336,
541,724.396710395813,-5.4433458e-11,
542,725.7444369792938,-0.08848738,
543,727.0711529254913,-0.022391196,
544,728.4146840572357,-0.03836996,
545,729.7432849407196,-0.09046683,
546,731.0667026042938,-6.206357,
547,732.392030954361,-0.1962595,
548,733.7402679920197,-0.09396724,
549,735.0842401981354,-0.3671421,
550,736.4234640598297,-0.33466595,
551,737.7772018909454,-1.539672,
552,739.1045649051666,-0.080288015,
553,740.4468269348145,-0.4136931,
554,741.7826788425446,-0.15550917,
555,743.1059319972992,-0.1463399,
556,744.4437191486359,-0.5257319,
557,745.8059210777283,-0.4056202,
558,747.1765849590302,-0.09858455,
559,748.5405879020691,-0.782724,
560,749.902622461319,-0.12595642,
561,751.2756626605988,-0.9078039,
562,752.6656646728516,-0.0650637,
563,754.0261466503143,-0.10123423,
564,755.3590025901794,-0.29204875,
565,756.7114651203156,-0.008131038,
566,758.0494527816772,-0.21276543,
567,759.367837190628,-0.1882195,
568,760.6913747787476,-0.15493946,
569,762.0199639797211,-1.1322796,
570,763.3535718917847,-0.46561962,
571,764.695130109787,-0.20848288,
572,766.0335664749146,-0.090941176,
573,767.3508291244507,-0.04180638,
574,768.668078660965,-0.08355554,
575,769.9893388748169,-0.16591041,
576,771.3081884384155,-0.07807332,
577,772.6790473461151,-0.072424345,
578,774.0170369148254,-0.2167862,
579,775.3364036083221,-0.6256484,
580,776.6568403244019,-0.08702566,
581,777.98534989357,-0.11676523,
582,779.3148016929626,-1.0196273,
583,780.6295654773712,-6.72683,
584,781.9564139842987,-0.12910998,
585,783.284074306488,-0.75716376,
586,784.6032724380493,-0.4124661,
587,785.9109811782837,-6.393164,
588,787.2350418567657,-0.64003456,
589,788.5811440944672,-0.12816411,
590,789.9102690219879,-1.3824575,
591,791.2347297668457,-0.08775948,
592,792.5699667930603,-0.54841596,
593,793.8956754207611,-0.04781902,
594,795.2404210567474,-0.24018845,
595,796.5546751022339,-0.41963944,
596,797.8949010372162,-5.0255065,
597,799.2328255176544,-1.2923696,
598,800.5767467021942,-1.4408965,
599,801.9134387969971,-0.23719369,
600,804.525999546051,-0.09618637,
601,805.8694818019867,-0.121635795,
602,807.2238099575043,-0.30138934,
603,808.5567739009857,-0.43656647,
604,809.9061040878296,-0.051727086,
605,811.265754699707,-0.3908718,
606,812.5932307243347,-3.1322865,
607,813.9392290115356,-0.059161823,
608,815.2734208106995,-0.038402252,
609,816.6304829120636,-0.13557394,
610,817.9999969005585,-0.28081152,
611,819.3541576862335,-0.27398676,
612,820.7132296562195,-0.03465724,
613,822.0563216209412,-0.032603133,
614,823.4042048454285,-0.23991665,
615,824.7410371303558,-0.074466914,
616,826.0600621700287,-0.08849035,
617,827.3828778266907,-0.15169418,
618,828.7072794437408,-0.8733026,
619,830.0320925712585,-1.2330508,
620,831.3555800914764,-0.40476593,
621,832.7027268409729,-0.11365471,
622,834.0475668907166,-0.589077,
623,835.3987102508545,-0.45727184,
624,836.7804317474365,-0.27404952,
625,838.1299781799316,-0.5355523,
626,839.4746568202972,-0.21714297,
627,840.8160707950592,-0.009649735,
628,842.1411147117615,-0.14916225,
629,843.4723391532898,-0.07884506,
630,844.8206565380096,-0.12971383,
631,846.1584486961365,-0.19494325,
632,847.4975473880768,-0.2745813,
633,848.8372294902802,-0.13259307,
634,850.1693360805511,-0.29426545,
635,851.5094921588898,-0.23351942,
636,852.8415751457214,-0.13243537,
637,854.1660768985748,-0.08515345,
638,855.4981458187103,-0.21343875,
639,856.8190975189209,-0.042586084,
640,858.1534051895142,-0.005037014,
641,859.4792494773865,-0.9162848,
642,860.810952425003,-0.06492304,
643,862.1253614425659,-0.2131115,
644,863.504362821579,-0.38184005,
645,864.8711462020874,-0.16896306,
646,866.1904721260071,-0.053800054,
647,867.5405814647675,-0.1835128,
648,868.88907122612,-0.013084523,
649,870.2116799354553,-0.069902465,
650,871.5774121284485,-0.32174608,
651,872.9166972637177,-0.48821604,
652,874.2474114894867,-0.035965588,
653,875.5858409404755,-0.107039385,
654,876.9179470539093,-0.26426095,
655,878.2451002597809,-0.18083704,
656,879.6060388088226,-0.2056842,
657,880.9390735626221,-0.16137834,
658,882.2852058410645,-0.1355592,
659,883.6319243907928,-0.17183492,
660,884.9590837955475,-0.16081814,
661,886.3188216686249,-0.11268423,
662,887.6640856266022,-0.43238682,
663,889.0355398654938,-0.68395936,
664,890.3581073284149,-1.5665365,
665,891.7070641517639,-1.1403918,
666,893.0732102394104,-0.052952696,
667,894.397305727005,-0.6284245,
668,895.7429130077362,-3.1443007,
669,897.0659487247467,-0.3477225,
670,898.4036905765533,-0.46621126,
671,899.7214348316193,-1.0649105,
672,901.0613648891449,-0.58460295,
673,902.3876016139984,-0.0778788,
674,903.7173237800598,-0.9533893,
675,905.0791761875153,-4.780824e-07,
676,906.4087226390839,-0.41779047,
677,907.7429478168488,-0.34707484,
678,909.0732369422913,-0.40939373,
679,910.3955521583557,-0.106201224,
680,911.7358510494232,-0.53010297,
681,913.0681898593903,-0.45546764,
682,914.388594865799,-0.75609803,
683,915.7124445438385,-0.10125022,
684,917.0511767864227,-0.9797954,
685,918.3816161155701,-0.34916702,
686,919.7058029174805,-0.11701308,
687,921.0419065952301,-0.39814144,
688,922.3704509735107,-0.22054173,
689,923.6986255645752,-0.42073387,
690,925.029708147049,-0.16840683,
691,926.3529620170593,-0.2633536,
692,927.6907515525818,-0.22261307,
693,929.0413844585419,-0.047105134,
694,930.3764402866364,-0.33056217,
695,931.7123076915741,-0.009452432,
696,933.0428764820099,-0.057906967,
697,934.3665642738342,-0.11542343,
698,935.6976397037506,-0.3104139,
699,937.0238325595856,-0.0369938,
700,939.4941506385803,-0.18954776,
701,940.8269324302673,-1.4004636,
702,942.1519160270691,-0.17371538,
703,943.4733355045319,-0.2923614,
704,944.8106172084808,-0.1632199,
705,946.1335055828094,-0.43169662,
706,947.4857828617096,-0.35498753,
707,948.8225219249725,-0.39234364,
708,950.1543152332306,-0.53360844,
709,951.4858689308167,-0.2646066,
710,952.8132328987122,-0.09777605,
711,954.1409492492676,-0.2529384,
712,955.4810273647308,-0.33412838,
713,956.8134315013885,-0.3098537,
714,958.1472489833832,-0.6846526,
715,959.5138726234436,-0.262697,
716,960.845223903656,-0.065223426,
717,962.1863827705383,-0.41502523,
718,963.5268723964691,-0.85461265,
719,964.8670291900635,-0.05035988,
720,966.1942148208618,-0.7600503,
721,967.5369527339935,-0.053458206,
722,968.9308366775513,-0.12076026,
723,970.3857209682465,-8.141595,
724,971.745792388916,-0.33006093,
725,973.1015357971191,-0.1256997,
726,974.4771180152893,-0.13878997,
727,975.8206045627594,-0.11512393,
728,977.1635310649872,-0.46023828,
729,978.5205707550049,-0.070832536,
730,979.8756709098816,-0.10890353,
731,981.2233319282532,-0.0017297688,
732,982.5828175544739,-0.33361036,
733,983.9588012695312,-0.40292773,
734,985.3179683685303,-0.26951444,
735,986.6968767642975,-0.23367909,
736,988.0598411560059,-0.1175084,
737,989.4237456321716,-0.19141316,
738,990.8029181957245,-0.23556529,
739,992.1714527606964,-0.0029518346,
740,993.5121831893921,-0.054388218,
741,994.8741571903229,-0.06988731,
742,996.2302536964417,-0.41623244,
743,997.5822706222534,-0.3754915,
744,998.9367918968201,-0.51037055,
745,1000.2898268699646,-0.15229605,
746,1001.638986825943,-0.073698215,
747,1002.9680058956146,-0.010548836,
748,1004.3011059761047,-0.07995343,
749,1005.6525821685791,-0.031714898,
750,1007.0011873245239,-0.096858256,
751,1008.3438143730164,-0.25546783,
752,1009.6977205276489,-0.46881473,
753,1011.0646576881409,-0.11434044,
754,1012.4190213680267,-0.0073934807,
755,1013.7801113128662,-1.119879,
756,1015.1225280761719,-0.19156149,
757,1016.4790351390839,-0.25146872,
758,1017.8330199718475,-0.0326403,
759,1019.1855726242065,-0.2761198,
760,1020.5380275249481,-0.10413024,
761,1021.9071009159088,-0.31905052,
762,1023.2596714496613,-0.13662879,
763,1024.6029143333435,-0.34480506,
764,1025.9410972595215,-0.53271055,
765,1027.2906033992767,-0.12094432,
766,1028.660882949829,-0.23599291,
767,1030.0239551067352,-0.09573366,
768,1031.3993122577667,-0.103017874,
769,1032.7483088970184,-0.36546373,
770,1034.0770268440247,-0.15256745,
771,1035.4156470298767,-0.14132729,
772,1036.7590153217316,-0.26328397,
773,1038.1064205169678,-0.0941542,
774,1039.433875799179,-0.019175254,
775,1040.7719178199768,-0.7831478,
776,1042.1034655570984,-0.00046457822,
777,1043.4478499889374,-0.22722577,
778,1044.784772157669,-0.088055566,
779,1046.131067276001,-0.11397284,
780,1047.4657351970673,-0.08181317,
781,1048.8024666309357,-0.2052365,
782,1050.1458487510681,-0.14331438,
783,1051.5010652542114,-0.19536164,
784,1052.8432450294495,-0.037780315,
785,1054.1861131191254,-0.025793774,
786,1055.540313243866,-0.15847364,
787,1056.9134359359741,-0.08508828,
788,1058.282301902771,-0.23820852,
789,1059.632432460785,-0.29240477,
790,1060.9963405132294,-0.5881203,
791,1062.358827829361,-0.13686405,
792,1063.7008926868439,-0.2916726,
793,1065.0512092113495,-0.25814602,
794,1066.4184203147888,-0.15604112,
795,1067.8165471553802,-0.3312977,
796,1069.1765439510345,-0.11439711,
797,1070.5189237594604,-1.8452913,
798,1071.8773159980774,-0.31704143,
799,1073.242830991745,-0.33519024,
800,1075.860339641571,-0.09351959,
801,1077.2114992141724,-0.110471964,
802,1078.607434272766,-0.4388287,
803,1079.991380929947,-0.040088635,
804,1081.349215745926,-0.3228684,
805,1082.7022621631622,-0.12050097,
806,1084.0724956989288,-1.9033823,
807,1085.440812587738,-0.61993355,
808,1086.803697347641,-0.328103,
809,1088.1712410449982,-0.120398454,
810,1089.5232446193695,-0.428186,
811,1090.8745558261871,-0.028448189,
812,1092.2662189006805,-0.11329804,
813,1093.6515130996704,-0.10465522,
814,1095.0597128868103,-1.1288235,
815,1096.4238710403442,-0.16702056,
816,1097.8016135692596,-0.16304821,
817,1099.1568567752838,-0.15622249,
818,1100.511990070343,-0.14126725,
819,1101.8608219623566,-0.043584563,
820,1103.220624446869,-0.3437157,
821,1104.5697422027588,-0.54379255,
822,1105.938678741455,-3.936841,
823,1107.2944359779358,-0.31299782,
824,1108.6689562797546,-0.25716045,
825,1110.0166015625,-0.9965954,
826,1111.3756263256073,-0.22624297,
827,1112.7131311893463,-0.18936864,
828,1114.0645952224731,-0.047147594,
829,1115.422399520874,-0.103078976,
830,1116.7915124893188,-0.2898368,
831,1118.1490046977997,-0.2399618,
832,1119.5575306415558,-0.20790222,
833,1120.9488921165466,-1.2938863,
834,1122.3607716560364,-0.057786584,
835,1123.7095720767975,-0.21347958,
836,1125.0583665370941,-0.2060994,
837,1126.4052262306213,-0.37034217,
838,1127.7626934051514,-0.6421756,
839,1129.109082698822,-0.05630666,
840,1130.458339214325,-0.13503827,
841,1131.8132197856903,-0.016170714,
842,1133.1701483726501,-0.35458001,
843,1134.5261976718903,-0.0113205,
844,1135.873901605606,-0.69528013,
845,1137.2255675792694,-0.4020173,
846,1138.57617020607,-0.8463884,
847,1139.9715847969055,-0.19718501,
848,1141.3203823566437,-0.15777718,
849,1142.6735520362854,-0.2951414,
850,1144.0259511470795,-0.26288083,
851,1145.3840363025665,-0.20739067,
852,1146.769433259964,-0.51625025,
853,1148.1566865444183,-0.76091397,
854,1149.5420324802399,-1.175106,
855,1150.8837690353394,-0.10915016,
856,1152.2342326641083,-0.098538324,
857,1153.5930457115173,-0.72811776,
858,1154.945053100586,-0.52002835,
859,1156.2696149349213,-0.67059106,
860,1157.6182625293732,-0.009408085,
861,1158.95432138443,-0.08517453,
862,1160.2947387695312,-0.20838264,
863,1161.6309263706207,-0.09710149,
864,1162.9637260437012,-0.24064353,
865,1164.296327829361,-0.14379781,
866,1165.628029346466,-0.5784748,
867,1166.9587244987488,-0.35293663,
868,1168.2844743728638,-0.11514664,
869,1169.6130139827728,-0.856206,
870,1170.9544048309326,-0.21099527,
871,1172.2800071239471,-0.21170878,
872,1173.6161785125732,-0.100536115,
873,1174.9454770088196,-0.42864028,
874,1176.2978043556213,-0.07988538,
875,1177.646744966507,-0.12215847,
876,1178.9970722198486,-0.27304015,
877,1180.3827905654907,-0.026571201,
878,1181.746367931366,-0.76391405,
879,1183.0894396305084,-0.049447317,
880,1184.4166424274445,-0.39593259,
881,1185.7450540065765,-0.62598896,
882,1187.0771815776825,-0.101638705,
883,1188.4422051906586,-0.10435915,
884,1189.8164060115814,-0.31416088,
885,1191.1960709095001,-0.07308622,
886,1192.56458735466,-0.08626081,
887,1193.9300270080566,-0.20376354,
888,1195.281982421875,-0.29690614,
889,1196.618309020996,-1.0474559,
890,1197.9616351127625,-0.35645914,
891,1199.3002936840057,-0.40577537,
892,1200.645339012146,-0.3405968,
893,1201.9754073619843,-0.4446598,
894,1203.3140485286713,-0.11849551,
895,1204.6754734516144,-0.09583551,
896,1206.0381393432617,-0.11375731,
897,1207.40212059021,-0.22638051,
898,1208.7996683120728,-0.16112477,
899,1210.170172214508,-0.28938085,
900,1212.83855342865,-0.22829889,
901,1214.2455070018768,-0.58642215,
902,1215.6287410259247,-0.2631049,
903,1216.9943068027496,-0.13046505,
904,1218.3617496490479,-0.030577796,
905,1219.7441267967224,-0.16151264,
906,1221.1215989589691,-0.25820118,
907,1222.505883216858,-0.062781796,
908,1223.8721897602081,-0.22555088,
909,1225.234923839569,-0.5743797,
910,1226.6244835853577,-0.3373943,
911,1227.9828417301178,-0.5427619,
912,1229.349794626236,-0.38990322,
913,1230.7371230125427,-0.15747057,
914,1232.1172173023224,-0.10351325,
915,1233.4932453632355,-0.016221635,
916,1234.8592555522919,-0.00978511,
917,1236.2333023548126,-0.02070715,
918,1237.5760924816132,-0.09137809,
919,1238.9352793693542,-0.08288203,
920,1240.315052986145,-1.4110215,
921,1241.659440279007,-0.15705904,
922,1243.0081026554108,-0.17792372,
923,1244.3588678836823,-0.3923699,
924,1245.7024059295654,-0.10531457,
925,1247.048181772232,-0.21111253,
926,1248.423769235611,-0.403415,
927,1249.7781157493591,-1.147754,
928,1251.1263682842255,-0.12792389,
929,1252.4738881587982,-0.29785916,
930,1253.8445460796356,-0.07392852,
931,1255.1818101406097,-0.27628827,
932,1256.537187576294,-0.23618565,
933,1257.8919961452484,-0.17851166,
934,1259.2481887340546,-0.10715108,
935,1260.6011216640472,-0.39801311,
936,1261.9591190814972,-1.7530823,
937,1263.3289575576782,-0.30190846,
938,1264.6995766162872,-0.1733806,
939,1266.038575410843,-0.17920601,
940,1267.397222995758,-0.14018652,
941,1268.770682811737,-0.053723074,
942,1270.1067912578583,-0.10487585,
943,1271.4461827278137,-0.59668165,
944,1272.8094758987427,-0.1414545,
945,1274.1666445732117,-0.79863566,
946,1275.522759437561,-0.43472266,
947,1276.8990762233734,-0.009312066,
948,1278.2989621162415,-0.17308153,
949,1279.6755464076996,-0.08800393,
950,1281.0335927009583,-0.15232068,
951,1282.3772428035736,-0.95232373,
952,1283.7358121871948,-0.3941898,
953,1285.0796604156494,-0.0,
954,1286.4535548686981,-0.15192664,
955,1287.8260877132416,-0.6917517,
956,1289.1766662597656,-0.27170992,
957,1290.5314123630524,-0.1967277,
958,1291.8883271217346,-0.30206898,
959,1293.2539846897125,-0.02311166,
960,1294.6017215251923,-0.099448994,
961,1295.9589383602142,-0.13382447,
962,1297.3194131851196,-1.6228662,
963,1298.6728150844574,-0.17680958,
964,1300.02561545372,-0.04624494,
965,1301.4135944843292,-0.3755813,
966,1302.7798805236816,-0.76810074,
967,1304.1788983345032,-0.20313121,
968,1305.5402538776398,-0.06363324,
969,1306.9144794940948,-0.15016446,
970,1308.2672815322876,-0.7304197,
971,1309.6325242519379,-0.1810753,
972,1311.0042333602905,-0.3316574,
973,1312.368456363678,-0.022801654,
974,1313.73175907135,-0.069220215,
975,1315.1086044311523,-1.1156937,
976,1316.4834623336792,-0.08854492,
977,1317.8574068546295,-0.23245768,
978,1319.2355816364288,-0.17930672,
979,1320.6092042922974,-0.09619375,
980,1321.9735119342804,-0.07474263,
981,1323.3516380786896,-0.0043666717,
982,1324.7112829685211,-0.21882373,
983,1326.0739080905914,-0.21939808,
984,1327.4380977153778,-0.068547376,
985,1328.821117401123,-4.576803,
986,1330.2026722431183,-0.24293347,
987,1331.5792660713196,-0.12041511,
988,1332.953829050064,-0.15569797,
989,1334.3193922042847,-0.4294128,
990,1335.7081894874573,-0.16663815,
991,1337.0794632434845,-0.028689822,
992,1338.4504413604736,-0.062246732,
993,1339.8462541103363,-0.12598296,
994,1341.2483744621277,-0.15558936,
995,1342.5982716083527,-0.19609414,
996,1344.016191482544,-0.12866801,
997,1345.4223573207855,-0.043615412,
998,1346.8601849079132,-0.024977589,
999,1348.1942648887634,-0.4156167,
1000,1350.736888408661,-0.5035852,
1001,1352.0924367904663,-0.30226904,
1002,1353.4201400279999,-0.25780055,
1003,1354.7753224372864,-0.05187512,
1004,1356.1546807289124,-0.0924576,
1005,1357.509859085083,-0.30614942,
1006,1358.8320798873901,-3.6014228,
1007,1360.163120508194,-0.26412088,
1008,1361.4932618141174,-0.07340022,
1009,1362.831375837326,-0.23527232,
1010,1364.1655802726746,-0.02940523,
1011,1365.4902129173279,-0.5730286,
1012,1366.820139169693,-0.1447418,
1013,1368.147367477417,-0.15493742,
1014,1369.4743480682373,-4.5221033,
1015,1370.7981541156769,-0.19618872,
1016,1372.1400837898254,-0.17682809,
1017,1373.4688501358032,-0.09393567,
1018,1374.7886350154877,-0.062316924,
1019,1376.1290674209595,-0.2506559,
1020,1377.4775834083557,-1.126925,
1021,1378.8219969272614,-0.38825548,
1022,1380.1581485271454,-1.2946048,
1023,1381.4992480278015,-0.8439165,
1024,1382.8386726379395,-0.041498095,
1025,1384.1914806365967,-0.16426614,
1026,1385.5277807712555,-0.29512158,
1027,1386.8647038936615,-0.37636486,
1028,1388.207669019699,-1.7003571,
1029,1389.5760865211487,-0.35326037,
1030,1390.9516501426697,-0.1997914,
1031,1392.2848658561707,-0.9321685,
1032,1393.6277968883514,-0.15523717,
1033,1394.9565784931183,-0.10633606,
1034,1396.300419807434,-1.6901643,
1035,1397.6355488300323,-0.04236322,
1036,1398.9750282764435,-1.3812574,
1037,1400.321997642517,-0.08825034,
1038,1401.6503777503967,-0.06485591,
1039,1402.9698853492737,-0.11651839,
1040,1404.3070859909058,-0.03755362,
1041,1405.6489415168762,-2.1652293,
1042,1406.9907901287079,-0.0875983,
1043,1408.3344433307648,-0.14455289,
1044,1409.677986383438,-0.19482085,
1045,1411.0066974163055,-0.1827961,
1046,1412.342849969864,-0.39634818,
1047,1413.670681476593,-0.30637032,
1048,1414.9982919692993,-0.07439362,
1049,1416.3398954868317,-0.25901714,
1050,1417.7031199932098,-0.12742877,
1051,1419.0254113674164,-1.1049025,
1052,1420.3394451141357,-0.30479306,
1053,1421.6960787773132,-0.1362768,
1054,1423.016946554184,-0.0,
1055,1424.334421634674,-6.6866927,
1056,1425.6460785865784,-0.11657325,
1057,1426.9730858802795,-0.04816167,
1058,1428.3030009269714,-0.10979254,
1059,1429.619462966919,-0.1732596,
1060,1430.9388182163239,-0.096017875,
1061,1432.2609384059906,-0.3499831,
1062,1433.6143641471863,-0.40204334,
1063,1434.9634578227997,-0.29943326,
1064,1436.2978262901306,-0.86217964,
1065,1437.6343836784363,-0.026305916,
1066,1438.9733016490936,-0.06616497,
1067,1440.3007369041443,-0.13747492,
1068,1441.6267924308777,-0.14117496,
1069,1442.9820744991302,-0.17989862,
1070,1444.3271670341492,-0.0061328025,
1071,1445.6860983371735,-0.20570773,
1072,1447.034013748169,-0.1481788,
1073,1448.3823635578156,-0.5673435,
1074,1449.6998624801636,-0.12140413,
1075,1451.0194249153137,-0.116386496,
1076,1452.3466837406158,-0.20377132,
1077,1453.672044992447,-0.24861956,
1078,1454.995306968689,-0.4691086,
1079,1456.3208043575287,-0.12479815,
1080,1457.6601886749268,-0.12398042,
1081,1458.9985530376434,-0.25625136,
1082,1460.334040403366,-0.50751424,
1083,1461.6585154533386,-0.13977446,
1084,1462.9769308567047,-0.24639033,
1085,1464.3150486946106,-0.2561387,
1086,1465.624163866043,-0.2559507,
1087,1466.938951253891,-0.28411937,
1088,1468.2551727294922,-0.009868412,
1089,1469.5901863574982,-0.04922145,
1090,1470.9165468215942,-0.6119206,
1091,1472.2305200099945,-0.05556286,
1092,1473.5532200336456,-0.1417532,
1093,1474.8675236701965,-0.14075792,
1094,1476.2021980285645,-0.41506943,
1095,1477.5224211215973,-0.20604886,
1096,1478.8443965911865,-0.2576745,
1097,1480.1643850803375,-0.030383214,
1098,1481.474892616272,-0.41217533,
1099,1482.7954454421997,-0.10622706,
1100,1485.2132251262665,-0.42447,
1101,1486.5258848667145,-0.35097694,
1102,1487.843462228775,-0.46764252,
1103,1489.1588802337646,-0.14766815,
1104,1490.4925725460052,-0.13172725,
1105,1491.8189661502838,-0.11718933,
1106,1493.1477482318878,-2.0356872,
1107,1494.4777369499207,-0.012607005,
1108,1495.2348189353943,-0.15648392,
1109,1497.0016446113586,-0.25909877,
1110,1498.334814786911,-0.11239042,
1111,1499.6744647026062,-0.123883486,
1112,1501.0067677497864,-0.16544688,
1113,1502.3410773277283,-0.31722414,
1114,1503.6996641159058,-0.0292925,
1115,1505.046849489212,-0.14929156,
1116,1506.405990600586,-0.25105917,
1117,1507.7414598464966,-0.2090931,
1118,1509.0981404781342,-0.10908222,
1119,1510.4198970794678,-0.09188164,
1120,1511.7368228435516,-0.110376336,
1121,1513.0538399219513,-0.27126446,
1122,1514.362132549286,-2.6370835,
1123,1515.704493522644,-0.049690723,
1124,1517.0387842655182,-0.056105964,
1125,1518.3555040359497,-0.107395574,
1126,1519.6713194847107,-0.16245237,
1127,1520.9840137958527,-0.10448327,
1128,1522.2925117015839,-0.28371415,
1129,1523.6070969104767,-0.04253541,
1130,1524.9379904270172,-0.076654784,
1131,1526.2663378715515,-0.2526011,
1132,1527.5981132984161,-0.4964289,
1133,1528.9232363700867,-0.93220896,
1134,1530.2563388347626,-0.12936702,
1135,1531.5809872150421,-0.12144535,
1136,1532.9171350002289,-0.021481683,
1137,1534.2423548698425,-0.05407273,
1138,1535.5604355335236,-0.2135691,
1139,1536.8892958164215,-0.036664914,
1140,1538.2323594093323,-0.32683507,
1141,1539.5649237632751,-0.54858845,
1142,1540.8936319351196,-0.17991132,
1143,1542.2093682289124,-0.3055828,
1144,1543.5603785514832,-0.6225185,
1145,1544.8742725849152,-0.22565761,
1146,1546.201822757721,-0.23436955,
1147,1547.5159361362457,-0.09025938,
1148,1548.8521029949188,-0.14430356,
1149,1550.1811454296112,-0.20053667,
1150,1551.507925271988,-0.40919596,
1151,1552.8356523513794,-0.19964911,
1152,1554.1492879390717,-0.36443388,
1153,1555.4730162620544,-0.12094478,
1154,1556.7827968597412,-0.12441596,
1155,1558.1032059192657,-0.39165765,
1156,1559.4252882003784,-0.09060972,
1157,1560.7629396915436,-0.045908075,
1158,1562.0854902267456,-0.047241144,
1159,1563.4027562141418,-0.3070475,
1160,1564.7288336753845,-0.42317212,
1161,1566.0647194385529,-0.16918951,
1162,1567.386587381363,-0.037546057,
1163,1568.7093632221222,-0.037260458,
1164,1570.0304329395294,-0.19941199,
1165,1571.3674058914185,-0.1439017,
1166,1572.695392370224,-0.118609086,
1167,1574.0340707302094,-0.11027895,
1168,1575.354969739914,-7.18057,
1169,1576.6926667690277,-0.033426184,
1170,1578.0271298885345,-0.1094825,
1171,1579.3626372814178,-0.05506188,
1172,1580.6984491348267,-0.19102217,
1173,1582.0470323562622,-0.03203179,
1174,1583.3773212432861,-0.07754836,
1175,1584.7094616889954,-0.025187025,
1176,1586.0373334884644,-1.02119,
1177,1587.3728535175323,-0.23508069,
1178,1588.699960231781,-0.09123325,
1179,1590.0277888774872,-0.5674694,
1180,1591.3503835201263,-3.9623446,
1181,1592.6812794208527,-0.9939643,
1182,1594.0096311569214,-0.0051580686,
1183,1595.3283331394196,-0.19568335,
1184,1596.6577825546265,-0.6024598,
1185,1597.9868109226227,-0.3955893,
1186,1599.3291580677032,-0.09590777,
1187,1600.6529829502106,-1.2123708,
1188,1601.967903137207,-0.25847703,
1189,1603.3024125099182,-0.5771077,
1190,1604.621499300003,-0.35993546,
1191,1605.9397478103638,-1.9019078,
1192,1607.262910604477,-0.049000204,
1193,1608.5816073417664,-1.5159572,
1194,1609.9058418273926,-0.7242309,
1195,1611.2561779022217,-0.22714043,
1196,1612.5963218212128,-0.2707532,
1197,1613.9607000350952,-0.22244464,
1198,1615.303793668747,-0.33004397,
1199,1616.6269142627716,-0.30147767,
1200,1619.1720519065857,-0.31474912,
1201,1620.489636182785,-0.015593784,
1202,1621.8124785423279,-0.16782063,
1203,1623.1271147727966,-0.25688767,
1204,1624.4426229000092,-0.35492796,
1205,1625.7690498828888,-0.13249725,
1206,1627.092366218567,-0.04753173,
1207,1628.4223890304565,-0.044792805,
1208,1629.7421925067902,-0.3915284,
1209,1631.0649628639221,-0.061286807,
1210,1632.3889763355255,-1.1057531,
1211,1633.7093341350555,-0.08678201,
1212,1635.0170497894287,-0.047214024,
1213,1636.3620059490204,-0.10635938,
1214,1637.677710533142,-0.17240489,
1215,1638.9974505901337,-0.18043882,
1216,1640.3218417167664,-0.032136068,
1217,1641.6333372592926,-0.10696916,
1218,1642.9510884284973,-0.0413893,
1219,1644.2786626815796,-0.38303423,
1220,1645.5980250835419,-0.38060904,
1221,1646.9180517196655,-0.24098206,
1222,1648.240153312683,-0.034007024,
1223,1649.5628864765167,-0.14859633,
1224,1650.886468410492,-0.039877944,
1225,1652.2170660495758,-0.17084584,
1226,1653.5409936904907,-0.119349755,
1227,1654.859620809555,-0.28594905,
1228,1656.181406736374,-0.07120322,
1229,1657.514310836792,-0.06495193,
1230,1658.8483939170837,-0.19637139,
1231,1660.160636663437,-0.31157213,
1232,1661.4804677963257,-0.521657,
1233,1662.8091776371002,-0.18560809,
1234,1664.1365206241608,-0.2694062,
1235,1665.458415031433,-0.09981139,
1236,1666.794145822525,-0.39148054,
1237,1668.126493692398,-0.07542287,
1238,1669.4592640399933,-0.9498238,
1239,1670.7771406173706,-2.9230793,
1240,1672.0985317230225,-0.42865965,
1241,1673.4243094921112,-0.2939511,
1242,1674.751030921936,-0.15517864,
1243,1676.0708644390106,-0.07465048,
1244,1677.4033651351929,-0.17644355,
1245,1678.7225041389465,-0.2586178,
1246,1680.0443623065948,-0.11921247,
1247,1681.3763670921326,-0.122629955,
1248,1682.7046332359314,-0.2521586,
1249,1684.0275030136108,-0.6956035,
1250,1685.3633451461792,-0.23795849,
1251,1686.6838836669922,-0.124131784,
1252,1688.010990858078,-0.30206612,
1253,1689.3626396656036,-0.10605417,
1254,1690.6809966564178,-0.17287229,
1255,1692.018597126007,-0.85325426,
1256,1693.364227771759,-0.12699865,
1257,1694.7088034152985,-0.07927546,
1258,1696.0416014194489,-0.011094747,
1259,1697.3643732070923,-0.22483346,
1260,1698.68590092659,-0.07673524,
1261,1700.019244670868,-0.53494245,
1262,1701.3444163799286,-0.048320457,
1263,1702.6745913028717,-0.08448304,
1264,1704.0149426460266,-0.13034903,
1265,1705.3304288387299,-0.37535593,
1266,1706.6537449359894,-0.926904,
1267,1707.985279560089,-0.110504106,
1268,1709.3130793571472,-0.30127534,
1269,1710.6434206962585,-0.16932207,
1270,1711.9820806980133,-0.3469897,
1271,1713.3141968250275,-0.52496153,
1272,1714.6679873466492,-0.066919036,
1273,1715.9844887256622,-0.103009954,
1274,1717.305321931839,-0.7061012,
1275,1718.6131041049957,-0.30930802,
1276,1719.9351980686188,-0.14753461,
1277,1721.2598478794098,-0.32373938,
1278,1722.6249582767487,-0.31655648,
1279,1723.9577023983002,-0.3009627,
1280,1725.28800034523,-0.06544696,
1281,1726.6110138893127,-0.051161774,
1282,1727.9686195850372,-0.09532322,
1283,1729.3260736465454,-3.508953,
1284,1730.6525390148163,-0.11268602,
1285,1731.9751918315887,-0.12645209,
1286,1733.2973589897156,-0.1626752,
1287,1734.6222052574158,-0.25465214,
1288,1735.9412050247192,-0.0027099517,
1289,1737.2614562511444,-0.13097699,
1290,1738.5853474140167,-0.04011266,
1291,1739.90305685997,-0.15271516,
1292,1741.2144181728363,-0.4901159,
1293,1742.5364518165588,-0.437352,
1294,1743.8592808246613,-0.17745379,
1295,1745.1835582256317,-0.14094864,
1296,1746.497890472412,-0.0155714005,
1297,1747.8165256977081,-0.60979176,
1298,1749.1395354270935,-0.41289267,
1299,1750.4633400440216,-0.647176,
1300,1752.9150030612946,-0.26983732,
1301,1754.2280666828156,-0.11022178,
1302,1755.555490732193,-0.20965374,
1303,1756.8752360343933,-0.18020877,
1304,1758.1978645324707,-1.9813782,
1305,1759.5223433971405,-0.070763126,
1306,1760.8460783958435,-0.2422505,
1307,1762.1697926521301,-0.07192507,
1308,1763.5071003437042,-0.07648072,
1309,1764.837521314621,-0.07431801,
1310,1766.1578373908997,-0.021762287,
1311,1767.4709191322327,-0.26539063,
1312,1768.7944498062134,-0.789927,
1313,1770.1233570575714,-0.03455508,
1314,1771.4469990730286,-2.2525828,
1315,1772.764880657196,-0.0882983,
1316,1774.0883927345276,-2.003552,
1317,1775.4068834781647,-0.20008248,
1318,1776.7611577510834,-0.34890443,
1319,1778.0845510959625,-0.11115001,
1320,1779.4418530464172,-0.011704413,
1321,1780.7734942436218,-0.33499485,
1322,1782.09450674057,-0.21229118,
1323,1783.4267613887787,-0.1262036,
1324,1784.7478730678558,-2.3322709,
1325,1786.0639126300812,-0.07453599,
1326,1787.390436887741,-0.19255972,
1327,1788.7092289924622,-0.5466225,
1328,1790.03147482872,-0.55535305,
1329,1791.3518991470337,-0.19707267,
1330,1792.6739373207092,-0.14054616,
1331,1794.0042896270752,-0.0,
1332,1795.32568693161,-0.16214365,
1333,1796.6549372673035,-0.08932423,
1334,1797.989176750183,-0.3496688,
1335,1799.3217470645905,-0.0,
1336,1800.6530556678772,-1.095373,
1337,1801.9811854362488,-0.28426662,
1338,1803.3471405506134,-0.084650844,
1339,1804.7023229599,-0.20701501,
1340,1806.053881406784,-0.0002658374,
1341,1807.386850118637,-0.33791235,
1342,1808.7091979980469,-0.040484656,
1343,1810.0256938934326,-0.32454184,
1344,1811.3457050323486,-0.16227394,
1345,1812.6579570770264,-0.17733076,
1346,1813.977609872818,-0.10617744,
1347,1815.3031389713287,-0.026900753,
1348,1816.6511733531952,-0.08613545,
1349,1817.994679927826,-0.19102472,
1350,1819.327470779419,-0.050077952,
1351,1820.6571917533875,-0.13312034,
1352,1821.9743931293488,-0.031026715,
1353,1823.3048541545868,-0.2631117,
1354,1824.6375949382782,-0.32318363,
1355,1825.9548037052155,-0.24839483,
1356,1827.2729997634888,-0.067337826,
1357,1828.6033577919006,-0.06272071,
1358,1829.9382617473602,-0.35795945,
1359,1831.266547203064,-0.021800067,
1360,1832.6055579185486,-0.69965196,
1361,1833.9424555301666,-0.02979045,
1362,1835.2732784748077,-0.027742717,
1363,1836.6122636795044,-0.7376583,
1364,1837.9365813732147,-0.4007125,
1365,1839.2728908061981,-0.10289456,
1366,1840.590423822403,-0.015083315,
1367,1841.9091532230377,-0.3231824,
1368,1843.2328510284424,-0.2911745,
1369,1844.5541460514069,-0.021470916,
1370,1845.882802248001,-0.56322134,
1371,1847.2109005451202,-0.18964598,
1372,1848.5297474861145,-0.04371389,
1373,1849.8461635112762,-0.017059164,
1374,1851.162035226822,-0.21142769,
1375,1852.4939999580383,-0.28464755,
1376,1853.8182628154755,-0.094031505,
1377,1855.1475429534912,-6.8134466e-07,
1378,1856.471066236496,-0.2755903,
1379,1857.7979538440704,-0.2778768,
1380,1859.109673500061,-0.13084134,
1381,1860.4339139461517,-1.6873107,
1382,1861.757247209549,-0.20431226,
1383,1863.0958170890808,-0.120200135,
1384,1864.4121463298798,-0.074180454,
1385,1865.740466117859,-2.0332863,
1386,1867.064290046692,-0.07291822,
1387,1868.390406370163,-0.021167913,
1388,1869.7060267925262,-0.24171437,
1389,1871.0293152332306,-0.2527986,
1390,1872.3605275154114,-0.2611186,
1391,1873.7063086032867,-0.46497783,
1392,1875.0337448120117,-0.6508087,
1393,1876.3716714382172,-0.0614732,
1394,1877.7012555599213,-0.37669784,
1395,1879.0456867218018,-0.098972484,
1396,1880.360221862793,-0.020238886,
1397,1881.6976630687714,-0.277825,
1398,1883.0274403095245,-0.076720335,
1399,1884.3536188602448,-0.29261565,
1400,1887.1820576190948,-0.16627502,
1401,1888.5106070041656,-0.031365555,
1402,1889.842665195465,-0.26683217,
1403,1891.1695399284363,-0.9792304,
1404,1892.5006144046783,-0.19493648,
1405,1893.8309907913208,-0.066340685,
1406,1895.1497354507446,-0.16512293,
1407,1896.4643886089325,-0.16834986,
1408,1897.7880284786224,-0.30426425,
1409,1899.108796596527,-0.25333846,
1410,1900.4382989406586,-0.8844324,
1411,1901.7692787647247,-0.16541827,
1412,1903.1249513626099,-0.047379486,
1413,1904.4765329360962,-0.1350057,
1414,1905.7992129325867,-0.40487528,
1415,1907.1154534816742,-0.35918462,
1416,1908.4313032627106,-1.1277994,
1417,1909.7510089874268,-0.023840565,
1418,1911.0649037361145,-0.58350366,
1419,1912.3945047855377,-0.12510744,
1420,1913.7162556648254,-0.07759173,
1421,1915.04030418396,-0.6121339,
1422,1916.357234954834,-0.35230425,
1423,1917.6735050678253,-0.22909054,
1424,1918.9895250797272,-0.84483254,
1425,1920.3105368614197,-1.9646298,
1426,1921.6359446048737,-0.4058438,
1427,1922.9592912197113,-0.65708715,
1428,1924.2765045166016,-0.060761027,
1429,1925.609082698822,-0.08163324,
1430,1926.934826374054,-0.34914666,
1431,1928.2554121017456,-0.24549225,
1432,1929.5765533447266,-0.8788493,
1433,1930.9065177440643,-0.0006311826,
1434,1932.2272877693176,-0.064670414,
1435,1933.5383305549622,-0.07518865,
1436,1934.847454071045,-0.18132529,
1437,1936.1747024059296,-1.9423647,
1438,1937.495794057846,-1.3929237,
1439,1938.809728384018,-0.012344721,
1440,1940.1269760131836,-0.30580702,
1441,1941.4440162181854,-0.037341263,
1442,1942.768081188202,-1.9483542,
1443,1944.0978558063507,-0.4593592,
1444,1945.4217047691345,-0.07169208,
1445,1946.7417569160461,-0.019328577,
1446,1948.067981004715,-0.5807812,
1447,1949.396318435669,-0.06314968,
1448,1950.7250752449036,-0.062581636,
1449,1952.0445375442505,-0.08328078,
1450,1953.4009215831757,-0.29452142,
1451,1954.7543413639069,-0.005739504,
1452,1956.1126155853271,-0.0978072,
1453,1957.4576725959778,-2.101624,
1454,1958.7993483543396,-0.15466075,
1455,1960.125459909439,-0.3689967,
1456,1961.4518921375275,-0.06365227,
1457,1962.778170824051,-0.027942685,
1458,1964.107697725296,-0.084509425,
1459,1965.4246191978455,-0.1814329,
1460,1966.746606349945,-0.21360463,
1461,1968.079320192337,-0.015570956,
1462,1969.3986237049103,-0.10456258,
1463,1970.726555109024,-0.1263206,
1464,1972.0543467998505,-0.0070512025,
1465,1973.3829469680786,-0.07967256,
1466,1974.7543506622314,-0.22545007,
1467,1976.0757207870483,-0.050628733,
1468,1977.400352716446,-0.1815169,
1469,1978.7243869304657,-0.20122275,
1470,1980.0510625839233,-0.07753137,
1471,1981.3619949817657,-0.18432146,
1472,1982.6897294521332,-1.4024597,
1473,1984.0269782543182,-0.123917975,
1474,1985.3504033088684,-0.79872125,
1475,1986.688930273056,-0.071470946,
1476,1988.019009590149,-0.12530388,
1477,1989.3430194854736,-0.05358898,
1478,1990.679814338684,-0.091095716,
1479,1992.0122756958008,-0.08679027,
1480,1993.3385095596313,-0.021132987,
1481,1994.6651945114136,-0.64299405,
1482,1995.9875061511993,-0.2121056,
1483,1997.3347027301788,-0.42822996,
1484,1998.667739868164,-1.1258155,
1485,2000.0025396347046,-0.16969807,
1486,2001.332017660141,-0.25831264,
1487,2002.659773349762,-0.12126488,
1488,2003.9922890663147,-0.28935042,
1489,2005.3369307518005,-0.020934414,
1490,2006.6600461006165,-0.15330626,
1491,2007.9884536266327,-0.12065944,
1492,2009.3095383644104,-0.10322486,
1493,2010.6220400333405,-0.18140095,
1494,2011.9489402770996,-0.13754094,
1495,2013.2896926403046,-0.18304335,
1496,2014.611454963684,-0.09756421,
1497,2015.9425411224365,-0.02214153,
1498,2017.2692136764526,-0.22118264,
1499,2018.5899860858917,-0.10226898,
1500,2021.1145286560059,-0.35064256,
1501,2022.4314060211182,-0.14687167,
1502,2023.749240398407,-0.31141335,
1503,2025.0685279369354,-0.047105525,
1504,2026.3905472755432,-0.17293501,
1505,2027.705774307251,-0.21063018,
1506,2029.0332612991333,-0.27249068,
1507,2030.3539645671844,-0.13822186,
1508,2031.6951739788055,-0.01631725,
1509,2033.0152068138123,-0.060448825,
1510,2034.3388814926147,-0.09728655,
1511,2035.6618783473969,-0.2666505,
1512,2036.994435787201,-0.13777456,
1513,2038.3287880420685,-0.1488245,
1514,2039.6912412643433,-0.36335266,
1515,2041.0144047737122,-0.075835764,
1516,2042.3566761016846,-0.3594157,
1517,2043.6879799365997,-0.01854756,
1518,2045.0531437397003,-0.20065764,
1519,2046.395981311798,-0.09347868,
1520,2047.732144832611,-0.26026273,
1521,2049.0602571964264,-0.2159825,
1522,2050.38685464859,-0.2467562,
1523,2051.706872701645,-0.056585867,
1524,2053.048084259033,-0.6032572,
1525,2054.3727464675903,-0.1361486,
1526,2055.7220804691315,-0.03197832,
1527,2057.0500526428223,-0.5228923,
1528,2058.3891043663025,-0.09614682,
1529,2059.71591591835,-0.22162606,
1530,2061.0401504039764,-0.28900328,
1531,2062.3566160202026,-1.1709716,
1532,2063.6772196292877,-0.2925934,
1533,2065.0189192295074,-0.032970972,
1534,2066.3447589874268,-0.037381567,
1535,2067.6799833774567,-0.19475123,
1536,2069.025335788727,-0.07996426,
1537,2070.3437337875366,-0.083967894,
1538,2071.6685869693756,-0.11003523,
1539,2072.998202562332,-0.12472343,
1540,2074.3248386383057,-0.1643452,
1541,2075.6517231464386,-2.127765,
1542,2076.973528146744,-0.16392359,
1543,2078.301357269287,-0.04832977,
1544,2079.634880542755,-1.1947293,
1545,2080.980289697647,-0.07498813,
1546,2082.3349516391754,-0.15302026,
1547,2083.6766555309296,-0.19595471,
1548,2085.0337517261505,-0.13126342,
1549,2086.3692605495453,-0.42357886,
1550,2087.695494413376,-0.25968847,
1551,2089.032826423645,-0.42496043,
1552,2090.3752493858337,-0.112445325,
1553,2091.6992461681366,-0.045286164,
1554,2093.016396522522,-0.12056981,
1555,2094.347024679184,-1.3364134,
1556,2095.701719045639,-0.9501727,
1557,2097.0231986045837,-0.07748547,
1558,2098.349695444107,-0.17619608,
1559,2099.68142080307,-0.4187059,
1560,2101.0267462730408,-0.08638181,
1561,2102.3437101840973,-0.15864302,
1562,2103.6708011627197,-0.38991067,
1563,2104.995154619217,-0.11181781,
1564,2106.323705434799,-0.12051764,
1565,2107.640277147293,-4.6925097,
1566,2108.967425107956,-0.41365367,
1567,2110.295968055725,-0.14577669,
1568,2111.61518907547,-0.09770827,
1569,2112.9572048187256,-0.46783203,
1570,2114.2791068553925,-0.8962452,
1571,2115.637821674347,-0.027800908,
1572,2116.9675714969635,-0.23857607,
1573,2118.2878284454346,-0.2455157,
1574,2119.617410182953,-0.011864999,
1575,2120.9375200271606,-0.0019609113,
1576,2122.2517127990723,-0.010185341,
1577,2123.570547580719,-0.15007491,
1578,2124.8984265327454,-0.05969984,
1579,2126.2352380752563,-0.21407373,
1580,2127.560031414032,-0.022429427,
1581,2128.8745551109314,-1.0756882,
1582,2130.2076740264893,-0.26301968,
1583,2131.554073572159,-0.9297425,
1584,2132.8893263339996,-0.22209942,
1585,2134.219561100006,-1.3166116,
1586,2135.564361810684,-0.06991103,
1587,2136.952823162079,-0.33369052,
1588,2138.3031549453735,-0.07621267,
1589,2139.643848180771,-0.3339849,
1590,2140.9810349941254,-0.07895072,
1591,2142.312966108322,-0.26390973,
1592,2143.6490042209625,-0.7565583,
1593,2144.983528137207,-0.14987083,
1594,2146.3139374256134,-0.12712535,
1595,2147.645562648773,-0.21899198,
1596,2148.9878487586975,-0.36570618,
1597,2150.3169310092926,-0.0,
1598,2151.642992258072,-0.056010727,
1599,2152.9808089733124,-0.45805028,
1600,2155.4993035793304,-0.26614204,
1601,2156.84973692894,-0.07149523,
1602,2158.1732952594757,-0.059833072,
1603,2159.5009384155273,-0.16105051,
1604,2160.845258951187,-0.120123126,
1605,2162.1775736808777,-0.21225971,
1606,2163.50204205513,-0.16919778,
1607,2164.8295311927795,-0.03227692,
1608,2166.169691324234,-0.15265186,
1609,2167.50093626976,-0.14723867,
1610,2168.8346462249756,-0.2704074,
1611,2170.173432826996,-0.765515,
1612,2171.493625164032,-0.025044564,
1613,2172.8266077041626,-0.30641025,
1614,2174.1628019809723,-0.037254788,
1615,2175.4903008937836,-0.18506211,
1616,2176.811176776886,-0.28172356,
1617,2178.1823117733,-0.48477414,
1618,2179.5112903118134,-0.06870851,
1619,2180.8394491672516,-0.19605628,
1620,2182.174024581909,-0.06674694,
1621,2183.5092022418976,-0.37723207,
1622,2184.8342175483704,-0.1573849,
1623,2186.171637535095,-0.093958,
1624,2187.5139367580414,-0.07363957,
1625,2188.852271795273,-1.1201426,
1626,2190.1877732276917,-0.14837071,
1627,2191.545479297638,-0.037199475,
1628,2192.8959953784943,-0.03961264,
1629,2194.248423576355,-0.0076187393,
1630,2195.6006379127502,-0.054965846,
1631,2196.968230485916,-0.39887252,
1632,2198.301337480545,-0.242858,
1633,2199.643539905548,-0.5886756,
1634,2200.984392642975,-0.0408283,
1635,2202.320275783539,-0.4381028,
1636,2203.695132493973,-0.2254501,
1637,2205.029797077179,-0.14426495,
1638,2206.37238574028,-0.054638762,
1639,2207.733228445053,-0.0021000707,
1640,2209.080246925354,-0.033326074,
1641,2210.444395542145,-0.12621865,
1642,2211.793204307556,-0.17644268,
1643,2213.152745246887,-0.051715452,
1644,2214.5172016620636,-0.03515643,
1645,2215.8626811504364,-0.07592501,
1646,2217.203679561615,-0.087066144,
1647,2218.5605607032776,-0.11904165,
1648,2219.925818681717,-0.5458025,
1649,2221.2765958309174,-0.033683084,
1650,2222.634862422943,-0.06569529,
1651,2223.985882282257,-0.020088289,
1652,2225.3442623615265,-0.18782899,
1653,2226.6815831661224,-0.033081684,
1654,2228.0268454551697,-1.4459507,
1655,2229.375118494034,-0.08140598,
1656,2230.757063150406,-0.33899087,
1657,2232.1342873573303,-0.074487165,
1658,2233.492842912674,-0.34137088,
1659,2234.8389432430267,-0.7911159,
1660,2236.181962966919,-0.020809585,
1661,2237.514893054962,-0.11854085,
1662,2238.8490567207336,-0.22158712,
1663,2240.200236558914,-0.23561735,
1664,2241.5467631816864,-0.21139985,
1665,2242.883097887039,-4.4246286e-07,
1666,2244.221113920212,-0.2713999,
1667,2245.566427230835,-0.04551005,
1668,2246.907064437866,-0.13736239,
1669,2248.2438282966614,-0.17120704,
1670,2249.6042037010193,-0.023983873,
1671,2250.9415361881256,-0.017161531,
1672,2252.283670425415,-0.09042734,
1673,2253.6151690483093,-0.26682425,
1674,2254.9485075473785,-0.12182643,
1675,2256.29611825943,-0.07632591,
1676,2257.632970571518,-0.38071808,
1677,2258.9636738300323,-0.18975413,
1678,2260.304209470749,-0.44529107,
1679,2261.647009372711,-0.19274138,
1680,2263.0057034492493,-0.29314214,
1681,2264.3477494716644,-0.03947442,
1682,2265.687450647354,-0.0056083673,
1683,2267.033925294876,-0.12790175,
1684,2268.367171049118,-0.042597633,
1685,2269.701106071472,-0.17006108,
1686,2271.041212797165,-0.17545922,
1687,2272.3899989128113,-1.3981004,
1688,2273.74276137352,-0.035843566,
1689,2275.0898773670197,-0.05730582,
1690,2276.438355445862,-0.39251038,
1691,2277.851950407028,-0.08417028,
1692,2279.192846775055,-0.4136919,
1693,2280.5385015010834,-1.4266816,
1694,2281.883031845093,-0.44656396,
1695,2283.236310005188,-0.087164655,
1696,2284.58890581131,-0.036508672,
1697,2285.930610179901,-0.05051617,
1698,2287.2713103294373,-0.0,
1699,2288.6170678138733,-0.09147132,
1700,2291.216859102249,-0.25189972,
1701,2292.602104663849,-0.069235474,
1702,2293.977541446686,-0.11042514,
1703,2295.3250987529755,-0.14492066,
1704,2296.670606613159,-4.6632357,
1705,2298.0130574703217,-0.19078699,
1706,2299.3604125976562,-0.41245574,
1707,2300.702335357666,-0.27023354,
1708,2302.0381078720093,-0.11777043,
1709,2303.3741183280945,-0.15500195,
1710,2304.7306504249573,-0.16844372,
1711,2306.072988510132,-0.155043,
1712,2307.4214441776276,-0.067134686,
1713,2308.766092300415,-0.035793446,
1714,2310.1455159187317,-11.687434,
1715,2311.4834876060486,-0.0756413,
1716,2312.827526807785,-3.2052665e-08,
1717,2314.160279273987,-0.25492677,
1718,2315.5053975582123,-0.52690643,
1719,2316.8552107810974,-0.3112745,
1720,2318.2052862644196,-2.7554319e-05,
1721,2319.54341506958,-0.29334056,
1722,2320.898146867752,-0.20796695,
1723,2322.2453258037567,-0.05936234,
1724,2323.5787098407745,-0.25209677,
1725,2324.911551475525,-0.23784958,
1726,2326.249223470688,-0.15287662,
1727,2327.591590166092,-0.1162838,
1728,2328.9348137378693,-0.026938088,
1729,2330.279436826706,-0.1423446,
1730,2331.6414852142334,-0.11073843,
1731,2333.032395839691,-0.0014696545,
1732,2334.3767540454865,-0.31978303,
1733,2335.765157699585,-0.110370025,
1734,2337.123421907425,-0.1141825,
1735,2338.4627056121826,-0.21586838,
1736,2339.811874628067,-0.10352424,
1737,2341.142981529236,-0.033241678,
1738,2342.4736020565033,-0.12832825,
1739,2343.819009542465,-0.4146112,
1740,2345.154618024826,-0.014270862,
1741,2346.5065701007843,-0.1252161,
1742,2347.8557584285736,-0.12127066,
1743,2349.213164329529,-0.067070134,
1744,2350.5570216178894,-0.07041387,
1745,2351.8953156471252,-0.07466239,
1746,2353.241228580475,-0.09209971,
1747,2354.587244272232,-0.1044158,
1748,2355.913826227188,-0.028450236,
1749,2357.24409532547,-0.27931488,
1750,2358.5793132781982,-0.012607557,
1751,2359.922039747238,-0.19870022,
1752,2361.2574875354767,-0.17209995,
1753,2362.598839044571,-0.2707541,
1754,2363.948624610901,-0.21493676,
1755,2365.2853920459747,-0.23360418,
1756,2366.631782770157,-0.008832582,
1757,2367.973214864731,-0.14361477,
1758,2369.315507888794,-0.7787852,
1759,2370.6508111953735,-0.12903416,
1760,2371.9861533641815,-0.060684487,
1761,2373.320125102997,-0.0033274866,
1762,2374.6813020706177,-0.009950695,
1763,2376.038170337677,-0.093186595,
1764,2377.3756160736084,-0.095161796,
1765,2378.7250657081604,-0.35954356,
1766,2380.080377101898,-0.39184272,
1767,2381.4097979068756,-0.1339607,
1768,2382.753218650818,-0.05056529,
1769,2384.0895540714264,-0.018950421,
1770,2385.428121328354,-0.19121145,
1771,2386.7589926719666,-0.5766033,
1772,2388.0892741680145,-0.091552466,
1773,2389.411242723465,-0.7216995,
1774,2390.7532773017883,-0.090956666,
1775,2392.089913368225,-0.08278601,
1776,2393.4306831359863,-0.1840676,
1777,2394.770235300064,-0.33098507,
1778,2396.122371673584,-0.06251526,
1779,2397.463447570801,-0.51060164,
1780,2398.8075110912323,-0.12628037,
1781,2400.151001930237,-0.030759264,
1782,2401.486032962799,-1.3737323,
1783,2402.819837331772,-0.3160208,
1784,2404.155914783478,-0.5328994,
1785,2405.512471437454,-0.04154485,
1786,2406.847930908203,-0.50603074,
1787,2408.1835289001465,-0.8167345,
1788,2409.5271685123444,-0.5265724,
1789,2410.866873025894,-0.11522168,
1790,2412.208593606949,-0.5662854,
1791,2413.549566268921,-0.04645886,
1792,2414.8857538700104,-1.4629482,
1793,2416.2154173851013,-0.09828061,
1794,2417.554013967514,-0.7217653,
1795,2418.892110109329,-0.4431675,
1796,2420.220056295395,-0.10507779,
1797,2421.557799100876,-0.07309106,
1798,2422.890216588974,-1.29019,
1799,2424.221878528595,-0.16954717,
1800,2426.7661893367767,-0.008213639,
1801,2428.1069705486298,-5.4441007e-06,
1802,2429.446983575821,-0.22359374,
1803,2430.7872273921967,-0.39621374,
1804,2432.119730949402,-0.358538,
1805,2433.4637768268585,-0.23280896,
1806,2434.806931734085,-0.7558647,
1807,2436.1649947166443,-0.11521073,
1808,2437.496456384659,-0.25436497,
1809,2438.8329470157623,-0.8709475,
1810,2440.1955754756927,-0.16062813,
1811,2441.535541534424,-0.31905887,
1812,2442.8769998550415,-0.025416777,
1813,2444.217915058136,-0.070987865,
1814,2445.5484075546265,-0.08587321,
1815,2446.8950271606445,-0.17735025,
1816,2448.230048418045,-0.031791296,
1817,2449.5801203250885,-0.10101764,
1818,2450.9234557151794,-0.050542377,
1819,2452.2743945121765,-0.30373654,
1820,2453.621254682541,-0.13424817,
1821,2454.9520444869995,-0.55787647,
1822,2456.2963292598724,-0.08014989,
1823,2457.640025138855,-0.2489396,
1824,2458.973150253296,-0.8348815,
1825,2460.3239817619324,-0.16477789,
1826,2461.6595211029053,-0.18559302,
1827,2463.001469373703,-0.18111205,
1828,2464.3604016304016,-0.28112698,
1829,2465.698744058609,-0.10477843,
1830,2467.0612876415253,-0.008722265,
1831,2468.402386903763,-0.14644021,
1832,2469.747995853424,-0.23871136,
1833,2471.0906796455383,-0.16301998,
1834,2472.4200990200043,-0.04395067,
1835,2473.7528154850006,-0.09283488,
1836,2475.08616566658,-0.1583581,
1837,2476.4237060546875,-0.07932456,
1838,2477.7579159736633,-0.30577898,
1839,2479.1421711444855,-0.47384143,
1840,2480.472474336624,-2.6769958,
1841,2481.835065603256,-0.7941507,
1842,2483.178570508957,-0.2997787,
1843,2484.5492010116577,-0.02806923,
1844,2485.908469438553,-0.012212699,
1845,2487.256157398224,-0.38475382,
1846,2488.5952820777893,-0.15538698,
1847,2489.94069647789,-1.3799303,
1848,2491.2729666233063,-0.080825694,
1849,2492.614033460617,-0.07102826,
1850,2493.9712870121,-0.12379831,
1851,2495.3305838108063,-0.28163943,
1852,2496.669486761093,-0.3244764,
1853,2498.0275304317474,-2.9800673,
1854,2499.360881090164,-0.16748992,
1855,2500.6988785266876,-3.009948,
1856,2502.0430557727814,-0.14351724,
1857,2503.388839006424,-0.0,
1858,2504.7591269016266,-0.47589692,
1859,2506.1167035102844,-1.1604375,
1860,2507.455603837967,-0.14272386,
1861,2508.822807788849,-0.022453887,
1862,2510.1779527664185,-0.12700954,
1863,2511.5279302597046,-3.3795395,
1864,2512.8567473888397,-1.1548578,
1865,2514.1898584365845,-0.040779937,
1866,2515.5182337760925,-0.2065133,
1867,2516.847676038742,-1.0968454,
1868,2518.199653863907,-0.046528947,
1869,2519.544305086136,-0.18874986,
1870,2520.9562430381775,-0.032419078,
1871,2522.3033797740936,-0.6636281,
1872,2523.633170604706,-0.33544168,
1873,2524.972287416458,-0.13483828,
1874,2526.3036131858826,-0.23936246,
1875,2527.6324689388275,-0.41224584,
1876,2528.9655270576477,-0.15480216,
1877,2530.293394088745,-0.04303957,
1878,2531.623655796051,-0.23619539,
1879,2532.957983970642,-0.18572986,
1880,2534.288358449936,-0.047709033,
1881,2535.6395580768585,-0.10044363,
1882,2536.9821648597717,-0.07294375,
1883,2538.328267097473,-0.15753637,
1884,2539.6528720855713,-0.10905744,
1885,2540.9902918338776,-0.43318045,
1886,2542.317881822586,-0.031155381,
1887,2543.6428134441376,-0.12376234,
1888,2544.9553577899933,-2.4959846,
1889,2546.3000197410583,-0.71397674,
1890,2547.616834640503,-0.22472149,
1891,2548.9396076202393,-0.06650755,
1892,2550.259548664093,-0.122785695,
1893,2551.591941833496,-0.13326222,
1894,2552.913503885269,-0.42456442,
1895,2554.2341771125793,-0.792873,
1896,2555.574780225754,-0.11566004,
1897,2556.9553549289703,-0.045386445,
1898,2558.317225217819,-0.6141666,
1899,2559.658205509186,-0.021090515,
1900,2562.156354904175,-0.19483213,
1901,2563.5087933540344,-0.09207992,
1902,2564.8460187911987,-0.16585791,
1903,2566.1657032966614,-0.06721405,
1904,2567.5414204597473,-0.25999367,
1905,2568.8929493427277,-0.058288816,
1906,2570.2650952339172,-0.13312474,
1907,2571.6390368938446,-0.085641585,
1908,2573.03343129158,-0.14732815,
1909,2574.4224016666412,-0.060617223,
1910,2575.764284133911,-0.12251944,
1911,2577.117378950119,-0.18770225,
1912,2578.492568731308,-0.44264168,
1913,2579.8299243450165,-0.2442222,
1914,2581.163592338562,-0.67815447,
1915,2582.518060207367,-0.095899194,
1916,2583.8539276123047,-0.6108464,
1917,2585.2002460956573,-0.3306167,
1918,2586.549180984497,-0.07697326,
1919,2587.909431695938,-0.59682685,
1920,2589.2793486118317,-0.14053617,
1921,2590.633265018463,-0.027003389,
1922,2591.9658346176147,-0.18686652,
1923,2593.2963659763336,-0.1017921,
1924,2594.639944791794,-0.07106054,
1925,2595.975821495056,-0.1172236,
1926,2597.3101308345795,-0.00086979166,
1927,2598.6367893218994,-1.1157199,
1928,2599.9834587574005,-0.19572374,
1929,2601.3172240257263,-5.88119e-07,
1930,2602.6519606113434,-0.45725346,
1931,2603.998388528824,-0.1287458,
1932,2605.3239686489105,-0.07843056,
1933,2606.6570916175842,-0.13104835,
1934,2608.0149478912354,-0.28404444,
1935,2609.351271390915,-0.40776974,
1936,2610.6903529167175,-0.25648582,
1937,2612.0183544158936,-0.09981455,
1938,2613.347728729248,-0.5888009,
1939,2614.685539484024,-0.17156816,
1940,2616.034786462784,-0.057939373,
1941,2617.3660111427307,-0.03603372,
1942,2618.6967928409576,-0.15872493,
1943,2620.026352405548,-0.17572322,
1944,2621.4101893901825,-0.1843408,
1945,2622.7399513721466,-0.14457963,
1946,2624.066193819046,-0.0877766,
1947,2625.3965377807617,-0.10650579,
1948,2626.7394046783447,-0.08630507,
1949,2628.1013901233673,-0.1715385,
1950,2629.440399169922,-0.14149705,
1951,2630.7761883735657,-0.08059162,
1952,2632.1015825271606,-0.22049586,
1953,2633.4311616420746,-0.41015562,
1954,2634.7684981822968,-0.18277451,
1955,2636.0922017097473,-0.025352005,
1956,2637.418556213379,-0.043393143,
1957,2638.771731853485,-0.0559674,
1958,2640.098853111267,-0.044719324,
1959,2641.4313399791718,-0.070583396,
1960,2642.774493932724,-1.2237437,
1961,2644.1130414009094,-0.10956872,
1962,2645.4364116191864,-0.12448083,
1963,2646.764167547226,-0.22325282,
1964,2648.104036092758,-0.027651384,
1965,2649.439083814621,-0.2686394,
1966,2650.765231847763,-0.113789484,
1967,2652.1021344661713,-0.0048571117,
1968,2653.435085773468,-0.22419295,
1969,2654.7632648944855,-0.14248987,
1970,2656.0910189151764,-0.03714891,
1971,2657.4198668003082,-0.040688228,
1972,2658.768824338913,-0.1344787,
1973,2660.0959661006927,-0.061845563,
1974,2661.428874015808,-0.3430856,
1975,2662.7561297416687,-0.75259125,
1976,2664.077240228653,-0.050182104,
1977,2665.405154943466,-0.033598118,
1978,2666.7360227108,-0.1927502,
1979,2668.0664949417114,-0.063550115,
1980,2669.3993632793427,-0.16567375,
1981,2670.7254803180695,-0.25903574,
1982,2672.077784061432,-0.17257234,
1983,2673.4029202461243,-0.0,
1984,2674.7270905971527,-0.13444681,
1985,2676.0485606193542,-0.057979688,
1986,2677.377674102783,-0.115965076,
1987,2678.6950447559357,-0.6314496,
1988,2680.0085139274597,-0.30861107,
1989,2681.336199760437,-0.08011463,
1990,2682.6682467460632,-0.026652763,
1991,2683.990270137787,-0.051597107,
1992,2685.33700966835,-0.22062705,
1993,2686.6673572063446,-0.25899053,
1994,2688.018984079361,-0.36800182,
1995,2689.3459951877594,-0.040633086,
1996,2690.677854537964,-0.11081971,
1997,2692.0031032562256,-0.10499771,
1998,2693.3343884944916,-0.10682139,
1999,2694.667893409729,-0.30334008,
2000,2697.2070105075836,-0.42426404,
2001,2698.539670944214,-0.074345335,
2002,2699.865557193756,-1.1249318,
2003,2701.203976869583,-0.091896266,
2004,2702.52867603302,-1.6090508,
2005,2703.8654029369354,-0.0108278105,
2006,2705.189228773117,-0.09582972,
2007,2706.5174074172974,-0.1538218,
2008,2707.9222848415375,-0.06195502,
2009,2709.2679612636566,-0.12318742,
2010,2710.6120796203613,-0.39951456,
2011,2711.9471061229706,-0.003940367,
2012,2713.2906761169434,-0.6226064,
2013,2714.625969171524,-0.07415524,
2014,2715.961294412613,-0.07098785,
2015,2717.272730588913,-0.09554979,
2016,2718.5940210819244,-1.14322,
2017,2719.912718772888,-0.2589397,
2018,2721.241341114044,-0.11645501,
2019,2722.564843893051,-0.06778066,
2020,2723.887746810913,-0.2114826,
2021,2725.2073228359222,-0.12463562,
2022,2726.538386106491,-0.2059776,
2023,2727.8526542186737,-0.013657284,
2024,2729.1745104789734,-0.37907103,
2025,2730.4977130889893,-1.7448765,
2026,2731.8243651390076,-0.1849781,
2027,2733.157490491867,-0.04904828,
2028,2734.4954903125763,-0.06671895,
2029,2735.826038837433,-0.25096765,
2030,2737.166585922241,-0.11416725,
2031,2738.489452123642,-0.2584536,
2032,2739.81574344635,-0.18989894,
2033,2741.1463792324066,-0.643476,
2034,2742.478404045105,-0.46480012,
2035,2743.7994446754456,-0.008564083,
2036,2745.1198711395264,-0.037147265,
2037,2746.435115814209,-0.27388388,
2038,2747.7785501480103,-0.52561164,
2039,2749.136752843857,-0.27454725,
2040,2750.506916284561,-0.24496259,
2041,2751.8406414985657,-0.16025679,
2042,2753.164890766144,-0.11742987,
2043,2754.486897468567,-0.6268839,
2044,2755.8478775024414,-0.12815422,
2045,2757.1689190864563,-0.06903077,
2046,2758.498119354248,-1.7641962,
2047,2759.8250658512115,-0.11947855,
2048,2761.1551988124847,-0.2772947,
2049,2762.481678724289,-0.8565279,
2050,2763.839411497116,-0.07780241,
2051,2765.1649692058563,-0.13054955,
2052,2766.481113910675,-0.23730563,
2053,2767.8055374622345,-0.16522351,
2054,2769.1362063884735,-0.024307117,
2055,2770.4616074562073,-0.59959567,
2056,2771.7786848545074,-0.9300436,
2057,2773.099529027939,-0.0068771937,
2058,2774.4109535217285,-0.13349241,
2059,2775.728621006012,-0.18037972,
2060,2777.059576034546,-0.23924921,
2061,2778.3934338092804,-0.36318436,
2062,2779.7183406352997,-0.09123387,
2063,2781.033863544464,-0.054231633,
2064,2782.3467025756836,-0.2908504,
2065,2783.6719901561737,-0.11146242,
2066,2784.997892856598,-0.009429112,
2067,2786.307787656784,-0.2161673,
2068,2787.6184315681458,-0.17603864,
2069,2788.9387135505676,-0.008241453,
2070,2790.2559933662415,-0.2828128,
2071,2791.575935125351,-0.1311816,
2072,2792.9051337242126,-0.107046455,
2073,2794.232586622238,-0.27755135,
2074,2795.57416844368,-0.07950693,
2075,2796.899003982544,-0.05354305,
2076,2798.217189311981,-0.11538933,
2077,2799.56897854805,-0.23440507,
2078,2800.898975133896,-0.06775786,
2079,2802.219999551773,-0.08003456,
2080,2803.5456459522247,-0.0072695683,
2081,2804.874596595764,-0.25563243,
2082,2806.2053015232086,-0.013100293,
2083,2807.529275417328,-1.2363515,
2084,2808.856461763382,-0.0,
2085,2810.179733991623,-0.12458283,
2086,2811.536463022232,-0.17745279,
2087,2812.8996047973633,-0.051002294,
2088,2814.2220208644867,-0.067155704,
2089,2815.5505163669586,-0.028221212,
2090,2816.871799468994,-0.1357033,
2091,2818.186728477478,-0.2523231,
2092,2819.5134348869324,-0.0005731204,
2093,2820.8405084609985,-0.27666456,
2094,2822.157768726349,-0.0,
2095,2823.481383085251,-0.015820092,
2096,2824.8035786151886,-0.019720111,
2097,2826.141508102417,-0.08346158,
2098,2827.4603633880615,-0.94994706,
2099,2828.781793832779,-0.2551101,
2100,2831.2808740139008,-0.1714688,
2101,2832.610990524292,-0.21761958,
2102,2833.939688682556,-0.31117502,
2103,2835.2765934467316,-0.061304398,
2104,2836.6091763973236,-0.040212642,
2105,2837.9459455013275,-0.13168815,
2106,2839.28653383255,-0.042832974,
2107,2840.6283049583435,-0.24720424,
2108,2841.9617183208466,-0.40223086,
2109,2843.290143251419,-0.01623497,
2110,2844.6131641864777,-0.23551497,
2111,2845.9365344047546,-0.25839913,
2112,2847.259331703186,-0.2673482,
2113,2848.587329149246,-0.20694776,
2114,2849.9562981128693,-2.129721,
2115,2851.293938398361,-0.042984076,
2116,2852.6238465309143,-0.20942916,
2117,2853.9472720623016,-0.012150598,
2118,2855.280420780182,-0.0059690443,
2119,2856.6319139003754,-0.032969963,
2120,2857.9603304862976,-0.13234946,
2121,2859.2932467460632,-0.006613592,
2122,2860.637152671814,-0.24477941,
2123,2861.9613234996796,-0.088105746,
2124,2863.2816042900085,-0.065319136,
2125,2864.6084566116333,-0.47787172,
2126,2865.9339661598206,-0.9693397,
2127,2867.2586736679077,-0.23366247,
2128,2868.5798835754395,-0.16921702,
2129,2869.909190416336,-0.073501304,
2130,2871.2463777065277,-1.4191578e-10,
2131,2872.5955147743225,-0.22151525,
2132,2873.9135417938232,-0.11444609,
2133,2875.245539188385,-0.06005034,
2134,2876.5610785484314,-0.10472669,
2135,2877.890193939209,-0.010241205,
2136,2879.2079226970673,-0.17661056,
2137,2880.526399374008,-1.0567142,
2138,2881.8426134586334,-0.17717035,
2139,2883.1694617271423,-1.8882288,
2140,2884.4885547161102,-0.1341957,
2141,2885.807323217392,-0.10626726,
2142,2887.1453771591187,-0.08504473,
2143,2888.4816625118256,-0.073969826,
2144,2889.7994570732117,-0.11411215,
2145,2891.1169447898865,-0.03862699,
2146,2892.4464054107666,-0.15750843,
2147,2893.792083501816,-0.37522358,
2148,2895.1198930740356,-0.47314358,
2149,2896.4612748622894,-0.05580242,
2150,2897.798839569092,-0.086482994,
2151,2899.138921022415,-0.07383383,
2152,2900.4703919887543,-0.1639551,
2153,2901.8173265457153,-0.08197184,
2154,2903.1533510684967,-1.0655403,
2155,2904.4975666999817,-1.1139851,
2156,2905.819546699524,-0.42946133,
2157,2907.1471009254456,-0.056079544,
2158,2908.4919669628143,-1.0678543,
2159,2909.823808193207,-0.040244076,
2160,2911.1416869163513,-0.09689305,
2161,2912.4742448329926,-0.23485875,
2162,2913.8085832595825,-0.024233576,
2163,2915.160579442978,-0.2770091,
2164,2916.4909722805023,-0.22220352,
2165,2917.8287723064423,-0.0,
2166,2919.1700332164764,-0.060492747,
2167,2920.512903690338,-0.1744586,
2168,2921.859891653061,-0.22347736,
2169,2923.1743433475494,-0.027843364,
2170,2924.504473209381,-0.33968887,
2171,2925.8539299964905,-0.10957037,
2172,2927.21293759346,-0.41820773,
2173,2928.548198699951,-0.19699468,
2174,2929.946340560913,-0.10254518,
2175,2931.2792162895203,-0.17626527,
2176,2932.6133091449738,-0.056533415,
2177,2933.9459290504456,-0.11169401,
2178,2935.273080587387,-0.26381856,
2179,2936.613094329834,-0.074825756,
2180,2937.9484493732452,-0.2457223,
2181,2939.2752826213837,-3.2888365,
2182,2940.62850522995,-0.16955599,
2183,2941.9572665691376,-0.05364683,
2184,2943.276797771454,-0.031919103,
2185,2944.6484966278076,-0.03919668,
2186,2945.9880998134613,-0.35749358,
2187,2947.3361949920654,-0.12219627,
2188,2948.6771013736725,-0.19548969,
2189,2950.024735689163,-0.021964386,
2190,2951.363910675049,-2.7852637e-11,
2191,2952.712902545929,-0.14937481,
2192,2954.058660030365,-0.18310022,
2193,2955.4061925411224,-0.15449333,
2194,2956.7505712509155,-0.68728244,
2195,2958.0916509628296,-0.017309442,
2196,2959.4325358867645,-0.31750876,
2197,2960.7777376174927,-0.49218193,
2198,2962.1199157238007,-0.17188464,
2199,2963.462627887726,-0.13386242,
2200,2966.0333592891693,-0.41352227,
2201,2967.3589861392975,-0.2827281,
2202,2968.6891305446625,-0.15050976,
2203,2970.0264418125153,-0.20696804,
2204,2971.367173910141,-0.23933116,
2205,2972.706384897232,-0.1539702,
2206,2974.0385065078735,-0.21836016,
2207,2975.3732812404633,-0.20967814,
2208,2976.7024846076965,-0.04984225,
2209,2978.0460426807404,-0.46455678,
2210,2979.368150949478,-0.63606745,
2211,2980.7138755321503,-0.23951764,
2212,2982.045980453491,-0.15940647,
2213,2983.389650583267,-0.225797,
2214,2984.7287678718567,-0.12571919,
2215,2986.0676243305206,-0.064504564,
2216,2986.820477247238,-0.23881307,
2217,2988.6146688461304,-0.17082015,
2218,2989.926826477051,-0.020336824,
2219,2991.253113746643,-0.09616389,
2220,2992.5942990779877,-0.06063038,
2221,2993.919189453125,-0.14866948,
2222,2995.246671438217,-0.058287553,
2223,2996.5953142642975,-0.18358329,
2224,2997.961235523224,-0.57520676,
2225,2999.336981534958,-0.15644374,
2226,3000.6769347190857,-0.017990038,
2227,3002.0110280513763,-0.005552921,
2228,3003.3341240882874,-0.015340507,
2229,3004.651191473007,-0.34929866,
2230,3005.967804670334,-0.13107263,
2231,3007.287595272064,-0.065478034,
2232,3008.6098234653473,-0.049508486,
2233,3009.9419581890106,-0.07220687,
2234,3011.2691729068756,-0.045403622,
2235,3012.60187125206,-0.11698151,
2236,3013.9243335723877,-0.045251742,
2237,3015.2490985393524,-0.06910713,
2238,3016.582343816757,-0.06407851,
2239,3017.9178290367126,-0.59076905,
2240,3019.2522983551025,-0.20839208,
2241,3020.585051059723,-0.02620219,
2242,3021.903677225113,-0.16831449,
2243,3023.2332310676575,-0.44967967,
2244,3024.5586137771606,-0.10181709,
2245,3025.8842232227325,-0.038360797,
2246,3027.2069792747498,-0.13226941,
2247,3028.552005290985,-0.106617235,
2248,3029.8745188713074,-0.008628718,
2249,3031.2085523605347,-0.13206267,
2250,3032.547344684601,-0.3678425,
2251,3033.874035358429,-0.14436823,
2252,3035.19424533844,-0.5226393,
2253,3036.5128087997437,-0.06865689,
2254,3037.8392946720123,-0.10322154,
2255,3039.1758420467377,-0.07934638,
2256,3040.494353055954,-0.0,
2257,3041.8194637298584,-0.1338884,
2258,3043.1526725292206,-0.12005147,
2259,3044.48805809021,-0.103664786,
2260,3045.816366672516,-0.34000385,
2261,3047.166095495224,-0.016084744,
2262,3048.4928765296936,-0.24099912,
2263,3049.816075325012,-0.87404585,
2264,3051.1332862377167,-0.045866635,
2265,3052.454141139984,-0.11731639,
2266,3053.7771184444427,-0.2939567,
2267,3055.0972895622253,-0.117704846,
2268,3056.41965174675,-0.1726284,
2269,3057.7470071315765,-4.1020754e-05,
2270,3059.0695717334747,-0.12261636,
2271,3060.3871896266937,-0.031828202,
2272,3061.706136226654,-0.20307204,
2273,3063.0266258716583,-3.58305,
2274,3064.3668508529663,-2.1926594,
2275,3065.7012917995453,-0.32986587,
2276,3067.029139995575,-0.07447516,
2277,3068.3570239543915,-0.4047554,
2278,3069.6971509456635,-0.07557206,
2279,3071.029125928879,-0.0738266,
2280,3072.3553574085236,-0.5745659,
2281,3073.6991271972656,-0.22531097,
2282,3075.0344066619873,-0.07348032,
2283,3076.3612649440765,-0.06810859,
2284,3077.6853425502777,-0.027169824,
2285,3079.007784843445,-0.1897873,
2286,3080.349385499954,-0.7064831,
2287,3081.696223974228,-0.632089,
2288,3083.0177052021027,-0.24330783,
2289,3084.344267845154,-0.15746145,
2290,3085.676279067993,-0.5620263,
2291,3087.024160385132,-1.1091393,
2292,3088.363864183426,-0.2600257,
2293,3089.6907494068146,-0.2150708,
2294,3091.0436582565308,-0.061759904,
2295,3092.3693821430206,-0.2663651,
2296,3093.6849608421326,-0.023835162,
2297,3095.0121562480927,-0.24546054,
2298,3096.3460960388184,-0.0927244,
2299,3097.665023326874,-0.97460926,
2300,3100.220323085785,-0.15071747,
2301,3101.551747560501,-0.31335554,
2302,3102.870919942856,-0.07399648,
2303,3104.188089609146,-0.13978645,
2304,3105.5088136196136,-0.394709,
2305,3106.8459606170654,-0.2609995,
2306,3108.1675486564636,-0.062035356,
2307,3109.4901847839355,-0.11920054,
2308,3110.820778131485,-0.23615028,
2309,3112.1532278060913,-0.03713114,
2310,3113.4727144241333,-0.21058679,
2311,3114.7943756580353,-0.19954166,
2312,3116.143017053604,-0.057489626,
2313,3117.4751541614532,-0.04789695,
2314,3118.8128683567047,-0.02175164,
2315,3120.1465179920197,-0.052923445,
2316,3121.477210998535,-0.20819518,
2317,3122.8039667606354,-0.5678662,
2318,3124.126737356186,-0.05970791,
2319,3125.480898141861,-0.7976923,
2320,3126.8713793754578,-0.037439525,
2321,3128.2151918411255,-0.109302536,
2322,3129.546776533127,-0.055664096,
2323,3130.898282766342,-0.19402358,
2324,3132.265277862549,-0.05820474,
2325,3133.6090161800385,-0.16875969,
2326,3134.932857990265,-0.3448473,
2327,3136.264244556427,-0.2648036,
2328,3137.6168336868286,-0.017950589,
2329,3138.9679033756256,-0.25192156,
2330,3140.306896209717,-8.141177e-06,
2331,3141.658898115158,-0.018234842,
2332,3142.9809563159943,-0.023153104,
2333,3144.3091423511505,-1.2994667,
2334,3145.643547296524,-0.092593595,
2335,3146.962306022644,-0.42907014,
2336,3148.306174993515,-0.17556855,
2337,3149.6408042907715,-0.5252739,
2338,3150.9683034420013,-0.1669859,
2339,3152.2973697185516,-0.0,
2340,3153.620505094528,-0.2744983,
2341,3154.9403162002563,-0.06011065,
2342,3156.2675173282623,-0.105052404,
2343,3157.582453727722,-0.131444,
2344,3158.906835079193,-0.12492753,
2345,3160.2253618240356,-0.13388634,
2346,3161.547788619995,-1.2197199,
2347,3162.8718750476837,-1.7326342,
2348,3164.2143630981445,-0.10713693,
2349,3165.538012981415,-0.029573966,
2350,3166.867311000824,-0.029454183,
2351,3168.1798832416534,-0.50224787,
2352,3169.512231826782,-0.036988966,
2353,3170.8431870937347,-0.5135716,
2354,3172.167447090149,-0.19117999,
2355,3173.49285531044,-0.10311064,
2356,3174.8356461524963,-0.13806951,
2357,3176.1709535121918,-0.035269823,
2358,3177.5174157619476,-0.36783168,
2359,3178.8523511886597,-0.1764903,
2360,3180.2244412899017,-0.03784028,
2361,3181.5521397590637,-0.117069125,
2362,3182.8865032196045,-0.10905661,
2363,3184.218658208847,-0.037696995,
2364,3185.5633935928345,-0.22294043,
2365,3186.908933401108,-0.04641756,
2366,3188.2716205120087,-0.30654067,
2367,3189.6147031784058,-0.31483048,
2368,3190.948148727417,-0.02855137,
2369,3192.281502008438,-0.5717318,
2370,3193.603294610977,-0.13027325,
2371,3194.928138256073,-0.0,
2372,3196.258527994156,-0.09037658,
2373,3197.590609073639,-0.005882092,
2374,3198.9208652973175,-0.3006,
2375,3200.2508997917175,-0.23444444,
2376,3201.6008718013763,-0.39596322,
2377,3202.9505648612976,-0.011374705,
2378,3204.2913603782654,-0.2710421,
2379,3205.6294841766357,-0.03003589,
2380,3206.9839820861816,-0.20957875,
2381,3208.3312752246857,-0.09344099,
2382,3209.6929070949554,-0.19569391,
2383,3211.042052745819,-0.000102516206,
2384,3212.388875722885,-0.04617802,
2385,3213.725026369095,-0.0026265676,
2386,3215.0648531913757,-0.16907167,
2387,3216.3843681812286,-0.041485373,
2388,3217.7252309322357,-0.09100178,
2389,3219.0649542808533,-0.037618198,
2390,3220.41854929924,-0.15504341,
2391,3221.78115439415,-0.1355223,
2392,3223.1251363754272,-0.013416515,
2393,3224.457636117935,-1.2197838,
2394,3225.767147064209,-0.17415693,
2395,3227.081771850586,-0.4529469,
2396,3228.4035320281982,-0.10891758,
2397,3229.7158188819885,-0.1841247,
2398,3231.0687618255615,-0.61709464,
2399,3232.388934612274,-0.36248958,
2400,3234.9145436286926,-0.15358205,
2401,3236.2460656166077,-0.118300006,
2402,3237.5860328674316,-0.10132313,
2403,3238.917792081833,-0.08674539,
2404,3240.2439725399017,-0.1348375,
2405,3241.5618691444397,-0.11682435,
2406,3242.8920996189117,-0.37053293,
2407,3244.2323224544525,-0.06425776,
2408,3245.568701505661,-0.41586062,
2409,3246.894556760788,-0.4165404,
2410,3248.2161962985992,-0.100019425,
2411,3249.5354557037354,-2.3724697,
2412,3250.853349685669,-2.0878162,
2413,3252.1747765541077,-0.28274798,
2414,3253.494337797165,-0.17506078,
2415,3254.832248210907,-0.004176089,
2416,3256.1611602306366,-0.49226636,
2417,3257.481796979904,-0.13527642,
2418,3258.8054082393646,-0.0410833,
2419,3260.131278991699,-0.08134708,
2420,3261.460482597351,-0.024152664,
2421,3262.789430141449,-0.38963747,
2422,3264.101356983185,-0.015855828,
2423,3265.425363779068,-0.2188851,
2424,3266.79141664505,-0.53042483,
2425,3268.160718202591,-0.36327344,
2426,3269.516328573227,-0.09362219,
2427,3270.9233651161194,-0.3942453,
2428,3272.320877790451,-0.066035956,
2429,3273.664821624756,-0.19955105,
2430,3275.0157618522644,-0.06741757,
2431,3276.353690624237,-0.042858224,
2432,3277.6971938610077,-0.08345454,
2433,3279.017382144928,-0.00051875215,
2434,3280.3491678237915,-0.1437034,
2435,3281.673713207245,-0.013809184,
2436,3282.9962208271027,-0.17115481,
2437,3284.3139526844025,-0.4289246,
2438,3285.637886285782,-0.55075663,
2439,3286.967296600342,-0.22363403,
2440,3288.2912282943726,-0.0,
2441,3289.611596107483,-0.041334152,
2442,3290.9228014945984,-0.21092752,
2443,3292.241110086441,-0.18003878,
2444,3293.574104309082,-0.09398402,
2445,3294.8909544944763,-0.20980966,
2446,3296.2017283439636,-0.30686346,
2447,3297.5261611938477,-0.5150486,
2448,3298.8539962768555,-0.11617288,
2449,3300.174707174301,-0.26738933,
2450,3301.49027633667,-0.07037668,
2451,3302.8262746334076,-0.32611483,
2452,3304.146252155304,-0.0061181285,
2453,3305.461205482483,-0.17732218,
2454,3306.783484697342,-0.109798335,
2455,3308.113780736923,-0.24219647,
2456,3309.456167936325,-0.3912813,
2457,3310.782424211502,-0.3022045,
2458,3312.104804754257,-0.102612555,
2459,3313.4256110191345,-0.08348863,
2460,3314.7538628578186,-0.09000104,
2461,3316.063524246216,-0.03358941,
2462,3317.3943264484406,-0.43004036,
2463,3318.7174887657166,-1.0895953,
2464,3320.0504701137543,-0.051504266,
2465,3321.3692746162415,-0.37584192,
2466,3322.6778514385223,-0.12641066,
2467,3323.994966030121,-0.13289201,
2468,3325.3646097183228,-0.016911598,
2469,3326.717180967331,-0.06752654,
2470,3328.0805304050446,-0.3316967,
2471,3329.482417821884,-0.28616926,
2472,3330.8631072044373,-0.1309692,
2473,3332.217411518097,-0.1620352,
2474,3333.56782412529,-0.12500483,
2475,3334.889075756073,-0.11134946,
2476,3336.235064268112,-0.35686067,
2477,3337.582070827484,-0.087368056,
2478,3338.9275918006897,-0.2488817,
2479,3340.2592244148254,-0.13428421,
2480,3341.5841414928436,-0.1695907,
2481,3342.908862352371,-0.21280491,
2482,3344.2412009239197,-0.37637135,
2483,3345.5596916675568,-0.11456591,
2484,3346.8900339603424,-0.08150535,
2485,3348.208226442337,-2.0292892,
2486,3349.5303642749786,-0.061330378,
2487,3350.8447816371918,-0.036333825,
2488,3352.1664628982544,-0.8976929,
2489,3353.4783413410187,-1.395635,
2490,3354.7951333522797,-0.14640272,
2491,3356.155887365341,-0.0403644,
2492,3357.485151529312,-0.019934487,
2493,3358.815582036972,-0.29522952,
2494,3360.1544585227966,-0.016780568,
2495,3361.478360414505,-0.055603426,
2496,3362.8076934814453,-0.13851067,
2497,3364.1295063495636,-0.6514547,
2498,3365.4532425403595,-1.5650643,
2499,3366.7868659496307,-0.029414305,
2500,3369.271026611328,-0.37390953,
2501,3370.63258600235,-0.15576515,
2502,3371.9751579761505,-0.09907466,
2503,3373.296858072281,-0.013498096,
2504,3374.6443572044373,-0.15262315,
2505,3376.0155639648438,-0.04148353,
2506,3377.3426990509033,-0.12565249,
2507,3378.6696088314056,-0.0652943,
2508,3380.0031740665436,-0.023997743,
2509,3381.3326716423035,-0.077445954,
2510,3382.659986257553,-0.016732661,
2511,3384.0007371902466,-0.535548,
2512,3385.3322310447693,-0.22232628,
2513,3386.6672513484955,-0.050570183,
2514,3388.004316806793,-0.18357241,
2515,3389.337805747986,-1.1818877e-08,
2516,3390.6705780029297,-0.15262298,
2517,3391.999917984009,-0.047792993,
2518,3393.359040260315,-0.32775936,
2519,3394.716537952423,-0.49314046,
2520,3396.104391813278,-0.08362841,
2521,3397.439256668091,-0.33371955,
2522,3398.7779688835144,-2.7604048,
2523,3400.1371109485626,-0.18655919,
2524,3401.470349550247,-9.50786e-06,
2525,3402.7989943027496,-0.03193379,
2526,3404.1348237991333,-0.11481047,
2527,3405.4797236919403,-0.08991905,
2528,3406.8105692863464,-0.11620184,
2529,3408.1450250148773,-0.03100997,
2530,3409.4750468730927,-0.0632585,
2531,3410.812703371048,-0.106047004,
2532,3412.139400959015,-0.15409115,
2533,3413.499436855316,-0.06455258,
2534,3414.8298444747925,-0.049069606,
2535,3416.180980682373,-1.0385144,
2536,3417.5149738788605,-0.14280096,
2537,3418.8571848869324,-0.1143534,
2538,3420.1889674663544,-0.45165727,
2539,3421.517881155014,-0.070067436,
2540,3422.8494033813477,-0.081719875,
2541,3424.177488565445,-0.0069191447,
2542,3425.5052139759064,-0.002469361,
2543,3426.84220123291,-0.2617003,
2544,3428.1823031902313,-0.09163094,
2545,3429.518530845642,-3.6557012,
2546,3430.8409039974213,-1.1832439,
2547,3432.177483320236,-0.44468558,
2548,3433.523910045624,-0.05064392,
2549,3434.8916339874268,-5.142279,
2550,3436.222933769226,-0.3658362,
2551,3437.549507379532,-0.4587946,
2552,3438.879832983017,-0.21698806,
2553,3440.2169222831726,-0.60463333,
2554,3441.56822347641,-0.112197116,
2555,3442.9022488594055,-0.34799886,
2556,3444.234100341797,-0.09450928,
2557,3445.561630010605,-0.6177384,
2558,3446.8771884441376,-0.24176583,
2559,3448.1989874839783,-0.011159418,
2560,3449.5342922210693,-0.11205341,
2561,3450.8594205379486,-0.0,
2562,3452.1840386390686,-0.14317007,
2563,3453.5109734535217,-0.10109539,
2564,3454.828766345978,-4.180411,
2565,3456.155576467514,-0.6239423,
2566,3457.4845209121704,-0.0813525,
2567,3458.8168427944183,-0.019208405,
2568,3460.1548533439636,-0.06473663,
2569,3461.485926389694,-0.8803736,
2570,3462.8301453590393,-0.06520403,
2571,3464.210237264633,-0.10632438,
2572,3465.5567247867584,-0.051400974,
2573,3466.880162715912,-0.33587462,
2574,3468.2104082107544,-0.05055663,
2575,3469.5398848056793,-0.23832893,
2576,3470.8582944869995,-0.7391264,
2577,3472.1925344467163,-0.07242839,
2578,3473.5248765945435,-0.026584128,
2579,3474.8565695285797,-0.5703838,
2580,3476.182296037674,-1.7164648,
2581,3477.504969596863,-0.17901853,
2582,3478.8431849479675,-0.25584224,
2583,3480.16970038414,-0.33489954,
2584,3481.492015361786,-0.028004408,
2585,3482.8251626491547,-0.109046265,
2586,3484.155595302582,-3.0286865,
2587,3485.486585855484,-0.1449093,
2588,3486.812541246414,-0.13320425,
2589,3488.1668043136597,-0.03632672,
2590,3489.4870131015778,-0.3529755,
2591,3490.8095746040344,-0.24847808,
2592,3492.132264614105,-0.13547674,
2593,3493.450255870819,-0.24287328,
2594,3494.7766938209534,-0.26183084,
2595,3496.0994052886963,-0.22417392,
2596,3497.4199135303497,-0.1976301,
2597,3498.753186225891,-0.043723125,
2598,3500.085075378418,-0.06611037,
2599,3501.4143571853638,-0.10995298,
2600,3503.8694858551025,-0.045185927,
2601,3505.200434923172,-0.33722192,
2602,3506.518481016159,-0.23931457,
2603,3507.851394891739,-0.18642065,
2604,3509.187497138977,-0.0006741659,
2605,3510.512193918228,-0.20825519,
2606,3511.8316366672516,-0.019267865,
2607,3513.1578447818756,-0.073203154,
2608,3514.478008031845,-0.08516722,
2609,3515.809259414673,-0.28024447,
2610,3517.1332240104675,-0.10552125,
2611,3518.4658262729645,-0.021238232,
2612,3519.792671442032,-0.5028416,
2613,3521.1386070251465,-0.08527971,
2614,3522.4643878936768,-0.4553597,
2615,3523.8409082889557,-1.7097528,
2616,3525.183130502701,-0.06992166,
2617,3526.508238554001,-0.4190556,
2618,3527.8288276195526,-0.082105726,
2619,3529.1533670425415,-0.31012973,
2620,3530.4781618118286,-0.47712767,
2621,3531.8181433677673,-0.15148288,
2622,3533.13969373703,-0.07441445,
2623,3534.4637293815613,-0.13660511,
2624,3535.786882162094,-0.43714544,
2625,3537.1210305690765,-0.14679599,
2626,3538.4581170082092,-0.36902434,
2627,3539.7920014858246,-0.23079944,
2628,3541.123785972595,-0.12221578,
2629,3542.476666688919,-0.05072318,
2630,3543.838730573654,-0.25064635,
2631,3545.162449359894,-0.0,
2632,3546.5014588832855,-0.5610833,
2633,3547.830933570862,-0.007393281,
2634,3549.1455950737,-0.20970793,
2635,3550.4965364933014,-0.10171761,
2636,3551.827991962433,-0.23443034,
2637,3553.166900873184,-0.27237684,
2638,3554.487516641617,-0.03241856,
2639,3555.81094622612,-0.56347835,
2640,3557.1375229358673,-0.16415308,
2641,3558.4588050842285,-0.07998812,
2642,3559.7864108085632,-0.024535563,
2643,3561.1071088314056,-0.922413,
2644,3562.4430136680603,-0.32541424,
2645,3563.7744448184967,-0.16414578,
2646,3565.1013083457947,-0.14529836,
2647,3566.447844028473,-0.07518305,
2648,3567.826473236084,-0.2645567,
2649,3569.1751222610474,-0.1938356,
2650,3570.4864308834076,-0.022678109,
2651,3571.8238401412964,-0.06547949,
2652,3573.1391332149506,-0.5032176,
2653,3574.450763940811,-0.067250036,
2654,3575.784512281418,-0.24932064,
2655,3577.1398496627808,-0.064235605,
2656,3578.518391609192,-0.0069580227,
2657,3579.882954120636,-0.15894808,
2658,3581.228089570999,-0.40728635,
2659,3582.570026397705,-0.23537524,
2660,3583.918606042862,-0.5447109,
2661,3585.269995212555,-0.47101936,
2662,3586.6021983623505,-0.092019156,
2663,3587.9576892852783,-0.08970111,
2664,3589.3081905841827,-0.048945997,
2665,3590.6572530269623,-0.244894,
2666,3591.985618829727,-0.19044347,
2667,3593.310792207718,-0.16137302,
2668,3594.6396107673645,-0.40122247,
2669,3595.9793088436127,-0.15849315,
2670,3597.3130865097046,-0.054657705,
2671,3598.646062850952,-0.04552811,
2672,3599.9740393161774,-0.092234805,
2673,3601.3083066940308,-0.1728212,
2674,3602.6510062217712,-0.088461906,
2675,3603.977114915848,-0.42296052,
2676,3605.3031108379364,-1.1462421e-09,
2677,3606.627408504486,-0.71574885,
2678,3607.966269493103,-0.13609162,
2679,3609.2905271053314,-0.2242782,
2680,3610.6319670677185,-0.41541225,
2681,3611.9998524188995,-7.764366e-06,
2682,3613.342796564102,-0.87099075,
2683,3614.686179637909,-0.12238029,
2684,3616.016247987747,-0.54251564,
2685,3617.348844766617,-0.14795405,
2686,3618.682891845703,-0.15974589,
2687,3620.014271259308,-0.2789158,
2688,3621.3349282741547,-0.025542706,
2689,3622.6724812984467,-0.07132618,
2690,3623.9990224838257,-0.06160167,
2691,3625.3258469104767,-0.11375696,
2692,3626.6491026878357,-0.25194275,
2693,3627.9793889522552,-0.22540393,
2694,3629.2938842773438,-0.2792415,
2695,3630.64262342453,-0.003155112,
2696,3631.9691417217255,-0.15741828,
2697,3633.298928976059,-0.13622673,
2698,3634.624873161316,-0.009442751,
2699,3635.942879676819,-0.0057722325,
2700,3638.4250178337097,-0.016801352,
2701,3639.746082544327,-0.2798555,
2702,3641.0871019363403,-0.069371074,
2703,3642.408450126648,-0.025525933,
2704,3643.7415952682495,-0.067802936,
2705,3645.074669122696,-6.122656e-07,
2706,3646.408443927765,-0.016336324,
2707,3647.7295396327972,-0.06072663,
2708,3649.055365085602,-0.015401395,
2709,3650.3894872665405,-0.0009094473,
2710,3651.7088527679443,-0.053303543,
2711,3653.0412163734436,-0.004604538,
2712,3654.371038913727,-0.22412792,
2713,3655.709264755249,-0.22002655,
2714,3657.033618450165,-0.11046204,
2715,3658.363603591919,-0.28814766,
2716,3659.687967777252,-10.287161,
2717,3661.0213787555695,-0.10893097,
2718,3662.3633522987366,-0.20619532,
2719,3663.6893906593323,-0.0131496955,
2720,3665.013400554657,-0.12720281,
2721,3666.3277430534363,-0.054967158,
2722,3667.6470222473145,-1.1474679,
2723,3668.990662097931,-0.061699037,
2724,3670.316951274872,-0.49647743,
2725,3671.636412858963,-0.17167054,
2726,3672.980705022812,-0.18730468,
2727,3674.2976438999176,-0.23654792,
2728,3675.6215913295746,-0.17249937,
2729,3676.962432384491,-0.19297625,
2730,3678.2988924980164,-0.08352214,
2731,3679.6319603919983,-0.41992164,
2732,3680.971135377884,-0.090599746,
2733,3682.295734167099,-1.1688241,
2734,3683.623948097229,-0.2532541,
2735,3684.937718153,-0.70444524,
2736,3686.2763743400574,-0.19166476,
2737,3687.591462135315,-0.10049477,
2738,3688.9130470752716,-0.28002355,
2739,3690.241677045822,-0.14752235,
2740,3691.558536052704,-0.26075524,
2741,3692.882077693939,-1.1309009,
2742,3694.215482234955,-0.0985167,
2743,3695.548266649246,-0.5039749,
2744,3696.8795387744904,-0.49096286,
2745,3698.1970224380493,-0.15825517,
2746,3699.5416598320007,-0.051622376,
2747,3700.8661875724792,-0.10791765,
2748,3702.1846253871918,-1.4699173,
2749,3703.5041964054108,-0.2581585,
2750,3704.8295702934265,-0.0788514,
2751,3706.170782804489,-0.010263793,
2752,3707.4994792938232,-0.16843753,
2753,3708.8283593654633,-0.27243668,
2754,3710.15101647377,-0.15625043,
2755,3711.482717514038,-0.068312995,
2756,3712.8260581493378,-0.32399076,
2757,3714.1934468746185,-0.031074846,
2758,3715.556561946869,-0.5280116,
2759,3716.9184880256653,-0.07723498,
2760,3718.2277207374573,-0.051486365,
2761,3719.5766739845276,-0.28986415,
2762,3720.913738012314,-0.19265534,
2763,3722.2433166503906,-0.12735292,
2764,3723.5520856380463,-1.3714312,
2765,3724.8717126846313,-0.2683223,
2766,3726.1831271648407,-0.3409845,
2767,3727.515648841858,-1.7718805,
2768,3728.8354778289795,-0.13444066,
2769,3730.1929326057434,-0.009969372,
2770,3731.53529548645,-0.3112175,
2771,3732.8609216213226,-0.039270386,
2772,3734.1789722442627,-0.053606123,
2773,3735.523629426956,-0.6215287,
2774,3736.847976922989,-0.6118245,
2775,3738.176001548767,-0.19324113,
2776,3739.4895861148834,-0.32047987,
2777,3740.8162949085236,-0.13676643,
2778,3742.1304607391357,-0.08183156,
2779,3743.4499459266663,-0.040754735,
2780,3744.769526720047,-0.28202766,
2781,3746.0985531806946,-0.12652186,
2782,3747.4319949150085,-0.06490529,
2783,3748.755215406418,-0.08679669,
2784,3750.0831155776978,-0.22393507,
2785,3751.4124748706818,-0.11310805,
2786,3752.743333339691,-0.20901231,
2787,3754.071373462677,-0.074386455,
2788,3755.4043338298798,-0.027652094,
2789,3756.7414240837097,-0.08742802,
2790,3758.071215867996,-0.7442109,
2791,3759.40917468071,-0.05681354,
2792,3760.765820503235,-0.14960949,
2793,3762.091168642044,-0.33559933,
2794,3763.4202308654785,-0.20429859,
2795,3764.7452867031097,-0.14596973,
2796,3766.0966210365295,-0.564454,
2797,3767.440222263336,-0.27831188,
2798,3768.764278650284,-1.4509628,
2799,3770.081181526184,-0.48998162,
2800,3772.91130566597,-0.06856095,
2801,3774.2292642593384,-0.2072466,
2802,3775.555481672287,-0.02221635,
2803,3776.8775918483734,-0.01855817,
2804,3778.2109863758087,-0.062241126,
2805,3779.536167860031,-0.083509974,
2806,3780.879251718521,-0.07520893,
2807,3782.1996750831604,-0.02292092,
2808,3783.5207109451294,-0.07386109,
2809,3784.841263771057,-0.112664826,
2810,3786.1861453056335,-0.08290471,
2811,3787.528428554535,-0.08487284,
2812,3788.859714984894,-4.9374857,
2813,3790.17516541481,-0.6810204,
2814,3791.4938616752625,-0.39481294,
2815,3792.8171303272247,-0.28345972,
2816,3794.1380677223206,-0.12220424,
2817,3795.4599239826202,-0.32724768,
2818,3796.7965030670166,-0.16983402,
2819,3798.1427698135376,-0.068536595,
2820,3799.489513397217,-9.121902e-06,
2821,3800.81933927536,-0.18982531,
2822,3802.1522879600525,-0.1694013,
2823,3803.4880957603455,-0.022061182,
2824,3804.8175835609436,-0.0,
2825,3806.1466579437256,-0.16508043,
2826,3807.4814913272858,-0.70695555,
2827,3808.833855867386,-0.030414842,
2828,3810.1799459457397,-0.0842458,
2829,3811.499307870865,-0.0,
2830,3812.8325350284576,-0.078831315,
2831,3814.194526910782,-0.16020042,
2832,3815.513419866562,-0.34920365,
2833,3816.8338375091553,-0.061544318,
2834,3818.1872549057007,-0.0064798607,
2835,3819.5333983898163,-0.46216828,
2836,3820.8606436252594,-0.13902104,
2837,3822.185400724411,-0.039291374,
2838,3823.5308442115784,-0.389764,
2839,3824.87770986557,-0.2489783,
2840,3826.217597961426,-0.21175301,
2841,3827.5473115444183,-0.2891215,
2842,3828.8977134227753,-0.051178873,
2843,3830.236312866211,-0.3610412,
2844,3831.5651693344116,-0.020813571,
2845,3832.911435842514,-0.0065624192,
2846,3834.2641463279724,-0.0,
2847,3835.605600833893,-0.13661784,
2848,3836.9364216327667,-0.08756585,
2849,3838.267845392227,-0.11592372,
2850,3839.6124498844147,-0.20642123,
2851,3840.938972711563,-0.05924172,
2852,3842.256093978882,-0.07555779,
2853,3843.5848042964935,-0.25514138,
2854,3844.9223284721375,-0.30911675,
2855,3846.250743627548,-0.34802884,
2856,3847.579064130783,-0.09859525,
2857,3848.8976776599884,-0.502543,
2858,3850.232522010803,-0.28384635,
2859,3851.567016839981,-0.062043592,
2860,3852.893750190735,-0.057382673,
2861,3854.2160584926605,-0.07397712,
2862,3855.5663166046143,-0.17041454,
2863,3856.909147977829,-0.11069112,
2864,3858.2497613430023,-5.1383307e-11,
2865,3859.593411922455,-0.09344669,
2866,3860.9344778060913,-0.18647882,
2867,3862.268544435501,-0.08849339,
2868,3863.5927126407623,-0.06208798,
2869,3864.914713382721,-0.041654415,
2870,3866.236965417862,-0.20987915,
2871,3867.55699968338,-0.17864531,
2872,3868.8737695217133,-0.008402759,
2873,3870.210227251053,-0.06837524,
2874,3871.530819416046,-0.14635423,
2875,3872.8590359687805,-0.04397806,
2876,3874.1756780147552,-0.105489336,
2877,3875.502074956894,-0.08480686,
2878,3876.846282720566,-0.21890609,
2879,3878.203985929489,-0.10590735,
2880,3879.5440933704376,-0.9840753,
2881,3880.877304792404,-0.06843136,
2882,3882.2044818401337,-0.033776063,
2883,3883.5548532009125,-0.20338073,
2884,3884.8863039016724,-0.6109591,
2885,3886.2424716949463,-0.012514191,
2886,3887.5730311870575,-0.4351253,
2887,3888.911852836609,-0.055389456,
2888,3890.2701642513275,-0.122618526,
2889,3891.657345533371,-0.042401552,
2890,3893.022456884384,-0.27537256,
2891,3894.353068590164,-0.20730488,
2892,3895.681210756302,-0.10120677,
2893,3897.0185673236847,-0.06429489,
2894,3898.3458614349365,-0.21166629,
2895,3899.6649754047394,-1.6166485e-06,
2896,3900.9862768650055,-0.108614385,
2897,3902.304692029953,-0.5045558,
2898,3903.6300542354584,-0.19286074,
2899,3904.9603095054626,-1.6427916e-07,
2900,3907.430800676346,-0.22117952,
2901,3908.757288455963,-0.06415267,
2902,3910.079612493515,-0.38609314,
2903,3911.398568868637,-0.10321494,
2904,3912.7219359874725,-0.16546147,
2905,3914.047753095627,-0.26365718,
2906,3915.395220041275,-0.24974303,
2907,3916.704211950302,-0.05212804,
2908,3918.0309340953827,-0.07091114,
2909,3919.3614370822906,-0.03860755,
2910,3920.7153902053833,-0.10649049,
2911,3922.067297935486,-0.06328727,
2912,3923.4202766418457,-0.04176642,
2913,3924.7718250751495,-0.06674814,
2914,3926.136862754822,-0.12580341,
2915,3927.474993944168,-0.0069475267,
2916,3928.7976813316345,-0.13267463,
2917,3930.122038602829,-0.27649885,
2918,3931.4577491283417,-0.017397277,
2919,3932.7896225452423,-0.2151156,
2920,3934.120859861374,-0.08321115,
2921,3935.438019990921,-0.36752546,
2922,3936.759950876236,-2.0001528,
2923,3938.0980095863342,-0.29168677,
2924,3939.4514269828796,-0.23765728,
2925,3940.77685213089,-0.17347662,
2926,3942.1000435352325,-0.25392032,
2927,3943.425993204117,-0.22899595,
2928,3944.76300740242,-0.30332053,
2929,3946.089898586273,-0.01748224,
2930,3947.41610956192,-1.0881025,
2931,3948.7672328948975,-0.26689935,
2932,3950.087918281555,-0.80827326,
2933,3951.4124863147736,-0.16794904,
2934,3952.731992959976,-0.05337985,
2935,3954.063316822052,-0.023270875,
2936,3955.397379875183,-0.27007765,
2937,3956.7425220012665,-2.576125e-09,
2938,3958.0680015087128,-0.18194681,
2939,3959.3932604789734,-0.2950314,
2940,3960.728585243225,-0.16665661,
2941,3962.0655579566956,-0.117860325,
2942,3963.408416748047,-0.5698048,
2943,3964.7474915981293,-0.033581477,
2944,3966.0569672584534,-0.1292327,
2945,3967.389421224594,-0.20376936,
2946,3968.7231714725494,-0.38165966,
2947,3970.0572633743286,-0.08355018,
2948,3971.376116037369,-1.510557,
2949,3972.7106761932373,-0.13071886,
2950,3974.039930343628,-0.4633698,
2951,3975.380781173706,-0.2776163,
2952,3976.7034301757812,-0.041791387,
2953,3978.0242505073547,-0.19619945,
2954,3979.351986646652,-0.1515922,
2955,3980.6731746196747,-1.0177817,
2956,3981.99804019928,-0.14517288,
2957,3983.325590610504,-0.066057146,
2958,3984.652560710907,-0.4402823,
2959,3985.9791984558105,-0.14792635,
2960,3987.303420305252,-0.0012534095,
2961,3988.6223652362823,-2.6081293,
2962,3989.943941116333,-0.1118707,
2963,3991.2838277816772,-0.007872524,
2964,3992.6191062927246,-0.27881896,
2965,3993.9451682567596,-0.08120841,
2966,3995.267075777054,-0.36091444,
2967,3996.592556476593,-0.060602218,
2968,3997.9151356220245,-0.28462505,
2969,3999.2627987861633,-0.29020464,
2970,4000.58340883255,-0.34892341,
2971,4001.918214082718,-0.19282952,
2972,4003.263162136078,-0.084322736,
2973,4004.5845041275024,-0.034842577,
2974,4005.9193909168243,-0.0068171923,
2975,4007.2556924819946,-0.12496482,
2976,4008.579584121704,-0.1243071,
2977,4009.9021513462067,-0.055045564,
2978,4011.2259290218353,-2.1549692,
2979,4012.541165113449,-0.18577951,
2980,4013.8565726280212,-0.07358496,
2981,4015.1890165805817,-0.08250318,
2982,4016.4983162879944,-0.18925041,
2983,4017.808533668518,-0.0,
2984,4019.120756149292,-0.40228263,
2985,4020.439122915268,-0.07238655,
2986,4021.762528181076,-0.4594853,
2987,4023.087388277054,-0.10468368,
2988,4024.4121627807617,-0.22692339,
2989,4025.7412259578705,-0.19024634,
2990,4027.060882329941,-0.16178156,
2991,4028.3844838142395,-0.1195074,
2992,4029.6990287303925,-0.40326655,
2993,4031.0248777866364,-0.16686092,
2994,4032.3519871234894,-0.08064322,
2995,4033.7101011276245,-0.12162097,
2996,4035.0307807922363,-0.09319366,
2997,4036.3602097034454,-0.2146874,
2998,4037.679723262787,-0.37383685,
2999,4039.013256788254,-0.0061580357,
3000,4041.511083126068,-0.04393651,
3001,4042.844824075699,-0.31568593,
3002,4044.169329881668,-0.430659,
3003,4045.496659755707,-0.15628706,
3004,4046.8333189487457,-0.008574257,
3005,4048.16251373291,-0.0490752,
3006,4049.501218557358,-0.5001501,
3007,4050.8393256664276,-0.023525326,
3008,4052.177144050598,-0.051368378,
3009,4053.517371892929,-0.05064915,
3010,4054.846827030182,-0.069403484,
3011,4056.217291355133,-0.13406734,
3012,4057.5867240428925,-0.08475912,
3013,4058.9349160194397,-0.02988541,
3014,4060.2709622383118,-0.34234667,
3015,4061.610569000244,-0.122180186,
3016,4062.936463832855,-0.05204124,
3017,4064.265302658081,-0.07538867,
3018,4065.609545946121,-0.08579895,
3019,4066.935811519623,-0.108645424,
3020,4068.3023335933685,-0.4178644,
3021,4069.654830932617,-0.06286608,
3022,4070.977258205414,-1.7319914,
3023,4072.315048933029,-0.10585198,
3024,4073.658826112747,-2.7621377,
3025,4074.9989097118378,-0.00055873755,
3026,4076.340270757675,-0.069695815,
3027,4077.677147626877,-0.20160235,
3028,4079.0119240283966,-0.0,
3029,4080.3450055122375,-0.018050445,
3030,4081.685776948929,-0.043900106,
3031,4083.0210428237915,-0.10112048,
3032,4084.3758306503296,-0.14274593,
3033,4085.708717107773,-0.09480961,
3034,4087.051701784134,-0.042129498,
3035,4088.393451690674,-0.19455427,
3036,4089.7335963249207,-0.09636852,
3037,4091.0644266605377,-0.06818132,
3038,4092.3864545822144,-0.13230759,
3039,4093.72124004364,-0.0235148,
3040,4095.050105571747,-0.23584642,
3041,4096.401300668716,-0.0,
3042,4097.738479614258,-0.32900262,
3043,4099.067032337189,-0.12343824,
3044,4100.392260789871,-0.117664635,
3045,4101.721605539322,-0.114553615,
3046,4103.039918899536,-0.29330546,
3047,4104.3661673069,-1.4227372,
3048,4105.7133939266205,-0.13576424,
3049,4107.051396369934,-0.53677195,
3050,4108.384763479233,-0.0802837,
3051,4109.74156999588,-7.6889143,
3052,4111.1380660533905,-0.223144,
3053,4112.6237161159515,-0.60301983,
3054,4114.013184070587,-0.12238696,
3055,4115.4141061306,-1.7344465,
3056,4116.77275967598,-0.22761866,
3057,4118.141108036041,-0.15900433,
3058,4119.505761623383,-0.64098954,
3059,4120.862216472626,-0.15018502,
3060,4122.231444597244,-0.5219352,
3061,4123.5844802856445,-0.17122346,
3062,4124.939289569855,-0.120786265,
3063,4126.278652429581,-6.492707e-08,
3064,4127.641076087952,-0.04213467,
3065,4128.992163658142,-0.1374009,
3066,4130.344509601593,-0.06730116,
3067,4131.691162586212,-2.0433116,
3068,4133.03366112709,-0.045290384,
3069,4134.395184516907,-0.13950874,
3070,4135.754069328308,-0.20665155,
3071,4137.109014034271,-0.0,
3072,4138.460720539093,-0.060952887,
3073,4139.808224439621,-0.93628824,
3074,4141.153703212738,-0.8869187,
3075,4142.488361358643,-0.05856267,
3076,4143.832877397537,-0.08112471,
3077,4145.194117069244,-0.1329447,
3078,4146.538681745529,-0.13056682,
3079,4147.890915393829,-1.7603122,
3080,4149.24391245842,-0.16011243,
3081,4150.613128185272,-0.034846082,
3082,4151.954235315323,-0.48449254,
3083,4153.301292181015,-0.29191858,
3084,4154.662917137146,-0.3097774,
3085,4156.020999908447,-0.0866829,
3086,4157.404882669449,-0.28273347,
3087,4158.769103527069,-0.0021201214,
3088,4160.122568845749,-0.5668687,
3089,4161.4816880226135,-0.3548776,
3090,4162.8221073150635,-0.5192138,
3091,4164.183765888214,-0.07504421,
3092,4165.52143406868,-0.062247746,
3093,4166.867282152176,-0.28471544,
3094,4168.196730852127,-0.45002717,
3095,4169.542281389236,-0.5596907,
3096,4170.91167640686,-0.07871894,
3097,4172.336498260498,-0.6069505,
3098,4173.7403745651245,-0.03896402,
3099,4175.110257148743,-0.40251493,
3100,4177.672214508057,-0.26512316,
3101,4179.010903596878,-0.35298872,
3102,4180.35818696022,-0.024832886,
3103,4181.692933559418,-0.5283145,
3104,4183.035802602768,-0.0988074,
3105,4184.37442278862,-0.39005286,
3106,4185.751382827759,-0.080656186,
3107,4187.098891019821,-0.022591416,
3108,4188.434380531311,-0.09554585,
3109,4189.777135848999,-0.31457007,
3110,4191.125815629959,-0.04412077,
3111,4192.455932378769,-0.069707006,
3112,4193.814378023148,-0.28269717,
3113,4195.1431889534,-0.0,
3114,4196.480697393417,-0.09448578,
3115,4197.824364185333,-0.1774331,
3116,4199.154963731766,-0.1261996,
3117,4200.48476600647,-0.21646748,
3118,4201.8298552036285,-0.02376337,
3119,4203.167488574982,-0.8510668,
3120,4204.517210960388,-0.002345678,
3121,4205.85032749176,-0.06248383,
3122,4207.187437295914,-0.0058116084,
3123,4208.531476020813,-0.08171861,
3124,4209.868778467178,-0.060921974,
3125,4211.202036857605,-0.98344505,
3126,4212.549606800079,-0.19502907,
3127,4213.881906986237,-0.14540644,
3128,4215.243136882782,-0.15796399,
3129,4216.612869262695,-0.028003618,
3130,4218.021983385086,-0.0,
3131,4219.444047927856,-0.0026383311,
3132,4220.814152479172,-0.06003842,
3133,4222.16737818718,-0.07739525,
3134,4223.522970676422,-0.49165177,
3135,4224.873772382736,-0.01560943,
3136,4226.21937251091,-0.16048989,
3137,4227.565962553024,-0.32313707,
3138,4228.917609453201,-0.07410459,
3139,4230.268062114716,-0.09815197,
3140,4231.619007110596,-0.34282324,
3141,4232.972785711288,-0.15210783,
3142,4234.384846687317,-0.15291123,
3143,4235.791169166565,-0.009685967,
3144,4237.1827046871185,-0.055855297,
3145,4238.586340427399,-0.13697758,
3146,4239.96297121048,-0.18943414,
3147,4241.307140111923,-0.14421135,
3148,4242.671475410461,-0.006111198,
3149,4244.025846242905,-0.010315417,
3150,4245.407032966614,-0.17822137,
3151,4246.769141435623,-0.0403799,
3152,4248.125276327133,-0.14771634,
3153,4249.483238935471,-0.1365365,
3154,4250.858553647995,-0.24534479,
3155,4252.206316232681,-0.40734214,
3156,4253.556200742722,-0.053230695,
3157,4254.906251907349,-0.13185139,
3158,4256.273352146149,-0.13498172,
3159,4257.636741876602,-0.1473754,
3160,4258.991282939911,-0.12182756,
3161,4260.361518383026,-0.105148405,
3162,4261.719314813614,-0.4691742,
3163,4263.0867831707,-0.1297919,
3164,4264.448467731476,-0.44379854,
3165,4265.815315961838,-2.7093019e-11,
3166,4267.178760051727,-0.06008161,
3167,4268.554513454437,-0.09939429,
3168,4269.910315036774,-0.061279714,
3169,4271.262074708939,-0.15984192,
3170,4272.618679285049,-0.14408216,
3171,4273.963814020157,-0.07995597,
3172,4275.31330037117,-2.0197353,
3173,4276.658059835434,-0.11489837,
3174,4278.030334472656,-0.11839219,
3175,4279.367762565613,-0.15803555,
3176,4280.713122367859,-0.3860634,
3177,4282.059076309204,-0.10395561,
3178,4283.45535159111,-0.093869805,
3179,4284.807056427002,-0.25529635,
3180,4286.15810751915,-0.1951572,
3181,4287.517874240875,-0.06401923,
3182,4288.862152099609,-0.16001338,
3183,4290.22253537178,-0.023113517,
3184,4291.578656196594,-0.045779645,
3185,4292.93607711792,-0.12904307,
3186,4294.282811164856,-0.031834178,
3187,4295.640014410019,-1.7856618,
3188,4296.987519264221,-0.062308498,
3189,4298.347212314606,-0.14450197,
3190,4299.688994169235,-0.08984493,
3191,4301.028502464294,-0.16732083,
3192,4302.362892866135,-0.0,
3193,4303.707985877991,-0.21412134,
3194,4305.064755439758,-0.13524923,
3195,4306.426953077316,-0.018423844,
3196,4307.775418043137,-3.4845704e-09,
3197,4309.1208782196045,-0.060289547,
3198,4310.470790147781,-2.3345847,
3199,4311.81467294693,-0.57863927,
3200,4314.394522666931,-1.1916705,
3201,4315.74267411232,-0.43723208,
3202,4317.117165088654,-0.38663277,
3203,4318.4551322460175,-0.008573139,
3204,4319.8125920295715,-0.40679508,
3205,4321.166774272919,-0.1346468,
3206,4322.4914762973785,-0.14969832,
3207,4323.823242664337,-0.17977089,
3208,4325.178429365158,-0.21211529,
3209,4326.524233818054,-0.2136127,
3210,4327.86173582077,-0.2024446,
3211,4329.206915140152,-0.2071472,
3212,4330.542158603668,-0.18432814,
3213,4331.89321231842,-0.1318259,
3214,4333.250504732132,-0.12508416,
3215,4334.610528469086,-0.057926312,
3216,4335.950790166855,-0.022122232,
3217,4337.29779624939,-0.07868036,
3218,4338.6399137973785,-0.07138172,
3219,4340.0091433525085,-0.16881791,
3220,4341.352226495743,-1.8912268,
3221,4342.696088790894,-0.74588084,
3222,4344.05851650238,-0.086791545,
3223,4345.439564228058,-0.9779651,
3224,4346.814765691757,-0.039708074,
3225,4348.174603462219,-0.037017938,
3226,4349.535365581512,-0.172235,
3227,4350.898894309998,-0.047019843,
3228,4352.231621980667,-0.5048044,
3229,4353.569302558899,-0.05711775,
3230,4354.907598733902,-0.1444282,
3231,4356.258512973785,-0.17589149,
3232,4357.630419492722,-0.03337261,
3233,4358.9960424900055,-0.100043476,
3234,4360.386820316315,-0.055894025,
3235,4361.747445821762,-0.15019198,
3236,4363.101519823074,-0.83753914,
3237,4364.432613372803,-0.30102843,
3238,4365.808616638184,-0.011367759,
3239,4367.159583568573,-2.6802757,
3240,4368.503538370132,-0.112280965,
3241,4369.860994100571,-0.05287075,
3242,4371.221172809601,-0.01150311,
3243,4372.585522890091,-0.071571745,
3244,4373.957424163818,-0.07121749,
3245,4375.332534074783,-0.11947041,
3246,4376.708232879639,-0.16316469,
3247,4378.09347987175,-0.053909384,
3248,4379.484331846237,-0.045601435,
3249,4380.855880975723,-0.17056243,
3250,4382.23782324791,-2.7153103,
3251,4383.6051869392395,-0.08373047,
3252,4384.984488248825,-0.7972537,
3253,4386.364020109177,-0.15499143,
3254,4387.725953578949,-0.027877841,
3255,4389.0958433151245,-0.04857925,
3256,4390.488013267517,-0.12371996,
3257,4391.877334833145,-0.15962675,
3258,4393.273248434067,-0.15961592,
3259,4394.670120000839,-0.25986695,
3260,4396.040380477905,-0.15628451,
3261,4397.426715135574,-0.34798735,
3262,4398.7974627017975,-0.045731824,
3263,4400.160243988037,-0.029463433,
3264,4401.538359165192,-0.059470266,
3265,4402.938778400421,-0.5756122,
3266,4404.307844877243,-0.42551208,
3267,4405.716014623642,-0.079643935,
3268,4407.085741758347,-0.005706347,
3269,4408.451062917709,-0.08638551,
3270,4409.818054676056,-0.00025337687,
3271,4411.180236577988,-0.09962274,
3272,4412.554186820984,-0.20302004,
3273,4413.948126554489,-0.018483862,
3274,4415.304017543793,-0.073549554,
3275,4416.668338298798,-0.026024466,
3276,4418.056900262833,-0.006900657,
3277,4419.426199674606,-0.1649763,
3278,4420.8088212013245,-0.63332784,
3279,4422.179643154144,-0.06610064,
3280,4423.546510219574,-0.06709621,
3281,4424.918102025986,-0.22541764,
3282,4426.263015031815,-0.055644557,
3283,4427.637713193893,-0.25065562,
3284,4428.997435808182,-0.050776634,
3285,4430.372929573059,-0.12506887,
3286,4431.738550424576,-0.62081605,
3287,4433.1358942985535,-0.1211212,
3288,4434.509485006332,-0.35576957,
3289,4435.866436243057,-0.095970124,
3290,4437.275822162628,-0.18581957,
3291,4438.650166273117,-0.2139043,
3292,4440.033643484116,-0.024363518,
3293,4441.391707658768,-0.060462333,
3294,4442.7668352127075,-0.16035306,
3295,4444.115885734558,-0.0927937,
3296,4445.494115352631,-0.04239603,
3297,4446.87567615509,-0.07467856,
3298,4448.2548542022705,-0.44635558,
3299,4449.680386304855,-0.025998682,
3300,4452.3203728199005,-0.4889111,
3301,4453.687128067017,-0.24354585,
3302,4455.055974960327,-0.12267371,
3303,4456.436914920807,-0.37867147,
3304,4457.889615058899,-0.07193391,
3305,4459.273855209351,-0.064471774,
3306,4460.703743696213,-0.034451164,
3307,4462.13972902298,-0.23800278,
3308,4463.5488176345825,-0.3642103,
3309,4464.974308252335,-0.029939892,
3310,4466.368053674698,-0.1282614,
3311,4467.734489202499,-0.092958726,
3312,4469.112478971481,-3.1494578e-06,
3313,4470.5254509449005,-0.1629273,
3314,4471.9080722332,-0.011500958,
3315,4473.278770208359,-0.084402785,
3316,4474.6521072387695,-0.2276369,
3317,4476.027936220169,-0.45611605,
3318,4477.409976243973,-0.14841926,
3319,4478.770906686783,-0.38712025,
3320,4480.120445966721,-0.054212783,
3321,4481.495046854019,-0.041369483,
3322,4482.885401725769,-0.13391073,
3323,4484.250490903854,-1.9805118,
3324,4485.0293390750885,-0.005034372,
3325,4486.901542186737,-0.035486378,
3326,4488.284236192703,-0.1196437,
3327,4489.6662447452545,-0.1314321,
3328,4491.070248842239,-0.018718138,
3329,4492.464527606964,-0.08777067,
3330,4493.88781952858,-0.109431006,
3331,4495.292132616043,-0.48828408,
3332,4496.744941234589,-0.03579822,
3333,4498.1791360378265,-0.009451134,
3334,4499.577508926392,-0.03642652,
3335,4501.000690460205,-0.19947708,
3336,4502.407441139221,-0.022455843,
3337,4503.839799642563,-0.16627467,
3338,4505.213973999023,-0.29759273,
3339,4506.67941570282,-0.23057757,
3340,4508.167859792709,-0.27679914,
3341,4509.553029298782,-0.08289617,
3342,4510.927721977234,-0.034987062,
3343,4512.322162151337,-0.2230147,
3344,4513.697184085846,-0.13873681,
3345,4515.071645021439,-0.2965709,
3346,4516.46400141716,-0.17785692,
3347,4517.870837926865,-0.10820472,
3348,4519.246386051178,-0.33515626,
3349,4520.599318265915,-0.0,
3350,4521.98500752449,-0.2186391,
3351,4523.408506155014,-0.120824434,
3352,4524.80545592308,-0.060321957,
3353,4526.131097078323,-0.14374651,
3354,4527.463597774506,-0.07869733,
3355,4528.820097923279,-0.08654595,
3356,4530.155049800873,-0.07869091,
3357,4531.487913370132,-0.063961364,
3358,4532.827598333359,-0.12607285,
3359,4534.167303323746,-0.02393568,
3360,4535.504655838013,-0.75184137,
3361,4536.830921888351,-0.035433,
3362,4538.166127920151,-0.0986906,
3363,4539.496916770935,-0.0834413,
3364,4540.8258357048035,-0.2989978,
3365,4542.1496913433075,-0.114617966,
3366,4543.491251468658,-0.11318059,
3367,4544.831308603287,-0.33014464,
3368,4546.154371261597,-0.04297364,
3369,4547.482464790344,-0.08857711,
3370,4548.814364433289,-0.047893357,
3371,4550.13777589798,-0.0,
3372,4551.479744195938,-0.28940952,
3373,4552.806046009064,-1.0237039,
3374,4554.142931699753,-0.0454274,
3375,4555.477427005768,-0.95237726,
3376,4556.804323911667,-0.044686604,
3377,4558.142809867859,-0.20563671,
3378,4559.479897260666,-0.0,
3379,4560.809991598129,-1.6237447,
3380,4562.1441655159,-0.052746654,
3381,4563.468958616257,-0.28494528,
3382,4564.804450511932,-0.20660609,
3383,4566.167224407196,-0.074745096,
3384,4567.543403863907,-0.8252007,
3385,4568.912395000458,-0.03462886,
3386,4570.27436208725,-0.089771315,
3387,4571.610030174255,-0.14002103,
3388,4572.934392690659,-0.077294335,
3389,4574.262857675552,-0.18885411,
3390,4575.610174417496,-0.030315032,
3391,4576.9337112903595,-0.019798733,
3392,4578.265540599823,-0.23329522,
3393,4579.593887805939,-0.16018903,
3394,4580.9454782009125,-0.014941519,
3395,4582.289027929306,-0.06742366,
3396,4583.656749486923,-0.05959517,
3397,4585.020761728287,-0.88153535,
3398,4586.344060182571,-0.17296709,
3399,4587.67381644249,-0.12240602,
3400,4590.335020065308,-0.1864033,
3401,4591.672387838364,-0.11429378,
3402,4592.996752977371,-0.06840169,
3403,4594.341521024704,-0.13420406,
3404,4595.660545825958,-1.2392905,
3405,4596.995048761368,-0.24228945,
3406,4598.317610025406,-0.0393544,
3407,4599.656121015549,-2.5914926e-09,
3408,4600.988365650177,-0.2296507,
3409,4602.315170288086,-0.58541316,
3410,4603.6381623744965,-0.1853012,
3411,4604.973883152008,-0.107821256,
3412,4606.301784753799,-0.28698084,
3413,4607.62917470932,-0.47118098,
3414,4608.94734287262,-0.110214695,
3415,4610.273064374924,-0.01643143,
3416,4611.596365213394,-0.13672984,
3417,4612.925978899002,-0.05346758,
3418,4614.245882511139,-0.528309,
3419,4615.577610254288,-0.064067945,
3420,4616.919026136398,-0.38204458,
3421,4618.245567321777,-0.099682555,
3422,4619.565990924835,-0.10232755,
3423,4620.887741088867,-0.4990011,
3424,4622.220341205597,-0.035223987,
3425,4623.544519662857,-0.376861,
3426,4624.8608231544495,-0.047498494,
3427,4626.196559667587,-0.0,
3428,4627.523882627487,-0.07422533,
3429,4628.857167959213,-0.23998037,
3430,4630.199707508087,-0.08766741,
3431,4631.532837867737,-0.06839229,
3432,4632.890864610672,-0.09133886,
3433,4634.244628429413,-0.04841595,
3434,4635.619179964066,-0.0,
3435,4637.0006465911865,-0.40371585,
3436,4638.372658729553,-0.0040715025,
3437,4639.707266569138,-0.066904284,
3438,4641.039815187454,-0.17859362,
3439,4642.373560190201,-0.066066705,
3440,4643.726124048233,-0.022260137,
3441,4645.065227508545,-0.18246226,
3442,4646.396366119385,-0.17640957,
3443,4647.7427546978,-0.25040054,
3444,4649.093691825867,-0.03433854,
3445,4650.423699617386,-0.03998077,
3446,4651.760531425476,-0.039904583,
3447,4653.091838121414,-0.21795875,
3448,4654.4222157001495,-0.45166445,
3449,4655.751159667969,-0.08902718,
3450,4657.081540584564,-1.1027343,
3451,4658.405930280685,-0.0018462857,
3452,4659.734834194183,-0.34290853,
3453,4661.055569410324,-0.073456,
3454,4662.386931180954,-0.010488117,
3455,4663.722105979919,-1.0803566,
3456,4665.052887439728,-0.04826332,
3457,4666.385354042053,-0.045773823,
3458,4667.714823007584,-0.121483386,
3459,4669.0486097335815,-0.14389798,
3460,4670.402344226837,-0.0345746,
3461,4671.796772956848,-0.07209457,
3462,4673.171849727631,-0.069847554,
3463,4674.50684595108,-0.10810286,
3464,4675.848110675812,-0.43547,
3465,4677.213052749634,-0.16034219,
3466,4678.5553295612335,-0.30258793,
3467,4679.906205415726,-0.0034837455,
3468,4681.22971701622,-0.033374973,
3469,4682.553946018219,-0.22502917,
3470,4683.866262435913,-0.06598375,
3471,4685.193509340286,-0.15159063,
3472,4686.531633853912,-0.043918394,
3473,4687.846559762955,-0.22420391,
3474,4689.1635110378265,-0.23084514,
3475,4690.488087177277,-0.105540864,
3476,4691.812212467194,-0.0,
3477,4693.127725124359,-0.37449965,
3478,4694.444785356522,-0.10281263,
3479,4695.771214008331,-0.4498461,
3480,4697.087495565414,-0.1808573,
3481,4698.40930056572,-0.119821414,
3482,4699.729732990265,-0.007331836,
3483,4701.057730674744,-0.03389545,
3484,4702.387337207794,-0.1441848,
3485,4703.711457252502,-0.0,
3486,4705.046407699585,-0.019071862,
3487,4706.3803498744965,-0.045114074,
3488,4707.7187740802765,-0.046784084,
3489,4709.058723926544,-0.21449073,
3490,4710.396461486816,-0.5469531,
3491,4711.7190573215485,-0.2794527,
3492,4713.042062997818,-0.13576901,
3493,4714.378641843796,-1.5285125,
3494,4715.720019578934,-0.14229071,
3495,4717.042432546616,-0.28547108,
3496,4718.366105079651,-0.1216014,
3497,4719.694846153259,-0.3620554,
3498,4721.015277385712,-0.026484933,
3499,4722.332808017731,-0.035703197,
3500,4724.812921285629,-0.21799278,
3501,4726.139433383942,-0.010887499,
3502,4727.460005283356,-0.46375135,
3503,4728.782021284103,-0.27642187,
3504,4730.099850893021,-0.1240312,
3505,4731.420617103577,-0.35842347,
3506,4732.741603374481,-0.08271958,
3507,4734.058487892151,-0.23943657,
3508,4735.376581430435,-0.06945733,
3509,4736.707138776779,-0.0,
3510,4738.044351100922,-0.19898945,
3511,4739.362029314041,-0.10553443,
3512,4740.68098783493,-0.10220324,
3513,4742.000106573105,-0.6336783,
3514,4743.321804046631,-0.0546817,
3515,4744.649603843689,-0.12714489,
3516,4746.009569168091,-0.5210215,
3517,4747.3405866622925,-0.22239628,
3518,4748.668781280518,-0.11654089,
3519,4749.992753267288,-0.022210626,
3520,4751.354133844376,-0.06046527,
3521,4752.685082197189,-0.4112211,
3522,4754.014558792114,-0.23820479,
3523,4755.34379029274,-0.17300805,
3524,4756.678863525391,-0.15230885,
3525,4758.010955810547,-0.030483387,
3526,4759.361180067062,-0.07974075,
3527,4760.690473079681,-0.17348522,
3528,4762.021549463272,-0.2234026,
3529,4763.33868932724,-0.081284896,
3530,4764.6834628582,-0.03815711,
3531,4766.008441925049,-0.076481156,
3532,4767.327823638916,-0.07100822,
3533,4768.656582832336,-0.040766757,
3534,4769.9913783073425,-0.06188868,
3535,4771.315924406052,-0.097369224,
3536,4772.639092206955,-3.0454695,
3537,4773.968784332275,-0.0,
3538,4775.301436185837,-0.084788464,
3539,4776.628175735474,-0.17244136,
3540,4777.96120095253,-0.12077472,
3541,4779.287958621979,-0.4339537,
3542,4780.613430738449,-0.0033560912,
3543,4781.938474178314,-0.2775308,
3544,4783.262434005737,-0.1509174,
3545,4784.594218969345,-1.2795274,
3546,4785.925250530243,-0.21577713,
3547,4787.2529101371765,-0.24243978,
3548,4788.6056616306305,-0.03223692,
3549,4789.954200267792,-1.4367559,
3550,4791.287307977676,-0.12426468,
3551,4792.601600408554,-0.0047823424,
3552,4793.944440841675,-2.1460238,
3553,4795.281617641449,-0.13886443,
3554,4796.603369474411,-0.31838864,
3555,4797.9338483810425,-0.13948643,
3556,4799.251171588898,-0.049964022,
3557,4800.58879160881,-0.19992945,
3558,4801.930694818497,-0.15825634,
3559,4803.267905712128,-0.22035661,
3560,4804.59303188324,-0.19240321,
3561,4805.928318500519,-0.3427206,
3562,4807.2562708854675,-0.043512635,
3563,4808.608534812927,-0.09561771,
3564,4809.9779143333435,-0.28545243,
3565,4811.305357694626,-0.21219425,
3566,4812.639554738998,-0.096939564,
3567,4813.974061965942,-0.26893514,
3568,4815.294706583023,-0.23748764,
3569,4816.623934030533,-0.036569662,
3570,4817.933542966843,-0.19983777,
3571,4819.257489204407,-0.18671212,
3572,4820.573873758316,-0.08941844,
3573,4821.904530763626,-0.43222505,
3574,4823.231353998184,-0.02127598,
3575,4824.555251598358,-0.15865397,
3576,4825.887971401215,-0.23513342,
3577,4827.217586040497,-0.032771967,
3578,4828.529732942581,-0.122731194,
3579,4829.8436369895935,-2.8867662,
3580,4831.17982339859,-0.06777806,
3581,4832.509004116058,-0.3237983,
3582,4833.841145038605,-0.07767871,
3583,4835.180309057236,-0.58045244,
3584,4836.502325296402,-0.014432098,
3585,4837.832013130188,-0.03243497,
3586,4839.170864343643,-0.08622594,
3587,4840.508863449097,-0.093403645,
3588,4841.829314231873,-0.049686167,
3589,4843.22714471817,-2.4184053,
3590,4844.611676692963,-0.09974322,
3591,4845.9303233623505,-0.18239647,
3592,4847.23824930191,-0.19245614,
3593,4848.563961982727,-3.7562923,
3594,4849.882152795792,-0.1736394,
3595,4851.201858282089,-0.10979327,
3596,4852.519496917725,-3.4550295,
3597,4853.845919370651,-0.033898674,
3598,4855.16668510437,-0.098795675,
3599,4856.491801738739,-0.042911977,
3600,4858.9543306827545,-0.100534774,
3601,4860.268134355545,-0.07839437,
3602,4861.592955350876,-0.2655229,
3603,4862.907243013382,-0.48415002,
3604,4864.234611272812,-0.03026639,
3605,4865.564079761505,-0.42524198,
3606,4866.908360481262,-0.41799885,
3607,4868.278675317764,-0.089002594,
3608,4869.608988285065,-0.09784725,
3609,4870.919616699219,-0.27434182,
3610,4872.276162624359,-0.80761564,
3611,4873.619186639786,-0.06786324,
3612,4874.964933633804,-0.5396889,
3613,4876.2934720516205,-0.017719936,
3614,4877.62659573555,-0.018320594,
3615,4878.952191352844,-0.14430411,
3616,4880.289596319199,-0.09306727,
3617,4881.6317439079285,-0.05040519,
3618,4882.971058130264,-0.100276805,
3619,4884.303329229355,-0.65471894,
3620,4885.630478143692,-0.40477097,
3621,4886.951003789902,-0.05663017,
3622,4888.268116950989,-0.28216982,
3623,4889.611002206802,-0.015269643,
3624,4890.930527687073,-0.090633415,
3625,4892.251745939255,-6.3831415e-08,
3626,4893.583426237106,-0.5754598,
3627,4894.905117750168,-0.06845565,
3628,4896.236917972565,-0.13291462,
3629,4897.556446790695,-0.08513953,
3630,4898.887622833252,-0.33820596,
3631,4900.221208810806,-0.25245154,
3632,4901.552116632462,-0.050074086,
3633,4902.875667333603,-0.39600122,
3634,4904.191482782364,-0.3423968,
3635,4905.542440891266,-0.18941729,
3636,4906.867682218552,-0.14002647,
3637,4908.186369180679,-0.027389178,
3638,4909.524117708206,-2.780233,
3639,4910.852011919022,-0.025689624,
3640,4912.191061735153,-0.51481026,
3641,4913.532428979874,-0.28965777,
3642,4914.866645812988,-0.090035565,
3643,4916.213948249817,-0.026221462,
3644,4917.538710355759,-0.6423347,
3645,4918.871212482452,-0.15582117,
3646,4920.200064659119,-0.4803717,
3647,4921.549227952957,-0.16100986,
3648,4922.926190376282,-0.023915537,
3649,4924.279637336731,-0.06500049,
3650,4925.641558647156,-0.14168891,
3651,4926.998523950577,-0.173962,
3652,4928.337908267975,-0.09720532,
3653,4929.664475679398,-0.10707177,
3654,4931.000849246979,-0.34910262,
3655,4932.352123975754,-0.059641115,
3656,4933.689219236374,-0.13714623,
3657,4935.01661157608,-2.9180477,
3658,4936.3526475429535,-0.19566756,
3659,4937.693887233734,-0.1128534,
3660,4939.030068874359,-0.1667508,
3661,4940.383410453796,-0.17081216,
3662,4941.743024110794,-0.0,
3663,4943.0979607105255,-0.21287352,
3664,4944.4351506233215,-0.052454628,
3665,4945.768390417099,-0.33350486,
3666,4947.116595506668,-0.042763542,
3667,4948.448798656464,-0.1700562,
3668,4949.776987791061,-0.1949741,
3669,4951.1319189071655,-0.21175775,
3670,4952.478739976883,-0.43946505,
3671,4953.806955099106,-0.04203122,
3672,4955.162562847137,-0.10159261,
3673,4956.510146617889,-0.085819,
3674,4957.855356693268,-0.049742613,
3675,4959.218386650085,-0.01779892,
3676,4960.576880693436,-0.08802268,
3677,4961.906970739365,-0.020643715,
3678,4963.240883111954,-0.06554328,
3679,4964.568781852722,-1.0143371,
3680,4965.902473926544,-0.048161276,
3681,4967.230820417404,-0.28948206,
3682,4968.560656309128,-0.18663809,
3683,4969.881640672684,-0.0,
3684,4971.201230764389,-0.26568827,
3685,4972.523959159851,-0.11886127,
3686,4973.850183725357,-0.013400649,
3687,4975.169079065323,-0.19132051,
3688,4976.491591215134,-0.050217386,
3689,4977.8205399513245,-0.0017769322,
3690,4979.149510383606,-0.5286206,
3691,4980.46574306488,-0.08868154,
3692,4981.782512187958,-0.11502771,
3693,4983.111212253571,-0.055815816,
3694,4984.431591510773,-0.9415242,
3695,4985.7567410469055,-0.32726297,
3696,4987.0757167339325,-1.4174503,
3697,4988.421036720276,-0.009913995,
3698,4989.744986534119,-0.04643993,
3699,4991.065004110336,-0.042965807,
3700,4993.518305301666,-0.06174753,
3701,4994.844161272049,-0.0,
3702,4996.153381347656,-0.3531648,
3703,4997.465785264969,-0.0027603558,
3704,4998.776987552643,-0.4320128,
3705,5000.094483613968,-0.09301928,
3706,5001.408317565918,-0.91097856,
3707,5002.726184844971,-0.06141579,
3708,5004.037305593491,-0.15603837,
3709,5005.371147155762,-0.19682215,
3710,5006.687371492386,-0.15314338,
3711,5008.003009796143,-0.027604744,
3712,5009.32489156723,-0.12912318,
3713,5010.646275281906,-0.2061497,
3714,5011.965221405029,-0.21627775,
3715,5013.271479606628,-0.4364067,
3716,5014.5817630290985,-0.16013816,
3717,5015.897381305695,-3.1671338,
3718,5017.2179408073425,-0.31351477,
3719,5018.548427581787,-0.04640693,
3720,5019.872734546661,-0.063804924,
3721,5021.2120888233185,-0.6762744,
3722,5022.532515525818,-1.4840639,
3723,5023.851282835007,-0.06727265,
3724,5025.170553922653,-0.22204083,
3725,5026.511056900024,-0.011893227,
3726,5027.849625825882,-0.08550049,
3727,5029.170449495316,-0.102052994,
3728,5030.484908103943,-0.0008366266,
3729,5031.812515735626,-0.168904,
3730,5033.131992340088,-0.43538988,
3731,5034.455807209015,-0.46233517,
3732,5035.768066644669,-0.19574147,
3733,5037.092730998993,-0.14313701,
3734,5038.4182505607605,-0.112365045,
3735,5039.738002300262,-0.0052977405,
3736,5041.0532648563385,-0.090641245,
3737,5042.405086040497,-0.12109253,
3738,5043.736670970917,-0.04012102,
3739,5045.060770988464,-0.1354361,
3740,5046.377978563309,-0.016549986,
3741,5047.702686071396,-1.6069078,
3742,5049.021451473236,-0.1153907,
3743,5050.347960472107,-0.06804095,
3744,5051.673521280289,-0.36142534,
3745,5052.998734235764,-0.1535406,
3746,5054.33846950531,-0.21693031,
3747,5055.660640716553,-0.7614165,
3748,5056.995062828064,-0.1573867,
3749,5058.321565151215,-0.024168668,
3750,5059.661053180695,-0.255593,
3751,5060.982976675034,-0.23413774,
3752,5062.304194450378,-0.006872038,
3753,5063.649785041809,-0.45422837,
3754,5064.971190929413,-0.013981506,
3755,5066.291603803635,-0.09224492,
3756,5067.612005472183,-0.035125326,
3757,5068.935799598694,-0.17556344,
3758,5070.283942937851,-0.007765129,
3759,5071.600061893463,-0.0,
3760,5072.94978427887,-0.25379804,
3761,5074.277441740036,-0.51903576,
3762,5075.611693620682,-0.11692264,
3763,5076.93922662735,-0.1189886,
3764,5078.263873100281,-0.10839427,
3765,5079.582675218582,-0.13911,
3766,5080.91067481041,-0.47979107,
3767,5082.239072561264,-0.040227342,
3768,5083.564487695694,-0.033399366,
3769,5084.89280796051,-0.029539194,
3770,5086.235914707184,-0.1960379,
3771,5087.574892997742,-0.020963129,
3772,5088.897279024124,-0.05856171,
3773,5090.222819566727,-0.014798089,
3774,5091.536846637726,-0.09204918,
3775,5092.870460510254,-0.023540253,
3776,5094.200154781342,-0.0,
3777,5095.52498960495,-0.51829004,
3778,5096.843209266663,-0.23825341,
3779,5098.159497022629,-0.48230216,
3780,5099.471790790558,-0.009034509,
3781,5100.790865421295,-0.06578843,
3782,5102.123420953751,-0.15199836,
3783,5103.447471618652,-0.11613946,
3784,5104.760694265366,-0.0,
3785,5106.076138019562,-0.08658536,
3786,5107.397860050201,-0.028986894,
3787,5108.7165496349335,-0.6889107,
3788,5110.0402574539185,-0.16883948,
3789,5111.379091024399,-0.01589934,
3790,5112.700171709061,-0.22592026,
3791,5114.020019769669,-0.19284275,
3792,5115.3327469825745,-0.032530766,
3793,5116.652283906937,-0.07825116,
3794,5118.010349273682,-0.12026489,
3795,5119.329698562622,-0.049580514,
3796,5120.672600507736,-0.6723717,
3797,5122.023864746094,-0.04457971,
3798,5123.347820043564,-0.10112981,
3799,5124.709351539612,-0.43678087,
3800,5127.163489341736,-0.030459251,
3801,5128.4845979213715,-0.13840505,
3802,5129.797578334808,-0.093319125,
3803,5131.116772174835,-0.07652013,
3804,5132.435443639755,-0.07208173,
3805,5133.766217708588,-0.24805659,
3806,5135.118138551712,-0.104066916,
3807,5136.4432117938995,-0.08684354,
3808,5137.767287492752,-0.05876842,
3809,5139.085422039032,-0.015850138,
3810,5140.406491279602,-1.2291853,
3811,5141.720069169998,-0.07794834,
3812,5143.049921274185,-0.046513267,
3813,5144.374669075012,-0.066391945,
3814,5145.733920574188,-0.0,
3815,5147.07009267807,-0.03713542,
3816,5148.385726690292,-0.080708615,
3817,5149.705517292023,-0.020435438,
3818,5151.047882318497,-0.12333782,
3819,5152.365506887436,-0.17202505,
3820,5153.705237627029,-0.5476823,
3821,5155.023225069046,-0.16249718,
3822,5156.332529067993,-0.12032647,
3823,5157.688495159149,-0.012800363,
3824,5159.045335531235,-0.03224891,
3825,5160.368839502335,-0.6298922,
3826,5161.686412811279,-0.24717107,
3827,5163.000343799591,-0.20863461,
3828,5164.318330049515,-0.110545404,
3829,5165.624388694763,-0.023249263,
3830,5166.940010547638,-0.110503584,
3831,5168.2686419487,-0.1536106,
3832,5169.58402633667,-0.3751867,
3833,5170.904093503952,-0.36957544,
3834,5172.23180270195,-0.6992362,
3835,5173.549842834473,-0.17323288,
3836,5174.870455980301,-0.40998244,
3837,5176.189843177795,-0.14035898,
3838,5177.5254826545715,-0.48520043,
3839,5178.844481706619,-0.044025075,
3840,5180.1559154987335,-0.2402634,
3841,5181.468071937561,-0.3457796,
3842,5182.7902681827545,-0.13814756,
3843,5184.128890752792,-0.100234225,
3844,5185.448944091797,-0.05778255,
3845,5186.762524366379,-0.08909382,
3846,5188.080407619476,-0.30251488,
3847,5189.397253274918,-0.10385537,
3848,5190.73357796669,-0.19435076,
3849,5192.075930118561,-0.075600386,
3850,5193.428371429443,-0.040756933,
3851,5194.747282266617,-0.73324215,
3852,5196.070488214493,-0.0820207,
3853,5197.392290353775,-0.037563793,
3854,5198.715127468109,-0.11134834,
3855,5200.034187793732,-0.31753045,
3856,5201.358218431473,-0.111752145,
3857,5202.686194896698,-0.19558123,
3858,5204.016004085541,-0.05480829,
3859,5205.343083143234,-0.09861867,
3860,5206.6789355278015,-0.3565635,
3861,5208.022144317627,-0.30436766,
3862,5209.385098934174,-19.49471,
3863,5210.721222877502,-0.24448648,
3864,5212.041085243225,-0.021467919,
3865,5213.369919538498,-2.0626567e-07,
3866,5214.715804100037,-0.14745295,
3867,5216.073197126389,-0.23144431,
3868,5217.3911764621735,-0.12091443,
3869,5218.71680688858,-0.098221816,
3870,5220.06042265892,-0.0,
3871,5221.4276468753815,-0.023929536,
3872,5222.789019107819,-0.6259875,
3873,5224.1221878528595,-0.14770344,
3874,5225.44587635994,-0.08304561,
3875,5226.769678115845,-0.4482022,
3876,5228.090762615204,-0.039810352,
3877,5229.410740852356,-0.12772188,
3878,5230.730858325958,-0.3182559,
3879,5232.045703649521,-0.107367314,
3880,5233.363320350647,-1.1977388,
3881,5234.697367191315,-0.2472019,
3882,5236.01793718338,-0.1084843,
3883,5237.341270446777,-0.106649935,
3884,5238.687925815582,-0.1879037,
3885,5240.022318124771,-0.20036347,
3886,5241.371665716171,-0.47007126,
3887,5242.713703870773,-7.09579e-11,
3888,5244.042122125626,-0.099970095,
3889,5245.399102449417,-0.5168283,
3890,5246.742206096649,-0.016743774,
3891,5248.059556007385,-0.10124346,
3892,5249.383030414581,-0.14208043,
3893,5250.706606626511,-0.055979587,
3894,5252.057050943375,-0.10919039,
3895,5253.408913373947,-0.0,
3896,5254.756995916367,-0.019916462,
3897,5256.075767993927,-0.0362624,
3898,5257.429218530655,-0.5076007,
3899,5258.75675702095,-0.075870864,
3900,5261.2083132267,-0.051908154,
3901,5262.525687456131,-0.0867488,
3902,5263.851758003235,-0.012456188,
3903,5265.175115823746,-0.20601718,
3904,5266.502192020416,-0.00011109635,
3905,5267.827500581741,-0.11482608,
3906,5269.15886759758,-0.26256013,
3907,5270.494266748428,-0.04460927,
3908,5271.821658611298,-0.009631898,
3909,5273.146990060806,-0.5229923,
3910,5274.469883918762,-0.39508304,
3911,5275.787353992462,-0.15950951,
3912,5277.113477945328,-0.059527583,
3913,5278.436770439148,-0.53797656,
3914,5279.773381471634,-1.03934,
3915,5281.1270933151245,-0.037169714,
3916,5282.480812072754,-0.020902071,
3917,5283.791518688202,-0.1211974,
3918,5285.109912633896,-0.06454579,
3919,5286.435466766357,-0.2678933,
3920,5287.757680892944,-3.0605245,
3921,5289.080461263657,-0.25845358,
3922,5290.462552547455,-0.0574265,
3923,5291.838569402695,-0.12299655,
3924,5293.1720242500305,-0.43545872,
3925,5294.491827964783,-0.02422419,
3926,5295.812682151794,-0.21547467,
3927,5297.141353845596,-0.29537332,
3928,5298.464191675186,-0.04416132,
3929,5299.826977729797,-0.22044332,
3930,5301.1479408741,-0.09293653,
3931,5302.466261386871,-0.25354248,
3932,5303.780304908752,-0.0820695,
3933,5305.095526456833,-0.17902616,
3934,5306.409831285477,-0.41030288,
3935,5307.732060909271,-0.022003027,
3936,5309.051542758942,-0.014333041,
3937,5310.363103151321,-0.04086698,
3938,5311.6742997169495,-0.004223051,
3939,5312.9840886592865,-0.1926797,
3940,5314.308738946915,-0.1689769,
3941,5315.631155252457,-0.21611217,
3942,5316.951012611389,-0.18096171,
3943,5318.264613389969,-0.059777793,
3944,5319.601065635681,-0.099014916,
3945,5320.915361404419,-0.15090154,
3946,5322.236961603165,-0.059857562,
3947,5323.569103479385,-0.15946391,
3948,5324.900652885437,-0.38307995,
3949,5326.216674089432,-0.12796658,
3950,5327.578539609909,-0.46146095,
3951,5328.897943019867,-0.07523815,
3952,5330.226224660873,-0.013426663,
3953,5331.549522399902,-0.23561557,
3954,5332.883457660675,-0.031540733,
3955,5334.211554050446,-0.00933451,
3956,5335.555419445038,-0.09999925,
3957,5336.884312152863,-1.08372054e-10,
3958,5338.21599316597,-0.19814496,
3959,5339.54350233078,-0.04648919,
3960,5340.877741575241,-0.7092452,
3961,5342.208031177521,-0.032799635,
3962,5343.561043024063,-0.14311786,
3963,5344.877046823502,-0.24990167,
3964,5346.204190015793,-0.1835742,
3965,5347.520457744598,-0.0,
3966,5348.851813554764,-0.123891585,
3967,5350.180027484894,-0.045303702,
3968,5351.511524915695,-0.10181701,
3969,5352.83661532402,-0.08343812,
3970,5354.155428647995,-0.07510498,
3971,5355.465372562408,-0.14856043,
3972,5356.797113656998,-0.13561097,
3973,5358.158451795578,-0.07413129,
3974,5359.499487161636,-0.18456253,
3975,5360.815964460373,-0.08860479,
3976,5362.157471179962,-0.8318363,
3977,5363.476732969284,-0.15189527,
3978,5364.796926498413,-0.13043644,
3979,5366.145108699799,-0.040112045,
3980,5367.461722373962,-0.030910283,
3981,5368.784037590027,-0.07520713,
3982,5370.1020448207855,-0.07035663,
3983,5371.431996107101,-0.122271694,
3984,5372.759551048279,-0.3620144,
3985,5374.098003387451,-0.34378263,
3986,5375.419063329697,-0.053245112,
3987,5376.739436864853,-0.060568932,
3988,5378.060556173325,-0.2536387,
3989,5379.391754150391,-0.0076395078,
3990,5380.710070133209,-0.57300496,
3991,5382.038238763809,-0.04119738,
3992,5383.356419801712,-0.09906292,
3993,5384.689043521881,-0.18894629,
3994,5386.002817153931,-0.062433753,
3995,5387.326741695404,-0.10179465,
3996,5388.644867658615,-0.15605964,
3997,5389.976495265961,-0.09280226,
3998,5391.293404817581,-0.022495942,
3999,5392.603135108948,-0.3682064,
4000,5395.088095903397,-0.020660346,
4001,5396.415765047073,-0.21068884,
4002,5397.7346069812775,-0.0014550235,
4003,5399.064273357391,-0.16875276,
4004,5400.381654500961,-0.25324517,
4005,5401.692944765091,-0.34490523,
4006,5403.011526107788,-0.1446141,
4007,5404.336251735687,-0.061791167,
4008,5405.657022714615,-0.07885131,
4009,5406.978252410889,-0.10282375,
4010,5408.311175107956,-1.3394885,
4011,5409.635752916336,-0.12530047,
4012,5410.969686031342,-0.15730444,
4013,5412.2909915447235,-0.5484263,
4014,5413.602257966995,-0.27354008,
4015,5414.934417486191,-0.21948034,
4016,5416.26015496254,-0.10735265,
4017,5417.577491521835,-0.097387955,
4018,5418.909454345703,-0.02560677,
4019,5420.232753992081,-0.020497868,
4020,5421.559863567352,-0.1577264,
4021,5422.878240346909,-0.13634834,
4022,5424.19674539566,-0.004573346,
4023,5425.515360593796,-0.9933405,
4024,5426.842881679535,-0.17091647,
4025,5428.16073179245,-0.09586228,
4026,5429.482094049454,-0.16048591,
4027,5430.809087514877,-0.120583475,
4028,5432.125228404999,-0.3191707,
4029,5433.447540283203,-0.084629446,
4030,5434.783491611481,-0.13438946,
4031,5436.141649961472,-0.051639244,
4032,5437.466026306152,-0.09725918,
4033,5438.782471895218,-0.14816147,
4034,5440.123402118683,-0.11995974,
4035,5441.461380004883,-0.19422808,
4036,5442.823142290115,-0.096055046,
4037,5444.161075592041,-0.3065706,
4038,5445.513072252274,-0.20706244,
4039,5446.873356580734,-0.14847392,
4040,5448.200003623962,-0.074558176,
4041,5449.511836767197,-0.29455456,
4042,5450.835253715515,-9.260361e-06,
4043,5452.152890443802,-0.12049745,
4044,5453.47646188736,-0.20260811,
4045,5454.792508840561,-0.046777446,
4046,5456.119618654251,-0.21230686,
4047,5457.451055288315,-0.121522486,
4048,5458.777090072632,-0.06460335,
4049,5460.128979206085,-0.73625785,
4050,5461.454473018646,-0.13609082,
4051,5462.796189069748,-0.10382714,
4052,5464.124051570892,-0.20183927,
4053,5465.441119194031,-0.1066796,
4054,5466.763076066971,-0.06346068,
4055,5468.104076862335,-0.16310182,
4056,5469.4319887161255,-0.16165325,
4057,5470.757874488831,-0.20610759,
4058,5472.094132900238,-0.23399194,
4059,5473.419132232666,-0.06974514,
4060,5474.739667892456,-0.010990275,
4061,5476.057009458542,-0.09658646,
4062,5477.400207281113,-0.12339978,
4063,5478.730667591095,-0.44659358,
4064,5480.048752307892,-0.14627002,
4065,5481.3760488033295,-0.06148057,
4066,5482.707579135895,-0.11960296,
4067,5484.035431146622,-0.13920413,
4068,5485.380658626556,-0.045581117,
4069,5486.700684785843,-0.122141324,
4070,5488.033219337463,-0.09131594,
4071,5489.369140863419,-1.3184584,
4072,5490.7205448150635,-0.116964445,
4073,5492.0408725738525,-0.10538301,
4074,5493.370055437088,-0.05764202,
4075,5494.696341991425,-0.14024107,
4076,5496.015315771103,-0.03365539,
4077,5497.353442192078,-0.092365965,
4078,5498.678405046463,-0.19124286,
4079,5500.009730577469,-0.17927781,
4080,5501.33314371109,-0.042167597,
4081,5502.644720315933,-0.1322716,
4082,5503.967926025391,-0.21668328,
4083,5505.313519954681,-0.08708145,
4084,5506.6692361831665,-0.0,
4085,5508.0187292099,-0.07154058,
4086,5509.340480327606,-0.03553089,
4087,5510.669850826263,-0.66046095,
4088,5511.991239309311,-0.34865767,
4089,5513.313496351242,-0.00065141794,
4090,5514.639916181564,-0.11295303,
4091,5515.963118314743,-0.010569091,
4092,5517.295608043671,-0.059271935,
4093,5518.614549636841,-0.24334717,
4094,5519.936992406845,-0.15467574,
4095,5521.274477481842,-0.06752241,
4096,5522.602212190628,-0.21307288,
4097,5523.932947397232,-0.054976463,
4098,5525.252019643784,-0.19027221,
4099,5526.572834253311,-0.20452282,
4100,5529.044782876968,-0.1492436,
4101,5530.37141752243,-0.050967034,
4102,5531.71458029747,-0.1971308,
4103,5533.036190271378,-0.06763583,
4104,5534.3527002334595,-0.015299836,
4105,5535.671671390533,-0.022659674,
4106,5536.9899134635925,-0.10997474,
4107,5538.30248093605,-0.038227323,
4108,5539.613434314728,-0.06708502,
4109,5540.9253079891205,-0.12373235,
4110,5542.25791311264,-0.04907583,
4111,5543.603963136673,-0.30741966,
4112,5544.932544708252,-0.7353686,
4113,5546.251982450485,-0.11713253,
4114,5547.584748506546,-0.081542544,
4115,5548.901824474335,-0.3102811,
4116,5550.2258059978485,-0.0010566912,
4117,5551.546480178833,-0.26273802,
4118,5552.873781681061,-0.16941309,
4119,5554.198273181915,-0.09611363,
4120,5555.529961824417,-0.061229035,
4121,5556.852450847626,-0.030770035,
4122,5558.167725324631,-0.04014887,
4123,5559.489481449127,-0.17259277,
4124,5560.814946889877,-0.090334445,
4125,5562.126181364059,-0.8524585,
4126,5563.44527721405,-0.18127021,
4127,5564.754368305206,-0.11763043,
4128,5566.0719339847565,-0.020828431,
4129,5567.388716220856,-0.030842053,
4130,5568.719003200531,-0.15599795,
4131,5570.035193681717,-0.30157626,
4132,5571.357714414597,-0.051957745,
4133,5572.6878089904785,-0.096348524,
4134,5574.0180077552795,-0.07868503,
4135,5575.331794977188,-3.2097006,
4136,5576.650930404663,-0.012047799,
4137,5577.971637964249,-0.053934805,
4138,5579.303671360016,-0.0028712018,
4139,5580.621502876282,-0.28575465,
4140,5581.948495388031,-0.14040804,
4141,5583.28636598587,-0.0,
4142,5584.634802818298,-0.14348736,
4143,5585.970404624939,-0.12846033,
4144,5587.305721282959,-0.059149303,
4145,5588.643474340439,-0.27615878,
4146,5589.979052305222,-0.052050814,
4147,5591.290975809097,-0.061463382,
4148,5592.619587659836,-0.047460243,
4149,5593.942581176758,-0.049438864,
4150,5595.276938915253,-0.02443822,
4151,5596.594389438629,-0.04783667,
4152,5597.907625675201,-0.22488716,
4153,5599.240505933762,-0.36728328,
4154,5600.568245887756,-0.013104363,
4155,5601.897844314575,-0.060515463,
4156,5603.224732637405,-0.04747746,
4157,5604.559207677841,-0.16748935,
4158,5605.899351596832,-0.45724133,
4159,5607.220993757248,-0.033812933,
4160,5608.568637609482,-0.7113011,
4161,5609.895605325699,-0.0,
4162,5611.227046966553,-0.55074704,
4163,5612.548833608627,-0.028103983,
4164,5613.870296001434,-0.19182068,
4165,5615.199524641037,-0.042538546,
4166,5616.533887863159,-0.003493471,
4167,5617.857815742493,-0.21691775,
4168,5619.186470746994,-0.8001839,
4169,5620.50967168808,-0.12638292,
4170,5621.833337306976,-0.03895708,
4171,5623.156077623367,-0.11123924,
4172,5624.473617553711,-0.14126992,
4173,5625.809510707855,-0.047764543,
4174,5627.138706684113,-0.2542158,
4175,5628.471184253693,-1.0423044,
4176,5629.792379140854,-2.2905273,
4177,5631.107987880707,-0.08228487,
4178,5632.458146572113,-0.5721051,
4179,5633.7820336818695,-0.13892,
4180,5635.105572938919,-0.35579193,
4181,5636.440116882324,-0.25415483,
4182,5637.752732753754,-0.5583723,
4183,5639.088185071945,-0.051535655,
4184,5640.41729426384,-0.12735619,
4185,5641.743669748306,-0.06368446,
4186,5643.077953577042,-0.12031931,
4187,5644.391739606857,-0.020480474,
4188,5645.710993528366,-0.07563676,
4189,5647.027734518051,-0.12619044,
4190,5648.365772247314,-0.16012652,
4191,5649.691075801849,-0.13332888,
4192,5651.014391899109,-0.45037025,
4193,5652.3610854148865,-4.1928448e-05,
4194,5653.690675020218,-0.035474442,
4195,5655.034486532211,-0.09362691,
4196,5656.372808933258,-0.06847286,
4197,5657.712155818939,-0.09773658,
4198,5659.048201799393,-0.06215327,
4199,5660.376776456833,-0.02984045,
4200,5663.234566926956,-0.022566333,
4201,5664.556082725525,-0.0639278,
4202,5665.887489080429,-0.21236646,
4203,5667.228079319,-0.12796225,
4204,5668.548517942429,-0.11540808,
4205,5669.906137228012,-0.023932416,
4206,5671.2208340168,-0.0,
4207,5672.543505191803,-0.19567913,
4208,5673.866271495819,-0.07317672,
4209,5675.1800973415375,-0.1218359,
4210,5676.499272823334,-0.080716826,
4211,5677.822254419327,-0.09959467,
4212,5679.154857158661,-0.13213296,
4213,5680.46856045723,-0.23968045,
4214,5681.78303027153,-0.064448275,
4215,5683.09658741951,-0.06783809,
4216,5684.415752887726,-0.10974752,
4217,5685.735829114914,-0.11501336,
4218,5687.043654203415,-0.32264644,
4219,5688.348185539246,-0.057187848,
4220,5689.662990570068,-0.19294497,
4221,5691.004052639008,-0.19925398,
4222,5692.335020780563,-0.10548172,
4223,5693.647389411926,-0.14280505,
4224,5694.973623514175,-0.00010870921,
4225,5696.286871433258,-0.115865625,
4226,5697.644528865814,-0.14363135,
4227,5699.001313447952,-0.05454928,
4228,5700.362769365311,-1.7689756,
4229,5701.715950489044,-0.0742926,
4230,5703.036928653717,-0.38724965,
4231,5704.355882644653,-0.1459963,
4232,5705.683802843094,-0.06896253,
4233,5707.0055685043335,-0.2894408,
4234,5708.340434551239,-0.0544653,
4235,5709.661054611206,-0.16389035,
4236,5710.986669063568,-0.24512514,
4237,5712.317786455154,-0.021514576,
4238,5713.641372203827,-0.14666736,
4239,5714.9731912612915,-0.10771415,
4240,5716.301554679871,-0.15612334,
4241,5717.635717868805,-0.06357416,
4242,5718.964587926865,-0.0066132373,
4243,5720.294607639313,-2.6901078,
4244,5721.615075588226,-0.9436284,
4245,5722.941588163376,-0.06801368,
4246,5724.27960395813,-0.08466062,
4247,5725.607155799866,-0.054306805,
4248,5726.941856145859,-0.07105997,
4249,5728.256758213043,-0.13641053,
4250,5729.575434207916,-0.2997445,
4251,5730.905186891556,-0.18109515,
4252,5732.232605934143,-0.09767796,
4253,5733.566581249237,-0.09263384,
4254,5734.896954536438,-0.24854718,
4255,5736.210574150085,-0.016258983,
4256,5737.538758516312,-0.10787228,
4257,5738.869102239609,-0.0958795,
4258,5740.205416917801,-0.0065654092,
4259,5741.541664838791,-0.8850087,
4260,5742.867337226868,-0.03354913,
4261,5744.191675662994,-0.051151056,
4262,5745.51199221611,-0.06421636,
4263,5746.832287311554,-0.10730606,
4264,5748.161935806274,-0.17805524,
4265,5749.492010116577,-0.00865851,
4266,5750.819499015808,-0.14219013,
4267,5752.1593997478485,-0.3515007,
4268,5753.48979473114,-0.8002832,
4269,5754.826466560364,-0.269218,
4270,5756.151813983917,-0.0045375796,
4271,5757.489456653595,-0.83065015,
4272,5758.827455997467,-0.22926344,
4273,5760.193900346756,-0.26110464,
4274,5761.517999410629,-0.2885863,
4275,5762.8438177108765,-0.40311104,
4276,5764.166326284409,-0.28853706,
4277,5765.516786336899,-0.050685473,
4278,5766.869954109192,-0.14140317,
4279,5768.204420804977,-0.22934115,
4280,5769.525764703751,-0.55815846,
4281,5770.863092660904,-0.20425539,
4282,5772.217179298401,-1.4971736e-09,
4283,5773.569493532181,-0.18203107,
4284,5774.926959991455,-0.041803863,
4285,5776.270213842392,-0.016145404,
4286,5777.589938879013,-0.15252182,
4287,5778.922429084778,-0.0013136055,
4288,5780.2338881492615,-0.15019825,
4289,5781.558548212051,-0.10588626,
4290,5782.881325244904,-0.31096157,
4291,5784.211136817932,-0.27837786,
4292,5785.531744003296,-0.15334761,
4293,5786.858359098434,-0.030720241,
4294,5788.197947978973,-0.06520651,
4295,5789.530928850174,-0.27136946,
4296,5790.859810590744,-0.2514506,
4297,5792.181604623795,-0.14679518,
4298,5793.524296760559,-0.6045556,
4299,5794.855957746506,-0.85836506,
4300,5797.536083698273,-0.07175746,
4301,5798.860435724258,-1.7974733e-06,
4302,5800.203222036362,-0.1220567,
4303,5801.52942109108,-0.25719544,
4304,5802.847861289978,-0.37894657,
4305,5804.168766260147,-0.04017814,
4306,5805.5067756175995,-0.70315105,
4307,5806.827020406723,-0.0,
4308,5808.147558927536,-0.0,
4309,5809.479931592941,-0.036601894,
4310,5810.822512388229,-0.12158475,
4311,5812.155304670334,-1.4963152e-07,
4312,5813.483407258987,-0.57430714,
4313,5814.816637516022,-1.2448752,
4314,5816.15042757988,-0.25444496,
4315,5817.495447874069,-0.040694173,
4316,5818.8186666965485,-0.69635564,
4317,5820.144927740097,-0.022925287,
4318,5821.482736825943,-0.03580359,
4319,5822.809795856476,-0.14093855,
4320,5824.141413450241,-0.04728961,
4321,5825.50097990036,-0.041809604,
4322,5826.865565061569,-0.0016790859,
4323,5828.238117694855,-0.03164578,
4324,5829.612339258194,-0.07041485,
4325,5830.947188138962,-2.9904525,
4326,5832.284180164337,-0.08190903,
4327,5833.634527206421,-0.10451594,
4328,5834.986381530762,-0.013586576,
4329,5836.329439401627,-0.09182007,
4330,5837.674332380295,-0.7769073,
4331,5839.0220313072205,-0.46507204,
4332,5840.3596930503845,-0.4573557,
4333,5841.687133312225,-0.0040354566,
4334,5843.024888515472,-0.075432174,
4335,5844.3659563064575,-0.112602234,
4336,5845.718880653381,-0.3094825,
4337,5847.086684465408,-0.060331233,
4338,5848.432199716568,-0.5286342,
4339,5849.769170045853,-0.010848447,
4340,5851.122222900391,-0.35846925,
4341,5852.461694717407,-0.69019336,
4342,5853.8042051792145,-0.17266063,
4343,5855.134928703308,-0.050329503,
4344,5856.469071388245,-0.0217735,
4345,5857.807078361511,-0.023002718,
4346,5859.124167919159,-0.030531172,
4347,5860.446453332901,-0.4452433,
4348,5861.810562849045,-0.15482122,
4349,5863.146982192993,-0.03773968,
4350,5864.494438171387,-0.14854419,
4351,5865.8268258571625,-0.105122976,
4352,5867.172560453415,-0.091572285,
4353,5868.545612812042,-0.04994049,
4354,5869.930868148804,-0.10479895,
4355,5871.287192583084,-0.42462498,
4356,5872.638390541077,-0.06583307,
4357,5873.976272583008,-0.21883598,
4358,5875.29238653183,-0.13079,
4359,5876.627334117889,-0.025228787,
4360,5877.999550104141,-0.19282621,
4361,5879.327919483185,-0.5515427,
4362,5880.655915260315,-0.27175626,
4363,5881.982747554779,-0.004782408,
4364,5883.30027961731,-0.14857507,
4365,5884.613174200058,-0.029593298,
4366,5885.93031835556,-0.03225927,
4367,5887.262558698654,-0.070814244,
4368,5888.592740535736,-0.13103463,
4369,5889.9162855148315,-0.00844732,
4370,5891.256098747253,-0.114441425,
4371,5892.577280521393,-0.0,
4372,5893.9116995334625,-0.10292791,
4373,5895.240289211273,-0.0059600514,
4374,5896.566843509674,-0.038869243,
4375,5897.888809919357,-0.032953594,
4376,5899.2181124687195,-1.5316781,
4377,5900.55270409584,-0.10989449,
4378,5901.876131057739,-0.15422252,
4379,5903.197851419449,-0.20699745,
4380,5904.522853374481,-0.3212966,
4381,5905.869767904282,-0.050050776,
4382,5907.1988661289215,-0.08632894,
4383,5908.531936168671,-0.16723585,
4384,5909.859415054321,-0.23051195,
4385,5911.191540002823,-9.815968e-08,
4386,5912.53049325943,-0.079447,
4387,5913.847882986069,-0.12425926,
4388,5915.177946329117,-0.107916065,
4389,5916.5187385082245,-0.01741247,
4390,5917.852585554123,-0.16546503,
4391,5919.187208175659,-0.04886429,
4392,5920.543143033981,-0.77834475,
4393,5921.870708703995,-0.07299154,
4394,5923.193300008774,-1.5671692,
4395,5924.513229608536,-0.11277028,
4396,5925.845502853394,-0.12777066,
4397,5927.166225194931,-0.036479093,
4398,5928.542172193527,-0.21953654,
4399,5929.900907754898,-0.11888371,
4400,5932.4054915905,-0.030339638,
4401,5933.737881183624,-0.10006891,
4402,5935.0934455394745,-0.16201466,
4403,5936.467786550522,-0.11726848,
4404,5937.812623023987,-0.19084895,
4405,5939.134090900421,-0.038774896,
4406,5940.454360485077,-0.21476915,
4407,5941.777644872665,-0.011981761,
4408,5943.095453739166,-0.14279093,
4409,5944.420910358429,-0.14445671,
4410,5945.755737543106,-0.23319438,
4411,5947.078409194946,-0.082241714,
4412,5948.405295848846,-0.05397583,
4413,5949.7251036167145,-0.10011121,
4414,5951.04425740242,-0.100296065,
4415,5952.370091199875,-0.007889514,
4416,5953.696214437485,-0.065221354,
4417,5955.023939847946,-0.022701006,
4418,5956.3567769527435,-0.14124507,
4419,5957.684671878815,-0.024584532,
4420,5959.022398710251,-0.038326517,
4421,5960.352897882462,-0.12785113,
4422,5961.687459468842,-0.11577667,
4423,5963.012747764587,-0.049400963,
4424,5964.340541124344,-0.26646882,
4425,5965.66018819809,-0.33301753,
4426,5966.978557348251,-0.10728635,
4427,5968.336056232452,-0.06705977,
4428,5969.6557450294495,-0.2779537,
4429,5970.97821187973,-0.09218301,
4430,5972.308933496475,-0.053758875,
4431,5973.638995885849,-0.07217518,
4432,5974.40013384819,-0.0,
4433,5976.18566608429,-0.09875168,
4434,5977.514501571655,-0.06493302,
4435,5978.831093072891,-0.105697416,
4436,5980.157258033752,-0.014161269,
4437,5981.477490663528,-0.13342012,
4438,5982.793920993805,-0.052509688,
4439,5984.121984243393,-0.30806854,
4440,5985.45255112648,-0.71286476,
4441,5986.776122093201,-0.12979802,
4442,5988.099609136581,-0.030157465,
4443,5989.429163455963,-0.08064845,
4444,5990.752622842789,-0.08854164,
4445,5992.0809807777405,-0.07703186,
4446,5993.399829626083,-0.022981755,
4447,5994.730870723724,-0.08336866,
4448,5996.047090768814,-0.05602701,
4449,5997.386869192123,-0.060312975,
4450,5998.704591035843,-0.37877336,
4451,6000.025326490402,-0.062126867,
4452,6001.340095758438,-0.23577598,
4453,6002.657061576843,-0.17517397,
4454,6003.973665475845,-0.058298364,
4455,6005.3039627075195,-0.030567719,
4456,6006.6287224292755,-0.10484547,
4457,6007.948535203934,-0.024204437,
4458,6009.2671229839325,-0.22727932,
4459,6010.589502096176,-0.44353414,
4460,6011.910999536514,-0.0,
4461,6013.225554466248,-0.06059891,
4462,6014.539190530777,-0.058178205,
4463,6015.854945659637,-1.3933208,
4464,6017.15545630455,-0.10923016,
4465,6018.471393823624,-0.07270243,
4466,6019.79597401619,-0.045813464,
4467,6021.125319480896,-0.24029937,
4468,6022.451285123825,-0.38046604,
4469,6023.775100708008,-0.34088787,
4470,6025.0907990932465,-0.02134246,
4471,6026.413055896759,-1.6780586,
4472,6027.758392572403,-1.77574,
4473,6029.075914621353,-0.13433,
4474,6030.398552656174,-0.36062616,
4475,6031.721424818039,-0.14110196,
4476,6033.034224033356,-0.09720879,
4477,6034.365254163742,-0.046417303,
4478,6035.68125128746,-0.06413801,
4479,6036.99803686142,-0.3181145,
4480,6038.329074621201,-0.45788378,
4481,6039.653158187866,-2.4305882,
4482,6040.989603281021,-0.15214428,
4483,6042.34702706337,-0.28013283,
4484,6043.686510324478,-0.2819506,
4485,6045.01235127449,-0.23690556,
4486,6046.331614255905,-0.06288325,
4487,6047.679534196854,-0.3940097,
4488,6049.014780044556,-0.13049406,
4489,6050.362013578415,-0.064866744,
4490,6051.722247362137,-0.067655414,
4491,6053.051272153854,-0.21036097,
4492,6054.39732170105,-0.12595907,
4493,6055.739161014557,-0.08386062,
4494,6057.0722551345825,-0.20833285,
4495,6058.400239229202,-0.11069306,
4496,6059.727041959763,-0.030134054,
4497,6061.056593179703,-0.10073498,
4498,6062.393992900848,-0.23986039,
4499,6063.726179361343,-0.08013643,
4500,6066.266821146011,-0.22007757,
4501,6067.5935571193695,-0.0,
4502,6068.922391176224,-0.10090289,
4503,6070.2690370082855,-0.03247312,
4504,6071.597469568253,-0.058393024,
4505,6072.929263114929,-0.08496028,
4506,6074.27486872673,-0.2141226,
4507,6075.628223657608,-1.0288959,
4508,6076.966747999191,-0.019163068,
4509,6078.302675247192,-1.8818125,
4510,6079.62389421463,-0.003971521,
4511,6080.953107118607,-0.0609992,
4512,6082.295378684998,-0.15209836,
4513,6083.624706029892,-0.26954848,
4514,6084.981493234634,-0.08931364,
4515,6086.360078573227,-0.4470507,
4516,6087.699757814407,-0.27224162,
4517,6089.032528162003,-0.12856892,
4518,6090.356313228607,-0.6682657,
4519,6091.691005706787,-0.20010173,
4520,6093.012055635452,-0.07381614,
4521,6094.367223739624,-0.032374356,
4522,6095.719768047333,-0.021146856,
4523,6097.071567296982,-0.33433643,
4524,6098.396307706833,-0.016552057,
4525,6099.7343282699585,-0.08134844,
4526,6101.062487602234,-0.754105,
4527,6102.392354249954,-0.10069523,
4528,6103.723976135254,-0.1135637,
4529,6105.045645713806,-0.024748016,
4530,6106.367458343506,-0.0054715346,
4531,6107.689369916916,-0.026910402,
4532,6109.003425359726,-0.18355803,
4533,6110.341314792633,-0.12061512,
4534,6111.686218738556,-0.045740403,
4535,6113.0190052986145,-0.47227454,
4536,6114.345970153809,-0.44766194,
4537,6115.65836930275,-0.257297,
4538,6116.97357749939,-0.21187532,
4539,6118.295923948288,-0.1541888,
4540,6119.613667488098,-0.047508817,
4541,6120.950385570526,-0.013429654,
4542,6122.314440488815,-0.09140248,
4543,6123.67443561554,-0.109636135,
4544,6125.018658876419,-0.10025992,
4545,6126.3438041210175,-0.14364077,
4546,6127.67492890358,-0.7319433,
4547,6129.047250747681,-0.16961858,
4548,6130.388386249542,-0.052260734,
4549,6131.733665704727,-0.08593369,
4550,6133.0885536670685,-0.072488934,
4551,6134.407382249832,-0.03526153,
4552,6135.746111869812,-0.0741644,
4553,6137.069844722748,-0.24449176,
4554,6138.410205364227,-0.10082852,
4555,6139.757233381271,-0.058823675,
4556,6141.0932676792145,-0.61089265,
4557,6142.413044214249,-0.08709693,
4558,6143.762579917908,-2.110615,
4559,6145.092428684235,-0.08195941,
4560,6146.4201736450195,-0.18009792,
4561,6147.747690200806,-0.28602496,
4562,6149.068469762802,-0.22978675,
4563,6150.393354177475,-0.0015289959,
4564,6151.720712900162,-0.047205057,
4565,6153.041842222214,-0.050718177,
4566,6154.368533849716,-0.08587632,
4567,6155.720684766769,-0.024002362,
4568,6157.07855963707,-0.03151116,
4569,6158.415957927704,-0.42640823,
4570,6159.742577791214,-0.32353315,
4571,6161.074116230011,-0.053973254,
4572,6162.399050712585,-2.4545396e-05,
4573,6163.720638751984,-0.1069039,
4574,6165.038712263107,-1.6521075,
4575,6166.357006549835,-0.04507956,
4576,6167.68568778038,-0.17935161,
4577,6169.029055118561,-0.040692884,
4578,6170.352150440216,-0.0,
4579,6171.684381246567,-0.19129187,
4580,6173.0108478069305,-0.07223146,
4581,6174.32901263237,-0.025819872,
4582,6175.647901773453,-0.23806898,
4583,6176.981131076813,-0.12316054,
4584,6178.308375835419,-0.023048563,
4585,6179.621679782867,-0.0055347453,
4586,6180.950145959854,-0.29308486,
4587,6182.264937877655,-0.13935289,
4588,6183.583302974701,-0.021421513,
4589,6184.901052236557,-0.18676454,
4590,6186.226952791214,-0.033010498,
4591,6187.573347330093,-0.24819879,
4592,6188.902062654495,-0.05767817,
4593,6190.238147974014,-0.4175076,
4594,6191.566533327103,-0.056803465,
4595,6192.889475345612,-0.36860347,
4596,6194.212422609329,-0.28030252,
4597,6195.556213855743,-0.0019881548,
4598,6196.881271839142,-0.20888245,
4599,6198.248069286346,-0.04272853,
4600,6200.7999811172485,-0.061241478,
4601,6202.140975236893,-0.8729633,
4602,6203.501868486404,-0.17002587,
4603,6204.827085733414,-0.095418245,
4604,6206.167067527771,-0.18042418,
4605,6207.53050661087,-0.09947998,
4606,6208.901432514191,-0.0,
4607,6210.226139545441,-0.2932548,
4608,6211.56286239624,-0.1350274,
4609,6212.918732881546,-0.0005942301,
4610,6214.2669043540955,-0.06471002,
4611,6215.601533651352,-0.02405475,
4612,6216.929133176804,-0.0,
4613,6218.250316858292,-0.01528444,
4614,6219.583394527435,-0.108353436,
4615,6220.904910087585,-0.0726783,
4616,6222.241651773453,-0.040786766,
4617,6223.571612596512,-0.08793135,
4618,6224.913499116898,-0.027169215,
4619,6226.242685556412,-0.19458844,
4620,6227.565304756165,-0.23639086,
4621,6228.8973796367645,-0.054546632,
4622,6230.232331991196,-0.017758,
4623,6231.551811218262,-0.17321299,
4624,6232.867648124695,-0.028650861,
4625,6234.1860892772675,-4.2574742e-11,
4626,6235.506416559219,-0.13668878,
4627,6236.845797777176,-0.07550908,
4628,6238.192619800568,-0.04640878,
4629,6239.513836860657,-0.38387835,
4630,6240.871514081955,-0.141132,
4631,6242.190691232681,-0.06338978,
4632,6243.50798201561,-0.06923716,
4633,6244.897822141647,-0.110969156,
4634,6246.220263957977,-0.14810793,
4635,6247.546485185623,-0.49266565,
4636,6248.872797966003,-0.12588052,
4637,6250.190988302231,-0.019512275,
4638,6251.528282880783,-0.08973098,
4639,6252.881071805954,-0.046839133,
4640,6254.2201628685,-0.19604188,
4641,6255.537102937698,-0.06949152,
4642,6256.854962587357,-0.028063795,
4643,6258.174884557724,-0.0847435,
4644,6259.4900715351105,-0.007930625,
4645,6260.810833930969,-0.07722973,
4646,6262.140772104263,-0.30359602,
4647,6263.453262329102,-0.07432684,
4648,6264.772878170013,-0.116064906,
4649,6266.094531297684,-0.14509812,
4650,6267.434205532074,-0.025717705,
4651,6268.766503810883,-0.10678984,
4652,6270.093965768814,-0.056069795,
4653,6271.410343885422,-1.1843288,
4654,6272.7324006557465,-0.22780694,
4655,6274.055507183075,-0.13319528,
4656,6275.393255472183,-0.32557076,
4657,6276.732401371002,-0.34249705,
4658,6278.055608034134,-0.05689174,
4659,6279.407625436783,-0.17153917,
4660,6280.736470937729,-0.05270524,
4661,6282.0630531311035,-0.0,
4662,6283.394013404846,-0.10316013,
4663,6284.732037067413,-0.19117819,
4664,6286.074494838715,-0.06778167,
4665,6287.399168968201,-0.36811945,
4666,6288.724998950958,-0.39678717,
4667,6290.055402994156,-0.20496921,
4668,6291.375513792038,-0.05671636,
4669,6292.700110673904,-0.5180557,
4670,6294.031148672104,-0.0,
4671,6295.348142147064,-0.01451216,
4672,6296.669961690903,-0.02499601,
4673,6297.992171525955,-0.18908274,
4674,6299.328926324844,-0.06386096,
4675,6300.649986028671,-1.1615344,
4676,6301.969094991684,-0.18713869,
4677,6303.290967941284,-0.053568102,
4678,6304.612539052963,-0.012795664,
4679,6305.934954166412,-0.004098189,
4680,6307.262565135956,-2.5206418e-07,
4681,6308.577481746674,-0.0368287,
4682,6309.924783706665,-0.022802515,
4683,6311.248085975647,-0.08885671,
4684,6312.590606451035,-0.24840175,
4685,6313.904761552811,-0.0,
4686,6315.22238111496,-0.07772456,
4687,6316.542596817017,-0.39248675,
4688,6317.8780171871185,-0.04223385,
4689,6319.199416875839,-0.32398087,
4690,6320.524372339249,-0.12052569,
4691,6321.847368717194,-0.20767696,
4692,6323.182895898819,-0.09384601,
4693,6324.50788807869,-0.015789375,
4694,6325.833807229996,-0.114104204,
4695,6327.150772809982,-0.1576716,
4696,6328.483303308487,-0.068471596,
4697,6329.802238225937,-0.0077314004,
4698,6331.140728235245,-0.07740328,
4699,6332.463265419006,-0.103871815,
4700,6335.041451454163,-0.091772325,
4701,6336.367244243622,-0.0949112,
4702,6337.717891454697,-0.53861624,
4703,6339.055599927902,-0.051407743,
4704,6340.415658712387,-0.32317534,
4705,6341.746547937393,-0.24890545,
4706,6343.073018074036,-0.08151746,
4707,6344.405602216721,-0.24092339,
4708,6345.724690437317,-0.046664372,
4709,6347.039721727371,-0.17082085,
4710,6348.3642141819,-2.4113288,
4711,6349.69432759285,-0.138444,
4712,6351.024066448212,-0.44220757,
4713,6352.364719629288,-0.18446995,
4714,6353.687252521515,-0.2544382,
4715,6355.01953291893,-0.13996387,
4716,6356.361636638641,-0.16209522,
4717,6357.685937643051,-0.15352711,
4718,6359.012974500656,-0.13529335,
4719,6360.345133304596,-0.081077024,
4720,6361.657189130783,-0.34023494,
4721,6362.998222351074,-0.082350954,
4722,6364.315498590469,-0.00016376047,
4723,6365.651886940002,-0.30560952,
4724,6366.975501537323,-0.094203316,
4725,6368.297864198685,-0.18791288,
4726,6369.625063896179,-0.22421962,
4727,6370.977546215057,-0.08785803,
4728,6372.293595314026,-0.19227245,
4729,6373.617425441742,-0.4294022,
4730,6374.939207077026,-0.21985903,
4731,6376.310615539551,-0.1431389,
4732,6377.661251306534,-0.22016117,
4733,6378.990513563156,-0.47529972,
4734,6380.344024896622,-0.1408231,
4735,6381.685873031616,-1.3422408e-06,
4736,6383.014240980148,-0.5794467,
4737,6384.339816331863,-0.3949064,
4738,6385.665237665176,-0.54477656,
4739,6386.991826057434,-0.22907151,
4740,6388.365207433701,-0.29850644,
4741,6389.696171045303,-0.11651097,
4742,6391.037367582321,-0.060500436,
4743,6392.370201587677,-0.07967054,
4744,6393.699097394943,-0.08487698,
4745,6395.02717423439,-0.27283263,
4746,6396.384971857071,-0.07311784,
4747,6397.759426116943,-1.8905357e-09,
4748,6399.100049495697,-0.062307995,
4749,6400.422098875046,-0.10068981,
4750,6401.751137971878,-0.11313317,
4751,6403.085844278336,-0.109279275,
4752,6404.407693147659,-0.023148958,
4753,6405.727118730545,-0.09408702,
4754,6407.058819770813,-0.09507935,
4755,6408.381237030029,-0.09145406,
4756,6409.7149522304535,-1.5261557,
4757,6411.038408994675,-0.2289036,
4758,6412.3669583797455,-0.0,
4759,6413.697803258896,-0.032276116,
4760,6415.03153014183,-0.15868567,
4761,6416.356830835342,-0.11360592,
4762,6417.680074214935,-0.056506068,
4763,6419.011212110519,-0.65778905,
4764,6420.344172239304,-0.033405934,
4765,6421.669212818146,-12.020966,
4766,6422.98618888855,-1.2041364,
4767,6424.322095870972,-1.13801,
4768,6425.655048370361,-0.6871948,
4769,6426.986998558044,-0.030907333,
4770,6428.315620422363,-1.8195038e-08,
4771,6429.652244091034,-0.14825955,
4772,6431.007534503937,-0.025028449,
4773,6432.349533319473,-0.35426372,
4774,6433.669669628143,-4.8767385e-10,
4775,6434.988386631012,-0.03603072,
4776,6436.3073880672455,-0.049613893,
4777,6437.639155864716,-0.57426214,
4778,6438.964475393295,-1.362114,
4779,6440.351872205734,-0.36938083,
4780,6441.6790997982025,-0.08402729,
4781,6442.999368906021,-0.41080713,
4782,6444.328096628189,-0.14823872,
4783,6445.648954629898,-0.21672821,
4784,6446.987298250198,-0.0775412,
4785,6448.318194389343,-0.005230607,
4786,6449.672094106674,-0.110134766,
4787,6451.023528337479,-0.056768697,
4788,6452.346143007278,-0.08081525,
4789,6453.672477722168,-0.0016528612,
4790,6455.004535198212,-0.13333294,
4791,6456.332187414169,-0.10980841,
4792,6457.673809528351,-0.5492686,
4793,6459.014442443848,-0.23597358,
4794,6460.339956998825,-0.05911038,
4795,6461.659487485886,-0.07959999,
4796,6462.990042924881,-0.1124313,
4797,6464.312355041504,-0.098342024,
4798,6465.636703491211,-0.1820622,
4799,6466.960687875748,-0.20056023,
4800,6469.417867422104,-8.8721434e-05,
4801,6470.750907659531,-0.10202642,
4802,6472.07408952713,-0.0012923911,
4803,6473.414759635925,-0.2756682,
4804,6474.738838434219,-0.30755788,
4805,6476.073296070099,-0.0064177713,
4806,6477.409353256226,-0.42859322,
4807,6478.743870258331,-0.18565196,
4808,6480.072442293167,-0.0,
4809,6481.3961815834045,-0.3918818,
4810,6482.719669818878,-0.016684784,
4811,6484.052715539932,-0.08795289,
4812,6485.374759435654,-0.23224777,
4813,6486.690321922302,-0.083173156,
4814,6488.0270829200745,-0.5640781,
4815,6489.348526000977,-0.0,
4816,6490.67523765564,-0.032446712,
4817,6491.996788740158,-0.026856387,
4818,6493.3229694366455,-0.14641435,
4819,6494.656205177307,-0.25015432,
4820,6495.981477975845,-0.068659365,
4821,6497.299171447754,-0.03641278,
4822,6498.618637561798,-0.04146591,
4823,6499.9703977108,-0.22663164,
4824,6501.321535348892,-0.04314048,
4825,6502.645984888077,-0.49456286,
4826,6503.979732751846,-0.15999097,
4827,6505.366753578186,-0.27232924,
4828,6506.7027361392975,-0.035444006,
4829,6508.056972026825,-0.18225563,
4830,6509.4054646492,-0.04834043,
4831,6510.737575054169,-0.19966276,
4832,6512.063974618912,-0.0513542,
4833,6513.382605314255,-0.04162809,
4834,6514.701309919357,-0.1814735,
4835,6516.051563978195,-0.10489919,
4836,6517.37785077095,-0.1171899,
4837,6518.723951339722,-0.094587535,
4838,6520.0510993003845,-0.10193817,
4839,6521.381479740143,-0.17447585,
4840,6522.713454008102,-0.06704684,
4841,6524.040490627289,-0.23650897,
4842,6525.378625631332,-0.80059785,
4843,6526.712427854538,-0.2188008,
4844,6528.037882804871,-0.088723935,
4845,6529.365081787109,-0.14339976,
4846,6530.68846487999,-0.12935114,
4847,6532.053377628326,-0.15554698,
4848,6533.372159957886,-0.27202865,
4849,6534.696893453598,-0.9819946,
4850,6536.052134037018,-0.07583989,
4851,6537.401193857193,-0.33504844,
4852,6538.798924207687,-0.11754422,
4853,6540.118481874466,-0.053264014,
4854,6541.44627904892,-0.058766168,
4855,6542.77877664566,-0.11896952,
4856,6544.09569144249,-0.1787611,
4857,6545.423745632172,-0.08675556,
4858,6546.754683971405,-0.07552766,
4859,6548.080434322357,-0.08904042,
4860,6549.407130718231,-0.15259151,
4861,6550.727182865143,-0.06665931,
4862,6552.050484657288,-0.075445145,
4863,6553.405715703964,-0.04660427,
4864,6554.727235555649,-0.23975503,
4865,6556.061155796051,-0.031222284,
4866,6557.390341520309,-0.13903198,
4867,6558.732312440872,-0.04044206,
4868,6560.058343172073,-0.10016656,
4869,6561.375171661377,-0.0,
4870,6562.700556516647,-0.11484376,
4871,6564.022165775299,-0.11857408,
4872,6565.343161582947,-0.059880212,
4873,6566.719265460968,-0.50955856,
4874,6568.045335292816,-0.10720499,
4875,6569.383847475052,-0.25380957,
4876,6570.721136808395,-0.22930416,
4877,6572.054426193237,-0.6889843,
4878,6573.384916782379,-0.1588879,
4879,6574.736041545868,-0.17382985,
4880,6576.094842433929,-0.98421276,
4881,6577.448287725449,-0.022184156,
4882,6578.8490691185,-0.0072834194,
4883,6580.250895023346,-0.066675484,
4884,6581.633313417435,-0.14553136,
4885,6583.002153635025,-0.03486723,
4886,6584.3484399318695,-0.10147753,
4887,6585.6865129470825,-0.014240849,
4888,6587.039520740509,-0.01620432,
4889,6588.374548435211,-0.026915278,
4890,6589.706370592117,-0.10034712,
4891,6591.030928373337,-0.16883004,
4892,6592.365146398544,-0.0,
4893,6593.697891235352,-0.61773777,
4894,6595.021689414978,-0.12704413,
4895,6596.392774343491,-8.851855e-07,
4896,6597.7366309165955,-0.018639896,
4897,6599.091290950775,-0.0,
4898,6600.44811630249,-0.108796984,
4899,6601.802117109299,-0.050233055,
4900,6604.284472703934,-0.037321784,
4901,6605.602511405945,-0.016211208,
4902,6606.930397748947,-0.043989822,
4903,6608.268290758133,-0.008515594,
4904,6609.61409330368,-0.03469937,
4905,6610.94368314743,-0.6852511,
4906,6612.266158819199,-0.10951805,
4907,6613.591017484665,-1.276855,
4908,6614.922059297562,-0.13598719,
4909,6616.258180856705,-0.022145258,
4910,6617.600086212158,-0.06539059,
4911,6618.922213315964,-0.22979757,
4912,6620.252060651779,-0.042650186,
4913,6621.585943937302,-0.40250224,
4914,6622.907201528549,-0.06329122,
4915,6624.247764348984,-0.16007203,
4916,6625.579448223114,-0.2723299,
4917,6626.92489695549,-0.21739367,
4918,6628.249247550964,-0.68533254,
4919,6629.581114768982,-0.09279215,
4920,6630.916097164154,-0.48764187,
4921,6632.2653176784515,-0.027089065,
4922,6633.608926534653,-0.49737558,
4923,6634.943275928497,-0.09039037,
4924,6636.279888391495,-0.29577476,
4925,6637.636701345444,-0.0773423,
4926,6638.971395730972,-0.08362918,
4927,6640.300172805786,-0.13568744,
4928,6641.645396709442,-0.83356726,
4929,6643.011363983154,-0.027633583,
4930,6644.344166994095,-0.08741245,
4931,6645.701900005341,-0.19586487,
4932,6647.050113916397,-0.07080102,
4933,6648.418526649475,-0.24291113,
4934,6649.754990100861,-0.028800137,
4935,6651.093978404999,-0.08780508,
4936,6652.421109676361,-0.18299104,
4937,6653.754930973053,-0.0036168874,
4938,6655.074770689011,-0.08547958,
4939,6656.40101146698,-0.14031261,
4940,6657.726877689362,-0.26326925,
4941,6659.072496891022,-0.31296763,
4942,6660.39448428154,-0.005644313,
4943,6661.747941017151,-0.0,
4944,6663.087868928909,-0.092431374,
4945,6664.422302007675,-0.04192527,
4946,6665.762912988663,-0.07866408,
4947,6667.093530893326,-0.09831436,
4948,6668.444724559784,-0.008013571,
4949,6669.785212993622,-0.026218569,
4950,6671.115050077438,-0.38924727,
4951,6672.455521345139,-0.29183957,
4952,6673.82596206665,-0.03876992,
4953,6675.194555282593,-0.10315894,
4954,6676.543901205063,-0.07665636,
4955,6677.877404212952,-0.2898175,
4956,6679.213358879089,-0.16756958,
4957,6680.5430862903595,-0.014150636,
4958,6681.877784252167,-0.082343705,
4959,6683.205795764923,-0.012001275,
4960,6684.543947935104,-0.04277307,
4961,6685.874892234802,-0.21618254,
4962,6687.220277786255,-0.19375688,
4963,6688.55490231514,-0.020611165,
4964,6689.907710790634,-0.0,
4965,6691.278307914734,-0.0077866185,
4966,6692.604153871536,-0.009279102,
4967,6693.961032867432,-0.071289614,
4968,6695.291841983795,-0.35020044,
4969,6696.614905595779,-0.21070272,
4970,6697.940484285355,-0.1694985,
4971,6699.276581525803,-0.11974582,
4972,6700.623487234116,-0.43600917,
4973,6701.962604761124,-0.29948932,
4974,6703.31286072731,-0.26265535,
4975,6704.667259216309,-0.14998278,
4976,6706.013389348984,-0.0,
4977,6707.365172147751,-0.11416882,
4978,6708.694028377533,-0.7507506,
4979,6710.043262004852,-0.054637987,
4980,6711.407169818878,-0.115728214,
4981,6712.749854326248,-0.040164847,
4982,6714.085135221481,-0.07553575,
4983,6715.4344708919525,-0.5312791,
4984,6716.7831490039825,-0.20732099,
4985,6718.122526407242,-0.0,
4986,6719.446976184845,-0.571218,
4987,6720.784364461899,-0.08380706,
4988,6722.118268251419,-0.07691167,
4989,6723.450179815292,-0.144638,
4990,6724.780336141586,-0.13650762,
4991,6726.1324734687805,-0.03410519,
4992,6727.4605123996735,-0.05274734,
4993,6728.78792142868,-0.11073999,
4994,6730.119188308716,-0.12408044,
4995,6731.452013492584,-0.05100893,
4996,6732.782085180283,-0.2640221,
4997,6734.108208179474,-0.06750253,
4998,6735.444708824158,-0.055144046,
4999,6736.788082361221,-1.9571786,
5000,6739.34435749054,-0.22056434,
5001,6740.713963031769,-0.37560466,
5002,6742.090477466583,-0.16033125,
5003,6743.469781637192,-0.015509784,
5004,6744.805027723312,-0.031445593,
5005,6746.141231536865,-0.030777581,
5006,6747.497931003571,-0.018071365,
5007,6748.848742008209,-0.018314648,
5008,6750.199623346329,-0.2804011,
5009,6751.540051698685,-0.050783925,
5010,6752.880415201187,-0.0318488,
5011,6754.229861974716,-0.4258116,
5012,6755.580050468445,-0.076841034,
5013,6756.959692239761,-0.0,
5014,6758.321286439896,-0.033072807,
5015,6759.691400527954,-0.30152047,
5016,6761.039346218109,-0.15320995,
5017,6762.37819480896,-0.074995905,
5018,6763.718821763992,-0.10941962,
5019,6765.082417011261,-0.033965804,
5020,6766.44028377533,-0.13595116,
5021,6767.808097362518,-0.07531024,
5022,6769.176520347595,-0.11500378,
5023,6770.533116817474,-0.13272732,
5024,6771.881424665451,-0.06856053,
5025,6773.217689275742,-0.09346878,
5026,6774.557831764221,-0.018452987,
5027,6775.897177934647,-4.704902e-06,
5028,6777.223538398743,-3.1141436,
5029,6778.547748327255,-0.0,
5030,6779.883744239807,-0.13122748,
5031,6781.2459263801575,-0.029084189,
5032,6782.6064376831055,-0.10193369,
5033,6783.979129314423,-0.05818637,
5034,6785.316291570663,-0.22698271,
5035,6786.653012275696,-0.113514066,
5036,6787.989150762558,-0.10130814,
5037,6789.330239534378,-0.23138385,
5038,6790.691557168961,-0.1601055,
5039,6792.054522752762,-0.046608128,
5040,6793.399046421051,-0.010264396,
5041,6794.736184835434,-0.046944365,
5042,6796.087278366089,-0.054488264,
5043,6797.438480615616,-0.0,
5044,6798.789756536484,-1.3574322e-05,
5045,6800.13564491272,-0.1957723,
5046,6801.491249084473,-0.03669259,
5047,6802.840004682541,-0.075112894,
5048,6804.165784597397,-0.006030515,
5049,6805.505323171616,-0.25277516,
5050,6806.846628665924,-0.18438525,
5051,6808.178698539734,-0.5783125,
5052,6809.508645534515,-0.0064220414,
5053,6810.847180604935,-0.038952403,
5054,6812.182343959808,-0.10708571,
5055,6813.527730226517,-0.1316567,
5056,6814.864297151566,-0.100379005,
5057,6816.23024225235,-0.07936724,
5058,6817.587890625,-0.10856083,
5059,6818.953256368637,-0.011373049,
5060,6820.314574480057,-0.12924439,
5061,6821.678453922272,-0.1548818,
5062,6823.050788640976,-0.077085815,
5063,6824.454414367676,-0.18764324,
5064,6825.800582885742,-0.05808699,
5065,6827.1290328502655,-0.07015067,
5066,6828.454116106033,-0.04906758,
5067,6829.7812469005585,-0.11324758,
5068,6831.139943599701,-0.07387167,
5069,6832.496537208557,-0.09131201,
5070,6833.848763465881,-0.06317629,
5071,6835.191339254379,-6.8036485e-07,
5072,6836.534603834152,-0.0029274959,
5073,6837.894075393677,-0.21117008,
5074,6839.24741435051,-0.017666528,
5075,6840.5873165130615,-0.016287984,
5076,6841.924512147903,-0.008403337,
5077,6843.252037763596,-0.10058918,
5078,6844.588150501251,-0.3067325,
5079,6845.9355046749115,-0.12299226,
5080,6847.27369427681,-0.0029770497,
5081,6848.614614486694,-2.267205e-08,
5082,6849.952409505844,-0.0985547,
5083,6851.307148218155,-0.16314642,
5084,6852.643185853958,-0.8143845,
5085,6853.99000120163,-0.1818366,
5086,6855.349368810654,-0.0,
5087,6856.716469287872,-0.023993652,
5088,6858.060618877411,-0.068273045,
5089,6859.414850473404,-0.11573082,
5090,6860.789174556732,-0.068206586,
5091,6862.119465351105,-0.25445083,
5092,6863.482920408249,-1.270532,
5093,6864.855670928955,-0.05595997,
5094,6866.208926916122,-0.025253644,
5095,6867.53816318512,-0.013623109,
5096,6868.868476390839,-0.7013301,
5097,6870.203949689865,-0.06507408,
5098,6871.531035423279,-0.04098721,
5099,6872.869674444199,-0.61819196,
5100,6875.419221878052,-0.03691183,
5101,6876.738909244537,-0.04474604,
5102,6878.067579507828,-0.06795025,
5103,6879.395130634308,-0.5342605,
5104,6880.727318763733,-0.10784473,
5105,6882.056636095047,-0.021851689,
5106,6883.386602878571,-0.30186155,
5107,6884.732623338699,-0.0115704555,
5108,6886.093402147293,-0.07707015,
5109,6887.431785106659,-0.19772545,
5110,6888.780068635941,-0.0,
5111,6890.13530755043,-0.0862883,
5112,6891.489550352097,-0.009100438,
5113,6892.84491610527,-0.5510206,
5114,6894.185706377029,-0.070615694,
5115,6895.54301071167,-0.23250848,
5116,6896.877987384796,-0.18538906,
5117,6898.219969511032,-0.07348931,
5118,6899.550575733185,-0.0779612,
5119,6900.8790781497955,-0.051135056,
5120,6902.200098514557,-0.10089393,
5121,6903.526522159576,-0.24822727,
5122,6904.861462593079,-0.2758709,
5123,6906.201065301895,-0.10923825,
5124,6907.541393995285,-0.04659718,
5125,6908.876304864883,-0.13990341,
5126,6910.206488609314,-0.25392342,
5127,6911.555048704147,-0.09946199,
5128,6912.900262832642,-0.0056891283,
5129,6914.248882770538,-0.20376182,
5130,6915.592143058777,-0.24089687,
5131,6916.934249639511,-4.0223727e-09,
5132,6918.278064250946,-0.07676237,
5133,6919.617579698563,-0.43329558,
5134,6920.95791554451,-3.376536e-07,
5135,6922.294856786728,-0.047314964,
5136,6923.643947839737,-0.08118895,
5137,6924.9825348854065,-0.10596442,
5138,6926.320965528488,-0.01933451,
5139,6927.669186830521,-0.11895875,
5140,6928.995547294617,-0.9854991,
5141,6930.331428527832,-0.0024006532,
5142,6931.655160188675,-0.12914786,
5143,6932.977076292038,-0.14133368,
5144,6934.301499605179,-0.034405354,
5145,6935.632530212402,-0.517217,
5146,6936.958492279053,-0.021296874,
5147,6938.298953056335,-0.27058998,
5148,6939.630795717239,-0.0,
5149,6940.969350576401,-0.016652588,
5150,6942.320004940033,-0.115284964,
5151,6943.647639989853,-0.31277257,
5152,6944.973862171173,-0.026000192,
5153,6946.3160099983215,-0.28176978,
5154,6947.639577627182,-0.05010975,
5155,6948.962546348572,-0.05908396,
5156,6950.2817459106445,-0.21276957,
5157,6951.605825424194,-0.2320477,
5158,6952.91898059845,-0.009397852,
5159,6954.245824337006,-0.0925527,
5160,6955.572985172272,-0.044040464,
5161,6956.905945301056,-0.18959557,
5162,6958.241149663925,-0.1028495,
5163,6959.577063083649,-0.19787058,
5164,6960.932699203491,-0.20901507,
5165,6962.301169395447,-0.9825744,
5166,6963.642362117767,-0.23879874,
5167,6964.967827796936,-0.052174814,
5168,6966.290109395981,-0.1325638,
5169,6967.611045122147,-0.1282172,
5170,6968.945543050766,-0.16150662,
5171,6970.325175523758,-0.18120061,
5172,6971.645407438278,-0.060237303,
5173,6972.9727346897125,-0.27869663,
5174,6974.29442358017,-0.07876283,
5175,6975.6091849803925,-0.28428617,
5176,6976.932829856873,-0.14745493,
5177,6978.298635005951,-0.028039401,
5178,6979.614901065826,-0.056366727,
5179,6980.944143772125,-3.4388287,
5180,6982.261075258255,-0.123819664,
5181,6983.612247467041,-0.4478588,
5182,6984.941229104996,-0.049713414,
5183,6986.267999410629,-0.0027409072,
5184,6987.596020698547,-0.2034426,
5185,6988.916211605072,-0.43275055,
5186,6990.2356133461,-0.008171227,
5187,6991.562370538712,-0.15336974,
5188,6992.894713878632,-0.21878827,
5189,6994.229948043823,-0.08491155,
5190,6995.552251815796,-0.03788764,
5191,6996.893868923187,-0.10060363,
5192,6998.220046281815,-0.17245375,
5193,6999.550491333008,-0.59936,
5194,7000.906442403793,-0.42521906,
5195,7002.234526157379,-0.33022144,
5196,7003.552503347397,-0.37828892,
5197,7004.89642906189,-0.04795318,
5198,7006.240114688873,-2.107196,
5199,7007.579560279846,-0.334036,
5200,7010.154738903046,-0.13320859,
5201,7011.479071378708,-0.0,
5202,7012.817575216293,-0.07316962,
5203,7014.142713546753,-0.014691921,
5204,7015.478136539459,-0.068004504,
5205,7016.809479236603,-0.4806697,
5206,7018.1473734378815,-0.112977386,
5207,7019.470227718353,-0.019195378,
5208,7020.794947385788,-0.28707668,
5209,7022.130246400833,-0.058790877,
5210,7023.464981079102,-0.005673292,
5211,7024.79772901535,-0.012290822,
5212,7026.1218366622925,-0.081117794,
5213,7027.4357714653015,-0.074698836,
5214,7028.765123844147,-1.3077465,
5215,7030.087073326111,-0.15451205,
5216,7031.403930902481,-0.17493527,
5217,7032.72545337677,-0.12901883,
5218,7034.046046495438,-0.03056245,
5219,7035.363129615784,-0.0046737157,
5220,7036.709910869598,-0.13951355,
5221,7038.032888889313,-0.0052106627,
5222,7039.359658956528,-0.21707174,
5223,7040.680612564087,-1.4938631,
5224,7042.003412485123,-0.099941984,
5225,7043.313191652298,-0.13794434,
5226,7044.63823223114,-0.08450988,
5227,7045.949566602707,-0.026263662,
5228,7047.279056787491,-0.025857538,
5229,7048.610380887985,-0.057595856,
5230,7049.941053390503,-0.0,
5231,7051.265965223312,-0.11419698,
5232,7052.587269306183,-0.056907095,
5233,7053.926959276199,-0.058253646,
5234,7055.264419078827,-0.041764747,
5235,7056.614778995514,-0.112863526,
5236,7057.944737195969,-0.29665574,
5237,7059.290457010269,-0.20318791,
5238,7060.621140956879,-0.110769235,
5239,7061.946182489395,-0.011248286,
5240,7063.274133682251,-0.06533286,
5241,7064.6097502708435,-0.09237346,
5242,7065.930101633072,-0.36148843,
5243,7067.25374174118,-0.07756142,
5244,7068.575910329819,-0.011269593,
5245,7069.917178153992,-0.11700825,
5246,7071.242837429047,-0.0144472765,
5247,7072.578482866287,-0.02412274,
5248,7073.910278081894,-0.2150841,
5249,7075.25236415863,-0.06777914,
5250,7076.56412935257,-0.45751798,
5251,7077.899150133133,-0.005508019,
5252,7079.22941660881,-0.3328498,
5253,7080.564177036285,-0.05100432,
5254,7081.907575130463,-0.3062838,
5255,7083.2607889175415,-0.091645375,
5256,7084.6042330265045,-1.2167062,
5257,7085.958254814148,-0.0762968,
5258,7087.298191785812,-0.94430125,
5259,7088.653265476227,-0.015797973,
5260,7089.9971425533295,-0.053244837,
5261,7091.331203699112,-0.15634352,
5262,7092.688865184784,-0.23456094,
5263,7094.050269365311,-0.19366515,
5264,7095.392562866211,-0.09661916,
5265,7096.73420548439,-0.018390793,
5266,7098.092155456543,-0.14049837,
5267,7099.443948507309,-0.062236797,
5268,7100.779349327087,-0.28572956,
5269,7102.1475875377655,-0.03806424,
5270,7103.482733249664,-0.08543175,
5271,7104.816202640533,-0.1977292,
5272,7106.150674343109,-0.3182265,
5273,7107.485360860825,-0.20424972,
5274,7108.814806938171,-0.068189204,
5275,7110.1405074596405,-0.06990063,
5276,7111.462839841843,-0.0006755758,
5277,7112.80398440361,-0.059764877,
5278,7114.1449320316315,-0.9720871,
5279,7115.518342018127,-0.006077497,
5280,7116.875794410706,-0.056525107,
5281,7118.210325956345,-0.0,
5282,7119.559461593628,-0.07043118,
5283,7120.891523361206,-0.044839177,
5284,7122.222882032394,-0.26195315,
5285,7123.5459361076355,-0.038930703,
5286,7124.87966632843,-0.19212204,
5287,7126.208430767059,-0.0046966975,
5288,7127.540075063705,-0.08302605,
5289,7128.862758159637,-1.3138891,
5290,7130.191913843155,-0.114534535,
5291,7131.519499778748,-0.17405364,
5292,7132.853187561035,-0.010688055,
5293,7134.190694093704,-0.016657537,
5294,7135.5289051532745,-0.023054607,
5295,7136.854849100113,-0.01869814,
5296,7138.183430194855,-0.16822655,
5297,7139.518350601196,-0.09633799,
5298,7140.844066858292,-0.041541126,
5299,7142.16948390007,-0.23806408,
5300,7144.724236965179,-0.46922436,
5301,7146.056764364243,-0.17951491,
5302,7147.393424987793,-0.052887067,
5303,7148.726417541504,-0.0,
5304,7150.052004337311,-0.12686498,
5305,7151.384178876877,-0.6314579,
5306,7152.70018196106,-0.5785222,
5307,7154.037042617798,-0.056393478,
5308,7155.364470005035,-0.06905123,
5309,7156.700202226639,-4.5253646e-06,
5310,7158.024562358856,-0.03332619,
5311,7159.35062456131,-0.4213628,
5312,7160.676267385483,-0.0,
5313,7161.989637136459,-0.34636158,
5314,7163.31705904007,-0.01436505,
5315,7164.649985074997,-0.24172084,
5316,7165.975923061371,-0.056815505,
5317,7167.304348707199,-0.04750356,
5318,7168.649622917175,-0.1943229,
5319,7169.982487678528,-0.122133635,
5320,7171.2950394153595,-0.0033532823,
5321,7172.629341125488,-0.07329142,
5322,7173.958973169327,-0.076426715,
5323,7175.29093337059,-0.022875845,
5324,7176.621475934982,-3.2023596e-07,
5325,7177.944302558899,-0.12814963,
5326,7179.273592948914,-0.08354273,
5327,7180.59339594841,-0.13270685,
5328,7181.919640302658,-0.96307176,
5329,7183.247845172882,-0.12887959,
5330,7184.576131820679,-0.29428783,
5331,7185.906008243561,-0.07588418,
5332,7187.25213599205,-0.031277165,
5333,7188.579871177673,-0.10613103,
5334,7189.906639099121,-0.1804457,
5335,7191.245138883591,-0.07473219,
5336,7192.573828935623,-0.32495373,
5337,7193.914566993713,-0.054023024,
5338,7195.272745132446,-0.11453128,
5339,7196.681422710419,-0.22280043,
5340,7198.052733421326,-0.18941161,
5341,7199.413662672043,-0.22586986,
5342,7200.779014825821,-0.09695928,
5343,7202.123056650162,-0.056981303,
5344,7203.467737913132,-0.014859425,
5345,7204.806049585342,-0.124628454,
5346,7206.173376321793,-0.33992085,
5347,7207.53519821167,-0.14475688,
5348,7208.913954734802,-0.1203623,
5349,7210.274177312851,-0.20937912,
5350,7211.635392665863,-0.10307056,
5351,7212.986071109772,-0.048085608,
5352,7214.340047121048,-0.9972387,
5353,7215.6822855472565,-0.0,
5354,7217.023232221603,-8.383368,
5355,7218.3614003658295,-0.011747487,
5356,7219.761244297028,-0.6218827,
5357,7221.142533779144,-0.0085733645,
5358,7222.5230281353,-0.25297678,
5359,7223.909155368805,-0.2970656,
5360,7225.254730939865,-0.10422468,
5361,7226.603258609772,-0.095685326,
5362,7227.94362449646,-2.7939673e-10,
5363,7229.294013738632,-0.03506477,
5364,7230.651454210281,-0.11162051,
5365,7232.014310121536,-0.120132715,
5366,7233.374078035355,-0.04370528,
5367,7234.7288229465485,-0.009207902,
5368,7236.069019079208,-0.06281887,
5369,7237.424424648285,-3.6545092e-07,
5370,7238.7783925533295,-0.08654755,
5371,7240.124118566513,-0.040541798,
5372,7241.4549198150635,-0.16869552,
5373,7242.791184186935,-1.585771,
5374,7244.135362863541,-0.0,
5375,7245.479815721512,-0.12129447,
5376,7246.830826997757,-0.089798525,
5377,7248.174390792847,-0.14808014,
5378,7249.55122423172,-0.090315,
5379,7250.920131444931,-0.16705526,
5380,7252.271466255188,-0.29456583,
5381,7253.676964521408,-0.10026412,
5382,7255.089218139648,-0.028255574,
5383,7256.483188867569,-0.32259881,
5384,7257.887285709381,-0.4588669,
5385,7259.256301403046,-0.007910563,
5386,7260.618932247162,-0.18556514,
5387,7261.96536231041,-0.15887472,
5388,7263.304393291473,-0.33822843,
5389,7264.652621507645,-0.33868873,
5390,7266.010007381439,-0.15868835,
5391,7267.396322250366,-0.19977722,
5392,7268.745841741562,-0.03805662,
5393,7270.101363897324,-0.036357068,
5394,7271.441528558731,-0.009697335,
5395,7272.808885812759,-0.0,
5396,7274.1687688827515,-0.091070876,
5397,7275.53183054924,-0.016357983,
5398,7276.87686753273,-0.039034862,
5399,7278.23809170723,-0.13786893,
5400,7280.846117258072,-0.10533217,
5401,7282.181008338928,-0.1359103,
5402,7283.518495559692,-0.04375094,
5403,7284.898578166962,-0.02421972,
5404,7286.239295959473,-2.5782337,
5405,7287.561600446701,-0.04403815,
5406,7288.889123916626,-0.045825463,
5407,7290.231013059616,-1.7630727,
5408,7291.56267952919,-0.025028747,
5409,7292.88924241066,-0.056741383,
5410,7294.21995306015,-0.105995715,
5411,7295.567809343338,-0.084390536,
5412,7296.905223608017,-0.007934349,
5413,7298.231078147888,-0.19503057,
5414,7299.570532083511,-0.036130685,
5415,7300.914075136185,-5.357008,
5416,7302.3280193805695,-0.029247606,
5417,7303.693270683289,-0.3045525,
5418,7305.088792085648,-0.06878117,
5419,7306.443619012833,-0.0,
5420,7307.812415838242,-0.14295699,
5421,7309.178049564362,-0.16878131,
5422,7310.54460310936,-0.024729718,
5423,7311.932148933411,-0.10824498,
5424,7313.290654182434,-0.2125473,
5425,7314.645357608795,-0.077431776,
5426,7316.011394262314,-1.4589254,
5427,7317.354204416275,-0.047128092,
5428,7318.732324361801,-0.115790375,
5429,7320.081437826157,-0.11738896,
5430,7321.429317712784,-0.030187488,
5431,7322.780154943466,-0.018125694,
5432,7324.130026817322,-0.020597553,
5433,7325.483092308044,-0.092038065,
5434,7326.860706090927,-1.1105705,
5435,7328.218944787979,-2.2351739e-10,
5436,7329.576280593872,-0.26772797,
5437,7330.963615894318,-0.04355619,
5438,7332.3317329883575,-0.2530719,
5439,7333.678367137909,-0.16050811,
5440,7335.030435562134,-0.43224627,
5441,7336.469271183014,-0.10203622,
5442,7337.831357240677,-0.13419183,
5443,7339.1952023506165,-0.021620702,
5444,7340.548021316528,-0.15078747,
5445,7341.90597486496,-0.4273047,
5446,7343.25416135788,-0.14781097,
5447,7344.601071834564,-0.0026748986,
5448,7345.947242975235,-0.07739362,
5449,7347.302273035049,-0.056193627,
5450,7348.657182693481,-0.0716212,
5451,7350.012900352478,-0.09072052,
5452,7351.359901189804,-0.1962075,
5453,7352.701834440231,-0.13227542,
5454,7354.049360513687,-0.019582707,
5455,7355.410244941711,-0.35115317,
5456,7356.778980016708,-0.02528878,
5457,7358.168693065643,-0.0004994945,
5458,7359.522443056107,-0.11838336,
5459,7360.889607429504,-0.08965874,
5460,7362.249727964401,-0.7699878,
5461,7363.607335805893,-0.008447614,
5462,7364.963931322098,-0.10507249,
5463,7366.310945272446,-0.12134006,
5464,7367.669100284576,-0.0689817,
5465,7369.018156051636,-0.15398392,
5466,7370.383375406265,-0.50423306,
5467,7371.75253033638,-0.045522884,
5468,7373.110775709152,-0.11472203,
5469,7374.472585678101,-0.20464024,
5470,7375.834225654602,-0.035525415,
5471,7377.192191362381,-0.0,
5472,7378.575947999954,-0.055068202,
5473,7379.933521270752,-0.01809379,
5474,7381.285716295242,-0.079761125,
5475,7382.623215436935,-0.07369809,
5476,7383.981371879578,-0.082954764,
5477,7385.3321323394775,-0.20754993,
5478,7386.683223724365,-0.27359918,
5479,7388.037705659866,-0.04876534,
5480,7389.388564825058,-0.042626325,
5481,7390.743909358978,-0.0,
5482,7392.088752031326,-0.31891674,
5483,7393.437253952026,-0.01140857,
5484,7394.799756526947,-0.048284024,
5485,7396.1699895858765,-0.11945467,
5486,7397.537967920303,-0.050374717,
5487,7398.903745651245,-0.10728075,
5488,7400.252831935883,-0.11541242,
5489,7401.603764057159,-0.0,
5490,7402.965973377228,-2.8506402e-09,
5491,7404.312409877777,-0.037263066,
5492,7405.673360109329,-0.25607124,
5493,7407.017895460129,-0.08484805,
5494,7408.372858285904,-0.06980396,
5495,7409.738597393036,-0.11019225,
5496,7411.07301735878,-0.17106344,
5497,7412.4069612026215,-0.20136622,
5498,7413.750393152237,-0.025125999,
5499,7415.08416223526,-0.041471995,
5500,7417.652565002441,-0.28860095,
5501,7419.047023773193,-0.312685,
5502,7420.392309427261,-0.05187192,
5503,7421.733261108398,-0.09260242,
5504,7423.093531847,-0.0737341,
5505,7424.454372644424,-0.10981059,
5506,7425.807182073593,-0.08620972,
5507,7427.185195922852,-0.0941921,
5508,7428.551358938217,-0.024744306,
5509,7429.9145312309265,-0.0795746,
5510,7431.2832062244415,-0.0,
5511,7432.675041437149,-0.038562812,
5512,7434.0915014743805,-0.020594327,
5513,7435.439606666565,-0.03552454,
5514,7436.799566984177,-0.17224132,
5515,7438.15083527565,-0.086278886,
5516,7439.502379417419,-0.28828627,
5517,7440.858932256699,-0.16689754,
5518,7442.225677013397,-0.20444842,
5519,7443.603346824646,-0.07608299,
5520,7444.979461193085,-0.081533045,
5521,7446.351344347,-0.3992917,
5522,7447.7354283332825,-0.050307933,
5523,7449.076879024506,-0.2724231,
5524,7450.431634426117,-0.071498096,
5525,7451.778785705566,-0.38852784,
5526,7453.152441978455,-0.37131596,
5527,7454.497528791428,-0.03969708,
5528,7455.854643344879,-0.014402519,
5529,7457.216354131699,-0.101245165,
5530,7458.581243515015,-0.33857664,
5531,7459.949648141861,-0.09436456,
5532,7461.308028936386,-0.15551722,
5533,7462.659007549286,-0.06795422,
5534,7464.055179834366,-0.39345765,
5535,7465.453199386597,-0.07494601,
5536,7466.8253474235535,-0.12154015,
5537,7468.195269107819,-0.07324621,
5538,7469.577973365784,-0.10063285,
5539,7470.954001426697,-1.0186062,
5540,7471.734262704849,-0.0,
5541,7473.590450525284,-0.07364155,
5542,7474.967846155167,-0.035689533,
5543,7476.352069139481,-0.32743663,
5544,7477.725989580154,-0.052666727,
5545,7479.102257728577,-0.17283466,
5546,7480.485507726669,-0.037711725,
5547,7481.878718852997,-0.2675063,
5548,7483.276325941086,-0.29660398,
5549,7484.647704839706,-0.1931867,
5550,7486.032768011093,-0.32629427,
5551,7487.404028892517,-0.21504658,
5552,7488.781866073608,-0.22055593,
5553,7490.159424304962,-0.024051066,
5554,7491.517606973648,-0.09880016,
5555,7492.888247251511,-0.21507171,
5556,7494.24949836731,-0.0,
5557,7495.60164308548,-0.17696717,
5558,7496.967989444733,-0.017568253,
5559,7498.334139108658,-0.35802904,
5560,7499.684086799622,-0.20564912,
5561,7501.035171031952,-0.020582404,
5562,7502.393494844437,-0.26036894,
5563,7503.75420999527,-0.091396414,
5564,7505.11435675621,-0.014852528,
5565,7506.479263782501,-0.78775537,
5566,7507.834346294403,-0.030041829,
5567,7509.196594715118,-0.07823167,
5568,7510.543472766876,-0.090318024,
5569,7511.905279636383,-0.04783448,
5570,7513.252927780151,-0.022131,
5571,7514.615385770798,-0.040239807,
5572,7516.433193922043,-0.010209974,
5573,7517.782377481461,-0.3013088,
5574,7519.136115789413,-0.0,
5575,7520.49404001236,-0.12793043,
5576,7521.859564304352,-0.099054,
5577,7523.224079370499,-0.93879676,
5578,7524.579653501511,-0.14002493,
5579,7525.940155506134,-0.14713502,
5580,7527.294503450394,-0.012382856,
5581,7528.660614013672,-0.38518274,
5582,7530.033647298813,-0.052203044,
5583,7531.378194093704,-0.0444913,
5584,7532.723185300827,-0.07575476,
5585,7534.076769351959,-0.16523188,
5586,7535.443813085556,-0.023255382,
5587,7536.825881719589,-0.3548823,
5588,7538.188092708588,-0.33683747,
5589,7539.559019565582,-1.1176256,
5590,7540.92053103447,-0.2823542,
5591,7542.294775485992,-0.06368441,
5592,7543.661909341812,-0.03632056,
5593,7545.01958656311,-0.15426818,
5594,7546.408361196518,-0.051832408,
5595,7547.778503894806,-0.06922723,
5596,7549.173377990723,-0.36279446,
5597,7550.544837713242,-0.10763343,
5598,7551.937870979309,-0.13716345,
5599,7553.3055737018585,-0.02348479,
5600,7555.983963251114,-0.076757535,
5601,7557.3713183403015,-0.9831102,
5602,7558.720362901688,-0.048251897,
5603,7560.085519075394,-0.054051787,
5604,7561.462215423584,-0.33256608,
5605,7562.818514585495,-0.04153835,
5606,7564.193214893341,-0.09095883,
5607,7565.547703504562,-0.07298964,
5608,7566.913340330124,-0.1758951,
5609,7568.30629658699,-0.17922552,
5610,7569.66307759285,-0.07609014,
5611,7571.044110298157,-0.041843146,
5612,7572.422283411026,-0.2766705,
5613,7573.8071620464325,-0.05658553,
5614,7575.167353153229,-0.27084345,
5615,7576.5574514865875,-0.13995937,
5616,7577.9551022052765,-0.04434775,
5617,7579.332276344299,-0.1313637,
5618,7580.719344139099,-0.058209427,
5619,7582.133828401566,-0.037686616,
5620,7583.533000230789,-0.045599762,
5621,7584.917879343033,-0.17565148,
5622,7586.305338144302,-0.19120473,
5623,7587.698988676071,-0.06863975,
5624,7589.087063789368,-0.11407466,
5625,7590.479316711426,-0.787932,
5626,7591.862578630447,-0.10668975,
5627,7593.241891384125,-0.111370206,
5628,7594.651645898819,-0.02439126,
5629,7596.04781126976,-0.061616313,
5630,7597.444619894028,-0.224137,
5631,7598.835360765457,-0.044874866,
5632,7600.246382474899,-0.20692593,
5633,7601.654653787613,-0.27010205,
5634,7603.068343639374,-0.06505734,
5635,7604.457919359207,-2.9917766e-07,
5636,7605.849991798401,-0.12630802,
5637,7607.2433042526245,-0.031679995,
5638,7608.6285099983215,-0.0,
5639,7610.021931171417,-0.026105236,
5640,7611.414588928223,-0.06711569,
5641,7612.783869743347,-0.007880273,
5642,7614.1201684474945,-0.007467764,
5643,7615.46400976181,-0.046415176,
5644,7616.808466672897,-0.9634235,
5645,7618.165018558502,-0.1158875,
5646,7619.555912733078,-0.09148218,
5647,7620.94312953949,-0.06469017,
5648,7622.282815694809,-0.16240147,
5649,7623.615083932877,-0.023387324,
5650,7624.987120628357,-0.08401748,
5651,7626.329054117203,-0.072628066,
5652,7627.6628177165985,-0.4456154,
5653,7628.987682104111,-0.09553113,
5654,7630.320622682571,-0.5386486,
5655,7631.638675451279,-0.05438558,
5656,7632.9672935009,-0.86271715,
5657,7634.294119119644,-0.3715391,
5658,7635.613649845123,-0.1220444,
5659,7636.965716600418,-0.06059707,
5660,7638.312821149826,-0.1160805,
5661,7639.643509149551,-0.07700842,
5662,7640.979293107986,-0.10719739,
5663,7642.304700374603,-0.015965896,
5664,7643.6364133358,-0.25238895,
5665,7644.967401266098,-0.082676806,
5666,7646.296229839325,-0.14578782,
5667,7647.628889322281,-0.023616951,
5668,7648.9506940841675,-0.07963311,
5669,7650.270794868469,-0.03747417,
5670,7651.59934425354,-0.71619666,
5671,7652.920788526535,-0.2852255,
5672,7654.243492841721,-0.27084,
5673,7655.57646894455,-0.3804763,
5674,7656.913585662842,-0.028467773,
5675,7658.22756934166,-0.1122327,
5676,7659.564414978027,-0.23144844,
5677,7660.921040773392,-0.018946484,
5678,7662.309444665909,-0.0037800842,
5679,7663.670298814774,-0.114678964,
5680,7665.011504650116,-0.032354202,
5681,7666.3759751319885,-0.0022533473,
5682,7667.731959581375,-0.06018342,
5683,7669.095011472702,-0.08707699,
5684,7670.422292709351,-0.07442473,
5685,7671.748900413513,-0.013328426,
5686,7673.098559617996,-0.13575383,
5687,7674.444398880005,-0.051672295,
5688,7675.780992746353,-0.001261913,
5689,7677.121793746948,-0.015969587,
5690,7678.468003749847,-0.15064162,
5691,7679.797528743744,-0.11416533,
5692,7681.122924566269,-0.17727637,
5693,7682.461861371994,-1.9680697e-09,
5694,7683.787872314453,-0.0028702468,
5695,7685.131290197372,-0.08079989,
5696,7686.475316524506,-0.031522,
5697,7687.805818080902,-0.26431888,
5698,7689.153993606567,-0.11193279,
5699,7690.539713144302,-0.0003495312,
5700,7693.083527803421,-0.011336515,
5701,7694.401216506958,-0.10080141,
5702,7695.742914676666,-0.06584987,
5703,7697.137353420258,-0.16073868,
5704,7698.480202198029,-0.050749347,
5705,7699.802335977554,-0.033332273,
5706,7701.1279418468475,-0.18592252,
5707,7702.454216241837,-0.5473469,
5708,7703.792505264282,-0.0,
5709,7705.115287780762,-0.038924705,
5710,7706.450058698654,-0.10517065,
5711,7707.807938337326,-0.3568741,
5712,7709.207426786423,-0.21079528,
5713,7710.566117525101,-0.043500476,
5714,7711.9013040065765,-0.055978045,
5715,7713.254358530045,-0.029646862,
5716,7714.591945648193,-0.0,
5717,7715.916420698166,-0.038962524,
5718,7717.253188371658,-0.15375131,
5719,7718.645832777023,-0.045738097,
5720,7720.012055158615,-0.01698443,
5721,7721.346395015717,-0.038911484,
5722,7722.683215856552,-0.7266545,
5723,7724.021174669266,-0.09457844,
5724,7725.360222816467,-0.0,
5725,7726.698843002319,-0.014047936,
5726,7728.018488407135,-0.011255709,
5727,7729.354345083237,-0.13735375,
5728,7730.677258729935,-0.023213044,
5729,7732.002213001251,-1.219714e-05,
5730,7733.339640855789,-0.68397295,
5731,7734.668663263321,-0.14424683,
5732,7735.998535633087,-0.3712253,
5733,7737.312915325165,-0.1541174,
5734,7738.640534162521,-0.006095915,
5735,7739.9680519104,-0.1997842,
5736,7741.2893097400665,-0.020553892,
5737,7742.6167805194855,-0.054983456,
5738,7743.945226430893,-0.038877703,
5739,7745.278699636459,-0.44417006,
5740,7746.6051642894745,-0.048231155,
5741,7747.923942327499,-0.21240065,
5742,7749.256439208984,-0.0,
5743,7750.597548961639,-0.006502535,
5744,7751.923689126968,-0.04308799,
5745,7753.249624490738,-0.38127214,
5746,7754.592147827148,-0.04581736,
5747,7755.922157764435,-0.1242873,
5748,7757.247457265854,-0.03335385,
5749,7758.572266817093,-0.30142176,
5750,7759.921776294708,-0.12959054,
5751,7761.255778312683,-0.1115712,
5752,7762.579694032669,-0.13083853,
5753,7763.900429487228,-0.0,
5754,7765.223218679428,-0.07091104,
5755,7766.565241098404,-0.26260155,
5756,7767.892517089844,-0.33881176,
5757,7769.224095106125,-0.3798355,
5758,7770.569936990738,-0.030520597,
5759,7771.925635099411,-0.17714736,
5760,7773.304747343063,-0.01135437,
5761,7774.645975828171,-0.0,
5762,7775.984498500824,-0.026844373,
5763,7777.33870100975,-0.006778132,
5764,7778.684157133102,-0.083140835,
5765,7780.034346580505,-1.9436603,
5766,7781.380111694336,-0.00632592,
5767,7782.731465816498,-0.03753159,
5768,7784.062941789627,-0.04811179,
5769,7785.405690670013,-0.090360105,
5770,7786.765018701553,-0.10218846,
5771,7788.118355989456,-0.117691025,
5772,7789.478755474091,-0.17528692,
5773,7790.807628631592,-0.1945793,
5774,7792.144586801529,-0.123776585,
5775,7793.479209184647,-0.0683254,
5776,7794.810435056686,-0.22454025,
5777,7796.144071102142,-0.42918414,
5778,7797.501988649368,-0.0,
5779,7798.885518312454,-0.010093779,
5780,7800.212930440903,-0.09380798,
5781,7801.536451339722,-0.01540121,
5782,7802.883955955505,-0.13196371,
5783,7804.21803188324,-0.5936007,
5784,7805.551764965057,-0.07309058,
5785,7806.88495016098,-0.015001347,
5786,7808.227769851685,-0.5435995,
5787,7809.556294679642,-0.46204573,
5788,7810.884784221649,-0.051742066,
5789,7812.216321468353,-0.06456108,
5790,7813.5517501831055,-1.1805928,
5791,7814.885209560394,-0.67238677,
5792,7816.217418193817,-0.36956683,
5793,7817.548408031464,-0.12520207,
5794,7818.894160032272,-0.15832114,
5795,7820.223402023315,-2.4168685e-08,
5796,7821.547408819199,-0.023946187,
5797,7822.879921674728,-0.6966529,
5798,7824.22435259819,-0.26942927,
5799,7825.572070360184,-0.24114358,
5800,7828.0277218818665,-0.14324836,
5801,7829.363656759262,-0.011988375,
5802,7830.684725046158,-0.008827162,
5803,7832.010291099548,-0.04851176,
5804,7833.342564582825,-0.28658453,
5805,7834.684089899063,-0.0,
5806,7836.027261257172,-0.25075036,
5807,7837.361610412598,-0.17658722,
5808,7838.690873861313,-0.5510347,
5809,7840.0291402339935,-0.0070691407,
5810,7841.364000082016,-0.097457014,
5811,7842.696358919144,-0.060922347,
5812,7844.023042440414,-0.093489036,
5813,7845.357142686844,-0.18347555,
5814,7846.686990737915,-0.15822388,
5815,7848.026961803436,-0.008430232,
5816,7849.35967540741,-0.011506062,
5817,7850.685975790024,-0.3073171,
5818,7852.01189661026,-0.08115542,
5819,7853.351710557938,-0.09697063,
5820,7854.6783452034,-0.22327133,
5821,7856.0156626701355,-0.14981851,
5822,7857.3499665260315,-0.11625047,
5823,7858.677804470062,-0.3988078,
5824,7860.009368181229,-0.02612068,
5825,7861.346154928207,-0.12753004,
5826,7862.679393529892,-0.13635898,
5827,7864.00597858429,-0.16457336,
5828,7865.349190950394,-0.47241998,
5829,7866.682916879654,-0.111162394,
5830,7868.010111570358,-0.15586072,
5831,7869.371211767197,-0.09605983,
5832,7870.684649705887,-0.23449107,
5833,7872.00811624527,-0.057332586,
5834,7873.347482919693,-0.015543335,
5835,7874.675558805466,-0.27627307,
5836,7876.013198375702,-0.03193949,
5837,7877.345554351807,-0.08386062,
5838,7878.674578905106,-0.09627338,
5839,7879.996476173401,-0.024345746,
5840,7881.322548866272,-0.069487356,
5841,7882.656799793243,-0.14647436,
5842,7883.980637311935,-0.025909951,
5843,7885.306449890137,-0.088985726,
5844,7886.633070707321,-0.20676556,
5845,7887.967276096344,-0.14267701,
5846,7889.309024333954,-0.37132034,
5847,7890.6337950229645,-0.027188703,
5848,7891.959814071655,-0.02739061,
5849,7893.296076774597,-0.061796956,
5850,7894.614715576172,-0.049192213,
5851,7895.953305006027,-0.17162515,
5852,7897.28245639801,-0.03708897,
5853,7898.612481832504,-0.0,
5854,7899.93381023407,-0.14237727,
5855,7901.262724637985,-0.021299426,
5856,7902.594170093536,-0.11098079,
5857,7903.933384895325,-0.040574513,
5858,7905.264760971069,-0.039839692,
5859,7906.588438034058,-0.37691838,
5860,7907.908486843109,-0.024905553,
5861,7909.231874465942,-0.23915952,
5862,7910.560255050659,-0.12252635,
5863,7911.886827468872,-0.15051359,
5864,7913.211133718491,-0.0,
5865,7914.550904273987,-0.36482292,
5866,7915.886481523514,-0.020950658,
5867,7917.238174438477,-0.074082166,
5868,7918.576721429825,-0.041489568,
5869,7919.904925823212,-0.030064095,
5870,7921.231127738953,-0.03436542,
5871,7922.568526268005,-0.06886099,
5872,7923.899747610092,-0.124386325,
5873,7925.240002632141,-0.0010495728,
5874,7926.5779502391815,-0.0,
5875,7927.917340993881,-0.17422082,
5876,7929.259560346603,-0.1747247,
5877,7930.584219932556,-0.20076308,
5878,7931.912595272064,-0.07039978,
5879,7933.253795385361,-0.14057036,
5880,7934.57631111145,-0.08730392,
5881,7935.939493179321,-0.022876147,
5882,7937.266385316849,-0.073815584,
5883,7938.606250286102,-0.033336885,
5884,7939.939349651337,-0.089598075,
5885,7941.282930612564,-0.9151379,
5886,7942.6367037296295,-0.07646008,
5887,7943.998222351074,-0.025453862,
5888,7945.355304718018,-0.040972546,
5889,7946.703106641769,-0.043617092,
5890,7948.040238857269,-0.018108066,
5891,7949.372035264969,-0.07908659,
5892,7950.7060515880585,-0.4928519,
5893,7952.04096531868,-0.03788491,
5894,7953.3849329948425,-0.06618501,
5895,7954.716990709305,-0.2138507,
5896,7956.073010444641,-0.07733263,
5897,7957.414203166962,-0.0041561653,
5898,7958.765758752823,-0.49465758,
5899,7960.104258775711,-0.034099497,
5900,7962.692184209824,-0.43268198,
5901,7964.04105257988,-0.0645574,
5902,7965.3735094070435,-0.0,
5903,7966.719791889191,-0.39020783,
5904,7968.0576593875885,-0.08229275,
5905,7969.396523237228,-0.046190117,
5906,7970.725409984589,-0.37470135,
5907,7972.065794944763,-0.04384471,
5908,7973.389288902283,-0.06872009,
5909,7974.707245588303,-0.05493716,
5910,7976.039418935776,-0.04100013,
5911,7977.371563196182,-1.0794873,
5912,7978.702698469162,-0.002943349,
5913,7980.031182527542,-0.42822462,
5914,7981.355498552322,-0.12569943,
5915,7982.682033061981,-0.41330373,
5916,7984.007351160049,-0.14245045,
5917,7985.337140798569,-0.21302152,
5918,7986.657562494278,-0.5129949,
5919,7987.989352226257,-0.015233075,
5920,7989.323325872421,-0.23592474,
5921,7990.645147562027,-1.7948148,
5922,7991.971412658691,-0.10643163,
5923,7993.3132157325745,-0.16668022,
5924,7994.644974708557,-0.016798979,
5925,7995.96830368042,-0.0,
5926,7997.297950267792,-0.025835171,
5927,7998.631667852402,-0.36177477,
5928,7999.955014228821,-0.06256016,
5929,8001.281878709793,-0.082965,
5930,8002.598894357681,-0.13839793,
5931,8003.922822237015,-0.024158696,
5932,8005.253513336182,-0.035667866,
5933,8006.584729671478,-0.024232458,
5934,8007.919240474701,-0.13237536,
5935,8009.288085222244,-0.037668392,
5936,8010.639924049377,-0.011085051,
5937,8011.966889381409,-0.36050737,
5938,8013.31796503067,-0.11278169,
5939,8014.654202699661,-0.060313385,
5940,8015.994393348694,-0.038001046,
5941,8017.329223871231,-0.0,
5942,8018.667780637741,-0.028821692,
5943,8019.995883226395,-0.096971236,
5944,8021.32540845871,-0.5886369,
5945,8022.6483681201935,-0.005067186,
5946,8023.9731798172,-0.0,
5947,8025.301276445389,-0.008457877,
5948,8026.626962661743,-0.10344599,
5949,8027.955394029617,-0.22998098,
5950,8029.28600358963,-0.006674179,
5951,8030.623745441437,-0.33409736,
5952,8031.949506998062,-0.0,
5953,8033.2730448246,-0.010163149,
5954,8034.5978400707245,-0.04452701,
5955,8035.9339101314545,-0.10447574,
5956,8037.261699676514,-0.14198823,
5957,8038.5922083854675,-0.048774704,
5958,8039.915032863617,-0.07921098,
5959,8041.250808954239,-1.2953424,
5960,8042.58611702919,-1.0111041,
5961,8043.921674251556,-0.019138984,
5962,8045.262603759766,-0.035363045,
5963,8046.60547208786,-0.052300572,
5964,8047.936857461929,-0.13686436,
5965,8049.2617790699005,-0.099463224,
5966,8050.589425802231,-0.044113692,
5967,8051.916218042374,-0.05242897,
5968,8053.247017621994,-1.6975381,
5969,8054.584506034851,-0.49451154,
5970,8055.952835798264,-0.034633778,
5971,8057.283297538757,-0.023438059,
5972,8058.615432024002,-0.012000017,
5973,8059.950453996658,-0.07556757,
5974,8061.2771689891815,-0.024242375,
5975,8062.610685586929,-0.19774549,
5976,8063.94540977478,-0.049577653,
5977,8065.279071569443,-0.018067544,
5978,8066.613432645798,-0.11383723,
5979,8067.9474885463715,-1.4283161,
5980,8069.274807691574,-0.099537864,
5981,8070.616249799728,-0.08549234,
5982,8071.94372344017,-0.022867525,
5983,8073.276556491852,-0.054450687,
5984,8074.607547521591,-0.067417815,
5985,8075.944099664688,-0.05453474,
5986,8077.277163982391,-0.036243472,
5987,8078.634580373764,-0.16873829,
5988,8079.960124731064,-0.059173886,
5989,8081.297560453415,-0.058992803,
5990,8082.631306886673,-0.23023148,
5991,8083.964205026627,-0.0017968841,
5992,8085.308148622513,-0.0474139,
5993,8086.652412891388,-0.08911813,
5994,8087.990314722061,-0.15991643,
5995,8089.324900627136,-0.11676582,
5996,8090.658625602722,-0.07217078,
5997,8091.99267411232,-0.035503026,
5998,8093.337704181671,-0.41475448,
5999,8094.661769151688,-0.0,
6000,8097.130434989929,-0.37813142,
6001,8098.464750051498,-2.2065575,
6002,8099.7847492694855,-0.07584226,
6003,8101.107969999313,-0.26888016,
6004,8102.452324390411,-0.16390282,
6005,8103.810402393341,-0.09487095,
6006,8105.140836954117,-0.013237293,
6007,8106.46556520462,-0.0017640538,
6008,8107.794676780701,-0.025536198,
6009,8109.146040916443,-0.027268091,
6010,8110.478184938431,-0.041026894,
6011,8111.810508489609,-0.21446887,
6012,8113.130736351013,-0.13430887,
6013,8114.459335803986,-1.7102948,
6014,8115.79030752182,-0.0,
6015,8117.124571800232,-0.030898225,
6016,8118.453451395035,-0.08404658,
6017,8119.795529127121,-0.07530466,
6018,8121.132444620132,-0.011185779,
6019,8122.48092341423,-0.6435949,
6020,8123.824339389801,-0.18352482,
6021,8125.176698446274,-0.025129026,
6022,8126.530066251755,-0.0060348883,
6023,8127.8824853897095,-0.016999936,
6024,8129.223702430725,-0.28587595,
6025,8130.594460964203,-0.21523446,
6026,8131.980656147003,-0.010924379,
6027,8133.320282697678,-0.07006059,
6028,8134.651988506317,-0.060872056,
6029,8135.999943256378,-0.12414387,
6030,8137.350617647171,-0.17633992,
6031,8138.692079305649,-0.0,
6032,8140.027169466019,-0.026944421,
6033,8141.377161741257,-0.18087122,
6034,8142.713703155518,-0.052603006,
6035,8144.05825138092,-0.11959491,
6036,8145.396567583084,-0.02839553,
6037,8146.745823144913,-0.064249486,
6038,8148.080587863922,-0.08159912,
6039,8149.41299533844,-0.17070286,
6040,8150.744376182556,-0.0073569836,
6041,8152.068991184235,-0.16212198,
6042,8153.406793117523,-0.084760055,
6043,8154.728220462799,-0.08282459,
6044,8156.083205938339,-0.08700033,
6045,8157.421569108963,-0.090194866,
6046,8158.742766618729,-0.06270903,
6047,8160.06596326828,-0.032286126,
6048,8161.393477678299,-0.71775025,
6049,8162.723956108093,-0.0,
6050,8164.062083721161,-0.0074426173,
6051,8165.388695001602,-0.03845508,
6052,8166.731567621231,-0.069332495,
6053,8168.066578388214,-0.0,
6054,8169.385489702225,-0.035421822,
6055,8170.7053825855255,-0.016701903,
6056,8172.026497602463,-0.14973557,
6057,8173.344407558441,-0.14891797,
6058,8174.658378124237,-0.15871808,
6059,8175.988567829132,-0.4268261,
6060,8177.329318284988,-0.20251437,
6061,8178.674421072006,-0.24363296,
6062,8179.99853181839,-0.112114035,
6063,8181.316010475159,-0.14058034,
6064,8182.640944957733,-0.24958427,
6065,8183.9782428741455,-0.6704421,
6066,8185.305994272232,-0.084276214,
6067,8186.630676984787,-0.12275906,
6068,8187.971848487854,-0.07664925,
6069,8189.312872648239,-0.11639943,
6070,8190.644614934921,-0.1996462,
6071,8191.980432987213,-0.04804498,
6072,8193.30457520485,-0.030073816,
6073,8194.635269165039,-0.13909265,
6074,8196.001509428024,-0.1061926,
6075,8197.358712911606,-0.15234305,
6076,8198.697991609573,-0.49574107,
6077,8200.033252239227,-0.020220174,
6078,8201.357238054276,-0.006905113,
6079,8202.678535938263,-7.870821e-09,
6080,8204.00945353508,-0.045749325,
6081,8205.337730884552,-0.03475671,
6082,8206.666169643402,-0.108820446,
6083,8207.998267889023,-0.0,
6084,8209.328424930573,-0.035484344,
6085,8210.668608427048,-0.01600257,
6086,8212.006620168686,-0.07405986,
6087,8213.334265470505,-0.18657607,
6088,8214.669743061066,-0.053395562,
6089,8216.003757238388,-0.03597711,
6090,8217.330846071243,-0.2466558,
6091,8218.659994602203,-1.7548035,
6092,8219.994091510773,-0.15747172,
6093,8221.331982851028,-0.097865954,
6094,8222.671020746231,-0.08881186,
6095,8223.996993780136,-0.05015832,
6096,8225.328588962555,-0.8626007,
6097,8226.663070440292,-0.08477011,
6098,8227.992822408676,-0.28923413,
6099,8229.311424016953,-0.10552348,
6100,8231.827487945557,-0.23549807,
6101,8233.161712646484,-0.30657893,
6102,8234.478128194809,-0.0051943185,
6103,8235.80211019516,-0.055369437,
6104,8237.134230613708,-0.0,
6105,8238.463260889053,-0.11167007,
6106,8239.784539222717,-0.008574825,
6107,8241.112277507782,-0.07297079,
6108,8242.445435523987,-0.017739972,
6109,8243.788673877716,-0.13933639,
6110,8245.109607696533,-0.30136022,
6111,8246.450568199158,-0.14894684,
6112,8247.791236639023,-0.17861533,
6113,8249.118604183197,-0.0,
6114,8250.44645357132,-0.0,
6115,8251.78817486763,-0.052601974,
6116,8253.117450237274,-0.08756059,
6117,8254.437334060669,-0.0730972,
6118,8255.763415336609,-0.021376658,
6119,8257.091233968735,-0.857094,
6120,8258.414751768112,-0.0933616,
6121,8259.747079610825,-0.0,
6122,8261.069730520248,-0.09247874,
6123,8262.394463777542,-5.010659,
6124,8263.733795404434,-0.05253573,
6125,8265.063555002213,-0.063402675,
6126,8266.38140797615,-0.14258784,
6127,8267.69390463829,-0.062745385,
6128,8269.021886348724,-0.0013129398,
6129,8270.347290039062,-0.03329166,
6130,8271.672167301178,-0.203822,
6131,8272.993188858032,-0.0,
6132,8274.328912734985,-0.023522306,
6133,8275.656975507736,-0.06849778,
6134,8276.993521213531,-0.22542986,
6135,8278.333414554596,-0.36140978,
6136,8279.66416144371,-1.067692,
6137,8280.993656158447,-0.06614934,
6138,8282.324660301208,-0.04254515,
6139,8283.655297756195,-0.12400914,
6140,8284.993387937546,-0.33864093,
6141,8286.329668521881,-0.11898452,
6142,8287.669061899185,-0.05227232,
6143,8288.997303247452,-0.0,
6144,8290.34012556076,-0.026867492,
6145,8291.678644418716,-0.07961216,
6146,8293.022184610367,-0.07467281,
6147,8294.364873170853,-0.014304613,
6148,8295.714915275574,-0.027410572,
6149,8297.057761907578,-0.28346846,
6150,8298.40237736702,-0.2846211,
6151,8299.74566245079,-0.1033486,
6152,8301.08313536644,-0.47738132,
6153,8302.417591810226,-0.020775206,
6154,8303.754734039307,-0.044763148,
6155,8305.10253238678,-0.011578288,
6156,8306.444636106491,-0.032255802,
6157,8307.78352022171,-2.0955212,
6158,8309.129522562027,-0.029394047,
6159,8310.471504926682,-0.021187987,
6160,8311.809666633606,-0.20094009,
6161,8313.145840644836,-0.10681959,
6162,8314.49114394188,-0.03703134,
6163,8315.823197841644,-0.14760259,
6164,8317.172830343246,-0.01664038,
6165,8318.530774354935,-0.08160192,
6166,8319.865385770798,-0.16155119,
6167,8321.195048332214,-0.08051011,
6168,8322.518449306488,-0.23805125,
6169,8323.848284959793,-0.08127576,
6170,8325.180503606796,-0.45681456,
6171,8326.512296199799,-0.030705959,
6172,8327.844418525696,-0.03864585,
6173,8329.18765759468,-0.04641176,
6174,8330.530964374542,-0.0037063712,
6175,8331.874299049377,-0.05281547,
6176,8333.224033594131,-0.023914844,
6177,8334.563106060028,-0.41229227,
6178,8335.90953540802,-0.17656529,
6179,8337.247336149216,-0.06935968,
6180,8338.603842020035,-0.024753679,
6181,8339.962686300278,-0.04577812,
6182,8341.282653093338,-0.21681945,
6183,8342.606416463852,-0.053147454,
6184,8343.929446458817,-0.0019630222,
6185,8345.253029584885,-0.34505284,
6186,8346.602308511734,-0.12426826,
6187,8347.940320968628,-0.5991039,
6188,8349.280571222305,-0.011111943,
6189,8350.621888160706,-0.033897426,
6190,8351.947977542877,-0.39774895,
6191,8353.27705836296,-0.03970068,
6192,8354.604406356812,-0.10622058,
6193,8355.947323322296,-0.24194293,
6194,8357.282413959503,-0.022264611,
6195,8358.60967707634,-0.0,
6196,8359.982166051865,-0.39014187,
6197,8361.344344377518,-3.425554e-11,
6198,8362.679123878479,-0.027370367,
6199,8364.04272723198,-0.17582744,
6200,8366.527026891708,-0.03680273,
6201,8367.844002485275,-0.011548139,
6202,8369.18047451973,-0.15905136,
6203,8370.503313302994,-0.2945473,
6204,8371.84097313881,-0.11846139,
6205,8373.165445566177,-0.1962184,
6206,8374.479683637619,-0.22505453,
6207,8375.79936003685,-0.0,
6208,8377.116510629654,-0.07000303,
6209,8378.443443775177,-0.08395049,
6210,8379.773144245148,-0.014293256,
6211,8381.095404148102,-0.0,
6212,8382.41227030754,-0.011258718,
6213,8383.738604307175,-0.026579356,
6214,8385.058945417404,-0.48802665,
6215,8386.38048696518,-0.0,
6216,8387.71202802658,-0.10498379,
6217,8389.035001277924,-0.017617574,
6218,8390.364316940308,-0.09197371,
6219,8391.700983285904,-0.0007523383,
6220,8393.015813350677,-0.0023835208,
6221,8394.339366197586,-0.19573031,
6222,8395.658290624619,-0.13211493,
6223,8396.979177713394,-0.095951565,
6224,8398.319358110428,-0.3062291,
6225,8399.647776842117,-0.13481739,
6226,8400.97685456276,-0.02959646,
6227,8402.29675245285,-0.12642325,
6228,8403.622292995453,-0.035556957,
6229,8404.952710151672,-0.44622457,
6230,8406.281952857971,-0.2753396,
6231,8407.610667943954,-0.04155878,
6232,8408.965644836426,-0.095150456,
6233,8410.301285266876,-0.023189168,
6234,8411.618252038956,-0.24357508,
6235,8412.941385746002,-0.1427162,
6236,8414.276249408722,-0.0076881116,
6237,8415.608351707458,-0.080487005,
6238,8416.93189740181,-0.0128847305,
6239,8418.255230665207,-0.025570855,
6240,8419.581961393356,-0.0017388124,
6241,8420.90803027153,-3.1370864e-10,
6242,8422.227329730988,-0.06188644,
6243,8423.54839682579,-0.108976066,
6244,8424.876418828964,-1.4039646,
6245,8426.208371639252,-0.09174882,
6246,8427.523685455322,-0.015495328,
6247,8428.84678864479,-0.3122717,
6248,8430.17734837532,-0.14168034,
6249,8431.503429174423,-0.0515834,
6250,8432.833591461182,-0.0419312,
6251,8434.159219503403,-0.059435077,
6252,8435.481968641281,-0.12733561,
6253,8436.810109615326,-0.026547989,
6254,8438.149874687195,-0.06305355,
6255,8439.475003957748,-2.061086e-09,
6256,8440.791486263275,-0.4838218,
6257,8442.12172961235,-0.09291176,
6258,8443.462520360947,-0.20674644,
6259,8444.798787593842,-0.9813764,
6260,8446.134831666946,-0.084783405,
6261,8447.452382087708,-2.4909266e-07,
6262,8448.775956392288,-0.030890316,
6263,8450.111582517624,-0.018386096,
6264,8451.436743974686,-0.22499114,
6265,8452.76692032814,-0.100446366,
6266,8454.105173826218,-0.10902606,
6267,8455.43530869484,-0.06479354,
6268,8456.763274669647,-0.030177355,
6269,8458.104090929031,-0.1409553,
6270,8459.443049669266,-0.07595254,
6271,8460.78016281128,-0.019451503,
6272,8462.130026817322,-0.18229339,
6273,8463.483731031418,-0.23424542,
6274,8464.818302154541,-0.12907466,
6275,8466.141698122025,-0.092825815,
6276,8467.480018138885,-0.014439406,
6277,8468.820244312286,-0.0,
6278,8470.140827655792,-0.08149237,
6279,8471.484529733658,-0.41057697,
6280,8472.837446212769,-0.0,
6281,8474.187201738358,-0.053715758,
6282,8475.53328704834,-0.13913879,
6283,8476.894391536713,-0.2131876,
6284,8478.250792741776,-0.08284458,
6285,8479.620077371597,-0.16913974,
6286,8480.962250232697,-8.896211e-10,
6287,8482.29177904129,-0.1358619,
6288,8483.637905359268,-0.0858007,
6289,8484.986428499222,-0.0,
6290,8486.317289352417,-0.08568864,
6291,8487.653342962265,-0.09275721,
6292,8488.987209558487,-0.07508123,
6293,8490.319323778152,-0.024419818,
6294,8491.659213066101,-0.32638198,
6295,8492.994161844254,-0.29771665,
6296,8494.343822479248,-0.12461666,
6297,8495.680351257324,-0.14273842,
6298,8497.016028881073,-0.13118102,
6299,8498.347232818604,-0.025264218,
6300,8500.97302031517,-0.3591628,
6301,8502.353190422058,-0.052154016,
6302,8503.72383761406,-0.2869859,
6303,8505.062883138657,-3.1465454e-05,
6304,8506.41634273529,-0.15042365,
6305,8507.752545118332,-2.4633241e-08,
6306,8509.08041191101,-0.66080844,
6307,8510.404072999954,-0.074894935,
6308,8511.737508058548,-0.16843113,
6309,8513.072613239288,-0.026010375,
6310,8514.394862651825,-0.058646377,
6311,8515.72670173645,-0.09203935,
6312,8517.057600736618,-0.022788275,
6313,8518.37032532692,-0.068539634,
6314,8519.694651842117,-0.14747676,
6315,8521.050391197205,-0.20692651,
6316,8522.396743297577,-0.050806582,
6317,8523.762881755829,-4.8021626,
6318,8525.099578142166,-0.0,
6319,8526.433365821838,-0.250005,
6320,8527.768924951553,-0.057505067,
6321,8529.109025478363,-0.082484856,
6322,8530.430996894836,-0.3276815,
6323,8531.752043485641,-0.049104117,
6324,8533.102617740631,-0.16783653,
6325,8534.427277326584,-0.34071004,
6326,8535.769217967987,-0.01620021,
6327,8537.087504148483,-0.10710154,
6328,8538.411151885986,-0.6138106,
6329,8539.731738090515,-0.016272014,
6330,8541.057154655457,-0.12123579,
6331,8542.391526937485,-0.15951908,
6332,8543.719327926636,-0.0,
6333,8545.06074142456,-0.021412,
6334,8546.432609081268,-6.2515574e-06,
6335,8547.763656139374,-0.055908866,
6336,8549.105257034302,-0.042897098,
6337,8550.446183681488,-0.06260682,
6338,8551.786612510681,-0.006713107,
6339,8553.122243881226,-0.48103195,
6340,8554.456476449966,-0.036101896,
6341,8555.791779756546,-0.16594666,
6342,8557.128940582275,-0.24194555,
6343,8558.445011138916,-0.00956188,
6344,8559.770777463913,-0.199049,
6345,8561.09761929512,-2.4971598e-07,
6346,8562.428008794785,-1.6521965,
6347,8563.755337715149,-0.019673482,
6348,8565.091010808945,-1.453655,
6349,8566.409542560577,-0.13391764,
6350,8567.731183767319,-0.053099208,
6351,8569.090638875961,-0.029593997,
6352,8570.419678926468,-0.009184335,
6353,8571.758611679077,-0.37047404,
6354,8573.095413684845,-0.0,
6355,8574.446786880493,-0.33312735,
6356,8575.836612701416,-0.0,
6357,8577.17179608345,-0.058228057,
6358,8578.511462450027,-0.027047137,
6359,8579.853335618973,-0.12728575,
6360,8581.206699609756,-0.35795313,
6361,8582.56145453453,-0.040223952,
6362,8583.915832519531,-0.0064813904,
6363,8585.258754014969,-0.18289989,
6364,8586.617087125778,-0.04334832,
6365,8587.979112625122,-0.024297759,
6366,8589.32562303543,-0.015307261,
6367,8590.672201395035,-0.05455664,
6368,8592.017253875732,-0.01630519,
6369,8593.353773117065,-0.050445355,
6370,8594.68404340744,-0.085558064,
6371,8596.022089481354,-0.011519074,
6372,8597.357905387878,-0.10010947,
6373,8598.71113562584,-3.2343295,
6374,8600.043120384216,-0.03533681,
6375,8601.373586654663,-0.07237078,
6376,8602.709784030914,-0.015208269,
6377,8604.0548787117,-0.0557834,
6378,8605.411895751953,-0.4000783,
6379,8606.759952545166,-0.018501014,
6380,8608.09751701355,-0.03166371,
6381,8609.429419517517,-0.014706684,
6382,8610.767158985138,-0.06278043,
6383,8612.113028526306,-0.3332383,
6384,8613.446393728256,-0.22392206,
6385,8614.790893316269,-0.026849622,
6386,8616.120774269104,-0.06643858,
6387,8617.460790395737,-0.041476287,
6388,8618.790097475052,-0.19688782,
6389,8620.114191532135,-0.04085058,
6390,8621.450687646866,-0.29136276,
6391,8622.787828207016,-0.9561729,
6392,8624.12325501442,-0.14636457,
6393,8625.452553272247,-0.015523759,
6394,8626.78937625885,-0.0,
6395,8628.118229150772,-0.013861897,
6396,8629.446611166,-0.010531821,
6397,8630.791925430298,-0.013790331,
6398,8632.136900901794,-0.048987567,
6399,8633.466980218887,-0.12698972,
6400,8635.966048240662,-0.0963955,
6401,8637.303231716156,-0.114796065,
6402,8638.634840011597,-0.034606703,
6403,8639.954780817032,-9.347342e-07,
6404,8641.344537258148,-0.058444213,
6405,8642.687438964844,-0.1810139,
6406,8644.031743049622,-0.16963173,
6407,8645.369886398315,-0.036315884,
6408,8646.713515281677,-0.1836741,
6409,8648.050765037537,-2.8338496e-05,
6410,8649.38219499588,-0.0,
6411,8650.72168469429,-0.0,
6412,8652.060488939285,-0.20133066,
6413,8653.40263581276,-0.22775729,
6414,8654.747810125351,-0.10957572,
6415,8656.101466417313,-0.15130883,
6416,8657.440604925156,-0.16065708,
6417,8658.779863595963,-0.0715036,
6418,8660.136554956436,-0.3095005,
6419,8661.476202011108,-0.13017808,
6420,8662.81070637703,-0.090804756,
6421,8664.151222705841,-0.0,
6422,8665.48115515709,-0.4369576,
6423,8666.814482450485,-0.0259515,
6424,8668.14677643776,-0.12414148,
6425,8669.481947660446,-0.06780215,
6426,8670.82256102562,-0.1444689,
6427,8672.155939340591,-0.07369208,
6428,8673.49304819107,-0.16390955,
6429,8674.829838752747,-0.089435704,
6430,8676.15853047371,-0.13577338,
6431,8677.48878788948,-0.069934696,
6432,8678.81269454956,-0.042207304,
6433,8680.14042687416,-0.017720023,
6434,8681.457266330719,-0.04036518,
6435,8682.786150455475,-0.13806003,
6436,8684.114515066147,-0.06793223,
6437,8685.44574046135,-0.23082057,
6438,8686.771028757095,-0.013001837,
6439,8688.098546981812,-0.31083125,
6440,8689.42239022255,-0.032593723,
6441,8690.736478805542,-0.050569225,
6442,8692.06101322174,-0.0,
6443,8693.397581577301,-0.058881044,
6444,8694.722170829773,-0.035121907,
6445,8696.051083803177,-0.1601553,
6446,8697.384602308273,-0.10289519,
6447,8698.713541030884,-0.005410965,
6448,8700.047767877579,-0.019840302,
6449,8701.366602420807,-0.04324562,
6450,8702.693054676056,-0.16261105,
6451,8704.03828716278,-0.029541917,
6452,8705.392343759537,-0.012096484,
6453,8706.727745294571,-4.4356904e-10,
6454,8708.076844930649,-0.10879063,
6455,8709.421255111694,-0.031095691,
6456,8710.7912068367,-0.08826773,
6457,8712.193288087845,-0.15510508,
6458,8713.603421449661,-0.33870873,
6459,8714.974157571793,-0.044697665,
6460,8716.332896709442,-0.99675626,
6461,8717.65534567833,-0.057083994,
6462,8718.987876415253,-0.004825481,
6463,8720.317568540573,-0.11636681,
6464,8721.646070957184,-0.13515398,
6465,8722.970118045807,-0.3583963,
6466,8724.29866886139,-0.09577043,
6467,8725.632221698761,-0.36705926,
6468,8726.957033157349,-0.09321005,
6469,8728.290578126907,-0.042870097,
6470,8729.629496097565,-2.045868,
6471,8730.959442138672,-0.028933546,
6472,8732.283880472183,-0.0073382645,
6473,8733.618333816528,-0.21338612,
6474,8734.94868850708,-0.015007029,
6475,8736.295375585556,-0.41108322,
6476,8737.623296499252,-0.09890084,
6477,8738.94081735611,-0.4384003,
6478,8740.284324169159,-0.076416336,
6479,8741.607746362686,-0.13984194,
6480,8742.926020145416,-0.07054379,
6481,8744.259377241135,-0.030670851,
6482,8745.572301149368,-0.22049324,
6483,8746.897189617157,-0.1876015,
6484,8748.220879077911,-0.03182158,
6485,8749.549011468887,-0.041703366,
6486,8750.889701128006,-0.040977,
6487,8752.218465566635,-0.0,
6488,8753.558076143265,-0.19769362,
6489,8754.882275342941,-0.14030184,
6490,8756.223442077637,-0.07383846,
6491,8757.55033326149,-0.20391308,
6492,8758.880684375763,-0.017133867,
6493,8760.203926086426,-0.08079108,
6494,8761.529887199402,-0.20062271,
6495,8762.865267753601,-0.11484819,
6496,8764.181961774826,-0.04522714,
6497,8765.499711990356,-0.06122521,
6498,8766.844866275787,-0.108920276,
6499,8768.175981760025,-0.044911187,
6500,8770.665829181671,-0.08340079,
6501,8771.990274429321,-0.12146257,
6502,8773.321994543076,-0.18168949,
6503,8774.64568901062,-0.4371624,
6504,8775.963950872421,-0.0306737,
6505,8777.310495615005,-0.123827614,
6506,8778.680171251297,-0.03258134,
6507,8780.03988456726,-0.030388042,
6508,8781.394243717194,-0.26943848,
6509,8782.756105661392,-0.25978056,
6510,8784.08545589447,-0.0,
6511,8785.448283195496,-0.021373166,
6512,8786.770094156265,-0.02980644,
6513,8788.105101108551,-0.15144761,
6514,8789.425275802612,-0.42544705,
6515,8790.75734782219,-0.0066472986,
6516,8792.084917545319,-0.034841117,
6517,8793.416440963745,-0.106597714,
6518,8794.74411535263,-0.26905578,
6519,8796.080682516098,-0.088206604,
6520,8797.405767440796,-0.07791176,
6521,8798.734759807587,-0.010810804,
6522,8800.059536218643,-0.027790455,
6523,8801.420199394226,-0.19358686,
6524,8802.748583316803,-0.09007415,
6525,8804.086943387985,-0.0,
6526,8805.424812316895,-0.055343103,
6527,8806.751169681549,-0.13675041,
6528,8808.076673030853,-0.06826664,
6529,8809.397650241852,-0.00819616,
6530,8810.74829506874,-0.13723342,
6531,8812.080091714859,-0.07998754,
6532,8813.41204380989,-0.07932382,
6533,8814.751702070236,-0.047515996,
6534,8816.113315820694,-1.9868214e-09,
6535,8817.444571256638,-0.07236712,
6536,8818.78027009964,-0.28324693,
6537,8820.117517471313,-0.13417903,
6538,8821.450090885162,-0.057758622,
6539,8822.78572678566,-0.15155056,
6540,8824.117039442062,-1.312529,
6541,8825.459320783615,-0.0108499285,
6542,8826.813686609268,-0.94722694,
6543,8828.15149641037,-0.031466577,
6544,8829.5110476017,-0.015774507,
6545,8830.867208242416,-0.056985937,
6546,8832.245699167252,-1.0648681,
6547,8833.61391878128,-0.041863967,
6548,8835.001642942429,-0.16897655,
6549,8836.36912560463,-0.17347288,
6550,8837.712012052536,-0.064464696,
6551,8839.061640501022,-0.0,
6552,8840.397987604141,-0.41498715,
6553,8841.742673635483,-0.020656513,
6554,8843.072392225266,-0.098180346,
6555,8844.409409761429,-0.090638265,
6556,8845.764459133148,-0.13331804,
6557,8847.139855384827,-1.5794469,
6558,8848.464935302734,-0.18849644,
6559,8849.822956323624,-1.28637,
6560,8851.1496052742,-0.0,
6561,8852.488957643509,-0.10978566,
6562,8853.823020219803,-0.17125045,
6563,8855.143903970718,-0.10095976,
6564,8856.47771525383,-0.21852663,
6565,8857.805238485336,-0.0,
6566,8859.134681940079,-0.25040048,
6567,8860.465025424957,-0.0,
6568,8861.823127746582,-0.2703957,
6569,8863.172596216202,-0.010056495,
6570,8864.528339147568,-0.20634806,
6571,8865.857235908508,-0.0,
6572,8867.183952093124,-0.044332825,
6573,8868.509723901749,-0.11679584,
6574,8869.82988166809,-0.117757484,
6575,8871.195143222809,-0.30092165,
6576,8872.540792703629,-0.13460399,
6577,8873.877544879913,-0.35731655,
6578,8875.197942972183,-0.63628423,
6579,8876.520697593689,-0.01049646,
6580,8877.857453346252,-0.069084495,
6581,8879.190561771393,-0.10066879,
6582,8880.516498804092,-0.07237664,
6583,8881.843055963516,-0.2751399,
6584,8883.203401088715,-0.20905998,
6585,8884.56991147995,-0.015515077,
6586,8885.909792661667,-0.15778005,
6587,8887.249082565308,-0.0211313,
6588,8888.584310054779,-0.32890853,
6589,8889.920950651169,-0.03786326,
6590,8891.238808870316,-0.5360406,
6591,8892.564727783203,-0.023350757,
6592,8893.903391838074,-0.065241225,
6593,8895.234872341156,-0.028725699,
6594,8896.55152130127,-0.32583806,
6595,8897.87404203415,-0.09243887,
6596,8899.192341327667,-0.015014751,
6597,8900.529493808746,-0.0,
6598,8901.855892896652,-0.019275319,
6599,8903.186468839645,-0.12643893,
6600,8905.686449289322,-0.0,
6601,8907.01161122322,-0.21014252,
6602,8908.339308261871,-0.04383656,
6603,8909.667719841003,-0.028542824,
6604,8910.994701862335,-0.12912595,
6605,8912.314664840698,-0.0,
6606,8913.65377831459,-0.06137821,
6607,8914.981804847717,-0.0005928186,
6608,8916.324179410934,-0.0,
6609,8917.657170295715,-0.0038537146,
6610,8918.987701177597,-0.039853398,
6611,8920.295924186707,-0.15339197,
6612,8921.62884926796,-0.0331228,
6613,8922.962107658386,-0.18692279,
6614,8924.283076047897,-0.019490296,
6615,8925.621586561203,-0.06608671,
6616,8926.972793102264,-0.039183773,
6617,8928.304110765457,-0.02787002,
6618,8929.640434980392,-0.067876555,
6619,8930.970113754272,-0.10656938,
6620,8932.317854881287,-0.21796033,
6621,8933.660080909729,-0.14882988,
6622,8935.002136230469,-0.1683409,
6623,8936.327337265015,-0.0126332315,
6624,8937.65941953659,-0.45454237,
6625,8939.00839471817,-0.071522534,
6626,8940.339176893234,-0.039185114,
6627,8941.659348249435,-0.04310596,
6628,8942.985851049423,-0.28443938,
6629,8944.309248685837,-0.51028746,
6630,8945.63959980011,-0.20213947,
6631,8946.965692043304,-0.16403723,
6632,8948.314452409744,-2.5444152e-08,
6633,8949.637116909027,-0.104505226,
6634,8950.971884965897,-0.06956994,
6635,8952.291618585587,-0.06239195,
6636,8953.628992080688,-0.0,
6637,8954.963180065155,-0.00048039755,
6638,8956.315372228622,-0.458952,
6639,8957.646965265274,-0.08169529,
6640,8958.986296415329,-0.009827176,
6641,8960.319826602936,-0.0,
6642,8961.650823354721,-0.10390761,
6643,8962.981200933456,-0.02321824,
6644,8964.311048746109,-0.049735043,
6645,8965.64907503128,-0.3576976,
6646,8966.979940652847,-1.4280984,
6647,8968.310914754868,-0.019748423,
6648,8969.067462444305,-0.24280983,
6649,8970.917151212692,-0.16098267,
6650,8972.279950380325,-0.52260894,
6651,8973.606779575348,-0.05852176,
6652,8974.935100317001,-0.100393504,
6653,8976.265031576157,-0.04905901,
6654,8977.591861009598,-0.0019945353,
6655,8978.925583600998,-0.082935415,
6656,8980.260515928268,-8.85553e-05,
6657,8981.594279050827,-0.08845782,
6658,8982.925094604492,-0.002589615,
6659,8984.245869398117,-0.5225855,
6660,8985.565201759338,-0.03418565,
6661,8986.910889863968,-0.14662173,
6662,8988.24521446228,-0.041053556,
6663,8989.585618495941,-0.063681796,
6664,8990.930699825287,-0.17129794,
6665,8992.278280496597,-1.9268728,
6666,8993.611518383026,-0.039072774,
6667,8994.946544408798,-0.07713871,
6668,8996.280150651932,-0.19367215,
6669,8997.631014108658,-0.15284419,
6670,8998.966580867767,-0.39439735,
6671,9000.29800081253,-0.0,
6672,9001.631784200668,-0.024892636,
6673,9002.96917128563,-0.06407612,
6674,9004.302127838135,-0.018710395,
6675,9005.639525651932,-0.15096244,
6676,9006.98623752594,-0.14532292,
6677,9008.34350824356,-0.037191644,
6678,9009.679889678955,-0.0075887414,
6679,9011.023195266724,-0.8872507,
6680,9012.357820034027,-0.034059506,
6681,9013.681853532791,-0.061884314,
6682,9015.010331630707,-0.0005630035,
6683,9016.34751868248,-0.29199713,
6684,9017.68759059906,-0.027684,
6685,9019.03656077385,-0.008114396,
6686,9020.374057531357,-0.020837175,
6687,9021.69861626625,-0.059367366,
6688,9023.018322467804,-8.438587e-08,
6689,9024.372636318207,-0.10009577,
6690,9025.68933057785,-0.14177898,
6691,9027.020288705826,-1.4045478,
6692,9028.346029281616,-0.03908161,
6693,9029.672491550446,-0.068539195,
6694,9030.985235214233,-0.010430983,
6695,9032.299459218979,-6.633229e-08,
6696,9033.615810871124,-0.0038909044,
6697,9034.956184864044,-0.31227452,
6698,9036.278910160065,-1.0944846,
6699,9037.600133419037,-0.09579755,
6700,9040.190726995468,-0.021363901,
6701,9041.514603853226,-0.24802178,
6702,9042.84285235405,-0.07365969,
6703,9044.166793346405,-0.023700215,
6704,9045.502934455872,-0.0070038275,
6705,9046.830809116364,-0.0,
6706,9048.157977581024,-0.043549277,
6707,9049.489158630371,-0.24993445,
6708,9050.840866327286,-0.044707593,
6709,9052.161369562149,-0.0677934,
6710,9053.48030257225,-0.049108416,
6711,9054.797320842743,-0.25827673,
6712,9056.137446641922,-0.0,
6713,9057.459910869598,-0.055370063,
6714,9058.785850763321,-0.03036274,
6715,9060.117695093155,-0.06321628,
6716,9061.45380783081,-0.06561264,
6717,9062.785279273987,-0.18271467,
6718,9064.103773355484,-0.03366887,
6719,9065.429527759552,-0.676892,
6720,9066.766182899475,-0.24164113,
6721,9068.105441331863,-0.2677024,
6722,9069.434224367142,-0.0061284876,
6723,9070.766093492508,-0.09887455,
6724,9072.151909589767,-0.047385342,
6725,9073.496463537216,-0.94449055,
6726,9074.81124162674,-0.2026363,
6727,9076.147045373917,-0.57566357,
6728,9077.500088214874,-0.07322044,
6729,9078.81935763359,-0.09871013,
6730,9080.139855861664,-0.044735488,
6731,9081.468847513199,-0.32834828,
6732,9082.808207273483,-3.600279e-10,
6733,9084.154596567154,-0.08896588,
6734,9085.49796128273,-0.06877783,
6735,9086.835414648056,-0.045206327,
6736,9088.173701286316,-0.036222924,
6737,9089.498616456985,-0.01447686,
6738,9090.826616287231,-0.003334156,
6739,9092.14227938652,-0.10460273,
6740,9093.526445865631,-0.0,
6741,9094.86847448349,-0.16406426,
6742,9096.188203811646,-0.22943766,
6743,9097.501260757446,-0.15056819,
6744,9098.82576417923,-0.074650325,
6745,9100.152242422104,-0.09793408,
6746,9101.476018667221,-0.040338285,
6747,9102.801137208939,-0.0017682593,
6748,9104.120960235596,-0.015365805,
6749,9105.441210746765,-0.16191272,
6750,9106.764547109604,-0.057717778,
6751,9108.087747573853,-0.027962971,
6752,9109.406014204025,-0.181214,
6753,9110.724059343338,-0.24358678,
6754,9112.042230844498,-0.01318564,
6755,9113.36952161789,-0.022462936,
6756,9114.70239853859,-0.059326798,
6757,9116.026397228241,-0.022162652,
6758,9117.35535120964,-0.13926248,
6759,9118.68444108963,-0.013381699,
6760,9120.015341997147,-0.35470498,
6761,9121.343015909195,-0.029992653,
6762,9122.684014081955,-0.22167304,
6763,9124.010976314545,-0.078424916,
6764,9125.338365077972,-0.111732066,
6765,9126.666738510132,-0.05791998,
6766,9127.996287107468,-0.078387745,
6767,9129.325286149979,-0.1831928,
6768,9130.658789634705,-0.26106513,
6769,9131.986835956573,-0.16959465,
6770,9133.317155122757,-0.19609004,
6771,9134.641340732574,-0.12080112,
6772,9135.960762500763,-0.0028668004,
6773,9137.283488035202,-0.066386595,
6774,9138.612922668457,-0.010724795,
6775,9139.94200706482,-0.05174506,
6776,9141.262421369553,-0.07012654,
6777,9142.577801704407,-0.105480485,
6778,9143.900772809982,-0.34339383,
6779,9145.220056533813,-0.0,
6780,9146.545719385147,-0.25459537,
6781,9147.87281036377,-0.27878422,
6782,9149.214339733124,-0.055680167,
6783,9150.560460090637,-0.017209278,
6784,9151.898056030273,-0.0,
6785,9153.228293418884,-0.1168084,
6786,9154.565314531326,-0.0,
6787,9155.8816010952,-0.20931521,
6788,9157.201243162155,-0.15850584,
6789,9158.52513885498,-0.03639672,
6790,9159.88440656662,-0.0,
6791,9161.235686779022,-0.015076614,
6792,9162.615240573883,-0.0,
6793,9163.96422958374,-0.16187549,
6794,9165.303293466568,-0.0,
6795,9166.654720306396,-0.003793262,
6796,9167.99666261673,-0.028064404,
6797,9169.344514131546,-0.14373551,
6798,9170.685405015945,-0.012810957,
6799,9172.039239645004,-0.19801798,
6800,9174.594022750854,-5.097981,
6801,9175.935724258423,-0.19331053,
6802,9177.276399850845,-0.038560234,
6803,9178.613645076752,-0.114011355,
6804,9179.944091796875,-0.024934689,
6805,9181.280306100845,-0.09304306,
6806,9182.621049404144,-0.07472847,
6807,9183.969019889832,-0.17668621,
6808,9185.313378334045,-0.07859761,
6809,9186.639959096909,-0.43063316,
6810,9187.986795186996,-0.104397126,
6811,9189.319149255753,-0.0,
6812,9190.645486354828,-0.56598866,
6813,9191.977967500687,-0.19746709,
6814,9193.324018478394,-0.05888011,
6815,9194.658650636673,-0.5849151,
6816,9195.985925197601,-0.04645157,
6817,9197.31315612793,-0.16780362,
6818,9198.640742301941,-0.022993121,
6819,9199.971525907516,-0.01154003,
6820,9201.290905237198,-0.111790776,
6821,9202.633319616318,-0.022940936,
6822,9203.965694665909,-0.122590326,
6823,9205.29388332367,-0.10575129,
6824,9206.636533975601,-0.04627899,
6825,9207.962411642075,-0.08824481,
6826,9209.29625916481,-0.08293148,
6827,9210.643868684769,-0.028716719,
6828,9211.975686788559,-0.12049025,
6829,9213.301129341125,-0.122845985,
6830,9214.636345148087,-0.15584515,
6831,9215.97176194191,-0.024934854,
6832,9217.30652499199,-0.00016742075,
6833,9218.643082141876,-0.0,
6834,9219.973095655441,-0.21805309,
6835,9221.300644636154,-1.3013433,
6836,9222.634255886078,-0.020133516,
6837,9223.957736968994,-0.014762858,
6838,9225.279475212097,-0.17258559,
6839,9226.60328412056,-0.05561544,
6840,9227.940706253052,-0.11181657,
6841,9229.26658654213,-0.024405858,
6842,9230.593398094177,-0.083484545,
6843,9231.93166399002,-0.01653401,
6844,9233.257134199142,-0.08575527,
6845,9234.579481124878,-0.22423767,
6846,9235.91083073616,-0.006521093,
6847,9237.23586320877,-0.0249371,
6848,9238.566378831863,-0.34127435,
6849,9239.897064447403,-0.006581885,
6850,9241.238101482391,-0.07363521,
6851,9242.564368963242,-0.1374088,
6852,9243.897082805634,-0.26421958,
6853,9245.227137565613,-0.19314918,
6854,9246.556951761246,-0.039255682,
6855,9247.881446361542,-0.10318488,
6856,9249.213836431503,-0.44529212,
6857,9250.53468799591,-0.061132047,
6858,9251.870810508728,-0.056971386,
6859,9253.192520856857,-0.22540483,
6860,9254.512047290802,-0.12659673,
6861,9255.841621160507,-0.88082564,
6862,9257.1832549572,-0.0,
6863,9258.507298469543,-0.12849301,
6864,9259.837309360504,-0.39659834,
6865,9261.172909975052,-0.59915996,
6866,9262.505110263824,-0.056081083,
6867,9263.823541879654,-0.07468674,
6868,9265.159418344498,-0.03635149,
6869,9266.48878645897,-1.1847568,
6870,9267.818794727325,-0.038151663,
6871,9269.145564079285,-0.09046649,
6872,9270.473224639893,-0.35484618,
6873,9271.798096895218,-0.11416109,
6874,9273.126797914505,-0.16412234,
6875,9274.447905778885,-2.3102568e-10,
6876,9275.770821094513,-0.14417246,
6877,9277.0984416008,-0.049762327,
6878,9278.4263381958,-0.11570708,
6879,9279.749350070953,-0.2542211,
6880,9281.077660560608,-0.3611766,
6881,9282.398066043854,-0.14821734,
6882,9283.730085849762,-0.027084012,
6883,9285.064713478088,-0.22122586,
6884,9286.380095243454,-0.0,
6885,9287.714529514313,-0.06455268,
6886,9289.043405532837,-0.030102497,
6887,9290.384319782257,-0.026199648,
6888,9291.710947990417,-0.060687985,
6889,9293.043914794922,-0.27438253,
6890,9294.370226621628,-0.005199961,
6891,9295.69498348236,-0.0368464,
6892,9297.022955179214,-0.07704824,
6893,9298.340871334076,-0.020618524,
6894,9299.680824041367,-0.3078277,
6895,9301.018972158432,-0.041116767,
6896,9302.344332456589,-0.0047641573,
6897,9303.672456979752,-0.0045387843,
6898,9305.000697135925,-0.037291326,
6899,9306.346781730652,-0.108240396,
6900,9308.953063249588,-0.12726742,
6901,9310.297549962997,-0.036218382,
6902,9311.625163555145,-0.10233763,
6903,9312.950829029083,-0.060519148,
6904,9314.274233818054,-0.37038624,
6905,9315.598831653595,-0.040621936,
6906,9316.918334722519,-0.21641198,
6907,9318.248678445816,-0.4996791,
6908,9319.578322172165,-0.0151778525,
6909,9320.903887033463,-0.0919148,
6910,9322.219205379486,-0.11907802,
6911,9323.546424627304,-0.14839372,
6912,9324.871482133865,-0.0149369165,
6913,9326.199716091156,-0.06732182,
6914,9327.529287576675,-0.01615009,
6915,9328.860832691193,-0.14282444,
6916,9330.19607758522,-0.19495137,
6917,9331.537563085556,-0.754506,
6918,9332.86382317543,-0.37664673,
6919,9334.21020436287,-0.10504657,
6920,9335.538454055786,-1.1448004,
6921,9336.871261835098,-0.09027096,
6922,9338.238851070404,-0.02275522,
6923,9339.57961845398,-0.16280615,
6924,9340.921330213547,-0.21645857,
6925,9342.274054050446,-0.058117278,
6926,9343.625816583633,-0.07652392,
6927,9344.98366189003,-0.14372377,
6928,9346.339024305344,-2.7107959e-05,
6929,9347.68828868866,-0.024108779,
6930,9349.031693458557,-0.11995351,
6931,9350.386952877045,-0.21473849,
6932,9351.744327545166,-0.029726371,
6933,9353.090279102325,-0.058105383,
6934,9354.434476852417,-0.0,
6935,9355.76291179657,-0.14245324,
6936,9357.093121528625,-0.2915062,
6937,9358.44104385376,-0.0870451,
6938,9359.778875350952,-0.1598347,
6939,9361.12278342247,-0.0,
6940,9362.455555677414,-0.07763883,
6941,9363.789810419083,-0.06026494,
6942,9365.138309001923,-0.21515162,
6943,9366.481767654419,-0.1779661,
6944,9367.813388347626,-0.111934885,
6945,9369.14341044426,-0.07087675,
6946,9370.476788520813,-0.0,
6947,9371.802901744843,-0.6818492,
6948,9373.136863946915,-0.07709472,
6949,9374.469497203827,-0.14946717,
6950,9375.785245418549,-0.041870046,
6951,9377.112665891647,-0.10292435,
6952,9378.458931684494,-0.16918273,
6953,9379.795953989029,-0.04859993,
6954,9381.127294540405,-0.039731525,
6955,9382.45455956459,-0.07632585,
6956,9383.783335447311,-0.106113076,
6957,9385.102672576904,-0.29885408,
6958,9386.424895048141,-0.052680045,
6959,9387.758213281631,-0.10062175,
6960,9389.094845056534,-0.03629005,
6961,9390.427862167358,-0.0791073,
6962,9391.748276233673,-0.039748244,
6963,9393.079779863358,-0.24873537,
6964,9394.402847766876,-0.16565739,
6965,9395.73430633545,-0.2110871,
6966,9397.06145644188,-0.0,
6967,9398.392726421356,-0.5266102,
6968,9399.714242696762,-0.0,
6969,9401.041003465652,-0.11190303,
6970,9402.374768733978,-0.0,
6971,9403.702188968658,-0.15955749,
6972,9405.032677412033,-1.0157013,
6973,9406.37493300438,-0.032275405,
6974,9407.711613416672,-0.03440956,
6975,9409.039906263351,-0.38195348,
6976,9410.374452352524,-0.031627845,
6977,9411.703912973404,-1.5934153,
6978,9413.019538640976,-0.05540946,
6979,9414.349704504013,-0.1993089,
6980,9415.686639547348,-0.17247833,
6981,9417.020295619965,-0.2996645,
6982,9418.34624671936,-0.06530725,
6983,9419.66886639595,-0.0,
6984,9420.993692874908,-0.18086144,
6985,9422.325306653976,-0.0,
6986,9423.65408706665,-0.14107426,
6987,9424.990443229675,-0.17131993,
6988,9426.326006650925,-0.034961537,
6989,9427.670665025711,-0.016031545,
6990,9429.000089645386,-0.0,
6991,9430.324717283249,-0.004864363,
6992,9431.646188735962,-0.026822643,
6993,9432.968525648117,-0.027084926,
6994,9434.298233270645,-0.16484423,
6995,9435.642095088959,-0.10879451,
6996,9437.014417409897,-0.0,
6997,9438.355066776276,-0.11641204,
6998,9439.685623645782,-0.03067387,
6999,9441.026472330093,-0.06535865,
7000,9443.963319778442,-0.23360246,
7001,9445.2819211483,-0.0059122765,
7002,9446.615677118301,-0.23448454,
7003,9447.975096225739,-0.1437944,
7004,9449.301016807556,-0.06566252,
7005,9450.631145000458,-0.05683761,
7006,9451.961886644363,-0.27945337,
7007,9453.293549060822,-0.09067358,
7008,9454.64066529274,-0.06560229,
7009,9455.978296518326,-0.5729005,
7010,9457.32240319252,-0.18338835,
7011,9458.671719551086,-0.20220526,
7012,9460.01586675644,-0.27034575,
7013,9461.366048812866,-0.09056899,
7014,9462.707287311554,-0.010226934,
7015,9464.042363643646,-0.012051245,
7016,9465.390330553055,-0.06031805,
7017,9466.726972818375,-0.06021058,
7018,9468.057844638824,-0.037509825,
7019,9469.381410121918,-0.048629366,
7020,9470.719619750977,-0.008943107,
7021,9472.04437160492,-0.05879417,
7022,9473.365718841553,-0.57538843,
7023,9474.68924498558,-0.28480953,
7024,9476.009078741074,-0.069429025,
7025,9477.329813241959,-0.14871348,
7026,9478.660416603088,-0.003118219,
7027,9479.99194431305,-0.123125285,
7028,9481.314049005508,-0.027895737,
7029,9482.635095596313,-0.0722498,
7030,9483.965874195099,-0.11269484,
7031,9485.288026571274,-0.04155624,
7032,9486.612181663513,-0.0133006815,
7033,9487.934182882309,-0.072312236,
7034,9489.265296936035,-0.0,
7035,9490.589774370193,-0.025484608,
7036,9491.916867494583,-0.05690027,
7037,9493.235224723816,-0.066428274,
7038,9494.558333873749,-0.025827907,
7039,9495.885134458542,-0.01553811,
7040,9497.20743393898,-0.0005749944,
7041,9498.54123210907,-0.10635725,
7042,9499.864336013794,-0.0,
7043,9501.181976556778,-0.0,
7044,9502.518389701843,-0.00012016065,
7045,9503.84210896492,-0.45508164,
7046,9505.173504829407,-1.1122422,
7047,9506.496746778488,-0.08591523,
7048,9507.825814962387,-0.20787108,
7049,9509.153309583664,-0.07971162,
7050,9510.48212981224,-0.400118,
7051,9511.817301511765,-0.029479278,
7052,9513.144309043884,-0.048276395,
7053,9514.461330413818,-0.0,
7054,9515.781802654266,-0.015515407,
7055,9517.114547729492,-0.018599708,
7056,9518.43935751915,-0.17775488,
7057,9519.754425764084,-0.04326542,
7058,9521.07387137413,-0.055616636,
7059,9522.398859024048,-0.0,
7060,9523.731912374496,-0.5132556,
7061,9525.059582948685,-0.005681845,
7062,9526.400800943375,-0.070400104,
7063,9527.751754522324,-0.31427282,
7064,9529.092608451843,-0.20257753,
7065,9530.435982465744,-0.025901834,
7066,9531.780138254166,-0.14633974,
7067,9533.129384756088,-0.3382756,
7068,9534.479750156403,-0.0128488485,
7069,9535.810310602188,-0.01955076,
7070,9537.146936893463,-0.024985222,
7071,9538.494956493378,-0.17275244,
7072,9539.838204145432,-0.03829357,
7073,9541.176318645477,-0.056402147,
7074,9542.508623600006,-0.13293387,
7075,9543.842998027802,-0.00038359038,
7076,9545.17731165886,-0.023715992,
7077,9546.504473686218,-0.14117944,
7078,9547.845390081406,-0.03148938,
7079,9549.202320814133,-0.060895532,
7080,9550.537482738495,-0.10919713,
7081,9551.872240543365,-0.17678495,
7082,9553.213075637817,-0.21727788,
7083,9554.554605484009,-0.27960652,
7084,9555.888841629028,-0.12615749,
7085,9557.219012498856,-0.0,
7086,9558.584756851196,-0.07436905,
7087,9559.916358947754,-0.40861255,
7088,9561.24979710579,-0.23296925,
7089,9562.576543807983,-0.0,
7090,9563.91094326973,-0.0,
7091,9565.260622501373,-0.15078545,
7092,9566.617936134338,-0.1174129,
7093,9567.943892002106,-0.06667332,
7094,9569.268277406693,-0.10835915,
7095,9570.58743429184,-0.10411828,
7096,9571.918584823608,-0.005561718,
7097,9573.239075899124,-0.16782586,
7098,9574.606177330017,-0.08064225,
7099,9575.938342809677,-0.045192238,
7100,9578.422085046768,-0.34368202,
7101,9579.744222164154,-0.11898084,
7102,9581.08147072792,-0.0030269355,
7103,9582.42143368721,-0.020111933,
7104,9583.744984865189,-0.0047512855,
7105,9585.082233667374,-0.078731984,
7106,9586.428256034851,-0.01593633,
7107,9587.776582717896,-2.4273372e-10,
7108,9589.101949930191,-0.0,
7109,9590.469464540482,-0.061497435,
7110,9591.83028125763,-0.07229519,
7111,9593.179022312164,-0.063699916,
7112,9594.516786813736,-0.054048665,
7113,9595.829020738602,-0.16490504,
7114,9597.16727924347,-0.23147446,
7115,9598.501004219055,-0.16752626,
7116,9599.820211172104,-0.12578574,
7117,9601.143059968948,-0.10867191,
7118,9602.47377872467,-0.078251764,
7119,9603.800984859467,-0.18866183,
7120,9605.140468358994,-0.16983366,
7121,9606.463822126389,-0.018764142,
7122,9607.789665699005,-0.047545146,
7123,9609.117320775986,-0.1571912,
7124,9610.467175483704,-0.03480899,
7125,9611.804422616959,-0.013667019,
7126,9613.176860809326,-0.042105503,
7127,9614.518346071243,-0.0,
7128,9615.89635848999,-0.0,
7129,9617.236031293869,-0.17732005,
7130,9618.568468093872,-0.21588175,
7131,9619.917763710022,-0.015136212,
7132,9621.237593650818,-0.0,
7133,9622.560503482819,-0.14674418,
7134,9623.875571012497,-0.0,
7135,9625.194189548492,-0.19726095,
7136,9626.523166656494,-0.22804603,
7137,9627.85216665268,-0.084382564,
7138,9629.187867164612,-9.456136e-08,
7139,9630.514633655548,-0.08541314,
7140,9631.837073802948,-0.03479611,
7141,9633.17810845375,-0.111553006,
7142,9634.510686635971,-5.493515e-11,
7143,9635.834533691406,-0.046442583,
7144,9637.155826091766,-0.004646636,
7145,9638.479084968567,-0.08826649,
7146,9639.805723190308,-0.008184628,
7147,9641.129457235336,-0.12317744,
7148,9642.461852312088,-0.0,
7149,9643.788334608078,-0.0,
7150,9645.132912635803,-0.002613553,
7151,9646.460362672806,-0.072184876,
7152,9647.792353153229,-0.0,
7153,9649.14104771614,-0.045690306,
7154,9650.476562261581,-0.0,
7155,9651.804801940918,-0.029160032,
7156,9653.15972995758,-0.13951463,
7157,9654.498296022415,-0.040016495,
7158,9655.838321447372,-0.32857364,
7159,9657.15868139267,-0.13236688,
7160,9658.483402729034,-0.013629141,
7161,9659.799841880798,-0.044679686,
7162,9661.120115756989,-0.011502626,
7163,9662.442509889603,-0.001280603,
7164,9663.770588159561,-0.14286165,
7165,9665.10127711296,-0.04222598,
7166,9666.424212694168,-0.024833769,
7167,9667.743426084518,-0.34198928,
7168,9669.075670957565,-0.046060964,
7169,9670.403607606888,-0.013936688,
7170,9671.740099906921,-0.19625553,
7171,9673.073104143143,-0.14884219,
7172,9674.399658203125,-0.0,
7173,9675.732022762299,-0.28278548,
7174,9677.059083938599,-0.0,
7175,9678.385177135468,-0.039904326,
7176,9679.709683179855,-0.07832751,
7177,9681.042517900467,-0.1631082,
7178,9682.369941949844,-0.06696595,
7179,9683.702858686447,-0.26215178,
7180,9685.02377152443,-0.045986664,
7181,9686.364926815033,-0.033314515,
7182,9687.691002368927,-0.12044005,
7183,9689.018078804016,-0.071757816,
7184,9690.342086076736,-0.017284561,
7185,9691.671233654022,-0.039229263,
7186,9692.994502067566,-0.08563119,
7187,9694.308094263077,-0.07333032,
7188,9695.6353161335,-0.08374923,
7189,9696.962593317032,-0.38336426,
7190,9698.300132989883,-0.13260528,
7191,9699.62613248825,-0.114594206,
7192,9700.96610546112,-0.15449543,
7193,9702.306406259537,-0.072022095,
7194,9703.652319908142,-0.08772589,
7195,9705.003466844559,-0.28591502,
7196,9706.354339122772,-0.026146995,
7197,9707.700694561005,-0.21944657,
7198,9709.037313699722,-0.02763499,
7199,9710.382199525833,-0.10408127,
7200,9712.979298114777,-1.4749989e-05,
7201,9714.32546043396,-0.01768779,
7202,9715.662414073944,-0.12787327,
7203,9717.019378185272,-0.015058312,
7204,9718.369171380997,-0.08972007,
7205,9719.704680204391,-0.021315333,
7206,9721.032958745956,-0.059986018,
7207,9722.372677087784,-0.1853913,
7208,9723.711950778961,-0.04063389,
7209,9725.046386241913,-0.07363365,
7210,9726.377235651016,-0.016288279,
7211,9727.7054977417,-0.042353377,
7212,9729.07306432724,-0.05132556,
7213,9730.413976192474,-0.04455056,
7214,9731.740044355392,-0.046848472,
7215,9733.0698428154,-1.974346,
7216,9734.389154195786,-0.3763864,
7217,9735.7106051445,-0.06710299,
7218,9737.042453050613,-0.16473007,
7219,9738.370324134827,-0.18191248,
7220,9739.703933954239,-0.0,
7221,9741.036979913712,-0.09181136,
7222,9742.370195150375,-0.047228485,
7223,9743.68900179863,-0.03434447,
7224,9745.024673461914,-0.1923941,
7225,9746.34906053543,-0.18597986,
7226,9747.699946403503,-0.1610525,
7227,9749.02569437027,-0.1000633,
7228,9750.354988098145,-0.03764741,
7229,9751.689432621002,-0.21284887,
7230,9753.022881031036,-0.20324458,
7231,9754.34319782257,-0.014001199,
7232,9755.671311855316,-0.0084391795,
7233,9756.99908876419,-0.0001031755,
7234,9758.325099229813,-0.031605177,
7235,9759.648802518845,-0.03311696,
7236,9760.970675230026,-0.0298209,
7237,9762.29788851738,-0.0,
7238,9763.619674921036,-0.51458025,
7239,9764.937651872635,-0.16737635,
7240,9766.256631612778,-0.02099217,
7241,9767.574619293213,-0.15657145,
7242,9768.890038728714,-0.13443501,
7243,9770.208096027374,-0.0032174964,
7244,9771.529911518097,-0.26563418,
7245,9772.862362146378,-0.65680206,
7246,9774.185331106186,-0.07102793,
7247,9775.5132188797,-0.0,
7248,9776.835247278214,-0.046345085,
7249,9778.16861462593,-0.0015810627,
7250,9779.491578817368,-0.06670004,
7251,9780.8156914711,-0.3017114,
7252,9782.138543367386,-0.30329645,
7253,9783.490935325623,-0.03569001,
7254,9784.853650569916,-0.02247988,
7255,9786.18010354042,-0.04821904,
7256,9787.514451026917,-0.0,
7257,9788.856678724289,-0.01613206,
7258,9790.174772977829,-0.45914242,
7259,9791.497245073318,-0.07382675,
7260,9792.822223901749,-0.17199098,
7261,9794.15653371811,-0.017406765,
7262,9795.480235338211,-0.17376596,
7263,9796.81136226654,-0.017960565,
7264,9798.13931441307,-0.07140941,
7265,9799.460721969604,-0.08478089,
7266,9800.783644676208,-0.04430162,
7267,9802.110501766205,-0.41045284,
7268,9803.431956529617,-0.1025894,
7269,9804.767478942871,-0.05118718,
7270,9806.088494300842,-0.21696448,
7271,9807.439187288284,-0.04492841,
7272,9808.764783859253,-9.830707e-07,
7273,9810.088480472565,-0.048591424,
7274,9811.414640426636,-0.0,
7275,9812.740516424179,-0.31241855,
7276,9814.064675092697,-0.0124906115,
7277,9815.38756775856,-0.08832024,
7278,9816.72503733635,-0.83291095,
7279,9818.072214603424,-0.08116245,
7280,9819.391143321991,-1.4222212e-07,
7281,9820.740332365036,-0.0,
7282,9822.093962430954,-0.03929761,
7283,9823.410677909851,-0.083574876,
7284,9824.742356777191,-0.119789645,
7285,9826.073036670685,-0.06974342,
7286,9827.40818452835,-0.00876139,
7287,9828.734192371368,-0.008277385,
7288,9830.053327322006,-0.13380179,
7289,9831.384762048721,-0.14950645,
7290,9832.719574689865,-0.0,
7291,9834.060891151428,-0.07657723,
7292,9835.40674829483,-0.122678235,
7293,9836.742272377014,-0.04664242,
7294,9838.086508274078,-0.0,
7295,9839.412444591522,-0.02345881,
7296,9840.745101451874,-0.004966194,
7297,9842.073730945587,-0.17002662,
7298,9843.394293546677,-0.016455293,
7299,9844.729515314102,-0.15535231,
7300,9847.266540288925,-0.075820535,
7301,9848.592071294785,-0.025977531,
7302,9849.938594579697,-0.0,
7303,9851.270604848862,-0.079951726,
7304,9852.599508285522,-1.4687244,
7305,9853.925994157791,-1.2191174,
7306,9855.247607946396,-0.059521113,
7307,9856.573355436325,-0.21772762,
7308,9857.901454925537,-0.12739402,
7309,9859.218770980835,-0.18297513,
7310,9860.57986164093,-0.046611242,
7311,9861.923547029495,-0.15708879,
7312,9863.26798582077,-0.8216642,
7313,9864.59987616539,-0.14563532,
7314,9865.947063684464,-0.15220487,
7315,9867.272625923157,-0.18417236,
7316,9868.601444005966,-0.025008531,
7317,9869.931366205215,-0.13662487,
7318,9871.261320114136,-0.028069977,
7319,9872.579299211502,-0.26893646,
7320,9873.909209251404,-0.059726536,
7321,9875.235988616943,-0.045757033,
7322,9876.573775529861,-0.059804052,
7323,9877.906455278397,-0.6581532,
7324,9879.23631119728,-0.16644686,
7325,9880.57670211792,-0.022549048,
7326,9881.928138256073,-0.12878162,
7327,9883.268879413605,-0.0,
7328,9884.609414577484,-0.12051546,
7329,9885.945121526718,-0.255706,
7330,9887.292621850967,-0.08406446,
7331,9888.628007173538,-0.16634822,
7332,9889.98026061058,-0.16216132,
7333,9891.331827163696,-0.06801181,
7334,9892.686191558838,-0.06229819,
7335,9894.03305053711,-0.07450341,
7336,9895.372121334076,-0.013979064,
7337,9896.706356287003,-0.0013698263,
7338,9898.04960179329,-0.05540481,
7339,9899.376648664474,-0.0,
7340,9900.72519659996,-0.1196056,
7341,9902.062568426132,-0.13339649,
7342,9903.408529996872,-0.06349789,
7343,9904.742681264877,-0.049399085,
7344,9906.075228691101,-0.08263604,
7345,9907.407737255096,-0.014655875,
7346,9908.753504753113,-0.0,
7347,9910.085779428482,-0.059417468,
7348,9911.417785644531,-0.0282702,
7349,9912.74129152298,-0.058295768,
7350,9914.075383424759,-0.07569091,
7351,9915.406455278397,-0.05153964,
7352,9916.741721630096,-0.0022041742,
7353,9918.079823493958,-0.07851949,
7354,9919.400824069977,-0.045914806,
7355,9920.719961643219,-0.23288986,
7356,9922.051672697067,-0.0,
7357,9923.392298460007,-0.43269366,
7358,9924.721844911575,-0.10792433,
7359,9926.053649187088,-0.3005619,
7360,9927.377536058426,-0.096521445,
7361,9928.706039428711,-0.423276,
7362,9930.03805565834,-0.35973096,
7363,9931.35474038124,-0.08571969,
7364,9932.688053131104,-0.0028936092,
7365,9934.025337219238,-0.10927824,
7366,9935.3423807621,-3.875334e-08,
7367,9936.654804468155,-0.019056663,
7368,9937.992022275925,-0.08735649,
7369,9939.329169988632,-0.105914086,
7370,9940.671583414078,-0.12345268,
7371,9942.024143695831,-0.10819122,
7372,9943.348362207413,-0.015597433,
7373,9944.684605836868,-0.04078951,
7374,9946.018731832504,-0.041578628,
7375,9947.345646381378,-0.0,
7376,9948.700836896896,-0.25689885,
7377,9950.032047748566,-0.029610127,
7378,9951.350935459137,-0.059338972,
7379,9952.692326307297,-0.1289838,
7380,9954.01706624031,-0.14050366,
7381,9955.352152109146,-0.536883,
7382,9956.68175983429,-3.6344254e-09,
7383,9958.030764102936,-0.14121822,
7384,9959.368574619293,-0.13347869,
7385,9960.715542554855,-0.18268086,
7386,9962.042358875275,-0.07492272,
7387,9963.371034622192,-0.102210626,
7388,9964.706950187683,-0.06879546,
7389,9966.031554222107,-0.09101954,
7390,9967.36316370964,-0.12622821,
7391,9968.684576749802,-0.065894924,
7392,9970.026001930237,-0.14199965,
7393,9971.351196050644,-0.0,
7394,9972.670623779297,-1.2041339e-10,
7395,9973.984587192535,-0.00857999,
7396,9975.313195943832,-0.04165257,
7397,9976.650131225586,-0.022636928,
7398,9977.967609882355,-0.07175674,
7399,9979.29387331009,-0.033465516,
7400,9981.763731241226,-0.051112562,
7401,9983.073949337006,-0.15806535,
7402,9984.393137454987,-4.907232e-07,
7403,9985.74266576767,-1.0078877,
7404,9987.07209444046,-0.0,
7405,9988.390647411346,-0.016895724,
7406,9989.73814535141,-0.12638354,
7407,9991.068155050278,-0.09677479,
7408,9992.415791749954,-0.09599068,
7409,9993.746464252472,-0.3086851,
7410,9995.062780380249,-0.045769487,
7411,9996.381669044495,-0.03789337,
7412,9997.709324359894,-0.07222105,
7413,9999.029347658157,-0.030562196,
7414,10000.342684984207,-0.062581785,
7415,10001.667193889618,-0.050717555,
7416,10003.016348838806,-0.12040874,
7417,10004.348979234695,-0.018785145,
7418,10005.690841436386,-0.06995152,
7419,10007.008152961731,-0.0,
7420,10008.330972909927,-0.066139445,
7421,10009.644502878189,-0.41385558,
7422,10010.969538211823,-0.0065611093,
7423,10012.284735918045,-0.2898691,
7424,10013.62152504921,-0.3239014,
7425,10014.945483922958,-0.020706486,
7426,10016.301592588425,-0.082120344,
7427,10017.621362924576,-0.006693105,
7428,10018.937608003616,-0.155875,
7429,10020.26144695282,-0.23769493,
7430,10021.581562757492,-0.024994178,
7431,10022.897025346756,-0.03124816,
7432,10024.248196601868,-0.10350996,
7433,10025.575201749802,-0.077300906,
7434,10026.905711650848,-0.27151778,
7435,10028.227436065674,-0.35964948,
7436,10029.550352573395,-0.18681264,
7437,10030.873651266098,-1.9050816e-08,
7438,10032.19109582901,-0.50221264,
7439,10033.513737678528,-0.04725977,
7440,10034.84844994545,-0.045212656,
7441,10036.202427148819,-0.09932439,
7442,10037.5219810009,-0.0,
7443,10038.853152036667,-0.013292549,
7444,10040.220532655716,-0.023032181,
7445,10041.565020799637,-0.46410897,
7446,10042.880515813828,-0.0154706,
7447,10044.212811470032,-0.027561689,
7448,10045.563901662827,-0.099721596,
7449,10046.93538403511,-0.0072954684,
7450,10048.278858184814,-0.059006736,
7451,10049.62439417839,-0.10802591,
7452,10050.971866846085,-0.3741564,
7453,10052.327281951904,-0.32831547,
7454,10053.652670145035,-0.09624216,
7455,10054.981930017471,-0.18653749,
7456,10056.310543060303,-0.15982956,
7457,10057.648955345154,-0.28344312,
7458,10058.98764181137,-0.09423899,
7459,10060.332437515259,-0.17113592,
7460,10061.696516752243,-0.07541503,
7461,10063.02754354477,-0.024073739,
7462,10064.375524044037,-0.114412084,
7463,10065.707430124283,-0.020461451,
7464,10067.055997133255,-0.009181046,
7465,10068.388128757477,-0.02156179,
7466,10069.70784831047,-0.032576248,
7467,10071.046037197113,-0.109282926,
7468,10072.407637119293,-0.0,
7469,10073.738516807556,-0.12063069,
7470,10075.060364246368,-0.07524763,
7471,10076.409993648529,-0.044839937,
7472,10077.738730192184,-0.0,
7473,10079.056574106216,-0.109018,
7474,10080.384795665741,-0.07418278,
7475,10081.713374853134,-0.07170353,
7476,10083.06034898758,-0.313833,
7477,10084.3834066391,-0.040822744,
7478,10085.7142598629,-0.12194197,
7479,10087.050979852676,-0.12016252,
7480,10088.401248693466,-0.08568078,
7481,10089.730683803558,-2.1467478,
7482,10091.061397790909,-0.25969505,
7483,10092.397139549255,-0.073761515,
7484,10093.727256774902,-0.007683645,
7485,10095.055546998978,-0.0,
7486,10096.3682076931,-0.094140485,
7487,10097.677202701569,-0.40775156,
7488,10098.997920274734,-0.22369155,
7489,10100.319458723068,-0.0,
7490,10101.627820253372,-0.012504296,
7491,10102.942348957062,-0.12692338,
7492,10104.261506557465,-0.102550395,
7493,10105.586678504944,-0.011935105,
7494,10106.898225069046,-0.08897632,
7495,10108.225242137909,-0.022480112,
7496,10109.550323963165,-0.21960473,
7497,10110.884835243225,-0.016299058,
7498,10112.203864812851,-0.0037722387,
7499,10113.523331165314,-1.6872525,
7500,10116.031805753708,-0.7516043,
7501,10117.353219032288,-0.3716929,
7502,10118.687992095947,-0.07004722,
7503,10120.022151231766,-0.11990694,
7504,10121.342640638351,-0.083974086,
7505,10122.667460680008,-0.008116525,
7506,10123.985990047455,-0.3010039,
7507,10125.30720949173,-0.035779722,
7508,10126.645959854126,-0.13546878,
7509,10127.971410512924,-0.040284973,
7510,10129.29081916809,-0.09569504,
7511,10130.612389802933,-0.14287242,
7512,10131.942154884338,-0.015538844,
7513,10133.261850833893,-0.0011995599,
7514,10134.593670129776,-0.04966309,
7515,10135.914602279663,-0.05918172,
7516,10137.23728108406,-0.1518119,
7517,10138.572586774826,-0.36494106,
7518,10139.899613380432,-0.13671191,
7519,10141.234478712082,-0.5025792,
7520,10142.550132989883,-0.28044716,
7521,10143.880632400513,-0.058678836,
7522,10145.20057606697,-0.34137055,
7523,10146.530080318451,-0.0,
7524,10147.858211755753,-0.05263213,
7525,10149.22376203537,-0.038704965,
7526,10150.585109472275,-0.19435221,
7527,10151.935875415802,-0.0,
7528,10153.263062000275,-0.0,
7529,10154.617729663849,-0.00077541516,
7530,10155.973058462143,-0.24910863,
7531,10157.307317972183,-0.13662279,
7532,10158.632976531982,-0.02007467,
7533,10159.963611364365,-0.0,
7534,10161.298637628555,-0.22950706,
7535,10162.633224487305,-0.0,
7536,10163.971607208252,-0.1854567,
7537,10165.302401542664,-0.055519126,
7538,10166.63747048378,-0.17140105,
7539,10167.977571487427,-0.0,
7540,10169.32097864151,-0.124348715,
7541,10170.671572446823,-0.01616092,
7542,10172.016283512115,-0.057589635,
7543,10173.358790159225,-0.010294406,
7544,10174.686099529266,-0.02934676,
7545,10176.071013689041,-0.0,
7546,10177.41515469551,-0.0,
7547,10178.746984243393,-0.012262212,
7548,10180.083046674728,-0.137135,
7549,10181.410896778107,-0.16286506,
7550,10182.754250049591,-0.03010768,
7551,10184.093993902206,-0.2377002,
7552,10185.440214157104,-0.011469474,
7553,10186.771935462952,-1.8310368,
7554,10188.13247537613,-0.0028826997,
7555,10189.50300192833,-0.034699593,
7556,10190.875860214233,-0.105522886,
7557,10192.283064126968,-0.14638004,
7558,10193.639439582825,-0.05504657,
7559,10194.987484455109,-0.040744994,
7560,10196.336850643158,-0.092670895,
7561,10197.661200761795,-0.12636605,
7562,10198.987899780273,-0.01436906,
7563,10200.311457157135,-1.5741451,
7564,10201.63690495491,-0.2446348,
7565,10202.969244480133,-0.050129093,
7566,10204.297563314438,-0.12885053,
7567,10205.631523370743,-1.0257521e-09,
7568,10206.963125228882,-0.54410976,
7569,10208.30875492096,-0.01729791,
7570,10209.645948171616,-0.08082208,
7571,10210.974770784378,-0.19664606,
7572,10212.313304185867,-0.032861896,
7573,10213.648396492004,-0.06721154,
7574,10214.97340965271,-0.038840786,
7575,10216.301791191101,-0.08655292,
7576,10217.64120221138,-0.009848226,
7577,10218.998831033707,-0.10729405,
7578,10220.37240767479,-1.0679333,
7579,10221.730060338974,-0.025780361,
7580,10223.12447476387,-0.09819996,
7581,10224.51820397377,-0.09231036,
7582,10225.862473487854,-0.044300094,
7583,10227.232389211655,-0.2998656,
7584,10228.627736568451,-0.23121311,
7585,10230.016957044601,-2.1004748,
7586,10231.39229798317,-0.025004871,
7587,10232.799280166626,-0.071532905,
7588,10234.15642786026,-0.022149205,
7589,10235.511768341064,-0.0,
7590,10236.86676645279,-0.014187789,
7591,10238.22032737732,-0.13071623,
7592,10239.57197880745,-0.25405455,
7593,10240.917761325836,-1.0927475e-08,
7594,10242.273860692978,-0.023073923,
7595,10243.622068166733,-3.1961764e-07,
7596,10244.966030597687,-0.08417733,
7597,10246.308200836182,-0.39167166,
7598,10247.656066656113,-0.273599,
7599,10249.017046451569,-0.35310888,
7600,10251.687359571457,-0.0072113043,
7601,10253.053785324097,-0.05114255,
7602,10254.43185210228,-0.060231812,
7603,10255.789525270462,-0.095582426,
7604,10257.154270887375,-0.023873419,
7605,10258.495594024658,-0.103050545,
7606,10259.838337182999,-0.046469092,
7607,10261.185187101364,-0.3273843,
7608,10262.528698205948,-0.046011895,
7609,10263.867712259293,-0.024956625,
7610,10265.23505115509,-2.956234,
7611,10266.612013339996,-0.0,
7612,10267.985323667526,-0.039924577,
7613,10269.341345310211,-0.048323296,
7614,10270.694381713867,-0.110918336,
7615,10272.040468215942,-0.0041357586,
7616,10273.39348268509,-0.12217442,
7617,10274.728527069092,-0.0041607567,
7618,10276.079649925232,-0.08112104,
7619,10277.416986703873,-0.1433758,
7620,10278.765652894974,-0.015838506,
7621,10280.107260227203,-0.0489462,
7622,10281.449922323227,-0.0024124016,
7623,10282.776879549026,-0.0013635497,
7624,10284.106903791428,-0.014687807,
7625,10285.44806265831,-0.0056762868,
7626,10286.806563138962,-0.026605824,
7627,10288.13509964943,-0.24663082,
7628,10289.461933135986,-0.065057255,
7629,10290.796437978745,-0.015808593,
7630,10292.121929645538,-0.4034713,
7631,10293.450542926788,-0.009616242,
7632,10294.778970956802,-1.9292622,
7633,10296.106438159943,-0.03293038,
7634,10297.436254024506,-0.061082166,
7635,10298.766404628754,-0.14146726,
7636,10300.098949670792,-0.098870605,
7637,10301.443078279495,-0.012743314,
7638,10302.790604352951,-0.00010901563,
7639,10304.115443468094,-0.25192052,
7640,10305.459592819214,-0.0,
7641,10306.794260263443,-0.17278868,
7642,10308.125045776367,-0.23159593,
7643,10309.451941251755,-0.31913793,
7644,10310.769578695297,-0.04218342,
7645,10312.103855133057,-0.13098943,
7646,10313.422443389893,-0.0,
7647,10314.772140979767,-0.2280431,
7648,10316.117914438248,-0.11107371,
7649,10317.456693649292,-0.055710934,
7650,10318.786929130554,-0.16499254,
7651,10320.106235742569,-0.016978424,
7652,10321.44945883751,-0.21989578,
7653,10322.779930591583,-0.4093374,
7654,10324.171635627747,-0.16127789,
7655,10325.513333797455,-0.0,
7656,10326.849851846695,-0.0067517874,
7657,10328.187012434006,-0.49615172,
7658,10329.520744562149,-0.0,
7659,10330.856397628784,-0.17143747,
7660,10332.193995475769,-0.15004379,
7661,10333.516521453857,-0.02145783,
7662,10334.85467839241,-0.16364089,
7663,10336.204423189163,-0.09335685,
7664,10337.554295301437,-0.32119226,
7665,10338.90147280693,-0.30457875,
7666,10340.25569820404,-0.22865868,
7667,10341.60092830658,-0.024989657,
7668,10342.97402215004,-0.18159243,
7669,10344.34439754486,-0.094949484,
7670,10345.688391447067,-0.029443389,
7671,10347.02498960495,-1.2680126,
7672,10348.391705513,-0.024682578,
7673,10349.789639472961,-0.0129821645,
7674,10351.181470394135,-0.054640807,
7675,10352.528768062592,-0.086901546,
7676,10353.887191772461,-0.047331672,
7677,10355.227895975113,-0.01869048,
7678,10356.565108060837,-0.11057214,
7679,10357.908688545227,-0.09329854,
7680,10359.256794691086,-0.014766098,
7681,10360.596695899963,-0.1835451,
7682,10361.949664115906,-0.08144717,
7683,10363.335681676865,-0.0,
7684,10364.676503181458,-0.41646582,
7685,10366.027595996857,-0.0,
7686,10367.364015102386,-0.122322366,
7687,10368.715245485306,-0.026982805,
7688,10370.056254148483,-0.25597987,
7689,10371.383414506912,-0.0,
7690,10372.725822925568,-5.594671e-07,
7691,10374.073341846466,-0.23024952,
7692,10375.411042690277,-0.07466836,
7693,10376.777433633804,-0.037795186,
7694,10378.114620447159,-0.0069326223,
7695,10379.479504108429,-0.0,
7696,10380.863154411316,-0.0,
7697,10382.225925445557,-0.065614454,
7698,10383.559611558914,-0.12766716,
7699,10384.914536952972,-0.17226923,
7700,10387.57156920433,-0.10761558,
7701,10388.945752620697,-0.0805792,
7702,10390.313376903534,-0.04795733,
7703,10391.678223133087,-0.03802807,
7704,10393.059439182281,-0.036899466,
7705,10394.419304847717,-0.0603021,
7706,10395.797858476639,-0.027015517,
7707,10397.151718139648,-0.08629514,
7708,10398.499426364899,-0.028742498,
7709,10399.855307340622,-0.07411647,
7710,10401.231439352036,-0.2734284,
7711,10402.594797372818,-7.68718e-05,
7712,10403.996775388718,-0.072552204,
7713,10405.371667146683,-0.0,
7714,10406.768514633179,-0.2825371,
7715,10408.113674402237,-0.08838887,
7716,10409.457046508789,-0.006537475,
7717,10410.81149840355,-0.0,
7718,10412.165412187576,-0.022994395,
7719,10413.53953075409,-0.12574525,
7720,10414.885045289993,-0.078296445,
7721,10416.24225640297,-0.15752396,
7722,10417.582153558731,-0.0064037703,
7723,10418.914942502975,-0.0313234,
7724,10420.241018295288,-0.0,
7725,10421.578000545502,-0.03205686,
7726,10422.927127599716,-0.09077058,
7727,10424.295024633408,-0.14148179,
7728,10425.628606557846,-0.46064627,
7729,10426.955993413925,-0.11359079,
7730,10428.282696962357,-0.07755811,
7731,10429.631380558014,-0.044687394,
7732,10430.956545829773,-0.11610231,
7733,10432.293332338333,-0.07862779,
7734,10433.615431547165,-0.0,
7735,10434.944531917572,-0.062986,
7736,10436.27583193779,-0.046872754,
7737,10437.63720703125,-0.040519755,
7738,10438.96886754036,-0.036278676,
7739,10440.296244859695,-0.0,
7740,10441.615212202072,-0.22765702,
7741,10442.941845417023,-0.024529511,
7742,10444.260814905167,-0.032704946,
7743,10445.593061208725,-0.0,
7744,10446.923872947693,-0.037237447,
7745,10448.2515335083,-0.09557983,
7746,10449.591567993164,-0.13946345,
7747,10450.935450553894,-0.11350038,
7748,10452.268282175064,-0.004598565,
7749,10453.59479045868,-0.16763934,
7750,10454.922280788422,-0.016100792,
7751,10456.255817651749,-0.0,
7752,10457.609727621078,-0.30218756,
7753,10458.942247629166,-0.00795488,
7754,10460.290070056915,-0.35494277,
7755,10461.651422977448,-0.07639638,
7756,10462.422178268433,-0.0,
7757,10464.312647342682,-0.041002803,
7758,10465.674513816833,-0.043233827,
7759,10467.019935131073,-0.060701948,
7760,10468.366896867752,-0.0,
7761,10469.743506669998,-0.08301724,
7762,10471.094264268875,-0.0,
7763,10472.438053369522,-0.007771441,
7764,10473.778054237366,-0.034669384,
7765,10475.128461360931,-0.1165259,
7766,10476.496217012405,-0.0,
7767,10477.84040403366,-0.09296672,
7768,10479.198813915253,-0.026306873,
7769,10480.562700033188,-0.040351596,
7770,10481.910534858704,-6.301009e-09,
7771,10483.25337266922,-0.0,
7772,10484.60129237175,-0.20558056,
7773,10485.963097333908,-0.059730373,
7774,10487.315325737,-0.013982967,
7775,10488.66883802414,-0.26339298,
7776,10490.054968833923,-0.024343116,
7777,10491.397460699081,-0.07424267,
7778,10492.757375001907,-0.09706948,
7779,10494.12984752655,-0.08979297,
7780,10495.500910758972,-1.3777496,
7781,10496.883624076843,-0.0,
7782,10498.242442369461,-0.14261705,
7783,10499.593397140503,-0.65189373,
7784,10500.957489728928,-0.045684196,
7785,10502.304866552353,-0.0,
7786,10503.646242380142,-0.018239869,
7787,10504.993697404861,-0.06605259,
7788,10506.355846881866,-0.03904642,
7789,10507.69915008545,-0.014634047,
7790,10509.056228637695,-0.107600465,
7791,10510.407399892807,-0.04353013,
7792,10511.756165981293,-0.0068171276,
7793,10513.099977016449,-0.060048662,
7794,10514.453598976135,-6.2865283e-06,
7795,10515.792672634125,-0.0964994,
7796,10517.143548250198,-0.054270264,
7797,10518.48977279663,-0.08477561,
7798,10519.848825931549,-0.17858261,
7799,10521.21613073349,-0.070814766,
7800,10524.002166986465,-0.19496629,
7801,10525.333488941193,-0.19892631,
7802,10526.70383143425,-0.19695814,
7803,10528.045681476593,-0.032529835,
7804,10529.390437841415,-0.08660733,
7805,10530.739602327347,-0.10523524,
7806,10532.089983224869,-0.33361724,
7807,10533.440800905228,-0.033055056,
7808,10534.799330234528,-0.10188965,
7809,10536.145973682404,-0.0,
7810,10537.500232458115,-0.03768617,
7811,10538.856260299683,-0.04944662,
7812,10540.197778701782,-0.05571834,
7813,10541.552802801132,-0.04939865,
7814,10542.913073778152,-0.35290572,
7815,10544.252425432205,-0.057521373,
7816,10545.602187871933,-0.019055746,
7817,10546.980192899704,-0.11097363,
7818,10548.350412368774,-1.1203631e-06,
7819,10549.697293281555,-0.05737863,
7820,10551.0520465374,-0.0558474,
7821,10552.393071174622,-0.22637706,
7822,10553.742269515991,-0.11783183,
7823,10555.10956788063,-0.09100717,
7824,10556.476598739624,-0.05924998,
7825,10557.822677850723,-0.0070225173,
7826,10559.171187877655,-0.053188406,
7827,10560.507992982864,-0.11946824,
7828,10561.85730433464,-0.074329555,
7829,10563.176706552505,-0.026517192,
7830,10564.501680612564,-0.67905295,
7831,10565.845001935959,-0.06982498,
7832,10567.228052854538,-0.015406053,
7833,10568.624455928802,-0.22231483,
7834,10569.998271942139,-0.011104483,
7835,10571.341408491135,-0.26175383,
7836,10572.71498465538,-0.108098336,
7837,10574.059120893478,-0.014129932,
7838,10575.407201766968,-0.26306096,
7839,10576.761002540588,-0.089716315,
7840,10578.102180957794,-0.085172094,
7841,10579.444605350494,-0.042078882,
7842,10580.797830820084,-0.04404864,
7843,10582.151760339737,-0.017610379,
7844,10583.523087501526,-0.06802847,
7845,10584.886691093445,-0.10789347,
7846,10586.263745069504,-0.09910906,
7847,10587.620491743088,-0.016669292,
7848,10589.016805648804,-0.0,
7849,10590.39673948288,-0.14168689,
7850,10591.744030714035,-0.015854508,
7851,10593.078467607498,-0.005187718,
7852,10594.414290428162,-0.15593533,
7853,10595.765401601791,-0.010872093,
7854,10597.109635591507,-0.027678499,
7855,10598.470886945724,-0.08732958,
7856,10599.841673851013,-0.0,
7857,10601.2158639431,-0.15078673,
7858,10602.588172674179,-0.15963756,
7859,10603.92573261261,-0.07894856,
7860,10605.287446975708,-0.0,
7861,10606.65027999878,-0.0,
7862,10607.998216152191,-0.03558661,
7863,10609.336274385452,-0.028399536,
7864,10610.680367231369,-0.10781039,
7865,10612.030894517899,-0.025737515,
7866,10613.38108253479,-0.022515211,
7867,10614.751908540726,-0.013498706,
7868,10616.15761089325,-0.5361507,
7869,10617.564675807953,-0.13797061,
7870,10618.998014211655,-0.09287405,
7871,10620.41886639595,-0.2641503,
7872,10621.809823989868,-0.314331,
7873,10623.19454407692,-0.079202496,
7874,10624.589798927307,-0.0017526984,
7875,10625.959173202515,-0.02344625,
7876,10627.33697962761,-0.043659896,
7877,10628.719091653824,-0.019301567,
7878,10630.084211349487,-0.28441742,
7879,10631.460218667984,-0.3732032,
7880,10632.842211484909,-0.087907545,
7881,10634.232053995132,-0.1351425,
7882,10635.609185934067,-0.038290918,
7883,10637.033103704453,-0.5083275,
7884,10638.430094003677,-0.26435912,
7885,10639.795711040497,-0.0054176743,
7886,10641.176822900772,-0.27265662,
7887,10642.608184814453,-0.14590834,
7888,10644.043521881104,-0.04234855,
7889,10645.401982069016,-0.040433172,
7890,10646.768537044525,-0.07201328,
7891,10648.144410610199,-0.015430393,
7892,10649.515443086624,-0.07451367,
7893,10650.872704267502,-0.041519664,
7894,10652.247513055801,-0.057718735,
7895,10653.612746238708,-0.6359188,
7896,10654.979063987732,-9.14315e-09,
7897,10656.339944601059,-0.13924423,
7898,10657.701870918274,-0.046032943,
7899,10659.072081565857,-0.029666925,
7900,10661.739882230759,-0.034075048,
7901,10663.098145246506,-0.043417163,
7902,10664.472284555435,-0.053015135,
7903,10665.828947782516,-0.0011678773,
7904,10667.181915998459,-0.07294546,
7905,10668.550951480865,-0.092655085,
7906,10669.91363954544,-0.3527599,
7907,10671.273156881332,-0.040838912,
7908,10672.641945838928,-0.056571998,
7909,10674.005091667175,-0.24076006,
7910,10675.380677461624,-0.006155757,
7911,10676.762946605682,-0.42970657,
7912,10678.14071559906,-0.029499734,
7913,10679.491421699524,-0.018338582,
7914,10680.884727478027,-0.03493882,
7915,10682.229395627975,-0.28030118,
7916,10683.598995685577,-0.029232726,
7917,10684.966151237488,-0.09079048,
7918,10686.341733932495,-0.076021165,
7919,10687.709175109863,-0.88884103,
7920,10689.074769735336,-0.026856814,
7921,10690.451252698898,-0.036263473,
7922,10691.83818435669,-0.03374637,
7923,10693.185066461563,-0.0,
7924,10694.552746534348,-5.2382884e-06,
7925,10695.92558169365,-0.0,
7926,10697.282153606415,-0.09401406,
7927,10698.639796257019,-0.026715364,
7928,10700.005002260208,-0.02792806,
7929,10701.390174627304,-0.017737167,
7930,10702.76622915268,-0.017428614,
7931,10704.167898893356,-0.11791611,
7932,10705.572560310364,-0.17465147,
7933,10706.964303731918,-0.41675472,
7934,10708.347146511078,-0.00074940815,
7935,10709.717668533325,-0.031201461,
7936,10711.109424591064,-0.06808382,
7937,10712.509927511215,-0.0,
7938,10713.882895946503,-0.007985944,
7939,10715.244824409485,-0.0024587626,
7940,10716.61694574356,-0.08605796,
7941,10717.982207298279,-0.164706,
7942,10719.35566687584,-0.1680243,
7943,10720.718834877014,-0.18832226,
7944,10722.085326910019,-0.3064366,
7945,10723.470668315887,-0.13763835,
7946,10724.864452838898,-0.29640478,
7947,10726.252598047256,-0.12373051,
7948,10727.626282930374,-5.0208155e-07,
7949,10728.999018907547,-0.023950465,
7950,10730.374979496002,-0.030368907,
7951,10731.76347231865,-0.076851085,
7952,10733.166360616684,-0.0,
7953,10734.556861162186,-0.024610307,
7954,10735.944435119629,-0.09542866,
7955,10737.353138923645,-0.17475022,
7956,10738.747646808624,-0.18224467,
7957,10740.179004192352,-0.044589527,
7958,10741.579309225082,-0.027569383,
7959,10742.951217889786,-0.02703338,
7960,10744.341519355774,-0.0617136,
7961,10745.726069688797,-0.038311824,
7962,10747.108426809311,-0.07477746,
7963,10748.543580532074,-0.060209967,
7964,10749.956107854843,-0.0,
7965,10751.335057020187,-0.0,
7966,10752.746587514877,-0.16015455,
7967,10754.144324541092,-0.1009889,
7968,10755.54210805893,-0.07623598,
7969,10756.921215772629,-0.17727813,
7970,10758.31664609909,-0.18191837,
7971,10759.728882074356,-0.1844131,
7972,10761.094005584717,-0.0,
7973,10762.433730602264,-2.1287365e-10,
7974,10763.819472551346,-0.0029634873,
7975,10765.21995472908,-0.02611944,
7976,10766.61410331726,-0.18661788,
7977,10767.969682455063,-0.6552402,
7978,10769.338952064514,-0.03909761,
7979,10770.726059675217,-0.04147642,
7980,10772.061787128448,-0.25626573,
7981,10773.38417005539,-0.03674505,
7982,10774.711599588394,-0.033638954,
7983,10776.044760227203,-1.2093234e-07,
7984,10777.37083363533,-0.082983464,
7985,10778.726947784424,-0.030175945,
7986,10780.080781698227,-0.049723163,
7987,10781.402685880661,-0.0,
7988,10782.735478878021,-0.07773805,
7989,10784.070996761322,-0.11208177,
7990,10785.396581411362,-1.2127099e-05,
7991,10786.719201564789,-0.038045846,
7992,10788.04583978653,-0.01636133,
7993,10789.37996840477,-0.3074546,
7994,10790.702370643616,-0.55626374,
7995,10792.017368078232,-0.18095024,
7996,10793.3498980999,-0.056475855,
7997,10794.679427623749,-0.070203416,
7998,10795.999000310898,-0.06392424,
7999,10797.328697681427,-0.031875104,
8000,10799.866196632385,-0.019943118,
8001,10801.189654111862,-0.3185717,
8002,10802.510332584381,-0.016662223,
8003,10803.84240102768,-0.0,
8004,10805.171436309814,-0.092087395,
8005,10806.500298261642,-0.0,
8006,10807.828161239624,-0.0,
8007,10809.166086435318,-0.036353834,
8008,10810.481482744217,-0.15389323,
8009,10811.79585814476,-0.016333964,
8010,10813.116017818451,-0.00016399006,
8011,10814.450888872147,-0.06548354,
8012,10815.77629995346,-0.12338594,
8013,10817.096534967422,-0.04627507,
8014,10818.421206474304,-0.060991123,
8015,10819.754959344864,-0.029769402,
8016,10821.096039056778,-0.053628735,
8017,10822.409927368164,-0.041777723,
8018,10823.750935316086,-0.013052461,
8019,10825.088851451874,-0.038501635,
8020,10826.421735286713,-0.043650582,
8021,10827.746853590012,-0.05367018,
8022,10829.063530921936,-2.1029258,
8023,10830.397128582,-0.07300399,
8024,10831.724951267242,-0.027275313,
8025,10833.053090333939,-0.2842111,
8026,10834.386086702347,-0.21052314,
8027,10835.715603351593,-0.25781375,
8028,10837.051556825638,-0.23048161,
8029,10838.406381607056,-0.0,
8030,10839.73146367073,-0.01968124,
8031,10841.057101726532,-0.114175,
8032,10842.381743907928,-0.0,
8033,10843.696433067322,-0.022528615,
8034,10845.025382995605,-0.15038323,
8035,10846.36496925354,-0.26946658,
8036,10847.687685966492,-0.33164012,
8037,10849.002482414246,-0.008048466,
8038,10850.316526651382,-0.054763924,
8039,10851.646141529083,-0.35587677,
8040,10852.991699695587,-0.13322923,
8041,10854.311515331268,-0.05615651,
8042,10855.626217126846,-0.119680956,
8043,10856.946202516556,-0.396533,
8044,10858.285009384155,-0.03187544,
8045,10859.599727392197,-0.11073208,
8046,10860.920353651047,-0.03152687,
8047,10862.243621587753,-0.046310402,
8048,10863.559118270874,-0.14220682,
8049,10864.872104883194,-0.020174539,
8050,10866.19369316101,-0.13471165,
8051,10867.510704755783,-0.17028454,
8052,10868.834696531296,-0.008899475,
8053,10870.15839791298,-0.09350876,
8054,10871.478854179382,-0.004153569,
8055,10872.817859649658,-0.10989961,
8056,10874.15419793129,-0.0,
8057,10875.485089540482,-0.0,
8058,10876.821845531464,-0.004382549,
8059,10878.146424770355,-0.013888823,
8060,10879.4957716465,-0.4128442,
8061,10880.817882061005,-0.006027178,
8062,10882.135156393051,-0.0005696246,
8063,10883.45434165001,-0.05841221,
8064,10884.781480789185,-0.48574704,
8065,10886.101724147797,-0.038794465,
8066,10887.424381017685,-0.089462645,
8067,10888.75349020958,-0.06919681,
8068,10890.082252025604,-0.08615781,
8069,10891.40141749382,-0.2233263,
8070,10892.718985795975,-0.047511514,
8071,10894.038108587265,-0.06919179,
8072,10895.36507821083,-1.3637825e-06,
8073,10896.696736574173,-0.0,
8074,10898.030997037888,-0.09859129,
8075,10899.367867231369,-0.44082993,
8076,10900.698795557022,-0.04499171,
8077,10902.0293841362,-0.007203304,
8078,10903.360599040985,-0.031757504,
8079,10904.708981275558,-0.0,
8080,10906.071820259094,-1.3492974,
8081,10907.4009847641,-0.43693307,
8082,10908.729451656342,-0.06342318,
8083,10910.05206155777,-0.050197568,
8084,10911.377545595169,-0.009497691,
8085,10912.70182967186,-0.04264568,
8086,10914.034504890442,-0.09985866,
8087,10915.356043815613,-0.4496867,
8088,10916.689192056656,-0.04430503,
8089,10918.013836860657,-0.17601877,
8090,10919.343873739243,-0.035797153,
8091,10920.666478157043,-0.27610505,
8092,10921.990336179733,-0.22591312,
8093,10923.313045978546,-0.0,
8094,10924.638305664062,-0.19157568,
8095,10925.965873479843,-0.0,
8096,10927.305751800537,-0.12110523,
8097,10928.631492376328,-0.09123437,
8098,10929.95204257965,-0.074792,
8099,10931.282688856125,-0.036741514,
8100,10933.783007144928,-0.049714983,
8101,10935.112695217133,-0.0,
8102,10936.433333158493,-1.4465423,
8103,10937.768158435822,-0.0,
8104,10939.12327337265,-0.08806715,
8105,10940.492989301682,-0.24371406,
8106,10941.857954025269,-0.10747367,
8107,10943.183768987656,-0.07036276,
8108,10944.506535291672,-0.03295476,
8109,10945.837853908539,-0.025371822,
8110,10947.149279356003,-0.20709604,
8111,10948.475514411926,-0.3740601,
8112,10949.825561761856,-0.03572953,
8113,10951.138737916946,-0.021761894,
8114,10952.456164121628,-0.19699197,
8115,10953.779150485992,-0.04898575,
8116,10955.110605478287,-0.055105206,
8117,10956.43445634842,-0.08384003,
8118,10957.7581512928,-0.6965833,
8119,10959.080074310303,-0.043388575,
8120,10960.408343791962,-0.03407441,
8121,10961.726274967194,-0.13668498,
8122,10963.063512563705,-0.0012341242,
8123,10964.402767419815,-0.26624215,
8124,10965.721232652664,-5.5543824e-05,
8125,10967.04534292221,-0.1004638,
8126,10968.359300374985,-0.013712091,
8127,10969.675708055496,-0.060451627,
8128,10970.99981713295,-0.05171261,
8129,10972.319491386414,-0.14788708,
8130,10973.641582012177,-0.9210508,
8131,10974.963873624802,-0.058324106,
8132,10976.293894529343,-0.031053111,
8133,10977.615418195724,-0.007834825,
8134,10978.983033418655,-0.52556485,
8135,10980.307109355927,-0.03088423,
8136,10981.642364025116,-0.002356034,
8137,10982.952955961227,-0.046840735,
8138,10984.261307477951,-0.10414553,
8139,10985.579332351685,-4.32071e-07,
8140,10986.903373241425,-9.43963e-10,
8141,10988.211730718613,-0.05486632,
8142,10989.528367042542,-0.04828712,
8143,10990.848028421402,-0.65525055,
8144,10992.169641971588,-0.11185275,
8145,10993.492604732513,-0.059326224,
8146,10994.815060138702,-0.06036326,
8147,10996.134575366974,-0.014454478,
8148,10997.470319271088,-0.0076852343,
8149,10998.79156446457,-0.16553137,
8150,11000.11378121376,-0.28423205,
8151,11001.426426410675,-0.09451201,
8152,11002.74750995636,-0.054415815,
8153,11004.061936616898,-0.0,
8154,11005.38114643097,-0.20929927,
8155,11006.696840286255,-0.09251001,
8156,11008.04337978363,-0.08472133,
8157,11009.363946676254,-0.00028239592,
8158,11010.682846784592,-0.051225483,
8159,11012.000884056091,-0.019927276,
8160,11013.323936223984,-0.037520975,
8161,11014.633534669876,-0.040372558,
8162,11015.954001903534,-0.08019127,
8163,11017.267309904099,-0.016825806,
8164,11018.5891289711,-0.115729235,
8165,11019.912880420685,-0.0,
8166,11021.227613687515,-0.0,
8167,11022.54424905777,-0.03742639,
8168,11023.867802381516,-2.8886087,
8169,11025.190588474274,-0.0,
8170,11026.524543762207,-0.40217867,
8171,11027.840715169907,-0.017615179,
8172,11029.156594753265,-0.019054923,
8173,11030.473426580429,-0.0688303,
8174,11031.781190156937,-0.10836375,
8175,11033.09486579895,-0.018963307,
8176,11034.419890642166,-0.017989771,
8177,11035.79411482811,-0.067370504,
8178,11037.103863239288,-0.029201452,
8179,11038.421517848969,-0.14108108,
8180,11039.739121198654,-0.072503254,
8181,11041.054099082947,-0.08096471,
8182,11042.37902021408,-0.041121013,
8183,11043.70011639595,-0.036765773,
8184,11045.015001773834,-0.10709794,
8185,11046.331541061401,-0.2839492,
8186,11047.673154354095,-0.0,
8187,11049.00201177597,-0.04889088,
8188,11050.325347661972,-0.08306925,
8189,11051.639382839203,-0.08183363,
8190,11052.953159093857,-0.0,
8191,11054.269290685654,-0.0,
8192,11055.590462446213,-0.17665118,
8193,11056.917398691177,-0.028073803,
8194,11058.241331577301,-0.36902356,
8195,11059.566786289215,-0.17410475,
8196,11060.883969306946,-0.14136365,
8197,11062.207436800003,-0.03646667,
8198,11063.539067029953,-0.0,
8199,11064.84456372261,-0.44493344,
8200,11067.285257101059,-0.04133439,
8201,11068.60212635994,-0.008440406,
8202,11069.92124581337,-0.042764567,
8203,11071.241297960281,-0.13006693,
8204,11072.572187900543,-0.0772281,
8205,11073.901527166367,-2.3036246e-05,
8206,11075.2102496624,-0.0114158075,
8207,11076.522940158844,-0.0428021,
8208,11077.838951826096,-0.08280672,
8209,11079.17490530014,-0.009557472,
8210,11080.491913080215,-0.0,
8211,11081.813246250153,-0.12477139,
8212,11083.136788129807,-0.031137582,
8213,11084.465626001358,-0.21549895,
8214,11085.810682535172,-0.000671326,
8215,11087.150296926498,-0.30061305,
8216,11088.518374919891,-0.11907198,
8217,11089.881100416183,-0.28721508,
8218,11091.205951452255,-0.000691863,
8219,11092.545058965683,-0.30608168,
8220,11093.918093204498,-0.19136731,
8221,11095.28074669838,-0.028683603,
8222,11096.654458761215,-0.007940154,
8223,11097.996539354324,-0.07354553,
8224,11099.327317237854,-0.01820765,
8225,11100.662453889847,-0.0,
8226,11101.989660024643,-0.28810653,
8227,11103.314623832703,-0.4479614,
8228,11104.65781378746,-0.0017732611,
8229,11105.99184846878,-0.015258816,
8230,11107.36729335785,-0.09846431,
8231,11108.695933580399,-0.09123923,
8232,11110.014071702957,-0.137054,
8233,11111.352400302887,-0.37377882,
8234,11112.69071674347,-0.13276085,
8235,11114.01715016365,-0.29482037,
8236,11115.366797447205,-0.09608255,
8237,11116.689857721329,-0.0004736883,
8238,11118.02367067337,-0.48063198,
8239,11119.366151094437,-0.04940347,
8240,11120.751142978668,-0.018403614,
8241,11122.091837406158,-0.20803428,
8242,11123.415732622147,-0.9361309,
8243,11124.736380338669,-5.228477e-11,
8244,11126.055072307587,-0.35023284,
8245,11127.381591320038,-0.05352103,
8246,11128.726352214813,-0.1773513,
8247,11130.046540021896,-0.06880425,
8248,11131.37471985817,-0.053933922,
8249,11132.697431325912,-0.018657245,
8250,11134.033654689789,-0.0,
8251,11135.349838495255,-0.23715688,
8252,11136.67078781128,-0.09058309,
8253,11138.002562999725,-0.016264487,
8254,11139.325682163239,-0.024278663,
8255,11140.653528690338,-0.09473266,
8256,11141.977795362473,-7.942613e-08,
8257,11143.309515476227,-0.4189879,
8258,11144.646330595016,-0.11926775,
8259,11145.980084180832,-0.0,
8260,11147.338401079178,-0.0,
8261,11148.655359745026,-0.21852408,
8262,11149.976062774658,-0.22208925,
8263,11151.301255464554,-0.0042692553,
8264,11152.623492956161,-0.0,
8265,11153.948710680008,-0.26316,
8266,11155.275280952454,-0.10293287,
8267,11156.588272333145,-0.4030042,
8268,11157.912752866745,-0.005995565,
8269,11159.229600906372,-0.049883056,
8270,11160.553003787994,-0.07321973,
8271,11161.862478256226,-0.041771445,
8272,11163.198503255844,-0.058591906,
8273,11164.516987800598,-0.103504,
8274,11165.871576786041,-0.0,
8275,11167.207717895508,-0.16431277,
8276,11168.59713435173,-0.40952715,
8277,11169.93690085411,-0.082931206,
8278,11171.259096860886,-0.052944202,
8279,11172.581010341644,-0.06299724,
8280,11173.901551008224,-0.0014366747,
8281,11175.231445074081,-0.00069231086,
8282,11176.561275959015,-0.0,
8283,11177.889223098755,-0.31468186,
8284,11179.23058128357,-0.3224675,
8285,11180.577285766602,-0.039161064,
8286,11181.935527563095,-0.55234617,
8287,11183.29638004303,-0.004516243,
8288,11184.630140542984,-0.08778106,
8289,11185.959755659103,-0.12157047,
8290,11187.278116226196,-0.040884815,
8291,11188.603296279907,-0.077406734,
8292,11189.925229549408,-0.15760455,
8293,11191.251463651657,-0.05135932,
8294,11192.591095924377,-0.036517918,
8295,11193.922358036041,-0.01403745,
8296,11195.273451566696,-0.038872477,
8297,11196.61216545105,-0.028805975,
8298,11197.965651988983,-0.077189036,
8299,11199.300885438919,-0.0,
8300,11201.797766685486,-0.003903824,
8301,11203.127673387527,-0.084165536,
8302,11204.461389064789,-0.010867028,
8303,11205.799722194672,-0.0032602553,
8304,11207.13544344902,-0.0,
8305,11208.472682237625,-0.1309806,
8306,11209.805913686752,-0.12599397,
8307,11211.148820877075,-0.07603209,
8308,11212.488355875015,-0.061550654,
8309,11213.84327864647,-0.026157822,
8310,11215.184365034103,-0.0,
8311,11216.515420913696,-0.2111281,
8312,11217.87068772316,-0.032066453,
8313,11219.229679346085,-0.02747187,
8314,11220.556115865707,-0.034743927,
8315,11221.878910541534,-1.1630063,
8316,11223.205878257751,-0.1280924,
8317,11224.532677173615,-0.10485417,
8318,11225.850547075272,-0.0,
8319,11227.196650743484,-0.026334349,
8320,11228.536206245422,-0.07687437,
8321,11229.8624355793,-0.16709325,
8322,11231.205265283585,-0.0,
8323,11232.567663431168,-0.027125916,
8324,11233.90990281105,-0.20157574,
8325,11235.244479894638,-0.0,
8326,11236.573378324509,-0.0,
8327,11237.910437345505,-0.06083701,
8328,11239.24488568306,-0.04074623,
8329,11240.571788549423,-0.08039318,
8330,11241.88722395897,-0.09924745,
8331,11243.217303991318,-0.074044764,
8332,11244.551944255829,-0.028497493,
8333,11245.877373218536,-0.0,
8334,11247.209319591522,-6.116594e-05,
8335,11248.535227060318,-0.07320438,
8336,11249.86622595787,-0.0,
8337,11251.18676996231,-0.10260129,
8338,11252.516911745071,-0.062342785,
8339,11253.847573518753,-4.8076587,
8340,11255.174238681793,-0.073772974,
8341,11256.495794773102,-0.0,
8342,11257.825360774994,-0.053201597,
8343,11259.165341854095,-0.0,
8344,11260.506999254227,-0.038181808,
8345,11261.853668928146,-0.0,
8346,11263.194440126419,-0.031281564,
8347,11264.525067567825,-0.0,
8348,11265.864095449448,-0.041461967,
8349,11267.201277017593,-0.07308553,
8350,11268.546882629395,-0.011854417,
8351,11269.880339384079,-0.0042090067,
8352,11271.215792417526,-0.04871135,
8353,11272.556447029114,-0.22557305,
8354,11273.888288736343,-0.10104537,
8355,11275.236980438232,-0.031134661,
8356,11276.579958438873,-0.0,
8357,11277.92177772522,-0.10680218,
8358,11279.27104306221,-0.077412054,
8359,11280.624527931213,-0.061655544,
8360,11281.97117137909,-0.0,
8361,11283.31329035759,-0.024956413,
8362,11284.653110980988,-0.013268833,
8363,11285.997786283493,-0.06546803,
8364,11287.344799280167,-0.0,
8365,11288.684282779694,-0.0059391246,
8366,11290.013589382172,-0.121042214,
8367,11291.344370603561,-0.008906799,
8368,11292.679469347,-0.42243415,
8369,11294.015558481216,-0.3129035,
8370,11295.348713636398,-0.013558981,
8371,11296.69094324112,-0.0526606,
8372,11298.026664972305,-0.0022419563,
8373,11299.35557460785,-0.024182864,
8374,11300.680827379227,-0.00012114839,
8375,11302.007872343063,-0.14528185,
8376,11303.34758758545,-0.04822539,
8377,11304.707431554794,-0.1211778,
8378,11306.036892652512,-0.11008282,
8379,11307.365270137787,-0.06615555,
8380,11308.68768787384,-0.0,
8381,11310.004956483841,-0.06498934,
8382,11311.325846195221,-0.016649045,
8383,11312.655601739883,-0.037546117,
8384,11313.976283311844,-0.21321182,
8385,11315.306158781052,-0.0,
8386,11316.619874238968,-0.6433648,
8387,11317.947509527206,-0.04311478,
8388,11319.27053451538,-0.17939779,
8389,11320.592417001724,-0.06751411,
8390,11321.906588077545,-0.29995072,
8391,11323.2323513031,-0.10289368,
8392,11324.552271842957,-0.087003745,
8393,11325.891467809677,-0.10183451,
8394,11327.210869789124,-0.058486916,
8395,11328.53760766983,-0.1863943,
8396,11329.85831618309,-0.017997514,
8397,11331.19050860405,-0.06502847,
8398,11332.531785964966,-0.005419161,
8399,11333.863028287888,-0.056491602,
8400,11336.362236499786,-0.041323386,
8401,11337.691593885422,-0.13695772,
8402,11339.024086475372,-0.04998321,
8403,11340.350034475327,-0.71754396,
8404,11341.671749591827,-0.034006707,
8405,11342.989776849747,-0.003864513,
8406,11344.333816766739,-0.0,
8407,11345.662168741226,-0.004735532,
8408,11346.98412322998,-0.062223613,
8409,11348.308519363403,-0.0,
8410,11349.632305145264,-0.12864614,
8411,11351.006198644638,-0.02752814,
8412,11352.366007089615,-1.3593185,
8413,11353.688670635223,-0.003049783,
8414,11355.008025884628,-0.08434494,
8415,11356.330909013748,-0.055899628,
8416,11357.679298639297,-0.0,
8417,11359.037997722626,-0.093638614,
8418,11360.399694681168,-0.12349257,
8419,11361.730695724487,-0.03239785,
8420,11363.061304569244,-0.03342173,
8421,11364.388753414154,-0.118761465,
8422,11365.717316865921,-0.0,
8423,11367.047838449478,-0.0,
8424,11368.37812447548,-0.0,
8425,11369.69543838501,-0.07688272,
8426,11371.020879507065,-0.14498143,
8427,11372.34416794777,-0.02100463,
8428,11373.663220882416,-0.1999535,
8429,11374.99216580391,-0.281282,
8430,11376.322439908981,-0.008134306,
8431,11377.69660282135,-0.0,
8432,11379.01822733879,-0.063354045,
8433,11380.361372470856,-0.29993495,
8434,11381.688670873642,-1.4462101,
8435,11383.010883808136,-0.0,
8436,11384.338517427444,-0.08611548,
8437,11385.667104959488,-0.2322534,
8438,11387.003967523575,-0.6613756,
8439,11388.343517303467,-0.11410561,
8440,11389.660413742065,-0.5378536,
8441,11390.994856834412,-0.050070405,
8442,11392.352974176407,-9.997221e-08,
8443,11393.684905052185,-0.02474809,
8444,11394.991306066513,-0.068725735,
8445,11396.31647014618,-0.003236785,
8446,11397.639422416687,-0.002001935,
8447,11398.967347621918,-0.069510475,
8448,11400.288093566895,-0.0031802822,
8449,11401.604015111923,-0.052751075,
8450,11402.945117473602,-0.023651972,
8451,11404.27364206314,-0.0,
8452,11405.591293096542,-0.1057442,
8453,11407.27883052826,-0.09860633,
8454,11408.594171524048,-0.17261365,
8455,11409.920515298843,-0.035556875,
8456,11411.23702955246,-0.09913274,
8457,11412.558160066605,-0.3794924,
8458,11413.89067697525,-0.11619278,
8459,11415.209810972214,-0.06008879,
8460,11416.526559829712,-0.14760941,
8461,11417.841184139252,-0.058356743,
8462,11419.175732851028,-0.027914057,
8463,11420.505015134811,-0.48985747,
8464,11421.823662996292,-0.0,
8465,11423.14184641838,-0.16845042,
8466,11424.463274002075,-0.02913283,
8467,11425.777856826782,-0.01901724,
8468,11427.09690952301,-0.008947189,
8469,11428.414438724518,-0.39877182,
8470,11429.737774848938,-0.0,
8471,11431.066977739334,-0.10729696,
8472,11432.38959813118,-0.03859622,
8473,11433.720977067947,-0.057769805,
8474,11435.072266817093,-0.054872267,
8475,11436.442778110504,-0.05599995,
8476,11437.783138990402,-0.029900804,
8477,11439.114781618118,-0.27031553,
8478,11440.452492713928,-0.012816722,
8479,11441.775000572205,-0.04327519,
8480,11443.128046035767,-0.10041755,
8481,11444.45594406128,-0.017763536,
8482,11445.804354906082,-0.05849794,
8483,11447.14047050476,-0.07913843,
8484,11448.481269836426,-0.0020974837,
8485,11449.814805984497,-0.33349237,
8486,11451.147103786469,-0.06928857,
8487,11452.492622613907,-0.13392828,
8488,11453.823507070541,-0.113275886,
8489,11455.169508695602,-0.045273248,
8490,11456.511457443237,-0.25829253,
8491,11457.855666160583,-0.03885073,
8492,11459.19741821289,-0.09791005,
8493,11460.535638332367,-2.0553317e-10,
8494,11461.865646600723,-0.0028968472,
8495,11463.21318411827,-0.0,
8496,11464.5425157547,-1.6480542e-10,
8497,11465.895918130875,-0.14478727,
8498,11467.219647407532,-0.023983236,
8499,11468.56069803238,-0.07216555,
8500,11471.052307128906,-0.05482406,
8501,11472.383489370346,-0.1836285,
8502,11473.71313047409,-0.23092005,
8503,11475.034557819366,-0.27658135,
8504,11476.356244564056,-0.23528445,
8505,11477.682931900024,-0.0,
8506,11479.00440120697,-0.0,
8507,11480.328347682953,-0.6520074,
8508,11481.6680996418,-0.11665824,
8509,11482.984846115112,-0.0,
8510,11484.312931060791,-0.07504192,
8511,11485.638096809387,-0.0,
8512,11486.961374759674,-1.9344138,
8513,11488.289258241653,-0.11515697,
8514,11489.621300458908,-0.025421787,
8515,11490.940338134766,-0.06173659,
8516,11492.268770456314,-0.018221911,
8517,11493.591729164124,-0.0,
8518,11494.916754484177,-0.03287307,
8519,11496.23723745346,-0.10769785,
8520,11497.561304807663,-0.0,
8521,11498.874215126038,-0.0,
8522,11500.21851015091,-0.11793022,
8523,11501.536551237106,-9.494535e-10,
8524,11502.855748653412,-0.07457467,
8525,11504.175475358963,-0.08715807,
8526,11505.493227481842,-0.07589595,
8527,11506.814059972763,-0.059356384,
8528,11508.14055275917,-0.029120559,
8529,11509.465463876724,-0.0,
8530,11510.786553382874,-0.054756112,
8531,11512.102917909622,-0.27796152,
8532,11513.428302526474,-0.0067850575,
8533,11514.742045402527,-0.0,
8534,11516.052518129349,-0.053485297,
8535,11517.377168178558,-0.025537523,
8536,11518.703142404556,-0.0547013,
8537,11520.03188920021,-0.060770124,
8538,11521.362351894379,-0.026829023,
8539,11522.679562330246,-0.18975818,
8540,11524.001391887665,-0.023610946,
8541,11525.335084915161,-0.07604889,
8542,11526.673725128174,-0.22805826,
8543,11528.004422187805,-0.056523018,
8544,11529.342275381088,-0.0037431275,
8545,11530.678051233292,-0.023824994,
8546,11532.000952720642,-0.50562245,
8547,11533.334088087082,-0.30051452,
8548,11534.651410579681,-0.039998032,
8549,11535.974960803986,-0.0,
8550,11537.293108463287,-0.31955236,
8551,11538.618932723999,-0.14909235,
8552,11539.943765163422,-0.26835528,
8553,11541.335096597672,-0.0037716702,
8554,11542.67682480812,-0.058439367,
8555,11544.033543348312,-0.2720642,
8556,11545.365187644958,-0.09854547,
8557,11546.699706077576,-0.04448413,
8558,11548.020991325378,-0.026744649,
8559,11549.356510162354,-0.037395068,
8560,11550.712995529175,-0.29162073,
8561,11552.040378570557,-0.4138909,
8562,11553.362373828888,-2.055749,
8563,11554.699278116226,-0.10980803,
8564,11556.027482509613,-0.0,
8565,11557.352486610413,-0.070061326,
8566,11558.699742794037,-0.038014054,
8567,11560.02438211441,-0.024057591,
8568,11561.348840713501,-0.04073526,
8569,11562.673779726028,-0.1407421,
8570,11563.9923620224,-0.09566885,
8571,11565.310749053955,-0.6487325,
8572,11566.635358095169,-0.034314483,
8573,11567.962304592133,-0.93566847,
8574,11569.283238172531,-0.12245756,
8575,11570.619287014008,-0.0018131988,
8576,11571.952361106873,-0.04774292,
8577,11573.298471689224,-0.062508464,
8578,11574.635984897614,-0.06655319,
8579,11575.972086429596,-0.16218075,
8580,11577.293464660645,-0.027730133,
8581,11578.618446588516,-0.100347266,
8582,11579.943593740463,-0.0,
8583,11581.29567027092,-0.14807352,
8584,11582.636776924133,-0.18574208,
8585,11583.974404096603,-0.02138054,
8586,11585.307740688324,-0.46996698,
8587,11586.641582489014,-0.037026446,
8588,11587.977321624756,-0.0,
8589,11589.316309690475,-0.0,
8590,11590.656570911407,-0.039470665,
8591,11591.977618694305,-0.14888151,
8592,11593.305761575699,-0.12046151,
8593,11594.626902341843,-0.01634742,
8594,11595.9473092556,-0.035508413,
8595,11597.271451711655,-0.060477927,
8596,11598.594952344894,-7.7484714e-05,
8597,11599.921564340591,-0.00878127,
8598,11601.246716976166,-0.06132804,
8599,11602.579533576965,-0.05913632,
8600,11605.07004404068,-0.004936848,
8601,11606.415117502213,-0.0,
8602,11607.771291732788,-0.041256677,
8603,11609.115319728851,-0.08243288,
8604,11610.462208986282,-0.080939576,
8605,11611.795795679092,-0.19404763,
8606,11613.134589910507,-0.0,
8607,11614.472752571106,-0.97287333,
8608,11615.818638563156,-0.16537476,
8609,11617.15661239624,-0.027956653,
8610,11618.494993448257,-0.08388134,
8611,11619.826943159103,-0.0,
8612,11621.171061992645,-0.027845126,
8613,11622.529667139053,-0.025875308,
8614,11623.879691123962,-0.06605777,
8615,11625.214912176132,-0.05969886,
8616,11626.556128025055,-0.0056761643,
8617,11627.893884658813,-2.6812835e-05,
8618,11629.23257136345,-0.09168633,
8619,11630.560420513153,-0.02869233,
8620,11631.889259815216,-0.0,
8621,11633.217908620834,-0.021139555,
8622,11634.551644802094,-0.043231912,
8623,11635.906968832016,-0.06950515,
8624,11637.28515791893,-0.055522032,
8625,11638.633854866028,-0.009271044,
8626,11639.974462032318,-0.1834176,
8627,11641.299889802933,-0.040925436,
8628,11642.62036561966,-0.0,
8629,11643.931467056274,-0.0,
8630,11645.25153183937,-0.008195274,
8631,11646.563891172409,-0.0042072297,
8632,11647.886797428131,-0.070433766,
8633,11649.217812299728,-0.32287723,
8634,11650.546851158142,-0.0,
8635,11651.866434335709,-0.08479415,
8636,11653.186686754227,-0.18912505,
8637,11654.506398916245,-0.036198415,
8638,11655.82880783081,-0.16084523,
8639,11657.140981912613,-0.13433784,
8640,11658.480844020844,-0.42604876,
8641,11659.795016765594,-0.080044255,
8642,11661.12498497963,-0.12975882,
8643,11662.453825473785,-0.109080896,
8644,11663.7826025486,-0.0386081,
8645,11665.104997634888,-0.15865207,
8646,11666.431431770325,-0.06679361,
8647,11667.77070426941,-0.113683626,
8648,11669.10625076294,-0.0,
8649,11670.434169769287,-0.012788185,
8650,11671.768416166306,-0.14590554,
8651,11673.084597110748,-0.06863332,
8652,11674.42190361023,-0.027720574,
8653,11675.769033193588,-0.014858958,
8654,11677.096140146255,-0.023569595,
8655,11678.44993686676,-0.08300443,
8656,11679.786720514297,-0.0949758,
8657,11681.110602378845,-0.057806805,
8658,11682.435134649277,-0.0,
8659,11683.772087335587,-0.037609115,
8660,11685.093014478683,-0.0,
8661,11686.419715642929,-0.046790697,
8662,11687.747678279877,-0.006368869,
8663,11689.089118480682,-0.04987515,
8664,11690.421494722366,-0.13659704,
8665,11691.755171060562,-0.425453,
8666,11693.07772564888,-0.39312628,
8667,11694.409554719925,-7.358597e-11,
8668,11695.736996889114,-0.24578579,
8669,11697.068150281906,-0.028266728,
8670,11698.405926465988,-4.5422485e-06,
8671,11699.741206407547,-0.23753367,
8672,11701.078162193298,-0.08524728,
8673,11702.403903961182,-0.10699394,
8674,11703.725047111511,-0.10589763,
8675,11705.05329298973,-0.029856347,
8676,11706.38396692276,-0.0,
8677,11707.72308588028,-0.0,
8678,11709.071526050568,-0.0,
8679,11710.412272453308,-0.087894686,
8680,11711.739399433136,-0.03156638,
8681,11713.073365926743,-0.050165307,
8682,11714.401939630508,-0.051188476,
8683,11715.72917842865,-0.052438937,
8684,11717.046407461166,-0.26181167,
8685,11718.386878490448,-0.018070873,
8686,11719.73147892952,-0.0,
8687,11721.068880319595,-0.2558303,
8688,11722.399703979492,-0.106659986,
8689,11723.732241868973,-0.113612294,
8690,11725.05182147026,-0.029954223,
8691,11726.379671812057,-0.00043856617,
8692,11727.704674720764,-0.0,
8693,11729.032364845276,-0.10290188,
8694,11730.365847349167,-0.1296229,
8695,11731.697988986969,-0.37883568,
8696,11733.025961875916,-0.071057156,
8697,11734.34438586235,-0.69145024,
8698,11735.66568017006,-0.20143099,
8699,11736.996016263962,-0.052370805,
8700,11739.489459991455,-0.02070225,
8701,11740.817252874374,-0.045929912,
8702,11742.15415763855,-0.047979783,
8703,11743.478081941605,-0.6272601,
8704,11744.804470300674,-0.06445427,
8705,11746.140161514282,-0.0034143731,
8706,11747.466954946518,-0.047717646,
8707,11748.786549329758,-0.35082656,
8708,11750.114554166794,-0.08581891,
8709,11751.44644522667,-0.0,
8710,11752.788816452026,-0.049665786,
8711,11754.138572692871,-0.027075794,
8712,11755.457372665405,-0.5009837,
8713,11756.786144733429,-0.0,
8714,11758.124688863754,-0.08319886,
8715,11759.454344511032,-0.0,
8716,11760.770781993866,-0.13019696,
8717,11762.099617004395,-1.0653947e-09,
8718,11763.423154830933,-0.20259826,
8719,11764.755136489868,-0.036268465,
8720,11766.079148769379,-0.012588565,
8721,11767.416405200958,-0.0,
8722,11768.74503660202,-0.8009833,
8723,11770.08113694191,-0.018369246,
8724,11771.424944162369,-0.0,
8725,11772.756140947342,-0.1743088,
8726,11774.0932803154,-0.07309951,
8727,11775.428745508194,-0.10210867,
8728,11776.75326371193,-0.003599314,
8729,11778.088292121887,-0.27336222,
8730,11779.420367240906,-0.19568649,
8731,11780.759917497635,-0.014360519,
8732,11782.100313901901,-0.031769495,
8733,11783.437406301498,-0.06923285,
8734,11784.772582292557,-0.2585334,
8735,11786.123156547546,-0.11995661,
8736,11787.464116811752,-0.039903313,
8737,11788.799508571625,-0.02689534,
8738,11790.13408613205,-0.2722473,
8739,11791.47572517395,-0.0017353223,
8740,11792.83046913147,-0.0,
8741,11794.164932012558,-0.009277927,
8742,11795.493646860123,-0.0038527525,
8743,11796.809277772903,-0.14509568,
8744,11798.139935970306,-0.0,
8745,11799.47215294838,-0.079049364,
8746,11800.817357063293,-6.9185204e-05,
8747,11802.143439769745,-0.047329374,
8748,11803.47704577446,-0.021510167,
8749,11804.80562376976,-0.00051273935,
8750,11806.166803121567,-0.0912143,
8751,11807.50934958458,-0.01831803,
8752,11808.829489469528,-0.080316216,
8753,11810.165991306305,-0.08278657,
8754,11811.503883838654,-0.59168875,
8755,11812.827098369598,-0.07046268,
8756,11814.160782337189,-0.011394238,
8757,11815.486003398895,-0.03571511,
8758,11816.801808595657,-0.5743147,
8759,11818.125959157944,-0.3142555,
8760,11819.456341266632,-0.0967713,
8761,11820.774060726166,-0.0026139286,
8762,11822.10295701027,-0.057018545,
8763,11823.451958179474,-0.0,
8764,11824.785440921783,-0.016251724,
8765,11826.123374938965,-0.045698024,
8766,11827.447533369064,-0.13142858,
8767,11828.771896123886,-0.0,
8768,11830.096996545792,-0.030447539,
8769,11831.435491800308,-0.0043626167,
8770,11832.777008533478,-0.0,
8771,11834.122476577759,-0.11567007,
8772,11835.462711572647,-0.038033217,
8773,11836.794734239578,-0.043815874,
8774,11838.124540567398,-0.21895166,
8775,11839.463506937027,-0.5633672,
8776,11840.793650150299,-0.00910441,
8777,11842.132165193558,-0.0010207,
8778,11843.455475330353,-0.3521138,
8779,11844.774893283844,-0.11415558,
8780,11846.102331399918,-0.08915243,
8781,11847.427065372467,-0.055912744,
8782,11848.752578020096,-0.03219124,
8783,11850.100578069687,-0.0,
8784,11851.42780327797,-0.034440544,
8785,11852.754491567612,-0.27534112,
8786,11854.08205151558,-0.32540962,
8787,11855.42072892189,-0.084112346,
8788,11856.738566875458,-0.15413192,
8789,11858.0766954422,-0.03008851,
8790,11859.426486730576,-0.92798084,
8791,11860.7649872303,-0.0,
8792,11862.089066267014,-0.039898284,
8793,11863.44317483902,-0.03859604,
8794,11864.768475532532,-0.20792073,
8795,11866.099598646164,-0.14569028,
8796,11867.418888568878,-0.00024235531,
8797,11868.754289627075,-0.031697296,
8798,11870.079426527023,-0.04036141,
8799,11871.417020082474,-0.00023337934,
8800,11873.930241584778,-0.10814193,
8801,11875.291517496109,-0.13968845,
8802,11876.62726020813,-0.0,
8803,11877.95096206665,-0.41035435,
8804,11879.278341531754,-0.016263817,
8805,11880.59845495224,-0.07160791,
8806,11881.93946146965,-0.19501477,
8807,11883.259878873825,-0.46821314,
8808,11884.584865808487,-0.09871957,
8809,11885.91517496109,-0.020411124,
8810,11887.249924182892,-1.3442065e-05,
8811,11888.580392599106,-0.161553,
8812,11889.898417949677,-0.0,
8813,11891.220581531525,-0.05394256,
8814,11892.539487838745,-0.06991012,
8815,11893.862230300903,-0.06052345,
8816,11895.189268350601,-0.09726433,
8817,11896.520968437195,-0.048290737,
8818,11897.843849182129,-0.05981511,
8819,11899.162180185318,-0.1306019,
8820,11900.483094453812,-0.0038931752,
8821,11901.7994992733,-0.03165348,
8822,11903.130870342255,-0.0028334432,
8823,11904.454196929932,-0.055820763,
8824,11905.78675866127,-0.45112723,
8825,11907.122366189957,-0.117241666,
8826,11908.448149204254,-2.3646872,
8827,11909.77618932724,-0.073552266,
8828,11911.103735208511,-0.70736945,
8829,11912.439973831177,-0.29809538,
8830,11913.769312143326,-0.07028998,
8831,11915.094150781631,-0.02716434,
8832,11916.41980433464,-0.0,
8833,11917.757765054703,-0.11912734,
8834,11919.090958833694,-0.017970484,
8835,11920.420347929,-0.0,
8836,11921.750385284424,-0.15169725,
8837,11923.071025848389,-0.07481854,
8838,11924.412840127945,-0.019499913,
8839,11925.73421382904,-0.008264856,
8840,11927.049188137054,-0.16883913,
8841,11928.37197303772,-0.021097329,
8842,11929.714694023132,-0.0038023735,
8843,11931.054280519485,-0.0,
8844,11932.376210212708,-0.0,
8845,11933.713704824448,-0.046399895,
8846,11935.040262937546,-0.14520238,
8847,11936.367218255997,-0.06070236,
8848,11937.692730665207,-0.07081074,
8849,11939.019934177399,-0.06348903,
8850,11940.35176706314,-0.15355104,
8851,11941.675456523895,-0.053846914,
8852,11942.991047859192,-0.017313654,
8853,11944.320922136307,-0.031922057,
8854,11945.658533334732,-0.011681357,
8855,11946.989753246307,-0.0,
8856,11948.329863548279,-0.0019692085,
8857,11949.675606489182,-0.15171719,
8858,11951.028987407684,-0.0,
8859,11952.406029224396,-0.13106012,
8860,11953.755716323853,-0.06780116,
8861,11955.098582267761,-0.030489296,
8862,11956.447338581085,-0.23142034,
8863,11957.808276891708,-0.040292658,
8864,11958.587181091309,-0.12346247,
8865,11960.528151988983,-0.0,
8866,11961.892689466476,-0.0002912626,
8867,11963.272036075592,-0.08802393,
8868,11964.66007733345,-0.064937904,
8869,11966.054615020752,-0.023180526,
8870,11967.431923389435,-9.211617e-10,
8871,11968.798649311066,-0.07553191,
8872,11970.165940999985,-0.0,
8873,11971.54803943634,-0.100641616,
8874,11972.902255773544,-0.014420852,
8875,11974.229396343231,-5.629322e-09,
8876,11975.556992530823,-0.14368153,
8877,11976.898453950882,-0.0,
8878,11978.227585554123,-0.018762507,
8879,11979.5509724617,-0.04084181,
8880,11980.874527931213,-0.050873198,
8881,11982.204855203629,-0.018618874,
8882,11983.531915187836,-0.1590104,
8883,11984.85310459137,-0.024656408,
8884,11986.16596364975,-0.0072691916,
8885,11987.523002624512,-0.046729885,
8886,11988.84960770607,-0.020650554,
8887,11990.169687271118,-0.08435558,
8888,11991.533230304718,-0.0,
8889,11992.875821828842,-0.0,
8890,11994.189167261124,-0.028839078,
8891,11995.528143167496,-0.04103355,
8892,11996.911583423615,-0.057335366,
8893,11998.226866483688,-0.0,
8894,11999.542913913727,-0.12557945,
8895,12000.865405082703,-0.40553468,
8896,12002.19602560997,-0.06710809,
8897,12003.527269363403,-0.06452617,
8898,12004.856571674347,-0.0,
8899,12006.18476486206,-0.16114601,
8900,12008.798820734024,-0.016077932,
8901,12010.128161430359,-0.5792126,
8902,12011.45244026184,-0.039191537,
8903,12012.779674768448,-0.0,
8904,12014.122330188751,-0.0,
8905,12015.445964813232,-0.04893742,
8906,12016.768367290497,-0.02451428,
8907,12018.097809791565,-0.0,
8908,12019.436051130295,-0.1303648,
8909,12020.779034137726,-0.06977421,
8910,12022.104114055634,-0.4091195,
8911,12023.414545536041,-0.08945669,
8912,12024.770142793655,-0.057897605,
8913,12026.112160921097,-0.1486388,
8914,12027.442274570465,-0.14795445,
8915,12028.761934280396,-0.4837079,
8916,12030.100360393524,-0.028755268,
8917,12031.431242227554,-0.00018012818,
8918,12032.76348567009,-0.031343404,
8919,12034.090146064758,-0.023777379,
8920,12035.42070388794,-0.2378804,
8921,12036.749152183533,-0.01753057,
8922,12038.084444284439,-0.11283583,
8923,12039.417412519455,-0.025673946,
8924,12040.759284734726,-0.020967048,
8925,12042.102445363998,-0.0,
8926,12043.428065538406,-0.022237705,
8927,12044.74583864212,-0.07968973,
8928,12046.077764749527,-0.106352195,
8929,12047.404837846756,-0.08282718,
8930,12048.76433634758,-0.00307455,
8931,12050.15822005272,-0.03212882,
8932,12051.497397899628,-0.12858315,
8933,12052.823107719421,-0.0,
8934,12054.153472423553,-0.08862968,
8935,12055.474991321564,-0.0,
8936,12056.806017160416,-0.20181131,
8937,12058.122835159302,-0.0,
8938,12059.450315952301,-0.046014793,
8939,12060.77710390091,-0.15452893,
8940,12062.097072839737,-0.006371393,
8941,12063.423189163208,-0.023769867,
8942,12064.74527668953,-0.110342905,
8943,12066.063004493713,-0.023558978,
8944,12067.403039455414,-0.0024469434,
8945,12068.742676973343,-0.043948956,
8946,12070.06798005104,-0.027140375,
8947,12071.412650585175,-0.015406877,
8948,12072.76121211052,-0.0,
8949,12074.084694623947,-0.12725253,
8950,12075.416676998138,-0.03712902,
8951,12076.750362873077,-0.0938911,
8952,12078.164963006973,-0.13826951,
8953,12079.503836154938,-0.7573995,
8954,12080.910793542862,-0.04508937,
8955,12082.248252391815,-0.12295371,
8956,12083.587373256683,-0.0,
8957,12084.940405130386,-0.0074111624,
8958,12086.270501613617,-0.15416414,
8959,12087.598430871964,-0.0,
8960,12088.930440425873,-0.0,
8961,12090.2754778862,-0.099750146,
8962,12091.605676174164,-0.10338532,
8963,12092.964354515076,-0.11081482,
8964,12094.356201648712,-0.27682066,
8965,12095.699088096619,-0.013274136,
8966,12097.025126218796,-0.028173823,
8967,12098.361605882645,-0.101491526,
8968,12099.688744306564,-0.15592667,
8969,12101.034470558167,-0.11107165,
8970,12102.35558271408,-0.16321039,
8971,12103.688682317734,-0.04760706,
8972,12105.022270441055,-0.0052097742,
8973,12106.340555667877,-0.061732512,
8974,12107.670857429504,-0.15702644,
8975,12109.00629067421,-0.034190856,
8976,12110.352412462234,-0.0784775,
8977,12111.683376550674,-0.039642453,
8978,12113.021090984344,-0.2791496,
8979,12114.342565774918,-0.07122113,
8980,12115.672698259354,-0.14767976,
8981,12117.004984855652,-0.0906254,
8982,12118.349183321,-0.0,
8983,12119.68592095375,-0.06775435,
8984,12121.007865667343,-0.022970613,
8985,12122.35579943657,-0.40147457,
8986,12123.702541351318,-0.035781834,
8987,12125.040971755981,-0.012269882,
8988,12126.387913227081,-0.17026302,
8989,12127.7328312397,-0.08812955,
8990,12129.064756631851,-0.028424183,
8991,12130.396012544632,-0.02353995,
8992,12131.730974197388,-0.08840781,
8993,12133.068009376526,-0.05874315,
8994,12134.41929101944,-0.05985792,
8995,12135.79778265953,-0.13529164,
8996,12137.160878658295,-0.0,
8997,12138.502927303314,-0.033053648,
8998,12139.834135770798,-0.06869317,
8999,12141.182088851929,-0.0806565,
9000,12143.73776102066,-0.035458196,
9001,12145.091676950455,-0.0088663045,
9002,12146.442679166794,-0.04481846,
9003,12147.79119348526,-0.0024686125,
9004,12149.122037887573,-0.05318209,
9005,12150.466826915741,-0.15412232,
9006,12151.789692878723,-2.372323e-10,
9007,12153.111302375793,-0.029894937,
9008,12154.443365097046,-0.10302268,
9009,12155.777600049973,-0.06681687,
9010,12157.113198280334,-0.1673422,
9011,12158.441652297974,-0.09707875,
9012,12159.771689891815,-0.11859827,
9013,12161.11618900299,-2.4270474e-08,
9014,12162.44124341011,-0.06282291,
9015,12163.76983499527,-0.14990279,
9016,12165.101050138474,-0.1480084,
9017,12166.43386220932,-0.055741824,
9018,12167.749251127243,-0.0024061722,
9019,12169.064788341522,-0.0683209,
9020,12170.379226207733,-0.003726948,
9021,12171.698564291,-0.030071408,
9022,12173.014918327332,-0.15317148,
9023,12174.333875656128,-0.028983135,
9024,12175.650506019592,-0.14511155,
9025,12176.981974601746,-0.040689208,
9026,12178.316521644592,-0.15332818,
9027,12179.651584148407,-0.027114822,
9028,12180.982573986053,-0.003376177,
9029,12182.332897424698,-0.2810056,
9030,12183.690959692001,-0.32103947,
9031,12185.01482629776,-0.036659773,
9032,12186.349738836288,-0.03617891,
9033,12187.685364723206,-0.45566612,
9034,12189.012557983398,-7.1729865e-08,
9035,12190.378393411636,-0.02304796,
9036,12191.719409227371,-0.012747472,
9037,12193.046414852142,-0.006851722,
9038,12194.388213634491,-0.039519574,
9039,12195.711527347565,-0.1225448,
9040,12197.043406486511,-0.039722186,
9041,12198.3752450943,-0.0,
9042,12199.711691141129,-0.39880282,
9043,12201.046914577484,-0.042445563,
9044,12202.385271787643,-0.37795448,
9045,12203.71791434288,-0.03853801,
9046,12205.047989845276,-0.0,
9047,12206.392648935318,-0.19665709,
9048,12207.737032413483,-0.097060256,
9049,12209.075186729431,-0.64202815,
9050,12210.409403085709,-0.0,
9051,12211.740128040314,-0.0,
9052,12213.068774700165,-0.06923017,
9053,12214.404527902603,-0.018379722,
9054,12215.722520589828,-0.0,
9055,12217.05317234993,-0.16510326,
9056,12218.389878988266,-0.031419404,
9057,12219.719210147858,-0.096901305,
9058,12221.04894065857,-0.017130664,
9059,12222.37009859085,-0.13284656,
9060,12223.701473236084,-0.029620294,
9061,12225.02602648735,-0.12138185,
9062,12226.348235845566,-0.026052093,
9063,12227.672658443451,-0.05991632,
9064,12229.005699157715,-0.13051805,
9065,12230.355063676834,-0.0,
9066,12231.682517528534,-0.014984531,
9067,12233.008241891861,-0.044043835,
9068,12234.336213111877,-0.026259195,
9069,12235.675023317337,-0.13838421,
9070,12237.004594802856,-1.7243366,
9071,12238.330025911331,-0.37518194,
9072,12239.671343326569,-0.025008986,
9073,12240.990934848785,-0.008529944,
9074,12242.320614814758,-0.0,
9075,12243.649981021881,-0.17251745,
9076,12244.985335350037,-0.05245524,
9077,12246.31090426445,-0.012571293,
9078,12247.628144264221,-0.09816983,
9079,12248.961920261383,-0.10617051,
9080,12250.307342290878,-0.0,
9081,12251.642754554749,-0.22642131,
9082,12252.968277692795,-0.029456725,
9083,12254.289530038834,-0.81254476,
9084,12255.618254899979,-0.0034660927,
9085,12256.940402507782,-0.053193156,
9086,12258.264184236526,-0.05276013,
9087,12259.587841272354,-0.014710109,
9088,12260.915026187897,-0.06148321,
9089,12262.241139650345,-0.059694994,
9090,12263.565791606903,-0.07761012,
9091,12264.891830682755,-2.0722752,
9092,12266.223537445068,-0.043260742,
9093,12267.556811094284,-0.15579116,
9094,12268.886264801025,-0.0,
9095,12270.217635393143,-4.5583865e-06,
9096,12271.550989627838,-0.0070882356,
9097,12272.877054214478,-0.044778313,
9098,12274.202726364136,-0.099158585,
9099,12275.52511048317,-0.008704733,
9100,12278.032888650894,-0.0,
9101,12279.35369181633,-0.06017826,
9102,12280.680444955826,-0.030495014,
9103,12282.041236639023,-0.1828573,
9104,12283.422549247742,-0.47206593,
9105,12284.785407543182,-0.6320532,
9106,12286.128692865372,-0.019358207,
9107,12287.467854738235,-0.063564606,
9108,12288.864665985107,-0.044686336,
9109,12290.244410037994,-0.0008791686,
9110,12291.638003110886,-0.018761858,
9111,12292.999178409576,-0.10219411,
9112,12294.362343072891,-0.05858524,
9113,12295.70785498619,-0.17515707,
9114,12297.060066461563,-0.12619016,
9115,12298.405925273895,-0.0,
9116,12299.744979381561,-0.042122,
9117,12301.079039096832,-0.07105102,
9118,12302.413453578949,-0.0,
9119,12303.758066892624,-0.080361366,
9120,12305.129115104675,-0.16300152,
9121,12306.48187994957,-2.6848931e-10,
9122,12307.812427282333,-0.25171196,
9123,12309.153326034546,-0.06458076,
9124,12310.495940685272,-0.015271999,
9125,12311.833714008331,-0.007935216,
9126,12313.169417619705,-0.0,
9127,12314.510513544083,-0.012802179,
9128,12315.876833438873,-0.0020924162,
9129,12317.208471775055,-0.10798071,
9130,12318.547887325287,-0.11378802,
9131,12319.884913444519,-0.072392985,
9132,12321.228005170822,-0.06673215,
9133,12322.565020799637,-0.09520472,
9134,12323.89490556717,-0.020730129,
9135,12325.214423418045,-0.15011872,
9136,12326.547617912292,-0.12380018,
9137,12327.870310544968,-0.020831648,
9138,12329.194323062897,-0.08403465,
9139,12330.528310060501,-0.22183639,
9140,12331.855290651321,-0.026368216,
9141,12333.191987991333,-0.05064331,
9142,12334.515325069427,-0.006270627,
9143,12335.844770908356,-0.3143229,
9144,12337.180316925049,-1.7881383e-08,
9145,12338.512089252472,-0.37757927,
9146,12339.861566066742,-0.009088187,
9147,12341.189211130142,-0.024908692,
9148,12342.518735170364,-0.022931712,
9149,12343.859101057053,-0.38750526,
9150,12345.189791202545,-0.031054633,
9151,12346.534835577011,-0.054565277,
9152,12347.868360757828,-0.0,
9153,12349.19647693634,-0.026620612,
9154,12350.523787975311,-0.08715463,
9155,12351.849565982819,-0.039342694,
9156,12353.171957969666,-0.098219186,
9157,12354.490708112717,-2.413741,
9158,12355.821866750717,-0.0,
9159,12357.156639814377,-0.6922815,
9160,12358.484205961227,-0.016461106,
9161,12359.820039987564,-0.096131034,
9162,12361.149013280869,-0.0029036026,
9163,12362.48376083374,-0.04301376,
9164,12363.80636715889,-0.09195287,
9165,12365.135877132416,-0.0,
9166,12366.477509975433,-0.0,
9167,12367.809316635132,-0.08276608,
9168,12369.135800600052,-9.5969575e-05,
9169,12370.489872932434,-0.0034883607,
9170,12371.81226015091,-0.10313443,
9171,12373.144749641418,-0.0901715,
9172,12374.486431360245,-0.21379757,
9173,12375.82523727417,-0.039861318,
9174,12377.179395198822,-0.09628061,
9175,12378.521895885468,-0.0,
9176,12379.874378442764,-0.05394328,
9177,12381.240867853165,-0.0,
9178,12382.578388214111,-0.1668685,
9179,12383.907917022705,-0.020935211,
9180,12385.2531311512,-0.024570372,
9181,12386.586823225021,-0.02549037,
9182,12387.919861793518,-0.11565992,
9183,12389.2578291893,-0.0002964831,
9184,12390.596050262451,-0.10479671,
9185,12391.918624639511,-0.08411032,
9186,12393.270168542862,-0.0,
9187,12394.58365368843,-0.050866194,
9188,12395.906171560287,-1.0230688,
9189,12397.234548568726,-0.009698441,
9190,12398.580427646637,-0.12076698,
9191,12399.94631266594,-0.075486325,
9192,12401.270191192627,-3.167591e-05,
9193,12402.603602647781,-1.3724356,
9194,12403.989508867264,-0.11962348,
9195,12405.305754899979,-0.0111181345,
9196,12406.632354259491,-0.15490115,
9197,12407.964651584625,-0.06408388,
9198,12409.286625623703,-5.5705267e-11,
9199,12410.609719753265,-0.060156792,
9200,12413.14026594162,-0.028889138,
9201,12414.466144561768,-0.08033347,
9202,12415.818526744843,-0.2797986,
9203,12417.15501499176,-0.017986182,
9204,12418.497693300247,-0.3139577,
9205,12419.835970163345,-0.031006292,
9206,12421.162653684616,-0.0055575552,
9207,12422.492328882217,-0.025416637,
9208,12423.814483642578,-0.09149934,
9209,12425.1422894001,-0.009354916,
9210,12426.471487760544,-0.028366748,
9211,12427.798601388931,-0.089552924,
9212,12429.133063554764,-0.027920084,
9213,12430.456817865372,-0.08848846,
9214,12431.798245429993,-0.019037116,
9215,12433.135579824448,-0.046935882,
9216,12434.462821245193,-0.1592389,
9217,12435.783621311188,-0.0053307815,
9218,12437.108414173126,-0.04266616,
9219,12438.441728115082,-0.32122844,
9220,12439.767530679703,-0.0006713799,
9221,12441.122049808502,-0.11894274,
9222,12442.451485395432,-0.0,
9223,12443.788551807404,-0.09505341,
9224,12445.125877141953,-0.0,
9225,12446.460139274597,-0.10191876,
9226,12447.791095018387,-0.016207676,
9227,12449.112976312637,-0.2597444,
9228,12450.43940615654,-0.0,
9229,12451.767488241196,-0.07465827,
9230,12453.08568930626,-0.1883829,
9231,12454.409321784973,-0.38849714,
9232,12455.737034320831,-0.005093555,
9233,12457.080405712128,-0.0,
9234,12458.424825906754,-0.0,
9235,12459.75434589386,-0.029357472,
9236,12461.080129146576,-0.0,
9237,12462.425163269043,-0.07549358,
9238,12463.747508764267,-0.79304194,
9239,12465.066014528275,-0.384188,
9240,12466.383465528488,-0.86758256,
9241,12467.715852975845,-0.052225873,
9242,12469.043620347977,-0.12238817,
9243,12470.377487182617,-0.0,
9244,12471.724978923798,-0.05642838,
9245,12473.075385093689,-0.02665261,
9246,12474.424033164978,-0.060461976,
9247,12475.763967037201,-0.0,
9248,12477.118186473846,-0.14319144,
9249,12478.459042310715,-0.044209637,
9250,12479.790609121323,-0.0014889002,
9251,12481.125118732452,-0.128777,
9252,12482.464924573898,-0.17238,
9253,12483.817429065704,-0.022561874,
9254,12485.174249887466,-0.045348573,
9255,12486.51069521904,-0.06363997,
9256,12487.842307329178,-0.062185552,
9257,12489.175261259079,-0.11259649,
9258,12490.503485441208,-0.13376445,
9259,12491.823330879211,-0.07639293,
9260,12493.151149272919,-0.011262309,
9261,12494.479885101318,-0.045460265,
9262,12495.826072454453,-1.447157,
9263,12497.149526834488,-0.07979238,
9264,12498.485926866531,-0.047992997,
9265,12499.818792104721,-0.0,
9266,12501.14684510231,-0.15666676,
9267,12502.48603796959,-0.034514297,
9268,12503.81880736351,-1.3341907,
9269,12505.141678094864,-0.056219112,
9270,12506.461150169373,-0.010155512,
9271,12507.801637887955,-0.06524891,
9272,12509.125045061111,-4.879415e-05,
9273,12510.442198038101,-0.18148223,
9274,12511.757726430893,-0.0,
9275,12513.083029270172,-0.2560179,
9276,12514.40696811676,-0.016434703,
9277,12515.729102134705,-0.01974027,
9278,12517.05408334732,-0.035297945,
9279,12518.385605812073,-2.7983399e-11,
9280,12519.72026848793,-0.08140781,
9281,12521.036655426025,-0.03649105,
9282,12522.35506772995,-0.055868894,
9283,12523.677089691162,-0.24596235,
9284,12524.999144077301,-0.10400219,
9285,12526.321408033371,-0.043493144,
9286,12527.654344320297,-0.0848382,
9287,12528.981258630753,-0.054784358,
9288,12530.29970574379,-0.050661795,
9289,12531.621240854263,-0.49956653,
9290,12532.943017244339,-0.046368975,
9291,12534.279469013214,-0.049062528,
9292,12535.598008155823,-0.05382895,
9293,12536.92101931572,-0.0,
9294,12538.24532175064,-0.03292569,
9295,12539.584149599075,-0.057731837,
9296,12540.902732849121,-0.0041531934,
9297,12542.215768814087,-0.041181825,
9298,12543.528366088867,-0.0074738236,
9299,12544.84971857071,-0.017116012,
9300,12547.348935842514,-0.92718637,
9301,12548.66883802414,-0.087928295,
9302,12550.017467737198,-0.16076547,
9303,12551.33505153656,-0.12630942,
9304,12552.66391658783,-0.23608364,
9305,12553.989654541016,-0.10456743,
9306,12555.34424495697,-0.0,
9307,12556.68349146843,-0.15877607,
9308,12558.005890369415,-0.45330817,
9309,12559.335367679596,-0.07752039,
9310,12560.685413837433,-0.04239314,
9311,12562.030106782913,-0.07165137,
9312,12563.388715267181,-0.14923567,
9313,12564.720597743988,-0.09446402,
9314,12566.049101352692,-0.063707255,
9315,12567.37386918068,-0.021722268,
9316,12568.686808347702,-9.435208e-05,
9317,12570.013411521912,-0.06371032,
9318,12571.342598438263,-0.022738108,
9319,12572.676129102707,-0.7355844,
9320,12574.007397174835,-0.06662145,
9321,12575.337676763535,-0.048071768,
9322,12576.668670654297,-0.108472854,
9323,12577.988834142685,-0.21951294,
9324,12579.327424049377,-0.0,
9325,12580.654537200928,-0.068918176,
9326,12582.018214702606,-0.14059815,
9327,12583.355536222458,-6.4655397e-09,
9328,12584.684940099716,-0.0,
9329,12586.01712012291,-0.07853015,
9330,12587.350959062576,-0.027218599,
9331,12588.687201023102,-0.008161021,
9332,12590.015479803085,-0.24619055,
9333,12591.344877958298,-0.2034331,
9334,12592.667795419693,-0.06429297,
9335,12593.990231990814,-0.10252269,
9336,12595.311820268631,-0.0346892,
9337,12596.635237693787,-0.59218097,
9338,12597.966573476791,-2.4275694e-06,
9339,12599.286071777344,-0.10063948,
9340,12600.607012271881,-0.048583224,
9341,12601.934102773666,-0.022241665,
9342,12603.273581504822,-0.04840205,
9343,12604.591700315475,-0.42904115,
9344,12605.910660266876,-0.21093614,
9345,12607.237987995148,-0.008762565,
9346,12608.573956012726,-0.15888166,
9347,12609.903701782227,-0.0,
9348,12611.239900827408,-0.3177476,
9349,12612.570224523544,-0.011703665,
9350,12613.902977705002,-0.17265813,
9351,12615.223717212677,-0.33233264,
9352,12616.552119016647,-0.071493566,
9353,12617.881983757019,-0.028196502,
9354,12619.223385095596,-0.0900022,
9355,12620.548389434814,-0.055988155,
9356,12621.879313707352,-0.023707692,
9357,12623.208526611328,-0.23652895,
9358,12624.542048692703,-0.032435365,
9359,12625.86485362053,-0.02933732,
9360,12627.189771175385,-0.0,
9361,12628.517619848251,-0.002748454,
9362,12629.84817147255,-0.14453769,
9363,12631.16963815689,-0.1978674,
9364,12632.49512553215,-0.11973236,
9365,12633.863291740417,-0.072517715,
9366,12635.193596839905,-0.008018558,
9367,12636.511076927185,-0.018952616,
9368,12637.835288763046,-0.06424508,
9369,12639.169048786163,-0.28172722,
9370,12640.499866962433,-0.103702374,
9371,12641.851782798767,-0.15131764,
9372,12643.182767868042,-0.09362875,
9373,12644.51560306549,-0.022329897,
9374,12645.836260795593,-0.07198023,
9375,12647.164375305176,-0.34836197,
9376,12648.505143165588,-0.009741088,
9377,12649.832798719406,-0.029865915,
9378,12651.15798664093,-0.18526575,
9379,12652.494107484818,-0.0,
9380,12653.82690668106,-0.038573757,
9381,12655.163186073303,-0.026054014,
9382,12656.491462945938,-0.14149913,
9383,12657.849433660507,-0.077135965,
9384,12659.191913604736,-0.0,
9385,12660.542107343674,-0.12438318,
9386,12661.873004674911,-0.0,
9387,12663.221254110336,-0.06665235,
9388,12664.572124242783,-0.039857425,
9389,12665.926359176636,-0.17338562,
9390,12667.28668165207,-0.0,
9391,12668.63673877716,-0.07953556,
9392,12669.971404075623,-0.50251716,
9393,12671.310461997986,-0.07976842,
9394,12672.650182723999,-0.06762828,
9395,12674.001528024673,-0.000416558,
9396,12675.343437194824,-0.084628664,
9397,12676.672052145004,-0.034169752,
9398,12678.016816139221,-0.09457705,
9399,12679.364938259125,-0.035470907,
9400,12681.917140722275,-0.2101372,
9401,12683.262241840363,-0.17187168,
9402,12684.598624229431,-1.819372,
9403,12685.931030988693,-0.08138163,
9404,12687.285089731216,-0.36388737,
9405,12688.6213285923,-0.033299852,
9406,12689.970274686813,-0.4495226,
9407,12691.297961950302,-0.05576865,
9408,12692.624372720718,-0.14165542,
9409,12693.946183919907,-0.057621013,
9410,12695.275136470795,-0.100974806,
9411,12696.595072984695,-0.0,
9412,12697.914108037949,-0.2168988,
9413,12699.234900712967,-0.09299739,
9414,12700.559409856796,-0.03070732,
9415,12701.8930413723,-0.11787765,
9416,12703.227576971054,-0.07661178,
9417,12704.548168182373,-0.0802325,
9418,12705.868807554245,-0.052544665,
9419,12707.196318149567,-0.06297909,
9420,12708.54530787468,-0.013637999,
9421,12709.883309602737,-0.004788007,
9422,12711.223646879196,-0.07457615,
9423,12712.549583435059,-0.086952716,
9424,12713.883836984634,-0.09600781,
9425,12715.214599847794,-0.23163815,
9426,12716.539345741272,-0.054117035,
9427,12717.867455482483,-0.059781633,
9428,12719.197932481766,-0.15570088,
9429,12720.525490760803,-0.0,
9430,12721.852138519287,-0.1806489,
9431,12723.194730043411,-0.0,
9432,12724.533996343613,-0.015271935,
9433,12725.880696058273,-0.0,
9434,12727.220350503922,-0.0,
9435,12728.576173782349,-0.056489263,
9436,12729.897646427155,-0.053360965,
9437,12731.229383468628,-0.8744132,
9438,12732.573565483093,-0.05192732,
9439,12733.906049013138,-0.08928949,
9440,12735.23585987091,-0.030083751,
9441,12736.563262701035,-0.041816287,
9442,12737.883179187775,-0.020263344,
9443,12739.219023227692,-0.0,
9444,12740.5443110466,-3.0382995e-07,
9445,12741.864228487015,-0.34051603,
9446,12743.19176363945,-0.44749424,
9447,12744.547968864441,-0.25317505,
9448,12745.919246673584,-0.047679305,
9449,12747.27883028984,-0.07187233,
9450,12748.643087863922,-0.12913348,
9451,12749.995009183884,-0.0,
9452,12751.352772474289,-0.051116012,
9453,12752.682552337646,-0.22002444,
9454,12754.008143663406,-0.038832165,
9455,12755.387124061584,-0.0012182783,
9456,12756.752690315247,-0.0327565,
9457,12758.075451135635,-0.6965761,
9458,12759.397394895554,-0.06594435,
9459,12760.72195482254,-3.9793786e-08,
9460,12762.055319547653,-0.010604578,
9461,12763.39998459816,-0.13329831,
9462,12764.728269577026,-0.11947961,
9463,12766.066777467728,-0.4282046,
9464,12767.41847729683,-1.3051362,
9465,12768.761880397797,-0.0,
9466,12770.101622104645,-0.14007622,
9467,12771.430683851242,-0.010569191,
9468,12772.748272418976,-0.010222249,
9469,12774.077170848846,-0.13317344,
9470,12775.42594575882,-0.22079214,
9471,12776.753585577011,-0.03862983,
9472,12778.081355810165,-0.038047653,
9473,12779.411697864532,-0.12118347,
9474,12780.746423721313,-0.008018853,
9475,12782.07477903366,-0.06935114,
9476,12783.398686885834,-0.0,
9477,12784.715610265732,-0.045163807,
9478,12786.044728755951,-0.0027949873,
9479,12787.37474822998,-0.0,
9480,12788.707294940948,-0.020902928,
9481,12790.027884483337,-0.0,
9482,12791.34766125679,-0.0,
9483,12792.671436786652,-0.08797762,
9484,12793.99935245514,-0.08193405,
9485,12795.324308633804,-0.12595698,
9486,12796.651611566544,-0.0,
9487,12797.979733228683,-0.0,
9488,12799.35047197342,-0.094553195,
9489,12800.713553190231,-0.059862863,
9490,12802.089575767517,-0.009454427,
9491,12803.470048904419,-0.0,
9492,12804.798647165298,-0.09845004,
9493,12806.13376879692,-0.4585469,
9494,12807.487249612808,-0.05131062,
9495,12808.823775291443,-0.039107405,
9496,12810.165764331818,-0.04947237,
9497,12811.493957042694,-0.034594398,
9498,12812.821869850159,-0.5787884,
9499,12814.141007184982,-0.02570143,
9500,12816.639028549194,-1.4922172e-06,
9501,12817.995459318161,-0.0,
9502,12819.35012102127,-0.09467657,
9503,12820.704505681992,-0.17516664,
9504,12822.033446788788,-0.09513462,
9505,12823.356831789017,-0.11409544,
9506,12824.682653427124,-0.16221537,
9507,12826.012686252594,-0.23104179,
9508,12827.340741634369,-0.069053754,
9509,12828.66277050972,-0.0,
9510,12829.993276834488,-0.01364887,
9511,12831.334534406662,-0.04237217,
9512,12832.662126541138,-1.1217976,
9513,12833.998501062393,-0.06282324,
9514,12835.33729505539,-0.11871347,
9515,12836.670082330704,-0.015229938,
9516,12838.015498399734,-0.086259186,
9517,12839.39662027359,-0.014284804,
9518,12840.750151872635,-0.11013315,
9519,12842.10480427742,-0.072425574,
9520,12843.465358018875,-0.0,
9521,12844.804853916168,-1.5434492,
9522,12846.14202284813,-0.49014324,
9523,12847.470848798752,-0.08312979,
9524,12848.813980817795,-0.0067301355,
9525,12850.145115852356,-0.0,
9526,12851.478241443634,-0.015837431,
9527,12852.818083286285,-0.10043384,
9528,12854.15742778778,-0.035545904,
9529,12855.495735883713,-0.0,
9530,12856.848080158234,-0.10710684,
9531,12858.184429645538,-0.2399235,
9532,12859.517137050629,-0.14858525,
9533,12860.865472078323,-0.042935204,
9534,12862.192599773407,-0.0,
9535,12863.536762237549,-0.011159546,
9536,12864.880106449127,-0.024507092,
9537,12866.237215995789,-0.08178654,
9538,12867.573885917664,-0.035119064,
9539,12868.897706747055,-0.2306306,
9540,12870.232247114182,-0.051957,
9541,12871.574031352997,-0.34902877,
9542,12872.903413534164,-0.020951208,
9543,12874.249284267426,-0.53476024,
9544,12875.585939407349,-0.011795981,
9545,12876.914222478867,-0.0072258897,
9546,12878.258021354675,-0.12108432,
9547,12879.593888044357,-0.055520542,
9548,12880.932339906693,-0.29843777,
9549,12882.255269765854,-0.03026111,
9550,12883.580833673477,-0.009154612,
9551,12884.9057803154,-0.014514422,
9552,12886.230191230774,-0.17426166,
9553,12887.595420122147,-0.085701875,
9554,12888.924062013626,-0.0,
9555,12890.26213979721,-0.069364294,
9556,12891.609405517578,-0.100708686,
9557,12892.931511878967,-0.0,
9558,12894.256578207016,-0.010034938,
9559,12895.587096452713,-6.622731e-10,
9560,12896.922104358673,-0.042069934,
9561,12898.260547161102,-0.0657451,
9562,12899.596637487411,-0.07784903,
9563,12900.932307004929,-0.033184275,
9564,12902.277081251144,-0.049718905,
9565,12903.616763353348,-5.9296763e-06,
9566,12904.946294546127,-0.13593887,
9567,12906.287316083908,-0.062277157,
9568,12907.630827903748,-0.09058304,
9569,12908.958629131317,-0.15165241,
9570,12910.274369955063,-0.017083025,
9571,12911.596487283707,-0.049812496,
9572,12912.917934417725,-0.032510843,
9573,12914.252256155014,-0.034131557,
9574,12915.580793857574,-0.0,
9575,12916.897373914719,-0.54589474,
9576,12918.224412441254,-0.058529325,
9577,12919.540561199188,-0.019933078,
9578,12920.866030931473,-0.21283033,
9579,12922.198495388031,-0.0,
9580,12923.532994270325,-0.07149385,
9581,12924.859165430069,-0.095737815,
9582,12926.187853097916,-0.28090468,
9583,12927.520845651627,-0.21169516,
9584,12928.841744661331,-0.084492885,
9585,12930.1715092659,-0.2844107,
9586,12931.510601758957,-0.035405952,
9587,12932.829341888428,-0.018753167,
9588,12934.154877662659,-0.073849775,
9589,12935.475833177567,-0.016285501,
9590,12936.807380199432,-0.15928899,
9591,12938.126671791077,-0.14442265,
9592,12939.440661907196,-0.01151206,
9593,12940.764351129532,-0.017559545,
9594,12942.08019208908,-0.08186574,
9595,12943.398261070251,-0.033301912,
9596,12944.728303670883,-0.12542918,
9597,12946.056426048279,-0.8595994,
9598,12947.379348039627,-0.0070629762,
9599,12948.704977750778,-0.086250775,
9600,12951.214937210083,-0.0023763753,
9601,12952.541656017303,-0.15223339,
9602,12953.871613264084,-0.12200211,
9603,12955.19295501709,-0.0,
9604,12956.53016090393,-0.0025523247,
9605,12957.866877555847,-0.054656208,
9606,12959.204551935196,-0.009636874,
9607,12960.543557167053,-0.0,
9608,12961.87624669075,-0.0,
9609,12963.217133045197,-0.0,
9610,12964.544473409653,-0.09053007,
9611,12965.868288755417,-0.3188335,
9612,12967.188399791718,-0.09493589,
9613,12968.520622491837,-0.0078811385,
9614,12969.843399763107,-0.04231235,
9615,12971.179604053497,-0.27612126,
9616,12972.553852319717,-0.44513372,
9617,12973.921955347061,-0.018991517,
9618,12975.29598402977,-0.0,
9619,12976.629517555237,-1.0888433,
9620,12977.961107492447,-0.1814021,
9621,12979.336006879807,-0.0,
9622,12980.653827905655,-0.0,
9623,12981.99074602127,-0.429313,
9624,12983.354603767395,-0.09696088,
9625,12984.709033727646,-0.05206292,
9626,12986.054552793503,-0.010578163,
9627,12987.40556550026,-0.007161776,
9628,12988.732496023178,-0.01041564,
9629,12990.071366786957,-0.03716578,
9630,12991.4035987854,-0.107132375,
9631,12992.73052072525,-0.05158793,
9632,12994.074345588684,-0.11179337,
9633,12995.400408267975,-0.23054121,
9634,12996.744449853897,-0.050332967,
9635,12998.076181173325,-0.024101134,
9636,12999.424413442612,-0.41195935,
9637,13000.798612594604,-0.11719571,
9638,13002.17238688469,-0.13428494,
9639,13003.533789157867,-0.09828418,
9640,13004.864336967468,-0.10368343,
9641,13006.189858198166,-0.14009652,
9642,13007.550598621368,-0.6490427,
9643,13008.888072490692,-0.044185683,
9644,13010.233536720276,-0.10790564,
9645,13011.562938928604,-0.015894227,
9646,13012.908654212952,-0.038517512,
9647,13014.253368139267,-0.3581991,
9648,13015.626080274582,-0.021096386,
9649,13016.984517335892,-0.009407352,
9650,13018.323278427124,-0.25726756,
9651,13019.654731988907,-0.07374291,
9652,13021.018872261047,-0.1564824,
9653,13022.349115133286,-0.02835015,
9654,13023.690004110336,-0.35125595,
9655,13025.022755622864,-0.0,
9656,13026.37384557724,-0.038973786,
9657,13027.720766067505,-0.13444288,
9658,13029.065267801285,-0.04079827,
9659,13030.402846097946,-0.019435622,
9660,13031.724981069565,-0.1370154,
9661,13033.066625595093,-0.041347302,
9662,13034.42348408699,-0.121791795,
9663,13035.760465860367,-0.16813655,
9664,13037.11537694931,-0.0027614217,
9665,13038.460165262222,-0.017815236,
9666,13039.850406885147,-0.06903751,
9667,13041.197291851044,-0.01783077,
9668,13042.55247426033,-0.026875302,
9669,13043.890288829803,-0.0,
9670,13045.220796108246,-1.0958828,
9671,13046.559910535812,-0.0329988,
9672,13047.926337242126,-0.018104179,
9673,13049.296741247177,-0.17680621,
9674,13050.676395177841,-0.35899436,
9675,13052.024183034897,-0.34322155,
9676,13053.351999521255,-0.024912732,
9677,13054.678168296814,-0.0,
9678,13056.007701396942,-0.06953076,
9679,13057.3455555439,-0.1499123,
9680,13058.700720310211,-0.09245665,
9681,13060.024089097977,-0.10216227,
9682,13061.35614323616,-0.05904751,
9683,13062.695860862732,-0.01419805,
9684,13064.021399497986,-0.089817494,
9685,13065.385119438171,-2.0446355,
9686,13066.7169008255,-0.2698642,
9687,13068.054099082947,-0.0796436,
9688,13069.384240627289,-0.051319998,
9689,13070.708836555481,-0.09905444,
9690,13072.048122167587,-0.020056875,
9691,13073.381790876389,-0.311641,
9692,13074.705181837082,-0.09046322,
9693,13076.030085086823,-0.93642384,
9694,13077.360437393188,-0.06714574,
9695,13078.685226678848,-0.010570781,
9696,13080.00991845131,-0.02795617,
9697,13081.355463981628,-3.3257536e-05,
9698,13082.710074424744,-0.0,
9699,13084.05171251297,-2.1993623e-05,
9700,13086.636858940125,-0.056029305,
9701,13087.994709730148,-0.1868933,
9702,13089.33718419075,-0.09722824,
9703,13090.672185897827,-0.0,
9704,13091.989351034164,-0.0,
9705,13093.330089330673,-0.0,
9706,13094.668823480606,-0.15856764,
9707,13095.997083425522,-0.13688491,
9708,13097.331585884094,-0.063812286,
9709,13098.661408424377,-0.07905677,
9710,13099.991443634033,-0.1899122,
9711,13101.313838243484,-0.1361139,
9712,13102.63492512703,-0.03652588,
9713,13103.966669559479,-0.0,
9714,13105.291642665863,-0.007432057,
9715,13106.63250875473,-0.06324604,
9716,13107.972711324692,-3.8192534,
9717,13109.293233633041,-0.07466689,
9718,13110.617805480957,-0.09487234,
9719,13111.959261655807,-0.19100943,
9720,13113.281809806824,-0.009246301,
9721,13114.61094880104,-0.048789416,
9722,13115.9355301857,-0.037328597,
9723,13117.267798662186,-0.077460855,
9724,13118.595844984055,-0.05168592,
9725,13119.925407409668,-2.443398e-07,
9726,13121.247186660767,-0.02770685,
9727,13122.5771484375,-0.12506807,
9728,13123.8990380764,-0.032196738,
9729,13125.21751832962,-0.30718628,
9730,13126.53931593895,-0.1555013,
9731,13127.869451522827,-0.09964433,
9732,13129.219514131546,-0.31371465,
9733,13130.55245923996,-0.03355601,
9734,13131.92278790474,-4.8363465e-05,
9735,13133.259119033813,-0.06335135,
9736,13134.583149909973,-0.38205588,
9737,13135.913973808289,-0.17742184,
9738,13137.246603012085,-0.041556504,
9739,13138.574035167694,-0.3687903,
9740,13139.903573036194,-0.032137267,
9741,13141.244927883148,-0.3384865,
9742,13142.577379465103,-0.007362726,
9743,13143.900151014328,-0.120106265,
9744,13145.26762843132,-0.06458323,
9745,13146.59367442131,-0.052300155,
9746,13147.934885978699,-0.13909012,
9747,13149.26425743103,-0.15730403,
9748,13150.587885141373,-0.0046276664,
9749,13151.923143863678,-0.120083146,
9750,13153.252621650696,-0.0,
9751,13154.575143814087,-0.2063285,
9752,13155.92145872116,-0.0,
9753,13157.277539014816,-0.14059645,
9754,13158.59966135025,-0.023618352,
9755,13159.923413276672,-0.14795886,
9756,13161.250572919846,-0.19360307,
9757,13162.582223176956,-0.0155233005,
9758,13163.907279491425,-0.025564995,
9759,13165.23643898964,-0.06370138,
9760,13166.574515104294,-0.0051701725,
9761,13167.9134786129,-0.074892566,
9762,13169.246332406998,-2.4550386e-07,
9763,13170.577001810074,-0.036196843,
9764,13171.910417556763,-0.120626315,
9765,13173.235464572906,-0.046403,
9766,13174.569585084915,-0.0,
9767,13175.885555505753,-0.18187618,
9768,13177.224659442902,-0.029341329,
9769,13178.552392959595,-0.118083805,
9770,13179.877943277359,-1.7567569e-08,
9771,13181.194640636444,-0.11220199,
9772,13182.53172492981,-0.0065748915,
9773,13183.881199359894,-0.08597872,
9774,13185.221037626266,-0.0,
9775,13186.548193216324,-0.057166837,
9776,13187.921979665756,-0.0,
9777,13189.276353597641,-0.058105525,
9778,13190.62794804573,-0.021480316,
9779,13191.966124296188,-0.04617374,
9780,13193.321566581726,-0.0,
9781,13194.67975282669,-0.035416674,
9782,13196.031088352203,-0.026113404,
9783,13197.410592317581,-0.022629637,
9784,13198.743468761444,-0.40086502,
9785,13200.074126243591,-0.12298868,
9786,13201.406452417374,-0.13744082,
9787,13202.742994308472,-0.10909058,
9788,13204.082061290741,-0.08551809,
9789,13205.415361166,-0.008734232,
9790,13206.753865718842,-0.008900326,
9791,13208.084470510483,-0.094244026,
9792,13209.442427158356,-0.1720024,
9793,13210.787266731262,-0.084180325,
9794,13212.135845899582,-0.05486061,
9795,13213.471900224686,-0.032671254,
9796,13214.830535173416,-0.33545363,
9797,13216.172424316406,-0.011380524,
9798,13217.504416704178,-0.06402936,
9799,13218.861081123352,-0.0,
9800,13221.753708600998,-0.10600941,
9801,13223.078138113022,-0.0042302115,
9802,13224.401903867722,-0.21202381,
9803,13225.734999418259,-0.025880652,
9804,13227.060745954514,-0.03637745,
9805,13228.405225753784,-0.038211282,
9806,13229.730197906494,-0.016806364,
9807,13231.056627988815,-0.3209621,
9808,13232.389536380768,-0.014268333,
9809,13233.70786690712,-0.08003229,
9810,13235.02659702301,-0.085565925,
9811,13236.382140159607,-0.034541834,
9812,13237.743726491928,-5.629316e-09,
9813,13239.07099366188,-0.055387188,
9814,13240.394874334335,-0.052129753,
9815,13241.725002527237,-0.013827518,
9816,13243.063848733902,-0.18431684,
9817,13244.398041725159,-0.013508973,
9818,13245.730058670044,-0.06676735,
9819,13247.061341047287,-0.006238821,
9820,13248.380558729172,-0.19441743,
9821,13249.710387468338,-0.0036963434,
9822,13251.027976512909,-0.0,
9823,13252.365411043167,-0.028806996,
9824,13253.692492485046,-0.18818754,
9825,13255.019401550293,-0.025472058,
9826,13256.360619306564,-0.05068519,
9827,13257.685020685196,-0.032995254,
9828,13259.0064432621,-0.0,
9829,13260.326711893082,-0.09106558,
9830,13261.64431142807,-0.16774651,
9831,13262.98567533493,-0.07942377,
9832,13264.305162191391,-0.0,
9833,13265.620688438416,-0.14855327,
9834,13266.965004444122,-0.013330638,
9835,13268.292690753937,-0.059592202,
9836,13269.616348981857,-0.5084716,
9837,13270.946787118912,-0.019241488,
9838,13272.275383234024,-0.12964272,
9839,13273.608618021011,-0.14996007,
9840,13274.933540582657,-0.03540722,
9841,13276.271726608276,-0.15968916,
9842,13277.60909152031,-0.10088937,
9843,13278.95652294159,-0.21653315,
9844,13280.283162593842,-0.13172907,
9845,13281.611519098282,-0.0060926583,
9846,13282.945995092392,-0.021188084,
9847,13284.276885271072,-0.0,
9848,13285.59543132782,-0.0,
9849,13286.91866016388,-0.058163263,
9850,13288.240785837173,-0.4330888,
9851,13289.587078094482,-0.12782142,
9852,13290.924651384354,-0.0013452609,
9853,13292.26006937027,-0.39579606,
9854,13293.613202095032,-0.0,
9855,13294.967986822128,-0.010109695,
9856,13296.295045375824,-0.031010574,
9857,13297.610706567764,-0.11757469,
9858,13298.945848703384,-0.055286158,
9859,13300.273884296417,-0.04772931,
9860,13301.595002412796,-0.13511927,
9861,13302.922619104385,-2.3954938e-06,
9862,13304.261519670486,-0.2527263,
9863,13305.598200321198,-0.0011849996,
9864,13306.925055503845,-0.005424867,
9865,13308.262116670609,-0.24596903,
9866,13309.601036071777,-0.3315124,
9867,13310.937670707703,-0.071462825,
9868,13312.262813329697,-0.051244106,
9869,13313.587391376495,-8.3950194e-11,
9870,13314.915410518646,-0.03857229,
9871,13316.233728170395,-0.07065896,
9872,13317.56487107277,-0.0,
9873,13318.895041704178,-0.016156515,
9874,13320.22746872902,-0.113125555,
9875,13321.555961847305,-0.0032072745,
9876,13322.888508081436,-0.10986594,
9877,13324.209135770798,-0.09474468,
9878,13325.544072389603,-0.1173107,
9879,13326.867803573608,-0.08983019,
9880,13328.195454835892,-0.10452604,
9881,13329.521741390228,-0.079155706,
9882,13330.860855579376,-0.18193346,
9883,13332.207983016968,-0.0,
9884,13333.574954509735,-0.0,
9885,13334.90015244484,-0.0,
9886,13336.239350557327,-0.19991386,
9887,13337.591594219208,-0.043202974,
9888,13338.92341542244,-0.08279885,
9889,13340.263875246048,-0.039145555,
9890,13341.592241287231,-0.033704747,
9891,13342.911475419998,-0.12794684,
9892,13344.237761259079,-0.007927436,
9893,13345.57304263115,-0.17992944,
9894,13346.895227909088,-0.031421524,
9895,13348.240334510803,-1.2380084,
9896,13349.551552295685,-0.06609741,
9897,13350.87349319458,-0.01902844,
9898,13352.205363988876,-0.025420237,
9899,13353.552610874176,-0.02851918,
9900,13356.049361228943,-0.070360556,
9901,13357.388394117355,-1.1537695,
9902,13358.734992027283,-0.10179255,
9903,13360.061349391937,-0.0,
9904,13361.394356966019,-0.029940158,
9905,13362.727452754974,-0.0,
9906,13364.070178985596,-0.1224384,
9907,13365.409603595734,-0.062203605,
9908,13366.762543439865,-0.047919225,
9909,13368.1245367527,-0.0513193,
9910,13369.466751098633,-0.145596,
9911,13370.80084514618,-0.00010894683,
9912,13372.123452663422,-0.0,
9913,13373.45771241188,-0.09034594,
9914,13374.794685125351,-0.050803863,
9915,13376.130678653717,-0.041854423,
9916,13377.462142944336,-0.0116402935,
9917,13378.800760746002,-0.03474998,
9918,13380.126080989838,-0.10784815,
9919,13381.450882196426,-0.16974872,
9920,13382.787219524384,-0.07910545,
9921,13384.138268709183,-0.107483,
9922,13385.475085020065,-0.012872922,
9923,13386.796584129333,-0.033700276,
9924,13388.117718219757,-0.019628704,
9925,13389.450924634933,-0.022570927,
9926,13390.791382551193,-0.06338318,
9927,13392.130964279175,-0.4619235,
9928,13393.449556827545,-0.006410306,
9929,13394.783168315887,-0.06697182,
9930,13396.108369588852,-0.026442915,
9931,13397.445683479309,-0.034817945,
9932,13398.775537967682,-0.0,
9933,13400.104618787766,-0.19583589,
9934,13401.426580667496,-0.0,
9935,13402.755856513977,-0.02788862,
9936,13404.10522055626,-0.107767075,
9937,13405.439314365387,-0.21284686,
9938,13406.779348611832,-0.06076197,
9939,13408.109949350357,-0.03775103,
9940,13409.443347215652,-0.085142255,
9941,13410.780948400497,-0.01879377,
9942,13412.120447397232,-0.1846602,
9943,13413.444749355316,-0.12223246,
9944,13414.799350500107,-0.013357712,
9945,13416.12847161293,-0.09204502,
9946,13417.460417747498,-0.0022198737,
9947,13418.77997303009,-0.0,
9948,13420.120326519012,-0.18949275,
9949,13421.444549798965,-0.0,
9950,13422.764714479446,-0.0,
9951,13424.086296319962,-0.0698871,
9952,13425.413601875305,-0.1426349,
9953,13426.749703168869,-0.0041623246,
9954,13428.071838855743,-0.76764214,
9955,13429.388050079346,-0.056118242,
9956,13430.71294093132,-0.048150808,
9957,13432.042661905289,-0.9522845,
9958,13433.35989356041,-0.26548514,
9959,13434.686942100525,-0.19913022,
9960,13436.021793842316,-0.12260655,
9961,13437.366264104843,-0.031280868,
9962,13438.749413251877,-0.025740005,
9963,13440.11206150055,-0.0189113,
9964,13441.442828416824,-0.085987724,
9965,13442.76428437233,-0.0,
9966,13444.091805458069,-0.075213075,
9967,13445.418800115585,-0.17707635,
9968,13446.750210762024,-0.14794272,
9969,13448.101448059082,-0.11664307,
9970,13449.461399555206,-0.039974917,
9971,13450.808699846268,-0.012119802,
9972,13451.56237411499,-0.05448408,
9973,13453.415817975998,-0.0077817244,
9974,13454.73555111885,-0.34610647,
9975,13456.054926872253,-4.5394016e-05,
9976,13457.381333827972,-0.09589574,
9977,13458.711065769196,-0.043828126,
9978,13460.041394472122,-0.014456329,
9979,13461.386164188385,-0.246889,
9980,13462.718754768372,-0.056097254,
9981,13464.057087659836,-0.0037178006,
9982,13465.403838396072,-0.0,
9983,13466.729945898056,-0.102116026,
9984,13468.06251335144,-3.8912867e-06,
9985,13469.382208824158,-0.0704814,
9986,13470.700588703156,-0.011993584,
9987,13472.045963048935,-0.024777336,
9988,13473.389423847198,-0.0,
9989,13474.750188350677,-0.0072886483,
9990,13476.106709003448,-0.124056704,
9991,13477.453870534897,-0.0,
9992,13478.798042058945,-0.014138375,
9993,13480.161337852478,-0.38947678,
9994,13481.540930986404,-0.18511403,
9995,13482.889789581299,-0.20538075,
9996,13484.253284692764,-0.0987564,
9997,13485.582031488419,-0.0,
9998,13486.909839391708,-0.04781253,
9999,13488.241010427475,-0.08603447,
