step,time_sec,train_neg_log_ppl,val_neg_log_ppl
1,6.645190238952637,-14.024893,
2,7.280435800552368,-14.1409855,
3,7.917768955230713,-13.1408615,
4,8.554629802703857,-11.651771,
5,9.190628290176392,-9.675042,
6,9.826331377029419,-6.648553,
7,10.464128255844116,-3.6185598,
8,11.101242065429688,-1.3654238,
9,11.740663051605225,-1.0641237,
10,12.381300687789917,-1.4540484,
11,13.023086309432983,-1.6635455,
12,13.664025783538818,-1.9460268,
13,14.415387392044067,-2.258512,
14,15.051209688186646,-2.2413065,
15,15.679641246795654,-2.745028,
16,16.299798011779785,-2.9493208,
17,16.917032718658447,-2.5871506,
18,17.533758640289307,-3.1302724,
19,18.156182765960693,-3.680688,
20,18.775460958480835,-3.5035768,
21,19.387361526489258,-3.6872241,
22,19.994428396224976,-3.8249564,
23,20.596757173538208,-3.5019846,
24,21.19693946838379,-3.7127328,
25,21.789613485336304,-3.5565624,
26,23.219165086746216,-4.0888405,
27,23.812455415725708,-4.3266606,
28,24.403153657913208,-4.3610315,
29,24.98953080177307,-4.7589436,
30,25.57440686225891,-4.7059093,
31,26.15716028213501,-3.9949539,
32,26.741490125656128,-5.1720567,
33,27.329066038131714,-4.6276503,
34,27.908217430114746,-4.5483947,
35,28.48835301399231,-5.118182,
36,29.06895351409912,-4.889637,
37,29.64348554611206,-4.941886,
38,30.216418266296387,-4.9288464,
39,30.787349462509155,-4.2901626,
40,31.3564133644104,-4.8182955,
41,31.927566289901733,-4.8239326,
42,32.50029635429382,-3.9516158,
43,33.0698881149292,-4.510996,
44,33.63888621330261,-5.0367947,
45,34.20854878425598,-4.633177,
46,34.77642107009888,-4.7644005,
47,35.34235215187073,-4.852458,
48,35.92230987548828,-4.332775,
49,36.49587345123291,-4.470848,
50,37.05551481246948,-4.1502533,
51,38.554561376571655,-4.6840615,
52,39.13231134414673,-4.8614464,
53,39.71337080001831,-4.779917,
54,40.296314001083374,-5.087427,
55,40.87958812713623,-4.6251864,
56,41.46471118927002,-3.7929354,
57,42.05492639541626,-4.9483643,
58,42.64652919769287,-3.6023889,
59,43.24430441856384,-2.9364848,
60,43.85195851325989,-2.3839738,
61,44.467846393585205,-2.1025681,
62,45.08848237991333,-1.2753159,
63,45.70915770530701,-1.6155896,
64,46.33490324020386,-1.0304866,
65,46.95930242538452,-1.152044,
66,47.583794832229614,-0.9047533,
67,48.2071168422699,-0.84678334,
68,48.834264278411865,-1.4293523,
69,49.457035064697266,-0.91430897,
70,50.07978081703186,-0.7994118,
71,50.70659828186035,-0.74480236,
72,51.33500123023987,-1.0711212,
73,51.961238622665405,-1.1878266,
74,52.589919090270996,-0.81919944,
75,53.203919649124146,-0.9480361,
76,54.683666706085205,-1.0045308,
77,55.31448221206665,-0.8864779,
78,55.94555473327637,-0.9989997,
79,56.580092906951904,-1.577134,
80,57.2171995639801,-0.8848065,
81,57.8575804233551,-0.6628991,
82,58.49860882759094,-0.91808057,
83,59.1400842666626,-0.7183803,
84,59.77966332435608,-0.9797959,
85,60.41853308677673,-1.3999723,
86,61.06119728088379,-1.0180335,
87,61.70448446273804,-1.1080041,
88,62.3468234539032,-0.9878018,
89,62.990859031677246,-0.82996476,
90,63.634504556655884,-1.049077,
91,64.27890419960022,-0.7454436,
92,64.92161273956299,-0.7022049,
93,65.56539678573608,-1.274595,
94,66.21606183052063,-1.0162466,
95,66.86332964897156,-0.59310365,
96,67.50830006599426,-0.6834307,
97,68.15376830101013,-0.79881096,
98,68.7981026172638,-0.69958895,
99,69.44668698310852,-0.6995022,
100,70.59924221038818,-0.83135885,
101,72.18169593811035,-0.7226223,
102,72.82358360290527,-1.0435402,
103,73.46756935119629,-0.7271278,
104,74.11127495765686,-1.1948481,
105,74.75502133369446,-0.8391557,
106,75.39930868148804,-0.6477163,
107,76.04212617874146,-0.748572,
108,76.6858241558075,-0.691527,
109,77.3300895690918,-0.73594296,
110,77.9722101688385,-1.0170043,
111,78.62062788009644,-0.55012,
112,79.2643039226532,-0.93099886,
113,79.90739846229553,-0.7500783,
114,80.54981279373169,-0.62589884,
115,81.19320559501648,-0.6453086,
116,81.83573269844055,-0.7389581,
117,82.4791362285614,-0.6577848,
118,83.12133526802063,-0.8349277,
119,83.76401805877686,-0.9587566,
120,84.40731358528137,-0.9466823,
121,85.04953289031982,-0.7038589,
122,85.69150161743164,-0.73553914,
123,86.33580112457275,-0.581822,
124,86.97922015190125,-0.61158806,
125,87.61581635475159,-0.5530909,
126,89.1288514137268,-0.72917753,
127,89.7744026184082,-0.7970365,
128,90.42131781578064,-0.5069798,
129,91.06742548942566,-0.7699735,
130,91.71372628211975,-0.68106604,
131,92.36039972305298,-0.5905755,
132,93.00568890571594,-0.58049893,
133,93.65213203430176,-0.566443,
134,94.29715538024902,-0.4430163,
135,94.9431381225586,-0.89811444,
136,95.58952784538269,-0.50864714,
137,96.23450827598572,-0.544043,
138,96.88061690330505,-0.58395,
139,97.52717185020447,-0.51109505,
140,98.17252993583679,-0.6102792,
141,98.81853246688843,-0.5072493,
142,99.46484994888306,-0.39556795,
143,100.10932445526123,-0.5241759,
144,100.75473213195801,-0.75814945,
145,101.40057706832886,-0.45564267,
146,102.04542088508606,-0.49830723,
147,102.69137811660767,-0.6473299,
148,103.33740401268005,-0.64188266,
149,103.98277544975281,-0.35063508,
150,104.61890435218811,-0.5283498,
151,106.18379545211792,-0.42599362,
152,106.83061122894287,-0.40431046,
153,107.47665786743164,-0.4360888,
154,108.122713804245,-0.78966725,
155,108.76927590370178,-0.58686876,
156,109.4146625995636,-0.38606015,
157,110.06132245063782,-0.5161102,
158,110.70757603645325,-0.62770337,
159,111.35379099845886,-0.3069173,
160,112.00097179412842,-0.5376786,
161,112.6474597454071,-0.2564582,
162,113.2930052280426,-0.4376763,
163,113.93994522094727,-0.27355522,
164,114.58560228347778,-0.3243541,
165,115.23127150535583,-0.35387868,
166,115.87707257270813,-0.4524345,
167,116.51327967643738,-0.28186187,
168,117.14683508872986,-0.57771146,
169,117.78669428825378,-0.503311,
170,118.42417812347412,-0.5330476,
171,119.05996131896973,-0.47778144,
172,119.69379711151123,-0.36463025,
173,120.32774448394775,-0.47547284,
174,120.969411611557,-0.36727792,
175,121.59136295318604,-0.37805134,
176,123.04933166503906,-0.39669818,
177,123.68136310577393,-0.38206032,
178,124.31451344490051,-0.35379928,
179,124.94805216789246,-0.40542692,
180,125.58176350593567,-0.3991614,
181,126.2143805027008,-0.4084375,
182,126.84736466407776,-0.5473144,
183,127.48063325881958,-0.22260267,
184,128.1137354373932,-0.35756975,
185,128.74688482284546,-0.31878787,
186,129.38017296791077,-0.2687077,
187,130.0212917327881,-0.57015276,
188,130.75435376167297,-0.2754177,
189,131.3881266117096,-0.37262082,
190,132.02104139328003,-0.32474703,
191,132.6526963710785,-0.28162116,
192,133.2833707332611,-0.27989143,
193,133.91396164894104,-0.6375716,
194,134.5450041294098,-0.37117922,
195,135.1758689880371,-0.36463872,
196,135.80668234825134,-0.31876475,
197,136.43728470802307,-0.24571279,
198,137.06828141212463,-0.3218785,
199,137.69834280014038,-0.37656614,
200,138.82216954231262,-0.45989752,
201,140.33855533599854,-0.5090157,
202,140.96842551231384,-0.54550445,
203,141.5998158454895,-0.25124732,
204,142.23161935806274,-0.45520207,
205,142.86299848556519,-0.58056104,
206,143.49469900131226,-0.31177413,
207,144.12584161758423,-0.32215655,
208,144.75738668441772,-0.25830486,
209,145.3888554573059,-0.46087503,
210,146.02036023139954,-0.44348463,
211,146.65187907218933,-0.5058924,
212,147.28311252593994,-0.35215408,
213,147.9150848388672,-0.30806342,
214,148.54653072357178,-0.34304097,
215,149.17833590507507,-0.19376892,
216,149.80971598625183,-0.29230803,
217,150.4415624141693,-0.29032108,
218,151.07229590415955,-0.46999294,
219,151.70323991775513,-0.36492008,
220,152.3343288898468,-0.41872975,
221,152.96573090553284,-0.4772789,
222,153.59660387039185,-0.3474717,
223,154.22771072387695,-0.31681156,
224,154.85846543312073,-0.24702342,
225,155.47909879684448,-0.42627236,
226,156.94269680976868,-0.3339377,
227,157.57485437393188,-0.43132097,
228,158.20757150650024,-0.29720867,
229,158.8412208557129,-0.21734573,
230,159.47407293319702,-0.40506878,
231,160.10730051994324,-0.39056173,
232,160.7397482395172,-0.3038651,
233,161.37320232391357,-0.29873672,
234,162.00573897361755,-0.25109094,
235,162.63894844055176,-0.4009207,
236,163.27124118804932,-0.278357,
237,163.90412020683289,-0.36994374,
238,164.53737258911133,-0.26340988,
239,165.1702651977539,-0.11675824,
240,165.80241656303406,-0.46579593,
241,166.43457889556885,-0.46549088,
242,167.06634187698364,-0.2671135,
243,167.697767496109,-0.42570955,
244,168.32924580574036,-0.43168768,
245,168.96488881111145,-0.54905397,
246,169.59736847877502,-0.39967886,
247,170.22876000404358,-0.2910108,
248,170.86017489433289,-0.30681777,
249,171.49178433418274,-0.2746624,
250,172.11356329917908,-0.16170111,
251,173.60317730903625,-0.23315942,
252,174.2374997138977,-0.48983988,
253,174.87343883514404,-0.20696066,
254,175.50906348228455,-0.3121198,
255,176.14467930793762,-0.14548506,
256,176.77993726730347,-0.26557142,
257,177.41634917259216,-0.3120905,
258,178.0523602962494,-0.34568354,
259,178.68847107887268,-0.33483535,
260,179.3246989250183,-0.21263076,
261,179.96030974388123,-0.54444605,
262,180.59624528884888,-0.30767098,
263,181.23859119415283,-0.5190896,
264,181.87444305419922,-0.25603727,
265,182.5105710029602,-0.20691684,
266,183.14662671089172,-0.2885781,
267,183.78249859809875,-0.16144359,
268,184.4168758392334,-0.34703144,
269,185.05189037322998,-0.84302306,
270,185.68708872795105,-0.27112535,
271,186.3220944404602,-0.28585315,
272,186.95773077011108,-0.16107689,
273,187.5985324382782,-0.21416718,
274,188.2339985370636,-0.27704442,
275,188.8580982685089,-0.19288924,
276,190.30751514434814,-0.29006547,
277,190.94195890426636,-0.24480869,
278,191.5771872997284,-0.26268795,
279,192.21297550201416,-0.663273,
280,192.84831881523132,-0.35221058,
281,193.48292922973633,-0.2408288,
282,194.11726307868958,-0.32420626,
283,194.75225400924683,-0.26754433,
284,195.38714146614075,-0.28969857,
285,196.02158904075623,-0.3251699,
286,196.65581059455872,-0.654771,
287,197.2915177345276,-0.29508796,
288,197.92671155929565,-0.24389027,
289,198.56245064735413,-0.20009291,
290,199.1978805065155,-0.1520162,
291,199.83281826972961,-0.15766127,
292,200.4680233001709,-0.33078307,
293,201.10253882408142,-0.3053814,
294,201.73677349090576,-0.38577324,
295,202.37096190452576,-0.46477783,
296,203.00539922714233,-0.27831647,
297,203.64018440246582,-0.3009903,
298,204.27426767349243,-0.3523417,
299,204.90807914733887,-0.27318484,
300,206.0443081855774,-0.28397018,
301,207.5074999332428,-0.42317703,
302,208.13947248458862,-0.37475902,
303,208.77242517471313,-0.37435985,
304,209.4054615497589,-0.7265837,
305,210.03854823112488,-0.20415603,
306,210.6711506843567,-0.26129264,
307,211.30369687080383,-0.24832919,
308,211.93662190437317,-0.2548652,
309,212.5743854045868,-0.22599459,
310,213.20845484733582,-0.4632455,
311,213.8412458896637,-0.5165293,
312,214.4745991230011,-0.29528725,
313,215.107892036438,-0.26413894,
314,215.74070763587952,-0.28719324,
315,216.37392210960388,-0.18642548,
316,217.00670218467712,-0.26109812,
317,217.63913297653198,-0.24602635,
318,218.27111959457397,-0.357714,
319,218.90299201011658,-0.5774042,
320,219.53558588027954,-0.25476485,
321,220.17954850196838,-0.072957724,
322,220.82495379447937,-0.232138,
323,221.46958589553833,-0.3053844,
324,222.11430382728577,-0.15552226,
325,222.74755716323853,-0.32481065,
326,224.28538155555725,-0.55877024,
327,224.92955422401428,-0.56645757,
328,225.57555294036865,-0.25066483,
329,226.22033429145813,-0.4116881,
330,226.86546659469604,-0.27993497,
331,227.51118898391724,-0.1897777,
332,228.15644550323486,-0.24836648,
333,228.80319571495056,-0.25628072,
334,229.4479911327362,-0.33349365,
335,230.09322476387024,-0.59113383,
336,230.7391324043274,-0.47240868,
337,231.38343930244446,-0.43788296,
338,232.02859377861023,-0.24759987,
339,232.67829608917236,-0.23641545,
340,233.32436633110046,-0.27671304,
341,233.96921515464783,-0.27673537,
342,234.61440348625183,-0.25763202,
343,235.25811457633972,-0.45862567,
344,235.90193963050842,-0.34963065,
345,236.54655528068542,-0.5579119,
346,237.18912839889526,-0.35270143,
347,237.83340048789978,-0.21182391,
348,238.47986102104187,-0.18157236,
349,239.124116897583,-0.10750746,
350,239.75721383094788,-0.17562822,
351,241.26133704185486,-0.20590785,
352,241.91401839256287,-0.21809496,
353,242.56242609024048,-0.24451903,
354,243.2091042995453,-0.29161173,
355,243.85705661773682,-0.47989172,
356,244.50386238098145,-0.3243208,
357,245.15116453170776,-0.30294266,
358,245.8046751022339,-0.19279453,
359,246.4511284828186,-0.15770923,
360,247.10364508628845,-0.28674048,
361,247.75200486183167,-0.34979767,
362,248.39905834197998,-0.47510946,
363,249.04606676101685,-0.33388895,
364,249.69443154335022,-0.21948153,
365,250.3398585319519,-0.20971589,
366,250.98674845695496,-0.26854622,
367,251.63440799713135,-0.21541953,
368,252.28128623962402,-0.22020921,
369,252.92880058288574,-0.43737185,
370,253.57688903808594,-0.56531274,
371,254.22653007507324,-0.15228523,
372,254.87553524971008,-0.123668045,
373,255.52306365966797,-0.22382334,
374,256.1698944568634,-0.17740808,
375,256.8071024417877,-0.34694389,
376,258.33345437049866,-0.17582545,
377,258.98248529434204,-0.36291507,
378,259.62874460220337,-0.24191052,
379,260.2766225337982,-0.30273175,
380,260.92371702194214,-0.31818175,
381,261.56916880607605,-0.14947848,
382,262.2158029079437,-0.21179128,
383,262.8624050617218,-0.3110096,
384,263.50801944732666,-0.3407889,
385,264.15494894981384,-0.39366144,
386,264.80179738998413,-0.21482435,
387,265.44733142852783,-0.37157992,
388,266.0936906337738,-0.22607961,
389,266.7400794029236,-0.23900922,
390,267.3907699584961,-0.3168816,
391,268.0373101234436,-0.17179716,
392,268.6836280822754,-0.17692517,
393,269.3294792175293,-0.20111746,
394,269.9763820171356,-0.23844369,
395,270.62209820747375,-0.20497541,
396,271.2672531604767,-0.21997191,
397,271.9172444343567,-0.15885969,
398,272.56198954582214,-0.25783646,
399,273.2082574367523,-0.48489305,
400,274.3526146411896,-0.3552152,
401,275.9122066497803,-0.33812594,
402,276.5593783855438,-0.43950188,
403,277.20882749557495,-0.25332326,
404,277.85765838623047,-0.23616949,
405,278.5050015449524,-0.28944337,
406,279.15434980392456,-0.21692279,
407,279.801655292511,-0.17091858,
408,280.4530282020569,-0.22074032,
409,281.1025412082672,-0.22635263,
410,281.75074911117554,-0.37586752,
411,282.3985114097595,-0.14498693,
412,283.04778957366943,-0.3713352,
413,283.6949510574341,-0.37416658,
414,284.34217643737793,-0.36158362,
415,284.99364614486694,-0.22705114,
416,285.64054679870605,-0.15220436,
417,286.2891135215759,-0.23655966,
418,286.9373435974121,-0.19075885,
419,287.58311676979065,-0.27900082,
420,288.22993516921997,-0.37059873,
421,288.8764474391937,-0.40466106,
422,289.52268075942993,-0.20881943,
423,290.1702449321747,-0.18076986,
424,290.81702637672424,-0.31945217,
425,291.4531054496765,-0.30049378,
426,293.03819727897644,-0.22811797,
427,293.6865611076355,-0.41566572,
428,294.3366389274597,-0.19583912,
429,294.9840853214264,-0.4321273,
430,295.63341903686523,-0.13695115,
431,296.2843415737152,-0.21826276,
432,296.93263125419617,-0.15272784,
433,297.5801486968994,-0.25789195,
434,298.2294578552246,-0.36733294,
435,298.880667924881,-0.29533505,
436,299.53154492378235,-0.32339543,
437,300.1796009540558,-0.37803292,
438,300.8261241912842,-0.23671877,
439,301.4730236530304,-0.13242793,
440,302.1202492713928,-0.20125106,
441,302.76741313934326,-0.18734093,
442,303.4144880771637,-0.33756876,
443,304.06149911880493,-0.34560275,
444,304.7074701786041,-0.3240344,
445,305.3540940284729,-0.22904165,
446,306.0001862049103,-0.37773323,
447,306.6463792324066,-0.33000392,
448,307.2924063205719,-0.3533808,
449,307.9383919239044,-0.19323519,
450,308.5735092163086,-0.16850944,
451,310.00004410743713,-0.28652838,
452,310.6403510570526,-0.2784439,
453,311.2820613384247,-0.14376052,
454,311.92296624183655,-0.28455937,
455,312.5639126300812,-0.21784672,
456,313.20539903640747,-0.15231407,
457,313.84606647491455,-0.26868632,
458,314.4875862598419,-0.25975937,
459,315.12899899482727,-0.047419414,
460,315.7690863609314,-0.25936007,
461,316.409645318985,-0.1683255,
462,317.0504786968231,-0.5034462,
463,317.6900944709778,-0.42136067,
464,318.3310787677765,-0.2128236,
465,318.97105884552,-0.31807357,
466,319.6116487979889,-0.26717508,
467,320.25269961357117,-0.21797651,
468,320.89299511909485,-0.15235433,
469,321.53270173072815,-0.4865501,
470,322.1735622882843,-0.5028997,
471,322.81267976760864,-0.4674125,
472,323.4518868923187,-0.11845147,
473,324.09241938591003,-0.13993728,
474,324.7375373840332,-0.20693809,
475,325.3664264678955,-0.14195639,
476,326.8839662075043,-0.19720706,
477,327.53192377090454,-0.22087859,
478,328.1803867816925,-0.18484643,
479,328.8274643421173,-0.38192296,
480,329.4751515388489,-0.3060167,
481,330.122754573822,-0.15906566,
482,330.7702920436859,-0.21753754,
483,331.4174966812134,-0.2668597,
484,332.0653440952301,-0.14589334,
485,332.71348118782043,-0.22968838,
486,333.36194896698,-0.20985438,
487,334.0097756385803,-0.28219366,
488,334.65811681747437,-0.28739378,
489,335.30752086639404,-0.25244358,
490,335.9555916786194,-0.2746296,
491,336.6038830280304,-0.24581833,
492,337.2525839805603,-0.10540579,
493,337.9009692668915,-0.13127135,
494,338.55399441719055,-0.25392747,
495,339.2075707912445,-0.35010552,
496,339.8552975654602,-0.3728692,
497,340.5038962364197,-0.15497296,
498,341.1523087024689,-0.1405915,
499,341.79927134513855,-0.20146684,
500,342.9510235786438,-0.2603262,
501,344.48127841949463,-0.22856992,
502,345.12954926490784,-0.32233712,
503,345.77588844299316,-0.12836698,
504,346.421418428421,-0.23329929,
505,347.06619668006897,-0.24827422,
506,347.71019172668457,-0.20188996,
507,348.3543665409088,-0.2615828,
508,348.9972491264343,-0.23656666,
509,349.6401867866516,-0.5022235,
510,350.2839789390564,-0.31164554,
511,350.92728328704834,-0.08268452,
512,351.56978964805603,-0.45846146,
513,352.21340584754944,-0.14991044,
514,352.85610151290894,-0.31514752,
515,353.49925351142883,-0.5141643,
516,354.14230012893677,-0.37908238,
517,354.78518176078796,-0.32355326,
518,355.43115639686584,-0.25557026,
519,356.08032417297363,-0.24974972,
520,356.7246618270874,-0.46156958,
521,357.36903953552246,-0.21858642,
522,358.01426219940186,-0.24483755,
523,358.660879611969,-0.2716328,
524,359.3071496486664,-0.3593968,
525,359.9449129104614,-0.28382313,
526,361.4002208709717,-0.17027071,
527,362.0389471054077,-0.12562965,
528,362.67949628829956,-0.21827409,
529,363.31938123703003,-0.10466632,
530,363.9589216709137,-0.20213763,
531,364.5979506969452,-0.16056378,
532,365.23735332489014,-0.3399405,
533,365.87531065940857,-0.25007117,
534,366.5173718929291,-0.25205946,
535,367.1574013233185,-0.1895049,
536,367.7964279651642,-0.34616482,
537,368.4357941150665,-0.11433013,
538,369.075443983078,-0.35941142,
539,369.7151577472687,-0.14256598,
540,370.3553261756897,-0.25197607,
541,370.99726724624634,-0.3549087,
542,371.63795232772827,-0.20541993,
543,372.27814960479736,-0.35282925,
544,372.9073166847229,-0.18746883,
545,373.5359034538269,-0.1841067,
546,374.16424036026,-0.19816624,
547,374.7931456565857,-0.19659853,
548,375.4217782020569,-0.15064707,
549,376.04995560646057,-0.29000533,
550,376.66679310798645,-0.39268833,
551,378.00711393356323,-0.2215395,
552,378.6357522010803,-0.3100692,
553,379.26506781578064,-0.3864772,
554,379.894615650177,-0.20378116,
555,380.52400183677673,-0.40983897,
556,381.1612584590912,-0.17114905,
557,381.79012179374695,-0.26768303,
558,382.41916680336,-0.27870464,
559,383.04852986335754,-0.18230164,
560,383.6777424812317,-0.33699602,
561,384.3070378303528,-0.31042516,
562,384.93586325645447,-0.13674822,
563,385.5655560493469,-0.1912545,
564,386.1945855617523,-0.10926094,
565,386.82410526275635,-0.104283035,
566,387.45377945899963,-0.20734578,
567,388.0830774307251,-0.20971416,
568,388.7119951248169,-0.32128584,
569,389.3458333015442,-0.30956435,
570,389.9775137901306,-0.13500811,
571,390.6060025691986,-0.201552,
572,391.2342879772186,-0.2499463,
573,391.86272740364075,-0.27538297,
574,392.4917492866516,-0.31428295,
575,393.1089389324188,-0.2966574,
576,394.5660331249237,-0.35370985,
577,395.20131039619446,-0.32633722,
578,395.8378801345825,-0.2369973,
579,396.47741055488586,-0.21327206,
580,397.1183352470398,-0.13128898,
581,397.75444412231445,-0.074808344,
582,398.3904776573181,-0.31561202,
583,399.02682852745056,-0.17335372,
584,399.6629707813263,-0.24386397,
585,400.29916071891785,-0.24587832,
586,400.93480801582336,-0.20702502,
587,401.57108306884766,-0.20127927,
588,402.20743060112,-0.25554058,
589,402.84265875816345,-0.2219979,
590,403.47844099998474,-0.29150593,
591,404.1141850948334,-0.22777551,
592,404.749493598938,-0.25888145,
593,405.383887052536,-0.1461611,
594,406.0187454223633,-0.4421467,
595,406.6579303741455,-0.32542273,
596,407.29697704315186,-0.2518467,
597,407.93221616744995,-0.24655333,
598,408.5670623779297,-0.2742455,
599,409.20153164863586,-0.25602266,
600,410.3365330696106,-0.25256583,
601,411.8036470413208,-0.32034606,
602,412.43665742874146,-0.36348554,
603,413.0704791545868,-0.2507358,
604,413.7043356895447,-0.49397054,
605,414.3371751308441,-0.19272716,
606,414.9703402519226,-0.16585511,
607,415.609201669693,-0.17265972,
608,416.24335074424744,-0.2316168,
609,416.8764328956604,-0.18990695,
610,417.5104742050171,-0.103864275,
611,418.1444284915924,-0.109292634,
612,418.777827501297,-0.36796367,
613,419.4112973213196,-0.21375673,
614,420.0509798526764,-0.15271682,
615,420.6845326423645,-0.19831954,
616,421.3177559375763,-0.42454797,
617,421.9508128166199,-0.18783692,
618,422.58346128463745,-0.38601044,
619,423.2160859107971,-0.40358442,
620,423.8489725589752,-0.18944769,
621,424.48204827308655,-0.33112288,
622,425.1151144504547,-0.22905824,
623,425.7479045391083,-0.19010931,
624,426.380574464798,-0.12181075,
625,427.0015461444855,-0.29292578,
626,428.5324788093567,-0.3093337,
627,429.16595697402954,-0.31772152,
628,429.7990779876709,-0.30561894,
629,430.4338252544403,-0.23282069,
630,431.067501783371,-0.29419446,
631,431.70145082473755,-0.1318755,
632,432.33524203300476,-0.30398628,
633,432.96856021881104,-0.49684712,
634,433.6017622947693,-0.18943131,
635,434.2355351448059,-0.30585003,
636,434.8690118789673,-0.19092801,
637,435.5019383430481,-0.16489434,
638,436.1352028846741,-0.3697654,
639,436.7687108516693,-0.25130525,
640,437.4021873474121,-0.359087,
641,438.0353801250458,-0.29227236,
642,438.6684000492096,-0.19079737,
643,439.3013451099396,-0.1935409,
644,439.934298992157,-0.27577612,
645,440.56692934036255,-0.26371175,
646,441.1993374824524,-0.17532732,
647,441.8321008682251,-0.19162816,
648,442.4650731086731,-0.30562764,
649,443.097532749176,-0.27873462,
650,443.7193646430969,-0.24930622,
651,445.09912371635437,-0.18060079,
652,445.73317432403564,-0.40646225,
653,446.36894249916077,-0.16079134,
654,447.0047016143799,-0.17755766,
655,447.64046478271484,-0.38435492,
656,448.27564120292664,-0.17626464,
657,448.9103090763092,-0.1847308,
658,449.5455889701843,-0.23507982,
659,450.1803321838379,-0.106251106,
660,450.8153922557831,-0.07601722,
661,451.4498407840729,-0.27622047,
662,452.0844638347626,-0.15144952,
663,452.71902990341187,-0.2614856,
664,453.3533673286438,-0.1580701,
665,453.9881250858307,-0.18564455,
666,454.62295269966125,-0.19832821,
667,455.2576632499695,-0.21026778,
668,455.8910002708435,-0.12659441,
669,456.5246388912201,-0.32870108,
670,457.1583044528961,-0.1512157,
671,457.79169821739197,-0.32020965,
672,458.4254198074341,-0.15312298,
673,459.0591263771057,-0.2281397,
674,459.69223070144653,-0.1574429,
675,460.314546585083,-0.3312534,
676,461.8064739704132,-0.15907675,
677,462.4354112148285,-0.4788614,
678,463.06523537635803,-0.13113943,
679,463.6949191093445,-0.16648568,
680,464.3242824077606,-0.21968256,
681,464.95337319374084,-0.22914894,
682,465.5824270248413,-0.23993738,
683,466.21165204048157,-0.14312439,
684,466.84104919433594,-0.23006448,
685,467.4700222015381,-0.22041151,
686,468.09940218925476,-0.34306258,
687,468.7284665107727,-0.17167264,
688,469.3575301170349,-0.30272123,
689,469.9869689941406,-0.0972213,
690,470.61596179008484,-0.12889527,
691,471.24525260925293,-0.21733187,
692,471.87370586395264,-0.3053372,
693,472.5015926361084,-0.18037573,
694,473.13003516197205,-0.26623777,
695,473.75845193862915,-0.13171643,
696,474.3871531486511,-0.21245068,
697,475.0156047344208,-0.20493704,
698,475.6435213088989,-0.17912504,
699,476.2720105648041,-0.08553423,
700,477.39225602149963,-0.17921066,
701,478.9020686149597,-0.31339207,
702,479.5360486507416,-0.45250648,
703,480.1653618812561,-0.22962968,
704,480.79497718811035,-0.34163725,
705,481.4245753288269,-0.26740947,
706,482.0559661388397,-0.21231812,
707,482.6855163574219,-0.402812,
708,483.3138659000397,-0.3723189,
709,483.9438762664795,-0.3062526,
710,484.5740692615509,-0.62783396,
711,485.2096390724182,-0.20016485,
712,485.83844089508057,-0.15517136,
713,486.4675979614258,-0.26702335,
714,487.09567761421204,-0.26043436,
715,487.72416377067566,-0.47510886,
716,488.35240650177,-0.24001528,
717,488.98175835609436,-0.11387228,
718,489.60955905914307,-0.39590275,
719,490.23787689208984,-0.1813422,
720,490.86622858047485,-0.22774896,
721,491.4942524433136,-0.28314617,
722,492.12286281585693,-0.23040083,
723,492.7511250972748,-0.21320446,
724,493.37936568260193,-0.41683644,
725,493.996458530426,-0.07287016,
726,495.4348192214966,-0.20661654,
727,496.06306862831116,-0.30131963,
728,496.69246459007263,-0.26849535,
729,497.3209373950958,-0.2331259,
730,497.94981813430786,-0.22629721,
731,498.57871437072754,-0.19696848,
732,499.20714044570923,-0.19758148,
733,499.83608961105347,-0.19785503,
734,500.46548986434937,-0.14827183,
735,501.0943353176117,-0.1850899,
736,501.72292017936707,-0.20139852,
737,502.35191011428833,-0.26131028,
738,502.98113799095154,-0.20786425,
739,503.60939264297485,-0.22812714,
740,504.23762559890747,-0.28469142,
741,504.8660385608673,-0.24873391,
742,505.4943721294403,-0.12357102,
743,506.12226271629333,-0.28032637,
744,506.74979400634766,-0.46382302,
745,507.37784910202026,-0.6682738,
746,508.00585746765137,-0.30634594,
747,508.6341598033905,-0.18746601,
748,509.26185846328735,-0.07759789,
749,509.8893964290619,-0.18136266,
750,510.5054008960724,-0.13660705,
751,511.9620614051819,-0.14854479,
752,512.590523481369,-0.23153763,
753,513.2206258773804,-0.33651167,
754,513.8507285118103,-0.31595904,
755,514.4803910255432,-0.23189636,
756,515.110032081604,-0.08896853,
757,515.7396388053894,-0.11770067,
758,516.3691382408142,-0.15971804,
759,516.9984471797943,-0.2648239,
760,517.6277170181274,-0.21715833,
761,518.2565989494324,-0.109580606,
762,518.8860194683075,-0.1312043,
763,519.5155694484711,-0.3491966,
764,520.1449952125549,-0.21002606,
765,520.7741591930389,-0.26378387,
766,521.4035592079163,-0.21015343,
767,522.0330090522766,-0.14643987,
768,522.6613869667053,-0.27476376,
769,523.2895095348358,-0.33098727,
770,523.9182739257812,-0.25835934,
771,524.5473303794861,-0.12588196,
772,525.175877571106,-0.19624165,
773,525.8040914535522,-0.13229647,
774,526.4324507713318,-0.16851684,
775,527.0489358901978,-0.20131794,
776,528.5542953014374,-0.21746379,
777,529.185439825058,-0.20770492,
778,529.826388835907,-0.3830272,
779,530.4699714183807,-0.44328272,
780,531.1134638786316,-0.28353298,
781,531.7572231292725,-0.17929026,
782,532.4004654884338,-0.16083819,
783,533.0443518161774,-0.16987073,
784,533.6875858306885,-0.27725714,
785,534.3314933776855,-0.3628387,
786,534.9753794670105,-0.4371683,
787,535.6189398765564,-0.22870518,
788,536.2642025947571,-0.22480145,
789,536.9107000827789,-0.16592774,
790,537.5559136867523,-0.14374772,
791,538.2021381855011,-0.058542415,
792,538.8480319976807,-0.118172236,
793,539.4930181503296,-0.29019564,
794,540.1386437416077,-0.4161499,
795,540.7846026420593,-0.19996537,
796,541.4291458129883,-0.32598478,
797,542.0733618736267,-0.1204243,
798,542.7187874317169,-0.28838116,
799,543.363205909729,-0.18285131,
800,544.5065124034882,-0.1587223,
801,546.0373599529266,-0.32416865,
802,546.6836428642273,-0.26983532,
803,547.3296155929565,-0.34107718,
804,547.9768748283386,-0.24111834,
805,548.6232652664185,-0.26117754,
806,549.2699728012085,-0.16182281,
807,549.9158079624176,-0.20740984,
808,550.5624887943268,-0.30800855,
809,551.2092382907867,-0.20155829,
810,551.856086730957,-0.33909902,
811,552.5020167827606,-0.2376789,
812,553.1492834091187,-0.12677826,
813,553.7954761981964,-0.2051284,
814,554.4410791397095,-0.17012538,
815,555.0899271965027,-0.2416592,
816,555.7382378578186,-0.21008098,
817,556.3870944976807,-0.1725783,
818,557.0355491638184,-0.23967957,
819,557.6842942237854,-0.19541055,
820,558.3328592777252,-0.25172502,
821,558.980797290802,-0.26939845,
822,559.6293740272522,-0.22917876,
823,560.2781867980957,-0.08236192,
824,560.9272048473358,-0.1101573,
825,561.5640795230865,-0.14195706,
826,563.0770483016968,-0.18604496,
827,563.7058796882629,-0.23767313,
828,564.3366303443909,-0.1728878,
829,564.9693732261658,-0.18176013,
830,565.6026704311371,-0.18696785,
831,566.2325358390808,-0.2962106,
832,566.8622078895569,-0.28610265,
833,567.4937996864319,-0.18233627,
834,568.1231782436371,-0.31900927,
835,568.7532267570496,-0.22876857,
836,569.3841168880463,-0.23312417,
837,570.0150339603424,-0.16362073,
838,570.6457893848419,-0.15906669,
839,571.2762093544006,-0.1076054,
840,571.9068133831024,-0.39300728,
841,572.5375790596008,-0.2654622,
842,573.1680021286011,-0.24549374,
843,573.7975063323975,-0.3553342,
844,574.4272284507751,-0.169951,
845,575.0566318035126,-0.17757988,
846,575.6865012645721,-0.24145097,
847,576.3160176277161,-0.09546986,
848,576.9461259841919,-0.13820355,
849,577.5759179592133,-0.17708361,
850,578.193770647049,-0.20917472,
851,579.7245998382568,-0.24127822,
852,580.3565189838409,-0.08785911,
853,580.9899775981903,-0.32377678,
854,581.623156785965,-0.3970751,
855,582.2563014030457,-0.26077443,
856,582.8890454769135,-0.113625996,
857,583.5218017101288,-0.21220103,
858,584.1535995006561,-0.15127197,
859,584.785991191864,-0.22095484,
860,585.4182448387146,-0.10250366,
861,586.0509712696075,-0.1531586,
862,586.6832315921783,-0.2912467,
863,587.3155720233917,-0.111151874,
864,587.948301076889,-0.34687814,
865,588.5804853439331,-0.32632476,
866,589.212105512619,-0.39854664,
867,589.8439657688141,-0.16835788,
868,590.4754796028137,-0.2347027,
869,591.1061449050903,-0.17255959,
870,591.7368369102478,-0.15763599,
871,592.3676543235779,-0.22704086,
872,592.9980947971344,-0.25319433,
873,593.6281499862671,-0.29905868,
874,594.2590129375458,-0.31644264,
875,594.877489566803,-0.15253052,
876,596.3458931446075,-0.07030579,
877,596.9752776622772,-0.247644,
878,597.6058874130249,-0.16091377,
879,598.2363610267639,-0.3516836,
880,598.8678531646729,-0.25565466,
881,599.4983375072479,-0.089359924,
882,600.1288766860962,-0.37942636,
883,600.7594377994537,-0.2009446,
884,601.3902852535248,-0.18418744,
885,602.0213840007782,-0.10961483,
886,602.6523144245148,-0.2507608,
887,603.2829580307007,-0.2283139,
888,603.9142565727234,-0.12890229,
889,604.5449075698853,-0.23238209,
890,605.1764175891876,-0.19595401,
891,605.8173539638519,-0.23572384,
892,606.4604523181915,-0.13183649,
893,607.2063376903534,-0.2506287,
894,607.848718881607,-0.29319316,
895,608.4907410144806,-0.283459,
896,609.1335074901581,-0.17477465,
897,609.7755270004272,-0.40277264,
898,610.4174745082855,-0.16251901,
899,611.0598709583282,-0.141306,
900,612.195876121521,-0.20078897,
901,613.7590248584747,-0.1897624,
902,614.4004948139191,-0.20504701,
903,615.0433113574982,-0.25747195,
904,615.6867952346802,-0.1546554,
905,616.3301730155945,-0.20557523,
906,616.9725968837738,-0.16519979,
907,617.614673614502,-0.2233878,
908,618.256599187851,-0.22984883,
909,618.8982408046722,-0.30265254,
910,619.5402402877808,-0.2637195,
911,620.1827230453491,-0.21065792,
912,620.8133471012115,-0.27180812,
913,621.4431233406067,-0.34097654,
914,622.0729565620422,-0.19963884,
915,622.7030503749847,-0.15985827,
916,623.3325905799866,-0.2543489,
917,623.9623539447784,-0.1896807,
918,624.5906887054443,-0.23364645,
919,625.2193953990936,-0.21319349,
920,625.8481016159058,-0.24319276,
921,626.4775786399841,-0.16907257,
922,627.1063930988312,-0.27907237,
923,627.7357602119446,-0.21845639,
924,628.3648204803467,-0.18900268,
925,628.9826781749725,-0.17178483,
926,630.4653508663177,-0.13170008,
927,631.0946798324585,-0.27261618,
928,631.7251358032227,-0.18243101,
929,632.3557851314545,-0.22217505,
930,632.9863257408142,-0.21911648,
931,633.616509437561,-0.22394691,
932,634.2470197677612,-0.102169745,
933,634.8768956661224,-0.18476859,
934,635.5067045688629,-0.14648187,
935,636.1369845867157,-0.38093352,
936,636.7674076557159,-0.060895763,
937,637.3972554206848,-0.29152846,
938,638.0270948410034,-0.21638677,
939,638.6574153900146,-0.13319568,
940,639.2873947620392,-0.2537806,
941,639.917474269867,-0.24746266,
942,640.5472099781036,-0.22515947,
943,641.1762042045593,-0.18255666,
944,641.805252790451,-0.23071098,
945,642.4344825744629,-0.51391405,
946,643.0631885528564,-0.33610222,
947,643.6922116279602,-0.1350379,
948,644.321763753891,-0.1898677,
949,644.9505920410156,-0.10352929,
950,645.5681025981903,-0.15751107,
951,647.0424573421478,-0.25609657,
952,647.672926902771,-0.21942666,
953,648.3047094345093,-0.09222442,
954,648.9367361068726,-0.20297095,
955,649.5682420730591,-0.17533046,
956,650.1994626522064,-0.19312796,
957,650.8306920528412,-0.1608977,
958,651.4620037078857,-0.10029526,
959,652.0936365127563,-0.205254,
960,652.7253050804138,-0.26177934,
961,653.3570649623871,-0.12583758,
962,653.9889719486237,-0.265028,
963,654.6210622787476,-0.28062993,
964,655.2523674964905,-0.27935427,
965,655.8834764957428,-0.25906932,
966,656.5146605968475,-0.16253898,
967,657.1462304592133,-0.25616655,
968,657.7762656211853,-0.18616815,
969,658.406614780426,-0.27122217,
970,659.0368046760559,-0.21062095,
971,659.6729950904846,-0.21640874,
972,660.3036699295044,-0.10753383,
973,660.9339995384216,-0.13626084,
974,661.5645589828491,-0.06625927,
975,662.1828119754791,-0.302655,
976,663.6685523986816,-0.23310831,
977,664.2996423244476,-0.30516845,
978,664.9315941333771,-0.25457293,
979,665.5630323886871,-0.23500407,
980,666.1948134899139,-0.47601557,
981,666.8266289234161,-0.20341931,
982,667.4582905769348,-0.099048905,
983,668.0896081924438,-0.13884404,
984,668.7214596271515,-0.08500752,
985,669.352819442749,-0.25641286,
986,669.9848408699036,-0.1001292,
987,670.6167843341827,-0.18527457,
988,671.2481997013092,-0.25510985,
989,671.880096912384,-0.07964766,
990,672.5113344192505,-0.2579242,
991,673.1430902481079,-0.22784594,
992,673.7786905765533,-0.089631945,
993,674.4219298362732,-0.12057652,
994,675.0655150413513,-0.17860737,
995,675.7104609012604,-0.1178002,
996,676.3540227413177,-0.18336007,
997,676.9977948665619,-0.27164704,
998,677.6364936828613,-0.10839452,
999,678.2666001319885,-0.06017032,
1000,679.3871207237244,-0.253569,
1001,680.8372900485992,-0.15764138,
1002,681.465128660202,-0.18238376,
1003,682.0947239398956,-0.2291062,
1004,682.7232530117035,-0.28380045,
1005,683.3516335487366,-0.23373333,
1006,683.9800374507904,-0.20819224,
1007,684.6089956760406,-0.2377105,
1008,685.237753868103,-0.15549067,
1009,685.8662114143372,-0.1896704,
1010,686.4948632717133,-0.17597851,
1011,687.1235070228577,-0.1744093,
1012,687.7532441616058,-0.17300513,
1013,688.3816549777985,-0.11008197,
1014,689.0097739696503,-0.20669371,
1015,689.6380078792572,-0.115529165,
1016,690.2665867805481,-0.34909,
1017,690.8947565555573,-0.13385628,
1018,691.521570444107,-0.3363278,
1019,692.1489434242249,-0.078698345,
1020,692.7761876583099,-0.30151558,
1021,693.4028112888336,-0.13300774,
1022,694.0292737483978,-0.12481455,
1023,694.6568462848663,-0.12532312,
1024,695.2844038009644,-0.13951133,
1025,695.9005491733551,-0.15058541,
1026,697.3753051757812,-0.3743642,
1027,698.0026528835297,-0.21847728,
1028,698.6425213813782,-0.23430711,
1029,699.2831127643585,-0.364479,
1030,699.9252007007599,-0.18402556,
1031,700.5663232803345,-0.11208039,
1032,701.2067561149597,-0.18888657,
1033,701.8471779823303,-0.26729396,
1034,702.4879860877991,-0.15359032,
1035,703.1291089057922,-0.19443475,
1036,703.7702786922455,-0.35168517,
1037,704.4106528759003,-0.11282447,
1038,705.0518653392792,-0.20136155,
1039,705.6933209896088,-0.27774543,
1040,706.3345284461975,-0.20846352,
1041,706.9755647182465,-0.11492701,
1042,707.6170265674591,-0.14209121,
1043,708.2567937374115,-0.39848667,
1044,708.8964920043945,-0.30985078,
1045,709.5351524353027,-0.14676204,
1046,710.1726982593536,-0.10360672,
1047,710.8101425170898,-0.16496176,
1048,711.4482367038727,-0.123301975,
1049,712.0858759880066,-0.16820255,
1050,712.7121317386627,-0.09110522,
1051,714.2163443565369,-0.1259124,
1052,714.8599333763123,-0.078253165,
1053,715.5029380321503,-0.23555169,
1054,716.1457989215851,-0.58574647,
1055,716.7897293567657,-0.25185007,
1056,717.4343068599701,-0.104904555,
1057,718.0792803764343,-0.16995618,
1058,718.7252621650696,-0.16207868,
1059,719.3695454597473,-0.07340813,
1060,720.0153942108154,-0.22353941,
1061,720.6608934402466,-0.19987518,
1062,721.3061382770538,-0.19433348,
1063,721.9514555931091,-0.1191942,
1064,722.5964345932007,-0.09725587,
1065,723.241259098053,-0.253165,
1066,723.8867101669312,-0.26764986,
1067,724.5308747291565,-0.2832216,
1068,725.1757342815399,-0.10705438,
1069,725.8202447891235,-0.13800275,
1070,726.4650373458862,-0.19980024,
1071,727.1087481975555,-0.30279034,
1072,727.7525312900543,-0.18107507,
1073,728.3960723876953,-0.3532014,
1074,729.0405912399292,-0.1340386,
1075,729.6734561920166,-0.19615892,
1076,731.1775908470154,-0.05828263,
1077,731.8207392692566,-0.18655673,
1078,732.4656479358673,-0.2295629,
1079,733.1117243766785,-0.15643436,
1080,733.7568471431732,-0.1752688,
1081,734.4016523361206,-0.25051165,
1082,735.0465245246887,-0.16048199,
1083,735.6911044120789,-0.11815238,
1084,736.3345453739166,-0.15790124,
1085,736.9794414043427,-0.19246903,
1086,737.6244053840637,-0.30907843,
1087,738.2695825099945,-0.25465876,
1088,738.9145522117615,-0.09874433,
1089,739.5590755939484,-0.103060566,
1090,740.2040741443634,-0.100944065,
1091,740.8486144542694,-0.123540185,
1092,741.494119644165,-0.10187673,
1093,742.139417886734,-0.28996843,
1094,742.785233259201,-0.3516109,
1095,743.4294497966766,-0.41118646,
1096,744.073929309845,-0.19902396,
1097,744.7180109024048,-0.3065031,
1098,745.3656921386719,-0.15778717,
1099,746.0099451541901,-0.03409309,
1100,747.1533892154694,-0.1257244,
1101,748.6593346595764,-0.23026907,
1102,749.3053891658783,-0.18152498,
1103,749.9532642364502,-0.48824668,
1104,750.6008331775665,-0.25023,
1105,751.2482810020447,-0.21359801,
1106,751.8950762748718,-0.15252306,
1107,752.5417950153351,-0.19232123,
1108,753.1892273426056,-0.13617186,
1109,753.8365654945374,-0.31961203,
1110,754.4837934970856,-0.2667046,
1111,755.1304934024811,-0.25294334,
1112,755.7780497074127,-0.35726267,
1113,756.4244821071625,-0.19833499,
1114,757.0708951950073,-0.12642229,
1115,757.7183349132538,-0.19930606,
1116,758.364714384079,-0.16977811,
1117,759.0126736164093,-0.08079077,
1118,759.6587207317352,-0.18488885,
1119,760.3044033050537,-0.40428615,
1120,760.9509119987488,-0.16301575,
1121,761.59712433815,-0.17816055,
1122,762.2428495883942,-0.14030151,
1123,762.8901124000549,-0.1959311,
1124,763.5360898971558,-0.19342732,
1125,764.170695066452,-0.16774991,
1126,765.6669006347656,-0.18020435,
1127,766.3074276447296,-0.19036874,
1128,766.94922041893,-0.04616321,
1129,767.5894632339478,-0.43740568,
1130,768.2298805713654,-0.287919,
1131,768.8700160980225,-0.10785003,
1132,769.5104315280914,-0.094430506,
1133,770.1512281894684,-0.19654529,
1134,770.7921462059021,-0.117967166,
1135,771.432689666748,-0.20245644,
1136,772.0740394592285,-0.26879507,
1137,772.7144973278046,-0.20985618,
1138,773.3549547195435,-0.2348465,
1139,773.9954917430878,-0.23288366,
1140,774.6359441280365,-0.19397669,
1141,775.2760829925537,-0.24779864,
1142,775.9172205924988,-0.14022928,
1143,776.557050704956,-0.25386578,
1144,777.196991443634,-0.106958196,
1145,777.8367531299591,-0.22258455,
1146,778.4762105941772,-0.16334188,
1147,779.1163535118103,-0.2953952,
1148,779.7559552192688,-0.21300158,
1149,780.3946242332458,-0.16652311,
1150,781.0227355957031,-0.2178873,
1151,782.5660722255707,-0.2672218,
1152,783.2090580463409,-0.1156068,
1153,783.8532519340515,-0.20230651,
1154,784.4971945285797,-0.12560311,
1155,785.141642332077,-0.24223877,
1156,785.7852189540863,-0.27700767,
1157,786.4295053482056,-0.18413258,
1158,787.0746278762817,-0.21420252,
1159,787.7184944152832,-0.34490317,
1160,788.3633465766907,-0.19063716,
1161,789.009206533432,-0.09596343,
1162,789.6532130241394,-0.42820865,
1163,790.2977116107941,-0.11367956,
1164,790.9426772594452,-0.13361855,
1165,791.5873601436615,-0.14706458,
1166,792.2322070598602,-0.069118135,
1167,792.8770623207092,-0.20453596,
1168,793.5213074684143,-0.20978883,
1169,794.1649820804596,-0.190862,
1170,794.8087136745453,-0.22339436,
1171,795.4517061710358,-0.22066402,
1172,796.095235824585,-0.28454447,
1173,796.7387661933899,-0.19754487,
1174,797.3822133541107,-0.25776234,
1175,798.0140805244446,-0.18265352,
1176,799.5711352825165,-0.13375431,
1177,800.2172758579254,-0.225823,
1178,800.8651678562164,-0.2462695,
1179,801.51322889328,-0.21778306,
1180,802.160320520401,-0.10083775,
1181,802.8075995445251,-0.21131335,
1182,803.4544208049774,-0.23528497,
1183,804.1019859313965,-0.109416336,
1184,804.7492415904999,-0.16636609,
1185,805.3964471817017,-0.089212924,
1186,806.043491601944,-0.13882177,
1187,806.6902227401733,-0.3357007,
1188,807.3377315998077,-0.29858023,
1189,807.9845616817474,-0.32081822,
1190,808.6323494911194,-0.15658145,
1191,809.2807419300079,-0.19308624,
1192,809.9288730621338,-0.21851523,
1193,810.5760324001312,-0.15445715,
1194,811.2225074768066,-0.18545267,
1195,811.8693954944611,-0.2106071,
1196,812.51620054245,-0.10154095,
1197,813.1630561351776,-0.19577771,
1198,813.8101861476898,-0.22417872,
1199,814.4570851325989,-0.16476643,
1200,815.6094038486481,-0.12158711,
1201,817.2052199840546,-0.14787549,
1202,817.8486366271973,-0.3391329,
1203,818.4933986663818,-0.12281345,
1204,819.1364042758942,-0.40380168,
1205,819.7789285182953,-0.18463838,
1206,820.4225990772247,-0.12182392,
1207,821.065313577652,-0.10273648,
1208,821.7083716392517,-0.17365849,
1209,822.352133512497,-0.3356859,
1210,822.9946844577789,-0.18590043,
1211,823.637416601181,-0.2754506,
1212,824.2795338630676,-0.26036435,
1213,824.9214026927948,-0.08576886,
1214,825.5646238327026,-0.15756911,
1215,826.207798242569,-0.2794995,
1216,826.8497211933136,-0.3451416,
1217,827.493931055069,-0.15211852,
1218,828.1376261711121,-0.09946111,
1219,828.7822918891907,-0.2200504,
1220,829.4276623725891,-0.15688029,
1221,830.0725734233856,-0.05578535,
1222,830.717476606369,-0.18053338,
1223,831.3623723983765,-0.1150464,
1224,832.0070147514343,-0.20461142,
1225,832.6400110721588,-0.08353844,
1226,834.0897436141968,-0.21873721,
1227,834.736564874649,-0.19511393,
1228,835.3845598697662,-0.13147378,
1229,836.0316932201385,-0.15425217,
1230,836.6787898540497,-0.20858386,
1231,837.3258974552155,-0.058638636,
1232,837.9728808403015,-0.22973225,
1233,838.6205224990845,-0.15928668,
1234,839.2689085006714,-0.27763438,
1235,839.9168753623962,-0.4005369,
1236,840.5669152736664,-0.2747611,
1237,841.21519947052,-0.30090684,
1238,841.8624641895294,-0.14201275,
1239,842.5105311870575,-0.11893608,
1240,843.1582975387573,-0.16986224,
1241,843.8060178756714,-0.13696215,
1242,844.4545316696167,-0.17105392,
1243,845.1012439727783,-0.19895497,
1244,845.7479803562164,-0.42650473,
1245,846.3945739269257,-0.1866084,
1246,847.0409712791443,-0.24906188,
1247,847.6878209114075,-0.26496625,
1248,848.334849357605,-0.29615754,
1249,848.9812307357788,-0.3299287,
1250,849.616837978363,-0.18803567,
1251,851.1714124679565,-0.17862792,
1252,851.8185820579529,-0.06345364,
1253,852.4685235023499,-0.11404329,
1254,853.1162061691284,-0.15507185,
1255,853.7640204429626,-0.2319903,
1256,854.4128484725952,-0.080311105,
1257,855.0605204105377,-0.15854315,
1258,855.7093241214752,-0.0710287,
1259,856.3570592403412,-0.1792674,
1260,857.005092382431,-0.30497772,
1261,857.6535005569458,-0.15551043,
1262,858.300342798233,-0.35952404,
1263,858.9485352039337,-0.07388755,
1264,859.5966699123383,-0.14542124,
1265,860.2453718185425,-0.30200213,
1266,860.8939213752747,-0.097587295,
1267,861.5428037643433,-0.08677538,
1268,862.1906189918518,-0.04857266,
1269,862.8383922576904,-0.18199927,
1270,863.4857993125916,-0.25130188,
1271,864.1328916549683,-0.06600109,
1272,864.7814292907715,-0.33201575,
1273,865.4290461540222,-0.1460438,
1274,866.0760998725891,-0.16209714,
1275,866.712167263031,-0.13203174,
1276,868.2393646240234,-0.10057394,
1277,868.8856723308563,-0.32380247,
1278,869.5333294868469,-0.27737015,
1279,870.1815745830536,-0.17576772,
1280,870.8279275894165,-0.2247828,
1281,871.475072145462,-0.18037245,
1282,872.1214642524719,-0.2374267,
1283,872.7680900096893,-0.16051656,
1284,873.4148993492126,-0.12668392,
1285,874.0624153614044,-0.14254183,
1286,874.7082207202911,-0.18337402,
1287,875.354706287384,-0.21898513,
1288,876.0015451908112,-0.11418405,
1289,876.6486251354218,-0.18285993,
1290,877.2950608730316,-0.26612413,
1291,877.9427511692047,-0.1806809,
1292,878.5901782512665,-0.17801103,
1293,879.2367689609528,-0.22235882,
1294,879.8828003406525,-0.12101692,
1295,880.5286545753479,-0.2011188,
1296,881.1757185459137,-0.18659104,
1297,881.8220665454865,-0.21069965,
1298,882.4677901268005,-0.3039661,
1299,883.1147797107697,-0.10759209,
1300,884.26642537117,-0.140504,
1301,885.8093473911285,-0.25143427,
1302,886.4570817947388,-0.20971392,
1303,887.1047985553741,-0.1726779,
1304,887.7516326904297,-0.1975724,
1305,888.3992865085602,-0.1316089,
1306,889.0466258525848,-0.15636596,
1307,889.6932415962219,-0.18657702,
1308,890.3400809764862,-0.06377391,
1309,890.9865131378174,-0.17227215,
1310,891.6327455043793,-0.11354341,
1311,892.2776806354523,-0.17204487,
1312,892.9222338199615,-0.31993175,
1313,893.5664172172546,-0.10830428,
1314,894.212543964386,-0.11879337,
1315,894.8573088645935,-0.18667673,
1316,895.5019857883453,-0.23538494,
1317,896.1469306945801,-0.13874865,
1318,896.7911098003387,-0.26931977,
1319,897.4348657131195,-0.32234454,
1320,898.0792593955994,-0.11011614,
1321,898.7237193584442,-0.19188654,
1322,899.3697500228882,-0.16830237,
1323,900.015721321106,-0.23187998,
1324,900.6612370014191,-0.060721613,
1325,901.2962017059326,-0.08630331,
1326,902.799822807312,-0.16258685,
1327,903.4403533935547,-0.28235835,
1328,904.0820577144623,-0.19399917,
1329,904.7223882675171,-0.42564327,
1330,905.3633658885956,-0.15189172,
1331,906.0041935443878,-0.12782092,
1332,906.6449038982391,-0.30861574,
1333,907.2868847846985,-0.112038955,
1334,907.9271488189697,-0.19521101,
1335,908.5680751800537,-0.36871758,
1336,909.2093589305878,-0.15362261,
1337,909.8500833511353,-0.19596124,
1338,910.4912505149841,-0.15216608,
1339,911.13214802742,-0.14508814,
1340,911.7720096111298,-0.07928473,
1341,912.411984205246,-0.13132085,
1342,913.0532739162445,-0.20978665,
1343,913.6924681663513,-0.1684328,
1344,914.3327839374542,-0.103097096,
1345,914.9725573062897,-0.09987918,
1346,915.611585855484,-0.17145234,
1347,916.2513160705566,-0.21917617,
1348,916.8916096687317,-0.11558721,
1349,917.5312192440033,-0.15771303,
1350,918.1596159934998,-0.18992725,
1351,919.6854755878448,-0.13260621,
1352,920.330531835556,-0.16700941,
1353,920.9756569862366,-0.21054353,
1354,921.622528553009,-0.08409885,
1355,922.2700881958008,-0.19929874,
1356,922.9158098697662,-0.0861278,
1357,923.562252998352,-0.06380907,
1358,924.2097909450531,-0.088733286,
1359,924.855592250824,-0.055149566,
1360,925.5035402774811,-0.1074641,
1361,926.1504588127136,-0.19512722,
1362,926.796530008316,-0.20345837,
1363,927.4471838474274,-0.38028467,
1364,928.0947802066803,-0.047746353,
1365,928.7409551143646,-0.18342389,
1366,929.3905248641968,-0.16101204,
1367,930.0370800495148,-0.11062537,
1368,930.6828165054321,-0.0735333,
1369,931.3287694454193,-0.12593618,
1370,931.9737055301666,-0.3722463,
1371,932.6205079555511,-0.22183701,
1372,933.2674362659454,-0.24093501,
1373,933.9135756492615,-0.15986815,
1374,934.559736251831,-0.13225558,
1375,935.1946890354156,-0.35821587,
1376,936.8113040924072,-0.30550063,
1377,937.45183634758,-0.23707794,
1378,938.0935833454132,-0.12831366,
1379,938.7347567081451,-0.28502318,
1380,939.3752555847168,-0.11267784,
1381,940.0160534381866,-0.10680261,
1382,940.658210515976,-0.3558304,
1383,941.2982759475708,-0.19142696,
1384,941.938937664032,-0.23583116,
1385,942.5791034698486,-0.20128056,
1386,943.218879699707,-0.1460276,
1387,943.8599693775177,-0.21330847,
1388,944.500335931778,-0.18939406,
1389,945.1399023532867,-0.11407147,
1390,945.7809436321259,-0.19579291,
1391,946.4215302467346,-0.29971692,
1392,947.0617415904999,-0.12213285,
1393,947.7020373344421,-0.26198027,
1394,948.343094587326,-0.15788513,
1395,948.9829082489014,-0.13697237,
1396,949.6237714290619,-0.11057002,
1397,950.2636318206787,-0.10094449,
1398,950.9044404029846,-0.13477403,
1399,951.5448257923126,-0.100723565,
1400,952.6805922985077,-0.18082578,
1401,954.3323314189911,-0.11615461,
1402,954.9787199497223,-0.30025792,
1403,955.626617193222,-0.26783222,
1404,956.2729952335358,-0.26559678,
1405,956.920462846756,-0.106513865,
1406,957.5678572654724,-0.09890115,
1407,958.2147796154022,-0.16982093,
1408,958.8621373176575,-0.12127295,
1409,959.5093936920166,-0.1163746,
1410,960.1562337875366,-0.12555261,
1411,960.8040506839752,-0.23465157,
1412,961.4503710269928,-0.33187068,
1413,962.0970458984375,-0.2288248,
1414,962.7443442344666,-0.32798916,
1415,963.391063451767,-0.31177762,
1416,964.0373001098633,-0.13270034,
1417,964.6840994358063,-0.03920546,
1418,965.3301773071289,-0.16219017,
1419,965.9762921333313,-0.11846955,
1420,966.6222639083862,-0.14662522,
1421,967.2673115730286,-0.16218752,
1422,967.9132106304169,-0.14097032,
1423,968.559727191925,-0.28623688,
1424,969.2048854827881,-0.2836684,
1425,969.8387179374695,-0.2508994,
1426,971.3793275356293,-0.36589724,
1427,972.023713350296,-0.2437153,
1428,972.668613910675,-0.10386011,
1429,973.3127164840698,-0.14600816,
1430,973.9583475589752,-0.27016312,
1431,974.6042730808258,-0.101412535,
1432,975.2480041980743,-0.12273549,
1433,975.8930428028107,-0.13300839,
1434,976.5382902622223,-0.16464852,
1435,977.183073759079,-0.22562087,
1436,977.8281013965607,-0.3682514,
1437,978.4726912975311,-0.12641306,
1438,979.117481470108,-0.19355872,
1439,979.7622232437134,-0.09595806,
1440,980.4072721004486,-0.20369543,
1441,981.0522611141205,-0.12576395,
1442,981.6964275836945,-0.14012419,
1443,982.3394536972046,-0.13057831,
1444,982.9828400611877,-0.18574096,
1445,983.6246330738068,-0.09273617,
1446,984.2681810855865,-0.15309252,
1447,984.9118106365204,-0.27981064,
1448,985.5549726486206,-0.13687158,
1449,986.198305606842,-0.12712356,
1450,986.831020116806,-0.07224792,
1451,988.3625094890594,-0.14022352,
1452,989.0057158470154,-0.22789952,
1453,989.6495945453644,-0.085631646,
1454,990.2925205230713,-0.2771008,
1455,990.9354104995728,-0.0904522,
1456,991.5783865451813,-0.13966109,
1457,992.2217962741852,-0.48242104,
1458,992.865243434906,-0.1295694,
1459,993.5081441402435,-0.0887083,
1460,994.1519048213959,-0.16382107,
1461,994.7944550514221,-0.202997,
1462,995.4368221759796,-0.1878055,
1463,996.0805094242096,-0.067241795,
1464,996.7224273681641,-0.06972379,
1465,997.3652546405792,-0.22568089,
1466,998.008131980896,-0.137954,
1467,998.6506154537201,-0.34441453,
1468,999.2935600280762,-0.18904297,
1469,999.9372019767761,-0.25811118,
1470,1000.58016705513,-0.17010471,
1471,1001.223742723465,-0.2590627,
1472,1001.8668038845062,-0.14955527,
1473,1002.5088429450989,-0.09843486,
1474,1003.1521139144897,-0.18255347,
1475,1003.7831842899323,-0.22998556,
1476,1005.349689245224,-0.16129023,
1477,1005.9878263473511,-0.18622361,
1478,1006.6283776760101,-0.19189125,
1479,1007.2682189941406,-0.07592067,
1480,1007.9078104496002,-0.27986383,
1481,1008.5472319126129,-0.08083769,
1482,1009.1873846054077,-0.3594671,
1483,1009.8274903297424,-0.19078848,
1484,1010.4675028324127,-0.20969206,
1485,1011.1072585582733,-0.20658253,
1486,1011.7472651004791,-0.3049028,
1487,1012.3867266178131,-0.109827444,
1488,1013.0266995429993,-0.13851967,
1489,1013.6690855026245,-0.07199806,
1490,1014.310159444809,-0.21755369,
1491,1014.9503211975098,-0.08768965,
1492,1015.5914652347565,-0.1341767,
1493,1016.2314431667328,-0.15327707,
1494,1016.8704495429993,-0.12944148,
1495,1017.5094749927521,-0.31166223,
1496,1018.1504414081573,-0.15238419,
1497,1018.7899532318115,-0.22030152,
1498,1019.4292569160461,-0.32923707,
1499,1020.0692729949951,-0.18880442,
1500,1021.2055666446686,-0.20987439,
1501,1022.7419936656952,-0.15409827,
1502,1023.386402130127,-0.18153879,
1503,1024.0306251049042,-0.16674735,
1504,1024.6750609874725,-0.2194401,
1505,1025.3190326690674,-0.12718982,
1506,1025.9632077217102,-0.18728277,
1507,1026.6072311401367,-0.1842398,
1508,1027.2515034675598,-0.13030288,
1509,1027.8956615924835,-0.07253596,
1510,1028.5396299362183,-0.14080122,
1511,1029.184760093689,-0.14018464,
1512,1029.828603029251,-0.06959547,
1513,1030.4728682041168,-0.17436616,
1514,1031.1181173324585,-0.11717284,
1515,1031.8667113780975,-0.23191057,
1516,1032.5113532543182,-0.13184792,
1517,1033.155356645584,-0.18403658,
1518,1033.7986335754395,-0.15244496,
1519,1034.4410259723663,-0.09091463,
1520,1035.0846183300018,-0.10636998,
1521,1035.728281736374,-0.12767945,
1522,1036.3722031116486,-0.10332012,
1523,1037.0162794589996,-0.17459883,
1524,1037.6592650413513,-0.09384644,
1525,1038.2919235229492,-0.11683733,
1526,1039.7489790916443,-0.11458607,
1527,1040.3884727954865,-0.2657639,
1528,1041.0293107032776,-0.17497751,
1529,1041.6700639724731,-0.28274715,
1530,1042.3111004829407,-0.4620399,
1531,1042.9509341716766,-0.16642216,
1532,1043.5901737213135,-0.21919487,
1533,1044.2306368350983,-0.1927103,
1534,1044.8695278167725,-0.1620749,
1535,1045.5088694095612,-0.14654511,
1536,1046.147864818573,-0.118088886,
1537,1046.787934064865,-0.10598904,
1538,1047.4286291599274,-0.16751784,
1539,1048.068609237671,-0.3886453,
1540,1048.7084608078003,-0.08992236,
1541,1049.348265171051,-0.114235565,
1542,1049.987031698227,-0.12864219,
1543,1050.6237936019897,-0.1898925,
1544,1051.2613458633423,-0.20856853,
1545,1051.898968219757,-0.31548893,
1546,1052.5359101295471,-0.1592649,
1547,1053.1734507083893,-0.19367567,
1548,1053.8109722137451,-0.22770642,
1549,1054.4480209350586,-0.053608015,
1550,1055.0745661258698,-0.24466291,
1551,1056.6058156490326,-0.14541869,
1552,1057.24866604805,-0.21947463,
1553,1057.8940224647522,-0.22466126,
1554,1058.5399479866028,-0.5392684,
1555,1059.1862547397614,-0.10429487,
1556,1059.8320605754852,-0.14655647,
1557,1060.4772000312805,-0.13069534,
1558,1061.123464345932,-0.27925554,
1559,1061.7689309120178,-0.08690282,
1560,1062.4167213439941,-0.114123106,
1561,1063.0626530647278,-0.13023752,
1562,1063.7084770202637,-0.10435532,
1563,1064.3553602695465,-0.18785658,
1564,1065.00217461586,-0.1797482,
1565,1065.6493887901306,-0.14525983,
1566,1066.2963244915009,-0.09444623,
1567,1066.9425446987152,-0.06625239,
1568,1067.5891370773315,-0.10684994,
1569,1068.2362744808197,-0.084160596,
1570,1068.8833878040314,-0.1558054,
1571,1069.5304946899414,-0.23533666,
1572,1070.1771862506866,-0.13802566,
1573,1070.823405265808,-0.114143535,
1574,1071.469354391098,-0.36945683,
1575,1072.1051332950592,-0.21360534,
1576,1073.6797881126404,-0.19476132,
1577,1074.3184504508972,-0.11572274,
1578,1074.9585700035095,-0.17594215,
1579,1075.597929239273,-0.14088252,
1580,1076.237163066864,-0.06498953,
1581,1076.8767096996307,-0.15653412,
1582,1077.5151991844177,-0.28723854,
1583,1078.154040813446,-0.13164593,
1584,1078.7930135726929,-0.21913901,
1585,1079.4326570034027,-0.14352201,
1586,1080.0720102787018,-0.10052084,
1587,1080.7099359035492,-0.2579493,
1588,1081.3495016098022,-0.12133463,
1589,1081.9900274276733,-0.088453904,
1590,1082.6299908161163,-0.080807984,
1591,1083.2698271274567,-0.194994,
1592,1083.9106800556183,-0.19856027,
1593,1084.5502338409424,-0.10908183,
1594,1085.1892306804657,-0.097885266,
1595,1085.8288090229034,-0.42963323,
1596,1086.469144821167,-0.11639659,
1597,1087.1077227592468,-0.11438716,
1598,1087.7466931343079,-0.1266183,
1599,1088.3865220546722,-0.13349874,
1600,1089.522287607193,-0.12074264,
1601,1091.0756571292877,-0.19940153,
1602,1091.7217910289764,-0.12168061,
1603,1092.3691504001617,-0.117825754,
1604,1093.0173497200012,-0.083379686,
1605,1093.6639142036438,-0.24316975,
1606,1094.3105161190033,-0.17839041,
1607,1094.9570760726929,-0.16767842,
1608,1095.604318857193,-0.0712375,
1609,1096.251137971878,-0.14910929,
1610,1096.8979043960571,-0.19442603,
1611,1097.5447747707367,-0.1546075,
1612,1098.1923809051514,-0.358095,
1613,1098.8394298553467,-0.1353623,
1614,1099.4868788719177,-0.1452891,
1615,1100.1339299678802,-0.18513663,
1616,1100.7811872959137,-0.18001637,
1617,1101.4290380477905,-0.14568464,
1618,1102.0750176906586,-0.13001801,
1619,1102.721429347992,-0.046504155,
1620,1103.368525981903,-0.2411212,
1621,1104.0152788162231,-0.14746407,
1622,1104.6617166996002,-0.14522217,
1623,1105.3080806732178,-0.111615956,
1624,1105.9544973373413,-0.19795325,
1625,1106.5897059440613,-0.18937477,
1626,1108.0585114955902,-0.07056545,
1627,1108.6995482444763,-0.11094281,
1628,1109.3435280323029,-0.1268856,
1629,1109.9843313694,-0.13462952,
1630,1110.6259574890137,-0.12159255,
1631,1111.2675440311432,-0.19375661,
1632,1111.9089810848236,-0.26286647,
1633,1112.5515611171722,-0.12140323,
1634,1113.1929950714111,-0.16162178,
1635,1113.8347671031952,-0.28634563,
1636,1114.4768421649933,-0.16355242,
1637,1115.1178987026215,-0.11262292,
1638,1115.7591507434845,-0.097590566,
1639,1116.4000325202942,-0.14527866,
1640,1117.0408935546875,-0.077699766,
1641,1117.6821312904358,-0.09024289,
1642,1118.3232202529907,-0.10099154,
1643,1118.962946653366,-0.09407991,
1644,1119.6035237312317,-0.102584586,
1645,1120.2440247535706,-0.2041416,
1646,1120.8843903541565,-0.21355987,
1647,1121.5254521369934,-0.19004473,
1648,1122.16437292099,-0.1573168,
1649,1122.8035333156586,-0.1264471,
1650,1123.4317741394043,-0.20750639,
1651,1124.9699926376343,-0.17193319,
1652,1125.6147124767303,-0.09748554,
1653,1126.2604584693909,-0.10184193,
1654,1126.9064633846283,-0.09681426,
1655,1127.5526866912842,-0.16664878,
1656,1128.1978647708893,-0.24544463,
1657,1128.843043088913,-0.21754515,
1658,1129.48916554451,-0.08710065,
1659,1130.1348330974579,-0.0975909,
1660,1130.7804419994354,-0.23493366,
1661,1131.4257781505585,-0.21122175,
1662,1132.0723721981049,-0.1580493,
1663,1132.718808889389,-0.13819115,
1664,1133.3646750450134,-0.1609263,
1665,1134.0105698108673,-0.15128514,
1666,1134.6573712825775,-0.16095597,
1667,1135.3031702041626,-0.15837753,
1668,1135.9488461017609,-0.15314847,
1669,1136.5949394702911,-0.20017102,
1670,1137.241022348404,-0.0838679,
1671,1137.886950492859,-0.52598095,
1672,1138.5331501960754,-0.12001576,
1673,1139.1784012317657,-0.067166455,
1674,1139.8245577812195,-0.17274013,
1675,1140.4586749076843,-0.088191435,
1676,1141.9530456066132,-0.15189463,
1677,1142.591647386551,-0.1458995,
1678,1143.2324056625366,-0.1227293,
1679,1143.8728640079498,-0.1870279,
1680,1144.5139803886414,-0.1152723,
1681,1145.1542990207672,-0.16808097,
1682,1145.7947161197662,-0.12498326,
1683,1146.4358389377594,-0.14837459,
1684,1147.0759720802307,-0.0759567,
1685,1147.7168357372284,-0.21702096,
1686,1148.3569147586823,-0.14242423,
1687,1148.9968256950378,-0.12672374,
1688,1149.6366336345673,-0.12012964,
1689,1150.2765440940857,-0.25406167,
1690,1150.916203737259,-0.08033479,
1691,1151.5559718608856,-0.104588926,
1692,1152.195949792862,-0.1448814,
1693,1152.8362741470337,-0.20240892,
1694,1153.475206375122,-0.15793951,
1695,1154.114449262619,-0.15095231,
1696,1154.7543015480042,-0.14566566,
1697,1155.3932514190674,-0.12206988,
1698,1156.0329883098602,-0.32828546,
1699,1156.6733288764954,-0.22798643,
1700,1157.8098075389862,-0.11420118,
1701,1159.337914943695,-0.11984225,
1702,1159.980313539505,-0.13288365,
1703,1160.624247789383,-0.086886354,
1704,1161.267285823822,-0.1784196,
1705,1161.9113199710846,-0.26027107,
1706,1162.5549666881561,-0.08376874,
1707,1163.1973354816437,-0.12401362,
1708,1163.8408074378967,-0.12769148,
1709,1164.4832990169525,-0.05415263,
1710,1165.125792980194,-0.11788953,
1711,1165.7684571743011,-0.19912949,
1712,1166.4107551574707,-0.25903344,
1713,1167.053565979004,-0.09073304,
1714,1167.6965832710266,-0.1830363,
1715,1168.3392407894135,-0.25025505,
1716,1168.9821429252625,-0.15496826,
1717,1169.6254451274872,-0.13081816,
1718,1170.2672712802887,-0.1432116,
1719,1170.909206867218,-0.11468596,
1720,1171.5517129898071,-0.11209832,
1721,1172.193597793579,-0.10838251,
1722,1172.836172580719,-0.13021176,
1723,1173.4784719944,-0.15461162,
1724,1174.120522737503,-0.05779604,
1725,1174.750589132309,-0.14848624,
1726,1176.2620708942413,-0.15472029,
1727,1176.9060895442963,-0.32870007,
1728,1177.5515766143799,-0.06998043,
1729,1178.195348739624,-0.18765555,
1730,1178.8402392864227,-0.12456466,
1731,1179.4833979606628,-0.059790656,
1732,1180.1273155212402,-0.10069716,
1733,1180.7726271152496,-0.08859136,
1734,1181.4166870117188,-0.073091134,
1735,1182.0607466697693,-0.25426394,
1736,1182.705542087555,-0.07895516,
1737,1183.3493933677673,-0.22740261,
1738,1183.9938688278198,-0.20246175,
1739,1184.6382565498352,-0.1318897,
1740,1185.2819876670837,-0.10787309,
1741,1185.9258842468262,-0.2008003,
1742,1186.5694754123688,-0.15274052,
1743,1187.2117393016815,-0.14640889,
1744,1187.8553884029388,-0.07867247,
1745,1188.4982454776764,-0.14885929,
1746,1189.1409993171692,-0.16800094,
1747,1189.7851684093475,-0.19740638,
1748,1190.42804813385,-0.072669394,
1749,1191.0721180438995,-0.08509382,
1750,1191.7060573101044,-0.11781485,
1751,1193.2444155216217,-0.18990535,
1752,1193.886956691742,-0.22349265,
1753,1194.530297756195,-0.1702272,
1754,1195.1743507385254,-0.40939546,
1755,1195.8213000297546,-0.14555669,
1756,1196.462839603424,-0.14049785,
1757,1197.1051051616669,-0.22262467,
1758,1197.7477374076843,-0.04796603,
1759,1198.3902366161346,-0.13904124,
1760,1199.033296585083,-0.11742433,
1761,1199.6752078533173,-0.08062756,
1762,1200.317690372467,-0.15495835,
1763,1200.9623396396637,-0.1232223,
1764,1201.6038274765015,-0.13499728,
1765,1202.246473312378,-0.3793211,
1766,1202.8906931877136,-0.14834787,
1767,1203.5320267677307,-0.26668215,
1768,1204.1731715202332,-0.1416907,
1769,1204.815102815628,-0.23072377,
1770,1205.456500530243,-0.089624636,
1771,1206.0986003875732,-0.15688673,
1772,1206.740825176239,-0.13494872,
1773,1207.3821363449097,-0.082284555,
1774,1208.024235010147,-0.19361112,
1775,1208.6548626422882,-0.07260225,
1776,1210.1618783473969,-0.14490622,
1777,1210.8089241981506,-0.084957875,
1778,1211.457247018814,-0.22703591,
1779,1212.105444908142,-0.2334674,
1780,1212.752989768982,-0.110547975,
1781,1213.4013767242432,-0.11347902,
1782,1214.0495808124542,-0.17660664,
1783,1214.6982407569885,-0.11950802,
1784,1215.3457202911377,-0.12375398,
1785,1215.9940729141235,-0.18309718,
1786,1216.6415042877197,-0.16415283,
1787,1217.290271282196,-0.110143974,
1788,1217.9388613700867,-0.122972384,
1789,1218.5864729881287,-0.16528437,
1790,1219.2338254451752,-0.22689477,
1791,1219.882344007492,-0.11903,
1792,1220.5301532745361,-0.1725726,
1793,1221.179285287857,-0.35512313,
1794,1221.826277256012,-0.41323572,
1795,1222.4738509654999,-0.0993565,
1796,1223.1216428279877,-0.1443686,
1797,1223.769481420517,-0.12138577,
1798,1224.4156970977783,-0.2000849,
1799,1225.062763929367,-0.17475858,
1800,1226.2149283885956,-0.18648311,
1801,1227.7641134262085,-0.23180638,
1802,1228.406930923462,-0.22119981,
1803,1229.0506834983826,-0.1373033,
1804,1229.6940746307373,-0.12713733,
1805,1230.3374602794647,-0.3063287,
1806,1230.981204032898,-0.15515071,
1807,1231.6248791217804,-0.1677907,
1808,1232.268042564392,-0.17068098,
1809,1232.9115769863129,-0.17106919,
1810,1233.5556180477142,-0.25559098,
1811,1234.199580669403,-0.21413088,
1812,1234.8425767421722,-0.22061867,
1813,1235.4863033294678,-0.11386309,
1814,1236.1297600269318,-0.12173161,
1815,1236.7727980613708,-0.17429174,
1816,1237.4164779186249,-0.1614494,
1817,1238.0603947639465,-0.12443453,
1818,1238.7032406330109,-0.0898868,
1819,1239.346326828003,-0.10298614,
1820,1239.9898235797882,-0.14928105,
1821,1240.6321034431458,-0.11050224,
1822,1241.2752537727356,-0.24440232,
1823,1241.919188261032,-0.18707903,
1824,1242.5622730255127,-0.22916211,
1825,1243.1935131549835,-0.08817396,
1826,1244.7039012908936,-0.1462811,
1827,1245.351227760315,-0.12040234,
1828,1245.998941898346,-0.13620973,
1829,1246.6456458568573,-0.29715806,
1830,1247.2937042713165,-0.18021895,
1831,1247.941258430481,-0.09176292,
1832,1248.5878365039825,-0.12059317,
1833,1249.234944343567,-0.09061825,
1834,1249.8811798095703,-0.14022166,
1835,1250.5275566577911,-0.17711467,
1836,1251.1742281913757,-0.17649421,
1837,1251.819991827011,-0.16741236,
1838,1252.4678347110748,-0.15972689,
1839,1253.1154205799103,-0.13826048,
1840,1253.762368440628,-0.17400241,
1841,1254.4092495441437,-0.22983932,
1842,1255.0555305480957,-0.11921849,
1843,1255.7016434669495,-0.068007275,
1844,1256.3480665683746,-0.078182474,
1845,1256.9926569461823,-0.0877389,
1846,1257.63725066185,-0.19547972,
1847,1258.282113790512,-0.27095518,
1848,1258.9256436824799,-0.074023314,
1849,1259.5692768096924,-0.10509765,
1850,1260.2023990154266,-0.10305562,
1851,1261.7074983119965,-0.16947329,
1852,1262.3536748886108,-0.17321768,
1853,1262.9995114803314,-0.17334455,
1854,1263.6450843811035,-0.20755377,
1855,1264.2917432785034,-0.22806372,
1856,1264.939122915268,-0.055078387,
1857,1265.5865080356598,-0.1180996,
1858,1266.233491897583,-0.090837926,
1859,1266.8805704116821,-0.044670347,
1860,1267.5278913974762,-0.10277593,
1861,1268.174699306488,-0.09165373,
1862,1268.8214972019196,-0.06627501,
1863,1269.4676127433777,-0.18245997,
1864,1270.115082502365,-0.13014904,
1865,1270.7625088691711,-0.06264753,
1866,1271.4090478420258,-0.16553695,
1867,1272.0551085472107,-0.15291399,
1868,1272.701358795166,-0.08548492,
1869,1273.3476767539978,-0.13795891,
1870,1273.9940123558044,-0.12364581,
1871,1274.6402986049652,-0.31088644,
1872,1275.2872977256775,-0.22721244,
1873,1275.9342353343964,-0.17680536,
1874,1276.5815782546997,-0.051883128,
1875,1277.217024564743,-0.08291201,
1876,1278.689889907837,-0.061763015,
1877,1279.335701227188,-0.14173459,
1878,1279.982076883316,-0.10060809,
1879,1280.628023147583,-0.253428,
1880,1281.2724573612213,-0.18407807,
1881,1281.91819190979,-0.0995239,
1882,1282.5632674694061,-0.103368685,
1883,1283.2088050842285,-0.044488136,
1884,1283.8544216156006,-0.17587307,
1885,1284.4998805522919,-0.1597004,
1886,1285.1455190181732,-0.028041963,
1887,1285.7921030521393,-0.20962253,
1888,1286.4369592666626,-0.17930517,
1889,1287.082593202591,-0.11908613,
1890,1287.7295997142792,-0.06737716,
1891,1288.3754181861877,-0.09269701,
1892,1289.0223479270935,-0.073187046,
1893,1289.6690924167633,-0.18731758,
1894,1290.3145143985748,-0.050061483,
1895,1290.9643306732178,-0.24484599,
1896,1291.6104457378387,-0.10657643,
1897,1292.2556252479553,-0.12642157,
1898,1292.9026341438293,-0.05971861,
1899,1293.5488638877869,-0.05811541,
1900,1294.6955840587616,-0.08692072,
1901,1296.1743466854095,-0.11721172,
1902,1296.8157787322998,-0.15205055,
1903,1297.4583806991577,-0.14923896,
1904,1298.1003730297089,-0.14819151,
1905,1298.7426805496216,-0.095623925,
1906,1299.3851549625397,-0.16966662,
1907,1300.0271627902985,-0.10591577,
1908,1300.6700332164764,-0.12824284,
1909,1301.3117542266846,-0.26818067,
1910,1301.9540717601776,-0.16328613,
1911,1302.5976033210754,-0.08635117,
1912,1303.2384176254272,-0.074549444,
1913,1303.8800621032715,-0.19502859,
1914,1304.5229496955872,-0.09067215,
1915,1305.164400100708,-0.10857336,
1916,1305.8066551685333,-0.1503318,
1917,1306.448888540268,-0.18370596,
1918,1307.0899333953857,-0.09320113,
1919,1307.7316043376923,-0.10884872,
1920,1308.3735313415527,-0.28792652,
1921,1309.0155799388885,-0.09362933,
1922,1309.6586737632751,-0.113991,
1923,1310.3002071380615,-0.16239399,
1924,1310.941615819931,-0.14775872,
1925,1311.5721893310547,-0.16543981,
1926,1313.0746817588806,-0.10158398,
1927,1313.718546628952,-0.06157574,
1928,1314.3617987632751,-0.18085387,
1929,1315.0062386989594,-0.11021868,
1930,1315.6492598056793,-0.123851486,
1931,1316.2926108837128,-0.13307478,
1932,1316.9358191490173,-0.37696904,
1933,1317.5797514915466,-0.04523549,
1934,1318.2227990627289,-0.11590057,
1935,1318.866892337799,-0.2561397,
1936,1319.509819984436,-0.14333427,
1937,1320.1520936489105,-0.12822747,
1938,1320.7957837581635,-0.20114005,
1939,1321.438106060028,-0.0857484,
1940,1322.080501794815,-0.20301908,
1941,1322.7245223522186,-0.07729524,
1942,1323.3676414489746,-0.016840037,
1943,1324.011100769043,-0.37581867,
1944,1324.6552550792694,-0.07872333,
1945,1325.2981235980988,-0.35440347,
1946,1325.9414308071136,-0.1290794,
1947,1326.5860803127289,-0.15836674,
1948,1327.2286570072174,-0.12818149,
1949,1327.8723640441895,-0.23541683,
1950,1328.5046842098236,-0.15872194,
1951,1329.9688231945038,-0.14046293,
1952,1330.6116650104523,-0.05521024,
1953,1331.2547516822815,-0.061347786,
1954,1331.8970999717712,-0.064111255,
1955,1332.5395226478577,-0.16344742,
1956,1333.1824340820312,-0.06355554,
1957,1333.826185464859,-0.2582485,
1958,1334.4694180488586,-0.08409578,
1959,1335.1121339797974,-0.006376025,
1960,1335.7560353279114,-0.10252209,
1961,1336.398540019989,-0.110546455,
1962,1337.0417938232422,-0.27843612,
1963,1337.6850497722626,-0.15331097,
1964,1338.3276205062866,-0.045762308,
1965,1338.9710988998413,-0.124681965,
1966,1339.615308046341,-0.10294276,
1967,1340.2573821544647,-0.07980999,
1968,1340.900297164917,-0.055912007,
1969,1341.543254852295,-0.18264803,
1970,1342.185430765152,-0.106360674,
1971,1342.8292136192322,-0.19804206,
1972,1343.4720151424408,-0.23212656,
1973,1344.114632844925,-0.22808746,
1974,1344.7590155601501,-0.41002283,
1975,1345.3904166221619,-0.045571283,
1976,1346.9140832424164,-0.07297811,
1977,1347.5560414791107,-0.11263229,
1978,1348.2000133991241,-0.15908341,
1979,1348.8435361385345,-0.17554551,
1980,1349.4866518974304,-0.09668851,
1981,1350.1311540603638,-0.12505472,
1982,1350.7743718624115,-0.2103639,
1983,1351.4180808067322,-0.08486076,
1984,1352.0623409748077,-0.029548267,
1985,1352.70605802536,-0.08159694,
1986,1353.3493447303772,-0.09042862,
1987,1353.9941198825836,-0.14370671,
1988,1354.6380867958069,-0.2641527,
1989,1355.2827398777008,-0.12791012,
1990,1355.9275660514832,-0.15268624,
1991,1356.5719227790833,-0.10534412,
1992,1357.2151052951813,-0.09901026,
1993,1357.859239578247,-0.22912309,
1994,1358.502948999405,-0.112420954,
1995,1359.14590549469,-0.18127245,
1996,1359.790301322937,-0.18112835,
1997,1360.4331645965576,-0.10221712,
1998,1361.0769066810608,-0.061082497,
1999,1361.7208230495453,-0.17838252,
2000,1362.8635230064392,-0.14815968,
2001,1364.4393727779388,-0.10539585,
2002,1365.084065437317,-0.14214408,
2003,1365.7285470962524,-0.12628561,
2004,1366.3730156421661,-0.16551659,
2005,1367.0190169811249,-0.16223192,
2006,1367.663434267044,-0.19887322,
2007,1368.30793094635,-0.16234165,
2008,1368.9527971744537,-0.058090575,
2009,1369.5962641239166,-0.102279276,
2010,1370.2403242588043,-0.32067114,
2011,1370.8858335018158,-0.1291221,
2012,1371.5298073291779,-0.134835,
2013,1372.1736371517181,-0.10266874,
2014,1372.8197145462036,-0.22535022,
2015,1373.4637587070465,-0.12196625,
2016,1374.1086416244507,-0.07486358,
2017,1374.7544770240784,-0.14193653,
2018,1375.3987329006195,-0.0955552,
2019,1376.0440471172333,-0.11281169,
2020,1376.6886188983917,-0.20416927,
2021,1377.3363568782806,-0.073414005,
2022,1377.9819073677063,-0.12794504,
2023,1378.6264145374298,-0.07160937,
2024,1379.2702405452728,-0.08361104,
2025,1379.9030644893646,-0.15265237,
2026,1381.4254536628723,-0.111304216,
2027,1382.0722742080688,-0.108015426,
2028,1382.719316482544,-0.10166476,
2029,1383.367436170578,-0.17665648,
2030,1384.018483877182,-0.057931,
2031,1384.6667051315308,-0.10372804,
2032,1385.315132856369,-0.17967252,
2033,1385.9644696712494,-0.11056124,
2034,1386.6131372451782,-0.16879061,
2035,1387.2615694999695,-0.17707315,
2036,1387.9107766151428,-0.102973476,
2037,1388.5594770908356,-0.090468265,
2038,1389.2078466415405,-0.13502166,
2039,1389.857557296753,-0.056667984,
2040,1390.5060439109802,-0.103689626,
2041,1391.1542093753815,-0.13733742,
2042,1391.80242061615,-0.10852651,
2043,1392.4502537250519,-0.14960766,
2044,1393.098304271698,-0.24377848,
2045,1393.7454116344452,-0.05854498,
2046,1394.3926856517792,-0.10609655,
2047,1395.0413410663605,-0.1992006,
2048,1395.688357591629,-0.1841316,
2049,1396.3353016376495,-0.088949844,
2050,1396.9708588123322,-0.0878479,
2051,1398.545904159546,-0.12900978,
2052,1399.1935963630676,-0.057065513,
2053,1399.8418662548065,-0.043627657,
2054,1400.4905049800873,-0.18085125,
2055,1401.1385924816132,-0.08132645,
2056,1401.7860186100006,-0.065607086,
2057,1402.4343574047089,-0.13871516,
2058,1403.0816662311554,-0.10630307,
2059,1403.7289140224457,-0.18745065,
2060,1404.3770184516907,-0.20076028,
2061,1405.024783372879,-0.1082624,
2062,1405.6724026203156,-0.06920727,
2063,1406.3202984333038,-0.059921183,
2064,1406.9675929546356,-0.051343918,
2065,1407.6155200004578,-0.0869066,
2066,1408.2637164592743,-0.21919818,
2067,1408.9107582569122,-0.10856801,
2068,1409.5595293045044,-0.10011654,
2069,1410.207664489746,-0.16270205,
2070,1410.8548440933228,-0.18005474,
2071,1411.5033285617828,-0.08318663,
2072,1412.150749206543,-0.21921171,
2073,1412.7980563640594,-0.17413881,
2074,1413.4462404251099,-0.10737522,
2075,1414.081785440445,-0.08038877,
2076,1415.6093108654022,-0.06185878,
2077,1416.2519035339355,-0.2731449,
2078,1416.8948323726654,-0.10396006,
2079,1417.5386259555817,-0.1301533,
2080,1418.1817967891693,-0.13392687,
2081,1418.8244585990906,-0.07643083,
2082,1419.4676387310028,-0.09654908,
2083,1420.1104526519775,-0.18712598,
2084,1420.7551927566528,-0.18814561,
2085,1421.3980286121368,-0.09164241,
2086,1422.0402586460114,-0.29118392,
2087,1422.6828713417053,-0.14993724,
2088,1423.3251111507416,-0.16625372,
2089,1423.9673945903778,-0.08449073,
2090,1424.6089913845062,-0.050160624,
2091,1425.2509133815765,-0.20780952,
2092,1425.8931965827942,-0.08950304,
2093,1426.5351622104645,-0.09528211,
2094,1427.1762335300446,-0.25222975,
2095,1427.818829536438,-0.13507605,
2096,1428.4623355865479,-0.19983175,
2097,1429.1043198108673,-0.13856605,
2098,1429.7485547065735,-0.06864576,
2099,1430.3923499584198,-0.12394993,
2100,1431.5320253372192,-0.059131414,
2101,1433.107180595398,-0.08863698,
2102,1433.7497110366821,-0.13324632,
2103,1434.3930246829987,-0.056530256,
2104,1435.0370426177979,-0.13375539,
2105,1435.6805090904236,-0.13647398,
2106,1436.3219714164734,-0.10594405,
2107,1436.964225769043,-0.20265156,
2108,1437.6080400943756,-0.08020404,
2109,1438.2492711544037,-0.082488865,
2110,1438.8901154994965,-0.11314064,
2111,1439.530643939972,-0.088721335,
2112,1440.1704452037811,-0.08515737,
2113,1440.8112840652466,-0.043509886,
2114,1441.4508137702942,-0.13726929,
2115,1442.089916229248,-0.06550998,
2116,1442.7304553985596,-0.1423868,
2117,1443.370090007782,-0.10764405,
2118,1444.0080769062042,-0.22239773,
2119,1444.6483533382416,-0.08507283,
2120,1445.287662267685,-0.10539569,
2121,1445.9265813827515,-0.18941996,
2122,1446.5683364868164,-0.17178212,
2123,1447.2090187072754,-0.12854803,
2124,1447.8499729633331,-0.13608013,
2125,1448.480079650879,-0.14329728,
2126,1449.964056968689,-0.24257994,
2127,1450.6107268333435,-0.089251556,
2128,1451.2578444480896,-0.17160834,
2129,1451.9045276641846,-0.2846812,
2130,1452.551805973053,-0.14514586,
2131,1453.1987142562866,-0.058057375,
2132,1453.846144914627,-0.1294741,
2133,1454.4944067001343,-0.09761202,
2134,1455.143326997757,-0.13644971,
2135,1455.7923069000244,-0.092764154,
2136,1456.4409728050232,-0.060858436,
2137,1457.0901763439178,-0.11750396,
2138,1457.738972902298,-0.16250232,
2139,1458.3867127895355,-0.06869276,
2140,1459.034851551056,-0.2593,
2141,1459.6832642555237,-0.08095063,
2142,1460.3308024406433,-0.17673504,
2143,1460.977698802948,-0.08868342,
2144,1461.6243798732758,-0.1611882,
2145,1462.2707870006561,-0.24795143,
2146,1462.9179384708405,-0.20292693,
2147,1463.5659484863281,-0.30076006,
2148,1464.2149920463562,-0.092035264,
2149,1464.8619079589844,-0.08925088,
2150,1465.4977583885193,-0.13071077,
2151,1467.1021699905396,-0.13078064,
2152,1467.7484188079834,-0.15242429,
2153,1468.3972210884094,-0.10169363,
2154,1469.043169260025,-0.15998974,
2155,1469.6894581317902,-0.24504092,
2156,1470.3377199172974,-0.21230307,
2157,1470.9855155944824,-0.36393234,
2158,1471.63183426857,-0.03553102,
2159,1472.278311252594,-0.28135458,
2160,1472.925360918045,-0.10409212,
2161,1473.5717549324036,-0.021209015,
2162,1474.2195117473602,-0.040786974,
2163,1474.8657441139221,-0.11319721,
2164,1475.5132641792297,-0.11440321,
2165,1476.15971326828,-0.12651706,
2166,1476.806705713272,-0.109062314,
2167,1477.4536383152008,-0.1456264,
2168,1478.1003549098969,-0.072139025,
2169,1478.7457082271576,-0.09006564,
2170,1479.3912363052368,-0.31294495,
2171,1480.0376651287079,-0.060223497,
2172,1480.6837878227234,-0.08202617,
2173,1481.329906463623,-0.13329095,
2174,1481.97696018219,-0.08264798,
2175,1482.610939502716,-0.10496049,
2176,1484.157241344452,-0.12112425,
2177,1484.803789615631,-0.11264437,
2178,1485.4530665874481,-0.27458078,
2179,1486.0999386310577,-0.14932191,
2180,1486.7459774017334,-0.05700344,
2181,1487.3925178050995,-0.11189171,
2182,1488.0393688678741,-0.09528766,
2183,1488.6863288879395,-0.0971217,
2184,1489.333386182785,-0.061016917,
2185,1489.9799191951752,-0.060431216,
2186,1490.6277918815613,-0.11228494,
2187,1491.3793425559998,-0.12385127,
2188,1492.0269043445587,-0.17039381,
2189,1492.676764011383,-0.09006837,
2190,1493.3240098953247,-0.12380107,
2191,1493.9711203575134,-0.10566874,
2192,1494.6191687583923,-0.106465295,
2193,1495.2647440433502,-0.01645886,
2194,1495.9111804962158,-0.14062664,
2195,1496.5577626228333,-0.02297725,
2196,1497.2036678791046,-0.10488528,
2197,1497.8502666950226,-0.10495448,
2198,1498.4962766170502,-0.15516034,
2199,1499.141746520996,-0.06381511,
2200,1500.2910945415497,-0.10024605,
2201,1501.8260688781738,-0.11038068,
2202,1502.4720051288605,-0.25068268,
2203,1503.119176864624,-0.059985988,
2204,1503.766144990921,-0.08692694,
2205,1504.41170668602,-0.22084144,
2206,1505.0593087673187,-0.119215325,
2207,1505.7080307006836,-0.1974842,
2208,1506.3534712791443,-0.12480458,
2209,1506.9999012947083,-0.15809837,
2210,1507.646780014038,-0.13424823,
2211,1508.2927055358887,-0.15994851,
2212,1508.938341140747,-0.094070494,
2213,1509.585748910904,-0.18145457,
2214,1510.2302646636963,-0.0714455,
2215,1510.8759253025055,-0.08800511,
2216,1511.5212609767914,-0.08709418,
2217,1512.1654753684998,-0.028186398,
2218,1512.8089427947998,-0.11596988,
2219,1513.4522695541382,-0.19139993,
2220,1514.0957899093628,-0.2082495,
2221,1514.7411181926727,-0.10958729,
2222,1515.3843581676483,-0.16736555,
2223,1516.0275537967682,-0.14310186,
2224,1516.6714284420013,-0.14213258,
2225,1517.3040263652802,-0.052215315,
2226,1518.786726474762,-0.05706691,
2227,1519.428139925003,-0.13730828,
2228,1520.0711886882782,-0.32316738,
2229,1520.7142853736877,-0.15059882,
2230,1521.3562560081482,-0.15253249,
2231,1521.9983870983124,-0.075855955,
2232,1522.6400022506714,-0.12803574,
2233,1523.2820844650269,-0.106923096,
2234,1523.9245028495789,-0.10964316,
2235,1524.56609249115,-0.07740426,
2236,1525.2077720165253,-0.09406839,
2237,1525.8494703769684,-0.19835496,
2238,1526.4911756515503,-0.051950272,
2239,1527.1328167915344,-0.09031154,
2240,1527.7764415740967,-0.17709373,
2241,1528.4176557064056,-0.065152034,
2242,1529.0590047836304,-0.03517764,
2243,1529.7003157138824,-0.05666957,
2244,1530.341902256012,-0.1432202,
2245,1530.983127117157,-0.22904682,
2246,1531.6245048046112,-0.048253663,
2247,1532.2655756473541,-0.18146431,
2248,1532.90718460083,-0.17572734,
2249,1533.5485408306122,-0.069338836,
2250,1534.178223848343,-0.19298449,
2251,1535.718735218048,-0.20171236,
2252,1536.359364271164,-0.097491205,
2253,1537.0013761520386,-0.12895545,
2254,1537.642466545105,-0.17118785,
2255,1538.2837800979614,-0.098422386,
2256,1538.9258408546448,-0.063102365,
2257,1539.5675537586212,-0.28510493,
2258,1540.2091512680054,-0.053182717,
2259,1540.8513567447662,-0.04784085,
2260,1541.4924154281616,-0.035651125,
2261,1542.1342024803162,-0.17809415,
2262,1542.7763540744781,-0.07401294,
2263,1543.417442560196,-0.06788953,
2264,1544.0590867996216,-0.0657683,
2265,1544.7008509635925,-0.21040928,
2266,1545.342399597168,-0.13801602,
2267,1545.9833548069,-0.1563248,
2268,1546.6243388652802,-0.028045278,
2269,1547.264172554016,-0.2290407,
2270,1547.9040505886078,-0.14096656,
2271,1548.5442698001862,-0.1229431,
2272,1549.1841940879822,-0.115883306,
2273,1549.8254358768463,-0.10180582,
2274,1550.4651935100555,-0.15985979,
2275,1551.0944933891296,-0.01762997,
2276,1552.7078847885132,-0.14993031,
2277,1553.3548421859741,-0.3268022,
2278,1554.0019176006317,-0.041727733,
2279,1554.6486847400665,-0.27861667,
2280,1555.2946529388428,-0.08990588,
2281,1555.940904378891,-0.08392028,
2282,1556.587465763092,-0.120883115,
2283,1557.2340812683105,-0.16931549,
2284,1557.8804757595062,-0.15938145,
2285,1558.5270206928253,-0.12930535,
2286,1559.1773698329926,-0.19370982,
2287,1559.8237791061401,-0.22825705,
2288,1560.471354007721,-0.139231,
2289,1561.1185293197632,-0.06347755,
2290,1561.765442609787,-0.101940826,
2291,1562.4123661518097,-0.08580993,
2292,1563.0589566230774,-0.07876087,
2293,1563.7048604488373,-0.17155951,
2294,1564.3513658046722,-0.14004584,
2295,1564.9978194236755,-0.33868998,
2296,1565.642935037613,-0.08274456,
2297,1566.2895193099976,-0.111482024,
2298,1566.935433626175,-0.11011706,
2299,1567.5806090831757,-0.1334283,
2300,1568.7270028591156,-0.026925413,
2301,1570.2320563793182,-0.13258064,
2302,1570.8734731674194,-0.13861257,
2303,1571.5158021450043,-0.09101365,
2304,1572.159292936325,-0.31666118,
2305,1572.8017275333405,-0.07480048,
2306,1573.4442319869995,-0.13260186,
2307,1574.086983203888,-0.08488724,
2308,1574.7290337085724,-0.098143265,
2309,1575.3722169399261,-0.07229963,
2310,1576.0155248641968,-0.14460407,
2311,1576.6578929424286,-0.07496772,
2312,1577.3001592159271,-0.13354097,
2313,1577.9427580833435,-0.1077179,
2314,1578.5846936702728,-0.038541928,
2315,1579.2269625663757,-0.11388023,
2316,1579.8694677352905,-0.21421354,
2317,1580.5113394260406,-0.113561675,
2318,1581.154019832611,-0.25793797,
2319,1581.7956938743591,-0.14101683,
2320,1582.4376828670502,-0.1051317,
2321,1583.080988407135,-0.07815475,
2322,1583.7227945327759,-0.071446426,
2323,1584.3652169704437,-0.07676311,
2324,1585.0088346004486,-0.106177226,
2325,1585.6397507190704,-0.08034326,
2326,1587.0860052108765,-0.08395435,
2327,1587.7285323143005,-0.16758141,
2328,1588.3728201389313,-0.12223076,
2329,1589.0166537761688,-0.14728929,
2330,1589.6592042446136,-0.09048404,
2331,1590.302123785019,-0.10452231,
2332,1590.9453701972961,-0.13044555,
2333,1591.5907459259033,-0.03131607,
2334,1592.2350146770477,-0.11638255,
2335,1592.8781917095184,-0.10706175,
2336,1593.5210444927216,-0.14426482,
2337,1594.1656386852264,-0.2542906,
2338,1594.8084540367126,-0.091646075,
2339,1595.4512004852295,-0.10094643,
2340,1596.0947279930115,-0.1639397,
2341,1596.737312555313,-0.2530539,
2342,1597.3796515464783,-0.042181287,
2343,1598.0224843025208,-0.114832416,
2344,1598.6649134159088,-0.0702198,
2345,1599.3071372509003,-0.06698598,
2346,1599.9504461288452,-0.18525843,
2347,1600.5922181606293,-0.028213032,
2348,1601.2352931499481,-0.1013019,
2349,1601.8783173561096,-0.11058875,
2350,1602.5097467899323,-0.079249896,
2351,1604.070736169815,-0.09499252,
2352,1604.7143907546997,-0.1784682,
2353,1605.3595893383026,-0.11023289,
2354,1606.0034639835358,-0.26098877,
2355,1606.6463990211487,-0.17390248,
2356,1607.2904214859009,-0.097598724,
2357,1607.9336276054382,-0.118214086,
2358,1608.5775916576385,-0.13894546,
2359,1609.221773147583,-0.084428765,
2360,1609.8660361766815,-0.15100574,
2361,1610.510393857956,-0.17565894,
2362,1611.15460896492,-0.09195137,
2363,1611.7988545894623,-0.1910806,
2364,1612.4440035820007,-0.08924125,
2365,1613.088181734085,-0.11227012,
2366,1613.732010126114,-0.20134303,
2367,1614.376439332962,-0.067137964,
2368,1615.0196425914764,-0.07699968,
2369,1615.6618440151215,-0.28485286,
2370,1616.3041405677795,-0.24079403,
2371,1616.946455001831,-0.07432042,
2372,1617.5888528823853,-0.23394941,
2373,1618.2322595119476,-0.1852603,
2374,1618.8744339942932,-0.18103835,
2375,1619.5053074359894,-0.15115973,
2376,1621.0303292274475,-0.10407346,
2377,1621.6713047027588,-0.17425932,
2378,1622.3136579990387,-0.282591,
2379,1622.9553303718567,-0.05527863,
2380,1623.5975909233093,-0.2756016,
2381,1624.238753080368,-0.0339217,
2382,1624.8809571266174,-0.073820874,
2383,1625.5228407382965,-0.13672963,
2384,1626.1646192073822,-0.13163348,
2385,1626.80722117424,-0.23560089,
2386,1627.4501864910126,-0.1276755,
2387,1628.0920686721802,-0.101604365,
2388,1628.736224412918,-0.115552455,
2389,1629.3809728622437,-0.07424351,
2390,1630.0249192714691,-0.10102719,
2391,1630.6693818569183,-0.08416349,
2392,1631.314044713974,-0.113208465,
2393,1631.95738530159,-0.07829199,
2394,1632.6003363132477,-0.048816845,
2395,1633.2435655593872,-0.16265178,
2396,1633.8866119384766,-0.044030532,
2397,1634.5299904346466,-0.14853966,
2398,1635.173237323761,-0.05524104,
2399,1635.815951347351,-0.09184114,
2400,1636.9540841579437,-0.07403928,
2401,1638.4432744979858,-0.112402074,
2402,1639.0840239524841,-0.17920268,
2403,1639.726550579071,-0.090164475,
2404,1640.3694925308228,-0.25133643,
2405,1641.0111310482025,-0.2299107,
2406,1641.652971982956,-0.07540008,
2407,1642.2945246696472,-0.13885906,
2408,1642.936810016632,-0.03998264,
2409,1643.578624010086,-0.09213346,
2410,1644.2216699123383,-0.26276147,
2411,1644.8643553256989,-0.084869176,
2412,1645.5103516578674,-0.034459777,
2413,1646.1531615257263,-0.13293615,
2414,1646.7958312034607,-0.14304279,
2415,1647.438260793686,-0.13379392,
2416,1648.0814180374146,-0.103719264,
2417,1648.7235519886017,-0.072714165,
2418,1649.3665127754211,-0.14474075,
2419,1650.0085411071777,-0.044565506,
2420,1650.6503736972809,-0.05272899,
2421,1651.292495250702,-0.2865102,
2422,1651.9346318244934,-0.17437604,
2423,1652.5764510631561,-0.097128235,
2424,1653.219087600708,-0.1601087,
2425,1653.8489758968353,-0.13796724,
2426,1655.2862753868103,-0.23975499,
2427,1655.9291653633118,-0.068447076,
2428,1656.573718070984,-0.06252803,
2429,1657.2186405658722,-0.13861337,
2430,1657.8622438907623,-0.12716115,
2431,1658.5072045326233,-0.11871654,
2432,1659.1523141860962,-0.12048645,
2433,1659.7964749336243,-0.072266005,
2434,1660.4409613609314,-0.08907323,
2435,1661.0850086212158,-0.13242841,
2436,1661.7283523082733,-0.23904312,
2437,1662.3727073669434,-0.11017263,
2438,1663.0174670219421,-0.18028083,
2439,1663.661066532135,-0.097196296,
2440,1664.3045864105225,-0.11148839,
2441,1664.9484512805939,-0.07499549,
2442,1665.5924198627472,-0.045142625,
2443,1666.2348003387451,-0.039114594,
2444,1666.8776280879974,-0.17293315,
2445,1667.520602464676,-0.20964926,
2446,1668.1634838581085,-0.09034387,
2447,1668.8063170909882,-0.10437812,
2448,1669.4493346214294,-0.07953378,
2449,1670.0930242538452,-0.09039044,
2450,1670.7239725589752,-0.036418796,
2451,1672.258306503296,-0.18342245,
2452,1672.9015419483185,-0.016968437,
2453,1673.5467166900635,-0.07020777,
2454,1674.1904854774475,-0.09294641,
2455,1674.8338840007782,-0.1984235,
2456,1675.4776346683502,-0.056674372,
2457,1676.1209542751312,-0.16374835,
2458,1676.764636516571,-0.103638895,
2459,1677.4077832698822,-0.03942076,
2460,1678.0507454872131,-0.101492316,
2461,1678.6946609020233,-0.17528874,
2462,1679.3389041423798,-0.14114685,
2463,1679.9823682308197,-0.17452775,
2464,1680.6273610591888,-0.052165758,
2465,1681.271413564682,-0.13859218,
2466,1681.9156875610352,-0.10576412,
2467,1682.5600323677063,-0.064614855,
2468,1683.2042303085327,-0.1172521,
2469,1683.8470795154572,-0.1942819,
2470,1684.491017818451,-0.118127905,
2471,1685.1347341537476,-0.043444864,
2472,1685.7778511047363,-0.18551993,
2473,1686.4208555221558,-0.059657495,
2474,1687.0630655288696,-0.10759829,
2475,1687.6943593025208,-0.13866708,
2476,1689.2306184768677,-0.097436965,
2477,1689.8762619495392,-0.0475201,
2478,1690.5231103897095,-0.1271032,
2479,1691.1700217723846,-0.05348541,
2480,1691.817075252533,-0.03877233,
2481,1692.4643232822418,-0.16567862,
2482,1693.1108646392822,-0.10652798,
2483,1693.7572691440582,-0.122525774,
2484,1694.4039890766144,-0.115061164,
2485,1695.0500888824463,-0.045876317,
2486,1695.696030139923,-0.16862662,
2487,1696.3421792984009,-0.097837605,
2488,1696.9884259700775,-0.07430654,
2489,1697.6348781585693,-0.14939933,
2490,1698.2810697555542,-0.035830252,
2491,1698.927362203598,-0.08420603,
2492,1699.573796749115,-0.049298733,
2493,1700.2188436985016,-0.15170714,
2494,1700.8651950359344,-0.24543954,
2495,1701.511041879654,-0.15668912,
2496,1702.1558911800385,-0.09780991,
2497,1702.8015134334564,-0.093104675,
2498,1703.4472727775574,-0.04890987,
2499,1704.09277009964,-0.06943951,
2500,1705.242521762848,-0.050011106,
2501,1706.745548248291,-0.06024299,
2502,1707.3863973617554,-0.07181648,
2503,1708.0265867710114,-0.035603084,
2504,1708.6668412685394,-0.14946002,
2505,1709.3074209690094,-0.22224376,
2506,1709.9471068382263,-0.06286182,
2507,1710.5864849090576,-0.10940309,
2508,1711.226718902588,-0.19798613,
2509,1711.8671851158142,-0.09775542,
2510,1712.5089948177338,-0.13450854,
2511,1713.1493022441864,-0.05183199,
2512,1713.789363861084,-0.07593265,
2513,1714.429930448532,-0.04012423,
2514,1715.0732898712158,-0.2069157,
2515,1715.7151410579681,-0.12538636,
2516,1716.356214761734,-0.08573793,
2517,1716.9964482784271,-0.074580245,
2518,1717.6375651359558,-0.12066789,
2519,1718.2777500152588,-0.09221698,
2520,1718.9176325798035,-0.14567241,
2521,1719.5571937561035,-0.10353441,
2522,1720.19708609581,-0.17123996,
2523,1720.8362798690796,-0.05882971,
2524,1721.4753534793854,-0.027744986,
2525,1722.1040902137756,-0.15850168,
2526,1723.6007521152496,-0.08943664,
2527,1724.245821237564,-0.20349714,
2528,1724.8924398422241,-0.07132757,
2529,1725.5393223762512,-0.116432354,
2530,1726.184621810913,-0.059450217,
2531,1726.8308820724487,-0.101423815,
2532,1727.4775652885437,-0.066807896,
2533,1728.1230201721191,-0.08747912,
2534,1728.7692971229553,-0.06935041,
2535,1729.41508603096,-0.032830283,
2536,1730.060916185379,-0.25160885,
2537,1730.7066493034363,-0.058097705,
2538,1731.3529884815216,-0.07233483,
2539,1732.0014882087708,-0.11256917,
2540,1732.6472427845001,-0.124807715,
2541,1733.2923738956451,-0.071629934,
2542,1733.9383862018585,-0.05972044,
2543,1734.5843288898468,-0.10992138,
2544,1735.2291028499603,-0.1749227,
2545,1735.8737518787384,-0.15033004,
2546,1736.5188353061676,-0.07028841,
2547,1737.1637589931488,-0.018685997,
2548,1737.8093786239624,-0.0763935,
2549,1738.4553599357605,-0.0106428955,
2550,1739.0893893241882,-0.073037535,
2551,1740.609346628189,-0.113910094,
2552,1741.2508661746979,-0.032800786,
2553,1741.8933925628662,-0.088030756,
2554,1742.5352530479431,-0.190824,
2555,1743.1767268180847,-0.10984354,
2556,1743.818702697754,-0.03506786,
2557,1744.4601924419403,-0.081885904,
2558,1745.1019995212555,-0.045496035,
2559,1745.743975162506,-0.08438422,
2560,1746.3862354755402,-0.10949433,
2561,1747.0281202793121,-0.1141045,
2562,1747.6705141067505,-0.106289536,
2563,1748.3122429847717,-0.19705537,
2564,1748.9546027183533,-0.046669275,
2565,1749.5986592769623,-0.090082854,
2566,1750.2430386543274,-0.062049344,
2567,1750.8870975971222,-0.113050535,
2568,1751.5309164524078,-0.07521812,
2569,1752.1735672950745,-0.04387309,
2570,1752.8174064159393,-0.16426879,
2571,1753.4611594676971,-0.07712537,
2572,1754.1040470600128,-0.20642719,
2573,1754.7472217082977,-0.11346653,
2574,1755.3902904987335,-0.037453003,
2575,1756.0217590332031,-0.020819793,
2576,1757.6045966148376,-0.022707617,
2577,1758.2522807121277,-0.16121294,
2578,1758.900217294693,-0.08810564,
2579,1759.5476405620575,-0.071185134,
2580,1760.1964492797852,-0.14961651,
2581,1760.8445732593536,-0.073555164,
2582,1761.4912264347076,-0.15702623,
2583,1762.1391298770905,-0.046949297,
2584,1762.786925792694,-0.2560994,
2585,1763.4336800575256,-0.053077288,
2586,1764.0822105407715,-0.13853039,
2587,1764.729552745819,-0.11612667,
2588,1765.377674818039,-0.0820242,
2589,1766.0254690647125,-0.025171446,
2590,1766.6731493473053,-0.26027384,
2591,1767.3213155269623,-0.07662693,
2592,1767.9699625968933,-0.0840714,
2593,1768.6162712574005,-0.17777815,
2594,1769.2625558376312,-0.11105329,
2595,1769.9093379974365,-0.15464628,
2596,1770.556159734726,-0.116548225,
2597,1771.2025587558746,-0.08199127,
2598,1771.8494069576263,-0.045636877,
2599,1772.4973204135895,-0.19624585,
2600,1773.6504855155945,-0.12871122,
2601,1775.1963403224945,-0.2969936,
2602,1775.8398177623749,-0.10558091,
2603,1776.485301733017,-0.124806866,
2604,1777.1332762241364,-0.11423738,
2605,1777.7795820236206,-0.11151025,
2606,1778.4248919487,-0.11029925,
2607,1779.0714309215546,-0.061076485,
2608,1779.7175052165985,-0.054755785,
2609,1780.3643622398376,-0.05665462,
2610,1781.009626865387,-0.052347355,
2611,1781.6548838615417,-0.11833048,
2612,1782.3000826835632,-0.17859021,
2613,1782.9455943107605,-0.10690653,
2614,1783.5904865264893,-0.022343501,
2615,1784.2357668876648,-0.093891,
2616,1784.881078004837,-0.22679465,
2617,1785.5257892608643,-0.16165748,
2618,1786.1698620319366,-0.094791286,
2619,1786.8139400482178,-0.06110997,
2620,1787.45734167099,-0.0733901,
2621,1788.1018104553223,-0.1839152,
2622,1788.7456619739532,-0.15455973,
2623,1789.3899602890015,-0.0672845,
2624,1790.0351383686066,-0.136142,
2625,1790.6688587665558,-0.04184704,
2626,1792.181823015213,-0.063730136,
2627,1792.8213515281677,-0.06979803,
2628,1793.4630291461945,-0.08353889,
2629,1794.1035113334656,-0.13409884,
2630,1794.7431435585022,-0.14182213,
2631,1795.383814573288,-0.09645688,
2632,1796.0242063999176,-0.071510375,
2633,1796.6643629074097,-0.1061068,
2634,1797.304678440094,-0.06394181,
2635,1797.9452884197235,-0.15928268,
2636,1798.5851979255676,-0.10639572,
2637,1799.22509431839,-0.10498068,
2638,1799.8642179965973,-0.06369488,
2639,1800.5036735534668,-0.068080604,
2640,1801.1435878276825,-0.12668975,
2641,1801.7830283641815,-0.060900122,
2642,1802.422435760498,-0.13070732,
2643,1803.0625801086426,-0.12915939,
2644,1803.7000052928925,-0.06865762,
2645,1804.3382470607758,-0.18783602,
2646,1804.9760572910309,-0.06802905,
2647,1805.61359333992,-0.09229822,
2648,1806.2515337467194,-0.10975642,
2649,1806.8905560970306,-0.0836652,
2650,1807.517195224762,-0.12307227,
2651,1808.996285200119,-0.22236201,
2652,1809.6382541656494,-0.04758051,
2653,1810.2821333408356,-0.10508786,
2654,1810.9282541275024,-0.24171782,
2655,1811.5749263763428,-0.055961963,
2656,1812.222562789917,-0.07686019,
2657,1812.8702323436737,-0.1543822,
2658,1813.5164787769318,-0.13244641,
2659,1814.163869857788,-0.14141029,
2660,1814.8105490207672,-0.12187083,
2661,1815.458156824112,-0.07034194,
2662,1816.1058268547058,-0.06925581,
2663,1816.7527742385864,-0.055109873,
2664,1817.4005215168,-0.06456076,
2665,1818.0476820468903,-0.13375933,
2666,1818.6944682598114,-0.025589854,
2667,1819.341383934021,-0.03454554,
2668,1819.9876687526703,-0.12672454,
2669,1820.6344530582428,-0.030927489,
2670,1821.2812736034393,-0.15241632,
2671,1821.928227186203,-0.07110125,
2672,1822.5746002197266,-0.10617927,
2673,1823.2211754322052,-0.15387182,
2674,1823.8673412799835,-0.12180059,
2675,1824.5013692378998,-0.05645448,
2676,1826.0524771213531,-0.014609944,
2677,1826.6930882930756,-0.14846294,
2678,1827.3367607593536,-0.10175726,
2679,1827.9780724048615,-0.1298478,
2680,1828.6188688278198,-0.10096146,
2681,1829.25962972641,-0.049493074,
2682,1829.9002604484558,-0.11314203,
2683,1830.5418124198914,-0.08807511,
2684,1831.1833817958832,-0.07975947,
2685,1831.824200630188,-0.09658505,
2686,1832.4654469490051,-0.069035254,
2687,1833.1069128513336,-0.09193797,
2688,1833.7482242584229,-0.14896622,
2689,1834.3901853561401,-0.073166355,
2690,1835.0310459136963,-0.07898736,
2691,1835.6722054481506,-0.027358033,
2692,1836.3128373622894,-0.054965213,
2693,1836.9530291557312,-0.10598876,
2694,1837.5951223373413,-0.038784314,
2695,1838.2359292507172,-0.057789613,
2696,1838.8763358592987,-0.16374518,
2697,1839.5171372890472,-0.054829236,
2698,1840.1580231189728,-0.0026541718,
2699,1840.79794049263,-0.06802429,
2700,1841.9360127449036,-0.14929312,
2701,1843.4729759693146,-0.08774363,
2702,1844.1204595565796,-0.14111963,
2703,1844.7684576511383,-0.17637847,
2704,1845.4165494441986,-0.08540556,
2705,1846.0637905597687,-0.11887143,
2706,1846.7111494541168,-0.025702048,
2707,1847.358965396881,-0.040208742,
2708,1848.0062718391418,-0.11013378,
2709,1848.6548011302948,-0.091697514,
2710,1849.3031454086304,-0.06331523,
2711,1849.950161933899,-0.05390867,
2712,1850.5978558063507,-0.0913177,
2713,1851.2464921474457,-0.053415492,
2714,1851.8935160636902,-0.054488078,
2715,1852.5416860580444,-0.0919322,
2716,1853.1909456253052,-0.10628617,
2717,1853.83891415596,-0.07613716,
2718,1854.486917257309,-0.115759715,
2719,1855.1348876953125,-0.05573351,
2720,1855.7835414409637,-0.05506493,
2721,1856.430897474289,-0.15018646,
2722,1857.078414440155,-0.18144979,
2723,1857.7255980968475,-0.079922035,
2724,1858.372462272644,-0.059794616,
2725,1859.0093796253204,-0.038330305,
2726,1860.5278623104095,-0.046027023,
2727,1861.1709852218628,-0.13287656,
2728,1861.8152453899384,-0.03537269,
2729,1862.4602794647217,-0.06927222,
2730,1863.1044363975525,-0.09245837,
2731,1863.7486431598663,-0.06021773,
2732,1864.3930718898773,-0.24199902,
2733,1865.035831451416,-0.019856667,
2734,1865.6791808605194,-0.12569106,
2735,1866.3229982852936,-0.04248322,
2736,1866.9667103290558,-0.10683398,
2737,1867.6104834079742,-0.10211353,
2738,1868.2547085285187,-0.0745559,
2739,1868.898258447647,-0.15793134,
2740,1869.542362689972,-0.084879726,
2741,1870.1861340999603,-0.12476006,
2742,1870.8297448158264,-0.06678221,
2743,1871.4732086658478,-0.11667383,
2744,1872.1171350479126,-0.21362746,
2745,1872.7610666751862,-0.058913108,
2746,1873.4045691490173,-0.023859557,
2747,1874.0481326580048,-0.045017518,
2748,1874.6919043064117,-0.29958594,
2749,1875.3369100093842,-0.07021451,
2750,1875.969373703003,-0.07456584,
2751,1877.5395965576172,-0.1970919,
2752,1878.178411245346,-0.07431216,
2753,1878.818237543106,-0.10777575,
2754,1879.4581654071808,-0.059608202,
2755,1880.0980577468872,-0.061649352,
2756,1880.7387056350708,-0.0534983,
2757,1881.3785927295685,-0.087994665,
2758,1882.01855301857,-0.04659491,
2759,1882.6611800193787,-0.08753953,
2760,1883.3012535572052,-0.074673735,
2761,1883.9407696723938,-0.03701505,
2762,1884.5807328224182,-0.092746675,
2763,1885.221358537674,-0.04329178,
2764,1885.8625090122223,-0.026365692,
2765,1886.5032300949097,-0.062217105,
2766,1887.1433365345001,-0.09478347,
2767,1887.78426861763,-0.10290854,
2768,1888.4240627288818,-0.10381558,
2769,1889.063061952591,-0.08807897,
2770,1889.7027876377106,-0.078020744,
2771,1890.3432276248932,-0.058984496,
2772,1890.982647895813,-0.04913609,
2773,1891.622211933136,-0.066560715,
2774,1892.262686252594,-0.085632816,
2775,1892.8908360004425,-0.051543925,
2776,1894.4570174217224,-0.08105989,
2777,1895.0994341373444,-0.18178974,
2778,1895.7432489395142,-0.046306152,
2779,1896.3853814601898,-0.18035762,
2780,1897.0284554958344,-0.037228193,
2781,1897.6709694862366,-0.055141695,
2782,1898.3132827281952,-0.02274892,
2783,1898.9549462795258,-0.059216563,
2784,1899.597072839737,-0.1962995,
2785,1900.2392272949219,-0.049130686,
2786,1900.8813698291779,-0.12440435,
2787,1901.5233964920044,-0.066491,
2788,1902.1659643650055,-0.15137726,
2789,1902.808429479599,-0.1229606,
2790,1903.4511106014252,-0.028798398,
2791,1904.093509197235,-0.06351919,
2792,1904.7362809181213,-0.090403266,
2793,1905.3788607120514,-0.015805878,
2794,1906.0212655067444,-0.08117945,
2795,1906.6636338233948,-0.086847804,
2796,1907.3064923286438,-0.051996194,
2797,1907.948315858841,-0.18316689,
2798,1908.5908598899841,-0.037063304,
2799,1909.2333590984344,-0.069298446,
2800,1910.3738918304443,-0.07456958,
2801,1911.8934543132782,-0.082676396,
2802,1912.5413966178894,-0.1271493,
2803,1913.1907694339752,-0.0800779,
2804,1913.843516588211,-0.20008998,
2805,1914.4934430122375,-0.033758152,
2806,1915.141728401184,-0.079412684,
2807,1915.7907371520996,-0.16864985,
2808,1916.4396274089813,-0.102173485,
2809,1917.0877690315247,-0.052342936,
2810,1917.7355387210846,-0.09344043,
2811,1918.3830704689026,-0.12789504,
2812,1919.030368089676,-0.05325391,
2813,1919.6785073280334,-0.05640794,
2814,1920.326161623001,-0.12004608,
2815,1920.9738247394562,-0.053752415,
2816,1921.622453212738,-0.0995778,
2817,1922.270919084549,-0.0843519,
2818,1922.9191145896912,-0.11496168,
2819,1923.5679500102997,-0.111193985,
2820,1924.2160921096802,-0.16804026,
2821,1924.8643531799316,-0.10325224,
2822,1925.5128989219666,-0.08414263,
2823,1926.1603841781616,-0.023640886,
2824,1926.808198928833,-0.07503477,
2825,1927.4450817108154,-0.056692883,
2826,1928.9397168159485,-0.13495113,
2827,1929.5831186771393,-0.05312445,
2828,1930.2272553443909,-0.056538947,
2829,1930.8718526363373,-0.032427344,
2830,1931.5151607990265,-0.07809892,
2831,1932.1580250263214,-0.08297844,
2832,1932.801619052887,-0.05912111,
2833,1933.4453449249268,-0.19383998,
2834,1934.0879592895508,-0.014340925,
2835,1934.731332063675,-0.0795366,
2836,1935.373509645462,-0.10535164,
2837,1936.0164322853088,-0.06130532,
2838,1936.658189535141,-0.100064434,
2839,1937.300211906433,-0.0820792,
2840,1937.9429297447205,-0.07015854,
2841,1938.5856354236603,-0.003274339,
2842,1939.2281746864319,-0.09218204,
2843,1939.8702459335327,-0.06055186,
2844,1940.5130288600922,-0.0870089,
2845,1941.1548945903778,-0.15506074,
2846,1941.7977101802826,-0.07710361,
2847,1942.4406335353851,-0.12746039,
2848,1943.0822448730469,-0.045635946,
2849,1943.7244584560394,-0.058616154,
2850,1944.3554813861847,-0.0511898,
2851,1945.8514161109924,-0.06800762,
2852,1946.4938237667084,-0.0023902499,
2853,1947.1380198001862,-0.051229443,
2854,1947.7827653884888,-0.10988727,
2855,1948.426483631134,-0.1486226,
2856,1949.0705108642578,-0.10999596,
2857,1949.7151584625244,-0.10886879,
2858,1950.3588588237762,-0.08109553,
2859,1951.0042459964752,-0.05088509,
2860,1951.6491913795471,-0.10688677,
2861,1952.292989730835,-0.03152512,
2862,1952.9372448921204,-0.11252119,
2863,1953.5818433761597,-0.111883,
2864,1954.2255997657776,-0.03239603,
2865,1954.8702018260956,-0.07996065,
2866,1955.5141596794128,-0.06414275,
2867,1956.1593112945557,-0.0060335523,
2868,1956.8038728237152,-0.020988218,
2869,1957.4481003284454,-0.061507963,
2870,1958.09188747406,-0.14721301,
2871,1958.7357993125916,-0.051430337,
2872,1959.3792345523834,-0.010034483,
2873,1960.0223729610443,-0.0733092,
2874,1960.6675112247467,-0.045507632,
2875,1961.2997417449951,-0.16165973,
2876,1962.871539592743,-0.108294606,
2877,1963.5155851840973,-0.03233853,
2878,1964.1603803634644,-0.014749384,
2879,1964.8047358989716,-0.082624875,
2880,1965.5530619621277,-0.096913375,
2881,1966.197502374649,-0.048316907,
2882,1966.8415434360504,-0.1439161,
2883,1967.4856276512146,-0.071465425,
2884,1968.1299457550049,-0.1635978,
2885,1968.773600101471,-0.09857445,
2886,1969.4174404144287,-0.023362327,
2887,1970.063154220581,-0.12282838,
2888,1970.7058374881744,-0.102929205,
2889,1971.3477621078491,-0.1016857,
2890,1971.989753961563,-0.036156468,
2891,1972.6310160160065,-0.09303242,
2892,1973.2730252742767,-0.06671766,
2893,1973.9142363071442,-0.028647276,
2894,1974.5547649860382,-0.060294803,
2895,1975.1964645385742,-0.040563554,
2896,1975.8389194011688,-0.1543001,
2897,1976.4802072048187,-0.06823382,
2898,1977.1218893527985,-0.06860859,
2899,1977.7632846832275,-0.01409821,
2900,1978.9040610790253,-0.039096676,
2901,1980.4460697174072,-0.13010645,
2902,1981.090862751007,-0.12058581,
2903,1981.7363111972809,-0.117206894,
2904,1982.3812263011932,-0.14812687,
2905,1983.0268874168396,-0.068640664,
2906,1983.6713094711304,-0.11940566,
2907,1984.3159220218658,-0.038128812,
2908,1984.9607484340668,-0.024484016,
2909,1985.6041674613953,-0.15796593,
2910,1986.2467834949493,-0.06354166,
2911,1986.8899857997894,-0.12269445,
2912,1987.5322415828705,-0.03574887,
2913,1988.175354719162,-0.24993788,
2914,1988.8184466362,-0.037008192,
2915,1989.4615001678467,-0.12569533,
2916,1990.1043064594269,-0.0026413696,
2917,1990.747793674469,-0.044229995,
2918,1991.3892798423767,-0.05087988,
2919,1992.0318536758423,-0.057773918,
2920,1992.6733620166779,-0.033826783,
2921,1993.3165137767792,-0.028064653,
2922,1993.9611194133759,-0.08529357,
2923,1994.6046769618988,-0.066223845,
2924,1995.248941898346,-0.1405505,
2925,1995.882295846939,-0.15389116,
2926,1997.382512807846,-0.100400016,
2927,1998.0235447883606,-0.19637166,
2928,1998.665631532669,-0.025203269,
2929,1999.3082621097565,-0.13894887,
2930,1999.9507830142975,-0.06868977,
2931,2000.5921013355255,-0.071880855,
2932,2001.234833240509,-0.05146403,
2933,2001.877252817154,-0.14822096,
2934,2002.519326210022,-0.09151545,
2935,2003.1621799468994,-0.030212719,
2936,2003.8047285079956,-0.1528787,
2937,2004.4476692676544,-0.07431173,
2938,2005.090641260147,-0.0844067,
2939,2005.7344448566437,-0.011129372,
2940,2006.3771831989288,-0.13521323,
2941,2007.0203878879547,-0.120791316,
2942,2007.6642107963562,-0.08356967,
2943,2008.306309223175,-0.041176833,
2944,2008.9518737792969,-0.15830764,
2945,2009.5941185951233,-0.09510317,
2946,2010.2364134788513,-0.05066044,
2947,2010.878676891327,-0.017604344,
2948,2011.520220041275,-0.12555985,
2949,2012.16175532341,-0.07590789,
2950,2012.7925701141357,-0.08753466,
2951,2014.3423857688904,-0.046676215,
2952,2014.981402873993,-0.09043619,
2953,2015.6208732128143,-0.046411783,
2954,2016.2611355781555,-0.07610455,
2955,2016.9001755714417,-0.049382184,
2956,2017.5395774841309,-0.035718076,
2957,2018.1801083087921,-0.040503908,
2958,2018.8193452358246,-0.12649359,
2959,2019.4583792686462,-0.17132431,
2960,2020.0981583595276,-0.02637893,
2961,2020.7369139194489,-0.0459942,
2962,2021.3764579296112,-0.049076796,
2963,2022.0169422626495,-0.11928144,
2964,2022.6566090583801,-0.045493614,
2965,2023.296114206314,-0.11732327,
2966,2023.936333656311,-0.0415874,
2967,2024.576628446579,-0.122727305,
2968,2025.2158427238464,-0.11840244,
2969,2025.855043888092,-0.039584666,
2970,2026.4939568042755,-0.19289489,
2971,2027.133155822754,-0.06634525,
2972,2027.7720198631287,-0.071199924,
2973,2028.4104142189026,-0.06527971,
2974,2029.0490326881409,-0.10173906,
2975,2029.6760532855988,-0.09959346,
2976,2031.2451090812683,-0.0805676,
2977,2031.882868051529,-0.14567292,
2978,2032.5224251747131,-0.025977965,
2979,2033.162768125534,-0.0773834,
2980,2033.8011708259583,-0.055864383,
2981,2034.441214799881,-0.028644403,
2982,2035.081092596054,-0.08748621,
2983,2035.7203724384308,-0.020483179,
2984,2036.3592529296875,-0.07093879,
2985,2036.9989972114563,-0.13098818,
2986,2037.6381759643555,-0.14623362,
2987,2038.2771298885345,-0.073864624,
2988,2038.9163553714752,-0.14816299,
2989,2039.5551126003265,-0.051324137,
2990,2040.194081544876,-0.054040454,
2991,2040.8337819576263,-0.05216349,
2992,2041.4722084999084,-0.0529949,
2993,2042.1111800670624,-0.057969905,
2994,2042.7498772144318,-0.12265414,
2995,2043.3887004852295,-0.023413323,
2996,2044.028383731842,-0.055246532,
2997,2044.667155265808,-0.061924133,
2998,2045.305504322052,-0.124916844,
2999,2045.9444546699524,-0.0638772,
3000,2047.0801072120667,-0.07824007,
3001,2048.6652970314026,-0.04872832,
3002,2049.3044970035553,-0.089836605,
3003,2049.9431943893433,-0.13106546,
3004,2050.5820405483246,-0.088649064,
3005,2051.2207980155945,-0.07883192,
3006,2051.860220193863,-0.05617273,
3007,2052.498982667923,-0.07616786,
3008,2053.139366388321,-0.059433855,
3009,2053.779081583023,-0.06446946,
3010,2054.4185121059418,-0.09758002,
3011,2055.0582637786865,-0.11265245,
3012,2055.697790622711,-0.13475034,
3013,2056.337094068527,-0.09032351,
3014,2056.9774000644684,-0.007961022,
3015,2057.616710424423,-0.075114794,
3016,2058.255675792694,-0.06071819,
3017,2058.8965747356415,-0.021194203,
3018,2059.534767150879,-0.04235563,
3019,2060.1728732585907,-0.027198602,
3020,2060.8117163181305,-0.031554863,
3021,2061.4499616622925,-0.016903033,
3022,2062.088709831238,-0.10382001,
3023,2062.727273464203,-0.1261783,
3024,2063.3660418987274,-0.04160811,
3025,2063.993015050888,-0.087521136,
3026,2065.5591032505035,-0.022334315,
3027,2066.204206228256,-0.11306987,
3028,2066.8498549461365,-0.04931113,
3029,2067.495437145233,-0.05266882,
3030,2068.14168548584,-0.06411275,
3031,2068.787026166916,-0.042129163,
3032,2069.4323287010193,-0.15183021,
3033,2070.077243566513,-0.07033798,
3034,2070.721839904785,-0.03372491,
3035,2071.3665516376495,-0.09927158,
3036,2072.0118548870087,-0.05204779,
3037,2072.657150745392,-0.012439581,
3038,2073.3022384643555,-0.010784829,
3039,2073.948047876358,-0.07818873,
3040,2074.593849658966,-0.14533406,
3041,2075.239947795868,-0.114042595,
3042,2075.8861696720123,-0.105425656,
3043,2076.531567811966,-0.071678095,
3044,2077.1769852638245,-0.030835541,
3045,2077.822236061096,-0.13569364,
3046,2078.4666290283203,-0.09287253,
3047,2079.1118597984314,-0.13172032,
3048,2079.7577364444733,-0.13490042,
3049,2080.4025151729584,-0.054812957,
3050,2081.0365846157074,-0.0051167416,
3051,2082.5873894691467,-0.04370466,
3052,2083.2296946048737,-0.04543595,
3053,2083.8737831115723,-0.04263408,
3054,2084.5198917388916,-0.12808435,
3055,2085.163566827774,-0.049131196,
3056,2085.807466983795,-0.009231648,
3057,2086.4527401924133,-0.104216054,
3058,2087.0961005687714,-0.022894414,
3059,2087.7400822639465,-0.049674336,
3060,2088.3844027519226,-0.1628522,
3061,2089.028569459915,-0.11814904,
3062,2089.672409057617,-0.025444396,
3063,2090.3168609142303,-0.061639067,
3064,2090.961365699768,-0.033412836,
3065,2091.6054167747498,-0.0335427,
3066,2092.2489347457886,-0.1510568,
3067,2092.8937408924103,-0.040556766,
3068,2093.536474943161,-0.060592845,
3069,2094.1800141334534,-0.017572964,
3070,2094.82328081131,-0.11504491,
3071,2095.469455242157,-0.00072049524,
3072,2096.113529920578,-0.10182099,
3073,2096.7568843364716,-0.06645572,
3074,2097.400938510895,-0.056812,
3075,2098.0337958335876,-0.04947759,
3076,2099.631161928177,-0.040704254,
3077,2100.270053625107,-0.0068710344,
3078,2100.910355091095,-0.115891345,
3079,2101.550939798355,-0.19806941,
3080,2102.190847635269,-0.12750015,
3081,2102.831001520157,-0.071337625,
3082,2103.4711248874664,-0.07053884,
3083,2104.1103477478027,-0.056221604,
3084,2104.7497663497925,-0.03462899,
3085,2105.389428138733,-0.10254581,
3086,2106.028698682785,-0.049562182,
3087,2106.6687593460083,-0.0669049,
3088,2107.30837225914,-0.038825512,
3089,2107.9478931427,-0.035776313,
3090,2108.587909936905,-0.08813058,
3091,2109.228639125824,-0.081807144,
3092,2109.867854118347,-0.09458107,
3093,2110.5068821907043,-0.09578248,
3094,2111.146288871765,-0.11926758,
3095,2111.7852578163147,-0.12155721,
3096,2112.4248657226562,-0.033171028,
3097,2113.0636179447174,-0.026155379,
3098,2113.7020032405853,-0.048183717,
3099,2114.3405277729034,-0.09764396,
3100,2115.4747121334076,-0.085329354,
3101,2116.966663837433,-0.038008086,
3102,2117.6048052310944,-0.03644108,
3103,2118.2449095249176,-0.11143536,
3104,2118.884518146515,-0.11633312,
3105,2119.525205850601,-0.11738456,
3106,2120.1641085147858,-0.08821397,
3107,2120.8034789562225,-0.048104458,
3108,2121.442709207535,-0.059882678,
3109,2122.082782268524,-0.01025465,
3110,2122.7215304374695,-0.015351083,
3111,2123.3604781627655,-0.09464919,
3112,2123.9997239112854,-0.23341058,
3113,2124.6386432647705,-0.043160785,
3114,2125.2774341106415,-0.113344096,
3115,2125.9159727096558,-0.07320264,
3116,2126.5537576675415,-0.005387118,
3117,2127.1918501853943,-0.040230997,
3118,2127.830367565155,-0.042866256,
3119,2128.4675652980804,-0.02701664,
3120,2129.1063084602356,-0.02460807,
3121,2129.744545698166,-0.077430315,
3122,2130.382640838623,-0.035230532,
3123,2131.0216941833496,-0.08946001,
3124,2131.6603043079376,-0.13116354,
3125,2132.287521839142,-0.15820502,
3126,2133.7804312705994,-0.033907812,
3127,2134.4223306179047,-0.053077213,
3128,2135.065483570099,-0.10896207,
3129,2135.7077345848083,-0.11045696,
3130,2136.3501148223877,-0.039652217,
3131,2136.9921033382416,-0.023597158,
3132,2137.634202480316,-0.0110527035,
3133,2138.2774863243103,-0.07978729,
3134,2138.9189670085907,-0.017831264,
3135,2139.560346364975,-0.06491141,
3136,2140.202235221863,-0.021780262,
3137,2140.8440594673157,-0.016608799,
3138,2141.4861991405487,-0.016433835,
3139,2142.1288163661957,-0.05393994,
3140,2142.7706146240234,-0.0932499,
3141,2143.41198182106,-0.044065043,
3142,2144.0536477565765,-0.028159052,
3143,2144.694865465164,-0.1536108,
3144,2145.3359892368317,-0.067928314,
3145,2145.9777135849,-0.034475952,
3146,2146.6181349754333,-0.03060925,
3147,2147.2599020004272,-0.099403575,
3148,2147.9011747837067,-0.05139541,
3149,2148.5427668094635,-0.025747294,
3150,2149.1742997169495,-0.062166102,
3151,2150.7888605594635,-0.07719331,
3152,2151.4281754493713,-0.18888453,
3153,2152.0662882328033,-0.043533325,
3154,2152.7052526474,-0.035153244,
3155,2153.34494805336,-0.003866996,
3156,2153.9838178157806,-0.038623553,
3157,2154.6229617595673,-0.023637272,
3158,2155.2629692554474,-0.084143065,
3159,2155.9014875888824,-0.08630544,
3160,2156.540274620056,-0.06325074,
3161,2157.1791303157806,-0.15129218,
3162,2157.817057609558,-0.033809,
3163,2158.4555139541626,-0.034731645,
3164,2159.09401845932,-0.1143843,
3165,2159.7325356006622,-0.0905783,
3166,2160.3711597919464,-0.0799844,
3167,2161.0105957984924,-0.0854483,
3168,2161.648861885071,-0.056968197,
3169,2162.287312746048,-0.15130618,
3170,2162.9257764816284,-0.05001565,
3171,2163.5632271766663,-0.058744777,
3172,2164.2020003795624,-0.03210558,
3173,2164.840143918991,-0.049250633,
3174,2165.47874379158,-0.07534023,
3175,2166.1062812805176,-0.028007386,
3176,2167.6250698566437,-0.029273415,
3177,2168.2677001953125,-0.036234997,
3178,2168.9112870693207,-0.04568821,
3179,2169.5545938014984,-0.023391915,
3180,2170.1972415447235,-0.040320948,
3181,2170.840344429016,-0.034464765,
3182,2171.4846861362457,-0.030672474,
3183,2172.1281538009644,-0.05436497,
3184,2172.771632194519,-0.0129102655,
3185,2173.4158914089203,-0.05450751,
3186,2174.058789730072,-0.052266024,
3187,2174.7022359371185,-0.102498055,
3188,2175.34805560112,-0.033987485,
3189,2175.9927337169647,-0.032934986,
3190,2176.6374411582947,-0.07099013,
3191,2177.283378124237,-0.08067427,
3192,2177.9291212558746,-0.029720604,
3193,2178.5734004974365,-0.056665223,
3194,2179.2177164554596,-0.03875766,
3195,2179.862217903137,-0.11160747,
3196,2180.5066361427307,-0.04508475,
3197,2181.151683807373,-0.1397402,
3198,2181.7979402542114,-0.032615844,
3199,2182.444197654724,-0.045319937,
3200,2183.5925714969635,-0.14904866,
3201,2185.056809902191,-0.03328895,
3202,2185.697871208191,-0.08496383,
3203,2186.340715408325,-0.05585338,
3204,2186.9829609394073,-0.02379555,
3205,2187.625044107437,-0.07364689,
3206,2188.2681918144226,-0.14632164,
3207,2188.9107971191406,-0.053754367,
3208,2189.551857948303,-0.015359056,
3209,2190.194359779358,-0.01140947,
3210,2190.8364086151123,-0.061822575,
3211,2191.478476524353,-0.17670402,
3212,2192.120181083679,-0.018871082,
3213,2192.7628152370453,-0.1000857,
3214,2193.405395269394,-0.14335236,
3215,2194.0473198890686,-0.06644725,
3216,2194.6901063919067,-0.0060379603,
3217,2195.33278799057,-0.020605389,
3218,2195.9747104644775,-0.05034005,
3219,2196.616523504257,-0.13745442,
3220,2197.2586455345154,-0.0719417,
3221,2197.90034365654,-0.047156498,
3222,2198.541906118393,-0.044024646,
3223,2199.1850175857544,-0.025265716,
3224,2199.8271582126617,-0.106355,
3225,2200.4582600593567,-0.08934352,
3226,2202.0142302513123,-0.082012385,
3227,2202.655907392502,-0.07945281,
3228,2203.2990589141846,-0.053989217,
3229,2203.9413084983826,-0.06022624,
3230,2204.583876848221,-0.074826166,
3231,2205.2263708114624,-0.061947208,
3232,2205.867912530899,-0.1202984,
3233,2206.5103707313538,-0.026946623,
3234,2207.151706457138,-0.019344116,
3235,2207.7961502075195,-0.015224942,
3236,2208.4377539157867,-0.077661484,
3237,2209.079585790634,-0.0068662637,
3238,2209.722343683243,-0.04018233,
3239,2210.3665261268616,-0.021717526,
3240,2211.0112059116364,-0.084667325,
3241,2211.656263113022,-0.017046297,
3242,2212.3016324043274,-0.08537847,
3243,2212.9448325634003,-0.0728946,
3244,2213.5876421928406,-0.16161448,
3245,2214.230770111084,-0.047996357,
3246,2214.873271226883,-0.031013757,
3247,2215.516625881195,-0.025521845,
3248,2216.1605472564697,-0.1456441,
3249,2216.803713321686,-0.060098775,
3250,2217.4366970062256,-0.1196067,
3251,2219.0627241134644,-0.03704708,
3252,2219.7051429748535,-0.099594355,
3253,2220.34730052948,-0.037138548,
3254,2220.9892394542694,-0.0805826,
3255,2221.6310770511627,-0.108741134,
3256,2222.2724192142487,-0.004657473,
3257,2222.9138491153717,-0.08911964,
3258,2223.5563352108,-0.056358006,
3259,2224.1970851421356,-0.043430477,
3260,2224.8394696712494,-0.065250866,
3261,2225.482102870941,-0.08682701,
3262,2226.123116493225,-0.12204048,
3263,2226.765801668167,-0.06143275,
3264,2227.408225774765,-0.034263663,
3265,2228.051305294037,-0.10593241,
3266,2228.69465303421,-0.06369975,
3267,2229.337312936783,-0.039946187,
3268,2229.979078054428,-0.08368127,
3269,2230.6224749088287,-0.1265085,
3270,2231.264125585556,-0.07165353,
3271,2231.906132698059,-0.08950283,
3272,2232.5483927726746,-0.045518313,
3273,2233.1903581619263,-0.032880593,
3274,2233.8326308727264,-0.032492284,
3275,2234.463351249695,-0.039014515,
3276,2236.0644953250885,-0.03638972,
3277,2236.7033376693726,-0.025128203,
3278,2237.3431780338287,-0.021835476,
3279,2237.983503341675,-0.15018074,
3280,2238.6228659152985,-0.11867992,
3281,2239.262055873871,-0.028123513,
3282,2239.901931285858,-0.035762295,
3283,2240.5402913093567,-0.057804525,
3284,2241.1798746585846,-0.090412274,
3285,2241.819661617279,-0.09294932,
3286,2242.4583468437195,-0.13663422,
3287,2243.0975444316864,-0.100455284,
3288,2243.7372159957886,-0.026924413,
3289,2244.375412464142,-0.025178403,
3290,2245.0147321224213,-0.10324001,
3291,2245.654016971588,-0.047752474,
3292,2246.292298555374,-0.04863526,
3293,2246.931731939316,-0.09285664,
3294,2247.571233510971,-0.037090186,
3295,2248.2100434303284,-0.011938611,
3296,2248.8481664657593,-0.020289572,
3297,2249.4864177703857,-0.010190019,
3298,2250.1251232624054,-0.028495207,
3299,2250.764394760132,-0.07449287,
3300,2251.899420261383,-0.006800713,
3301,2253.449368238449,-0.06233795,
3302,2254.0889089107513,-0.09774407,
3303,2254.7299840450287,-0.073424004,
3304,2255.369241952896,-0.05208954,
3305,2256.0086114406586,-0.03267234,
3306,2256.6481761932373,-0.053363495,
3307,2257.288132429123,-0.076004036,
3308,2257.928635120392,-0.041980863,
3309,2258.569199323654,-0.03162769,
3310,2259.2078332901,-0.022564216,
3311,2259.8467965126038,-0.008285738,
3312,2260.4870176315308,-0.13611372,
3313,2261.126542329788,-0.035437033,
3314,2261.7674612998962,-0.030126309,
3315,2262.407210588455,-0.08534266,
3316,2263.047208070755,-0.0441532,
3317,2263.686672449112,-0.012069838,
3318,2264.3262960910797,-0.09170199,
3319,2264.965748310089,-0.03160248,
3320,2265.605121612549,-0.046359804,
3321,2266.2451391220093,-0.042806298,
3322,2266.884156703949,-0.039504834,
3323,2267.5235600471497,-0.04496697,
3324,2268.1636571884155,-0.064365834,
3325,2268.790957927704,-0.065237895,
3326,2270.3422062397003,-0.06072776,
3327,2270.9823689460754,-0.0419935,
3328,2271.6237211227417,-0.080429904,
3329,2272.263399362564,-0.08064,
3330,2272.9031665325165,-0.012085764,
3331,2273.5427527427673,-0.046782672,
3332,2274.1821751594543,-0.059039675,
3333,2274.822384595871,-0.050629914,
3334,2275.461977481842,-0.008352416,
3335,2276.1010324954987,-0.065467775,
3336,2276.7404642105103,-0.013226216,
3337,2277.3829407691956,-0.036589142,
3338,2278.0221083164215,-0.084598936,
3339,2278.6615192890167,-0.019453362,
3340,2279.3009700775146,-0.08615146,
3341,2279.9404034614563,-0.116632454,
3342,2280.579813480377,-0.04271301,
3343,2281.2178225517273,-0.048546445,
3344,2281.8555402755737,-0.058210604,
3345,2282.496326446533,-0.06954305,
3346,2283.134872198105,-0.06469619,
3347,2283.7740635871887,-0.021964395,
3348,2284.4141883850098,-0.031648066,
3349,2285.053523540497,-0.09679557,
3350,2285.681806087494,-0.01586597,
3351,2287.236692428589,-0.038598754,
3352,2287.881723880768,-0.08017246,
3353,2288.5273361206055,-0.040102072,
3354,2289.172536611557,-0.0677037,
3355,2289.8177835941315,-0.039383724,
3356,2290.462355852127,-0.036717303,
3357,2291.107136487961,-0.060452785,
3358,2291.7525584697723,-0.042687967,
3359,2292.39710688591,-0.0042059785,
3360,2293.042235136032,-0.11189778,
3361,2293.6885528564453,-0.057572022,
3362,2294.3338873386383,-0.04139846,
3363,2294.9791507720947,-0.12347753,
3364,2295.624497652054,-0.026103228,
3365,2296.2689962387085,-0.0440927,
3366,2296.914451122284,-0.07564278,
3367,2297.5597019195557,-0.043896906,
3368,2298.2035160064697,-0.031406768,
3369,2298.8484177589417,-0.056955718,
3370,2299.4927484989166,-0.031357404,
3371,2300.1366510391235,-0.07533707,
3372,2300.781938314438,-0.04061651,
3373,2301.4269893169403,-0.035346977,
3374,2302.0713024139404,-0.06791853,
3375,2302.7058761119843,-0.07696453,
3376,2304.288265943527,-0.019285347,
3377,2304.93919301033,-0.013647945,
3378,2305.5883276462555,-0.062199857,
3379,2306.2380616664886,-0.07706782,
3380,2306.886143684387,-0.019481614,
3381,2307.5338685512543,-0.02157874,
3382,2308.1835384368896,-0.1287863,
3383,2308.832543849945,-0.043465085,
3384,2309.481867790222,-0.0478828,
3385,2310.1307830810547,-0.06621634,
3386,2310.7794449329376,-0.047279462,
3387,2311.427519083023,-0.033927012,
3388,2312.076560974121,-0.11121034,
3389,2312.724660873413,-0.030405872,
3390,2313.372336626053,-0.027182927,
3391,2314.021539211273,-0.025222234,
3392,2314.6692233085632,-0.023885531,
3393,2315.3169083595276,-0.06766313,
3394,2315.9653816223145,-0.0023187802,
3395,2316.612884283066,-0.10976386,
3396,2317.260905265808,-0.10576842,
3397,2317.9089596271515,-0.044464476,
3398,2318.5566828250885,-0.07465643,
3399,2319.2052953243256,-0.07485828,
3400,2320.3577828407288,-0.04390955,
3401,2321.867701292038,-0.028459428,
3402,2322.5116136074066,-0.12052673,
3403,2323.1566791534424,-0.011505906,
3404,2323.800005674362,-0.07167102,
3405,2324.4438002109528,-0.04087272,
3406,2325.0873169898987,-0.0006678143,
3407,2325.730286836624,-0.065949485,
3408,2326.3735868930817,-0.029751685,
3409,2327.0181987285614,-0.025150007,
3410,2327.661767244339,-0.07046449,
3411,2328.305755138397,-0.06427652,
3412,2328.9502296447754,-0.048877016,
3413,2329.593755722046,-0.033678457,
3414,2330.2378520965576,-0.050483085,
3415,2330.8834805488586,-0.03063726,
3416,2331.5276663303375,-0.004845253,
3417,2332.1726608276367,-0.03464263,
3418,2332.8161249160767,-0.047527947,
3419,2333.4595568180084,-0.057384774,
3420,2334.103231191635,-0.0068668807,
3421,2334.7460510730743,-0.023948453,
3422,2335.3889122009277,-0.04646901,
3423,2336.0334179401398,-0.06873594,
3424,2336.6773171424866,-0.06031754,
3425,2337.3106105327606,-0.08755239,
3426,2338.724501132965,-0.078680955,
3427,2339.3719565868378,-0.054861143,
3428,2340.0203664302826,-0.0013040032,
3429,2340.667325258255,-0.14116456,
3430,2341.314857006073,-0.0006670608,
3431,2341.9625902175903,-0.034687623,
3432,2342.609264612198,-0.0350008,
3433,2343.25661611557,-0.034005366,
3434,2343.903872728348,-0.06317155,
3435,2344.5505623817444,-0.051385187,
3436,2345.197334051132,-0.034143675,
3437,2345.843693971634,-0.06654324,
3438,2346.489450454712,-0.10053257,
3439,2347.1355650424957,-0.07574758,
3440,2347.781648874283,-0.019422974,
3441,2348.4274020195007,-0.07877593,
3442,2349.073604822159,-0.044829756,
3443,2349.7176327705383,-0.04240527,
3444,2350.360983133316,-0.06184192,
3445,2351.0048258304596,-0.061233036,
3446,2351.6482927799225,-0.13785905,
3447,2352.2918734550476,-0.07518576,
3448,2352.9354350566864,-0.063819125,
3449,2353.578621864319,-0.044728663,
3450,2354.21199965477,-0.0724156,
3451,2355.661593437195,-0.106206104,
3452,2356.300137758255,-0.085576266,
3453,2356.939085960388,-0.020718677,
3454,2357.5801095962524,-0.045437224,
3455,2358.220205307007,-0.032866314,
3456,2358.861015319824,-0.026103403,
3457,2359.501033306122,-0.03534169,
3458,2360.143060684204,-0.020737177,
3459,2360.7836277484894,-0.018066302,
3460,2361.4242811203003,-0.04319759,
3461,2362.0649983882904,-0.15446231,
3462,2362.7048292160034,-0.04197233,
3463,2363.345195531845,-0.11085091,
3464,2363.9891526699066,-0.03662544,
3465,2364.6291801929474,-0.075588085,
3466,2365.269321203232,-0.06536621,
3467,2365.909778356552,-0.045868378,
3468,2366.548670768738,-0.027743101,
3469,2367.1881494522095,-0.055474393,
3470,2367.8274857997894,-0.06789819,
3471,2368.466731071472,-0.058613613,
3472,2369.105238676071,-0.06463617,
3473,2369.7447044849396,-0.043298453,
3474,2370.384470462799,-0.06520821,
3475,2371.013344526291,-0.04595671,
3476,2372.5422780513763,-0.0024555554,
3477,2373.1820616722107,-0.06159863,
3478,2373.82173538208,-0.0020365412,
3479,2374.462193965912,-0.080413565,
3480,2375.103717327118,-0.032560337,
3481,2375.7430119514465,-0.018530548,
3482,2376.382575273514,-0.100360096,
3483,2377.0231721401215,-0.132356,
3484,2377.6625797748566,-0.086108394,
3485,2378.302380800247,-0.063884184,
3486,2378.941875934601,-0.05501039,
3487,2379.581547021866,-0.019952511,
3488,2380.2219710350037,-0.018856928,
3489,2380.8619120121,-0.06566964,
3490,2381.501352787018,-0.026172446,
3491,2382.1413865089417,-0.029193848,
3492,2382.7819430828094,-0.02770584,
3493,2383.420531272888,-0.017954344,
3494,2384.059731245041,-0.021870255,
3495,2384.699807882309,-0.054212786,
3496,2385.3390674591064,-0.11226701,
3497,2385.977197408676,-0.030207792,
3498,2386.616763114929,-0.0633889,
3499,2387.2559621334076,-0.005206064,
3500,2388.3927278518677,-0.007874651,
3501,2389.8761518001556,-0.1290571,
3502,2390.515311717987,-0.055194277,
3503,2391.153922557831,-0.010638689,
3504,2391.793178319931,-0.050565764,
3505,2392.432366847992,-0.053168733,
3506,2393.07151556015,-0.013072332,
3507,2393.7095324993134,-0.010883599,
3508,2394.348541021347,-0.015454747,
3509,2394.9872376918793,-0.031112803,
3510,2395.626590490341,-0.053202152,
3511,2396.2663145065308,-0.038225733,
3512,2396.905310153961,-0.057058126,
3513,2397.545263528824,-0.061780516,
3514,2398.184497117996,-0.069430366,
3515,2398.8236212730408,-0.11010879,
3516,2399.46311044693,-0.083842866,
3517,2400.1019020080566,-0.0941469,
3518,2400.740757226944,-0.073541746,
3519,2401.3805689811707,-0.0075542773,
3520,2402.0202465057373,-0.025797863,
3521,2402.659350633621,-0.020106113,
3522,2403.2984273433685,-0.015503334,
3523,2403.937418460846,-0.08195465,
3524,2404.5761902332306,-0.02400799,
3525,2405.203376054764,-0.06508231,
3526,2406.8728637695312,-0.009049586,
3527,2407.5116922855377,-0.09482838,
3528,2408.1513838768005,-0.016063267,
3529,2408.791071653366,-0.0620812,
3530,2409.4313888549805,-0.040849335,
3531,2410.0696771144867,-0.069096625,
3532,2410.709244251251,-0.12804195,
3533,2411.3493156433105,-0.06715152,
3534,2411.988137245178,-0.016085245,
3535,2412.628109931946,-0.098989874,
3536,2413.267791032791,-0.097079635,
3537,2413.907007455826,-0.08057703,
3538,2414.5466368198395,-0.04653558,
3539,2415.184510946274,-0.026554447,
3540,2415.824128627777,-0.05939065,
3541,2416.463586807251,-0.0387133,
3542,2417.102317094803,-0.03577203,
3543,2417.740617990494,-0.010911243,
3544,2418.379378795624,-0.20049343,
3545,2419.01730799675,-0.038686056,
3546,2419.6579415798187,-0.053128947,
3547,2420.2975504398346,-0.047475137,
3548,2420.9379556179047,-0.014323392,
3549,2421.5784187316895,-0.0065201,
3550,2422.2072937488556,-0.037208535,
3551,2423.7001991271973,-0.16509786,
3552,2424.340054512024,-0.13737479,
3553,2424.982344388962,-0.07749005,
3554,2425.622734308243,-0.10133577,
3555,2426.262330532074,-0.06177437,
3556,2426.9037289619446,-0.045701742,
3557,2427.544271707535,-0.0043192944,
3558,2428.1848695278168,-0.0388305,
3559,2428.8259830474854,-0.025539238,
3560,2429.4654750823975,-0.0073633874,
3561,2430.1058304309845,-0.053064436,
3562,2430.7469911575317,-0.031871688,
3563,2431.3872838020325,-0.030078981,
3564,2432.0263850688934,-0.024911039,
3565,2432.664817094803,-0.04365179,
3566,2433.3026988506317,-0.17080185,
3567,2433.9417567253113,-0.08485462,
3568,2434.579514026642,-0.043591253,
3569,2435.2171111106873,-0.04502788,
3570,2435.855768918991,-0.05325616,
3571,2436.4931995868683,-0.06907815,
3572,2437.131143093109,-0.022703957,
3573,2437.769656896591,-0.09663599,
3574,2438.406981229782,-0.043878146,
3575,2439.0339238643646,-0.045466386,
3576,2440.5068588256836,-0.02085553,
3577,2441.147728204727,-0.030284401,
3578,2441.7880856990814,-0.030513354,
3579,2442.427868127823,-0.05371899,
3580,2443.0682377815247,-0.12270473,
3581,2443.7081503868103,-0.070116356,
3582,2444.348598241806,-0.05087956,
3583,2444.9895589351654,-0.015903484,
3584,2445.6302812099457,-0.016824186,
3585,2446.271505355835,-0.017934667,
3586,2446.912267923355,-0.012425017,
3587,2447.5531775951385,-0.027716337,
3588,2448.1951916217804,-0.03082756,
3589,2448.8359291553497,-0.016038602,
3590,2449.4755024909973,-0.031347677,
3591,2450.116485595703,-0.09088573,
3592,2450.75665640831,-0.05920001,
3593,2451.3969745635986,-0.02479164,
3594,2452.036797761917,-0.066461496,
3595,2452.6758217811584,-0.060668524,
3596,2453.317239999771,-0.08754511,
3597,2453.957413673401,-0.026168227,
3598,2454.59632730484,-0.057831176,
3599,2455.2364897727966,-0.0015932797,
3600,2456.3769011497498,-0.022982635,
3601,2457.861814260483,-0.024284117,
3602,2458.501291036606,-0.06374125,
3603,2459.1436932086945,-0.101943,
3604,2459.788404941559,-0.047061227,
3605,2460.4292974472046,-0.042300604,
3606,2461.0711600780487,-0.015177061,
3607,2461.7124297618866,-0.10558751,
3608,2462.3543796539307,-0.058818385,
3609,2462.9976148605347,-0.12818393,
3610,2463.6391866207123,-0.0438321,
3611,2464.2820193767548,-0.058756076,
3612,2464.923952102661,-0.08930836,
3613,2465.56604552269,-0.08534299,
3614,2466.208773136139,-0.016892338,
3615,2466.8509073257446,-0.05851657,
3616,2467.4916961193085,-0.03886629,
3617,2468.133260011673,-0.011325787,
3618,2468.773507118225,-0.06854501,
3619,2469.413651704788,-0.054197222,
3620,2470.0542376041412,-0.10150824,
3621,2470.6939873695374,-0.045790996,
3622,2471.3347477912903,-0.013103548,
3623,2471.975344657898,-0.05985718,
3624,2472.614311695099,-0.035375196,
3625,2473.244719028473,-0.082825795,
3626,2474.799162864685,-0.018445102,
3627,2475.4455876350403,-0.053513717,
3628,2476.0922405719757,-0.07500218,
3629,2476.7390525341034,-0.05584229,
3630,2477.385932445526,-0.012618963,
3631,2478.032774925232,-0.017612476,
3632,2478.6799850463867,-0.02962159,
3633,2479.3260843753815,-0.051566757,
3634,2479.9724435806274,-0.027418064,
3635,2480.618440389633,-0.020179342,
3636,2481.2656676769257,-0.051882893,
3637,2481.9131557941437,-0.014547922,
3638,2482.561376094818,-0.041103456,
3639,2483.2078738212585,-0.067383915,
3640,2483.854368209839,-0.011577719,
3641,2484.501766681671,-0.08880527,
3642,2485.149495601654,-0.069772124,
3643,2485.798232316971,-0.090208754,
3644,2486.445036649704,-0.07458159,
3645,2487.0906822681427,-0.018082354,
3646,2487.738678455353,-0.032429095,
3647,2488.384911298752,-0.052838948,
3648,2489.0317335128784,-0.024334647,
3649,2489.6793098449707,-0.023502015,
3650,2490.314288854599,-0.052434467,
3651,2491.9045021533966,-0.027223174,
3652,2492.55113530159,-0.1323581,
3653,2493.199271917343,-0.014702626,
3654,2493.846118450165,-0.03226454,
3655,2494.4936003684998,-0.104423635,
3656,2495.140960216522,-0.00010840459,
3657,2495.788021802902,-0.009748293,
3658,2496.4360721111298,-0.028176371,
3659,2497.0832211971283,-0.008162776,
3660,2497.73028421402,-0.028595919,
3661,2498.3791868686676,-0.04195154,
3662,2499.0273032188416,-0.07698749,
3663,2499.6757760047913,-0.049718235,
3664,2500.323834180832,-0.021421418,
3665,2500.970376968384,-0.058537267,
3666,2501.619010448456,-0.014987093,
3667,2502.2662234306335,-0.048745364,
3668,2502.912425518036,-0.06332868,
3669,2503.5602157115936,-0.08035077,
3670,2504.2070660591125,-0.060111504,
3671,2504.8534252643585,-0.02460385,
3672,2505.5008912086487,-0.05624529,
3673,2506.148179769516,-0.029632598,
3674,2506.7941539287567,-0.05431727,
3675,2507.429808616638,-0.023646522,
3676,2508.9315900802612,-0.06963699,
3677,2509.57231259346,-0.044426583,
3678,2510.215270280838,-0.022015572,
3679,2510.8580193519592,-0.03907332,
3680,2511.5000019073486,-0.024430271,
3681,2512.143140077591,-0.040255472,
3682,2512.786451101303,-0.046741836,
3683,2513.428435087204,-0.02120301,
3684,2514.0714087486267,-0.052540362,
3685,2514.7142946720123,-0.024092091,
3686,2515.3563401699066,-0.11969923,
3687,2516.000141143799,-0.02609933,
3688,2516.642389535904,-0.0374182,
3689,2517.2847740650177,-0.028754633,
3690,2517.9286806583405,-0.11405052,
3691,2518.5707778930664,-0.025660275,
3692,2519.212952852249,-0.03521911,
3693,2519.8541951179504,-0.041106865,
3694,2520.4953269958496,-0.057817545,
3695,2521.1367526054382,-0.045901902,
3696,2521.7784943580627,-0.010604255,
3697,2522.4201967716217,-0.018115824,
3698,2523.0630304813385,-0.011725968,
3699,2523.705242395401,-0.019668333,
3700,2524.845813512802,-0.010412472,
3701,2526.372944831848,-0.017208137,
3702,2527.012239933014,-0.0087902015,
3703,2527.6518445014954,-0.010655159,
3704,2528.292725086212,-0.05294233,
3705,2528.9329743385315,-0.098481715,
3706,2529.5736725330353,-0.06831254,
3707,2530.2133309841156,-0.05815758,
3708,2530.8531663417816,-0.03964679,
3709,2531.4931933879852,-0.024845563,
3710,2532.1326394081116,-0.026446827,
3711,2532.770189523697,-0.021310244,
3712,2533.4089975357056,-0.05682311,
3713,2534.0464432239532,-0.06577708,
3714,2534.683471441269,-0.05006582,
3715,2535.322156906128,-0.011088036,
3716,2535.9601085186005,-0.06947403,
3717,2536.5969643592834,-0.02831534,
3718,2537.2340111732483,-0.05840301,
3719,2537.8707852363586,-0.07213743,
3720,2538.506764650345,-0.07916826,
3721,2539.144765138626,-0.025827728,
3722,2539.783231973648,-0.04358896,
3723,2540.4212443828583,-0.0228483,
3724,2541.060060977936,-0.03171375,
3725,2541.687724351883,-0.03239569,
3726,2543.2061865329742,-0.012123692,
3727,2543.8487372398376,-0.041472368,
3728,2544.492609977722,-0.035328217,
3729,2545.136290073395,-0.08311997,
3730,2545.780957221985,-0.05019387,
3731,2546.425845146179,-0.046056155,
3732,2547.068344593048,-0.041469477,
3733,2547.713178396225,-0.16340153,
3734,2548.3565726280212,-0.008899729,
3735,2548.9993863105774,-0.058967713,
3736,2549.6432662010193,-0.01988925,
3737,2550.286673307419,-0.05565599,
3738,2550.9305398464203,-0.0789277,
3739,2551.575174331665,-0.04647122,
3740,2552.217504262924,-0.20000885,
3741,2552.8613498210907,-0.071593836,
3742,2553.5059945583344,-0.007829538,
3743,2554.148065805435,-0.13698587,
3744,2554.7909495830536,-0.04424817,
3745,2555.4334774017334,-0.027169485,
3746,2556.0759365558624,-0.017177746,
3747,2556.719540119171,-0.046411388,
3748,2557.3631086349487,-0.029621165,
3749,2558.0046770572662,-0.037170466,
3750,2558.6377124786377,-0.020241564,
3751,2560.1291649341583,-0.04302187,
3752,2560.768813610077,-0.04869049,
3753,2561.408849477768,-0.005786556,
3754,2562.04926609993,-0.023263648,
3755,2562.689726114273,-0.0020032548,
3756,2563.3293244838715,-0.06386579,
3757,2563.969889163971,-0.057988357,
3758,2564.609917640686,-0.03321448,
3759,2565.2495810985565,-0.01685946,
3760,2565.8907749652863,-0.06938146,
3761,2566.530584335327,-0.077432126,
3762,2567.1701991558075,-0.06459011,
3763,2567.8113856315613,-0.05021612,
3764,2568.450815677643,-0.0136618,
3765,2569.090782403946,-0.04917323,
3766,2569.731292247772,-0.019747652,
3767,2570.3713371753693,-0.03329952,
3768,2571.010769367218,-0.064135715,
3769,2571.6496171951294,-0.016489955,
3770,2572.287535429001,-0.015189341,
3771,2572.9280314445496,-0.018730268,
3772,2573.56742811203,-0.056196257,
3773,2574.2063252925873,-0.03587133,
3774,2574.8454945087433,-0.02842478,
3775,2575.472827911377,-0.062100116,
3776,2576.954100370407,-0.00866838,
3777,2577.5950441360474,-0.043506738,
3778,2578.23735332489,-0.0063817007,
3779,2578.8805203437805,-0.01471092,
3780,2579.522869348526,-0.041448392,
3781,2580.165765285492,-0.048958384,
3782,2580.8078789711,-0.021837965,
3783,2581.4515964984894,-0.015456254,
3784,2582.095328092575,-0.018335126,
3785,2582.7380928993225,-0.031036783,
3786,2583.3804364204407,-0.014652351,
3787,2584.0233869552612,-0.027514441,
3788,2584.6651570796967,-0.057435684,
3789,2585.3084111213684,-0.050045807,
3790,2585.950704574585,-0.026553025,
3791,2586.5934221744537,-0.059848852,
3792,2587.235515356064,-0.007160626,
3793,2587.8758647441864,-0.020140994,
3794,2588.5175042152405,-0.09309724,
3795,2589.160216808319,-0.045938544,
3796,2589.8006665706635,-0.06012035,
3797,2590.4420104026794,-0.012205842,
3798,2591.084366083145,-0.026597014,
3799,2591.7258818149567,-0.024222735,
3800,2592.863038301468,-0.027667753,
3801,2594.464370727539,-0.105399266,
3802,2595.1041538715363,-0.02624996,
3803,2595.7463386058807,-0.028560495,
3804,2596.388082265854,-0.053443395,
3805,2597.0294935703278,-0.054759618,
3806,2597.6725709438324,-0.008913893,
3807,2598.3137888908386,-0.10204028,
3808,2598.954397201538,-4.0846345e-07,
3809,2599.596137523651,-0.06812931,
3810,2600.238057374954,-0.01525053,
3811,2600.8796808719635,-0.04405796,
3812,2601.5222058296204,-0.03888327,
3813,2602.1628425121307,-0.05932353,
3814,2602.804838657379,-0.049677286,
3815,2603.4468150138855,-0.023108652,
3816,2604.0885536670685,-0.038255904,
3817,2604.730941295624,-0.022542384,
3818,2605.3716971874237,-0.026672805,
3819,2606.012067079544,-0.007987379,
3820,2606.6539182662964,-0.017067306,
3821,2607.2947340011597,-0.045589086,
3822,2607.9363181591034,-0.036389776,
3823,2608.5783116817474,-0.070374385,
3824,2609.218836545944,-0.025928658,
3825,2609.8490879535675,-0.013678144,
3826,2611.405930995941,-0.039984323,
3827,2612.052357673645,-0.12893595,
3828,2612.6990537643433,-0.042096354,
3829,2613.347116947174,-0.14361466,
3830,2613.9936711788177,-0.06570211,
3831,2614.639624595642,-0.03608276,
3832,2615.28670334816,-0.018387422,
3833,2615.934507369995,-0.01928216,
3834,2616.579577445984,-0.06468108,
3835,2617.2278645038605,-0.03572511,
3836,2617.875205039978,-0.010735411,
3837,2618.5226950645447,-0.022978414,
3838,2619.1705968379974,-0.01586983,
3839,2619.8169050216675,-0.05791688,
3840,2620.464112520218,-0.017976748,
3841,2621.1123118400574,-0.028451758,
3842,2621.7591791152954,-0.057829633,
3843,2622.4060101509094,-0.062576026,
3844,2623.0525195598602,-0.008226205,
3845,2623.6984946727753,-0.042338315,
3846,2624.3453624248505,-0.024888767,
3847,2624.991928100586,-0.018829452,
3848,2625.6383204460144,-0.052170686,
3849,2626.2851827144623,-0.017431766,
3850,2626.920662879944,-0.013354284,
3851,2628.4733374118805,-0.069984436,
3852,2629.1200482845306,-0.018154062,
3853,2629.7693128585815,-0.038466327,
3854,2630.4164810180664,-0.05774024,
3855,2631.063428878784,-0.046793096,
3856,2631.7101147174835,-0.0028484634,
3857,2632.359969854355,-0.031315807,
3858,2633.008501768112,-0.02498589,
3859,2633.656512737274,-0.016868612,
3860,2634.3030314445496,-0.012577292,
3861,2634.950315475464,-0.03637428,
3862,2635.59805893898,-0.12099634,
3863,2636.24503493309,-0.04966499,
3864,2636.893632411957,-0.028458614,
3865,2637.5399730205536,-0.057350345,
3866,2638.1862773895264,-0.006026943,
3867,2638.8332259655,-0.0251324,
3868,2639.479038476944,-0.06404243,
3869,2640.1250355243683,-0.01669212,
3870,2640.771038532257,-0.0041410285,
3871,2641.4179241657257,-0.03186731,
3872,2642.0656764507294,-0.022139017,
3873,2642.7131202220917,-0.06123521,
3874,2643.3597292900085,-0.012515743,
3875,2643.9965863227844,-0.055210367,
3876,2645.528573036194,-0.060654514,
3877,2646.171331882477,-0.02147729,
3878,2646.8144257068634,-0.04694178,
3879,2647.4577639102936,-0.11398504,
3880,2648.099770784378,-0.04663708,
3881,2648.742176771164,-0.03308563,
3882,2649.3853294849396,-0.03482812,
3883,2650.027305841446,-0.021468462,
3884,2650.6691389083862,-0.016631046,
3885,2651.3112943172455,-0.058276556,
3886,2651.953429222107,-0.014338606,
3887,2652.59565448761,-0.04153838,
3888,2653.238397359848,-0.06845391,
3889,2653.879457950592,-0.016420918,
3890,2654.5221552848816,-0.024659302,
3891,2655.1644213199615,-0.049763046,
3892,2655.8068623542786,-0.017098589,
3893,2656.4490559101105,-0.0022404294,
3894,2657.0894668102264,-0.026191909,
3895,2657.7309589385986,-0.002757036,
3896,2658.373269557953,-0.038696595,
3897,2659.0139327049255,-0.000100860874,
3898,2659.655065059662,-0.017375827,
3899,2660.296881198883,-0.018254507,
3900,2661.4341864585876,-0.05605108,
3901,2662.9298400878906,-0.025287628,
3902,2663.5753293037415,-0.047793575,
3903,2664.2211089134216,-0.042025007,
3904,2664.867583990097,-0.060282405,
3905,2665.5140001773834,-0.036665026,
3906,2666.1597402095795,-0.0019367478,
3907,2666.8062024116516,-0.03431897,
3908,2667.452124118805,-0.016155679,
3909,2668.0969619750977,-0.012798161,
3910,2668.74293756485,-0.027593669,
3911,2669.3886919021606,-0.017881688,
3912,2670.034697532654,-0.03952105,
3913,2670.6797676086426,-0.020186916,
3914,2671.325851202011,-0.038192045,
3915,2671.9728927612305,-0.026235953,
3916,2672.620186328888,-0.015184465,
3917,2673.267600774765,-0.062004767,
3918,2673.9147334098816,-0.059150014,
3919,2674.5611429214478,-0.06401876,
3920,2675.207099199295,-0.025812661,
3921,2675.8539872169495,-0.014382323,
3922,2676.5003883838654,-0.022833418,
3923,2677.1468069553375,-0.016031746,
3924,2677.7943708896637,-0.03204141,
3925,2678.4297847747803,-0.059598435,
3926,2679.9632081985474,-0.0018076431,
3927,2680.6023058891296,-0.011208888,
3928,2681.2445709705353,-0.024107676,
3929,2681.8854076862335,-0.028849475,
3930,2682.526400566101,-0.038497083,
3931,2683.1668944358826,-0.05282577,
3932,2683.807660341263,-0.047436576,
3933,2684.449164867401,-0.07071844,
3934,2685.0905447006226,-0.018254789,
3935,2685.7303698062897,-0.0075897058,
3936,2686.371503353119,-0.033499524,
3937,2687.01132106781,-0.007969228,
3938,2687.651933670044,-0.023959119,
3939,2688.293251514435,-0.028587056,
3940,2688.933618783951,-0.031670347,
3941,2689.5751690864563,-0.0067705982,
3942,2690.216314792633,-0.03798704,
3943,2690.8555195331573,-0.0116493255,
3944,2691.4955291748047,-0.006448721,
3945,2692.136662721634,-2.1221767e-09,
3946,2692.776940345764,-0.022971366,
3947,2693.4182221889496,-0.06710062,
3948,2694.0584692955017,-0.021766948,
3949,2694.6990838050842,-0.044581182,
3950,2695.3290305137634,-0.0070098466,
3951,2696.891360282898,-0.04168659,
3952,2697.5351991653442,-0.02445804,
3953,2698.1806688308716,-0.028639339,
3954,2698.8266620635986,-0.038089547,
3955,2699.4717354774475,-0.05343,
3956,2700.11590385437,-0.008153212,
3957,2700.7615599632263,-0.09509297,
3958,2701.406267642975,-0.033554625,
3959,2702.051050186157,-0.018280763,
3960,2702.6978447437286,-0.003980618,
3961,2703.3434031009674,-0.043698482,
3962,2703.9890270233154,-0.067297354,
3963,2704.63427400589,-0.021775363,
3964,2705.2789878845215,-0.012779686,
3965,2705.9238283634186,-0.01924293,
3966,2706.569857597351,-0.020869557,
3967,2707.215675354004,-0.014498052,
3968,2707.8615593910217,-0.073068544,
3969,2708.5063099861145,-0.0073564705,
3970,2709.1508214473724,-0.02562048,
3971,2709.796538591385,-0.07728141,
3972,2710.4414529800415,-0.0372445,
3973,2711.0864267349243,-0.05525421,
3974,2711.731013059616,-0.004414741,
3975,2712.3637659549713,-0.005610172,
3976,2713.8891875743866,-0.017232412,
3977,2714.529449224472,-0.0037144537,
3978,2715.171006679535,-0.022811921,
3979,2715.811889410019,-0.045609754,
3980,2716.4544405937195,-0.027444616,
3981,2717.09508728981,-0.031669527,
3982,2717.7353909015656,-0.05297186,
3983,2718.3777837753296,-0.019945212,
3984,2719.0176124572754,-0.002385181,
3985,2719.6587102413177,-0.101013556,
3986,2720.2990350723267,-0.012660159,
3987,2720.9392704963684,-0.042536367,
3988,2721.5802812576294,-0.056857157,
3989,2722.222256422043,-0.006219333,
3990,2722.864641427994,-0.016414402,
3991,2723.508533716202,-0.020174954,
3992,2724.1514761447906,-0.07214587,
3993,2724.793718099594,-0.06854424,
3994,2725.4353725910187,-0.033568975,
3995,2726.076063632965,-0.017344011,
3996,2726.7171828746796,-0.02980046,
3997,2727.3592903614044,-0.021439608,
3998,2728.0034115314484,-0.0049364083,
3999,2728.645254611969,-0.023467798,
4000,2729.7880947589874,-0.018562406,
4001,2731.334353208542,-0.05036795,
4002,2731.9749944210052,-0.060317773,
4003,2732.6176614761353,-0.01626332,
4004,2733.259161233902,-0.031330068,
4005,2733.9006559848785,-0.028546184,
4006,2734.5423460006714,-0.018814996,
4007,2735.185688495636,-0.04455698,
4008,2735.828003883362,-7.5615724e-05,
4009,2736.4703001976013,-0.0,
4010,2737.1131331920624,-0.028518803,
4011,2737.7558500766754,-0.06271032,
4012,2738.3978719711304,-0.04236067,
4013,2739.0397601127625,-0.0019159007,
4014,2739.682552099228,-0.07643881,
4015,2740.324333190918,-0.023397863,
4016,2740.9665627479553,-1.0232826e-07,
4017,2741.608832836151,-0.0,
4018,2742.250176668167,-0.07044758,
4019,2742.8912782669067,-0.038745414,
4020,2743.532929420471,-0.02808394,
4021,2744.1740651130676,-0.026845919,
4022,2744.8155336380005,-0.0071147177,
4023,2745.457173347473,-0.040823262,
4024,2746.097890853882,-0.030491222,
4025,2746.7290875911713,-0.040481657,
4026,2748.2749910354614,-0.033707075,
4027,2748.922035932541,-0.08149341,
4028,2749.570105075836,-0.0055481065,
4029,2750.2188110351562,-0.032690987,
4030,2750.8663589954376,-0.010103611,
4031,2751.513824224472,-0.04269141,
4032,2752.1626510620117,-0.013177971,
4033,2752.809297800064,-0.008472377,
4034,2753.4567205905914,-0.033918712,
4035,2754.1035871505737,-0.057365492,
4036,2754.750556230545,-0.027187139,
4037,2755.3976504802704,-0.06295589,
4038,2756.0443782806396,-0.029523049,
4039,2756.6912455558777,-0.007373434,
4040,2757.3398094177246,-0.08948311,
4041,2757.9872102737427,-0.13653159,
4042,2758.633923768997,-0.0,
4043,2759.2819027900696,-0.021998404,
4044,2759.9288153648376,-0.04562483,
4045,2760.5761861801147,-0.001519132,
4046,2761.2244324684143,-0.0660209,
4047,2761.8714797496796,-0.034261964,
4048,2762.519725561142,-0.075940974,
4049,2763.166434288025,-0.022449294,
4050,2763.801633119583,-0.010226371,
4051,2765.421365737915,-0.057365626,
4052,2766.068883895874,-0.017309505,
4053,2766.7175550460815,-0.02845896,
4054,2767.3648767471313,-0.086171076,
4055,2768.0137741565704,-0.045991607,
4056,2768.661140680313,-0.014901756,
4057,2769.3082509040833,-0.04634917,
4058,2769.9569911956787,-0.021019012,
4059,2770.605033159256,-0.011091288,
4060,2771.2528517246246,-0.026192456,
4061,2771.9011631011963,-0.055583447,
4062,2772.5485758781433,-0.020051576,
4063,2773.1974182128906,-0.04675676,
4064,2773.845226764679,-0.050653502,
4065,2774.492118358612,-0.03679388,
4066,2775.140892982483,-0.059085257,
4067,2775.788505077362,-0.030030385,
4068,2776.4346327781677,-0.042389393,
4069,2777.0826256275177,-0.05446712,
4070,2777.728452205658,-5.862879e-09,
4071,2778.374833583832,-0.0037795557,
4072,2779.022763967514,-0.010129314,
4073,2779.669224023819,-0.013150815,
4074,2780.315982103348,-0.008661695,
4075,2780.952449321747,-0.007440335,
4076,2782.5276606082916,-0.08616481,
4077,2783.1687076091766,-0.0032787113,
4078,2783.812601327896,-0.02575171,
4079,2784.456436395645,-0.05470915,
4080,2785.098288297653,-3.600021e-09,
4081,2785.7408962249756,-0.0272187,
4082,2786.384642124176,-0.014002312,
4083,2787.0258696079254,-0.031293258,
4084,2787.669317483902,-1.4444921e-09,
4085,2788.3127245903015,-0.057221293,
4086,2788.955761909485,-0.052096702,
4087,2789.5988943576813,-0.011831284,
4088,2790.2417459487915,-0.012478083,
4089,2790.8847959041595,-0.104521625,
4090,2791.528231859207,-0.0072377077,
4091,2792.1716752052307,-0.021966847,
4092,2792.815137386322,-0.0117398845,
4093,2793.4588606357574,-0.05612781,
4094,2794.1004259586334,-0.003086086,
4095,2794.742733001709,-0.008836767,
4096,2795.384989500046,-0.06686273,
4097,2796.026782512665,-0.013169748,
4098,2796.6710953712463,-0.024990404,
4099,2797.3153944015503,-0.0996287,
4100,2798.461832523346,-0.03423927,
4101,2800.007894039154,-0.00311691,
4102,2800.651064634323,-0.005605124,
4103,2801.29523897171,-0.018541794,
4104,2801.9388785362244,-0.023927102,
4105,2802.5824625492096,-0.027937435,
4106,2803.2258818149567,-0.061822295,
4107,2803.8705685138702,-0.015569659,
4108,2804.5141842365265,-0.021148663,
4109,2805.158112049103,-0.0,
4110,2805.802155971527,-0.019994946,
4111,2806.4455358982086,-0.043295547,
4112,2807.089760541916,-0.03032632,
4113,2807.7337810993195,-0.01365642,
4114,2808.3771934509277,-0.07451123,
4115,2809.022223472595,-0.07253909,
4116,2809.6661279201508,-0.024241244,
4117,2810.310214281082,-0.0059116706,
4118,2810.954352378845,-0.015924543,
4119,2811.5968639850616,-0.028260855,
4120,2812.2400584220886,-0.019154716,
4121,2812.8833425045013,-0.0059829974,
4122,2813.5256524086,-0.006735249,
4123,2814.1685769557953,-0.023506753,
4124,2814.8140280246735,-0.0060020974,
4125,2815.4454770088196,-0.0047708414,
4126,2817.0458171367645,-0.027921194,
4127,2817.6878356933594,-0.02757937,
4128,2818.331463575363,-0.0056675407,
4129,2818.9740600585938,-0.11460046,
4130,2819.617022752762,-0.06745511,
4131,2820.2602319717407,-0.04153123,
4132,2820.9019663333893,-0.027196502,
4133,2821.5459690093994,-0.0,
4134,2822.1882185935974,-0.024941023,
4135,2822.8308215141296,-0.029635334,
4136,2823.474223136902,-0.03230003,
4137,2824.116842508316,-0.009008364,
4138,2824.759585380554,-0.021345485,
4139,2825.402705669403,-0.0045718597,
4140,2826.046374320984,-0.010476565,
4141,2826.688866853714,-0.024787039,
4142,2827.3314094543457,-0.018693209,
4143,2827.9731771945953,-0.04626419,
4144,2828.6155655384064,-0.02324787,
4145,2829.2573165893555,-0.018958975,
4146,2829.8981487751007,-0.009861542,
4147,2830.540477514267,-0.022693524,
4148,2831.1812977790833,-0.032910507,
4149,2831.8225116729736,-0.00876827,
4150,2832.4541625976562,-0.028312705,
4151,2833.983516216278,-0.06158498,
4152,2834.629292011261,-0.02888951,
4153,2835.275951862335,-0.045602985,
4154,2835.9231717586517,-0.025616616,
4155,2836.569553375244,-0.007942529,
4156,2837.21559715271,-0.028462026,
4157,2837.862847805023,-0.062989525,
4158,2838.5097618103027,-0.05318695,
4159,2839.156890630722,-0.04398276,
4160,2839.8047614097595,-0.105709076,
4161,2840.450938463211,-0.014626874,
4162,2841.0970017910004,-0.03459176,
4163,2841.743421792984,-0.0,
4164,2842.3894691467285,-0.022047386,
4165,2843.036446094513,-0.053074516,
4166,2843.683448076248,-0.009998589,
4167,2844.3307411670685,-0.06801454,
4168,2844.977245092392,-0.004300127,
4169,2845.622977733612,-1.1318542e-06,
4170,2846.2686789035797,-0.026276717,
4171,2846.915467739105,-0.0029527405,
4172,2847.561517238617,-0.0523761,
4173,2848.208039999008,-0.028760938,
4174,2848.8536512851715,-0.011709754,
4175,2849.4881644248962,-0.013713862,
4176,2851.0813131332397,-0.01963286,
4177,2851.724128007889,-0.0,
4178,2852.368448972702,-0.020315636,
4179,2853.0112783908844,-0.047764003,
4180,2853.654738664627,-0.010158448,
4181,2854.2978394031525,-0.017080668,
4182,2854.9403698444366,-0.010478774,
4183,2855.5847506523132,-0.05991361,
4184,2856.227200984955,-0.012040953,
4185,2856.8700489997864,-0.06983761,
4186,2857.5139071941376,-0.005119686,
4187,2858.155596971512,-0.02666207,
4188,2858.798197031021,-0.01563533,
4189,2859.4406926631927,-0.033493873,
4190,2860.0825402736664,-0.027221754,
4191,2860.7260880470276,-0.01257549,
4192,2861.368947505951,-0.020209946,
4193,2862.010802745819,-0.028700043,
4194,2862.6529998779297,-0.021149147,
4195,2863.2958579063416,-0.06748728,
4196,2863.9376764297485,-0.051591102,
4197,2864.5812532901764,-0.05364885,
4198,2865.2233080863953,-0.039579265,
4199,2865.864931344986,-0.0,
4200,2867.105344772339,-8.94525e-08,
4201,2868.633809566498,-0.024315983,
4202,2869.2750449180603,-0.012935845,
4203,2869.918616294861,-0.023503326,
4204,2870.5603199005127,-0.02049109,
4205,2871.2033145427704,-0.014432961,
4206,2871.8485519886017,-0.024043057,
4207,2872.490309715271,-0.00925581,
4208,2873.1343750953674,-0.044056624,
4209,2873.7781739234924,-0.043896835,
4210,2874.4207906723022,-0.13433567,
4211,2875.0643198490143,-0.07760456,
4212,2875.7075521945953,-0.025108919,
4213,2876.3503999710083,-0.016731631,
4214,2876.9935529232025,-0.0022148124,
4215,2877.636298418045,-0.012812522,
4216,2878.2801916599274,-0.03467168,
4217,2878.9241151809692,-0.014951921,
4218,2879.566385746002,-0.041315228,
4219,2880.2098813056946,-0.025444979,
4220,2880.852725505829,-0.0280469,
4221,2881.4937999248505,-0.029945076,
4222,2882.137358188629,-0.04717302,
4223,2882.780646085739,-0.030208133,
4224,2883.4225237369537,-0.024981927,
4225,2884.054985523224,-0.025115233,
4226,2885.5640432834625,-0.0029775763,
4227,2886.208172559738,-0.03362807,
4228,2886.8523831367493,-0.023220602,
4229,2887.497764825821,-0.012793953,
4230,2888.141011238098,-0.011484452,
4231,2888.7855603694916,-0.011172228,
4232,2889.430359363556,-0.012460383,
4233,2890.074846982956,-0.030275902,
4234,2890.7177884578705,-0.02286125,
4235,2891.362485408783,-0.042338446,
4236,2892.005522251129,-0.03522331,
4237,2892.6496591567993,-0.0012544937,
4238,2893.2923872470856,-0.017775873,
4239,2893.9342703819275,-0.031092675,
4240,2894.5766217708588,-0.0071445014,
4241,2895.218439102173,-0.111477554,
4242,2895.8598942756653,-0.002345969,
4243,2896.501335144043,-0.018197915,
4244,2897.1393146514893,-0.053458042,
4245,2897.7770001888275,-0.063676305,
4246,2898.415575504303,-0.035143234,
4247,2899.054179430008,-0.046177477,
4248,2899.693905353546,-0.052939184,
4249,2900.3335349559784,-0.0550354,
4250,2900.961580991745,-0.04541769,
4251,2902.5068418979645,-0.02786355,
4252,2903.145968437195,-0.02198736,
4253,2903.786675453186,-0.020187901,
4254,2904.4279017448425,-0.024561029,
4255,2905.06981754303,-0.029455319,
4256,2905.7116379737854,-0.036968496,
4257,2906.352728843689,-0.046673372,
4258,2906.995015144348,-0.055297956,
4259,2907.6360239982605,-3.7821275e-05,
4260,2908.2773926258087,-0.034632295,
4261,2908.9193029403687,-0.057620443,
4262,2909.5596759319305,-0.018148594,
4263,2910.203752040863,-0.0023005984,
4264,2910.845929145813,-0.026481904,
4265,2911.487464904785,-0.033800382,
4266,2912.1300342082977,-0.043985028,
4267,2912.772779226303,-0.051182844,
4268,2913.413430452347,-0.0426549,
4269,2914.055186510086,-0.049265973,
4270,2914.6974415779114,-0.03089849,
4271,2915.3397397994995,-0.044279005,
4272,2915.983143568039,-0.04554133,
4273,2916.6250436306,-0.0010256758,
4274,2917.2666568756104,-0.02902558,
4275,2917.8988196849823,-0.008450311,
4276,2919.407016515732,-2.8760137e-06,
4277,2920.048234462738,-0.14569423,
4278,2920.6899151802063,-0.010610213,
4279,2921.332729101181,-5.410687e-09,
4280,2921.9747066497803,-0.011680244,
4281,2922.6166179180145,-0.0,
4282,2923.25923204422,-0.047402523,
4283,2923.900860786438,-0.017634537,
4284,2924.5434005260468,-0.046636693,
4285,2925.1858999729156,-0.036899306,
4286,2925.827184200287,-0.0016819205,
4287,2926.469167470932,-0.03714829,
4288,2927.1117734909058,-0.04762298,
4289,2927.752561569214,-0.008922996,
4290,2928.3952221870422,-0.05814263,
4291,2929.037113904953,-0.040999345,
4292,2929.6791410446167,-0.045115262,
4293,2930.3199927806854,-0.053009607,
4294,2930.960343360901,-0.039860524,
4295,2931.6018013954163,-0.0377763,
4296,2932.2430646419525,-0.002234906,
4297,2932.8833525180817,-0.060296737,
4298,2933.5251762866974,-0.007351086,
4299,2934.1660754680634,-0.06706854,
4300,2935.3057086467743,-0.031327978,
4301,2936.872298002243,-0.036697075,
4302,2937.51598572731,-0.008584334,
4303,2938.158813714981,-0.04446043,
4304,2938.802710056305,-0.04205994,
4305,2939.4468443393707,-0.0962867,
4306,2940.090300321579,-0.0032464943,
4307,2940.735312461853,-0.0144498125,
4308,2941.3805046081543,-0.0033377823,
4309,2942.024303674698,-0.0,
4310,2942.669245004654,-0.020358197,
4311,2943.313406944275,-0.015488924,
4312,2943.9575459957123,-0.037668377,
4313,2944.6027312278748,-0.00016411027,
4314,2945.2464742660522,-0.014282707,
4315,2945.8913202285767,-0.009084247,
4316,2946.536322116852,-0.0047136284,
4317,2947.182348251343,-0.019635271,
4318,2947.826476573944,-0.0033444955,
4319,2948.470466375351,-0.02733419,
4320,2949.113887310028,-0.045267165,
4321,2949.75887799263,-0.023075726,
4322,2950.401632785797,-0.016859107,
4323,2951.045729160309,-0.010948997,
4324,2951.691583633423,-0.009446828,
4325,2952.3253066539764,-0.006668427,
4326,2953.8284380435944,-0.052745007,
4327,2954.4715366363525,-0.050205883,
4328,2955.1158785820007,-0.03512393,
4329,2955.758777141571,-0.034088537,
4330,2956.4016847610474,-3.069574e-08,
4331,2957.044937133789,-0.042968508,
4332,2957.688069343567,-0.0,
4333,2958.331351041794,-0.034658104,
4334,2958.9742493629456,-0.016586091,
4335,2959.6170394420624,-0.042257022,
4336,2960.260291814804,-0.038438268,
4337,2960.9037380218506,-0.035892777,
4338,2961.546943426132,-0.025074761,
4339,2962.1902656555176,-0.0,
4340,2962.8332090377808,-0.047687106,
4341,2963.4763939380646,-0.028079472,
4342,2964.12015748024,-0.0058705127,
4343,2964.7623031139374,-0.028590633,
4344,2965.4045848846436,-0.029161492,
4345,2966.0477979183197,-9.301026e-05,
4346,2966.690536260605,-0.012803456,
4347,2967.3336396217346,-0.102789044,
4348,2967.9771468639374,-0.0086915,
4349,2968.619479894638,-0.0067983354,
4350,2969.2530970573425,-0.009722501,
4351,2970.7397758960724,-0.048761968,
4352,2971.386962413788,-0.08073737,
4353,2972.033650159836,-0.00878006,
4354,2972.6811134815216,-0.044523258,
4355,2973.3283355236053,-0.015424828,
4356,2973.9754509925842,-0.006667094,
4357,2974.622588634491,-0.02930932,
4358,2975.2682383060455,-0.08271211,
4359,2975.915103197098,-0.04157238,
4360,2976.562061548233,-0.0004035593,
4361,2977.2082839012146,-0.048397154,
4362,2977.855570077896,-0.018837102,
4363,2978.5031368732452,-0.013624405,
4364,2979.1492240428925,-0.01664872,
4365,2979.796035051346,-0.0048311385,
4366,2980.4428861141205,-0.058717474,
4367,2981.088963508606,-0.011432815,
4368,2981.734931945801,-0.029706463,
4369,2982.379622220993,-0.00025501964,
4370,2983.024490594864,-0.01509143,
4371,2983.670336484909,-0.016387803,
4372,2984.315228700638,-0.0,
4373,2984.9615881443024,-0.012823481,
4374,2985.6078934669495,-0.045389198,
4375,2986.2414116859436,-0.018491192,
4376,2987.7724735736847,-0.04568153,
4377,2988.4139392375946,-0.034447864,
4378,2989.0581839084625,-0.041567057,
4379,2989.7007179260254,-0.053790364,
4380,2990.3430025577545,-0.038820375,
4381,2990.985271692276,-0.028274193,
4382,2991.6272354125977,-0.057711493,
4383,2992.2704837322235,-0.031637393,
4384,2992.9133353233337,-0.008966848,
4385,2993.5553874969482,-0.006516667,
4386,2994.1983280181885,-0.031950913,
4387,2994.840811729431,-0.01372509,
4388,2995.483256340027,-0.011314134,
4389,2996.1265699863434,-0.016850362,
4390,2996.7717492580414,-0.05525465,
4391,2997.414991378784,-0.07726441,
4392,2998.0583667755127,-0.0027096153,
4393,2998.7000048160553,-0.026219545,
4394,2999.342761039734,-0.014434136,
4395,2999.9855687618256,-0.02829336,
4396,3000.627299785614,-0.0028515868,
4397,3001.269880056381,-0.013402634,
4398,3001.9119613170624,-0.0045250794,
4399,3002.554274559021,-0.0058733867,
4400,3003.6949787139893,-0.0110201165,
4401,3005.166148662567,-0.0065950225,
4402,3005.808385848999,-0.06615151,
4403,3006.451460123062,-3.0725218e-11,
4404,3007.0943717956543,-0.04482405,
4405,3007.7368602752686,-0.031045076,
4406,3008.379587173462,-0.009895918,
4407,3009.0214626789093,-0.03788919,
4408,3009.66450548172,-0.11479281,
4409,3010.307615995407,-0.021365043,
4410,3010.9501214027405,-0.01827516,
4411,3011.5925843715668,-0.0047964538,
4412,3012.234993457794,-0.0078403875,
4413,3012.8766856193542,-0.008731577,
4414,3013.519558429718,-0.017828673,
4415,3014.161221265793,-0.017326219,
4416,3014.8032405376434,-0.0109492345,
4417,3015.445911884308,-0.028868495,
4418,3016.0875327587128,-0.012084291,
4419,3016.7290875911713,-0.010921789,
4420,3017.371288061142,-0.014564879,
4421,3018.01323056221,-0.014429392,
4422,3018.654892683029,-0.06217202,
4423,3019.2968266010284,-0.005730679,
4424,3019.9373795986176,-0.033143353,
4425,3020.5689718723297,-0.096968,
4426,3022.1370828151703,-0.006332539,
4427,3022.7786569595337,-0.01833095,
4428,3023.421246290207,-0.050388068,
4429,3024.063823699951,-0.020770226,
4430,3024.706634283066,-0.01911323,
4431,3025.348521232605,-0.01893275,
4432,3025.9912168979645,-0.04453949,
4433,3026.63493680954,-0.06747457,
4434,3027.2781772613525,-0.021974944,
4435,3027.9227995872498,-0.040966187,
4436,3028.5665967464447,-0.018361684,
4437,3029.2095351219177,-0.011734648,
4438,3029.853925228119,-0.027013637,
4439,3030.4964938163757,-0.023580292,
4440,3031.1397955417633,-0.0038432297,
4441,3031.783360481262,-0.045647584,
4442,3032.4261972904205,-0.012260963,
4443,3033.068219423294,-0.01694955,
4444,3033.7107021808624,-0.054415032,
4445,3034.353056907654,-0.060228236,
4446,3034.994993209839,-0.0014812914,
4447,3035.6364407539368,-0.059763808,
4448,3036.278059244156,-0.018379843,
4449,3036.920535802841,-0.083949015,
4450,3037.550639629364,-0.0230394,
4451,3039.0381722450256,-0.027591623,
4452,3039.6819999217987,-0.0037233743,
4453,3040.3284804821014,-0.0,
4454,3040.972391843796,-0.029724058,
4455,3041.617886543274,-0.023737676,
4456,3042.2635238170624,-0.009255592,
4457,3042.9075512886047,-0.024861006,
4458,3043.5525431632996,-0.037760545,
4459,3044.1968417167664,-0.0,
4460,3044.840457677841,-0.00011661241,
4461,3045.4865984916687,-0.0027586084,
4462,3046.1317291259766,-0.006028798,
4463,3046.77685713768,-0.010855792,
4464,3047.42227268219,-0.02385173,
4465,3048.0657937526703,-0.051343806,
4466,3048.7105236053467,-0.033775296,
4467,3049.3551268577576,-0.015827067,
4468,3049.9992179870605,-0.0,
4469,3050.643776655197,-0.02141238,
4470,3051.2873051166534,-0.04912779,
4471,3051.9310536384583,-0.06021942,
4472,3052.576030254364,-0.045252614,
4473,3053.2202649116516,-0.040494323,
4474,3053.8634419441223,-0.0011726175,
4475,3054.497119665146,-0.026233764,
4476,3055.989314556122,-0.007871024,
4477,3056.629346370697,-0.008668342,
4478,3057.26904463768,-0.009187311,
4479,3057.908735513687,-0.036365755,
4480,3058.548463821411,-0.004099336,
4481,3059.1873667240143,-0.0895195,
4482,3059.826910495758,-0.015334267,
4483,3060.4652621746063,-0.018761478,
4484,3061.1043632030487,-0.060892057,
4485,3061.7449095249176,-0.012757803,
4486,3062.3845052719116,-0.0,
4487,3063.023906469345,-0.027150262,
4488,3063.6645345687866,-0.02900447,
4489,3064.3035356998444,-0.0018555511,
4490,3064.9436576366425,-0.045980297,
4491,3065.5833048820496,-0.02237615,
4492,3066.2222752571106,-0.017576901,
4493,3066.8614971637726,-0.0024729571,
4494,3067.5003383159637,-0.028756145,
4495,3068.1375465393066,-0.0073461886,
4496,3068.7774131298065,-0.0075628283,
4497,3069.4152929782867,-0.04430645,
4498,3070.0540914535522,-0.00043284736,
4499,3070.694256544113,-0.010029792,
4500,3071.831729888916,-0.061118305,
4501,3073.3588452339172,-0.011366043,
4502,3074.003476381302,-0.03541439,
4503,3074.648104429245,-0.00012695792,
4504,3075.2930359840393,-0.024412798,
4505,3075.9388065338135,-0.052848753,
4506,3076.5831637382507,-1.0583184e-06,
4507,3077.2285895347595,-0.009445795,
4508,3077.8737597465515,-0.012916899,
4509,3078.517865896225,-0.0036892255,
4510,3079.1628119945526,-0.036024876,
4511,3079.8052003383636,-0.12708913,
4512,3080.447330713272,-0.054915257,
4513,3081.0911037921906,-0.0018667433,
4514,3081.733021259308,-0.01002624,
4515,3082.374930381775,-0.020464603,
4516,3083.0211136341095,-0.03579075,
4517,3083.6634562015533,-0.03304602,
4518,3084.3065156936646,-0.008273683,
4519,3084.9500045776367,-0.05864836,
4520,3085.5912375450134,-0.018723281,
4521,3086.234344482422,-0.00859777,
4522,3086.8788816928864,-0.006965989,
4523,3087.523155450821,-0.06550758,
4524,3088.1688952445984,-0.012651638,
4525,3088.801294565201,-0.0008823711,
4526,3090.359508037567,-0.011560593,
4527,3090.9995040893555,-0.05560645,
4528,3091.6428837776184,-0.011929914,
4529,3092.2850980758667,-0.06927604,
4530,3092.926321744919,-0.031294294,
4531,3093.5692410469055,-0.014800729,
4532,3094.2105457782745,-0.02511083,
4533,3094.853629589081,-0.055978328,
4534,3095.4971356391907,-0.0089249415,
4535,3096.13965177536,-0.011664432,
4536,3096.7825825214386,-0.014376194,
4537,3097.4253718852997,-0.003343183,
4538,3098.067672252655,-0.0,
4539,3098.711273431778,-0.022662785,
4540,3099.3541343212128,-0.03183586,
4541,3099.9961924552917,-0.029278096,
4542,3100.6397223472595,-0.00036522953,
4543,3101.2812328338623,-0.048203,
4544,3101.9229032993317,-0.032569904,
4545,3102.565282344818,-0.023808567,
4546,3103.205941438675,-0.039019354,
4547,3103.848282814026,-0.062215127,
4548,3104.490113735199,-0.0,
4549,3105.1312713623047,-0.0131979715,
4550,3105.7623529434204,-0.022876637,
4551,3107.2900066375732,-0.013161018,
4552,3107.9290578365326,-0.013065968,
4553,3108.568019390106,-0.027380565,
4554,3109.20819067955,-0.0588656,
4555,3109.8479845523834,-0.0005802357,
4556,3110.486644744873,-0.04263906,
4557,3111.1284260749817,-0.0030712541,
4558,3111.7686643600464,-0.02302494,
4559,3112.407341003418,-0.0,
4560,3113.0474846363068,-0.013875375,
4561,3113.686982870102,-0.024437074,
4562,3114.326582431793,-0.0228904,
4563,3114.966231107712,-4.7938324e-09,
4564,3115.605952978134,-0.045043886,
4565,3116.2455084323883,-0.0016024818,
4566,3116.8855283260345,-0.008775682,
4567,3117.524948120117,-0.023077836,
4568,3118.1640632152557,-0.032998428,
4569,3118.803628206253,-0.0192559,
4570,3119.4423217773438,-0.004138709,
4571,3120.0817189216614,-0.052012034,
4572,3120.721591234207,-0.12825179,
4573,3121.361283302307,-0.0049029733,
4574,3122.0004513263702,-0.01578035,
4575,3122.6282765865326,-0.015528001,
4576,3124.1000673770905,-1.2507662e-06,
4577,3124.7398517131805,-0.029257096,
4578,3125.3816859722137,-0.009105375,
4579,3126.0220551490784,-0.011525099,
4580,3126.662152528763,-0.07140107,
4581,3127.3041887283325,-0.012053768,
4582,3127.944132566452,-0.017104262,
4583,3128.5850217342377,-0.038308468,
4584,3129.2265300750732,-0.120684385,
4585,3129.867367744446,-0.017669516,
4586,3130.5084052085876,-0.004844973,
4587,3131.149987220764,-0.0031599044,
4588,3131.790238380432,-0.046956234,
4589,3132.43221616745,-0.0026647972,
4590,3133.074882745743,-1.2435133e-06,
4591,3133.7166709899902,-0.028198803,
4592,3134.3592281341553,-0.002318171,
4593,3134.999711751938,-0.0077762892,
4594,3135.64075922966,-0.014007267,
4595,3136.283080101013,-0.003823982,
4596,3136.924735546112,-0.026290715,
4597,3137.567470550537,-0.013873809,
4598,3138.210214138031,-0.020786498,
4599,3138.8518257141113,-0.02373744,
4600,3139.991623878479,-0.0039223265,
4601,3141.5648868083954,-0.10016847,
4602,3142.2053146362305,-0.03277945,
4603,3142.8484184741974,-0.010020291,
4604,3143.4903180599213,-0.0007218702,
4605,3144.133017539978,-0.0,
4606,3144.775132894516,-0.02416775,
4607,3145.416640996933,-0.0081719905,
4608,3146.0585124492645,-0.015767902,
4609,3146.7014372348785,-0.004373549,
4610,3147.3444559574127,-0.006480948,
4611,3147.9892625808716,-0.09689064,
4612,3148.6319954395294,-0.0368798,
4613,3149.274214029312,-0.0048237564,
4614,3149.916960954666,-0.017333254,
4615,3150.5602374076843,-0.01710924,
4616,3151.2027320861816,-0.0026944873,
4617,3151.84601020813,-0.019143717,
4618,3152.4875712394714,-0.026649768,
4619,3153.1290175914764,-0.02751217,
4620,3153.771547317505,-0.013472158,
4621,3154.4133558273315,-0.019822996,
4622,3155.055461883545,-0.021995533,
4623,3155.69735121727,-0.02151006,
4624,3156.3386664390564,-0.007646711,
4625,3156.969979763031,-7.3464217e-09,
4626,3158.5192506313324,-0.027440097,
4627,3159.161545276642,-0.014356447,
4628,3159.805679798126,-0.02550643,
4629,3160.449110507965,-0.0265147,
4630,3161.092439174652,-0.06403079,
4631,3161.7348127365112,-0.0107382815,
4632,3162.378509044647,-0.022383545,
4633,3163.0230309963226,-0.026648879,
4634,3163.6665408611298,-0.006691947,
4635,3164.3102102279663,-0.07312618,
4636,3164.9538486003876,-0.04877702,
4637,3165.596808195114,-0.012944746,
4638,3166.2409958839417,-0.009026921,
4639,3166.8845648765564,-0.009309915,
4640,3167.5272624492645,-0.02966276,
4641,3168.1715970039368,-0.014806569,
4642,3168.8151154518127,-0.013680012,
4643,3169.457316637039,-0.002392744,
4644,3170.1007301807404,-0.027725266,
4645,3170.7422416210175,-0.00994588,
4646,3171.384855747223,-0.008309207,
4647,3172.028686285019,-0.021746753,
4648,3172.6709957122803,-0.0,
4649,3173.3142318725586,-0.066899106,
4650,3173.945182323456,-0.008798975,
4651,3175.5069320201874,-0.02069312,
4652,3176.153332710266,-0.009366639,
4653,3176.8021516799927,-0.026231572,
4654,3177.4493260383606,-0.0039246976,
4655,3178.096006631851,-0.00075437565,
4656,3178.7455592155457,-0.049222443,
4657,3179.3930480480194,-0.028301083,
4658,3180.040079832077,-0.0016004448,
4659,3180.68798661232,-0.04064777,
4660,3181.3345079421997,-0.031351507,
4661,3181.9820082187653,-0.007402783,
4662,3182.629776954651,-0.014548908,
4663,3183.2770507335663,-0.008097063,
4664,3183.924117088318,-0.016465802,
4665,3184.571998357773,-0.045405913,
4666,3185.219444513321,-0.01731706,
4667,3185.868019104004,-0.012797834,
4668,3186.51522564888,-0.10463468,
4669,3187.161553621292,-0.0056281774,
4670,3187.807988166809,-0.06284904,
4671,3188.4542438983917,-0.0,
4672,3189.101429462433,-0.037257344,
4673,3189.7478165626526,-0.029088972,
4674,3190.393850326538,-0.0004689096,
4675,3191.0293142795563,-2.2567972e-06,
4676,3192.540241241455,-0.067409724,
4677,3193.187659263611,-0.023399083,
4678,3193.837104320526,-0.01373186,
4679,3194.484592437744,-0.018240506,
4680,3195.1323969364166,-0.004879638,
4681,3195.7801706790924,-0.049609203,
4682,3196.4293835163116,-0.0069103297,
4683,3197.0780131816864,-0.050190713,
4684,3197.726078271866,-0.025183924,
4685,3198.374493122101,-7.959998e-10,
4686,3199.021865606308,-0.030621462,
4687,3199.6695640087128,-0.031032115,
4688,3200.317575931549,-0.027151108,
4689,3200.96529006958,-0.012202915,
4690,3201.6126630306244,-0.06073149,
4691,3202.261090993881,-0.011586339,
4692,3202.908523797989,-0.040965118,
4693,3203.556306362152,-0.018941227,
4694,3204.203775882721,-0.014506593,
4695,3204.850196838379,-0.011406323,
4696,3205.498060941696,-0.012436039,
4697,3206.146166086197,-0.052701324,
4698,3206.7933053970337,-0.0034048562,
4699,3207.4414024353027,-0.0453998,
4700,3208.594833612442,-0.07723457,
4701,3210.0273327827454,-0.030987408,
4702,3210.6700332164764,-0.0024250003,
4703,3211.3132977485657,-0.0032734151,
4704,3211.956310033798,-0.004613921,
4705,3212.6004157066345,-0.019528747,
4706,3213.242842197418,-0.022864528,
4707,3213.884947538376,-0.04724063,
4708,3214.5285336971283,-0.018677747,
4709,3215.171576499939,-0.014780542,
4710,3215.814506292343,-8.833954e-09,
4711,3216.457654237747,-0.010259264,
4712,3217.099600791931,-0.016169611,
4713,3217.742758512497,-0.015937254,
4714,3218.384997844696,-0.012788371,
4715,3219.0277647972107,-0.02903191,
4716,3219.670461654663,-0.015238646,
4717,3220.312757730484,-0.024205917,
4718,3220.954243183136,-0.11138782,
4719,3221.5961463451385,-0.018082352,
4720,3222.237298488617,-0.010701365,
4721,3222.8794634342194,-0.032641258,
4722,3223.521112203598,-0.020062622,
4723,3224.1616957187653,-0.003398442,
4724,3224.8033361434937,-0.00789384,
4725,3225.434873342514,-0.0030000655,
4726,3226.9760406017303,-0.0015378753,
4727,3227.617624282837,-2.0233534e-05,
4728,3228.260397911072,-0.04201781,
4729,3228.903746366501,-0.02035623,
4730,3229.54580616951,-0.002457586,
4731,3230.187531232834,-0.019540705,
4732,3230.829205751419,-0.0,
4733,3231.470695257187,-0.030954992,
4734,3232.112373828888,-0.020659063,
4735,3232.754626274109,-0.029527329,
4736,3233.3968851566315,-0.009801744,
4737,3234.0393834114075,-0.008468008,
4738,3234.6808247566223,-0.007215107,
4739,3235.3218569755554,-0.026514167,
4740,3235.964419364929,-0.031893197,
4741,3236.6050522327423,-0.0015139084,
4742,3237.2461965084076,-0.0015693229,
4743,3237.8873529434204,-0.07235621,
4744,3238.527170419693,-0.042759106,
4745,3239.1676845550537,-0.047202785,
4746,3239.809376478195,-0.007877117,
4747,3240.4487676620483,-0.041199513,
4748,3241.089661359787,-0.017680937,
4749,3241.730344772339,-0.024879184,
4750,3242.359583377838,-0.01639806,
4751,3243.9635803699493,-0.018662099,
4752,3244.6038422584534,-0.05198651,
4753,3245.2446010112762,-0.0053846994,
4754,3245.8839044570923,-0.026796354,
4755,3246.5246489048004,-0.024173107,
4756,3247.164712190628,-4.811824e-10,
4757,3247.8044555187225,-0.025148707,
4758,3248.4452612400055,-0.020659257,
4759,3249.084908246994,-0.024119616,
4760,3249.725166320801,-0.0122814,
4761,3250.3657746315002,-0.046633743,
4762,3251.006600379944,-0.00014248012,
4763,3251.64794421196,-1.7741295e-08,
4764,3252.289225578308,-0.018513056,
4765,3252.9289095401764,-0.03241535,
4766,3253.570251941681,-0.0,
4767,3254.2106409072876,-0.019979745,
4768,3254.8510007858276,-0.00975487,
4769,3255.4912600517273,-0.044191867,
4770,3256.1308467388153,-0.024267571,
4771,3256.7707226276398,-0.0,
4772,3257.4111938476562,-0.048673593,
4773,3258.0505077838898,-0.018113669,
4774,3258.6904225349426,-0.011177428,
4775,3259.3202629089355,-0.005583118,
4776,3260.8163216114044,-0.0041954922,
4777,3261.4563994407654,-0.059352778,
4778,3262.0957667827606,-0.010835774,
4779,3262.7354233264923,-1.1750444e-06,
4780,3263.3731322288513,-0.00020771174,
4781,3264.0121459960938,-0.0038708649,
4782,3264.6505806446075,-0.035980307,
4783,3265.29261469841,-0.009192133,
4784,3265.9317767620087,-0.0,
4785,3266.570634126663,-0.022230469,
4786,3267.209758758545,-0.010411536,
4787,3267.848759651184,-0.009982973,
4788,3268.487622499466,-0.03303523,
4789,3269.1274168491364,-0.018146215,
4790,3269.7683658599854,-0.029010748,
4791,3270.4087088108063,-0.027367136,
4792,3271.047916650772,-0.011421079,
4793,3271.686012506485,-0.019624729,
4794,3272.3249082565308,-0.019160233,
4795,3272.963540792465,-0.02660555,
4796,3273.601985692978,-0.0,
4797,3274.2404713630676,-0.0062587615,
4798,3274.8803038597107,-0.019548615,
4799,3275.519401550293,-0.0,
4800,3276.6523971557617,-0.0032793605,
4801,3278.234578371048,-0.018728409,
4802,3278.8795850276947,-0.007717506,
4803,3279.527227163315,-0.0009880282,
4804,3280.173838853836,-0.013294659,
4805,3280.8204736709595,-0.046827085,
4806,3281.4656896591187,-0.014231732,
4807,3282.112387895584,-0.022530088,
4808,3282.758457183838,-0.012470517,
4809,3283.4027650356293,-0.018403325,
4810,3284.048564195633,-0.025664024,
4811,3284.6944234371185,-0.06049192,
4812,3285.3418505191803,-0.046269543,
4813,3285.9885149002075,-0.009758253,
4814,3286.6342561244965,-0.032258745,
4815,3287.2800545692444,-0.031748362,
4816,3287.9261491298676,-0.0,
4817,3288.5727643966675,-3.026763e-09,
4818,3289.217301607132,-0.02917584,
4819,3289.861555337906,-0.029716775,
4820,3290.506303548813,-0.0012381456,
4821,3291.152076482773,-0.026458964,
4822,3291.797107219696,-0.014104184,
4823,3292.4422698020935,-0.014867991,
4824,3293.0862271785736,-0.021444596,
4825,3293.7188324928284,-0.0,
4826,3295.2851133346558,-0.014753509,
4827,3295.9262640476227,-0.0,
4828,3296.568553209305,-0.0006051993,
4829,3297.2096738815308,-0.0,
4830,3297.850655078888,-0.007577971,
4831,3298.4917764663696,-0.0,
4832,3299.13250374794,-7.046029e-05,
4833,3299.773775100708,-0.01982628,
4834,3300.415564060211,-0.012952429,
4835,3301.056786775589,-0.026482176,
4836,3301.697786092758,-0.02192145,
4837,3302.3382823467255,-0.014701211,
4838,3302.979478120804,-0.010987662,
4839,3303.6207723617554,-0.008632211,
4840,3304.261797428131,-0.028681554,
4841,3304.9018020629883,-3.4510987e-05,
4842,3305.543317079544,-0.011608115,
4843,3306.1832661628723,-0.011365174,
4844,3306.8227546215057,-0.03413488,
4845,3307.462678670883,-0.0052901446,
4846,3308.1029319763184,-0.029431393,
4847,3308.742411375046,-0.009668292,
4848,3309.3824229240417,-0.03732244,
4849,3310.022228240967,-0.008708957,
4850,3310.6521410942078,-0.0,
4851,3312.196442604065,-9.299321e-05,
4852,3312.840276002884,-0.0013103626,
4853,3313.4862456321716,-0.0033067493,
4854,3314.1311025619507,-0.027060343,
4855,3314.7765362262726,-0.028962407,
4856,3315.4227423667908,-0.0076890676,
4857,3316.0669841766357,-0.04433073,
4858,3316.712239265442,-0.0433503,
4859,3317.3588790893555,-0.0042592813,
4860,3318.003394842148,-0.02705019,
4861,3318.648234605789,-0.0051592803,
4862,3319.2935783863068,-0.012524873,
4863,3319.9387719631195,-0.013703426,
4864,3320.584615945816,-0.027052132,
4865,3321.2293949127197,-0.0,
4866,3321.8746371269226,-0.017825166,
4867,3322.5201830863953,-0.0126421,
4868,3323.1646542549133,-0.026348518,
4869,3323.808487176895,-0.0020312285,
4870,3324.453320503235,-0.012643646,
4871,3325.0975568294525,-0.034198754,
4872,3325.742119073868,-0.048929475,
4873,3326.385689496994,-0.0,
4874,3327.0302629470825,-0.015015099,
4875,3327.664073705673,-0.0096321,
4876,3329.154194355011,-0.027896436,
4877,3329.795314311981,-0.014921038,
4878,3330.437777519226,-0.011626331,
4879,3331.0789272785187,-0.0266184,
4880,3331.720807313919,-0.030683223,
4881,3332.362048149109,-0.024316687,
4882,3333.0033011436462,-0.022169862,
4883,3333.643968105316,-0.017227188,
4884,3334.2860589027405,-0.016162124,
4885,3334.9279561042786,-0.009473885,
4886,3335.5692172050476,-0.0,
4887,3336.2107362747192,-0.02590585,
4888,3336.8528110980988,-0.022407789,
4889,3337.5971097946167,-0.018273152,
4890,3338.2382805347443,-0.002764397,
4891,3338.8793103694916,-0.05395177,
4892,3339.520603656769,-0.008407,
4893,3340.161162376404,-0.007604929,
4894,3340.8013982772827,-1.7237719e-08,
4895,3341.4416415691376,-0.0,
4896,3342.0815970897675,-0.00024639248,
4897,3342.721930027008,-1.2469585e-10,
4898,3343.362331390381,-0.012812085,
4899,3344.0028562545776,-0.01827482,
4900,3345.139726638794,-0.021744259,
4901,3346.6753029823303,-0.028721355,
4902,3347.317942380905,-0.0,
4903,3347.9628479480743,-0.008902577,
4904,3348.6075191497803,-0.0014186406,
4905,3349.2520155906677,-0.0053539057,
4906,3349.896861553192,-0.0094990125,
4907,3350.5412876605988,-0.028267765,
4908,3351.186111688614,-0.00087079656,
4909,3351.833384990692,-0.037861332,
4910,3352.4783296585083,-0.008325714,
4911,3353.1226782798767,-0.0,
4912,3353.767376422882,-0.013702441,
4913,3354.4108340740204,-0.008530234,
4914,3355.0524928569794,-0.0,
4915,3355.6944677829742,-0.00016460576,
4916,3356.336626291275,-0.0,
4917,3356.979466676712,-0.0009273887,
4918,3357.6195328235626,-0.0042149522,
4919,3358.260308742523,-6.594405e-06,
4920,3358.9022886753082,-0.0,
4921,3359.5431654453278,-0.028325118,
4922,3360.184238910675,-0.015464,
4923,3360.8258414268494,-0.016193569,
4924,3361.466604948044,-0.00038721345,
4925,3362.0970339775085,-0.033336136,
4926,3363.6375880241394,-0.027662413,
4927,3364.2833602428436,-0.02820859,
4928,3364.9288046360016,-0.0,
4929,3365.5741209983826,-1.5143456e-11,
4930,3366.2190203666687,-0.016635455,
4931,3366.863850593567,-0.000655779,
4932,3367.5081667900085,-0.031562828,
4933,3368.1524555683136,-3.066134e-11,
4934,3368.7977991104126,-0.0,
4935,3369.4426832199097,-0.054614034,
4936,3370.086840391159,-0.010530949,
4937,3370.7317085266113,-0.014498403,
4938,3371.3766572475433,-0.019905988,
4939,3372.021584749222,-0.043474097,
4940,3372.667037963867,-0.021314744,
4941,3373.311846256256,-0.0,
4942,3373.957909822464,-0.0014250034,
4943,3374.6014845371246,-0.02301184,
4944,3375.2454273700714,-0.018339466,
4945,3375.8885328769684,-0.011391543,
4946,3376.532225370407,-0.008392224,
4947,3377.1761441230774,-0.007559639,
4948,3377.819403409958,-0.0,
4949,3378.4629893302917,-0.0,
4950,3379.0957305431366,-0.052731737,
4951,3380.6666688919067,-1.0370423e-08,
4952,3381.3100821971893,-0.010073005,
4953,3381.95396900177,-0.003927967,
4954,3382.5975861549377,-0.02351259,
4955,3383.2417805194855,-0.010452936,
4956,3383.8855459690094,-0.0035487043,
4957,3384.529495239258,-0.016760943,
4958,3385.173912525177,-0.019624328,
4959,3385.8197495937347,-0.0,
4960,3386.4643206596375,-0.010518988,
4961,3387.108334541321,-0.020411832,
4962,3387.753132581711,-0.004142489,
4963,3388.39755487442,-0.011663824,
4964,3389.041690349579,-0.0,
4965,3389.6863062381744,-0.035592943,
4966,3390.330801010132,-0.01294938,
4967,3390.9769043922424,-0.0,
4968,3391.620110988617,-0.0,
4969,3392.264328479767,-0.008625606,
4970,3392.9083364009857,-0.0047218674,
4971,3393.552855014801,-0.04445157,
4972,3394.1963074207306,-0.013803414,
4973,3394.839915037155,-0.006391756,
4974,3395.4834134578705,-0.0139395725,
4975,3396.116332769394,-4.8247705e-07,
4976,3397.692904472351,-0.0066083376,
4977,3398.3324630260468,-0.018172955,
4978,3398.972831964493,-0.008703392,
4979,3399.6122748851776,-0.008017142,
4980,3400.25315451622,-0.021853374,
4981,3400.8944203853607,-0.0067888964,
4982,3401.5343062877655,-8.4419213e-07,
4983,3402.174495458603,-8.90976e-06,
4984,3402.8146798610687,-0.0073398156,
4985,3403.454988002777,-0.04182346,
4986,3404.094219684601,-0.000764109,
4987,3404.7352092266083,-0.0023853169,
4988,3405.3752920627594,-0.0,
4989,3406.01575422287,-0.023158059,
4990,3406.6553428173065,-0.0,
4991,3407.2958681583405,-0.004027233,
4992,3407.9367644786835,-0.0,
4993,3408.575839281082,-0.019829988,
4994,3409.21492767334,-0.011264114,
4995,3409.854687690735,-0.014766617,
4996,3410.4958930015564,-1.0562995e-09,
4997,3411.1350905895233,-0.043329388,
4998,3411.7744510173798,-0.028919306,
4999,3412.4152312278748,-0.00930235,
5000,3413.556996822357,-0.023141023,
5001,3415.0969667434692,-0.010633519,
5002,3415.7362937927246,-0.0019694355,
5003,3416.3780710697174,-0.008815836,
5004,3417.0178644657135,-0.005063816,
5005,3417.658343076706,-0.020776998,
5006,3418.2990233898163,-0.013564324,
5007,3418.9394800662994,-0.013000094,
5008,3419.5807452201843,-0.0,
5009,3420.2219400405884,-0.0010029286,
5010,3420.861538887024,-0.0,
5011,3421.5021464824677,-0.0036017918,
5012,3422.143163204193,-0.058942176,
5013,3422.7849333286285,-8.38663e-07,
5014,3423.425589799881,-0.017452236,
5015,3424.066718816757,-0.010186215,
5016,3424.70774269104,-0.0023061985,
5017,3425.348271369934,-0.015097905,
5018,3425.9876997470856,-0.0,
5019,3426.6275510787964,-0.045415424,
5020,3427.267151594162,-0.028457861,
5021,3427.9072530269623,-0.0,
5022,3428.547417640686,-0.004624461,
5023,3429.1872868537903,-0.017633941,
5024,3429.8279287815094,-0.0,
5025,3430.458080291748,-0.003721514,
5026,3431.9967255592346,-0.0054619904,
5027,3432.6409242153168,-0.030285908,
5028,3433.2849237918854,-0.015525765,
5029,3433.9297816753387,-0.012188023,
5030,3434.5743510723114,-0.044178285,
5031,3435.2177340984344,-0.0044539543,
5032,3435.86101770401,-0.0027579474,
5033,3436.5049798488617,-0.0,
5034,3437.149790763855,-6.9849004e-10,
5035,3437.7937576770782,-0.0,
5036,3438.4366850852966,-0.0,
5037,3439.0795373916626,-0.0002533227,
5038,3439.7235131263733,-0.021818032,
5039,3440.3670427799225,-0.0098326765,
5040,3441.010734319687,-0.010665186,
5041,3441.6539118289948,-0.010296998,
5042,3442.2981288433075,-0.0,
5043,3442.941775083542,-0.020196011,
5044,3443.583374261856,-0.050053593,
5045,3444.2237141132355,-0.005035836,
5046,3444.8648397922516,-0.0057172542,
5047,3445.5061876773834,-0.0131451525,
5048,3446.1473870277405,-0.0009020826,
5049,3446.79288649559,-0.018553395,
5050,3447.423360109329,-0.011282317,
5051,3449.001273870468,-5.1224174e-06,
5052,3449.6380100250244,-0.0,
5053,3450.2768137454987,-0.001070208,
5054,3450.916012763977,-0.026703937,
5055,3451.5560240745544,-0.0010803218,
5056,3452.195863008499,-0.018183244,
5057,3452.835548400879,-1.5136768e-06,
5058,3453.4769356250763,-0.010651283,
5059,3454.118259906769,-0.0061798086,
5060,3454.75838971138,-0.011395078,
5061,3455.3990516662598,-0.0103469435,
5062,3456.0394999980927,-3.9695655e-10,
5063,3456.681145429611,-0.010111846,
5064,3457.321145772934,-0.00395276,
5065,3457.9613692760468,-0.021033239,
5066,3458.603191614151,-0.0015243888,
5067,3459.2445147037506,-0.010148686,
5068,3459.8848192691803,-0.010546826,
5069,3460.5259776115417,-0.003959028,
5070,3461.1659994125366,-0.03173368,
5071,3461.805418729782,-0.0015479258,
5072,3462.445757627487,-0.00074788154,
5073,3463.0858149528503,-0.0,
5074,3463.7254338264465,-0.0,
5075,3464.354885816574,-0.0,
5076,3465.8756902217865,-0.017197195,
5077,3466.513407468796,-0.017028026,
5078,3467.1504559516907,-0.01884081,
5079,3467.7875742912292,-0.0013297396,
5080,3468.424992084503,-0.022990135,
5081,3469.0627901554108,-0.0,
5082,3469.7000770568848,-0.01655393,
5083,3470.33798456192,-0.030898318,
5084,3470.9754734039307,-0.024207141,
5085,3471.6136467456818,-0.017558213,
5086,3472.251311302185,-0.018750083,
5087,3472.8898029327393,-0.039182536,
5088,3473.5278244018555,-0.013502644,
5089,3474.165601491928,-0.009902762,
5090,3474.804039478302,-0.0004280725,
5091,3475.4422941207886,-0.0043447656,
5092,3476.0809268951416,-0.027075734,
5093,3476.718162059784,-0.042464398,
5094,3477.355014562607,-0.048065968,
5095,3477.991422891617,-0.0,
5096,3478.6288969516754,-0.0025356817,
5097,3479.265937566757,-0.011995448,
5098,3479.903391122818,-0.026180465,
5099,3480.5408132076263,-0.0027216189,
5100,3481.6736249923706,-0.0,
5101,3483.240077972412,-0.009929647,
5102,3483.880184173584,-0.003015713,
5103,3484.521894931793,-0.016550219,
5104,3485.162009239197,-0.0,
5105,3485.8043060302734,-0.039564136,
5106,3486.4463369846344,-0.015762432,
5107,3487.087205171585,-0.020860285,
5108,3487.728282928467,-5.0224406e-07,
5109,3488.3695566654205,-0.009779699,
5110,3489.009693622589,-8.3749654e-07,
5111,3489.6507120132446,-0.004121495,
5112,3490.2917687892914,-0.0,
5113,3490.933032512665,-0.009281505,
5114,3491.574313402176,-0.00042387104,
5115,3492.2142899036407,-0.0,
5116,3492.8558769226074,-0.022418188,
5117,3493.497825860977,-0.03190536,
5118,3494.139052629471,-0.05532705,
5119,3494.7790763378143,-0.0036715446,
5120,3495.4197902679443,-0.041080397,
5121,3496.060439348221,-1.1522013e-05,
5122,3496.700950860977,-0.0027357282,
5123,3497.3423285484314,-0.052943997,
5124,3497.984053134918,-0.0032105937,
5125,3498.612828731537,-0.0,
5126,3500.148598432541,-0.0,
5127,3500.7908103466034,-0.026178528,
5128,3501.434138774872,-0.0029350119,
5129,3502.0773730278015,-0.010102292,
5130,3502.7215094566345,-0.014824152,
5131,3503.3649916648865,-0.02067371,
5132,3504.0082507133484,-5.6289373e-06,
5133,3504.6519989967346,-0.010482829,
5134,3505.295708179474,-0.019541351,
5135,3505.9393980503082,-0.026247727,
5136,3506.583292722702,-0.008434354,
5137,3507.227749109268,-0.0075123687,
5138,3507.8722393512726,-0.0102809295,
5139,3508.515896320343,-0.006357524,
5140,3509.1595928668976,-0.013595248,
5141,3509.803026676178,-0.007003232,
5142,3510.44752573967,-0.005541287,
5143,3511.089696407318,-0.025796223,
5144,3511.732795715332,-0.0038482177,
5145,3512.3742728233337,-0.0051021315,
5146,3513.017074584961,-0.04093589,
5147,3513.6597349643707,-0.023375737,
5148,3514.303146123886,-0.0,
5149,3514.9468948841095,-0.020970505,
5150,3515.5788853168488,-0.0073313224,
5151,3517.125774860382,-0.009248362,
5152,3517.7636818885803,-0.0,
5153,3518.4023928642273,-0.0,
5154,3519.04056596756,-0.0,
5155,3519.6778218746185,-0.017535051,
5156,3520.317034482956,-0.013124275,
5157,3520.955323457718,-0.009850813,
5158,3521.5946905612946,-0.0072221123,
5159,3522.234100818634,-0.014520639,
5160,3522.872188806534,-0.0067357384,
5161,3523.5107550621033,-0.0,
5162,3524.1482787132263,-0.0030130795,
5163,3524.786623954773,-0.030893099,
5164,3525.4247403144836,-0.024260206,
5165,3526.0628521442413,-0.022733085,
5166,3526.70166683197,-0.0211559,
5167,3527.341117620468,-0.0,
5168,3527.978223800659,-8.063994e-11,
5169,3528.6159162521362,-0.016454779,
5170,3529.2537248134613,-0.03817269,
5171,3529.891106367111,-0.008344163,
5172,3530.528313398361,-0.00530795,
5173,3531.165164709091,-0.009614203,
5174,3531.8022046089172,-0.013379682,
5175,3532.429403066635,-0.0,
5176,3533.96249628067,-0.01470497,
5177,3534.600339651108,-0.0037079186,
5178,3535.2384054660797,-6.4610904e-05,
5179,3535.8764340877533,-0.027077768,
5180,3536.5155158042908,-0.015258775,
5181,3537.1536588668823,-0.0033389356,
5182,3537.7931339740753,-0.011064617,
5183,3538.432569503784,-0.021357842,
5184,3539.0718631744385,-0.027069064,
5185,3539.712446451187,-0.05348161,
5186,3540.3507170677185,-7.6060175e-08,
5187,3540.9887397289276,-0.0016489493,
5188,3541.6265280246735,-0.019409273,
5189,3542.2650060653687,-0.023522938,
5190,3542.902784347534,-0.02402274,
5191,3543.541004896164,-0.0001319093,
5192,3544.1782331466675,-0.019294083,
5193,3544.815694332123,-0.004010372,
5194,3545.4525043964386,-0.0032856106,
5195,3546.090499162674,-0.05317048,
5196,3546.7289142608643,-0.018760707,
5197,3547.366505384445,-0.018080514,
5198,3548.003374814987,-0.0034943896,
5199,3548.640882730484,-0.009307078,
5200,3549.7772829532623,-0.0321827,
5201,3551.1934039592743,-0.013727935,
5202,3551.8336746692657,-0.0,
5203,3552.474706172943,-0.004544729,
5204,3553.116754770279,-0.023318637,
5205,3553.7587678432465,-0.00074050867,
5206,3554.4000606536865,-0.034118723,
5207,3555.0410385131836,-0.06595953,
5208,3555.6829841136932,-2.3283044e-10,
5209,3556.324422597885,-0.011402437,
5210,3556.9659049510956,-0.028341424,
5211,3557.608631849289,-0.011154928,
5212,3558.2499969005585,-0.0036946088,
5213,3558.891218662262,-0.014169666,
5214,3559.5326828956604,-4.6759703e-09,
5215,3560.1739807128906,-0.025173929,
5216,3560.81570148468,-0.006760373,
5217,3561.4576137065887,-0.0054673245,
5218,3562.098311185837,-0.00031448135,
5219,3562.739436864853,-0.13122968,
5220,3563.37885928154,-0.0,
5221,3564.020540714264,-0.030849237,
5222,3564.661733150482,-0.004276316,
5223,3565.302393913269,-0.00010106355,
5224,3565.9432735443115,-0.023104126,
5225,3566.5748960971832,-0.026194878,
5226,3568.1069779396057,-0.011912041,
5227,3568.749988079071,-0.009259755,
5228,3569.392293691635,-0.0,
5229,3570.034530878067,-0.004162858,
5230,3570.6778721809387,-0.0,
5231,3571.320781469345,-0.025464887,
5232,3571.9632024765015,-0.019869868,
5233,3572.6063826084137,-0.0001200654,
5234,3573.249239206314,-0.0,
5235,3573.892172574997,-0.016144004,
5236,3574.5337948799133,-0.028820444,
5237,3575.175621986389,-0.0,
5238,3575.818530321121,-0.0014103348,
5239,3576.4613964557648,-5.876692e-06,
5240,3577.1036009788513,-0.0111965,
5241,3577.7466237545013,-0.011347037,
5242,3578.389425754547,-0.0023733976,
5243,3579.030992746353,-0.011982363,
5244,3579.6722524166107,-0.0047603287,
5245,3580.314219236374,-0.040689543,
5246,3580.9556381702423,-0.0,
5247,3581.5962784290314,-0.020848406,
5248,3582.237242460251,-0.0097427955,
5249,3582.878171682358,-0.032073714,
5250,3583.510032892227,-0.016636528,
5251,3585.0743083953857,-0.023322852,
5252,3585.7141506671906,-0.0031948728,
5253,3586.356297969818,-0.010792213,
5254,3586.9965965747833,-0.04973258,
5255,3587.636706829071,-0.0,
5256,3588.278881549835,-0.0050165206,
5257,3588.918812274933,-0.018734483,
5258,3589.559251308441,-0.020974185,
5259,3590.2006390094757,-9.198245e-11,
5260,3590.8415184020996,-0.009236795,
5261,3591.481845855713,-0.014924495,
5262,3592.122866630554,-0.0,
5263,3592.7642061710358,-0.02783365,
5264,3593.40732049942,-0.0058484217,
5265,3594.0494430065155,-0.016329624,
5266,3594.692228794098,-0.020688504,
5267,3595.3346676826477,-0.01004813,
5268,3595.976532936096,-0.048026115,
5269,3596.6176385879517,-0.0041742413,
5270,3597.259575366974,-3.6284808e-09,
5271,3597.9017612934113,-5.7322564e-09,
5272,3598.5432024002075,-0.0026948322,
5273,3599.184357404709,-0.03405412,
5274,3599.827351331711,-0.0,
5275,3600.4588227272034,-0.005832393,
5276,3601.998918056488,-0.031793784,
5277,3602.636241912842,-0.005058951,
5278,3603.2747988700867,-0.026604302,
5279,3603.913034915924,-0.005824672,
5280,3604.5513508319855,-0.0023766386,
5281,3605.1893022060394,-0.055926226,
5282,3605.826839208603,-0.018045982,
5283,3606.464271068573,-0.0,
5284,3607.1022505760193,-0.00064661744,
5285,3607.74089884758,-0.0032355199,
5286,3608.3792884349823,-0.005606856,
5287,3609.0171728134155,-0.0,
5288,3609.6540994644165,-0.026368156,
5289,3610.2916424274445,-0.0013145579,
5290,3610.9295752048492,-0.021992598,
5291,3611.5669910907745,-0.0,
5292,3612.205109834671,-0.0,
5293,3612.842558145523,-0.01599769,
5294,3613.4782633781433,-0.01666601,
5295,3614.1154088974,-0.017729953,
5296,3614.7526285648346,-5.6156347e-07,
5297,3615.389540195465,-0.0016680389,
5298,3616.0266211032867,-0.03269055,
5299,3616.6639063358307,-0.0014726704,
5300,3617.797620534897,-0.0,
5301,3619.3607075214386,-0.00937042,
5302,3620.003772497177,-0.0055940277,
5303,3620.6461901664734,-0.0,
5304,3621.2891342639923,-0.0077592605,
5305,3621.930684328079,-0.0058580292,
5306,3622.5732905864716,-2.017864e-10,
5307,3623.215888977051,-0.0012563013,
5308,3623.8573513031006,-0.0,
5309,3624.5004794597626,-1.3282728e-09,
5310,3625.143681049347,-0.054477125,
5311,3625.7846138477325,-0.010183427,
5312,3626.4246487617493,-2.1821766e-06,
5313,3627.065612077713,-0.0,
5314,3627.7065875530243,-0.005628441,
5315,3628.3513746261597,-0.0,
5316,3628.9918026924133,-0.011370422,
5317,3629.6331622600555,-0.010554895,
5318,3630.2729156017303,-0.024644682,
5319,3630.9120712280273,-5.8806172e-08,
5320,3631.5520298480988,-0.0010622384,
5321,3632.1925086975098,-0.0,
5322,3632.833798646927,-0.010532409,
5323,3633.475444316864,-0.0,
5324,3634.1174063682556,-0.0,
5325,3634.748999118805,-0.0,
5326,3636.256649494171,-0.022940466,
5327,3636.8945887088776,-0.025428416,
5328,3637.532618999481,-0.0076180417,
5329,3638.1696333885193,-0.01954732,
5330,3638.806549310684,-0.01592465,
5331,3639.4447903633118,-0.0,
5332,3640.0822575092316,-0.0044468315,
5333,3640.7203407287598,-0.018310472,
5334,3641.3590064048767,-0.015596152,
5335,3641.996762037277,-4.156309e-10,
5336,3642.6348719596863,-0.011157023,
5337,3643.2728567123413,-1.3679024e-08,
5338,3643.9111166000366,-0.0,
5339,3644.549162864685,-1.9830797e-07,
5340,3645.1868596076965,-0.012171055,
5341,3645.8247244358063,-0.04304539,
5342,3646.4645845890045,-0.009998054,
5343,3647.1003034114838,-4.9879973e-06,
5344,3647.7375116348267,-0.025377324,
5345,3648.374026298523,-0.034498136,
5346,3649.0110156536102,-0.0015118663,
5347,3649.6476168632507,-0.0,
5348,3650.2846586704254,-0.0032623373,
5349,3650.922712802887,-0.0387923,
5350,3651.54918384552,-0.0,
5351,3653.0637714862823,-0.002312075,
5352,3653.703533887863,-0.0017226033,
5353,3654.344878435135,-0.010114891,
5354,3654.986063718796,-0.01715042,
5355,3655.628125667572,-0.0123058185,
5356,3656.268407344818,-0.0020939219,
5357,3656.9080266952515,-0.002587553,
5358,3657.5489888191223,-0.0055683213,
5359,3658.1897354125977,-4.927988e-09,
5360,3658.8300638198853,-0.002808279,
5361,3659.4702475070953,-0.011877615,
5362,3660.111424922943,-1.18082835e-05,
5363,3660.752795934677,-1.565248e-11,
5364,3661.3941254615784,-0.0,
5365,3662.0344274044037,-0.014112428,
5366,3662.675406932831,-0.009343017,
5367,3663.3172137737274,-0.0044881683,
5368,3663.9578332901,-0.04701701,
5369,3664.5972185134888,-0.0,
5370,3665.236430644989,-0.01088704,
5371,3665.8754739761353,-0.0,
5372,3666.5160427093506,-0.011678231,
5373,3667.1558935642242,-0.0045980383,
5374,3667.7953119277954,-0.01702751,
5375,3668.423864841461,-0.0,
5376,3669.9110238552094,-0.011585538,
5377,3670.55126786232,-0.0,
5378,3671.194636821747,-0.014462506,
5379,3671.8347668647766,-0.042791784,
5380,3672.47497010231,-0.0024565745,
5381,3673.1146636009216,-0.0,
5382,3673.7546093463898,-0.02313014,
5383,3674.3947966098785,-0.0,
5384,3675.0349094867706,-0.008886578,
5385,3675.6751766204834,-0.0,
5386,3676.3154771327972,-0.028824005,
5387,3676.955860376358,-0.010180833,
5388,3677.595279455185,-0.010235418,
5389,3678.2355873584747,-2.8780291e-06,
5390,3678.8761274814606,-0.03825006,
5391,3679.5156831741333,-4.5430364e-11,
5392,3680.1556539535522,-2.4395897e-05,
5393,3680.7958974838257,-0.004655511,
5394,3681.43470621109,-7.014126e-10,
5395,3682.0735948085785,-0.0,
5396,3682.713563680649,-0.03449642,
5397,3683.353842973709,-0.0,
5398,3683.993280649185,-0.025695274,
5399,3684.6318640708923,-0.0003446297,
5400,3685.767087697983,-0.006992073,
5401,3687.307388305664,-0.00514292,
5402,3687.950996160507,-0.025930747,
5403,3688.5946238040924,-0.016170805,
5404,3689.2381443977356,-0.0041561075,
5405,3689.882146835327,-0.029502425,
5406,3690.524729013443,-0.0,
5407,3691.1664745807648,-5.3420877e-06,
5408,3691.8090522289276,-0.029407859,
5409,3692.451001882553,-0.008043277,
5410,3693.093501329422,-0.0038091892,
5411,3693.7366268634796,-0.020800944,
5412,3694.3789842128754,-0.010579066,
5413,3695.020717382431,-0.021093758,
5414,3695.6624665260315,-0.010425129,
5415,3696.3042409420013,-0.011686712,
5416,3696.9462773799896,-0.0,
5417,3697.5883164405823,-0.0,
5418,3698.2295393943787,-3.1520416e-05,
5419,3698.8717274665833,-0.024810331,
5420,3699.5132582187653,-0.012569344,
5421,3700.155622959137,-0.02211624,
5422,3700.797079563141,-9.0929325e-07,
5423,3701.4384591579437,-0.029671509,
5424,3702.080572128296,-0.006017852,
5425,3702.7112123966217,-0.0,
5426,3704.2586369514465,-2.5831048e-07,
5427,3704.895848751068,-0.0055389386,
5428,3705.533486843109,-0.0,
5429,3706.171384334564,-0.025204016,
5430,3706.8089516162872,-0.008155176,
5431,3707.4474534988403,-0.01646215,
5432,3708.0839083194733,-0.0,
5433,3708.72119808197,-0.0024788429,
5434,3709.357923269272,-0.0,
5435,3709.996219396591,-0.0,
5436,3710.6331448554993,-0.0026113393,
5437,3711.2700011730194,-0.035855714,
5438,3711.907239675522,-0.02342006,
5439,3712.5447516441345,-7.761019e-11,
5440,3713.1811757087708,-0.01989232,
5441,3713.818196773529,-0.0,
5442,3714.457264184952,-0.0,
5443,3715.0960988998413,-0.014006341,
5444,3715.7322323322296,-0.0,
5445,3716.3689630031586,-0.0049633137,
5446,3717.005265712738,-0.007354985,
5447,3717.6419496536255,-0.011758836,
5448,3718.278604745865,-0.01842361,
5449,3718.9148960113525,-0.0,
5450,3719.5416679382324,-1.0775729e-08,
5451,3721.1076049804688,-0.011962322,
5452,3721.7502613067627,-0.0,
5453,3722.3932893276215,-0.009672317,
5454,3723.0361185073853,-1.8133793e-08,
5455,3723.6785640716553,-0.0103242695,
5456,3724.321387529373,-0.0,
5457,3724.963613510132,-0.01889774,
5458,3725.6072244644165,-0.012654521,
5459,3726.253104686737,-0.0,
5460,3726.897655725479,-0.013447637,
5461,3727.5418367385864,-3.1840083e-11,
5462,3728.185597896576,-0.017939245,
5463,3728.8294909000397,-0.0,
5464,3729.4728474617004,-0.05625847,
5465,3730.11563372612,-0.0,
5466,3730.7582335472107,-0.0,
5467,3731.402095079422,-0.0033244605,
5468,3732.044480085373,-0.0010380559,
5469,3732.686543941498,-0.02044667,
5470,3733.3291907310486,-0.0,
5471,3733.972865819931,-0.0,
5472,3734.6153995990753,-0.012440447,
5473,3735.2569448947906,-0.0,
5474,3735.8984093666077,-0.007131484,
5475,3736.531106710434,-0.017976217,
5476,3738.04958820343,-0.0049305623,
5477,3738.6909127235413,-0.0114513105,
5478,3739.3348054885864,-0.02574673,
5479,3739.9782543182373,-0.00011768094,
5480,3740.6208131313324,-6.3861955e-10,
5481,3741.263569355011,-0.013562098,
5482,3741.906230211258,-0.011623982,
5483,3742.5488045215607,-0.0015947806,
5484,3743.191693544388,-0.0,
5485,3743.8353021144867,-0.011753813,
5486,3744.478409767151,-0.013335867,
5487,3745.1212861537933,-0.0012371906,
5488,3745.7649478912354,-0.0052775494,
5489,3746.408837556839,-4.7875126e-10,
5490,3747.051554441452,-0.016813755,
5491,3747.694427251816,-0.0077972887,
5492,3748.336376428604,-0.0015006915,
5493,3748.9786972999573,-0.0037308366,
5494,3749.6218271255493,-0.017939113,
5495,3750.2637782096863,-0.0,
5496,3750.9054436683655,-0.00905563,
5497,3751.5479531288147,-0.011239467,
5498,3752.190733909607,-0.0,
5499,3752.833228111267,-0.0,
5500,3753.981771469116,-0.0068037254,
5501,3755.5783727169037,-1.5785127e-11,
5502,3756.2197268009186,-1.5808199e-07,
5503,3756.863272190094,-0.0036447058,
5504,3757.506000518799,-0.028900404,
5505,3758.14826130867,-0.018035626,
5506,3758.7925548553467,-0.013023594,
5507,3759.43532538414,-0.0056930524,
5508,3760.0786752700806,-0.00010504359,
5509,3760.7213990688324,-1.7707545e-09,
5510,3761.3645329475403,-0.0,
5511,3762.007310152054,-0.016751604,
5512,3762.650675058365,-0.005255237,
5513,3763.2934255599976,-0.009057689,
5514,3763.935706615448,-0.038728986,
5515,3764.578453540802,-0.0,
5516,3765.221314907074,-0.011858156,
5517,3765.864515542984,-0.004269926,
5518,3766.506237268448,-0.022016078,
5519,3767.1489095687866,-7.064958e-06,
5520,3767.790744781494,-0.0038154954,
5521,3768.4326281547546,-0.013130939,
5522,3769.074189901352,-0.0070546316,
5523,3769.716148376465,-0.012190298,
5524,3770.3584339618683,-0.0,
5525,3770.989621400833,-0.010161368,
5526,3772.5271010398865,-0.011250812,
5527,3773.1707372665405,-0.00824623,
5528,3773.8136868476868,-0.0029134124,
5529,3774.4568626880646,-0.0011258794,
5530,3775.099673271179,-0.029155008,
5531,3775.742423057556,-0.003940685,
5532,3776.3851811885834,-0.013440404,
5533,3777.0270578861237,-0.00563744,
5534,3777.670086622238,-0.0019664217,
5535,3778.3125150203705,-1.5330412e-11,
5536,3778.955686569214,-0.012104102,
5537,3779.7027592658997,-0.0032193358,
5538,3780.346343755722,-0.0,
5539,3780.989302635193,-0.016858282,
5540,3781.6329295635223,-0.030143363,
5541,3782.2756526470184,-0.056564003,
5542,3782.9195222854614,-0.02166787,
5543,3783.5613136291504,-0.0,
5544,3784.203686475754,-0.033035148,
5545,3784.846352815628,-0.06518803,
5546,3785.488649368286,-0.014174417,
5547,3786.1314656734467,-0.0059592323,
5548,3786.7744479179382,-0.0,
5549,3787.4178142547607,-0.032294247,
5550,3788.050840854645,-0.0,
5551,3789.5375332832336,-0.0,
5552,3790.1757414340973,-1.4483559e-06,
5553,3790.8148641586304,-0.0049925703,
5554,3791.452739238739,-0.010990635,
5555,3792.0922005176544,-0.013892681,
5556,3792.731032848358,-0.009571186,
5557,3793.368829727173,-0.0,
5558,3794.0075373649597,-0.022322632,
5559,3794.645604610443,-0.010463849,
5560,3795.283995628357,-0.016192863,
5561,3795.922008037567,-0.0073041003,
5562,3796.5601541996,-0.009260856,
5563,3797.1983408927917,-0.00475413,
5564,3797.836702108383,-0.0,
5565,3798.475163936615,-8.817682e-06,
5566,3799.1139590740204,-0.034130007,
5567,3799.7524490356445,-0.0,
5568,3800.389033794403,-0.013103936,
5569,3801.02579331398,-0.035874683,
5570,3801.665603876114,-0.0,
5571,3802.30340051651,-0.009173496,
5572,3802.941159248352,-0.010757138,
5573,3803.5785064697266,-1.7892295e-05,
5574,3804.2161769866943,-0.0,
5575,3804.84223484993,-0.0,
5576,3806.429134130478,-0.027788043,
5577,3807.0701756477356,-0.0,
5578,3807.7099595069885,-0.0,
5579,3808.3491961956024,-0.003092319,
5580,3808.9876368045807,-0.0,
5581,3809.62704873085,-0.0,
5582,3810.2657051086426,-6.317793e-08,
5583,3810.9068365097046,-0.034529127,
5584,3811.546438217163,-4.2749163e-10,
5585,3812.1860575675964,-0.0,
5586,3812.824235200882,-0.0,
5587,3813.4624614715576,-1.2044319e-07,
5588,3814.101528406143,-0.0,
5589,3814.742089986801,-0.010063222,
5590,3815.380304336548,-0.0,
5591,3816.0192325115204,-0.01158271,
5592,3816.658148288727,-0.0,
5593,3817.2961509227753,-0.0,
5594,3817.9341266155243,-8.261078e-10,
5595,3818.5720777511597,-0.0,
5596,3819.2099690437317,-4.4767365e-10,
5597,3819.847452878952,-0.004600899,
5598,3820.4842069149017,-0.0,
5599,3821.1223726272583,-0.022107283,
5600,3822.2575976848602,-0.0,
5601,3823.778215408325,-0.0203184,
5602,3824.421199798584,-0.0,
5603,3825.0650115013123,-0.00051103573,
5604,3825.7080388069153,-0.02523947,
5605,3826.3517537117004,-0.0,
5606,3826.994755268097,-0.0,
5607,3827.6366453170776,-0.0,
5608,3828.279482126236,-0.020363383,
5609,3828.922998189926,-0.007138703,
5610,3829.5663986206055,-0.014801574,
5611,3830.2096190452576,-0.004471705,
5612,3830.852562904358,-0.0,
5613,3831.495905160904,-0.007211086,
5614,3832.1392040252686,-0.0,
5615,3832.7821686267853,-0.015986515,
5616,3833.4260301589966,-5.9432572e-05,
5617,3834.0689704418182,-6.965971e-10,
5618,3834.7108800411224,-0.0038037486,
5619,3835.353125333786,-0.0,
5620,3835.99493598938,-0.011362453,
5621,3836.636157989502,-0.012326268,
5622,3837.278550386429,-0.017177721,
5623,3837.920585632324,-0.015254059,
5624,3838.563543319702,-0.0,
5625,3839.194370031357,-0.004189932,
5626,3840.741804599762,-0.0,
5627,3841.387070417404,-0.0020908476,
5628,3842.0328307151794,-0.003549187,
5629,3842.67795586586,-0.012397699,
5630,3843.322846889496,-0.0,
5631,3843.968547821045,-0.0,
5632,3844.6136894226074,-0.019026443,
5633,3845.2596883773804,-0.0,
5634,3845.9059648513794,-0.007493811,
5635,3846.5511848926544,-0.016130615,
5636,3847.197169303894,-0.012720563,
5637,3847.8427085876465,-0.0,
5638,3848.4885592460632,-0.014287806,
5639,3849.1339201927185,-0.024998624,
5640,3849.779077768326,-0.0,
5641,3850.4243545532227,-6.230655e-09,
5642,3851.070407629013,-0.0094719855,
5643,3851.7151639461517,-0.015569974,
5644,3852.3594698905945,-0.0015784896,
5645,3853.003735303879,-1.6093587e-08,
5646,3853.6485912799835,-0.025083564,
5647,3854.293778657913,-3.7658435e-07,
5648,3854.9390802383423,-0.0,
5649,3855.5849628448486,-0.024557818,
5650,3856.219133615494,-0.006091806,
5651,3857.787250518799,-0.00940417,
5652,3858.4259889125824,-0.00022815877,
5653,3859.0662643909454,-0.025216026,
5654,3859.705532312393,-0.006828193,
5655,3860.3458755016327,-0.0,
5656,3860.9853105545044,-0.03336416,
5657,3861.6240072250366,-0.03279353,
5658,3862.263780593872,-0.0,
5659,3862.9040274620056,-0.004763858,
5660,3863.5428824424744,-0.0024091066,
5661,3864.181398153305,-0.0,
5662,3864.8200323581696,-1.929247e-08,
5663,3865.4599578380585,-0.013144954,
5664,3866.0995132923126,-0.0059586586,
5665,3866.7392706871033,-0.004613174,
5666,3867.3788006305695,-0.0,
5667,3868.019607782364,-0.0,
5668,3868.658264398575,-9.224806e-06,
5669,3869.297524213791,-0.067280725,
5670,3869.935495376587,-0.0247443,
5671,3870.574935913086,-0.037166327,
5672,3871.213416337967,-0.0,
5673,3871.851484775543,-1.1022479e-06,
5674,3872.49027299881,-0.01825587,
5675,3873.117796421051,-0.0062879436,
5676,3874.6557455062866,-0.003523763,
5677,3875.3007502555847,-0.0003711507,
5678,3875.946704387665,-0.0,
5679,3876.5918226242065,-0.00017804748,
5680,3877.236709356308,-0.0010452004,
5681,3877.8818962574005,-0.0,
5682,3878.52712225914,-0.010034062,
5683,3879.1726655960083,-1.4755837e-08,
5684,3879.8186342716217,-2.6887899e-09,
5685,3880.464327096939,-0.0,
5686,3881.1097118854523,-0.013209634,
5687,3881.754923582077,-0.030828258,
5688,3882.399825334549,-0.007988845,
5689,3883.0449323654175,-0.003326653,
5690,3883.690083026886,-0.032685157,
5691,3884.3366084098816,-0.0031422672,
5692,3884.9826426506042,-0.0012930086,
5693,3885.6277306079865,-0.0034359917,
5694,3886.272579431534,-0.019520743,
5695,3886.916702270508,-0.0,
5696,3887.5614578723907,-0.0,
5697,3888.2067182064056,-0.00590806,
5698,3888.8527438640594,-0.0077357353,
5699,3889.4978442192078,-0.0028237451,
5700,3890.6481635570526,-1.5393761e-11,
5701,3892.22247838974,-0.0,
5702,3892.861454963684,-3.6090785e-08,
5703,3893.501809120178,-0.0,
5704,3894.1421859264374,-2.706216e-07,
5705,3894.782815217972,-0.0,
5706,3895.4224302768707,-1.0736603e-09,
5707,3896.0619990825653,-0.0,
5708,3896.704904794693,-0.008820101,
5709,3897.3448090553284,-0.007944778,
5710,3897.985109567642,-0.018564632,
5711,3898.625561952591,-0.0,
5712,3899.2658104896545,-0.0007551457,
5713,3899.907872915268,-0.0048081917,
5714,3900.5479538440704,-0.005572264,
5715,3901.189858675003,-0.002483329,
5716,3901.83215880394,-0.009157244,
5717,3902.473710536957,-0.0,
5718,3903.1159501075745,-0.0,
5719,3903.757660150528,-0.028423047,
5720,3904.3989222049713,-2.6896008e-09,
5721,3905.0405099391937,-0.0,
5722,3905.681616306305,-0.0,
5723,3906.322458267212,-0.0054308632,
5724,3906.963713645935,-0.0,
5725,3907.594103574753,-0.002854751,
5726,3909.208797454834,-0.014179984,
5727,3909.854759454727,-0.0,
5728,3910.5021760463715,-0.0,
5729,3911.1490931510925,-0.028418295,
5730,3911.7947838306427,-1.7167235e-11,
5731,3912.4417333602905,-2.373436e-07,
5732,3913.0882596969604,-1.1369942e-05,
5733,3913.735570669174,-0.0,
5734,3914.383275985718,-0.0032792944,
5735,3915.0308005809784,-0.0030111056,
5736,3915.6778230667114,-0.0,
5737,3916.325334072113,-0.0027133245,
5738,3916.97083067894,-1.1960935e-07,
5739,3917.617831468582,-0.019432737,
5740,3918.2658722400665,-0.009204541,
5741,3918.9117333889008,-0.0,
5742,3919.558375597,-0.0,
5743,3920.204902410507,-0.018110767,
5744,3920.850426197052,-0.02535052,
5745,3921.4963512420654,-0.0,
5746,3922.142945766449,-0.0,
5747,3922.788891553879,-0.0,
5748,3923.435643672943,-0.018416217,
5749,3924.0812203884125,-0.022026349,
5750,3924.7162754535675,-0.011381823,
5751,3926.280780315399,-0.018695297,
5752,3926.921029806137,-0.0,
5753,3927.5616941452026,-0.00021089178,
5754,3928.20378446579,-0.015599918,
5755,3928.845321416855,-2.6682656e-10,
5756,3929.4852685928345,-0.0,
5757,3930.1254963874817,-0.022888493,
5758,3930.765862464905,-0.0122159785,
5759,3931.405552148819,-0.0027784177,
5760,3932.0461552143097,-0.0,
5761,3932.6870410442352,-0.0015616419,
5762,3933.328766107559,-0.0,
5763,3933.970234632492,-0.0,
5764,3934.6105723381042,-1.5267582e-11,
5765,3935.250827074051,-0.009911866,
5766,3935.8918890953064,-0.003400244,
5767,3936.5322086811066,-0.009246156,
5768,3937.172951698303,-0.0,
5769,3937.8127307891846,-0.007945506,
5770,3938.4519543647766,-0.0021366896,
5771,3939.0920736789703,-0.0038489227,
5772,3939.7317385673523,-0.005894581,
5773,3940.371511697769,-1.7602642e-06,
5774,3941.0116963386536,-0.028621113,
5775,3941.639893770218,-0.0,
5776,3943.1398429870605,-0.012714845,
5777,3943.78581905365,-0.0019143949,
5778,3944.432191848755,-0.020087732,
5779,3945.078204393387,-0.0,
5780,3945.723961830139,-0.028972449,
5781,3946.3709468841553,-1.148879e-05,
5782,3947.016824245453,-0.008309813,
5783,3947.66366815567,-0.009980459,
5784,3948.3099875450134,-0.0,
5785,3948.9560675621033,-0.006218318,
5786,3949.60347366333,-0.0,
5787,3950.249336242676,-0.025428995,
5788,3950.8958966732025,-0.0024245053,
5789,3951.5434737205505,-1.7167226e-10,
5790,3952.1891853809357,-0.0,
5791,3952.834984779358,-0.0,
5792,3953.482495546341,-0.0,
5793,3954.128441810608,-0.0,
5794,3954.774279356003,-0.0,
5795,3955.4197473526,-0.0074848863,
5796,3956.065265417099,-6.3509205e-08,
5797,3956.7116873264313,-0.0061484,
5798,3957.3569724559784,-0.009711406,
5799,3958.0034613609314,-0.014317882,
5800,3959.150827884674,-0.01363793,
5801,3960.6741449832916,-0.004639626,
5802,3961.321233034134,-0.0,
5803,3961.9706239700317,-2.5337754e-09,
5804,3962.6178586483,-0.0,
5805,3963.2659316062927,-0.0,
5806,3963.9144439697266,-0.0,
5807,3964.562832593918,-0.0004209703,
5808,3965.2108237743378,-0.0,
5809,3965.859543323517,-2.6302607e-06,
5810,3966.507507801056,-5.5180514e-08,
5811,3967.1561975479126,-0.0043640803,
5812,3967.8042340278625,-0.015305791,
5813,3968.453921318054,-0.014777588,
5814,3969.102459192276,-0.0047713243,
5815,3969.7498350143433,-0.013315814,
5816,3970.3985226154327,-0.01616226,
5817,3971.046477794647,-0.00019529655,
5818,3971.6942636966705,-0.03064686,
5819,3972.342046022415,-0.0,
5820,3972.9884247779846,-0.011670626,
5821,3973.636043071747,-0.00055058615,
5822,3974.284250020981,-1.3601318e-06,
5823,3974.931027173996,-0.0,
5824,3975.5787029266357,-0.003371576,
5825,3976.2152512073517,-0.017899703,
5826,3977.7948837280273,-0.0034554088,
5827,3978.441487312317,-0.004533927,
5828,3979.0903029441833,-0.0,
5829,3979.7380664348602,-1.4390594e-05,
5830,3980.3851828575134,-0.025670001,
5831,3981.0338187217712,-0.0,
5832,3981.6807289123535,-0.0021242276,
5833,3982.3289806842804,-0.0,
5834,3982.976551771164,-0.0,
5835,3983.6273517608643,-0.0,
5836,3984.2754056453705,-0.0,
5837,3984.923620700836,-1.6941648e-06,
5838,3985.57062792778,-0.036400795,
5839,3986.21843957901,-0.0,
5840,3986.8657970428467,-0.006937162,
5841,3987.5124084949493,-0.0,
5842,3988.160957098007,-0.0,
5843,3988.8069286346436,-0.017778838,
5844,3989.4528245925903,-0.013784018,
5845,3990.098785638809,-0.010493433,
5846,3990.7445945739746,-0.014741265,
5847,3991.391042470932,-0.0,
5848,3992.0369822978973,-0.0062428964,
5849,3992.681533575058,-0.0057513104,
5850,3993.3165254592896,-0.0,
5851,3994.818645477295,-0.0,
5852,3995.463070631027,-0.0007849393,
5853,3996.1037142276764,-0.028208409,
5854,3996.745101928711,-0.0,
5855,3997.3858942985535,-0.0054476303,
5856,3998.027850151062,-0.0,
5857,3998.6692926883698,-3.5667194e-09,
5858,3999.3107295036316,-0.0062900838,
5859,3999.952456712723,-0.0,
5860,4000.594573736191,-0.012386465,
5861,4001.2358586788177,-0.0001769697,
5862,4001.878351688385,-1.9436283e-10,
5863,4002.5204470157623,-0.011163264,
5864,4003.162530183792,-0.010393289,
5865,4003.8054025173187,-1.8893925e-05,
5866,4004.4462831020355,-0.0,
5867,4005.0887286663055,-0.0,
5868,4005.7301931381226,-6.1450005e-06,
5869,4006.371357679367,-0.0,
5870,4007.0127708911896,-1.0545827e-05,
5871,4007.6550216674805,-0.019354422,
5872,4008.297040462494,-0.0,
5873,4008.938807487488,-0.0,
5874,4009.5800404548645,-0.0,
5875,4010.2113246917725,-0.00973371,
5876,4011.79664683342,-0.027597135,
5877,4012.444146633148,-0.040952027,
5878,4013.0914313793182,-0.009059732,
5879,4013.739644050598,-0.0,
5880,4014.3868696689606,-0.0,
5881,4015.032704591751,-0.024268847,
5882,4015.679595708847,-0.0,
5883,4016.3265154361725,-0.015048494,
5884,4016.9734864234924,-0.0,
5885,4017.621876478195,-0.0015431951,
5886,4018.2698228359222,-0.002807737,
5887,4018.9176247119904,-0.0,
5888,4019.5653467178345,-0.0,
5889,4020.2115054130554,-0.00663962,
5890,4020.85941529274,-0.0,
5891,4021.506491661072,-0.038203046,
5892,4022.1535954475403,-0.0,
5893,4022.800182580948,-3.4875014e-10,
5894,4023.445549726486,-0.0,
5895,4024.091807603836,-0.0045750677,
5896,4024.7378857135773,-0.0,
5897,4025.3834981918335,-0.0,
5898,4026.030054330826,-0.0,
5899,4026.676884651184,-0.0,
5900,4027.8281433582306,-0.0,
5901,4029.369488954544,-0.010218934,
5902,4030.0103118419647,-0.00013948863,
5903,4030.651439189911,-0.012223733,
5904,4031.2921555042267,-0.0,
5905,4031.932850599289,-0.0,
5906,4032.572902441025,-0.02272837,
5907,4033.215534925461,-0.00042789974,
5908,4033.857846736908,-2.1780149e-07,
5909,4034.4988853931427,-4.8262777e-10,
5910,4035.1411452293396,-0.0007223222,
5911,4035.7814507484436,-0.003516393,
5912,4036.423283100128,-0.0061211027,
5913,4037.065844774246,-0.0,
5914,4037.7067682743073,-0.0,
5915,4038.3476161956787,-0.009306017,
5916,4038.9888639450073,-0.0,
5917,4039.63028550148,-0.003991151,
5918,4040.2721877098083,-0.0,
5919,4040.912542104721,-0.009390053,
5920,4041.5537493228912,-1.289456e-07,
5921,4042.1960208415985,-0.0059843687,
5922,4042.837240457535,-1.7358648e-06,
5923,4043.4793565273285,-0.012681907,
5924,4044.1212162971497,-0.011903469,
5925,4044.7508866786957,-0.013939216,
5926,4046.2718007564545,-0.0021215703,
5927,4046.9122881889343,-0.0065869293,
5928,4047.5534007549286,-0.0,
5929,4048.193202018738,-0.0017715011,
5930,4048.8344576358795,-0.0,
5931,4049.4753172397614,-0.009590347,
5932,4050.114515542984,-3.48746e-09,
5933,4050.7553164958954,-0.0,
5934,4051.3949406147003,-0.004873876,
5935,4052.0352852344513,-0.0,
5936,4052.6756744384766,-0.0050260224,
5937,4053.314497947693,-1.6196914e-11,
5938,4053.955185174942,-0.0055288025,
5939,4054.5952043533325,-9.978377e-07,
5940,4055.236403942108,-0.0079203015,
5941,4055.8795676231384,-0.002788621,
5942,4056.5214445590973,-0.0,
5943,4057.165741920471,-0.014880865,
5944,4057.810274362564,-0.0038105776,
5945,4058.454493999481,-0.0,
5946,4059.099613904953,-0.0,
5947,4059.7413008213043,-0.0,
5948,4060.3812158107758,-0.0,
5949,4061.0233216285706,-0.0,
5950,4061.653871536255,-0.016979996,
5951,4063.1872704029083,-0.01824937,
5952,4063.83332157135,-0.014746037,
5953,4064.481076002121,-0.00046994578,
5954,4065.1280615329742,-0.0065700742,
5955,4065.774451971054,-1.521315e-07,
5956,4066.4221436977386,-0.0,
5957,4067.0682797431946,-0.023205575,
5958,4067.7150495052338,-0.0,
5959,4068.3619294166565,-8.892315e-09,
5960,4069.008301973343,-0.03395115,
5961,4069.6565928459167,-0.00906339,
5962,4070.2992146015167,-0.0,
5963,4070.945149421692,-0.0030788528,
5964,4071.5898587703705,-0.008954045,
5965,4072.230905532837,-0.0,
5966,4072.8731911182404,-0.0,
5967,4073.516452074051,-0.0,
5968,4074.1577966213226,-0.0,
5969,4074.7997727394104,-0.0,
5970,4075.4418778419495,-1.5465128e-08,
5971,4076.0834214687347,-0.008987523,
5972,4076.72554063797,-0.036082227,
5973,4077.3672931194305,-1.2089484e-05,
5974,4078.0093319416046,-0.0,
5975,4078.640286207199,-0.018252926,
5976,4080.214813232422,-0.0,
5977,4080.8618388175964,-0.0040459395,
5978,4081.5101454257965,-0.0,
5979,4082.1578674316406,-0.022509094,
5980,4082.8048107624054,-0.0,
5981,4083.452386379242,-0.01876509,
5982,4084.100790500641,-0.012672475,
5983,4084.7475843429565,-0.0076818783,
5984,4085.395307302475,-0.0,
5985,4086.042593240738,-0.0,
5986,4086.690125465393,-0.0063586463,
5987,4087.33815908432,-0.0,
5988,4087.9850335121155,-0.0044754148,
5989,4088.633198738098,-0.0,
5990,4089.2803723812103,-0.0,
5991,4089.927259206772,-0.008277212,
5992,4090.575263977051,-0.0,
5993,4091.222334384918,-0.0065483223,
5994,4091.868812561035,-0.0030178893,
5995,4092.5160386562347,-0.020881044,
5996,4093.1621041297913,-0.0,
5997,4093.80824303627,-0.01268203,
5998,4094.4545266628265,-4.6294755e-07,
5999,4095.0997474193573,-0.0056545874,
6000,4096.252775192261,-1.992952e-10,
6001,4097.827044010162,-0.00030265228,
6002,4098.468868494034,-0.00065008964,
6003,4099.112628936768,-0.0,
6004,4099.756186962128,-0.0,
6005,4100.398440122604,-0.013770184,
6006,4101.042010545731,-0.0,
6007,4101.684407949448,-0.0,
6008,4102.327899217606,-5.0799315e-10,
6009,4102.971962690353,-0.0035932653,
6010,4103.614586114883,-0.0,
6011,4104.256435632706,-0.004102553,
6012,4104.90025806427,-0.0,
6013,4105.543204545975,-0.0038026588,
6014,4106.187422275543,-0.0,
6015,4106.830532073975,-0.000641911,
6016,4107.472913503647,-0.0070449426,
6017,4108.1168384552,-1.0113907e-10,
6018,4108.758597135544,-2.1270945e-07,
6019,4109.401289463043,-0.0024401858,
6020,4110.044377088547,-0.003053616,
6021,4110.686319112778,-0.0,
6022,4111.329046726227,-0.018746302,
6023,4111.971566915512,-0.005810142,
6024,4112.613330841064,-0.0,
6025,4113.24498963356,-0.0,
6026,4114.835289955139,-0.0040012915,
6027,4115.479541301727,-0.011554387,
6028,4116.124085903168,-9.393843e-08,
6029,4116.770352125168,-1.40656855e-08,
6030,4117.415491580963,-0.013526875,
6031,4118.060522079468,-0.0,
6032,4118.70627784729,-3.087305e-07,
6033,4119.350312709808,-0.0,
6034,4119.995608329773,-0.0,
6035,4120.641979932785,-0.0,
6036,4121.28661441803,-0.0036294924,
6037,4121.933156967163,-0.0039727483,
6038,4122.578623056412,-0.010597971,
6039,4123.223526954651,-0.014923098,
6040,4123.870017290115,-7.556793e-09,
6041,4124.5146679878235,-0.0,
6042,4125.161097764969,-0.0,
6043,4125.807363986969,-0.013518721,
6044,4126.451725244522,-0.0,
6045,4127.097359895706,-0.0,
6046,4127.741972208023,-0.0,
6047,4128.387197494507,-0.0,
6048,4129.03245973587,-0.0,
6049,4129.677888393402,-1.3797365e-10,
6050,4130.311796426773,-0.0,
6051,4131.802850961685,-0.0,
6052,4132.446337223053,-0.0,
6053,4133.09027504921,-1.5330412e-11,
6054,4133.733587026596,-0.016457666,
6055,4134.377473831177,-0.0,
6056,4135.020506858826,-0.0,
6057,4135.664217233658,-0.040232897,
6058,4136.308840513229,-0.0066540297,
6059,4136.951678276062,-0.0,
6060,4137.59520483017,-0.0,
6061,4138.238067388535,-0.0,
6062,4138.88130068779,-0.0,
6063,4139.5246822834015,-0.0,
6064,4140.167218208313,-0.008895366,
6065,4140.811231851578,-0.0065768315,
6066,4141.455096721649,-0.00011324074,
6067,4142.099473237991,-0.0,
6068,4142.742393255234,-0.011730637,
6069,4143.38485956192,-0.0,
6070,4144.027461051941,-7.730013e-05,
6071,4144.670394182205,-0.01364084,
6072,4145.313729286194,-0.0,
6073,4145.957326173782,-6.359697e-07,
6074,4146.600905656815,-0.0072175097,
6075,4147.232561588287,-0.0,
6076,4148.735169649124,-0.013111075,
6077,4149.377841949463,-1.5393761e-11,
6078,4150.023194074631,-0.0,
6079,4150.667163133621,-6.461157e-06,
6080,4151.310326099396,-0.0,
6081,4151.955095291138,-0.0,
6082,4152.59868645668,-0.037280593,
6083,4153.242706775665,-0.015985921,
6084,4153.887631177902,-0.0017122278,
6085,4154.531213521957,-0.0,
6086,4155.175720691681,-0.013527594,
6087,4155.819561719894,-0.0,
6088,4156.46337389946,-0.0,
6089,4157.107910394669,-0.0,
6090,4157.751271247864,-0.0,
6091,4158.395297527313,-5.6259364e-10,
6092,4159.038513422012,-0.011229635,
6093,4159.681775331497,-0.0005805341,
6094,4160.3248608112335,-0.0,
6095,4160.96678686142,-0.0041932035,
6096,4161.609887599945,-0.016341113,
6097,4162.253062963486,-0.00751974,
6098,4162.894857645035,-0.0064341906,
6099,4163.537635087967,-0.0,
6100,4164.681956291199,-0.020283379,
6101,4166.238427877426,-0.0,
6102,4166.881014823914,-0.0,
6103,4167.524724721909,-0.0038463224,
6104,4168.16800904274,-0.00511426,
6105,4168.811471939087,-0.0011713406,
6106,4169.455117702484,-0.0,
6107,4170.097843885422,-0.009661629,
6108,4170.741717100143,-0.0016863004,
6109,4171.385745763779,-0.0044418974,
6110,4172.028053998947,-0.0035057915,
6111,4172.670300245285,-0.018946085,
6112,4173.311779260635,-0.007014862,
6113,4173.954182386398,-7.7952745e-07,
6114,4174.596397638321,-0.001281272,
6115,4175.237691402435,-0.0,
6116,4175.879585504532,-0.0,
6117,4176.521868467331,-0.0,
6118,4177.162346124649,-0.0,
6119,4177.804303884506,-0.0020375578,
6120,4178.445264339447,-4.32033e-05,
6121,4179.086649417877,-0.0073791044,
6122,4179.729530096054,-0.0,
6123,4180.373398542404,-0.0024678502,
6124,4181.016102313995,-0.02152804,
6125,4181.648151397705,-0.0,
6126,4183.163251876831,-0.0,
6127,4183.804810285568,-7.518702e-07,
6128,4184.447947263718,-0.0,
6129,4185.090955018997,-0.0032970484,
6130,4185.73286318779,-0.0,
6131,4186.375434398651,-0.0,
6132,4187.017674922943,-0.011904735,
6133,4187.660020112991,-0.006530949,
6134,4188.3021068573,-0.0,
6135,4188.943519592285,-0.0,
6136,4189.585182189941,-0.008163176,
6137,4190.227161169052,-0.0,
6138,4190.86908364296,-0.0,
6139,4191.511407613754,-0.027290508,
6140,4192.153569698334,-0.010117732,
6141,4192.795472383499,-7.623011e-08,
6142,4193.437990903854,-0.020584393,
6143,4194.0798234939575,-2.126468e-07,
6144,4194.720351696014,-0.0006593764,
6145,4195.3627371788025,-0.024545733,
6146,4196.003873586655,-0.0053674188,
6147,4196.645949840546,-0.0,
6148,4197.288283109665,-0.0055345246,
6149,4197.929031610489,-0.0,
6150,4198.559300899506,-0.0,
6151,4200.098254919052,-0.0012430962,
6152,4200.744027853012,-8.971076e-10,
6153,4201.391438961029,-0.0,
6154,4202.0388305187225,-3.078752e-11,
6155,4202.685686349869,-0.0007413389,
6156,4203.331902980804,-0.0015592031,
6157,4203.977886199951,-0.0,
6158,4204.624409198761,-1.3854379e-10,
6159,4205.270313978195,-3.0915267e-11,
6160,4205.917868614197,-3.5033119e-09,
6161,4206.563844203949,-0.0,
6162,4207.21138381958,-0.0,
6163,4207.8585896492,-0.0045493823,
6164,4208.505138874054,-0.0,
6165,4209.1523694992065,-0.0259481,
6166,4209.799387931824,-0.015475592,
6167,4210.446452617645,-0.0,
6168,4211.093703985214,-0.0014253367,
6169,4211.740104913712,-5.7822287e-08,
6170,4212.385940551758,-0.0,
6171,4213.03252530098,-8.4484157e-07,
6172,4213.677384138107,-0.0065930462,
6173,4214.323229551315,-0.011441944,
6174,4214.969771146774,-0.0,
6175,4215.604865550995,-0.008723363,
6176,4217.149675369263,-0.0,
6177,4217.790748357773,-0.0,
6178,4218.43350315094,-0.0,
6179,4219.075132608414,-0.0024584506,
6180,4219.71839928627,-0.0073125223,
6181,4220.359248161316,-0.01008442,
6182,4221.000820875168,-0.012370337,
6183,4221.6433889865875,-0.0,
6184,4222.284740686417,-0.0025651837,
6185,4222.927502632141,-4.5583642e-10,
6186,4223.570060491562,-0.0066330256,
6187,4224.212356805801,-0.0,
6188,4224.85556101799,-0.0,
6189,4225.497429609299,-0.020075299,
6190,4226.138227939606,-0.004986012,
6191,4226.780311346054,-0.0,
6192,4227.422766923904,-0.0066385735,
6193,4228.065139532089,-0.0008018726,
6194,4228.707154512405,-0.11202923,
6195,4229.347623586655,-0.0042198733,
6196,4229.990210056305,-0.0040272,
6197,4230.632356643677,-0.0,
6198,4231.27438211441,-0.007888133,
6199,4231.916133880615,-6.717719e-10,
6200,4233.163763523102,-1.5457635e-11,
6201,4234.736848831177,-0.0,
6202,4235.379585027695,-1.5205266e-11,
6203,4236.02272939682,-0.0,
6204,4236.666239261627,-0.017956521,
6205,4237.310434579849,-0.0003294937,
6206,4237.951945066452,-0.0032610307,
6207,4238.593024730682,-0.00936198,
6208,4239.236164808273,-0.0,
6209,4239.87846827507,-0.0,
6210,4240.520858049393,-0.0,
6211,4241.163029193878,-0.011476072,
6212,4241.805304288864,-4.5802744e-11,
6213,4242.448214292526,-0.0,
6214,4243.089820861816,-0.0,
6215,4243.731694221497,-0.0,
6216,4244.374794483185,-6.894012e-08,
6217,4245.017165660858,-0.0,
6218,4245.65899848938,-0.0,
6219,4246.301637411118,-0.0073247068,
6220,4246.943243980408,-0.0,
6221,4247.585408449173,-0.0025087604,
6222,4248.227707862854,-0.0069213323,
6223,4248.869391918182,-0.0,
6224,4249.512818574905,-0.0,
6225,4250.143117904663,-0.0021786902,
6226,4251.676180839539,-0.017193705,
6227,4252.318852901459,-0.0,
6228,4252.961923599243,-0.012296603,
6229,4253.6040823459625,-0.015173633,
6230,4254.246062755585,-7.008443e-07,
6231,4254.8886868953705,-0.0,
6232,4255.530400753021,-0.0,
6233,4256.172737598419,-0.0,
6234,4256.81415438652,-0.0,
6235,4257.456085443497,-2.504373e-09,
6236,4258.098541498184,-0.000931885,
6237,4258.7409381866455,-0.0,
6238,4259.38209605217,-0.0,
6239,4260.023887634277,-0.0,
6240,4260.66513299942,-0.0,
6241,4261.307272434235,-0.0072783483,
6242,4261.951276540756,-0.0,
6243,4262.597119808197,-0.0120713385,
6244,4263.242188453674,-0.007549747,
6245,4263.883195877075,-0.0,
6246,4264.523329257965,-0.0043302653,
6247,4265.165132761002,-0.0,
6248,4265.806228160858,-0.00011863058,
6249,4266.447619438171,-0.0,
6250,4267.077832937241,-0.01083713,
6251,4268.623948574066,-0.0,
6252,4269.267066717148,-0.0,
6253,4269.91033411026,-0.0,
6254,4270.55379319191,-0.00019107707,
6255,4271.196816205978,-0.0074540717,
6256,4271.839741945267,-0.0,
6257,4272.4831120967865,-0.0015168776,
6258,4273.125854253769,-0.008884517,
6259,4273.770033121109,-0.0,
6260,4274.418476819992,-0.0,
6261,4275.064227819443,-0.0,
6262,4275.709419488907,-0.0,
6263,4276.357791662216,-0.0,
6264,4276.999849319458,-0.0,
6265,4277.640959978104,-0.0,
6266,4278.2816042900085,-0.0065235686,
6267,4278.922299385071,-0.0,
6268,4279.563642501831,-0.012097444,
6269,4280.203751564026,-0.0,
6270,4280.844515323639,-3.0915267e-11,
6271,4281.484384059906,-0.015468696,
6272,4282.124392271042,-0.0,
6273,4282.76642036438,-0.0,
6274,4283.4052057266235,-0.0,
6275,4284.034532785416,-0.0,
6276,4285.599737167358,-0.00015344154,
6277,4286.241099119186,-0.0,
6278,4286.882288455963,-0.0,
6279,4287.529657840729,-0.011607323,
6280,4288.171413183212,-0.0,
6281,4288.813680410385,-0.0,
6282,4289.4548144340515,-0.020909337,
6283,4290.097317934036,-1.6700045e-05,
6284,4290.73931145668,-0.0,
6285,4291.38122677803,-0.0,
6286,4292.022887468338,-0.0,
6287,4292.664357185364,-0.0044358703,
6288,4293.306699752808,-0.0,
6289,4293.948276519775,-0.0,
6290,4294.590807199478,-0.0,
6291,4295.233665943146,-0.0,
6292,4295.874793291092,-0.0,
6293,4296.516982555389,-0.009725464,
6294,4297.158497810364,-0.017251644,
6295,4297.799603939056,-0.0,
6296,4298.440995693207,-0.0,
6297,4299.082311153412,-0.0,
6298,4299.722877264023,-0.0058570933,
6299,4300.367035865784,-0.0,
6300,4301.5076286792755,-0.010844038,
6301,4302.996055841446,-0.0029652116,
6302,4303.638446092606,-0.0,
6303,4304.28156542778,-0.0,
6304,4304.923619031906,-0.012355518,
6305,4305.566611528397,-0.0039395383,
6306,4306.208491563797,-0.014170357,
6307,4306.851138353348,-0.0,
6308,4307.492558479309,-0.0,
6309,4308.134776592255,-0.0020559689,
6310,4308.77753329277,-0.020499619,
6311,4309.42013669014,-0.0,
6312,4310.062547683716,-0.008848235,
6313,4310.70521903038,-0.0,
6314,4311.346935510635,-0.0,
6315,4311.988969326019,-0.0,
6316,4312.634642124176,-9.3528705e-09,
6317,4313.27930855751,-0.006497911,
6318,4313.921451330185,-0.0011380231,
6319,4314.564717769623,-2.3103798e-06,
6320,4315.20595741272,-0.0,
6321,4315.849111318588,-0.0030211678,
6322,4316.491648435593,-0.0,
6323,4317.133483171463,-0.0,
6324,4317.774700641632,-0.00394644,
6325,4318.404539823532,-0.004102582,
6326,4319.8993973731995,-6.630207e-06,
6327,4320.539149284363,-0.014153131,
6328,4321.18013548851,-0.01001981,
6329,4321.820222616196,-0.0,
6330,4322.460718631744,-0.016609782,
6331,4323.102740287781,-0.0,
6332,4323.743389844894,-0.0,
6333,4324.384724617004,-0.0,
6334,4325.02615571022,-0.0,
6335,4325.66677069664,-0.002430513,
6336,4326.308518648148,-4.2259003e-08,
6337,4326.950328588486,-0.0,
6338,4327.595167160034,-0.0,
6339,4328.236745834351,-0.012492166,
6340,4328.877995967865,-0.002905573,
6341,4329.5192930698395,-0.009120607,
6342,4330.160467147827,-0.0,
6343,4330.8003985881805,-0.0,
6344,4331.44033908844,-0.003236022,
6345,4332.081037521362,-0.0,
6346,4332.721261501312,-0.0010379853,
6347,4333.361175537109,-0.0032038428,
6348,4334.001193761826,-0.0,
6349,4334.641392707825,-2.8158726e-07,
6350,4335.271005868912,-0.0069013587,
6351,4336.885552883148,-0.016252728,
6352,4337.527039766312,-0.0,
6353,4338.168655872345,-0.0,
6354,4338.810461521149,-0.015152894,
6355,4339.451862573624,-0.01843495,
6356,4340.09411406517,-0.005397099,
6357,4340.736199140549,-0.0,
6358,4341.3785943984985,-0.00906945,
6359,4342.020967960358,-0.0,
6360,4342.663311719894,-0.0,
6361,4343.30526471138,-0.0,
6362,4343.947763442993,-0.0,
6363,4344.589698553085,-0.0,
6364,4345.23109793663,-0.0,
6365,4345.873872041702,-0.0,
6366,4346.515145301819,-0.0,
6367,4347.157700300217,-0.0,
6368,4347.8015513420105,-0.0,
6369,4348.442863941193,-0.02253316,
6370,4349.084194660187,-0.0,
6371,4349.726103067398,-0.0,
6372,4350.366543769836,-0.0,
6373,4351.007894277573,-0.002014023,
6374,4351.649941444397,-0.0,
6375,4352.286520719528,-0.007243341,
6376,4353.831605195999,-0.0013897636,
6377,4354.475896835327,-0.0,
6378,4355.12016248703,-7.4378704e-08,
6379,4355.764815092087,-0.0,
6380,4356.410528659821,-0.0010623112,
6381,4357.055349588394,-0.0,
6382,4357.7001366615295,-0.0,
6383,4358.345126628876,-0.0116273835,
6384,4358.9944896698,-0.0,
6385,4359.6419043540955,-0.010993543,
6386,4360.286550998688,-0.005770929,
6387,4360.930687904358,-0.0,
6388,4361.5763964653015,-0.0,
6389,4362.2229862213135,-0.0009710022,
6390,4362.86914730072,-0.015625024,
6391,4363.515646934509,-0.0,
6392,4364.1615698337555,-0.0,
6393,4364.807787179947,-0.0,
6394,4365.459680080414,-0.0,
6395,4366.105289697647,-0.010747521,
6396,4366.751371145248,-0.0,
6397,4367.396795988083,-0.0,
6398,4368.041893720627,-0.0034804125,
6399,4368.687547206879,-0.0,
6400,4369.83899307251,-0.0,
6401,4371.320284843445,-0.00045743282,
6402,4371.965049743652,-0.0,
6403,4372.611308813095,-0.0063908803,
6404,4373.256001710892,-0.0,
6405,4373.901925563812,-0.0,
6406,4374.546523332596,-6.2137553e-09,
6407,4375.191985845566,-0.0094184065,
6408,4375.837592124939,-6.8011814e-09,
6409,4376.483000993729,-0.0036358233,
6410,4377.1284873485565,-0.0,
6411,4377.774784326553,-0.008985268,
6412,4378.423305511475,-0.0,
6413,4379.071752786636,-0.021429088,
6414,4379.717603683472,-0.0021012977,
6415,4380.363231658936,-0.0,
6416,4381.008817434311,-0.0,
6417,4381.654122829437,-0.0,
6418,4382.299330234528,-0.0,
6419,4382.944067239761,-1.3903818e-06,
6420,4383.588847398758,-4.6862908e-08,
6421,4384.233610630035,-0.0,
6422,4384.878393411636,-0.0,
6423,4385.522658109665,-0.0,
6424,4386.168408870697,-0.027861057,
6425,4386.802213191986,-0.0,
6426,4388.355622053146,-0.01600623,
6427,4388.997400045395,-0.0,
6428,4389.641233444214,-0.0,
6429,4390.282737731934,-0.0010617217,
6430,4390.930346727371,-0.0,
6431,4391.579802513123,-0.0,
6432,4392.222393512726,-0.0,
6433,4392.864624738693,-0.0,
6434,4393.507216691971,-0.0,
6435,4394.149720668793,-0.016518211,
6436,4394.792452335358,-0.0,
6437,4395.43493771553,-0.012061639,
6438,4396.07696890831,-0.0,
6439,4396.7203204631805,-0.0,
6440,4397.361884355545,-4.3435466e-05,
6441,4398.004285573959,-0.0035737276,
6442,4398.647381544113,-0.00591767,
6443,4399.288935422897,-0.0,
6444,4399.930352449417,-0.0,
6445,4400.572387933731,-0.0,
6446,4401.215090513229,-0.007886607,
6447,4401.8635103702545,-0.019637723,
6448,4402.504753828049,-0.0,
6449,4403.14613366127,-0.0,
6450,4403.779616355896,-0.0,
6451,4405.2693400383,-0.0,
6452,4405.910262584686,-0.0036496504,
6453,4406.552712440491,-0.00495553,
6454,4407.195316314697,-0.0,
6455,4407.837207555771,-0.0056485506,
6456,4408.480006694794,-0.009426645,
6457,4409.1218411922455,-0.0,
6458,4409.763935804367,-0.0,
6459,4410.406419754028,-0.0,
6460,4411.048404932022,-0.0,
6461,4411.695945739746,-0.0,
6462,4412.33827662468,-0.0,
6463,4412.9794318675995,-0.002774175,
6464,4413.621186971664,-0.01202005,
6465,4414.263310670853,-0.0,
6466,4414.90541768074,-0.0,
6467,4415.5483248233795,-1.383223e-09,
6468,4416.190341234207,-0.0,
6469,4416.831481695175,-0.0,
6470,4417.473838090897,-0.0,
6471,4418.1191692352295,-0.0018818986,
6472,4418.759949207306,-0.010893723,
6473,4419.40213394165,-6.379831e-08,
6474,4420.042449951172,-0.0,
6475,4420.672338485718,-0.0,
6476,4422.146994829178,-0.0,
6477,4422.793751716614,-0.0,
6478,4423.440349578857,-0.0,
6479,4424.088255167007,-9.438033e-06,
6480,4424.735814809799,-0.01625023,
6481,4425.382778644562,-0.0020871838,
6482,4426.030177593231,-0.016797366,
6483,4426.677164077759,-0.010745143,
6484,4427.325853586197,-0.0,
6485,4427.974004030228,-0.0,
6486,4428.62149477005,-0.0,
6487,4429.269582748413,-0.0,
6488,4429.917511701584,-0.0044080103,
6489,4430.565135002136,-5.3400093e-09,
6490,4431.21643614769,-2.6335665e-05,
6491,4431.864374876022,-0.0,
6492,4432.511345863342,-0.005598761,
6493,4433.158034086227,-0.0,
6494,4433.8051743507385,-0.0,
6495,4434.4523894786835,-0.0014913239,
6496,4435.100242853165,-1.5205266e-11,
6497,4435.746242761612,-0.001540176,
6498,4436.393417835236,-0.0,
6499,4437.040613651276,-0.015799673,
6500,4438.192303419113,-0.0,
6501,4439.66933631897,-0.0,
6502,4440.3111255168915,-0.0,
6503,4440.9533767700195,-0.00079400867,
6504,4441.596502542496,-0.0,
6505,4442.239675760269,-0.0041742343,
6506,4442.883472204208,-0.0,
6507,4443.526991605759,-1.2401886e-08,
6508,4444.170276880264,-0.0,
6509,4444.813508749008,-0.0,
6510,4445.456920385361,-0.015514988,
6511,4446.09959602356,-0.012735181,
6512,4446.742856264114,-0.0049825087,
6513,4447.386818647385,-4.5657842e-08,
6514,4448.029120922089,-0.0,
6515,4448.672695875168,-0.016091911,
6516,4449.316142082214,-0.010616063,
6517,4449.9592661857605,-0.0,
6518,4450.602488517761,-0.0032327976,
6519,4451.244395017624,-0.006708177,
6520,4451.8878037929535,-0.0013697289,
6521,4452.534863948822,-0.008962889,
6522,4453.176711320877,-0.014734102,
6523,4453.822326898575,-2.2774682e-10,
6524,4454.4664516448975,-0.0,
6525,4455.09849357605,-0.023076868,
6526,4456.587601900101,-0.005649564,
6527,4457.226003885269,-0.0,
6528,4457.866263628006,-0.0,
6529,4458.505575180054,-0.0,
6530,4459.14368891716,-0.0,
6531,4459.782559394836,-0.0,
6532,4460.42104268074,-0.0,
6533,4461.061179637909,-1.0167227e-07,
6534,4461.7008175849915,-0.0,
6535,4462.340742588043,-0.0,
6536,4462.980520963669,-0.009229242,
6537,4463.618933916092,-0.0,
6538,4464.257904052734,-3.878274e-08,
6539,4464.896512269974,-0.00089692126,
6540,4465.534323692322,-0.0,
6541,4466.174197435379,-3.0046192e-05,
6542,4466.813440561295,-0.0,
6543,4467.4512820243835,-0.0,
6544,4468.090792655945,-0.023224957,
6545,4468.729465484619,-0.0,
6546,4469.368145942688,-2.4330913e-07,
6547,4470.006988763809,-0.0076701604,
6548,4470.645702362061,-0.008289127,
6549,4471.284700393677,-0.0118045965,
6550,4471.913383483887,-0.02934815,
6551,4473.456737518311,-0.0,
6552,4474.095885276794,-4.9231596e-07,
6553,4474.736278533936,-0.0,
6554,4475.37598490715,-0.001566997,
6555,4476.015695095062,-0.0027052017,
6556,4476.655322313309,-0.0,
6557,4477.294115781784,-0.0,
6558,4477.933473348618,-0.0,
6559,4478.573155641556,-0.0,
6560,4479.217632293701,-0.0,
6561,4479.856491088867,-1.1607583e-06,
6562,4480.496011018753,-0.0,
6563,4481.135239362717,-0.0,
6564,4481.774268627167,-0.017470703,
6565,4482.413682937622,-3.1704594e-11,
6566,4483.052994728088,-0.00029112736,
6567,4483.692243814468,-0.0,
6568,4484.3311467170715,-0.0025802415,
6569,4484.969525575638,-0.0,
6570,4485.6100306510925,-0.0,
6571,4486.2476987838745,-0.0007257517,
6572,4486.886759757996,-0.002268646,
6573,4487.527072191238,-0.0,
6574,4488.165335655212,-0.0,
6575,4488.795496940613,-0.0,
6576,4490.289799690247,-1.5828263e-06,
6577,4490.93172621727,-0.0,
6578,4491.574463367462,-0.0040809955,
6579,4492.217660188675,-0.0,
6580,4492.860291719437,-0.00020177597,
6581,4493.502755880356,-0.0048241806,
6582,4494.146024227142,-0.0,
6583,4494.785789012909,-0.0016800927,
6584,4495.427318811417,-4.1701023e-05,
6585,4496.0704555511475,-0.0,
6586,4496.712609052658,-0.0,
6587,4497.354947566986,-0.0,
6588,4497.997904062271,-0.0,
6589,4498.6399891376495,-6.634312e-05,
6590,4499.282308578491,-0.013702636,
6591,4499.9253969192505,-0.0,
6592,4500.568427324295,-3.1254118e-07,
6593,4501.210430383682,-0.0018790846,
6594,4501.852034330368,-0.0,
6595,4502.493644952774,-0.0,
6596,4503.135783672333,-0.0,
6597,4503.777302265167,-0.00577611,
6598,4504.419247865677,-0.0070192944,
6599,4505.06173157692,-0.007066873,
6600,4506.2017023563385,-0.0,
6601,4507.735293626785,-0.0,
6602,4508.375433921814,-0.0,
6603,4509.015912532806,-0.0,
6604,4509.656059503555,-0.0,
6605,4510.296379327774,-0.0020826317,
6606,4510.935779333115,-3.497925e-11,
6607,4511.5761342048645,-0.0071170162,
6608,4512.217672109604,-0.0,
6609,4512.857333183289,-0.0,
6610,4513.498703718185,-2.537221e-08,
6611,4514.140176534653,-0.00070665387,
6612,4514.780431270599,-0.0,
6613,4515.4219398498535,-0.0,
6614,4516.062209606171,-0.009083153,
6615,4516.704245090485,-0.0,
6616,4517.347351551056,-0.0,
6617,4517.990317583084,-0.0,
6618,4518.632670402527,-0.0,
6619,4519.273354768753,-0.0,
6620,4519.9151310920715,-0.0,
6621,4520.558135986328,-0.021449033,
6622,4521.1995549201965,-0.0,
6623,4521.841418981552,-0.0,
6624,4522.48371052742,-0.0,
6625,4523.114480018616,-0.0,
6626,4524.619696140289,-0.0,
6627,4525.258136034012,-0.0,
6628,4525.899561882019,-0.006589334,
6629,4526.539790630341,-0.0,
6630,4527.1804003715515,-0.0022077789,
6631,4527.82013297081,-0.0,
6632,4528.460185289383,-0.009269507,
6633,4529.1013062000275,-0.0,
6634,4529.741981744766,-0.0149340145,
6635,4530.384781122208,-0.026285872,
6636,4531.026085615158,-0.0,
6637,4531.666175842285,-0.019017838,
6638,4532.3059141635895,-0.008279691,
6639,4532.945759057999,-0.012475511,
6640,4533.586106777191,-0.015308381,
6641,4534.226675033569,-0.017987076,
6642,4534.86771440506,-0.0,
6643,4535.5067982673645,-0.0,
6644,4536.146792173386,-0.0,
6645,4536.785265684128,-0.0,
6646,4537.422502279282,-0.0057516894,
6647,4538.061481714249,-0.0,
6648,4538.699201822281,-8.968008e-10,
6649,4539.337361812592,-1.3788771e-07,
6650,4539.965209007263,-0.0,
6651,4541.434886217117,-0.00039021284,
6652,4542.07234120369,-0.0,
6653,4542.709694623947,-0.0,
6654,4543.348727226257,-2.492032e-07,
6655,4543.987522125244,-0.0062479274,
6656,4544.627737045288,-0.010554929,
6657,4545.266765117645,-0.0,
6658,4545.906573295593,-0.0,
6659,4546.546481370926,-0.0,
6660,4547.186343431473,-0.0053432565,
6661,4547.825859308243,-0.009293919,
6662,4548.466353178024,-0.0,
6663,4549.106029987335,-0.005479352,
6664,4549.745005607605,-1.7613179e-09,
6665,4550.384568691254,-0.00023755404,
6666,4551.024109840393,-0.0,
6667,4551.664442539215,-0.0,
6668,4552.304093360901,-0.0,
6669,4552.942424058914,-0.0,
6670,4553.581510066986,-0.0,
6671,4554.221162080765,-6.234794e-11,
6672,4554.859737157822,-0.0,
6673,4555.499439954758,-0.0,
6674,4556.138392925262,-0.0073062787,
6675,4556.76670217514,-0.0,
6676,4558.344727516174,-0.002176457,
6677,4558.987783908844,-0.0,
6678,4559.631116628647,-0.0,
6679,4560.2748193740845,-0.0,
6680,4560.918244361877,-0.0,
6681,4561.56100320816,-0.03275712,
6682,4562.203642606735,-0.0050972784,
6683,4562.8473863601685,-0.0,
6684,4563.489854812622,-0.0,
6685,4564.133321762085,-0.0,
6686,4564.777482032776,-0.013000613,
6687,4565.420512676239,-0.01824363,
6688,4566.064970493317,-1.256834e-08,
6689,4566.708045005798,-0.0,
6690,4567.351328134537,-0.0,
6691,4567.995445251465,-0.0,
6692,4568.638610839844,-0.0004343968,
6693,4569.281647205353,-0.004901614,
6694,4569.92427778244,-0.0,
6695,4570.566476821899,-0.0,
6696,4571.209385633469,-0.00010582455,
6697,4571.8518216609955,-0.0,
6698,4572.494895219803,-0.0033727994,
6699,4573.13800740242,-0.0,
6700,4574.276839256287,-0.00088512606,
6701,4575.793323755264,-0.009199666,
6702,4576.436240911484,-0.01662995,
6703,4577.07993555069,-0.0,
6704,4577.723554849625,-0.015243504,
6705,4578.368216991425,-0.017226063,
6706,4579.011252880096,-0.0,
6707,4579.654774188995,-0.0,
6708,4580.299424171448,-0.0,
6709,4580.942621231079,-0.005574728,
6710,4581.586091518402,-0.0,
6711,4582.229491233826,-0.035115935,
6712,4582.872250795364,-0.0,
6713,4583.516130208969,-0.0,
6714,4584.15975689888,-0.0011208387,
6715,4584.802913188934,-0.002342882,
6716,4585.447108745575,-0.0032987092,
6717,4586.090003967285,-0.0,
6718,4586.732604980469,-0.0031983217,
6719,4587.37847328186,-0.028472427,
6720,4588.020437240601,-0.005692336,
6721,4588.66322684288,-4.987106e-06,
6722,4589.307186365128,-0.013197334,
6723,4589.95007610321,-0.0,
6724,4590.593697547913,-0.006952745,
6725,4591.2255754470825,-0.008174048,
6726,4592.768114566803,-0.0,
6727,4593.412255525589,-0.0,
6728,4594.0579698085785,-0.005326622,
6729,4594.703301906586,-0.0017409435,
6730,4595.347550868988,-0.009538786,
6731,4595.992839097977,-0.004883901,
6732,4596.637340068817,-4.39571e-08,
6733,4597.282875537872,-3.78811e-09,
6734,4597.927968740463,-0.0,
6735,4598.572552919388,-0.0030288638,
6736,4599.2180070877075,-0.0067803063,
6737,4599.862567186356,-0.0,
6738,4600.507160663605,-0.0052673784,
6739,4601.152782678604,-8.7286844e-10,
6740,4601.797563552856,-0.010902624,
6741,4602.442051649094,-0.0,
6742,4603.0877051353455,-0.0,
6743,4603.731754541397,-3.3099488e-09,
6744,4604.37597489357,-1.7542646e-07,
6745,4605.020407915115,-0.0,
6746,4605.663631439209,-1.9895676e-07,
6747,4606.309312343597,-0.010089724,
6748,4606.953885555267,-0.0,
6749,4607.597811460495,-0.00013648286,
6750,4608.231578350067,-0.0048880186,
6751,4609.824611186981,-0.0,
6752,4610.463354587555,-0.01129001,
6753,4611.103307962418,-0.0,
6754,4611.743416786194,-0.0,
6755,4612.383453130722,-0.0,
6756,4613.02333521843,-0.0,
6757,4613.6639993190765,-2.6531654e-05,
6758,4614.303289651871,-0.0020335638,
6759,4614.943445682526,-0.0,
6760,4615.583696126938,-0.0,
6761,4616.22238945961,-0.031088067,
6762,4616.865289449692,-0.0,
6763,4617.505331754684,-0.0,
6764,4618.145694732666,-0.010658664,
6765,4618.7862775325775,-0.013852247,
6766,4619.42512512207,-0.0,
6767,4620.064444065094,-0.0,
6768,4620.70404958725,-0.013811363,
6769,4621.34307551384,-0.0013755705,
6770,4621.982694864273,-0.0,
6771,4622.622296094894,-0.0,
6772,4623.260516166687,-0.022847857,
6773,4623.899980068207,-0.0,
6774,4624.539928674698,-0.0031685308,
6775,4625.1672976017,-0.0,
6776,4626.685647010803,-0.0,
6777,4627.327807188034,-0.0,
6778,4627.970852613449,-0.0,
6779,4628.613865375519,-0.0,
6780,4629.257447719574,-0.0,
6781,4629.899904966354,-0.0,
6782,4630.543169975281,-0.0,
6783,4631.186627149582,-0.0,
6784,4631.829275846481,-0.0,
6785,4632.47252035141,-8.405112e-09,
6786,4633.115401029587,-0.0,
6787,4633.7578020095825,-0.0007514768,
6788,4634.400810480118,-0.0,
6789,4635.043729066849,-0.0014843362,
6790,4635.68629360199,-0.016778082,
6791,4636.330050468445,-0.0,
6792,4636.97274518013,-8.225784e-09,
6793,4637.614624500275,-0.0,
6794,4638.257021665573,-0.0078193685,
6795,4638.898948431015,-0.0,
6796,4639.5412583351135,-0.0002927613,
6797,4640.183762788773,-0.01858361,
6798,4640.825102806091,-0.0,
6799,4641.467813014984,-0.0024445066,
6800,4642.607095479965,-0.0,
6801,4644.129519701004,-0.00039231442,
6802,4644.775407552719,-0.0,
6803,4645.420553922653,-0.0,
6804,4646.065048933029,-0.006893724,
6805,4646.712285518646,-0.003414395,
6806,4647.35681438446,-0.0006271324,
6807,4648.0012764930725,-0.0,
6808,4648.648038864136,-0.007882741,
6809,4649.29274725914,-2.634061e-05,
6810,4649.938500881195,-3.2870168e-10,
6811,4650.5835547447205,-8.048215e-09,
6812,4651.227990150452,-0.0,
6813,4651.873215436935,-0.0,
6814,4652.51842713356,-0.0,
6815,4653.164183616638,-0.00052544544,
6816,4653.810327291489,-0.0,
6817,4654.455696344376,-0.0,
6818,4655.100190401077,-0.0,
6819,4655.744913578033,-1.5586988e-11,
6820,4656.388989210129,-0.009252489,
6821,4657.034432649612,-0.02145095,
6822,4657.679056406021,-0.0125170015,
6823,4658.322756528854,-0.0,
6824,4658.967515707016,-0.0,
6825,4659.600528717041,-0.0,
6826,4661.151953935623,-0.0,
6827,4661.794081449509,-0.0,
6828,4662.4381268024445,-0.004908047,
6829,4663.080248117447,-0.009613532,
6830,4663.722350120544,-0.0,
6831,4664.365398168564,-0.016317287,
6832,4665.007050275803,-0.0,
6833,4665.649930238724,-0.0,
6834,4666.292251110077,-0.0,
6835,4666.934577465057,-0.004344364,
6836,4667.5780782699585,-0.0,
6837,4668.221043109894,-0.0,
6838,4668.863201856613,-0.0021265205,
6839,4669.50615978241,-0.0043145656,
6840,4670.148025035858,-0.0,
6841,4670.7901701927185,-0.0,
6842,4671.434547901154,-0.011588305,
6843,4672.076675653458,-0.008933411,
6844,4672.71928858757,-0.0,
6845,4673.361244678497,-0.01995371,
6846,4674.002597808838,-0.0,
6847,4674.644953250885,-0.0,
6848,4675.287363529205,-0.0,
6849,4675.928839206696,-1.426007e-05,
6850,4676.560623168945,-0.00656802,
6851,4678.059411287308,-0.0,
6852,4678.702684640884,-0.015180419,
6853,4679.347601652145,-0.0,
6854,4679.99217748642,-1.854706e-09,
6855,4680.636742115021,-7.9600194e-11,
6856,4681.281600475311,-1.4769532e-07,
6857,4681.925861597061,-0.01372705,
6858,4682.569691181183,-0.0,
6859,4683.213280439377,-0.0,
6860,4683.85808134079,-0.0,
6861,4684.503434181213,-0.0,
6862,4685.148276805878,-0.0,
6863,4685.7923946380615,-0.0,
6864,4686.437146663666,-0.0,
6865,4687.083019018173,-0.0,
6866,4687.727709770203,-0.0049209273,
6867,4688.3728313446045,-0.0,
6868,4689.017887830734,-0.0,
6869,4689.662592172623,-0.008423864,
6870,4690.3065576553345,-0.0,
6871,4690.951447963715,-0.0,
6872,4691.594701766968,-0.005338907,
6873,4692.239171266556,-0.022835203,
6874,4692.8835105896,-0.009830611,
6875,4693.516456604004,-0.0,
6876,4695.058470726013,-0.0,
6877,4695.701778888702,-0.0,
6878,4696.344047307968,-0.017819365,
6879,4696.986603021622,-0.014795886,
6880,4697.628722190857,-0.0,
6881,4698.270341873169,-0.0,
6882,4698.912806987762,-0.0,
6883,4699.55605006218,-0.0072455113,
6884,4700.198484182358,-0.0,
6885,4700.841491937637,-0.0,
6886,4701.483608722687,-0.023357797,
6887,4702.126080274582,-0.0031465553,
6888,4702.768936634064,-0.0,
6889,4703.4140565395355,-0.0,
6890,4704.0567145347595,-0.0,
6891,4704.699894428253,-0.0,
6892,4705.342083930969,-0.0,
6893,4705.985095500946,-0.0,
6894,4706.626763820648,-0.008258298,
6895,4707.268261194229,-0.0,
6896,4707.910739660263,-0.0,
6897,4708.552454948425,-0.0,
6898,4709.193798542023,-0.0,
6899,4709.836023807526,-0.0,
6900,4711.076935529709,-0.004082832,
6901,4712.650792360306,-0.0,
6902,4713.2937707901,-0.0,
6903,4713.937360286713,-0.0,
6904,4714.580269098282,-0.0,
6905,4715.224707603455,-0.006943561,
6906,4715.868083238602,-1.3740818e-10,
6907,4716.512082338333,-0.0,
6908,4717.156313419342,-0.0,
6909,4717.800046443939,-0.0049904343,
6910,4718.443545341492,-0.0,
6911,4719.085648536682,-0.0030646294,
6912,4719.727675199509,-0.0,
6913,4720.37082529068,-0.0,
6914,4721.012142419815,-0.0,
6915,4721.65495800972,-0.0024044097,
6916,4722.297404050827,-0.0,
6917,4722.93899846077,-0.0,
6918,4723.5809688568115,-1.8919996e-08,
6919,4724.222707033157,-0.0,
6920,4724.86345410347,-0.010667081,
6921,4725.5054223537445,-0.0,
6922,4726.145853281021,-5.354226e-07,
6923,4726.789351701736,-0.0,
6924,4727.433381319046,-0.00070914155,
6925,4728.06399512291,-0.0,
6926,4729.597495317459,-0.0,
6927,4730.2417051792145,-0.0,
6928,4730.886811733246,-0.0,
6929,4731.53178024292,-0.005090048,
6930,4732.176905632019,-0.0,
6931,4732.822369098663,-0.0074176895,
6932,4733.467087507248,-1.5021331e-11,
6933,4734.112941503525,-0.0,
6934,4734.757329463959,-1.0936295e-06,
6935,4735.402741193771,-0.0026605865,
6936,4736.047921419144,-0.025745884,
6937,4736.692604780197,-0.0,
6938,4737.338030576706,-0.0042196037,
6939,4737.983386039734,-0.0,
6940,4738.626433849335,-0.0,
6941,4739.2704219818115,-0.0,
6942,4739.91367650032,-0.012456486,
6943,4740.555229663849,-0.0,
6944,4741.198094367981,-0.0,
6945,4741.840400695801,-0.0,
6946,4742.481991052628,-0.0,
6947,4743.124258518219,-0.0,
6948,4743.76540017128,-0.0,
6949,4744.407886981964,-0.0,
6950,4745.039298057556,-0.0,
6951,4746.6422662734985,-4.5776793e-10,
6952,4747.279320240021,-0.0016310825,
6953,4747.919339418411,-0.0,
6954,4748.559747219086,-0.03186803,
6955,4749.1990559101105,-0.0,
6956,4749.839347600937,-0.0,
6957,4750.478977441788,-0.005412767,
6958,4751.118363380432,-0.0,
6959,4751.758288860321,-0.0,
6960,4752.39833855629,-0.0,
6961,4753.036642789841,-0.0,
6962,4753.675334692001,-0.03535771,
6963,4754.313833236694,-0.0,
6964,4754.95268034935,-0.0,
6965,4755.592056274414,-0.0,
6966,4756.231410980225,-0.0,
6967,4756.870891094208,-0.0,
6968,4757.510119199753,-0.0,
6969,4758.148277044296,-2.3817208e-09,
6970,4758.7882244586945,-0.0,
6971,4759.426656961441,-0.0,
6972,4760.064999580383,-0.0,
6973,4760.703833580017,-0.0,
6974,4761.342036485672,-0.009921122,
6975,4761.970690727234,-0.019544704,
6976,4763.561114549637,-0.004734592,
6977,4764.203514575958,-0.008525192,
6978,4764.845488548279,-0.0,
6979,4765.488393783569,-0.0,
6980,4766.130394220352,-0.0,
6981,4766.772638320923,-0.0,
6982,4767.41533780098,-0.0,
6983,4768.058370351791,-0.0,
6984,4768.701045036316,-0.0,
6985,4769.344591856003,-0.0,
6986,4769.987946987152,-0.008104304,
6987,4770.631635189056,-0.021669935,
6988,4771.2734587192535,-0.0,
6989,4771.915995597839,-0.0,
6990,4772.55955696106,-9.773269e-07,
6991,4773.202474832535,-0.0047725034,
6992,4773.845343589783,-0.0,
6993,4774.488343000412,-0.016371714,
6994,4775.130750179291,-8.6331265e-06,
6995,4775.773679018021,-0.008258393,
6996,4776.416692495346,-0.0077760513,
6997,4777.058474063873,-0.0,
6998,4777.700907945633,-0.0,
6999,4778.343129873276,-1.1651061e-09,
7000,4779.486527204514,-0.0155000575,
7001,4781.057229042053,-0.0,
7002,4781.6962468624115,-0.0,
7003,4782.335036993027,-0.0,
7004,4782.974016427994,-4.755689e-11,
7005,4783.612805366516,-0.010031175,
7006,4784.2515733242035,-0.0,
7007,4784.890410661697,-0.004239137,
7008,4785.529237031937,-0.0,
7009,4786.168367862701,-0.0,
7010,4786.807458400726,-0.0,
7011,4787.446399688721,-0.0,
7012,4788.0855395793915,-0.005362346,
7013,4788.725216150284,-0.0,
7014,4789.363675832748,-0.0,
7015,4790.003095626831,-0.0017456041,
7016,4790.642802238464,-0.013733934,
7017,4791.281373023987,-0.0,
7018,4791.920526742935,-0.014054224,
7019,4792.55869269371,-1.7637325e-09,
7020,4793.197456359863,-0.00495677,
7021,4793.8370752334595,-0.0,
7022,4794.475217103958,-0.0071280277,
7023,4795.11368393898,-4.0605332e-08,
7024,4795.75266122818,-0.0,
7025,4796.381477355957,-0.0,
7026,4797.950187921524,-0.0,
7027,4798.589539051056,-0.0,
7028,4799.230480670929,-0.00013803074,
7029,4799.868295907974,-0.0,
7030,4800.50813126564,-0.017284328,
7031,4801.146481513977,-0.0105778845,
7032,4801.784394741058,-0.0,
7033,4802.423811912537,-0.0,
7034,4803.062333583832,-0.0,
7035,4803.701325893402,-0.018069407,
7036,4804.340167999268,-0.0,
7037,4804.978269338608,-0.0615831,
7038,4805.616692781448,-0.0,
7039,4806.256018877029,-0.0,
7040,4806.893353462219,-0.0,
7041,4807.5322868824005,-0.0,
7042,4808.1706800460815,-0.0,
7043,4808.807759523392,-0.011399165,
7044,4809.446566104889,-0.0,
7045,4810.084117174149,-0.0,
7046,4810.721292734146,-0.0,
7047,4811.35919880867,-0.0007180169,
7048,4811.996022939682,-0.002499339,
7049,4812.63489985466,-0.0010558813,
7050,4813.262657880783,-0.01548893,
7051,4814.716994524002,-0.001703538,
7052,4815.361589431763,-4.599123e-11,
7053,4816.007308244705,-0.0,
7054,4816.652387619019,-0.0006410403,
7055,4817.296454906464,-0.0,
7056,4817.942235469818,-0.0,
7057,4818.587413549423,-0.0052967896,
7058,4819.231909990311,-0.0,
7059,4819.877687215805,-0.0,
7060,4820.522736787796,-0.0,
7061,4821.167388677597,-0.0,
7062,4821.812992095947,-0.0,
7063,4822.457771778107,-2.2369734e-07,
7064,4823.1034297943115,-0.006900464,
7065,4823.748146772385,-0.013802266,
7066,4824.393127918243,-0.0,
7067,4825.038261413574,-0.002068843,
7068,4825.682907819748,-0.0,
7069,4826.327522993088,-0.0,
7070,4826.973268032074,-8.869736e-11,
7071,4827.617514133453,-0.0,
7072,4828.2616267204285,-0.0,
7073,4828.907032012939,-0.0,
7074,4829.55149936676,-0.0012769194,
7075,4830.185744524002,-0.0,
7076,4831.736682891846,-0.0,
7077,4832.382020235062,-0.0,
7078,4833.027424097061,-0.0,
7079,4833.673278570175,-1.5393761e-11,
7080,4834.318598508835,-0.0048620976,
7081,4834.963939905167,-0.0050618434,
7082,4835.609909296036,-0.0027369657,
7083,4836.2553544044495,-9.634368e-11,
7084,4836.900986194611,-0.0011762134,
7085,4837.54655456543,-0.0,
7086,4838.191485881805,-0.0,
7087,4838.837243795395,-0.012079882,
7088,4839.482780218124,-7.6968786e-11,
7089,4840.127952814102,-0.0,
7090,4840.773659944534,-0.0009622582,
7091,4841.418746471405,-0.0,
7092,4842.06391119957,-1.0676652e-08,
7093,4842.708682775497,-0.012256311,
7094,4843.3528707027435,-0.0,
7095,4843.9981162548065,-0.008846839,
7096,4844.643639564514,-0.0,
7097,4845.288571834564,-0.0061752545,
7098,4845.933792352676,-0.0083154915,
7099,4846.57909154892,-0.0,
7100,4847.7274351119995,-0.0,
7101,4849.287689208984,-0.036965966,
7102,4849.933194637299,-0.0,
7103,4850.577951431274,-0.0,
7104,4851.223394870758,-2.9100643e-06,
7105,4851.868523836136,-2.1793435e-08,
7106,4852.512822628021,-0.0,
7107,4853.159276008606,-0.00080622936,
7108,4853.8039219379425,-0.0,
7109,4854.4492037296295,-0.0,
7110,4855.094330787659,-1.3135024e-06,
7111,4855.739458799362,-0.0,
7112,4856.384798526764,-0.0,
7113,4857.029872179031,-5.323952e-09,
7114,4857.674930095673,-0.0,
7115,4858.320846796036,-0.0124749085,
7116,4858.965976476669,-0.0,
7117,4859.611177682877,-0.0,
7118,4860.256782531738,-0.016943082,
7119,4860.901388883591,-0.008714883,
7120,4861.546411037445,-0.00010413381,
7121,4862.19132900238,-0.004754872,
7122,4862.834526538849,-0.0,
7123,4863.479239940643,-0.004165212,
7124,4864.123326063156,-0.0,
7125,4864.75688457489,-0.0,
7126,4866.281900882721,-0.024814032,
7127,4866.921116352081,-0.0,
7128,4867.5612807273865,-0.0,
7129,4868.201034784317,-0.0,
7130,4868.841079711914,-0.0,
7131,4869.481022357941,-0.0,
7132,4870.120229005814,-5.5496496e-08,
7133,4870.760833024979,-0.0,
7134,4871.4008066654205,-0.0029293143,
7135,4872.040618896484,-0.0,
7136,4872.681048631668,-0.0028731814,
7137,4873.320203542709,-0.0,
7138,4873.9599413871765,-0.0,
7139,4874.599315881729,-0.0,
7140,4875.238661766052,-0.0,
7141,4875.879237174988,-0.0,
7142,4876.518545627594,-0.0,
7143,4877.1571316719055,-0.0,
7144,4877.796232223511,-0.010571988,
7145,4878.434821367264,-0.009606908,
7146,4879.074200153351,-0.0,
7147,4879.713773012161,-0.0094132405,
7148,4880.352527618408,-3.8294624e-07,
7149,4880.9915153980255,-0.0,
7150,4881.618660449982,-0.0,
7151,4883.043586492538,-0.0021897836,
7152,4883.684448480606,-0.0,
7153,4884.328475236893,-0.0,
7154,4884.972575426102,-0.0,
7155,4885.618601322174,-0.0,
7156,4886.261811494827,-0.0050648516,
7157,4886.904603719711,-0.012109712,
7158,4887.548209905624,-2.2480182e-10,
7159,4888.192013502121,-0.0,
7160,4888.835328578949,-0.018687367,
7161,4889.47859787941,-0.0,
7162,4890.122492551804,-0.0,
7163,4890.765473842621,-9.0439335e-07,
7164,4891.409322500229,-0.0,
7165,4892.052813529968,-0.0,
7166,4892.696085929871,-0.0012145618,
7167,4893.3405549526215,-0.0,
7168,4893.982983112335,-0.0,
7169,4894.625759124756,-0.0,
7170,4895.269305229187,-0.0,
7171,4895.911329984665,-0.0,
7172,4896.554890394211,-0.015442068,
7173,4897.198303699493,-0.0,
7174,4897.84074473381,-0.0003504432,
7175,4898.4732501506805,-0.017456627,
7176,4899.990218639374,-0.005192188,
7177,4900.630746841431,-0.009554276,
7178,4901.269980669022,-0.0,
7179,4901.907204866409,-0.0,
7180,4902.544724702835,-0.0026404732,
7181,4903.182590961456,-0.0025821084,
7182,4903.820258140564,-0.0,
7183,4904.458626031876,-0.0,
7184,4905.095495700836,-0.0,
7185,4905.734265089035,-0.0,
7186,4906.37184715271,-0.0022360277,
7187,4907.009009599686,-0.0,
7188,4907.646887779236,-0.0,
7189,4908.2845985889435,-0.0,
7190,4908.9239275455475,-0.0037538363,
7191,4909.563345909119,-0.0,
7192,4910.202016353607,-0.0,
7193,4910.8411066532135,-0.0006725482,
7194,4911.480248212814,-1.5457635e-11,
7195,4912.119302749634,-0.0027082518,
7196,4912.759078502655,-0.0,
7197,4913.3973598480225,-0.014904984,
7198,4914.0363945961,-6.1321635e-11,
7199,4914.6753697395325,-0.0,
7200,4915.810556173325,-0.002102232,
7201,4917.378999233246,-0.0,
7202,4918.023260831833,-0.0033344754,
7203,4918.668124198914,-0.0,
7204,4919.314167261124,-0.0076623284,
7205,4919.9583132267,-0.0,
7206,4920.601885318756,-0.0,
7207,4921.246166229248,-0.0,
7208,4921.891525268555,-0.0,
7209,4922.535096168518,-0.0,
7210,4923.180166959763,-0.016946515,
7211,4923.824535608292,-0.005955174,
7212,4924.46880698204,-0.0,
7213,4925.11289191246,-6.3295192e-06,
7214,4925.757470369339,-0.0,
7215,4926.402673244476,-0.0,
7216,4927.046638727188,-0.0,
7217,4927.690333843231,-0.0,
7218,4928.335331439972,-0.001158484,
7219,4928.978282928467,-0.008058066,
7220,4929.621346950531,-0.011161584,
7221,4930.264612674713,-0.0,
7222,4930.907594203949,-0.006921353,
7223,4931.550817251205,-0.0,
7224,4932.194491863251,-0.0,
7225,4932.827099561691,-0.0,
7226,4934.434444189072,-0.0,
7227,4935.073355674744,-0.0,
7228,4935.713171720505,-0.00396007,
7229,4936.352042913437,-0.0,
7230,4936.991349697113,-0.0016764611,
7231,4937.630754470825,-0.0,
7232,4938.269197225571,-0.0,
7233,4938.90771985054,-0.0017380593,
7234,4939.546043634415,-0.001162803,
7235,4940.185075998306,-0.0,
7236,4940.824055433273,-0.0034236638,
7237,4941.46261382103,-0.0,
7238,4942.102085351944,-0.0,
7239,4942.741856575012,-0.007622327,
7240,4943.380529642105,-0.0,
7241,4944.01970076561,-0.004622861,
7242,4944.6588587760925,-0.0,
7243,4945.297314405441,-0.0,
7244,4945.936275243759,-0.0,
7245,4946.574647665024,-0.012248916,
7246,4947.212962150574,-0.0,
7247,4947.852110862732,-0.0,
7248,4948.490637779236,-0.0017989455,
7249,4949.130135536194,-0.0,
7250,4949.757697105408,-0.0,
7251,4951.309071063995,-0.0017379299,
7252,4951.946566820145,-0.0,
7253,4952.585421085358,-0.0,
7254,4953.224499702454,-0.0,
7255,4953.862982749939,-0.0,
7256,4954.503344774246,-0.0,
7257,4955.141632795334,-0.011782388,
7258,4955.780603647232,-0.009006444,
7259,4956.419589281082,-0.0,
7260,4957.059025287628,-0.0,
7261,4957.698226213455,-0.021724049,
7262,4958.337408542633,-0.022275338,
7263,4958.976036787033,-0.0066999584,
7264,4959.615370750427,-0.0,
7265,4960.25365114212,-0.0,
7266,4960.892249345779,-0.0,
7267,4961.5314218997955,-0.0,
7268,4962.169488430023,-6.785147e-08,
7269,4962.807745695114,-0.0,
7270,4963.446836471558,-0.020887164,
7271,4964.084241390228,-0.0,
7272,4964.722673177719,-0.004117888,
7273,4965.3613822460175,-0.0,
7274,4965.99840092659,-0.00057570304,
7275,4966.6270616054535,-0.011786694,
7276,4968.144588708878,-0.0,
7277,4968.783064842224,-3.053516e-11,
7278,4969.421140909195,-0.0,
7279,4970.0586404800415,-0.0072333817,
7280,4970.696102142334,-0.0,
7281,4971.333185434341,-0.0,
7282,4971.9701681137085,-0.008906793,
7283,4972.606784105301,-0.0,
7284,4973.243265867233,-0.0,
7285,4973.881007671356,-0.0,
7286,4974.517307043076,-0.0,
7287,4975.154977083206,-0.001752084,
7288,4975.791338443756,-0.0,
7289,4976.427789926529,-0.0,
7290,4977.064400672913,-0.0,
7291,4977.702310323715,-0.011559003,
7292,4978.3406410217285,-0.0,
7293,4978.980028629303,-1.8202723e-05,
7294,4979.618600845337,-0.0,
7295,4980.256761074066,-0.0,
7296,4980.898696422577,-0.0,
7297,4981.53692817688,-0.0,
7298,4982.176283121109,-0.007314438,
7299,4982.81467795372,-0.005208773,
7300,4983.95067191124,-0.0,
7301,4985.513875484467,-0.003539337,
7302,4986.155392169952,-0.0,
7303,4986.797627210617,-0.0,
7304,4987.440354824066,-0.0,
7305,4988.0833423137665,-0.0,
7306,4988.7259838581085,-0.0,
7307,4989.368896245956,-0.0002023609,
7308,4990.012332677841,-5.4038883e-05,
7309,4990.654980182648,-0.00700818,
7310,4991.29833316803,-0.0,
7311,4991.9414076805115,-0.0,
7312,4992.584636211395,-0.0,
7313,4993.228394269943,-0.0,
7314,4993.870983362198,-0.0,
7315,4994.514256477356,-0.01456947,
7316,4995.155558824539,-3.934444e-08,
7317,4995.798805713654,-0.008470228,
7318,4996.442137956619,-0.01692649,
7319,4997.083577632904,-7.7099304e-07,
7320,4997.725652217865,-0.0,
7321,4998.368417024612,-0.0,
7322,4999.010943412781,-0.0,
7323,4999.653948307037,-0.0066603855,
7324,5000.296420097351,-0.0,
7325,5000.927081823349,-0.0,
7326,5002.465492963791,-0.0,
7327,5003.103533744812,-1.9856426e-08,
7328,5003.742215633392,-0.0,
7329,5004.3807628154755,-0.00734016,
7330,5005.019874334335,-0.010902228,
7331,5005.658910512924,-0.0,
7332,5006.298072814941,-0.0,
7333,5006.937317848206,-0.0011835195,
7334,5007.57576751709,-0.0,
7335,5008.215633869171,-0.0,
7336,5008.854585647583,-0.0033391067,
7337,5009.493802309036,-0.007742227,
7338,5010.134006261826,-0.0,
7339,5010.773247003555,-0.0,
7340,5011.412213563919,-0.002299504,
7341,5012.052378416061,-0.0,
7342,5012.691221237183,-0.0035915666,
7343,5013.329980134964,-9.4297885e-09,
7344,5013.96900677681,-5.0918658e-05,
7345,5014.60720205307,-0.0,
7346,5015.246317863464,-0.0025152748,
7347,5015.884876728058,-0.0,
7348,5016.5231857299805,-0.01450414,
7349,5017.16108083725,-0.008498549,
7350,5017.789080142975,-0.0,
7351,5019.352716684341,-0.008867434,
7352,5019.995272874832,-0.0,
7353,5020.639105796814,-0.0019088022,
7354,5021.283323049545,-0.010290226,
7355,5021.927753210068,-0.0,
7356,5022.5724148750305,-0.0,
7357,5023.215589046478,-0.0,
7358,5023.859444618225,-1.0532927e-06,
7359,5024.504313707352,-2.4397008e-07,
7360,5025.148460626602,-0.0006830693,
7361,5025.7929973602295,-0.0,
7362,5026.436911582947,-0.0,
7363,5027.08078455925,-0.00816698,
7364,5027.725346326828,-0.0077175726,
7365,5028.369406700134,-0.0008682734,
7366,5029.013452291489,-0.011452231,
7367,5029.6593542099,-0.0055761505,
7368,5030.302362203598,-0.0,
7369,5030.945771932602,-0.0,
7370,5031.589359521866,-0.0,
7371,5032.233438253403,-0.007920759,
7372,5032.876664400101,-0.009165113,
7373,5033.520213127136,-0.0005109011,
7374,5034.162509918213,-0.0,
7375,5034.795302152634,-0.0,
7376,5036.34073805809,-0.0,
7377,5036.981636047363,-0.0,
7378,5037.624476671219,-0.0,
7379,5038.26750254631,-0.015125316,
7380,5038.909329414368,-0.0057639997,
7381,5039.5514669418335,-0.0,
7382,5040.194030284882,-0.0,
7383,5040.835657119751,-0.0,
7384,5041.478340148926,-0.0,
7385,5042.121524572372,-0.0,
7386,5042.764333248138,-2.4307695e-08,
7387,5043.4089522361755,-0.0,
7388,5044.051609277725,-1.565248e-11,
7389,5044.694222688675,-0.0,
7390,5045.33763217926,-0.0,
7391,5045.979104757309,-0.0,
7392,5046.6225962638855,-0.0,
7393,5047.2643439769745,-0.0,
7394,5047.905561447144,-0.0,
7395,5048.5475862026215,-0.0031034008,
7396,5049.189368009567,-0.0027662162,
7397,5049.831577062607,-0.0009634582,
7398,5050.473952054977,-0.002180507,
7399,5051.114897489548,-0.013728342,
7400,5052.259941101074,-0.0,
7401,5053.794622898102,-0.0,
7402,5054.432891607285,-0.00014863275,
7403,5055.072588682175,-0.0,
7404,5055.712240934372,-0.0,
7405,5056.350682258606,-0.0,
7406,5056.989917039871,-0.0,
7407,5057.629153728485,-0.0,
7408,5058.26842045784,-0.0013158101,
7409,5058.908100605011,-0.0,
7410,5059.5473165512085,-0.0,
7411,5060.186371803284,-0.0,
7412,5060.8267476558685,-0.0,
7413,5061.4662029743195,-0.0,
7414,5062.105492115021,-0.0,
7415,5062.745238780975,-0.0,
7416,5063.384504318237,-0.025156911,
7417,5064.024152994156,-0.0,
7418,5064.663473367691,-0.0,
7419,5065.301590681076,-0.003137131,
7420,5065.941102266312,-0.0,
7421,5066.580171346664,-0.009840332,
7422,5067.219663143158,-0.0,
7423,5067.859969377518,-0.0,
7424,5068.498168230057,-0.014524968,
7425,5069.125293016434,-0.0,
7426,5070.762422800064,-0.0,
7427,5071.4007914066315,-0.0,
7428,5072.038808584213,-0.0,
7429,5072.677614688873,-0.0,
7430,5073.316875696182,-0.0,
7431,5073.95547413826,-0.009153998,
7432,5074.594156503677,-0.0,
7433,5075.232711076736,-0.0,
7434,5075.871459722519,-0.0,
7435,5076.511061668396,-0.0,
7436,5077.1489424705505,-0.0,
7437,5077.787011623383,-0.0,
7438,5078.426481485367,-0.0,
7439,5079.065650939941,-0.017033426,
7440,5079.705377578735,-2.3094172e-07,
7441,5080.343646764755,-0.0,
7442,5080.982803344727,-0.0,
7443,5081.621070146561,-0.0070129433,
7444,5082.259706258774,-0.0,
7445,5082.898210287094,-0.0153408535,
7446,5083.537291765213,-0.0,
7447,5084.173265457153,-0.0,
7448,5084.809454917908,-0.0,
7449,5085.445890188217,-0.0,
7450,5086.071425437927,-0.0,
7451,5087.594964504242,-0.0,
7452,5088.237604379654,-0.0,
7453,5088.8813462257385,-0.0,
7454,5089.524490118027,-0.0,
7455,5090.168534755707,-0.0,
7456,5090.812741279602,-0.0073239747,
7457,5091.458786249161,-0.011495615,
7458,5092.104887247086,-0.0,
7459,5092.750074625015,-0.0,
7460,5093.395624876022,-0.0,
7461,5094.042437076569,-0.0,
7462,5094.687428951263,-0.013835436,
7463,5095.332976102829,-6.4918124e-05,
7464,5095.978465080261,-0.0,
7465,5096.623966693878,-0.0014262677,
7466,5097.270633220673,-2.2725366e-07,
7467,5097.916551828384,-0.0,
7468,5098.561828374863,-0.0,
7469,5099.207107543945,-0.0,
7470,5099.851967334747,-0.0,
7471,5100.497314453125,-0.0,
7472,5101.142242670059,-0.004895207,
7473,5101.786553621292,-0.0092804,
7474,5102.432744026184,-0.018464137,
7475,5103.066964149475,-0.0012636761,
7476,5104.596153259277,-0.0,
7477,5105.237515211105,-0.0,
7478,5105.880644798279,-0.0040247324,
7479,5106.523331403732,-1.8704373e-10,
7480,5107.165196657181,-0.0,
7481,5107.808953046799,-0.029382737,
7482,5108.450809955597,-6.259511e-06,
7483,5109.093820095062,-0.0024432957,
7484,5109.737354516983,-0.004475517,
7485,5110.379314422607,-0.0,
7486,5111.021682262421,-0.0,
7487,5111.6647782325745,-0.0,
7488,5112.306838274002,-0.0,
7489,5112.95077085495,-0.0,
7490,5113.593464136124,-2.7726975e-07,
7491,5114.236818313599,-0.0,
7492,5114.880323410034,-0.0,
7493,5115.521857261658,-0.0,
7494,5116.163887023926,-0.0,
7495,5116.807208538055,-0.0,
7496,5117.4491946697235,-0.0,
7497,5118.091933965683,-0.0,
7498,5118.734355211258,-0.0,
7499,5119.376740694046,-0.0,
7500,5120.520368099213,-0.0,
7501,5122.042474031448,-0.0,
7502,5122.68532204628,-0.0022277175,
7503,5123.3298807144165,-0.0,
7504,5123.9743094444275,-0.0,
7505,5124.618712425232,-0.0,
7506,5125.264700651169,-0.0,
7507,5125.909003019333,-0.0,
7508,5126.552524089813,-0.0115761375,
7509,5127.197058439255,-0.0,
7510,5127.8409075737,-0.0,
7511,5128.485187292099,-0.0,
7512,5129.130067825317,-0.0,
7513,5129.774558067322,-0.0,
7514,5130.419553756714,-0.000820292,
7515,5131.063348770142,-0.0,
7516,5131.706866025925,-0.0,
7517,5132.351052522659,-0.0,
7518,5132.994548559189,-3.016426e-10,
7519,5133.639473199844,-0.0,
7520,5134.2833025455475,-1.0047424e-09,
7521,5134.926557064056,-0.0,
7522,5135.57027554512,-0.003670889,
7523,5136.214151859283,-0.0,
7524,5136.859220981598,-0.0,
7525,5137.493228197098,-0.0,
7526,5139.08601975441,-0.0,
7527,5139.727297782898,-0.0,
7528,5140.3701865673065,-0.0,
7529,5141.012577533722,-0.005471609,
7530,5141.655524253845,-0.0,
7531,5142.298019170761,-0.020809181,
7532,5142.940465211868,-0.0,
7533,5143.583140850067,-0.0,
7534,5144.225878953934,-0.004181365,
7535,5144.868918895721,-0.0,
7536,5145.511526346207,-0.0,
7537,5146.154868841171,-0.0,
7538,5146.798180341721,-0.0,
7539,5147.440712451935,-0.0,
7540,5148.083558082581,-0.017946484,
7541,5148.72638964653,-0.0,
7542,5149.369720458984,-0.0,
7543,5150.012487649918,-0.007505672,
7544,5150.654451131821,-0.0,
7545,5151.297801017761,-0.011222675,
7546,5151.941082954407,-0.0023107512,
7547,5152.581943035126,-0.0,
7548,5153.225390434265,-1.1331042e-09,
7549,5153.870048999786,-0.0,
7550,5154.500916957855,-0.0,
7551,5156.106648683548,-0.0,
7552,5156.751182556152,-0.0082804505,
7553,5157.396084308624,-0.0,
7554,5158.04079580307,-0.0,
7555,5158.686169624329,-0.0,
7556,5159.330364227295,-3.5850023e-10,
7557,5159.974546432495,-0.011682074,
7558,5160.619074106216,-1.0244927e-06,
7559,5161.26362991333,-0.0,
7560,5161.909489631653,-0.0,
7561,5162.553512811661,-0.0,
7562,5163.197873592377,-1.5267582e-11,
7563,5163.8429708480835,-0.0,
7564,5164.487102031708,-0.0063167494,
7565,5165.132740974426,-0.012496781,
7566,5165.7777009010315,-0.004708635,
7567,5166.423485517502,-0.0,
7568,5167.06841468811,-0.00038258923,
7569,5167.71205663681,-0.0,
7570,5168.356345176697,-0.0,
7571,5169.0000603199005,-0.0,
7572,5169.644016265869,-0.007865324,
7573,5170.287434577942,-0.0,
7574,5170.9313352108,-0.010151925,
7575,5171.5648148059845,-0.0,
7576,5173.140667438507,-0.0,
7577,5173.782920598984,-0.0,
7578,5174.4270277023315,-0.0,
7579,5175.069021701813,-0.0029215245,
7580,5175.711427927017,-0.0,
7581,5176.354245185852,-0.0015101336,
7582,5176.997075557709,-0.0,
7583,5177.639914274216,-0.0,
7584,5178.282361268997,-0.0,
7585,5178.924506664276,-0.0,
7586,5179.5677835941315,-0.009385227,
7587,5180.210015773773,-0.0,
7588,5180.852744102478,-0.0,
7589,5181.495926618576,-0.014239355,
7590,5182.138281106949,-0.0,
7591,5182.781222581863,-0.0,
7592,5183.422838926315,-0.0,
7593,5184.064558029175,-0.0,
7594,5184.706703901291,-0.0,
7595,5185.347840309143,-0.0,
7596,5185.989022731781,-0.0025461519,
7597,5186.631766080856,-0.0,
7598,5187.272646188736,-0.0,
7599,5187.914483308792,-0.0,
7600,5189.16252040863,-0.0,
7601,5190.784428358078,-0.0,
7602,5191.426862239838,-0.0,
7603,5192.070515871048,-0.0,
7604,5192.712644100189,-3.053516e-11,
7605,5193.357040405273,-0.00677398,
7606,5193.9996910095215,-0.0028063308,
7607,5194.641414880753,-0.0,
7608,5195.284421205521,-0.0,
7609,5195.926683664322,-0.0,
7610,5196.569523096085,-0.004127083,
7611,5197.212942361832,-0.01141235,
7612,5197.854860544205,-0.0,
7613,5198.497958898544,-0.0,
7614,5199.140390396118,-0.0,
7615,5199.782734632492,-0.0,
7616,5200.423841953278,-0.0,
7617,5201.06414437294,-0.0,
7618,5201.703877687454,-0.0055148443,
7619,5202.343542575836,-0.0,
7620,5202.983102798462,-0.007582112,
7621,5203.623249053955,-0.0,
7622,5204.263516664505,-0.009714282,
7623,5204.903714895248,-0.0,
7624,5205.544581890106,-0.0,
7625,5206.174540519714,-0.0019941742,
7626,5207.7130651474,-0.0,
7627,5208.352622747421,-0.0,
7628,5208.994975328445,-0.0,
7629,5209.6376304626465,-0.0025763644,
7630,5210.28005361557,-0.0003625733,
7631,5210.9234981536865,-0.008169265,
7632,5211.566445827484,-0.0026221913,
7633,5212.20894908905,-0.009889753,
7634,5212.852491617203,-0.0,
7635,5213.494985103607,-0.007785615,
7636,5214.137986660004,-0.0,
7637,5214.780617952347,-0.014161797,
7638,5215.423362016678,-0.0,
7639,5216.066971540451,-0.01145247,
7640,5216.7093987464905,-0.0,
7641,5217.351901292801,-0.012974406,
7642,5217.995455026627,-0.0,
7643,5218.637452125549,-0.008385904,
7644,5219.27947640419,-0.0,
7645,5219.921951532364,-0.010018459,
7646,5220.56370973587,-6.0521165e-07,
7647,5221.20726275444,-0.0022856786,
7648,5221.849338769913,-0.0,
7649,5222.491493225098,-0.0015901028,
7650,5223.123239994049,-0.0,
7651,5224.64685344696,-0.0,
7652,5225.289747714996,-0.0,
7653,5225.933511972427,-0.014621766,
7654,5226.577534198761,-0.0,
7655,5227.221045017242,-0.0,
7656,5227.86461019516,-0.0,
7657,5228.508749961853,-0.0069532036,
7658,5229.151856184006,-0.0033707707,
7659,5229.79703950882,-0.0,
7660,5230.441430807114,-1.4120589e-07,
7661,5231.085163593292,-0.0,
7662,5231.729250669479,-0.0074485685,
7663,5232.37290930748,-0.0,
7664,5233.015780210495,-0.0,
7665,5233.660022974014,-0.0,
7666,5234.303670406342,-0.00039368303,
7667,5234.94784283638,-0.0,
7668,5235.59202337265,-0.0,
7669,5236.234831809998,-0.0,
7670,5236.87771654129,-0.0,
7671,5237.520497083664,-0.0,
7672,5238.162344932556,-0.0004537659,
7673,5238.805426120758,-0.0,
7674,5239.44772362709,-7.6968786e-11,
7675,5240.079604625702,-0.0,
7676,5241.644789934158,-0.007204218,
7677,5242.28825044632,-0.0,
7678,5242.931186676025,-0.0,
7679,5243.574314832687,-0.0,
7680,5244.21804022789,-0.0,
7681,5244.860764741898,-0.0,
7682,5245.504672288895,-0.0,
7683,5246.147957086563,-0.007887143,
7684,5246.790965080261,-0.0,
7685,5247.435526847839,-0.0,
7686,5248.07866692543,-0.0,
7687,5248.722909450531,-0.0006236443,
7688,5249.368447780609,-0.0,
7689,5250.011595726013,-0.0,
7690,5250.655574560165,-0.0,
7691,5251.300182342529,-0.0,
7692,5251.943968296051,-0.0030540358,
7693,5252.5865976810455,-0.0,
7694,5253.2291078567505,-0.00070085924,
7695,5253.87056684494,-0.0,
7696,5254.513736248016,-5.28095e-05,
7697,5255.156052112579,-9.936046e-08,
7698,5255.798567533493,-0.0,
7699,5256.441749095917,-0.0,
7700,5257.581777095795,-0.0,
7701,5259.092506170273,-0.0,
7702,5259.735050439835,-0.014622931,
7703,5260.376362800598,-0.0,
7704,5261.019147157669,-0.009195391,
7705,5261.661995172501,-0.0,
7706,5262.30394077301,-0.0,
7707,5262.94645524025,-0.01712587,
7708,5263.5887799263,-0.0,
7709,5264.2308921813965,-0.0058233016,
7710,5264.872205734253,-0.0,
7711,5265.5138211250305,-0.0,
7712,5266.15412402153,-0.012217855,
7713,5266.794445514679,-0.0,
7714,5267.434381484985,-0.0,
7715,5268.074773550034,-0.00013027953,
7716,5268.715180397034,-0.0,
7717,5269.3553256988525,-0.012123049,
7718,5269.995989322662,-0.0,
7719,5270.635766506195,-0.0018895352,
7720,5271.27442574501,-0.0041250745,
7721,5271.915152311325,-0.0,
7722,5272.554861307144,-0.0107174,
7723,5273.194984674454,-0.0,
7724,5273.836770057678,-0.009783487,
7725,5274.466856956482,-0.0,
7726,5275.968657255173,-0.0,
7727,5276.61337018013,-0.0,
7728,5277.260148763657,-0.0,
7729,5277.906184911728,-0.0,
7730,5278.551629781723,-0.0,
7731,5279.19788312912,-0.011878808,
7732,5279.84317779541,-0.015094438,
7733,5280.487975358963,-0.00965398,
7734,5281.13309264183,-0.0,
7735,5281.777666091919,-0.0,
7736,5282.423572778702,-0.0,
7737,5283.068551063538,-0.030689253,
7738,5283.713148593903,-0.0,
7739,5284.358833551407,-0.012520828,
7740,5285.004534244537,-1.220571e-08,
7741,5285.649945497513,-1.3056159e-07,
7742,5286.295130968094,-7.6337894e-11,
7743,5286.9393928050995,-0.0,
7744,5287.584816455841,-0.011069312,
7745,5288.229426383972,-0.008861152,
7746,5288.874861717224,-0.0,
7747,5289.51979970932,-0.0,
7748,5290.165806055069,-4.8802924e-11,
7749,5290.811084032059,-0.0,
7750,5291.445496797562,-0.034256205,
7751,5292.878148317337,-0.0067660008,
7752,5293.515914916992,-0.0062174723,
7753,5294.156008481979,-0.0,
7754,5294.795312166214,-0.0,
7755,5295.434858560562,-0.0,
7756,5296.074438333511,-0.0,
7757,5296.713836431503,-0.0010163354,
7758,5297.353403091431,-3.6492118e-09,
7759,5297.9937698841095,-0.0,
7760,5298.633242845535,-0.00012093526,
7761,5299.274264097214,-0.0,
7762,5299.914437055588,-0.019452391,
7763,5300.554320812225,-0.0,
7764,5301.193659067154,-0.0069066132,
7765,5301.8341290950775,-0.0,
7766,5302.473995923996,-0.0,
7767,5303.113384485245,-0.0,
7768,5303.752377510071,-4.005184e-08,
7769,5304.391355752945,-0.012528993,
7770,5305.030977964401,-0.0,
7771,5305.669198989868,-0.007451788,
7772,5306.308580160141,-0.011452186,
7773,5306.948023080826,-6.997602e-08,
7774,5307.586300849915,-0.0,
7775,5308.214049339294,-0.0,
7776,5309.764850616455,-0.0,
7777,5310.407047510147,-0.0,
7778,5311.048233509064,-0.0,
7779,5311.69019985199,-0.0,
7780,5312.332687616348,-0.0019743752,
7781,5312.9736433029175,-0.0,
7782,5313.614694595337,-0.0,
7783,5314.256088733673,-0.0,
7784,5314.897810935974,-0.007885506,
7785,5315.53999376297,-0.0,
7786,5316.1822781562805,-0.0047536553,
7787,5316.824105501175,-0.0,
7788,5317.465456485748,-0.0,
7789,5318.106743812561,-0.0,
7790,5318.749005317688,-0.0,
7791,5319.391052484512,-0.006060615,
7792,5320.032751321793,-0.0,
7793,5320.674223184586,-0.017843466,
7794,5321.3146340847015,-0.0,
7795,5321.954684495926,-0.0,
7796,5322.595286846161,-0.0,
7797,5323.236035585403,-0.0,
7798,5323.8767466545105,-0.0,
7799,5324.518018007278,-0.009810136,
7800,5325.655356168747,-0.0,
7801,5327.203231573105,-0.0,
7802,5327.844972848892,-0.0,
7803,5328.487096786499,-0.0,
7804,5329.129599809647,-0.0014979371,
7805,5329.7715883255005,-0.0,
7806,5330.413148641586,-0.013392048,
7807,5331.0555419921875,-0.0049294583,
7808,5331.698636293411,-0.0,
7809,5332.340146780014,-0.0,
7810,5332.98383140564,-0.008590956,
7811,5333.626831293106,-0.0,
7812,5334.270429611206,-0.0,
7813,5334.9141800403595,-0.0,
7814,5335.557720661163,-0.0,
7815,5336.203238964081,-2.1824347e-08,
7816,5336.846956253052,-0.0,
7817,5337.489132642746,-0.0,
7818,5338.130757808685,-0.0,
7819,5338.772188663483,-0.0,
7820,5339.4138696193695,-0.0,
7821,5340.056320428848,-0.0,
7822,5340.697789669037,-0.0533097,
7823,5341.339250326157,-0.0,
7824,5341.981761217117,-1.2695765e-08,
7825,5342.611716747284,-4.6566122e-11,
7826,5344.137227296829,-0.0,
7827,5344.780191898346,-0.001015402,
7828,5345.424865722656,-6.5384775e-08,
7829,5346.067647218704,-0.014844602,
7830,5346.71093416214,-2.3185116e-06,
7831,5347.354822397232,-0.009495771,
7832,5347.996891498566,-0.0020174622,
7833,5348.641200304031,-0.0,
7834,5349.284574985504,-0.0,
7835,5349.928202867508,-0.00027360322,
7836,5350.572008371353,-0.0025078098,
7837,5351.214586257935,-0.0,
7838,5351.858268499374,-0.0055452897,
7839,5352.502351284027,-0.0,
7840,5353.145833015442,-0.0,
7841,5353.789674758911,-1.5205266e-11,
7842,5354.433400392532,-0.0,
7843,5355.076364040375,-0.017364131,
7844,5355.72034072876,-0.0,
7845,5356.362876415253,-0.0,
7846,5357.004897356033,-0.0,
7847,5357.649146556854,-0.010262493,
7848,5358.292056083679,-0.0,
7849,5358.935152292252,-0.00033424786,
7850,5359.567902565002,-0.0,
7851,5361.053450345993,-0.0057771667,
7852,5361.691157341003,-0.0,
7853,5362.331281900406,-0.006479854,
7854,5362.971555948257,-1.5852299e-11,
7855,5363.609726905823,-0.0,
7856,5364.248471736908,-0.0,
7857,5364.8877992630005,-0.0005048238,
7858,5365.5267214775085,-0.0043191845,
7859,5366.166563749313,-0.0,
7860,5366.8061447143555,-0.0,
7861,5367.4456622600555,-0.0,
7862,5368.085510730743,-0.0,
7863,5368.7246351242065,-0.0,
7864,5369.3642547130585,-0.0,
7865,5370.004016637802,-0.0009722501,
7866,5370.642769098282,-0.0,
7867,5371.282090187073,-1.5649536e-09,
7868,5371.920748949051,-0.0,
7869,5372.559012889862,-0.0,
7870,5373.198846101761,-0.0,
7871,5373.837673664093,-0.009644958,
7872,5374.476254463196,-0.0014235888,
7873,5375.115522861481,-0.0,
7874,5375.753609657288,-0.0,
7875,5376.38213801384,-0.0,
7876,5377.870546102524,-0.0,
7877,5378.516379594803,-0.0018558741,
7878,5379.162021636963,-0.0,
7879,5379.807012557983,-0.0,
7880,5380.452920913696,-0.0,
7881,5381.0983300209045,-0.0,
7882,5381.744090080261,-0.0,
7883,5382.390274524689,-0.012608511,
7884,5383.034908294678,-0.0,
7885,5383.680864810944,-0.00012692278,
7886,5384.326241493225,-0.0,
7887,5384.971079587936,-0.0,
7888,5385.616774082184,-0.0,
7889,5386.26128411293,-0.0,
7890,5386.90672826767,-0.009904307,
7891,5387.553518295288,-0.0,
7892,5388.19854927063,-0.0,
7893,5388.843652486801,-0.012253176,
7894,5389.488672733307,-0.0,
7895,5390.133434534073,-0.0,
7896,5390.7793691158295,-0.0,
7897,5391.423784255981,-0.0,
7898,5392.068642854691,-0.0,
7899,5392.714007139206,-0.001534987,
7900,5393.863255977631,-0.0,
7901,5395.399010896683,-0.0,
7902,5396.0428013801575,-0.0,
7903,5396.685789108276,-0.0,
7904,5397.328837156296,-0.0,
7905,5397.973018169403,-0.0,
7906,5398.615527629852,-0.0,
7907,5399.2596871852875,-1.2736029e-10,
7908,5399.903007268906,-0.038084324,
7909,5400.546158075333,-0.0,
7910,5401.190895795822,-0.006958674,
7911,5401.834603309631,-0.0034245334,
7912,5402.4778163433075,-0.0,
7913,5403.122793197632,-0.0,
7914,5403.765092372894,-0.0010687464,
7915,5404.408493757248,-0.007443681,
7916,5405.052726268768,-4.945075e-11,
7917,5405.696245193481,-0.003083066,
7918,5406.339565038681,-0.0038765543,
7919,5406.98317027092,-0.010010219,
7920,5407.625429153442,-0.0,
7921,5408.268545389175,-0.0,
7922,5408.911335229874,-0.0,
7923,5409.554267406464,-0.0028513856,
7924,5410.198026180267,-0.0,
7925,5410.8294332027435,-0.0,
7926,5412.303578138351,-0.0,
7927,5412.941698551178,-0.0,
7928,5413.583435535431,-0.0,
7929,5414.222360134125,-0.0,
7930,5414.861771583557,-0.0005020087,
7931,5415.502016544342,-0.0,
7932,5416.141078948975,-0.0,
7933,5416.780628204346,-0.0,
7934,5417.420140504837,-0.025245609,
7935,5418.059233188629,-0.01202018,
7936,5418.6994824409485,-0.0051151505,
7937,5419.338752269745,-0.0091647655,
7938,5419.977656841278,-0.0,
7939,5420.617801427841,-0.0,
7940,5421.257390022278,-0.0,
7941,5421.896688461304,-0.0,
7942,5422.5359535217285,-0.0,
7943,5423.176688194275,-0.0,
7944,5423.8163204193115,-0.0,
7945,5424.454750776291,-0.0,
7946,5425.093052625656,-0.0,
7947,5425.732774972916,-2.079217e-09,
7948,5426.371760845184,-0.0,
7949,5427.010316133499,-0.011326699,
7950,5427.63845038414,-0.0,
7951,5429.125501871109,-1.5572841e-09,
7952,5429.769827365875,-0.0,
7953,5430.41582608223,-0.0,
7954,5431.061709403992,-0.0,
7955,5431.704252958298,-0.015339372,
7956,5432.348344802856,-0.014576549,
7957,5432.991064310074,-0.009708861,
7958,5433.633385896683,-2.3282865e-09,
7959,5434.277127981186,-0.0,
7960,5434.920477390289,-0.0020014558,
7961,5435.564325094223,-0.010816268,
7962,5436.2084448337555,-0.019525826,
7963,5436.851197242737,-1.5021331e-11,
7964,5437.494457483292,-0.0,
7965,5438.1383810043335,-0.0,
7966,5438.7808265686035,-0.001214815,
7967,5439.4253895282745,-0.0,
7968,5440.069361448288,-0.0,
7969,5440.713625431061,-0.002660274,
7970,5441.359407424927,-0.0,
7971,5442.00420331955,-0.0,
7972,5442.648591518402,-0.0,
7973,5443.294269800186,-0.0,
7974,5443.938714265823,-0.0,
7975,5444.572854280472,-0.02387328,
7976,5446.108603239059,-0.0,
7977,5446.74841094017,-0.0011259427,
7978,5447.387979030609,-0.0,
7979,5448.028220176697,-8.878685e-08,
7980,5448.667318105698,-0.0,
7981,5449.304245471954,-0.011549418,
7982,5449.941860675812,-0.007942666,
7983,5450.579792737961,-0.0,
7984,5451.21781039238,-0.0,
7985,5451.8572454452515,-0.020467555,
7986,5452.4942038059235,-0.0,
7987,5453.131579875946,-0.015002701,
7988,5453.76858830452,-0.0,
7989,5454.406017303467,-0.0131331775,
7990,5455.044253587723,-0.0,
7991,5455.682552814484,-8.9616535e-08,
7992,5456.321880817413,-0.0,
7993,5456.961478233337,-0.0,
7994,5457.600558519363,-0.0,
7995,5458.239506721497,-0.0,
7996,5458.879638433456,-0.010052128,
7997,5459.517938137054,-0.0,
7998,5460.156688451767,-0.0,
7999,5460.795802116394,-0.0,
