step,time_sec,train_neg_log_ppl,val_neg_log_ppl
1,0.7976431846618652,-14.051102,
2,1.1153292655944824,-14.159508,
3,1.5321025848388672,-13.704075,
4,1.9520742893218994,-12.628064,
5,2.368076801300049,-11.297823,
6,2.786155939102173,-9.399186,
7,3.203779697418213,-7.058792,
8,3.619575023651123,-4.2871404,
9,4.0371294021606445,-2.6068325,
10,4.454803228378296,-2.097018,
11,4.872657299041748,-2.492044,
12,5.290367841720581,-3.3435683,
13,5.708522796630859,-3.4427996,
14,6.126820802688599,-3.6363015,
15,6.5445592403411865,-4.182071,
16,6.96459174156189,-4.8395944,
17,7.381368398666382,-5.6023417,
18,7.800788879394531,-5.2828445,
19,8.219528198242188,-6.492772,
20,8.636950254440308,-5.6143036,
21,9.036643743515015,-6.193465,
22,9.519317626953125,-6.4435024,
23,9.935393333435059,-6.200528,
24,10.355195045471191,-6.7467766,
25,10.772664308547974,-7.026082,
26,11.192442655563354,-7.631998,
27,11.611429452896118,-7.790535,
28,12.029520750045776,-7.815247,
29,12.45036768913269,-7.3660955,
30,12.868725538253784,-7.6291084,
31,13.288675785064697,-7.971339,
32,13.708030700683594,-8.430683,
33,14.12653923034668,-9.870434,
34,14.547433376312256,-8.97542,
35,14.965267181396484,-8.430612,
36,15.384816884994507,-8.863396,
37,15.804192543029785,-9.514601,
38,16.22375774383545,-10.156691,
39,16.643556833267212,-9.043985,
40,17.063252449035645,-10.488709,
41,17.483543157577515,-8.7372055,
42,17.883129835128784,-9.2299385,
43,18.356406211853027,-9.32776,
44,18.773824214935303,-8.684721,
45,19.19523787498474,-9.217302,
46,19.61292052268982,-9.31282,
47,20.033081769943237,-9.86487,
48,20.45168399810791,-9.79084,
49,20.87067413330078,-9.5970955,
50,21.29118514060974,-8.784002,
51,21.709288358688354,-8.8630495,
52,22.129592418670654,-8.990404,
53,22.547832489013672,-9.241817,
54,22.968092441558838,-10.534278,
55,23.387608766555786,-9.324091,
56,23.80668807029724,-8.51119,
57,24.227133750915527,-8.746122,
58,24.646306037902832,-9.24533,
59,25.066816806793213,-9.723404,
60,25.48649501800537,-8.5827675,
61,25.905769109725952,-9.953657,
62,26.326107263565063,-8.272569,
63,26.725412607192993,-8.7738285,
64,27.201652765274048,-8.855469,
65,27.619746685028076,-8.283056,
66,28.043354272842407,-8.790726,
67,28.461506366729736,-8.912121,
68,28.882770538330078,-9.487267,
69,29.303001403808594,-9.445194,
70,29.72160768508911,-9.291071,
71,30.143385648727417,-8.504301,
72,30.562157154083252,-8.627275,
73,30.98433256149292,-8.802713,
74,31.40425729751587,-9.110072,
75,31.825613737106323,-10.432907,
76,32.24730110168457,-9.21456,
77,32.66706895828247,-8.380614,
78,33.08777165412903,-8.660147,
79,33.508214473724365,-9.189528,
80,33.92845368385315,-9.627884,
81,34.34981155395508,-8.369815,
82,34.76945400238037,-9.614365,
83,35.189857959747314,-7.7459,
84,35.590367794036865,-8.072582,
85,36.07784843444824,-7.893821,
86,36.49670171737671,-6.3821774,
87,36.92320466041565,-5.1488266,
88,37.34212827682495,-3.822154,
89,37.76485991477966,-2.327523,
90,38.18560862541199,-9.740469,
91,38.604711294174194,-10.765321,
92,39.02690768241882,-9.21002,
93,39.44640231132507,-7.8780437,
94,39.86776900291443,-5.112051,
95,40.288028955459595,-2.244259,
96,40.708141803741455,-2.6166506,
97,41.128663539886475,-1.5039895,
98,41.548447132110596,-1.2922747,
99,41.969818353652954,-1.3055843,
100,42.38932251930237,-1.6499255,
101,42.81103038787842,-1.527405,
102,43.2324755191803,-1.4381666,
103,43.65327191352844,-1.6757894,
104,44.07551336288452,-1.0708077,
105,44.47601771354675,-1.5174804,
106,44.95279502868652,-1.6224844,
107,45.371678590774536,-1.6954082,
108,45.79749059677124,-1.66347,
109,46.2170844078064,-1.3814957,
110,46.641077518463135,-1.6224588,
111,47.06182646751404,-1.4256194,
112,47.482173681259155,-1.8253179,
113,47.905134439468384,-1.1920011,
114,48.32415795326233,-1.366183,
115,48.746684551239014,-1.4241416,
116,49.166258811950684,-1.3020091,
117,49.58686852455139,-1.7045205,
118,50.00878596305847,-2.143375,
119,50.42897844314575,-1.1318309,
120,50.852133989334106,-1.3471487,
121,51.272266149520874,-1.6841073,
122,51.694342613220215,-1.3537624,
123,52.11628293991089,-1.0860426,
124,52.53737759590149,-1.265799,
125,52.95918941497803,-1.3865359,
126,53.35915207862854,-1.244769,
127,53.849570512771606,-1.3587773,
128,54.26890206336975,-1.5239468,
129,54.6935350894928,-1.2068615,
130,55.11328935623169,-1.1725019,
131,55.53704285621643,-1.1487908,
132,55.95745325088501,-1.5378513,
133,56.378655672073364,-1.5688068,
134,56.800275564193726,-1.3521674,
135,57.219927072525024,-1.4930502,
136,57.64274334907532,-1.2180624,
137,58.062939167022705,-1.3153036,
138,58.484726905822754,-1.9048967,
139,58.90668773651123,-1.7907444,
140,59.32785105705261,-0.93673575,
141,59.751466274261475,-1.154114,
142,60.172465562820435,-1.4702058,
143,60.59623861312866,-1.169472,
144,61.016420125961304,-1.5095215,
145,61.437955379486084,-1.0960436,
146,61.85951042175293,-1.0149373,
147,62.26036357879639,-1.4446716,
148,62.737354040145874,-1.276787,
149,63.15705990791321,-1.2394572,
150,63.58230662345886,-1.1641421,
151,64.00349593162537,-1.2040783,
152,64.42553162574768,-1.1210028,
153,64.84795188903809,-1.1485076,
154,65.26899838447571,-1.2085581,
155,65.69237470626831,-1.1451561,
156,66.11316728591919,-1.2381055,
157,66.53563213348389,-1.0407655,
158,66.95690536499023,-1.1862457,
159,67.37792563438416,-1.4803848,
160,67.80001997947693,-1.3699635,
161,68.2208616733551,-0.96972287,
162,68.64273953437805,-1.0153532,
163,69.06480646133423,-1.5443578,
164,69.4873149394989,-1.847177,
165,69.90883469581604,-1.4430329,
166,70.33081603050232,-1.7257178,
167,70.75250792503357,-1.2484039,
168,71.15445899963379,-1.6490372,
169,71.65100455284119,-1.5480312,
170,72.07126545906067,-1.3540564,
171,72.49760031700134,-1.4599977,
172,72.91818833351135,-1.7211488,
173,73.34252285957336,-1.6826661,
174,73.76585602760315,-1.7637868,
175,74.18785643577576,-1.645022,
176,74.6106743812561,-1.4992872,
177,75.03235816955566,-1.5430145,
178,75.45430564880371,-1.5630735,
179,75.87584114074707,-1.425387,
180,76.29802346229553,-2.4539819,
181,76.71883463859558,-1.695843,
182,77.14123487472534,-1.4359906,
183,77.56372880935669,-1.5966252,
184,77.98573303222656,-2.2412057,
185,78.40918374061584,-1.534834,
186,78.83082675933838,-1.4174405,
187,79.25278115272522,-1.7474766,
188,79.67420887947083,-1.1595755,
189,80.07638907432556,-1.6134768,
190,80.55995416641235,-1.3681442,
191,80.97953271865845,-1.1491594,
192,81.40588545799255,-1.4521117,
193,81.8257966041565,-1.4787234,
194,82.2503912448883,-1.4185665,
195,82.67218828201294,-1.5952876,
196,83.09221839904785,-1.2665399,
197,83.51454496383667,-1.2119266,
198,83.93451023101807,-1.0774566,
199,84.35766291618347,-1.1003157,
200,84.77892303466797,-1.1985788,
201,85.20134854316711,-2.1613,
202,85.62434196472168,-1.5815609,
203,86.0459713935852,-1.4282417,
204,86.46870708465576,-0.95406264,
205,86.88954019546509,-1.3433424,
206,87.31181406974792,-1.3422126,
207,87.73273706436157,-1.0864248,
208,88.15406203269958,-0.8599039,
209,88.57641243934631,-0.83323884,
210,88.97826313972473,-1.3093555,
211,89.46072554588318,-1.1169078,
212,89.88058996200562,-1.1132756,
213,90.3093032836914,-1.0708382,
214,90.72889280319214,-1.1031462,
215,91.15304231643677,-1.004901,
216,91.573557138443,-1.1700059,
217,91.9938452243805,-1.2897873,
218,92.41816902160645,-0.8362408,
219,92.83991241455078,-1.4084518,
220,93.26540851593018,-1.0608237,
221,93.68770027160645,-0.92069685,
222,94.11107420921326,-1.3567905,
223,94.53400421142578,-0.9006718,
224,94.95635914802551,-0.90231454,
225,95.38073897361755,-1.0220699,
226,95.80317568778992,-1.634372,
227,96.22701382637024,-0.9885551,
228,96.64943432807922,-0.96612525,
229,97.07128667831421,-0.9344342,
230,97.49475693702698,-1.012533,
231,97.89695191383362,-1.1562952,
232,98.39029240608215,-1.1242186,
233,98.81132340431213,-1.2348145,
234,99.23791909217834,-0.968139,
235,99.65941214561462,-0.9465398,
236,100.08411192893982,-1.3088202,
237,100.50609254837036,-0.96602,
238,100.92788863182068,-1.1478784,
239,101.35220527648926,-0.6161369,
240,101.77441072463989,-1.1423936,
241,102.19852709770203,-1.0931048,
242,102.62144565582275,-1.2444205,
243,103.04413437843323,-1.5650434,
244,103.46745824813843,-1.1948717,
245,103.889732837677,-1.0977964,
246,104.31307649612427,-1.151129,
247,104.73584389686584,-1.5587317,
248,105.15906572341919,-1.0003772,
249,105.58256363868713,-0.8582344,
250,106.00526094436646,-0.9726797,
251,106.42861843109131,-0.8931398,
252,106.83130502700806,-1.0208915,
253,107.32045698165894,-1.0915885,
254,107.7408676147461,-0.890453,
255,108.16808557510376,-1.3606842,
256,108.58998608589172,-1.0937355,
257,109.01544308662415,-1.239275,
258,109.43857336044312,-0.82243675,
259,109.86035585403442,-1.093643,
260,110.28498911857605,-1.1310421,
261,110.70538902282715,-0.7869184,
262,111.13022541999817,-0.9391645,
263,111.55239486694336,-0.75062406,
264,111.97604131698608,-0.8081486,
265,112.39997339248657,-0.63081485,
266,112.82159662246704,-0.96280557,
267,113.2452483177185,-0.8672801,
268,113.6671872138977,-1.5761833,
269,114.09144592285156,-1.3976872,
270,114.51431226730347,-1.0272019,
271,114.93745827674866,-0.57327366,
272,115.36129021644592,-0.7802131,
273,115.76326584815979,-1.0457662,
274,116.24259066581726,-0.9966097,
275,116.66299676895142,-0.7284956,
276,117.09082794189453,-0.77860665,
277,117.51198172569275,-0.9788217,
278,117.93686175346375,-0.94598955,
279,118.35975813865662,-0.57513493,
280,118.78173804283142,-1.5574551,
281,119.20623254776001,-0.45548525,
282,119.6283347606659,-1.0333374,
283,120.0538341999054,-0.55213344,
284,120.4767336845398,-0.7104379,
285,120.90020227432251,-0.78753483,
286,121.3225622177124,-0.7399889,
287,121.74506163597107,-0.7505208,
288,122.1694803237915,-0.8336483,
289,122.59183716773987,-1.165481,
290,123.01637506484985,-0.7708615,
291,123.43955707550049,-0.5412665,
292,123.8622932434082,-0.5977675,
293,124.28625655174255,-0.71250033,
294,124.68833661079407,-0.7539091,
295,125.17539572715759,-1.289168,
296,125.59740376472473,-0.4293007,
297,126.02388715744019,-0.85572267,
298,126.44584512710571,-1.0101781,
299,126.8705062866211,-1.2696965,
300,127.2940604686737,-1.2251763,
301,127.71722936630249,-1.3899877,
302,128.1413004398346,-0.51895446,
303,128.56402444839478,-0.59748244,
304,128.98933696746826,-0.30949825,
305,129.41223812103271,-0.65427256,
306,129.83577418327332,-0.52100015,
307,130.25873637199402,-0.80436766,
308,130.6812551021576,-0.8233919,
309,131.10551810264587,-0.70390975,
310,131.52819228172302,-1.1410161,
311,131.95297002792358,-0.69705164,
312,132.37515330314636,-0.79519445,
313,132.79824781417847,-0.65885955,
314,133.2215187549591,-0.65046513,
315,133.62469387054443,-1.0468566,
316,134.11107993125916,-0.35460955,
317,134.53214168548584,-0.50742435,
318,134.9595329761505,-0.40325615,
319,135.3805546760559,-0.55093795,
320,135.80583119392395,-1.0352156,
321,136.22911596298218,-0.9400238,
322,136.65226006507874,-0.60469186,
323,137.07542490959167,-0.45364684,
324,137.4975209236145,-0.8171959,
325,137.92174100875854,-0.78749406,
326,138.34503412246704,-0.7209017,
327,138.7683231830597,-0.59119815,
328,139.1912260055542,-0.98087895,
329,139.61505389213562,-0.57749045,
330,140.03825616836548,-0.67372614,
331,140.46173214912415,-0.6920679,
332,140.88529562950134,-0.45951602,
333,141.3091938495636,-0.39805466,
334,141.73283338546753,-0.47368982,
335,142.15642929077148,-0.83860964,
336,142.55855464935303,-1.2473667,
337,143.04299879074097,-0.92467046,
338,143.46425867080688,-0.8915626,
339,143.8920271396637,-0.60121334,
340,144.31319570541382,-0.5981312,
341,144.73839807510376,-0.76272494,
342,145.1616358757019,-0.2708407,
343,145.58460426330566,-0.72714573,
344,146.00997042655945,-0.59401727,
345,146.43134689331055,-0.40888935,
346,146.8549304008484,-0.650617,
347,147.27705121040344,-0.6637213,
348,147.70175695419312,-0.8572739,
349,148.1265938282013,-0.81748176,
350,148.54949522018433,-0.7986262,
351,148.97311520576477,-0.5750265,
352,149.39531660079956,-0.8143896,
353,149.81972551345825,-0.5582708,
354,150.2437708377838,-0.4798671,
355,150.66711616516113,-0.4019,
356,151.09073066711426,-0.51841676,
357,151.49291849136353,-0.9000588,
358,151.97759580612183,-0.36279014,
359,152.39870834350586,-0.33197546,
360,152.82672381401062,-0.41316396,
361,153.24822974205017,-0.6316302,
362,153.6738486289978,-0.9800497,
363,154.09659147262573,-0.49271733,
364,154.51960706710815,-0.7068317,
365,154.94456720352173,-0.80662876,
366,155.36653995513916,-0.41369462,
367,155.79173874855042,-0.7059764,
368,156.21300864219666,-0.6896154,
369,156.6371476650238,-0.8856152,
370,157.06106114387512,-0.7963062,
371,157.48372626304626,-0.5781659,
372,157.90802574157715,-0.6598957,
373,158.32978200912476,-0.38121986,
374,158.753675699234,-0.8724955,
375,159.1771523952484,-0.581148,
376,159.60039973258972,-0.5094903,
377,160.02388286590576,-0.37973323,
378,160.4273488521576,-0.60984856,
379,160.89939332008362,-0.5350372,
380,161.3207881450653,-0.46264067,
381,161.748699426651,-0.7743144,
382,162.16907286643982,-0.5128677,
383,162.59473156929016,-0.77188766,
384,163.01875019073486,-0.44094473,
385,163.4415740966797,-1.3793645,
386,163.8658835887909,-0.6094211,
387,164.2872281074524,-0.3283017,
388,164.7127125263214,-0.47437483,
389,165.13589787483215,-0.95165884,
390,165.55990362167358,-0.94158566,
391,165.983952999115,-1.0601903,
392,166.4066846370697,-0.43690717,
393,166.83065390586853,-0.22319116,
394,167.25431394577026,-0.20756286,
395,167.67860555648804,-0.2904225,
396,168.10224032402039,-0.68324375,
397,168.52574610710144,-0.8110819,
398,168.94887852668762,-0.41093794,
399,169.35236740112305,-0.46050593,
400,169.8151876926422,-0.34573174,
401,170.236670255661,-0.39103878,
402,170.66506052017212,-0.3035348,
403,171.08642482757568,-0.43085945,
404,171.51153707504272,-0.71110845,
405,171.93540692329407,-0.5474107,
406,172.35918951034546,-0.73713434,
407,172.78455090522766,-0.18851325,
408,173.20643091201782,-0.50293607,
409,173.63139724731445,-0.39965236,
410,174.0553593635559,-0.51458156,
411,174.47988152503967,-0.97035885,
412,174.90301871299744,-0.720623,
413,175.32633113861084,-0.47459313,
414,175.75090622901917,-0.09641626,
415,176.17393589019775,-0.6328699,
416,176.59909510612488,-0.35563135,
417,177.02246570587158,-0.82202786,
418,177.44600248336792,-1.3649061,
419,177.8689730167389,-0.17730054,
420,178.2719223499298,-0.84084415,
421,178.7564821243286,-0.5986576,
422,179.17760634422302,-0.18767014,
423,179.60568022727966,-0.2618475,
424,180.02822399139404,-0.28940994,
425,180.4533190727234,-0.34911996,
426,180.8768060207367,-0.45119587,
427,181.2997658252716,-0.6612337,
428,181.7246744632721,-0.22156417,
429,182.14740753173828,-0.28888348,
430,182.57247352600098,-0.9434235,
431,182.9958188533783,-0.89943266,
432,183.41965341567993,-0.75207496,
433,183.84247088432312,-0.5733316,
434,184.26623678207397,-0.21878852,
435,184.69014191627502,-0.5370389,
436,185.11364817619324,-0.570048,
437,185.53817987442017,-0.1410957,
438,185.960462808609,-0.35374343,
439,186.3839111328125,-0.3935947,
440,186.80888986587524,-0.40289396,
441,187.2117841243744,-0.5092822,
442,187.69687366485596,-0.22615921,
443,188.11831068992615,-0.23986682,
444,188.5452845096588,-0.5505487,
445,188.96742939949036,-0.4520203,
446,189.39288187026978,-0.55456156,
447,189.81556391716003,-0.7076255,
448,190.23830795288086,-0.29148933,
449,190.66245412826538,-0.7622254,
450,191.0847351551056,-0.32584113,
451,191.5092704296112,-0.4809149,
452,191.9320249557495,-0.26446506,
453,192.35637068748474,-0.49641672,
454,192.7793412208557,-0.68562853,
455,193.20256280899048,-0.38758403,
456,193.6266520023346,-0.6494864,
457,194.049978017807,-0.34978974,
458,194.47399044036865,-0.62911296,
459,194.89661645889282,-0.50558877,
460,195.3201186656952,-0.32762438,
461,195.74308466911316,-0.43557015,
462,196.14733004570007,-0.23764893,
463,196.6298840045929,-0.11154264,
464,197.05212593078613,-0.47288716,
465,197.47966647148132,-0.46504256,
466,197.90197682380676,-0.53062004,
467,198.32808184623718,-0.6594633,
468,198.7518117427826,-0.58140826,
469,199.17397928237915,-0.21740182,
470,199.5982367992401,-0.21320114,
471,200.01997637748718,-0.5562377,
472,200.44515371322632,-0.2822954,
473,200.86910724639893,-1.0120933,
474,201.2931728363037,-1.1605603,
475,201.71647000312805,-1.1544278,
476,202.1392786502838,-0.35492605,
477,202.56439781188965,-0.19141182,
478,202.98758363723755,-0.36150664,
479,203.4117031097412,-0.19371116,
480,203.83472204208374,-0.74361163,
481,204.25846099853516,-0.34156168,
482,204.6834111213684,-0.19852552,
483,205.08677625656128,-0.44558978,
484,205.55730986595154,-0.79277,
485,205.9796724319458,-0.4964621,
486,206.4073543548584,-0.20293078,
487,206.82970523834229,-0.091636986,
488,207.2547161579132,-0.5197343,
489,207.6783423423767,-0.8172153,
490,208.10153722763062,-1.0290972,
491,208.52795362472534,-0.676286,
492,208.94953966140747,-0.6287869,
493,209.3748631477356,-0.3069618,
494,209.79758715629578,-0.47130892,
495,210.22231578826904,-0.87306607,
496,210.64696288108826,-1.0533583,
497,211.06921553611755,-0.83230746,
498,211.4941849708557,-0.21754912,
499,211.91656064987183,-0.59660244,
500,212.34146094322205,-0.30823576,
501,212.76547265052795,-0.66176593,
502,213.18901467323303,-0.203138,
503,213.61336278915405,-0.5762834,
504,214.01564288139343,-0.50924766,
505,214.489253282547,-0.55054605,
506,214.91039276123047,-1.2813491,
507,215.33754706382751,-0.5815455,
508,215.75914311408997,-0.4578663,
509,216.18504190444946,-0.2024159,
510,216.60807394981384,-0.2791855,
511,217.0303339958191,-0.716121,
512,217.45466232299805,-0.2828846,
513,217.8771288394928,-0.12161231,
514,218.30289816856384,-0.08909674,
515,218.7262830734253,-0.1663529,
516,219.15065908432007,-0.46893576,
517,219.57405519485474,-0.69630235,
518,219.9985933303833,-0.28119975,
519,220.42370200157166,-0.47999647,
520,220.8456473350525,-0.118606836,
521,221.27069520950317,-0.193456,
522,221.6936914920807,-0.09577647,
523,222.1186912059784,-0.22736698,
524,222.54349637031555,-0.29408434,
525,222.94467949867249,-1.2781197,
526,223.4223916530609,-0.36680087,
527,223.8430051803589,-0.5020875,
528,224.2707164287567,-0.34202373,
529,224.69209671020508,-0.40528402,
530,225.11765789985657,-0.34818208,
531,225.54165315628052,-0.67194694,
532,225.96419286727905,-0.53935313,
533,226.38985395431519,-0.2173883,
534,226.8120458126068,-0.282695,
535,227.2379927635193,-0.15523928,
536,227.66142749786377,-0.52495015,
537,228.08560371398926,-0.53324765,
538,228.50852799415588,-0.12967306,
539,228.9311010837555,-0.4013665,
540,229.35668349266052,-0.3882647,
541,229.77991032600403,-0.46045473,
542,230.20403742790222,-0.6146528,
543,230.6268572807312,-0.45116702,
544,231.0500843524933,-0.5979266,
545,231.47505164146423,-0.4217092,
546,231.8783905506134,-0.54091525,
547,232.36682677268982,-0.5015063,
548,232.78850603103638,-0.13232033,
549,233.2150628566742,-0.44256267,
550,233.6369833946228,-0.31355911,
551,234.06226253509521,-0.6524259,
552,234.48495507240295,-0.4272604,
553,234.90742301940918,-0.24685243,
554,235.3322582244873,-1.2011678,
555,235.75632095336914,-0.6782634,
556,236.18145298957825,-0.5378283,
557,236.60413193702698,-0.09312849,
558,237.02869653701782,-1.784735,
559,237.45164608955383,-0.7137445,
560,237.87630486488342,-0.4791395,
561,238.29993724822998,-0.14635277,
562,238.72325158119202,-0.5239934,
563,239.14707803726196,-0.451178,
564,239.57027053833008,-0.6820456,
565,239.99437642097473,-0.3906542,
566,240.4181067943573,-0.6681034,
567,240.82231307029724,-0.44507176,
568,241.31129336357117,-0.30272713,
569,241.73300623893738,-0.57498884,
570,242.1613688468933,-0.5214653,
571,242.58306121826172,-0.26686496,
572,243.008376121521,-0.23465225,
573,243.43192100524902,-0.2268275,
574,243.85535264015198,-0.15106796,
575,244.27977657318115,-0.1841864,
576,244.70202255249023,-0.6025435,
577,245.1266849040985,-0.7316992,
578,245.54991149902344,-0.6285598,
579,245.97486996650696,-0.7425481,
580,246.39871501922607,-1.0682837,
581,246.82211017608643,-0.60415405,
582,247.24640703201294,-0.17300802,
583,247.67046117782593,-0.320625,
584,248.0953187942505,-0.17077011,
585,248.5182921886444,-0.37029618,
586,248.9418683052063,-0.41216505,
587,249.36520862579346,-0.46443796,
588,249.76903915405273,-0.26382512,
589,250.25378918647766,-0.23993656,
590,250.6756362915039,-0.41450685,
591,251.10229587554932,-0.6012577,
592,251.52488589286804,-0.19455883,
593,251.95120525360107,-0.34490314,
594,252.37523221969604,-0.49835747,
595,252.797297000885,-0.12034606,
596,253.2223083972931,-0.3291619,
597,253.64508700370789,-0.23651473,
598,254.0701825618744,-0.07222314,
599,254.49429082870483,-0.5938654,
600,254.91710710525513,-0.1967933,
601,255.34091114997864,-0.33120084,
602,255.7629313468933,-0.14371212,
603,256.18769001960754,-0.19429426,
604,256.6121790409088,-1.5395691,
605,257.0361716747284,-0.5047566,
606,257.4602472782135,-0.037382193,
607,257.8832404613495,-0.10721377,
608,258.308470249176,-0.36899945,
609,258.7113127708435,-0.8126755,
610,259.2041997909546,-0.42975423,
611,259.6263225078583,-0.42659998,
612,260.0536425113678,-0.19269344,
613,260.4750106334686,-0.21803278,
614,260.89977049827576,-0.30016455,
615,261.32263946533203,-0.2877549,
616,261.7458646297455,-0.10232794,
617,262.17091703414917,-0.30530173,
618,262.5934591293335,-0.5120319,
619,263.01809883117676,-0.83115315,
620,263.4408586025238,-0.2982086,
621,263.8657863140106,-0.49385887,
622,264.28992533683777,-0.2060153,
623,264.71261954307556,-0.7192788,
624,265.1373031139374,-0.17518006,
625,265.5592257976532,-0.51502305,
626,265.98548126220703,-0.38865206,
627,266.4095106124878,-0.31033927,
628,266.83293557167053,-0.31212246,
629,267.2561089992523,-0.08814229,
630,267.6592655181885,-0.32601923,
631,268.13056659698486,-0.357269,
632,268.5522131919861,-0.3939833,
633,268.9794864654541,-0.23011562,
634,269.4018929004669,-0.8007913,
635,269.82781314849854,-0.45010307,
636,270.2506763935089,-0.19920771,
637,270.6737606525421,-0.6498964,
638,271.0993103981018,-0.5307691,
639,271.521737575531,-0.8205375,
640,271.9463748931885,-0.28467056,
641,272.3704128265381,-0.29492843,
642,272.7938575744629,-0.44885063,
643,273.218790769577,-0.14499705,
644,273.64222049713135,-0.7323247,
645,274.0671033859253,-0.42988738,
646,274.4898931980133,-0.59943044,
647,274.9134602546692,-0.7393261,
648,275.33697056770325,-0.035764944,
649,275.76034283638,-0.47525477,
650,276.18486499786377,-0.2773877,
651,276.58807134628296,-0.58236897,
652,277.0625035762787,-0.1974698,
653,277.4845299720764,-0.044379838,
654,277.9119954109192,-0.43798614,
655,278.3344786167145,-0.8503414,
656,278.7605314254761,-0.76872706,
657,279.1838631629944,-0.56107694,
658,279.6072416305542,-0.28037095,
659,280.0312626361847,-0.40794826,
660,280.45396542549133,-0.19957589,
661,280.87820959091187,-0.3543433,
662,281.30166602134705,-0.45835674,
663,281.7256700992584,-0.21558005,
664,282.1490774154663,-0.34238452,
665,282.5720522403717,-0.30179864,
666,282.99619007110596,-0.13318929,
667,283.4210090637207,-0.6113783,
668,283.8446135520935,-0.43294775,
669,284.26754665374756,-0.5106745,
670,284.69146847724915,-0.40618363,
671,285.11452984809875,-0.52076083,
672,285.518940448761,-0.53446877,
673,285.9962475299835,-0.2529344,
674,286.4179892539978,-0.24219546,
675,286.84588861465454,-0.4687891,
676,287.26700353622437,-0.17960796,
677,287.6918978691101,-0.38977486,
678,288.1156759262085,-0.5796459,
679,288.5395083427429,-0.10833781,
680,288.9645528793335,-0.18844214,
681,289.38610911369324,-0.21880877,
682,289.81246852874756,-0.32165834,
683,290.23556423187256,-0.4414835,
684,290.66086316108704,-0.55275846,
685,291.0844430923462,-0.30648026,
686,291.50765585899353,-0.2721161,
687,291.932324886322,-0.10204062,
688,292.35519075393677,-0.18293475,
689,292.78031516075134,-0.4149248,
690,293.2031774520874,-0.35672623,
691,293.62688660621643,-0.47554427,
692,294.05045557022095,-0.45470876,
693,294.4542200565338,-0.7063977,
694,294.94361448287964,-0.66647184,
695,295.3660111427307,-0.3616904,
696,295.79231238365173,-0.32952487,
697,296.21450304985046,-0.06447144,
698,296.6397190093994,-0.45128384,
699,297.06267976760864,-0.14913936,
700,297.4859962463379,-0.034281828,
701,297.9104619026184,-0.23902594,
702,298.33321595191956,-0.35097456,
703,298.7581515312195,-0.3227042,
704,299.1815092563629,-0.49619967,
705,299.60495924949646,-1.0994745,
706,300.02799344062805,-0.86353433,
707,300.453412771225,-0.4306171,
708,300.8779983520508,-0.948718,
709,301.30081486701965,-0.44549936,
710,301.72467279434204,-0.54179883,
711,302.14798521995544,-0.22674634,
712,302.5724403858185,-0.62190497,
713,302.9965455532074,-0.39888787,
714,303.3992009162903,-0.5277344,
715,303.88909888267517,-0.28356108,
716,304.3112726211548,-0.3496821,
717,304.7399513721466,-0.40996322,
718,305.1617543697357,-0.20306973,
719,305.5857458114624,-0.5118814,
720,306.01083278656006,-0.7089069,
721,306.4335358142853,-0.583419,
722,306.85883259773254,-0.3739686,
723,307.281760931015,-0.9090019,
724,307.7073965072632,-0.28112644,
725,308.130952835083,-0.3143576,
726,308.5549793243408,-0.46810952,
727,308.97888588905334,-0.50626624,
728,309.4012703895569,-0.13992745,
729,309.82623744010925,-0.30037135,
730,310.2493643760681,-0.4466657,
731,310.6738498210907,-0.43906435,
732,311.0973892211914,-0.26169294,
733,311.51974177360535,-0.11744479,
734,311.94349932670593,-0.022783538,
735,312.34641695022583,-0.25075656,
736,312.82101368904114,-0.5712643,
737,313.24269127845764,-0.7332612,
738,313.6693170070648,-0.90395665,
739,314.0929636955261,-0.2715192,
740,314.51768159866333,-0.6214317,
741,314.9400713443756,-0.25546753,
742,315.36293029785156,-0.08220698,
743,315.788204908371,-0.15643167,
744,316.2118909358978,-0.5111684,
745,316.636513710022,-0.36042005,
746,317.0592727661133,-0.5477688,
747,317.48361253738403,-0.0479496,
748,317.90724897384644,-0.11112779,
749,318.33136224746704,-0.18317749,
750,318.75552582740784,-0.32348353,
751,319.1785123348236,-0.4627534,
752,319.6040048599243,-0.27223262,
753,320.02718353271484,-0.21589628,
754,320.45179080963135,-0.21536246,
755,320.874799489975,-0.08966476,
756,321.2777650356293,-0.18010426,
757,321.75580191612244,-1.2001904,
758,322.177029132843,-0.35357893,
759,322.60573172569275,-0.13729866,
760,323.0275866985321,-0.1887446,
761,323.45411014556885,-0.16310585,
762,323.87680649757385,-0.14418377,
763,324.2995111942291,-0.30188912,
764,324.7257044315338,-0.06991001,
765,325.1484887599945,-0.16874428,
766,325.5736129283905,-0.2558035,
767,325.9964551925659,-0.5369367,
768,326.42069840431213,-0.2119874,
769,326.84509015083313,-0.8048308,
770,327.26817893981934,-1.0448313,
771,327.69304752349854,-0.21222636,
772,328.11568689346313,-0.34448966,
773,328.54061341285706,-1.2208264,
774,328.9645736217499,-0.096303836,
775,329.3900372982025,-0.29983056,
776,329.8133978843689,-0.3161673,
777,330.2161226272583,-0.37803948,
778,330.6837306022644,-0.49974087,
779,331.1047763824463,-0.62923235,
780,331.5335867404938,-0.26135543,
781,331.9548325538635,-0.3680214,
782,332.3808767795563,-0.5034542,
783,332.8036561012268,-0.24278879,
784,333.2277133464813,-0.91023254,
785,333.65239572525024,-0.9433755,
786,334.0741996765137,-0.7542372,
787,334.4998927116394,-0.16868393,
788,334.9229853153229,-0.44789702,
789,335.3478639125824,-0.12541781,
790,335.7707793712616,-0.42230117,
791,336.1930046081543,-0.25754958,
792,336.6171407699585,-0.14515558,
793,337.03963971138,-0.39480525,
794,337.4651126861572,-0.262433,
795,337.88783621788025,-0.032988016,
796,338.31135988235474,-0.33250895,
797,338.73506355285645,-0.15300182,
798,339.13738489151,-0.52953774,
799,339.6144759654999,-0.15987363,
800,340.03618717193604,-0.17676255,
801,340.46391320228577,-0.2663734,
802,340.8862476348877,-0.35324758,
803,341.31123328208923,-0.5104746,
804,341.733913898468,-0.04540906,
805,342.1577069759369,-0.46595436,
806,342.5833284854889,-0.036707707,
807,343.00580072402954,-0.6795279,
808,343.4306449890137,-0.14158556,
809,343.8530569076538,-0.060023308,
810,344.27728962898254,-0.649928,
811,344.7018291950226,-0.34503156,
812,345.1251468658447,-0.17215236,
813,345.5494544506073,-0.35428417,
814,345.97204756736755,-0.3916864,
815,346.39683628082275,-0.09423137,
816,346.82072281837463,-0.105365045,
817,347.24452662467957,-0.23408656,
818,347.6685872077942,-0.79851884,
819,348.07232451438904,-0.76504904,
820,348.5566430091858,-0.32536122,
821,348.97822880744934,-0.07145484,
822,349.40638613700867,-0.5316688,
823,349.82741141319275,-0.43152815,
824,350.2536642551422,-0.2683218,
825,350.676881313324,-0.26326492,
826,351.09950971603394,-0.11463127,
827,351.52491307258606,-0.14278653,
828,351.94749784469604,-0.6113937,
829,352.3719983100891,-0.15216672,
830,352.79602813720703,-0.3616405,
831,353.22077989578247,-0.13844247,
832,353.64432311058044,-0.09622683,
833,354.0671739578247,-0.16562675,
834,354.49001717567444,-0.77314794,
835,354.91388392448425,-0.43305692,
836,355.3385021686554,-0.35297227,
837,355.7626483440399,-0.22206245,
838,356.18582010269165,-0.4106872,
839,356.60944080352783,-0.11102764,
840,357.01273679733276,-0.40937078,
841,357.48187232017517,-0.66105956,
842,357.90343165397644,-0.56880987,
843,358.3309552669525,-0.17557517,
844,358.75272274017334,-0.19996123,
845,359.1786639690399,-0.4938364,
846,359.6018521785736,-0.37823793,
847,360.02470111846924,-0.2776832,
848,360.45019698143005,-0.14412108,
849,360.8733580112457,-0.039938852,
850,361.2986342906952,-0.2904147,
851,361.72154664993286,-0.35235244,
852,362.1449565887451,-1.2261832,
853,362.5685887336731,-0.099242166,
854,362.9924042224884,-0.09817263,
855,363.41727662086487,-0.20411743,
856,363.8402087688446,-0.5262845,
857,364.2638053894043,-0.31178522,
858,364.68743991851807,-0.7398335,
859,365.11227202415466,-0.42079395,
860,365.53626108169556,-0.5535703,
861,365.9405996799469,-0.26452452,
862,366.41220688819885,-0.7303731,
863,366.8338575363159,-0.012726462,
864,367.2616009712219,-0.30788577,
865,367.6823835372925,-0.16850275,
866,368.1083981990814,-0.5539957,
867,368.53255319595337,-0.5879116,
868,368.9558975696564,-0.00606653,
869,369.3802797794342,-0.027124314,
870,369.8020489215851,-0.4408035,
871,370.2280218601227,-0.055604607,
872,370.651211977005,-0.48654205,
873,371.0763931274414,-0.18196622,
874,371.50020575523376,-0.099616624,
875,371.92306423187256,-0.31149977,
876,372.3473024368286,-0.04251492,
877,372.77112460136414,-0.2941935,
878,373.195592880249,-0.4725614,
879,373.6192138195038,-0.0004889768,
880,374.0419223308563,-0.40162343,
881,374.46555161476135,-0.14943717,
882,374.86966276168823,-0.15545988,
883,375.33543157577515,-0.94621795,
884,375.7572543621063,-0.18428501,
885,376.1840326786041,-0.30097574,
886,376.60681414604187,-0.18122153,
887,377.03172612190247,-0.258848,
888,377.45597076416016,-0.016183455,
889,377.8786942958832,-0.3714498,
890,378.303551197052,-0.1625832,
891,378.7271132469177,-0.038678497,
892,379.15185594558716,-0.78856504,
893,379.57495522499084,-0.07399298,
894,379.99794244766235,-1.1217524,
895,380.4227352142334,-0.39108667,
896,380.8467609882355,-0.46406853,
897,381.27181124687195,-0.013258923,
898,381.6948866844177,-0.5678032,
899,382.11840200424194,-0.84141475,
900,382.54200983047485,-0.05152963,
901,382.9658091068268,-0.58344805,
902,383.3901810646057,-0.44384557,
903,383.7936158180237,-0.3138206,
904,384.29081869125366,-0.2858534,
905,384.7121193408966,-0.24359037,
906,385.13965129852295,-0.46633202,
907,385.56228518486023,-0.6120815,
908,385.9879596233368,-0.2968866,
909,386.4115288257599,-0.4758845,
910,386.8333411216736,-0.2929204,
911,387.25877618789673,-0.32968658,
912,387.68073558807373,-0.21774973,
913,388.10653042793274,-0.1362114,
914,388.5299813747406,-1.0476383,
915,388.95342659950256,-0.37723827,
916,389.37706112861633,-0.70885897,
917,389.8003363609314,-0.3410091,
918,390.2249312400818,-0.2789366,
919,390.6494987010956,-0.25176457,
920,391.0730490684509,-0.6394382,
921,391.49642062187195,-0.14468764,
922,391.91930079460144,-0.20246597,
923,392.3438096046448,-0.3850588,
924,392.74767327308655,-0.032210913,
925,393.22008204460144,-0.21422568,
926,393.6423478126526,-0.06668614,
927,394.069885969162,-0.43988377,
928,394.4912757873535,-0.15108639,
929,394.91600704193115,-0.63508123,
930,395.3392913341522,-0.03157047,
931,395.7630352973938,-0.2320568,
932,396.18871450424194,-0.23805377,
933,396.61104822158813,-0.0467153,
934,397.03598499298096,-0.11454283,
935,397.45945501327515,-0.49974772,
936,397.88425302505493,-0.28572208,
937,398.3086624145508,-0.44550252,
938,398.73154616355896,-0.49264613,
939,399.15701055526733,-0.056315977,
940,399.5802221298218,-0.23136508,
941,400.00497484207153,-0.47340804,
942,400.42846608161926,-0.31739762,
943,400.8519616127014,-0.59643275,
944,401.2765324115753,-0.38635755,
945,401.6798894405365,-0.112541,
946,402.15809297561646,-0.17899424,
947,402.57960391044617,-0.777382,
948,403.00797939300537,-0.5674075,
949,403.42906665802,-0.12509897,
950,403.8542444705963,-0.45506203,
951,404.27807116508484,-0.33223066,
952,404.70156264305115,-0.67644703,
953,405.126549243927,-0.2780341,
954,405.5479805469513,-0.47739178,
955,405.97198963165283,-0.16742334,
956,406.39497566223145,-0.26319203,
957,406.81908798217773,-0.31762478,
958,407.2437493801117,-0.6550293,
959,407.66612243652344,-0.20433542,
960,408.0907850265503,-0.26147443,
961,408.5131597518921,-0.72434044,
962,408.93871426582336,-0.24491453,
963,409.3625690937042,-0.5242009,
964,409.78577709198,-0.22140384,
965,410.21190881729126,-0.04643275,
966,410.61485052108765,-0.4167192,
967,411.1092691421509,-0.21371095,
968,411.53122878074646,-0.48565593,
969,411.95984864234924,-0.77554005,
970,412.3824214935303,-0.18129784,
971,412.80810809135437,-0.57940793,
972,413.232458114624,-0.67338854,
973,413.6558322906494,-0.64884263,
974,414.08206820487976,-0.28484106,
975,414.505019903183,-0.39423966,
976,414.93036794662476,-0.017683778,
977,415.35418677330017,-0.46670872,
978,415.7787170410156,-0.44098437,
979,416.20387506484985,-0.81930876,
980,416.62637066841125,-0.04975432,
981,417.05169796943665,-0.48290715,
982,417.47520184516907,-0.32878295,
983,417.8999981880188,-0.30660564,
984,418.3225727081299,-0.10489599,
985,418.74622678756714,-0.62888485,
986,419.1707000732422,-0.23600289,
987,419.5737988948822,-1.2159762,
988,420.04983949661255,-2.1901624e-06,
989,420.4715950489044,-0.78947747,
990,420.8995819091797,-0.005058645,
991,421.3221001625061,-0.357246,
992,421.7475037574768,-0.31446016,
993,422.17144870758057,-0.5021034,
994,422.5946578979492,-0.47290975,
995,423.02087593078613,-0.3745892,
996,423.4428458213806,-0.40907335,
997,423.86899399757385,-0.450436,
998,424.292644739151,-0.27677596,
999,424.71689534187317,-0.31133384,
1000,425.14167857170105,-0.46793377,
1001,425.5643150806427,-0.35375836,
1002,425.98934602737427,-0.8750011,
1003,426.41296434402466,-0.12067089,
1004,426.83763885498047,-1.0873631,
1005,427.26165676116943,-0.13991575,
1006,427.6842849254608,-0.7025519,
1007,428.1093773841858,-0.0062486827,
1008,428.5131607055664,-0.29579425,
1009,429.003214597702,-0.36097682,
1010,429.4249141216278,-0.40803987,
1011,429.85231494903564,-0.39523825,
1012,430.2741620540619,-0.30537972,
1013,430.69976019859314,-0.27410132,
1014,431.12178015708923,-0.35844058,
1015,431.5445079803467,-0.5316448,
1016,431.97000670433044,-0.6459347,
1017,432.392737865448,-0.7355485,
1018,432.81842041015625,-0.4445358,
1019,433.2403242588043,-0.3603067,
1020,433.6648631095886,-0.25978556,
1021,434.0893979072571,-0.526455,
1022,434.5124008655548,-0.42738843,
1023,434.93658471107483,-0.05115772,
1024,435.3595497608185,-0.46436962,
1025,435.78420400619507,-0.52372026,
1026,436.2081882953644,-0.05094176,
1027,436.63254737854004,-0.089357965,
1028,437.05715799331665,-0.02428131,
1029,437.45945143699646,-0.19571441,
1030,437.9502205848694,-0.55272204,
1031,438.3723759651184,-0.48808104,
1032,438.7998585700989,-0.23703668,
1033,439.2224340438843,-0.58937144,
1034,439.6481087207794,-0.5760573,
1035,440.0719065666199,-0.70304376,
1036,440.4959011077881,-0.4512153,
1037,440.91998052597046,-0.110629976,
1038,441.3428394794464,-0.31787398,
1039,441.7693078517914,-0.35264605,
1040,442.1926372051239,-0.09783002,
1041,442.6173357963562,-0.53268635,
1042,443.0405385494232,-0.36833316,
1043,443.4640600681305,-0.8259145,
1044,443.8883435726166,-0.93004334,
1045,444.31145334243774,-0.777382,
1046,444.7356975078583,-1.0610983,
1047,445.1585190296173,-0.4737053,
1048,445.58276081085205,-0.12567937,
1049,446.00727462768555,-0.40124494,
1050,446.411386013031,-0.17632912,
1051,446.89801812171936,-0.035028484,
1052,447.3190176486969,-0.6417428,
1053,447.74870109558105,-0.41018268,
1054,448.1705229282379,-0.17416714,
1055,448.5968677997589,-0.57110536,
1056,449.01953053474426,-0.09155877,
1057,449.4428153038025,-0.47378317,
1058,449.86779975891113,-0.098691754,
1059,450.29015946388245,-0.46774536,
1060,450.71559619903564,-0.25066495,
1061,451.1382336616516,-0.24252918,
1062,451.5630462169647,-0.39611557,
1063,451.9878189563751,-2.0142023e-08,
1064,452.41191577911377,-0.37491566,
1065,452.83705139160156,-0.30175897,
1066,453.26121044158936,-0.6244873,
1067,453.6860682964325,-0.8031335,
1068,454.1097695827484,-0.18976355,
1069,454.5338478088379,-0.7789941,
1070,454.957661151886,-0.29665932,
1071,455.3615372180939,-0.45326474,
1072,455.84342217445374,-1.3470165,
1073,456.2646737098694,-0.8291402,
1074,456.6937153339386,-0.507448,
1075,457.11484479904175,-0.2452457,
1076,457.5404632091522,-0.16417496,
1077,457.9631450176239,-0.3899529,
1078,458.38675689697266,-0.14232121,
1079,458.8114812374115,-0.381118,
1080,459.23279905319214,-0.6183431,
1081,459.6584541797638,-0.41579074,
1082,460.08110547065735,-0.08306785,
1083,460.5048933029175,-0.2767976,
1084,460.9287111759186,-1.2650433,
1085,461.35104846954346,-0.06097433,
1086,461.77605056762695,-0.4147052,
1087,462.1995429992676,-0.2640881,
1088,462.62376046180725,-0.47565728,
1089,463.0479097366333,-0.50088453,
1090,463.4706754684448,-0.17109355,
1091,463.89440298080444,-1.4805357e-06,
1092,464.2977993488312,-0.4543291,
1093,464.77567505836487,-0.44134307,
1094,465.1971347332001,-0.1774419,
1095,465.624920129776,-0.3114915,
1096,466.04627895355225,-0.618307,
1097,466.4724266529083,-0.39953238,
1098,466.8953366279602,-0.31277215,
1099,467.31976103782654,-0.6701703,
1100,467.74505639076233,-0.22108966,
1101,468.1674575805664,-0.5449337,
1102,468.5923788547516,-0.015388968,
1103,469.0154151916504,-0.16235285,
1104,469.4394464492798,-0.73891497,
1105,469.86400604248047,-0.9862125,
1106,470.2860426902771,-0.22252066,
1107,470.71065402030945,-0.07359801,
1108,471.1328730583191,-0.70344603,
1109,471.5574426651001,-0.023188245,
1110,471.9815819263458,-0.60957366,
1111,472.40472412109375,-0.1964623,
1112,472.82899737358093,-0.11048916,
1113,473.2320041656494,-0.37898085,
1114,473.7072057723999,-0.3107021,
1115,474.12868785858154,-0.5843798,
1116,474.5563368797302,-0.3111263,
1117,474.9789695739746,-0.056202527,
1118,475.40385603904724,-0.055859283,
1119,475.82698583602905,-0.20908815,
1120,476.249404668808,-0.2152395,
1121,476.6753056049347,-0.14958403,
1122,477.0975925922394,-0.38149592,
1123,477.52349638938904,-0.19739278,
1124,477.9457495212555,-0.14910398,
1125,478.36926007270813,-0.09636458,
1126,478.79403495788574,-0.33357424,
1127,479.2170855998993,-0.39922583,
1128,479.6421937942505,-0.08984925,
1129,480.06405305862427,-0.26344052,
1130,480.4883363246918,-0.5818163,
1131,480.91184401512146,-0.048794463,
1132,481.3358554840088,-0.4594832,
1133,481.76052713394165,-0.029259145,
1134,482.16366505622864,-0.25110132,
1135,482.63611006736755,-0.24021944,
1136,483.05897545814514,-0.5809457,
1137,483.4868986606598,-0.7410382,
1138,483.90850734710693,-0.23583093,
1139,484.335435628891,-0.9496085,
1140,484.75922179222107,-0.6098976,
1141,485.1819338798523,-0.44952205,
1142,485.6088125705719,-0.0841225,
1143,486.0314371585846,-0.31852633,
1144,486.4576961994171,-0.74670494,
1145,486.8815667629242,-0.31059223,
1146,487.3060071468353,-0.23281252,
1147,487.7309875488281,-0.811417,
1148,488.15468406677246,-0.28251758,
1149,488.5801250934601,-0.12288287,
1150,489.0024564266205,-0.09353322,
1151,489.42619371414185,-0.33174115,
1152,489.85010981559753,-0.722829,
1153,490.27397108078003,-0.3418616,
1154,490.69856429100037,-0.43222278,
1155,491.1020052433014,-0.40262318,
1156,491.59248638153076,-0.009421505,
1157,492.01401948928833,-0.4880499,
1158,492.44275283813477,-0.91890216,
1159,492.8640205860138,-0.2316951,
1160,493.2899372577667,-0.25186685,
1161,493.71379256248474,-0.52570164,
1162,494.13728046417236,-0.5621716,
1163,494.5623548030853,-0.16014694,
1164,494.9843204021454,-0.26022094,
1165,495.411173582077,-0.10801915,
1166,495.8347556591034,-0.29828823,
1167,496.2587585449219,-0.094118975,
1168,496.6819806098938,-0.08712209,
1169,497.1040771007538,-0.33441654,
1170,497.5294499397278,-0.56304246,
1171,497.9531388282776,-0.5803342,
1172,498.37744641304016,-0.25825495,
1173,498.8007309436798,-0.18650648,
1174,499.2240135669708,-0.008522937,
1175,499.64884328842163,-0.07846953,
1176,500.05250549316406,-0.23046929,
1177,500.53905153274536,-0.24090159,
1178,500.9605779647827,-0.2657052,
1179,501.388596534729,-0.5343041,
1180,501.8119511604309,-0.32267368,
1181,502.2372884750366,-0.63733387,
1182,502.66034269332886,-0.2069788,
1183,503.08341431617737,-0.029449752,
1184,503.50848150253296,-0.7849264,
1185,503.93190002441406,-0.27890888,
1186,504.35609245300293,-0.4672293,
1187,504.7787342071533,-0.14418843,
1188,505.2025647163391,-0.03523563,
1189,505.62636494636536,-0.34109786,
1190,506.0500741004944,-0.029361434,
1191,506.4736967086792,-0.11161645,
1192,506.89702916145325,-0.29802135,
1193,507.3196589946747,-0.3067285,
1194,507.74369287490845,-0.65480226,
1195,508.16870737075806,-0.36297676,
1196,508.59358978271484,-0.27790537,
1197,508.9974453449249,-0.3908049,
1198,509.4749472141266,-0.09974745,
1199,509.8970594406128,-0.22296384,
1200,510.3235545158386,-0.34605876,
1201,510.74582266807556,-0.12745355,
1202,511.1718397140503,-0.27896434,
1203,511.59443521499634,-0.1046468,
1204,512.0178174972534,-0.12189096,
1205,512.4424343109131,-0.064579606,
1206,512.8658127784729,-0.38902453,
1207,513.2916960716248,-0.38375592,
1208,513.7140915393829,-0.41844177,
1209,514.1378328800201,-1.9338973,
1210,514.5616137981415,-0.014001906,
1211,514.9857366085052,-0.030024609,
1212,515.4101099967957,-0.011648806,
1213,515.8341884613037,-0.2575017,
1214,516.2577750682831,-0.06252635,
1215,516.6816642284393,-0.10820334,
1216,517.1065139770508,-0.17179254,
1217,517.5309784412384,-0.37751132,
1218,517.9342186450958,-0.34188634,
1219,518.402135848999,-5.9604437e-09,
1220,518.8240602016449,-0.43758342,
1221,519.2526004314423,-0.18673356,
1222,519.6745038032532,-0.21979244,
1223,520.1003756523132,-0.12102336,
1224,520.5235691070557,-0.13510838,
1225,520.9466881752014,-0.45046997,
1226,521.3720772266388,-0.40103847,
1227,521.7940936088562,-0.22994488,
1228,522.2201042175293,-0.8954142,
1229,522.6437613964081,-0.36154765,
1230,523.0684566497803,-0.30949032,
1231,523.4925162792206,-0.34822518,
1232,523.9158473014832,-0.44331282,
1233,524.3413798809052,-0.2276692,
1234,524.7643966674805,-0.11551493,
1235,525.1889781951904,-0.08616613,
1236,525.6116414070129,-5.1501524e-07,
1237,526.03484416008,-0.5174908,
1238,526.4597821235657,-0.07073995,
1239,526.8637132644653,-0.16916287,
1240,527.3396692276001,-0.8134887,
1241,527.761298418045,-0.5019537,
1242,528.1906452178955,-0.437662,
1243,528.6125140190125,-0.043854833,
1244,529.0388329029083,-0.18117914,
1245,529.4626529216766,-0.12907973,
1246,529.8871502876282,-0.3589471,
1247,530.3110477924347,-0.00875362,
1248,530.7330636978149,-0.1606616,
1249,531.158903837204,-0.3824783,
1250,531.5824229717255,-0.46710432,
1251,532.0067584514618,-0.1534512,
1252,532.4301748275757,-0.44769055,
1253,532.8539619445801,-0.18224347,
1254,533.2786984443665,-0.08843842,
1255,533.7024793624878,-0.2985758,
1256,534.1274197101593,-0.09532799,
1257,534.5500905513763,-0.25291887,
1258,534.9749073982239,-0.0013645366,
1259,535.3993363380432,-0.25033647,
1260,535.8037428855896,-0.23250917,
1261,536.2759308815002,-0.06584675,
1262,536.697838306427,-0.08282062,
1263,537.1263046264648,-0.40693867,
1264,537.5477087497711,-0.050485916,
1265,537.9743423461914,-0.41625285,
1266,538.3977394104004,-0.27105433,
1267,538.8215651512146,-0.03619258,
1268,539.2464435100555,-0.33468822,
1269,539.6682436466217,-0.4324527,
1270,540.0947074890137,-5.2091296e-09,
1271,540.518147945404,-0.2864743,
1272,540.9438631534576,-0.062466122,
1273,541.3676981925964,-0.23004971,
1274,541.7911458015442,-0.08861977,
1275,542.2163376808167,-0.25782964,
1276,542.6403200626373,-0.43843195,
1277,543.0648691654205,-0.50795853,
1278,543.4880278110504,-0.46230048,
1279,543.913191318512,-0.22796033,
1280,544.336971282959,-0.37757462,
1281,544.7411892414093,-0.2161147,
1282,545.2142674922943,-1.086956,
1283,545.6352550983429,-0.577193,
1284,546.0642120838165,-0.09709874,
1285,546.4859049320221,-0.63630927,
1286,546.9109835624695,-0.48116577,
1287,547.3359611034393,-0.2130874,
1288,547.7598745822906,-0.59240973,
1289,548.1847128868103,-0.0700103,
1290,548.6081736087799,-0.55794764,
1291,549.0345675945282,-0.16297457,
1292,549.4599137306213,-0.04053464,
1293,549.8834671974182,-0.53909934,
1294,550.3087601661682,-0.15111044,
1295,550.7327589988708,-0.19467108,
1296,551.1584610939026,-0.6849114,
1297,551.5813591480255,-0.7263215,
1298,552.0050899982452,-0.37074727,
1299,552.43004155159,-0.53810215,
1300,552.8551106452942,-0.38319036,
1301,553.2800223827362,-0.51402205,
1302,553.6827952861786,-0.20675048,
1303,554.1566982269287,-0.17417084,
1304,554.5795938968658,-0.15810755,
1305,555.0081551074982,-0.19389185,
1306,555.4302432537079,-0.07672929,
1307,555.8561255931854,-0.24701399,
1308,556.2803342342377,-0.38022596,
1309,556.7033343315125,-0.24749145,
1310,557.1301708221436,-0.016995782,
1311,557.5529823303223,-0.54084754,
1312,557.9790196418762,-0.018910097,
1313,558.4017195701599,-0.50909513,
1314,558.8278253078461,-0.10617828,
1315,559.2521591186523,-0.40300333,
1316,559.6762964725494,-0.0016436802,
1317,560.1008870601654,-0.58158016,
1318,560.5237519741058,-0.94960475,
1319,560.9491612911224,-0.43185169,
1320,561.3738799095154,-0.2682084,
1321,561.7970154285431,-0.5628005,
1322,562.2202577590942,-0.63596624,
1323,562.6239161491394,-0.56540835,
1324,563.115437746048,-0.05330712,
1325,563.5382001399994,-0.20902154,
1326,563.9649033546448,-0.73798645,
1327,564.38813996315,-0.060317647,
1328,564.8150100708008,-0.35383707,
1329,565.2387115955353,-0.01667706,
1330,565.6618893146515,-0.27556425,
1331,566.0867190361023,-0.015700988,
1332,566.5097694396973,-0.16464525,
1333,566.9353799819946,-0.0,
1334,567.3581619262695,-0.70054096,
1335,567.7827126979828,-0.52393466,
1336,568.207323551178,-0.30611235,
1337,568.6307973861694,-0.069560036,
1338,569.0560894012451,-0.15795673,
1339,569.4787938594818,-0.035168637,
1340,569.9045608043671,-0.23714314,
1341,570.3293311595917,-0.40163434,
1342,570.7538294792175,-0.31947583,
1343,571.1784424781799,-0.09030513,
1344,571.5819954872131,-0.44167805,
1345,572.0774300098419,-0.11988561,
1346,572.4999425411224,-0.12053691,
1347,572.9272434711456,-0.3175326,
1348,573.350174665451,-0.38116106,
1349,573.7760679721832,-0.38764316,
1350,574.1999409198761,-0.40776533,
1351,574.6234710216522,-0.1282829,
1352,575.0489401817322,-7.437867e-08,
1353,575.4723608493805,-0.09133964,
1354,575.8965871334076,-0.31506947,
1355,576.3202340602875,-1.0017587e-10,
1356,576.745199918747,-1.0806234,
1357,577.1692669391632,-0.0,
1358,577.5924894809723,-0.33434957,
1359,578.017003774643,-0.23344365,
1360,578.4404566287994,-0.24348207,
1361,578.8647501468658,-0.42382365,
1362,579.2888181209564,-7.457012e-07,
1363,579.7135033607483,-0.38221705,
1364,580.1381225585938,-0.6916121,
1365,580.542466878891,-0.49161345,
1366,581.0266735553741,-0.5585164,
1367,581.4490029811859,-0.55895627,
1368,581.8759961128235,-0.40657845,
1369,582.297685623169,-0.22268061,
1370,582.7244787216187,-0.22035608,
1371,583.1484472751617,-0.07121618,
1372,583.5715229511261,-0.54615265,
1373,583.9963138103485,-1.0649273,
1374,584.4199206829071,-0.15051399,
1375,584.8457567691803,-0.0408208,
1376,585.2695877552032,-0.3220195,
1377,585.6936783790588,-0.004917157,
1378,586.118194103241,-0.41346312,
1379,586.5423774719238,-0.34607813,
1380,586.9679000377655,-0.52785164,
1381,587.3913884162903,-0.1983081,
1382,587.8164103031158,-0.041807633,
1383,588.2414572238922,-0.25610468,
1384,588.6659555435181,-0.00577257,
1385,589.0893440246582,-0.46310115,
1386,589.4929311275482,-0.57591695,
1387,589.9733757972717,-0.03696421,
1388,590.3960082530975,-0.26391587,
1389,590.8237257003784,-0.26683524,
1390,591.2457041740417,-0.093164645,
1391,591.6721880435944,-0.13207759,
1392,592.0955574512482,-0.5820124,
1393,592.5201139450073,-0.3811407,
1394,592.9454057216644,-0.4935889,
1395,593.3680603504181,-0.10158942,
1396,593.7939910888672,-0.22931977,
1397,594.2169589996338,-0.367523,
1398,594.6423563957214,-0.5826596,
1399,595.0667946338654,-0.04664787,
1400,595.4900271892548,-0.30240306,
1401,595.9149143695831,-0.17905435,
1402,596.3385374546051,-0.11129008,
1403,596.7638185024261,-0.3230717,
1404,597.1869621276855,-0.1271483,
1405,597.611013174057,-0.023431236,
1406,598.0362360477448,-0.15869455,
1407,598.4406430721283,-0.18573867,
1408,598.9197063446045,-0.20965832,
1409,599.3419673442841,-0.3571121,
1410,599.7703976631165,-0.09024361,
1411,600.1933085918427,-0.6187147,
1412,600.6199090480804,-0.3971437,
1413,601.0449583530426,-0.0,
1414,601.4686374664307,-0.29598558,
1415,601.8945543766022,-0.03175617,
1416,602.3174493312836,-0.33567342,
1417,602.7431392669678,-0.42964214,
1418,603.166796207428,-0.08395091,
1419,603.5926604270935,-0.32226038,
1420,604.0173542499542,-0.21368307,
1421,604.4418475627899,-0.18875378,
1422,604.8665771484375,-0.13066588,
1423,605.2908270359039,-0.32468656,
1424,605.715635061264,-0.08673458,
1425,606.1394743919373,-0.4701705,
1426,606.5635530948639,-0.047021415,
1427,606.9871039390564,-0.60594934,
1428,607.3913593292236,-0.36929306,
1429,607.8751096725464,-0.61035466,
1430,608.2982125282288,-0.25463277,
1431,608.7262136936188,-0.13817891,
1432,609.1487674713135,-0.44624844,
1433,609.5746762752533,-0.55708396,
1434,609.9991731643677,-0.4863904,
1435,610.4222824573517,-0.5323379,
1436,610.8486998081207,-0.1530992,
1437,611.2745177745819,-0.1929451,
1438,611.6996400356293,-0.48902133,
1439,612.1239011287689,-0.048384316,
1440,612.5481116771698,-0.3393011,
1441,612.9731945991516,-0.05943697,
1442,613.3980865478516,-0.17680687,
1443,613.8227362632751,-0.15092169,
1444,614.2468390464783,-0.4239573,
1445,614.672529220581,-0.44490185,
1446,615.0977320671082,-0.0807843,
1447,615.5214216709137,-0.3204006,
1448,615.9468126296997,-0.3668475,
1449,616.3520877361298,-0.00546029,
1450,618.1588594913483,-0.08092709,
1451,618.5799605846405,-0.26249903,
1452,619.0083680152893,-0.193697,
1453,619.4300372600555,-0.42860326,
1454,619.8556900024414,-0.12765595,
1455,620.2792580127716,-0.046759486,
1456,620.7014932632446,-0.00032617696,
1457,621.1289956569672,-0.310385,
1458,621.5521519184113,-0.060326118,
1459,621.9779839515686,-0.10577466,
1460,622.401095867157,-0.02666392,
1461,622.8257336616516,-0.4206212,
1462,623.2501111030579,-0.64416385,
1463,623.6739671230316,-0.43141025,
1464,624.0986998081207,-0.14788821,
1465,624.5215866565704,-0.22403866,
1466,624.946161031723,-0.42930079,
1467,625.3697061538696,-0.52797127,
1468,625.7946984767914,-0.06613667,
1469,626.2181808948517,-0.16792233,
1470,626.6208276748657,-0.10896645,
1471,627.92338514328,-0.13673817,
1472,628.3447616100311,-0.2300869,
1473,628.7743651866913,-0.045257386,
1474,629.1959438323975,-0.26897636,
1475,629.6203863620758,-0.4010754,
1476,630.0440351963043,-0.10003596,
1477,630.4672787189484,-0.0432881,
1478,630.8926801681519,-0.20613961,
1479,631.315904378891,-0.52531594,
1480,631.7412006855011,-0.2796174,
1481,632.1645455360413,-0.29696995,
1482,632.5899028778076,-0.9320437,
1483,633.0136346817017,-0.44056782,
1484,633.4367165565491,-0.017542565,
1485,633.8614039421082,-0.24552788,
1486,634.2853400707245,-0.5526072,
1487,634.7107453346252,-0.2211008,
1488,635.1339678764343,-1.0925511,
1489,635.5583827495575,-0.56571513,
1490,635.9828453063965,-0.38513806,
1491,636.388180732727,-0.7453209,
1492,637.0244009494781,-0.0777357,
1493,637.4473898410797,-0.09370762,
1494,637.8757607936859,-0.36477885,
1495,638.2976083755493,-0.6746445,
1496,638.7247712612152,-0.28481835,
1497,639.149242401123,-0.14522031,
1498,639.572491645813,-0.13928656,
1499,639.9970767498016,-0.22865239,
1500,640.4201312065125,-0.123239025,
1501,640.8463084697723,-0.56170535,
1502,641.2695994377136,-0.4411105,
1503,641.6942138671875,-0.99772435,
1504,642.1180350780487,-0.15415764,
1505,642.5428249835968,-0.6164156,
1506,642.9676718711853,-0.61479294,
1507,643.3906908035278,-0.9646458,
1508,643.8150587081909,-0.22972648,
1509,644.2385151386261,-0.30371615,
1510,644.6636390686035,-0.27586117,
1511,645.0886747837067,-0.25368053,
1512,645.4917993545532,-0.094596274,
1513,646.7942216396332,-0.4807527,
1514,647.2159945964813,-0.17954664,
1515,647.643673658371,-0.51465285,
1516,648.0657162666321,-0.21539658,
1517,648.4910972118378,-0.12320655,
1518,648.9140405654907,-0.020452116,
1519,649.3379535675049,-0.37905025,
1520,649.7630240917206,-0.34106094,
1521,650.1861968040466,-0.40915197,
1522,650.611353635788,-7.1321765e-10,
1523,651.0334706306458,-0.0147898095,
1524,651.4580428600311,-0.75549185,
1525,651.882087469101,-0.32672024,
1526,652.3060371875763,-0.3579154,
1527,652.72993516922,-0.031758927,
1528,653.1528108119965,-0.28924286,
1529,653.5766730308533,-0.25601974,
1530,654.0001330375671,-0.029523423,
1531,654.425176858902,-0.12229498,
1532,654.8484878540039,-0.046147168,
1533,655.2520620822906,-0.22996448,
1534,655.9737374782562,-0.23488657,
1535,656.396381855011,-0.40003318,
1536,656.8243100643158,-0.31797943,
1537,657.2464730739594,-0.03160016,
1538,657.671716928482,-0.11993993,
1539,658.0953667163849,-0.2316666,
1540,658.5201737880707,-0.25069204,
1541,658.949057340622,-0.22936788,
1542,659.3739025592804,-0.00022962414,
1543,659.8017737865448,-0.08552406,
1544,660.2276678085327,-0.4913059,
1545,660.6537654399872,-0.113846004,
1546,661.0788640975952,-0.6638244,
1547,661.5044047832489,-0.26550785,
1548,661.9306449890137,-0.28560683,
1549,662.3565685749054,-4.9790606e-07,
1550,662.7833614349365,-0.052720707,
1551,663.2085523605347,-0.2776555,
1552,663.6350412368774,-0.35249868,
1553,664.060866355896,-0.35288787,
1554,664.4661917686462,-6.3525695e-05,
1555,665.9811599254608,-0.26983064,
1556,666.4020357131958,-0.14190595,
1557,666.8299679756165,-0.37641528,
1558,667.2525534629822,-0.22735152,
1559,667.6776039600372,-0.34349155,
1560,668.1018264293671,-0.07335426,
1561,668.5246820449829,-0.19851418,
1562,668.9505548477173,-0.25102824,
1563,669.3744354248047,-0.25100785,
1564,669.8003134727478,-0.14289223,
1565,670.2229657173157,-0.35905212,
1566,670.6472618579865,-0.11299777,
1567,671.0714144706726,-0.90528595,
1568,671.4951062202454,-0.13468887,
1569,671.9205293655396,-0.26299194,
1570,672.3444159030914,-0.70568097,
1571,672.769935131073,-0.38679472,
1572,673.1933627128601,-0.46494186,
1573,673.6173777580261,-0.058814928,
1574,674.040776014328,-0.0,
1575,674.4434924125671,-0.088122964,
1576,675.7653634548187,-1.5664543e-08,
1577,676.1857187747955,-0.042329974,
1578,676.6132278442383,-0.06848201,
1579,677.0348346233368,-0.32433182,
1580,677.4608674049377,-0.011573594,
1581,677.882794380188,-0.57166636,
1582,678.3052639961243,-0.20036152,
1583,678.7313365936279,-0.23941082,
1584,679.1537086963654,-0.13990597,
1585,679.5787568092346,-0.033911664,
1586,680.000960111618,-0.46044242,
1587,680.424978017807,-0.4900246,
1588,680.8485014438629,-0.15220511,
1589,681.2721183300018,-6.947039e-05,
1590,681.69677901268,-0.2800359,
1591,682.1192128658295,-0.5735909,
1592,682.543975353241,-0.017761787,
1593,682.9676623344421,-0.34187406,
1594,683.3922679424286,-0.0010492195,
1595,683.8161725997925,-0.34166163,
1596,684.2193160057068,-0.0,
1597,685.7716898918152,-0.30672795,
1598,686.1934111118317,-0.051845938,
1599,686.621386051178,-0.08726353,
1600,687.0432436466217,-0.7618697,
1601,687.46981549263,-0.37737325,
1602,687.8934853076935,-0.19475593,
1603,688.316572189331,-0.047160704,
1604,688.7405045032501,-0.0,
1605,689.1619262695312,-0.67176044,
1606,689.587509393692,-0.27211538,
1607,690.0108094215393,-0.1101593,
1608,690.4355845451355,-0.514803,
1609,690.858433008194,-0.06485528,
1610,691.2811555862427,-2.2296581e-05,
1611,691.7049086093903,-0.1305388,
1612,692.1288034915924,-0.28970754,
1613,692.5531234741211,-0.054700144,
1614,692.9755227565765,-4.466096e-09,
1615,693.3988151550293,-0.17371932,
1616,693.8217394351959,-0.12523353,
1617,694.2257208824158,-0.0,
1618,695.7579288482666,-0.89068365,
1619,696.1796128749847,-0.4508323,
1620,696.6068589687347,-0.43409753,
1621,697.029456615448,-0.005715144,
1622,697.4548351764679,-0.95540565,
1623,697.8787338733673,-0.3382837,
1624,698.3022429943085,-0.13874434,
1625,698.7276182174683,-0.25904185,
1626,699.1503252983093,-0.46514082,
1627,699.5753962993622,-0.03068313,
1628,699.9984483718872,-0.45095757,
1629,700.4219622612,-0.5986829,
1630,700.8466720581055,-0.59587765,
1631,701.270500421524,-0.297876,
1632,701.6942582130432,-0.0,
1633,702.1172924041748,-1.0444735,
1634,702.5412156581879,-0.0045682243,
1635,702.9668388366699,-0.0960019,
1636,703.3907835483551,-0.032763116,
1637,703.8150818347931,-0.085052624,
1638,704.2183394432068,-0.59119964,
1639,704.8446094989777,-0.13115,
1640,705.2670874595642,-0.035710823,
1641,705.6956188678741,-0.14491941,
1642,706.1179950237274,-0.6080116,
1643,706.5447683334351,-0.3107376,
1644,706.9686546325684,-0.25042593,
1645,707.391987323761,-0.42247942,
1646,707.8175151348114,-0.06894509,
1647,708.2408995628357,-0.66094005,
1648,708.6671018600464,-1.0910599,
1649,709.0908718109131,-0.08826987,
1650,709.5150437355042,-1.0180364,
1651,709.9395780563354,-0.29882717,
1652,710.3629639148712,-0.40221894,
1653,710.7881195545197,-0.49121374,
1654,711.2109651565552,-0.06587836,
1655,711.6356585025787,-0.65303016,
1656,712.060667514801,-0.3064467,
1657,712.4852511882782,-0.28966895,
1658,712.9091439247131,-0.12869424,
1659,713.3123736381531,-0.5415637,
1660,714.2008259296417,-0.19598308,
1661,714.623049736023,-0.16422838,
1662,715.0501511096954,-0.21466921,
1663,715.471138715744,-0.14153808,
1664,715.8985683917999,-0.05840787,
1665,716.3210575580597,-0.327425,
1666,716.7460305690765,-0.36881137,
1667,717.16978764534,-0.16374901,
1668,717.5920403003693,-0.056042515,
1669,718.0169224739075,-0.17732,
1670,718.4404296875,-0.049863063,
1671,718.8658158779144,-0.29734904,
1672,719.288990020752,-0.15845613,
1673,719.7118294239044,-0.82137614,
1674,720.1369588375092,-0.17528328,
1675,720.5612735748291,-0.38984182,
1676,720.985604763031,-0.3367684,
1677,721.4086110591888,-0.002945001,
1678,721.8327345848083,-0.66836816,
1679,722.2566914558411,-0.46144563,
1680,722.660651922226,-0.42637125,
1681,723.8771319389343,-0.44916975,
1682,724.3014578819275,-0.40331087,
1683,724.731302022934,-0.18106073,
1684,725.1543335914612,-0.13504644,
1685,725.582524061203,-0.14996189,
1686,726.0074298381805,-0.085746266,
1687,726.4321205615997,-0.2474639,
1688,726.8598554134369,-0.3097898,
1689,727.2844533920288,-0.43811,
1690,727.7108595371246,-0.46630907,
1691,728.1374645233154,-0.49576792,
1692,728.5641491413116,-0.0019307041,
1693,728.9890978336334,-0.5149727,
1694,729.4151644706726,-1.1207704e-09,
1695,729.8440337181091,-0.0,
1696,730.26753282547,-0.3500558,
1697,730.6935365200043,-2.9802272e-09,
1698,731.1197202205658,-0.2529266,
1699,731.5447390079498,-0.12007829,
1700,731.9702217578888,-0.31059185,
1701,732.3755824565887,-0.5589397,
1702,733.7616531848907,-0.6168443,
1703,734.1851048469543,-0.4956127,
1704,734.6137907505035,-7.682122e-06,
1705,735.0377814769745,-0.17337525,
1706,735.4645292758942,-0.6124473,
1707,735.8898627758026,-0.37932152,
1708,736.3160357475281,-0.07202183,
1709,736.7440984249115,-0.36869434,
1710,737.1691794395447,-0.048629135,
1711,737.5952014923096,-0.050192304,
1712,738.0206146240234,-0.16520554,
1713,738.4458627700806,-0.35058928,
1714,738.873334646225,-0.22525705,
1715,739.298727273941,-0.36436412,
1716,739.7246098518372,-0.0,
1717,740.1498832702637,-0.4692828,
1718,740.5759129524231,-0.20637439,
1719,741.0017082691193,-4.52172e-09,
1720,741.4270250797272,-0.110156745,
1721,741.8533790111542,-0.19324994,
1722,742.259003162384,-1.1163255,
1723,744.1203684806824,-0.0,
1724,744.542222738266,-0.21065362,
1725,744.9709808826447,-0.4512443,
1726,745.3948333263397,-0.057261437,
1727,745.8216075897217,-0.030265536,
1728,746.2468109130859,-0.14122888,
1729,746.6714708805084,-0.2297208,
1730,747.0983598232269,-0.02984892,
1731,747.5212035179138,-0.20293663,
1732,747.9480228424072,-0.32077268,
1733,748.3741874694824,-0.1845043,
1734,748.7992911338806,-0.24163422,
1735,749.2240438461304,-0.66345024,
1736,749.649661064148,-0.04159445,
1737,750.0756804943085,-0.062414803,
1738,750.499253988266,-0.9753611,
1739,750.9248015880585,-0.18441151,
1740,751.3504767417908,-0.36990705,
1741,751.7756774425507,-0.30335474,
1742,752.1999278068542,-0.24964584,
1743,752.6047756671906,-0.50806576,
1744,754.1187076568604,-0.051298015,
1745,754.5395474433899,-0.0941251,
1746,754.9668297767639,-0.37946892,
1747,755.3884110450745,-0.07392505,
1748,755.8137187957764,-0.68668085,
1749,756.2365233898163,-0.0,
1750,756.6595516204834,-0.18225221,
1751,757.0847797393799,-0.3999184,
1752,757.5071635246277,-0.037894942,
1753,757.9332847595215,-0.21310785,
1754,758.3558166027069,-0.043863002,
1755,758.7797455787659,-0.46286863,
1756,759.2050442695618,-0.014770461,
1757,759.6281247138977,-0.07221805,
1758,760.052759885788,-0.25606537,
1759,760.476083278656,-0.89303625,
1760,760.9004848003387,-0.2691451,
1761,761.3246746063232,-0.031021567,
1762,761.7489624023438,-0.2920665,
1763,762.1732451915741,-0.017911568,
1764,762.5757806301117,-0.1682646,
1765,764.1620805263519,-0.43452018,
1766,764.584216594696,-0.33633447,
1767,765.0144236087799,-0.018048428,
1768,765.4361264705658,-0.8094787,
1769,765.8623692989349,-0.13891652,
1770,766.2866201400757,-0.5168817,
1771,766.7106819152832,-0.59851575,
1772,767.1354694366455,-0.4876086,
1773,767.5591018199921,-0.27918857,
1774,767.9850680828094,-0.023038842,
1775,768.4082012176514,-0.1355842,
1776,768.8330419063568,-0.41655988,
1777,769.2569961547852,-0.25175485,
1778,769.68106341362,-0.9115498,
1779,770.1061370372772,-0.06770182,
1780,770.5288331508636,-3.3641031e-06,
1781,770.9531931877136,-0.073977664,
1782,771.377537727356,-0.8508981,
1783,771.8016376495361,-0.19130224,
1784,772.2258288860321,-0.06714036,
1785,772.6294343471527,-0.047163077,
1786,773.116486787796,-0.02350671,
1787,773.5384294986725,-0.24194592,
1788,773.9663009643555,-0.103288606,
1789,774.3875114917755,-0.32258672,
1790,774.8137710094452,-0.23019402,
1791,775.2378978729248,-0.047155503,
1792,775.6610932350159,-0.1790976,
1793,776.0876348018646,-0.30712524,
1794,776.5094661712646,-0.015356543,
1795,776.9347410202026,-0.33713692,
1796,777.3579521179199,-0.118250355,
1797,777.7820515632629,-0.31313646,
1798,778.2067070007324,-0.13723084,
1799,778.6292977333069,-0.14494023,
1800,779.0540294647217,-0.048721295,
1801,779.4767417907715,-0.010239085,
1802,779.901665687561,-0.46556586,
1803,780.3252866268158,-0.33155617,
1804,780.7481076717377,-0.30032283,
1805,781.1711001396179,-0.46190193,
1806,781.5740041732788,-0.0,
1807,782.0582373142242,-0.18179044,
1808,782.4800605773926,-0.054487515,
1809,782.9084644317627,-0.14224349,
1810,783.3296558856964,-0.1580601,
1811,783.7553074359894,-0.2637505,
1812,784.1785743236542,-0.17103031,
1813,784.6023287773132,-0.16017392,
1814,785.027149438858,-0.18679695,
1815,785.4483141899109,-0.07433368,
1816,785.8743965625763,-0.0,
1817,786.2973847389221,-0.23971574,
1818,786.7222065925598,-0.22641882,
1819,787.1460041999817,-0.29833388,
1820,787.5688831806183,-0.0741003,
1821,787.9945755004883,-0.15237015,
1822,788.4183361530304,-0.17294618,
1823,788.8429596424103,-0.20810065,
1824,789.2668075561523,-0.24567708,
1825,789.6902680397034,-0.04529298,
1826,790.1171383857727,-0.30869794,
1827,790.5226163864136,-0.035599984,
1828,791.0267424583435,-0.26955026,
1829,791.4485228061676,-5.7445897e-05,
1830,791.8770022392273,-0.18685742,
1831,792.2995343208313,-0.48630708,
1832,792.7252073287964,-1.2716038,
1833,793.1481955051422,-0.5774281,
1834,793.5720806121826,-0.35919255,
1835,793.9979295730591,-0.48820674,
1836,794.420646905899,-0.0,
1837,794.8456792831421,-0.40376782,
1838,795.2686126232147,-0.40185276,
1839,795.692934513092,-0.8300027,
1840,796.1170828342438,-0.2515762,
1841,796.5407838821411,-0.032387085,
1842,796.9647543430328,-0.72845083,
1843,797.388102054596,-0.23951064,
1844,797.8132858276367,-0.07703246,
1845,798.2373857498169,-0.27758226,
1846,798.6627478599548,-0.33866766,
1847,799.085461139679,-0.35400826,
1848,799.4896953105927,-0.44197664,
1849,799.9758424758911,-0.040943187,
1850,800.3982799053192,-0.2661909,
1851,800.8258190155029,-0.4877429,
1852,801.2473385334015,-0.0036398245,
1853,801.6730873584747,-0.43402356,
1854,802.0976147651672,-0.1223758,
1855,802.5203547477722,-0.6321492,
1856,802.9444439411163,-0.38525647,
1857,803.3671374320984,-0.0,
1858,803.7917063236237,-0.0,
1859,804.2159078121185,-0.13972981,
1860,804.6394402980804,-0.050221972,
1861,805.0625975131989,-0.084823936,
1862,805.4861640930176,-0.2741893,
1863,805.910891532898,-0.09086968,
1864,806.334888458252,-0.38647705,
1865,806.7590520381927,-0.06847883,
1866,807.1825556755066,-0.09502826,
1867,807.6062269210815,-0.01511963,
1868,808.0305089950562,-0.41628855,
1869,808.4349296092987,-0.08954102,
1870,808.9091897010803,-0.588859,
1871,809.3307635784149,-0.4982564,
1872,809.760023355484,-0.12730835,
1873,810.1809759140015,-0.053284418,
1874,810.6074180603027,-0.23987913,
1875,811.0304820537567,-0.0,
1876,811.454686164856,-0.5788073,
1877,811.8793065547943,-0.28812665,
1878,812.301073551178,-0.13879825,
1879,812.7265946865082,-0.0,
1880,813.1492817401886,-0.8743341,
1881,813.5740611553192,-0.031180259,
1882,813.9979603290558,-0.01175118,
1883,814.4207401275635,-0.11039541,
1884,814.8456499576569,-0.10056726,
1885,815.2690374851227,-0.14307594,
1886,815.6947388648987,-0.49381775,
1887,816.1171905994415,-0.0,
1888,816.5412995815277,-0.063046604,
1889,816.9647183418274,-0.6279035,
1890,817.3687331676483,-0.5967254,
1891,817.8468809127808,-0.3556785,
1892,818.2699675559998,-0.0,
1893,818.697468996048,-0.1779434,
1894,819.1191182136536,-0.32874382,
1895,819.5443806648254,-0.617725,
1896,819.9675211906433,-0.47888076,
1897,820.3927712440491,-0.230225,
1898,820.8173861503601,-0.76622754,
1899,821.2400815486908,-0.09816649,
1900,821.6661415100098,-0.1814569,
1901,822.0892517566681,-0.85572517,
1902,822.5141377449036,-0.6872732,
1903,822.9371650218964,-0.7470626,
1904,823.360641002655,-0.53064835,
1905,823.7861590385437,-0.48975438,
1906,824.2092175483704,-0.39720905,
1907,824.63445353508,-0.4448058,
1908,825.0571992397308,-0.08016701,
1909,825.4817583560944,-0.80654734,
1910,825.9057264328003,-0.037688453,
1911,826.3093183040619,-0.3695592,
1912,826.7963631153107,-0.3853218,
1913,827.2181007862091,-0.35592964,
1914,827.646064043045,-0.1878513,
1915,828.0694491863251,-0.13333042,
1916,828.4950661659241,-0.06540844,
1917,828.9192278385162,-0.24753802,
1918,829.3439433574677,-5.217103e-05,
1919,829.7695469856262,-1.0508229,
1920,830.1928753852844,-0.17290436,
1921,830.6190001964569,-0.17797017,
1922,831.0426468849182,-0.0,
1923,831.4676930904388,-0.85676,
1924,831.8918738365173,-0.051840067,
1925,832.3154125213623,-0.422421,
1926,832.7404353618622,-0.40125436,
1927,833.1650161743164,-0.21042846,
1928,833.5905802249908,-0.73217094,
1929,834.013040304184,-0.3402622,
1930,834.4380578994751,-0.38478777,
1931,834.8617568016052,-0.22012663,
1932,835.2666175365448,-0.32658753,
1933,835.7578265666962,-0.34258533,
1934,836.1802306175232,-0.43352556,
1935,836.6085150241852,-0.38422823,
1936,837.0310487747192,-0.15571675,
1937,837.4559361934662,-0.13128299,
1938,837.8806486129761,-0.0,
1939,838.3032715320587,-0.047499374,
1940,838.7287840843201,-0.30305678,
1941,839.15123295784,-0.13202952,
1942,839.5766131877899,-0.0947002,
1943,840.0007836818695,-0.25686023,
1944,840.4253325462341,-0.38505018,
1945,840.8499813079834,-0.38810116,
1946,841.2734122276306,-0.34164247,
1947,841.6979508399963,-0.08022512,
1948,842.1219248771667,-0.120873235,
1949,842.5469818115234,-0.59510064,
1950,842.9697482585907,-0.09150223,
1951,843.3946874141693,-0.2019333,
1952,843.8189694881439,-0.2675974,
1953,844.2233476638794,-0.21556282,
1954,844.7109484672546,-0.0,
1955,845.1331551074982,-0.016374145,
1956,845.5613646507263,-0.058214497,
1957,845.9839584827423,-0.18913542,
1958,846.4106175899506,-0.66571695,
1959,846.8338284492493,-0.4511029,
1960,847.2571129798889,-0.6751552,
1961,847.6834299564362,-0.7534758,
1962,848.105706691742,-0.27212906,
1963,848.5307235717773,-0.012534489,
1964,848.953266620636,-0.071062416,
1965,849.3775293827057,-0.07322602,
1966,849.8015820980072,-0.18153843,
1967,850.2252695560455,-3.7884583e-06,
1968,850.6492404937744,-0.097102284,
1969,851.0720872879028,-0.07599689,
1970,851.4972739219666,-0.27233967,
1971,851.9208674430847,-0.25129065,
1972,852.344396352768,-0.7025593,
1973,852.7681510448456,-0.41105253,
1974,853.1707408428192,-0.45253488,
1975,853.6615643501282,-0.092996955,
1976,854.082686662674,-0.0,
1977,854.5102314949036,-0.18452457,
1978,854.931960105896,-0.4780777,
1979,855.3573577404022,-0.3278424,
1980,855.7814605236053,-0.79525745,
1981,856.2041037082672,-0.07826351,
1982,856.6293091773987,-0.07134168,
1983,857.0524797439575,-0.20913035,
1984,857.4785470962524,-0.25584516,
1985,857.9024031162262,-0.0,
1986,858.3259317874908,-0.5987698,
1987,858.750011920929,-0.3085502,
1988,859.1738567352295,-0.1782001,
1989,859.5993661880493,-0.2354616,
1990,860.0227406024933,-0.032378376,
1991,860.4468464851379,-0.4305516,
1992,860.870377779007,-0.12775871,
1993,861.2952988147736,-0.93638366,
1994,861.7201323509216,-0.14505194,
1995,862.123300075531,-0.20342281,
1996,862.6059980392456,-0.33587435,
1997,863.0285849571228,-0.31607017,
1998,863.4551362991333,-1.2713284e-06,
1999,863.8774616718292,-0.36760178,
2000,864.3029761314392,-0.0854755,
2001,864.7263922691345,-0.35183054,
2002,865.1501312255859,-0.0,
2003,865.5751824378967,-0.17748727,
2004,865.9974119663239,-0.0,
2005,866.422429561615,-0.20916843,
2006,866.8455078601837,-0.525623,
2007,867.270886182785,-0.16779573,
2008,867.6954374313354,-0.1447849,
2009,868.1192665100098,-0.40968418,
2010,868.5426659584045,-0.662111,
2011,868.966272354126,-0.6893134,
2012,869.3914177417755,-0.65823996,
2013,869.8160996437073,-0.0,
2014,870.2402822971344,-0.296001,
2015,870.6636848449707,-0.5410889,
2016,871.0674970149994,-0.11846936,
2017,871.5464861392975,-0.60205406,
2018,871.9690146446228,-0.2443635,
2019,872.3981835842133,-0.38551727,
2020,872.819666147232,-0.5173789,
2021,873.2457418441772,-0.009316841,
2022,873.6700625419617,-0.08236491,
2023,874.0933418273926,-0.02348796,
2024,874.5187706947327,-0.08893108,
2025,874.9403219223022,-0.32196057,
2026,875.3665614128113,-0.50370336,
2027,875.7907180786133,-0.00043234212,
2028,876.2146933078766,-0.8252405,
2029,876.6389858722687,-0.45647892,
2030,877.0625286102295,-0.37338242,
2031,877.4882347583771,-0.20315078,
2032,877.9115879535675,-0.9359252,
2033,878.3363375663757,-0.022915121,
2034,878.7592363357544,-0.23576412,
2035,879.1828408241272,-0.3623738,
2036,879.6079688072205,-1.01888276e-10,
2037,880.0110790729523,-0.4345351,
2038,880.503119468689,-0.017590847,
2039,880.9257748126984,-0.21039736,
2040,881.3540062904358,-0.36598447,
2041,881.7753148078918,-0.038496498,
2042,882.201545715332,-0.39458704,
2043,882.6250784397125,-0.03590267,
2044,883.0485622882843,-0.32476398,
2045,883.4738318920135,-0.1817343,
2046,883.8955340385437,-0.15241042,
2047,884.3220930099487,-0.04724742,
2048,884.7453272342682,-0.43936694,
2049,885.1708884239197,-0.7363084,
2050,885.5938246250153,-0.8387087,
2051,886.0171980857849,-0.14989185,
2052,886.442654132843,-0.16759184,
2053,886.8656866550446,-0.6403407,
2054,887.2915952205658,-0.71206254,
2055,887.7144999504089,-0.04195744,
2056,888.1385242938995,-0.17488314,
2057,888.5633277893066,-0.0,
2058,888.9674043655396,-0.11769553,
2059,889.4686479568481,-0.362759,
2060,889.8900225162506,-0.00044929134,
2061,890.3173267841339,-0.19650021,
2062,890.7391316890717,-0.31048724,
2063,891.1646621227264,-0.017008396,
2064,891.5882368087769,-0.16546956,
2065,892.0114178657532,-0.0,
2066,892.4358491897583,-0.0,
2067,892.8578641414642,-0.27665386,
2068,893.2833626270294,-0.18532701,
2069,893.707067489624,-0.0,
2070,894.1316320896149,-0.0,
2071,894.5551469326019,-0.36976033,
2072,894.9782245159149,-0.019350985,
2073,895.4027154445648,-0.40275735,
2074,895.8262469768524,-0.607734,
2075,896.250960111618,-0.55375135,
2076,896.6737866401672,-0.26119056,
2077,897.0983467102051,-0.12688413,
2078,897.5232932567596,-0.44157448,
2079,897.9268310070038,-0.48385143,
2080,898.4095773696899,-0.26674363,
2081,898.8307359218597,-0.21445015,
2082,899.258291721344,-0.6878778,
2083,899.6802432537079,-0.10291937,
2084,900.1063160896301,-0.0615641,
2085,900.5292544364929,-0.21162187,
2086,900.952113866806,-0.93578696,
2087,901.377420425415,-0.07014611,
2088,901.8004815578461,-0.6550105,
2089,902.2261078357697,-0.05248878,
2090,902.6484117507935,-0.010073442,
2091,903.0730354785919,-0.8690393,
2092,903.4967453479767,-0.28232992,
2093,903.9218382835388,-0.082067415,
2094,904.3461592197418,-0.007899457,
2095,904.7689878940582,-1.2728401e-07,
2096,905.1936173439026,-0.37548172,
2097,905.6159708499908,-0.0,
2098,906.0404572486877,-0.36990932,
2099,906.4646966457367,-0.55909306,
2100,906.8688941001892,-0.019107103,
2101,907.3594648838043,-0.4456594,
2102,907.7825059890747,-0.20607214,
2103,908.2099854946136,-0.07243288,
2104,908.6315340995789,-0.19146663,
2105,909.0583357810974,-0.12142628,
2106,909.4820806980133,-0.13946384,
2107,909.9059448242188,-0.0058454424,
2108,910.329850435257,-0.37678254,
2109,910.7519500255585,-0.18882604,
2110,911.1776721477509,-0.0,
2111,911.6009657382965,-0.27425137,
2112,912.0252861976624,-0.33930972,
2113,912.4486758708954,-0.0,
2114,912.8735184669495,-0.0,
2115,913.2996747493744,-0.6446489,
2116,913.7226796150208,-0.15817,
2117,914.1475038528442,-0.14953566,
2118,914.5711114406586,-0.14405634,
2119,914.9965176582336,-0.29232097,
2120,915.421802520752,-0.120249964,
2121,915.8256585597992,-0.0,
2122,916.3159005641937,-0.058113854,
2123,916.7378907203674,-0.15642595,
2124,917.1671738624573,-0.12160465,
2125,917.5894882678986,-0.038850874,
2126,918.0156495571136,-0.09041275,
2127,918.4403741359711,-0.2729799,
2128,918.8631744384766,-0.5999915,
2129,919.2885546684265,-1.6492106e-05,
2130,919.7122883796692,-0.37323153,
2131,920.137904882431,-0.1461712,
2132,920.5618431568146,-0.155934,
2133,920.9854593276978,-0.6431619,
2134,921.4101414680481,-0.18122414,
2135,921.8345007896423,-0.78644854,
2136,922.2594954967499,-0.30089563,
2137,922.6833918094635,-0.44819403,
2138,923.1071302890778,-0.15963937,
2139,923.531899690628,-0.1870986,
2140,923.9566147327423,-0.200152,
2141,924.3807625770569,-0.36496872,
2142,924.7841022014618,-0.07090871,
2143,925.2830607891083,-0.16485691,
2144,925.7043600082397,-0.0,
2145,926.1321046352386,-0.0036684987,
2146,926.5546536445618,-0.021681733,
2147,926.9797539710999,-0.5363682,
2148,927.403755903244,-0.38598016,
2149,927.8273179531097,-0.9338489,
2150,928.2530434131622,-0.20178482,
2151,928.675758600235,-0.14382519,
2152,929.1010529994965,-0.006544348,
2153,929.524067401886,-4.007034e-10,
2154,929.9485504627228,-0.22582927,
2155,930.3735196590424,-0.49712944,
2156,930.7974724769592,-0.097446665,
2157,931.221841096878,-0.0058738575,
2158,931.6448035240173,-0.67992413,
2159,932.0692970752716,-0.27587742,
2160,932.4930238723755,-0.5026634,
2161,932.9168751239777,-0.7037848,
2162,933.3404748439789,-0.013633376,
2163,933.7443947792053,-0.0,
2164,934.2205367088318,-0.044829104,
2165,934.6422355175018,-0.1060458,
2166,935.0695185661316,-0.07621269,
2167,935.492280960083,-0.40402675,
2168,935.9177000522614,-0.90324646,
2169,936.3404214382172,-0.11107337,
2170,936.763516664505,-0.0,
2171,937.1892247200012,-0.43116432,
2172,937.6125950813293,-2.8734212e-05,
2173,938.0376925468445,-0.13260636,
2174,938.4610829353333,-0.18231934,
2175,938.8855209350586,-0.23079894,
2176,939.3099389076233,-0.09624197,
2177,939.7338535785675,-4.7887356e-09,
2178,940.1577732563019,-0.2963207,
2179,940.5813090801239,-0.38639724,
2180,941.0051608085632,-0.106221855,
2181,941.4291055202484,-0.19533738,
2182,941.8540511131287,-0.21842346,
2183,942.2778036594391,-0.13049689,
2184,942.6815807819366,-1.6142911e-09,
2185,943.1651537418365,-0.024007645,
2186,943.587174654007,-0.09110457,
2187,944.0164747238159,-0.026696423,
2188,944.4373004436493,-2.7275437e-05,
2189,944.8630676269531,-0.2957005,
2190,945.2868297100067,-0.4888649,
2191,945.7106385231018,-0.31736943,
2192,946.1356899738312,-0.0,
2193,946.557769536972,-0.60808074,
2194,946.9850008487701,-0.038653035,
2195,947.4088513851166,-0.022700973,
2196,947.8332316875458,-0.26979572,
2197,948.2568089962006,-0.08694784,
2198,948.6804265975952,-0.469118,
2199,949.1054162979126,-0.21387267,
2200,949.5295033454895,-0.0,
2201,949.9537138938904,-0.58176607,
2202,950.3772828578949,-0.62265515,
2203,950.8015954494476,-0.99725616,
2204,951.2262027263641,-0.0,
2205,951.6305708885193,-0.011658492,
2206,952.1176767349243,-0.0,
2207,952.539972782135,-1.4143463e-09,
2208,952.9676787853241,-0.19939491,
2209,953.3900170326233,-0.069659874,
2210,953.815388917923,-0.013702111,
2211,954.2383685112,-0.1297122,
2212,954.6614480018616,-0.0,
2213,955.0863399505615,-0.0,
2214,955.5092828273773,-0.137952,
2215,955.9341065883636,-0.31623614,
2216,956.3563611507416,-0.4691998,
2217,956.7807455062866,-0.3116624,
2218,957.2051529884338,-0.0017564999,
2219,957.6291356086731,-0.5635848,
2220,958.0531187057495,-0.10788792,
2221,958.4760189056396,-0.09446527,
2222,958.9007487297058,-0.06178344,
2223,959.3250834941864,-0.0,
2224,959.749356508255,-0.025364479,
2225,960.1724932193756,-0.19181135,
2226,960.5755460262299,-0.436112,
2227,961.0672245025635,-0.5272462,
2228,961.4879643917084,-0.505458,
2229,961.9160923957825,-0.15193787,
2230,962.3385806083679,-0.4016859,
2231,962.7639317512512,-0.42496285,
2232,963.1871807575226,-0.59197736,
2233,963.6098098754883,-0.03866236,
2234,964.0343947410583,-0.27623814,
2235,964.4568719863892,-0.47387278,
2236,964.882422208786,-0.3524162,
2237,965.3056397438049,-0.0,
2238,965.7293112277985,-0.21619608,
2239,966.153302192688,-0.13600512,
2240,966.5764558315277,-0.0026105118,
2241,967.0019719600677,-0.20501499,
2242,967.4245834350586,-0.28871214,
2243,967.8488030433655,-0.2643891,
2244,968.2725911140442,-0.28330478,
2245,968.695983171463,-0.26016164,
2246,969.1213562488556,-0.11082944,
2247,969.5242295265198,-0.08142775,
2248,970.0053009986877,-0.16999437,
2249,970.4269564151764,-0.16974261,
2250,970.8539078235626,-0.02701879,
2251,971.2769892215729,-0.13422029,
2252,971.7021577358246,-0.2242181,
2253,972.125726222992,-0.0,
2254,972.548944234848,-0.3537095,
2255,972.9732391834259,-0.47067526,
2256,973.3972005844116,-0.48531327,
2257,973.8221344947815,-0.34105855,
2258,974.2458651065826,-0.31832865,
2259,974.6697571277618,-0.58549047,
2260,975.0943744182587,-0.11276851,
2261,975.5182859897614,-0.21070576,
2262,975.9426603317261,-0.75976557,
2263,976.3656737804413,-0.6526439,
2264,976.7906084060669,-0.971999,
2265,977.2143247127533,-0.3782636,
2266,977.6387646198273,-0.15232298,
2267,978.0619299411774,-0.43417248,
2268,978.4653241634369,-7.853123e-07,
2269,978.9484868049622,-0.18941781,
2270,979.3709058761597,-0.00018656786,
2271,979.7979815006256,-0.3967966,
2272,980.2202389240265,-0.2733457,
2273,980.6458094120026,-0.80801654,
2274,981.0686013698578,-0.35268468,
2275,981.4914989471436,-0.0721889,
2276,981.917103767395,-0.5086382,
2277,982.3393399715424,-0.04106731,
2278,982.7650191783905,-0.23385802,
2279,983.1875698566437,-0.03127728,
2280,983.6116693019867,-0.4790775,
2281,984.0357134342194,-0.026215538,
2282,984.4588882923126,-0.10977123,
2283,984.8836898803711,-0.6137519,
2284,985.3060493469238,-0.9401532,
2285,985.7305843830109,-0.32837966,
2286,986.1543650627136,-0.322226,
2287,986.5788192749023,-0.13072185,
2288,987.0025379657745,-0.30726343,
2289,987.4051201343536,-0.4055473,
2290,987.8994190692902,-0.65660334,
2291,988.3203763961792,-0.26956746,
2292,988.7485065460205,-0.07881603,
2293,989.1706848144531,-0.15639634,
2294,989.5976605415344,-0.26523292,
2295,990.0208487510681,-0.09296303,
2296,990.4436421394348,-0.16532391,
2297,990.8690321445465,-0.17548549,
2298,991.2919688224792,-0.40430132,
2299,991.7175891399384,-0.21607962,
2300,992.1405410766602,-0.3477084,
2301,992.564484834671,-0.3730597,
2302,992.9886794090271,-0.0,
2303,993.4129502773285,-0.0,
2304,993.8376524448395,-0.6638827,
2305,994.2610170841217,-0.19528167,
2306,994.6863255500793,-0.074674964,
2307,995.1103758811951,-0.13881211,
2308,995.534770488739,-0.4264444,
2309,995.9595391750336,-0.4993946,
2310,996.3620834350586,-0.79619294,
2311,996.8409740924835,-0.18887715,
2312,997.2638330459595,-0.29150558,
2313,997.6905558109283,-0.00104634,
2314,998.115490436554,-0.2783283,
2315,998.5394766330719,-0.12428393,
2316,998.9632143974304,-0.13994652,
2317,999.3869421482086,-3.0300365e-05,
2318,999.8120820522308,-0.7157303,
2319,1000.2355298995972,-0.7775774,
2320,1000.6592383384705,-0.03503255,
2321,1001.0837037563324,-0.0,
2322,1001.5080599784851,-0.0,
2323,1001.9325802326202,-0.2877699,
2324,1002.3564629554749,-0.6010885,
2325,1002.7793135643005,-3.3481616e-08,
2326,1003.2022597789764,-0.33407742,
2327,1003.6274445056915,-0.092312194,
2328,1004.0510847568512,-0.0,
2329,1004.4751148223877,-0.120414406,
2330,1004.8997240066528,-0.12672904,
2331,1005.3015396595001,-0.13827252,
2332,1005.7994034290314,-0.41021618,
2333,1006.2213182449341,-0.5144807,
2334,1006.6484894752502,-0.11489281,
2335,1007.071177482605,-0.75446403,
2336,1007.4972696304321,-0.49428743,
2337,1007.9199690818787,-3.7285394e-05,
2338,1008.3431770801544,-0.56006265,
2339,1008.7698118686676,-0.0,
2340,1009.1927881240845,-0.07665078,
2341,1009.6178598403931,-0.14523232,
2342,1010.0410091876984,-0.29457474,
2343,1010.4666738510132,-0.040086977,
2344,1010.8921453952789,-0.29890785,
2345,1011.3152267932892,-0.08778887,
2346,1011.7401261329651,-0.22337906,
2347,1012.1641962528229,-0.05893731,
2348,1012.5887880325317,-0.20362715,
2349,1013.0118062496185,-0.2630288,
2350,1013.4368221759796,-6.48817e-06,
2351,1013.861398935318,-0.07917587,
2352,1014.2661421298981,-0.0,
2353,1014.7552609443665,-0.23585169,
2354,1015.1770780086517,-0.059118368,
2355,1015.6053116321564,-0.0009479442,
2356,1016.0275757312775,-0.27756757,
2357,1016.4530959129333,-0.1417087,
2358,1016.8755519390106,-0.0,
2359,1017.2988955974579,-0.36334783,
2360,1017.7240447998047,-0.10745599,
2361,1018.1466464996338,-0.0,
2362,1018.5721113681793,-7.1321765e-10,
2363,1018.9954826831818,-0.13123113,
2364,1019.4194672107697,-0.2290142,
2365,1019.843316078186,-0.41888323,
2366,1020.2676994800568,-0.18214725,
2367,1020.692544221878,-0.2474101,
2368,1021.1151876449585,-0.35983682,
2369,1021.5407073497772,-0.06863211,
2370,1021.964802980423,-0.07163341,
2371,1022.3884129524231,-0.027992493,
2372,1022.8124134540558,-0.30932432,
2373,1023.2154960632324,-0.0896694,
2374,1023.7004730701447,-0.250209,
2375,1024.1222236156464,-0.09668137,
2376,1024.5509028434753,-0.027286315,
2377,1024.9718387126923,-0.09176229,
2378,1025.3979983329773,-0.08940671,
2379,1025.8206963539124,-0.1009941,
2380,1026.2455096244812,-0.53133166,
2381,1026.669329404831,-0.21461353,
2382,1027.0911793708801,-0.020931125,
2383,1027.517463684082,-0.15347663,
2384,1027.9410438537598,-0.6536999,
2385,1028.3666818141937,-0.10184654,
2386,1028.7895336151123,-0.27126127,
2387,1029.212882757187,-0.18128648,
2388,1029.6377639770508,-0.17499904,
2389,1030.061663866043,-0.48098332,
2390,1030.4864468574524,-0.5895955,
2391,1030.90846991539,-0.0,
2392,1031.333978176117,-0.97707665,
2393,1031.7580292224884,-0.024083639,
2394,1032.162275314331,-0.11917151,
2395,1032.645434141159,-0.2688507,
2396,1033.0668210983276,-0.0,
2397,1033.4948465824127,-0.34379438,
2398,1033.9172630310059,-0.28002763,
2399,1034.3428838253021,-0.35353503,
2400,1034.7655868530273,-0.048761062,
2401,1035.1879165172577,-0.11552112,
2402,1035.6136322021484,-0.0,
2403,1036.0368435382843,-0.03339658,
2404,1036.4631423950195,-0.1028977,
2405,1036.886325120926,-0.0,
2406,1037.3102724552155,-0.199548,
2407,1037.7344765663147,-0.05274012,
2408,1038.1588747501373,-0.4351025,
2409,1038.5829064846039,-0.0054296027,
2410,1039.0057048797607,-1.2188351,
2411,1039.430830001831,-9.725813e-07,
2412,1039.8538928031921,-0.00029002642,
2413,1040.2788472175598,-0.12819229,
2414,1040.7020907402039,-0.16685525,
2415,1041.1057727336884,-0.042458847,
2416,1041.5951707363129,-0.22978148,
2417,1042.0171706676483,-0.15309584,
2418,1042.4455134868622,-0.055986676,
2419,1042.8668739795685,-0.024999,
2420,1043.2927885055542,-0.018717546,
2421,1043.7166028022766,-0.06380732,
2422,1044.1405494213104,-0.3522783,
2423,1044.5652005672455,-0.0,
2424,1044.986958026886,-0.0,
2425,1045.4132299423218,-0.088970885,
2426,1045.836142539978,-0.028011892,
2427,1046.26123380661,-2.0553323e-10,
2428,1046.6851856708527,-0.35834324,
2429,1047.1083755493164,-0.08805348,
2430,1047.5339748859406,-0.15576911,
2431,1047.9575488567352,-0.17129411,
2432,1048.3820662498474,-0.28474703,
2433,1048.805244922638,-0.4784684,
2434,1049.2293243408203,-0.46741325,
2435,1049.6535818576813,-0.0,
2436,1050.0573830604553,-0.14035451,
2437,1050.55357670784,-0.1557939,
2438,1050.9756882190704,-0.26139313,
2439,1051.4038014411926,-0.22575253,
2440,1051.8252120018005,-0.13600509,
2441,1052.2517416477203,-0.2130293,
2442,1052.6752815246582,-0.12537606,
2443,1053.0985217094421,-0.56502795,
2444,1053.522735118866,-0.28379008,
2445,1053.94460272789,-0.27484068,
2446,1054.37015914917,-1.1625287e-08,
2447,1054.7941892147064,-0.56408346,
2448,1055.2184824943542,-1.6420543e-07,
2449,1055.6421637535095,-0.14164945,
2450,1056.0655841827393,-0.46323794,
2451,1056.4906735420227,-0.0,
2452,1056.9151418209076,-0.0,
2453,1057.3388838768005,-0.14772,
2454,1057.7620763778687,-0.39162305,
2455,1058.1857504844666,-0.09291123,
2456,1058.610198020935,-0.14114271,
2457,1059.0148315429688,-0.0,
2458,1059.5097014904022,-0.0046266885,
2459,1059.931003332138,-0.060782712,
2460,1060.3584640026093,-0.3697815,
2461,1060.7798550128937,-0.3640119,
2462,1061.2059795856476,-5.481497e-08,
2463,1061.6288957595825,-0.58118355,
2464,1062.0522179603577,-0.029710505,
2465,1062.4772489070892,-0.0,
2466,1062.899349451065,-0.21296692,
2467,1063.3243708610535,-0.0563394,
2468,1063.7477848529816,-0.05910346,
2469,1064.172362089157,-0.05914672,
2470,1064.5954382419586,-0.060172755,
2471,1065.0190935134888,-0.711432,
2472,1065.4423565864563,-0.2695801,
2473,1065.865514755249,-0.67850804,
2474,1066.290338754654,-0.19444646,
2475,1066.7133708000183,-4.266488e-06,
2476,1067.1372113227844,-0.0,
2477,1067.5606095790863,-0.4213564,
2478,1067.9635696411133,-0.14752527,
2479,1068.441841840744,-0.021938415,
2480,1068.8634886741638,-2.4377707e-09,
2481,1069.2916202545166,-0.09057935,
2482,1069.7133479118347,-0.023489775,
2483,1070.138828754425,-0.057552177,
2484,1070.5620889663696,-0.097112834,
2485,1070.985490322113,-0.72831136,
2486,1071.410845041275,-0.34452283,
2487,1071.832676410675,-0.0,
2488,1072.2582569122314,-0.18045175,
2489,1072.6807374954224,-0.18544313,
2490,1073.105661869049,-0.87727,
2491,1073.5300254821777,-0.21914466,
2492,1073.9521231651306,-0.32320786,
2493,1074.3774302005768,-0.82750773,
2494,1074.800136089325,-0.042238295,
2495,1075.2255229949951,-0.1861681,
2496,1075.6493055820465,-0.0,
2497,1076.0720911026,-0.0054246886,
2498,1076.4955229759216,-0.114335954,
2499,1076.8990552425385,-0.12824628,
2500,1077.384731054306,-0.3599348,
2501,1077.8067083358765,-0.83389527,
2502,1078.2341196537018,-0.29797956,
2503,1078.6557700634003,-3.7490665e-07,
2504,1079.0814278125763,-1.0537171,
2505,1079.5046951770782,-0.1275852,
2506,1079.9281213283539,-0.2108115,
2507,1080.352119922638,-0.0,
2508,1080.7736794948578,-0.022052597,
2509,1081.1983742713928,-0.10497532,
2510,1081.6217613220215,-0.90984505,
2511,1082.0462362766266,-0.39412326,
2512,1082.4702887535095,-0.18690094,
2513,1082.893555879593,-0.051490318,
2514,1083.3176395893097,-0.2609094,
2515,1083.7415068149567,-0.5846733,
2516,1084.166431903839,-0.2671849,
2517,1084.5895519256592,-0.16097301,
2518,1085.0132336616516,-0.07484033,
2519,1085.4363808631897,-0.07085884,
2520,1085.840077161789,-0.28163952,
2521,1086.3250019550323,-0.17852685,
2522,1086.747243642807,-0.08101907,
2523,1087.1753251552582,-0.74866366,
2524,1087.5979566574097,-0.54136574,
2525,1088.0235879421234,-0.06867939,
2526,1088.4473104476929,-1.1340861,
2527,1088.870153427124,-0.730842,
2528,1089.2953786849976,-0.8295407,
2529,1089.7183961868286,-0.19144772,
2530,1090.1439032554626,-0.1201241,
2531,1090.5668992996216,-2.9297147e-09,
2532,1090.9905951023102,-0.0,
2533,1091.4154529571533,-0.047690548,
2534,1091.8395206928253,-0.15448906,
2535,1092.2648949623108,-0.296511,
2536,1092.688043832779,-0.0,
2537,1093.11137342453,-0.06528402,
2538,1093.5348432064056,-0.07604917,
2539,1093.958868265152,-0.010078545,
2540,1094.3830015659332,-0.9980755,
2541,1094.787008523941,-0.0,
2542,1095.2695631980896,-0.5120014,
2543,1095.6908752918243,-0.22740734,
2544,1096.1184878349304,-0.22822882,
2545,1096.541043996811,-0.27469882,
2546,1096.9662823677063,-0.0058531435,
2547,1097.3893587589264,-0.3236113,
2548,1097.8126828670502,-0.0,
2549,1098.237297296524,-0.44879308,
2550,1098.660120010376,-0.28224644,
2551,1099.0853388309479,-0.0010662845,
2552,1099.5078706741333,-0.08832693,
2553,1099.9323267936707,-0.0,
2554,1100.3561074733734,-0.9899205,
2555,1100.7798659801483,-0.0,
2556,1101.2039058208466,-0.25341657,
2557,1101.625583410263,-0.69239587,
2558,1102.0499067306519,-0.0707007,
2559,1102.4741525650024,-0.08388843,
2560,1102.8991436958313,-0.13408005,
2561,1103.3235313892365,-0.03155115,
2562,1103.7264626026154,-0.31741524,
2563,1104.2088468074799,-0.06719965,
2564,1104.6309821605682,-0.41902137,
2565,1105.0587470531464,-0.9350858,
2566,1105.4802820682526,-0.0033166062,
2567,1105.9063811302185,-0.067060575,
2568,1106.3300378322601,-0.08231278,
2569,1106.754596710205,-0.042339973,
2570,1107.1796827316284,-0.94813263,
2571,1107.6025605201721,-0.11171067,
2572,1108.0276749134064,-0.12955742,
2573,1108.450935602188,-0.17693974,
2574,1108.8753349781036,-0.34053385,
2575,1109.3008930683136,-0.08283344,
2576,1109.7246596813202,-0.0,
2577,1110.150107383728,-0.28476408,
2578,1110.573963880539,-0.6831519,
2579,1110.9989037513733,-0.943191,
2580,1111.4218037128448,-0.027173486,
2581,1111.8451538085938,-0.5010952,
2582,1112.268059015274,-0.050559945,
2583,1112.6717736721039,-0.27460182,
2584,1113.1640655994415,-0.1426284,
2585,1113.5855739116669,-0.3044332,
2586,1114.0124893188477,-0.20396964,
2587,1114.4357905387878,-0.6682284,
2588,1114.8601496219635,-0.17622642,
2589,1115.2829010486603,-0.046233594,
2590,1115.706297159195,-0.08174074,
2591,1116.1311678886414,-0.19438207,
2592,1116.5547499656677,-0.27883515,
2593,1116.9795656204224,-0.20983651,
2594,1117.4024212360382,-0.010238533,
2595,1117.8274292945862,-0.7651163,
2596,1118.2513482570648,-0.38312292,
2597,1118.6754977703094,-0.09098567,
2598,1119.0994579792023,-0.0,
2599,1119.522525548935,-0.26047498,
2600,1119.9461543560028,-0.0,
2601,1120.3695578575134,-0.0,
2602,1120.794683933258,-0.37775606,
2603,1121.217663526535,-0.0,
2604,1121.6212372779846,-0.11429456,
2605,1122.1151669025421,-0.26355636,
2606,1122.5366592407227,-0.5876164,
2607,1122.964490890503,-0.16545737,
2608,1123.3872504234314,-0.006594917,
2609,1123.8129200935364,-0.28511405,
2610,1124.2361233234406,-0.16815504,
2611,1124.6593239307404,-0.4765827,
2612,1125.0835373401642,-0.21932447,
2613,1125.506618976593,-0.7149024,
2614,1125.9323914051056,-0.046904918,
2615,1126.3553671836853,-0.03804686,
2616,1126.7793476581573,-0.06454178,
2617,1127.2032153606415,-0.0,
2618,1127.6273443698883,-0.0,
2619,1128.052374124527,-0.0,
2620,1128.4757149219513,-0.42180306,
2621,1128.8991885185242,-0.4542511,
2622,1129.3230822086334,-0.15409045,
2623,1129.7468535900116,-0.06858449,
2624,1130.171194076538,-0.2374943,
2625,1130.5757558345795,-1.2417634e-10,
2626,1131.0581703186035,-0.21825457,
2627,1131.4808022975922,-0.067438826,
2628,1131.908200263977,-0.116219155,
2629,1132.3308022022247,-0.27305236,
2630,1132.756275653839,-0.22576375,
2631,1133.180293560028,-0.016420709,
2632,1133.6028661727905,-0.30699903,
2633,1134.0276713371277,-0.102976814,
2634,1134.4511246681213,-0.019043067,
2635,1134.875999212265,-0.0,
2636,1135.2987296581268,-0.1376072,
2637,1135.723430633545,-0.111518696,
2638,1136.1479008197784,-0.0,
2639,1136.5719618797302,-0.11297753,
2640,1136.9962606430054,-0.08489381,
2641,1137.4188525676727,-0.09458442,
2642,1137.8448204994202,-0.051659286,
2643,1138.2694289684296,-0.23475245,
2644,1138.692414522171,-0.21794367,
2645,1139.1155886650085,-0.3801497,
2646,1139.5187802314758,-0.13315193,
2647,1140.0075860023499,-0.09791177,
2648,1140.428795337677,-0.10943911,
2649,1140.857498884201,-0.32132265,
2650,1141.2795832157135,-0.18913952,
2651,1141.7059841156006,-0.06301202,
2652,1142.1295709609985,-0.25886515,
2653,1142.5529685020447,-0.0,
2654,1142.9793181419373,-0.30548033,
2655,1143.4024188518524,-0.00015294297,
2656,1143.8281269073486,-0.0,
2657,1144.251351594925,-0.0,
2658,1144.675488948822,-0.50775945,
2659,1145.0994639396667,-0.20331201,
2660,1145.5233600139618,-0.37733775,
2661,1145.948765039444,-0.5596516,
2662,1146.3709630966187,-0.45008337,
2663,1146.7941887378693,-0.07127264,
2664,1147.2182562351227,-0.25581247,
2665,1147.6421377658844,-0.40775815,
2666,1148.0662925243378,-0.11914834,
2667,1148.4699258804321,-0.021329472,
2668,1148.9514517784119,-2.5615179e-09,
2669,1149.3726398944855,-0.062333,
2670,1149.8000593185425,-0.07365693,
2671,1150.2231426239014,-0.6828551,
2672,1150.6479351520538,-1.279654,
2673,1151.0710434913635,-0.23220694,
2674,1151.4949703216553,-0.4541148,
2675,1151.9197578430176,-0.0,
2676,1152.3434023857117,-0.011903738,
2677,1152.7687039375305,-0.13980485,
2678,1153.1910605430603,-0.41207656,
2679,1153.6173267364502,-0.16848728,
2680,1154.0409858226776,-0.16698189,
2681,1154.4652411937714,-0.041444153,
2682,1154.8893275260925,-0.14239912,
2683,1155.3120789527893,-0.3381754,
2684,1155.7364699840546,-0.13716538,
2685,1156.1602129936218,-0.08592554,
2686,1156.5850937366486,-0.04426192,
2687,1157.009640455246,-1.0608174,
2688,1157.4136786460876,-0.94739413,
2689,1157.901930809021,-0.10610777,
2690,1158.3237719535828,-0.34896666,
2691,1158.7516989707947,-4.456434e-07,
2692,1159.173555612564,-0.0,
2693,1159.6004135608673,-0.33176824,
2694,1160.0234394073486,-0.0,
2695,1160.446815252304,-0.12490833,
2696,1160.8706648349762,-0.18019316,
2697,1161.2933495044708,-0.053354185,
2698,1161.7187900543213,-0.020165676,
2699,1162.1418483257294,-0.12023979,
2700,1162.5666546821594,-0.59091353,
2701,1162.9898264408112,-0.24671173,
2702,1163.4139482975006,-0.0,
2703,1163.8391683101654,-0.0,
2704,1164.2613489627838,-0.27844986,
2705,1164.6859548091888,-0.163641,
2706,1165.1087806224823,-0.13485578,
2707,1165.5331828594208,-0.07900796,
2708,1165.9568390846252,-0.114288665,
2709,1166.3606970310211,-0.5365436,
2710,1166.8437926769257,-0.3306837,
2711,1167.26540517807,-0.10628533,
2712,1167.6920990943909,-6.545186e-05,
2713,1168.1154651641846,-0.017594162,
2714,1168.5403182506561,-0.28609422,
2715,1168.9639484882355,-0.07557036,
2716,1169.387363910675,-0.27779797,
2717,1169.8130867481232,-0.0,
2718,1170.2366614341736,-0.09671811,
2719,1170.6631965637207,-0.058711957,
2720,1171.0859155654907,-0.13323647,
2721,1171.5107038021088,-0.019260416,
2722,1171.9353795051575,-0.32043353,
2723,1172.3595960140228,-0.20247625,
2724,1172.783225774765,-0.28303695,
2725,1173.2069363594055,-0.054989964,
2726,1173.6320488452911,-0.032720827,
2727,1174.0566868782043,-0.0,
2728,1174.480673789978,-0.08359889,
2729,1174.9046127796173,-0.0,
2730,1175.3085885047913,-0.0,
2731,1175.7917311191559,-0.3217885,
2732,1176.21350979805,-0.79588634,
2733,1176.6420981884003,-0.18836014,
2734,1177.0645186901093,-0.34600294,
2735,1177.4898612499237,-0.009912027,
2736,1177.9135954380035,-0.059060194,
2737,1178.3374109268188,-0.17980626,
2738,1178.7621862888336,-0.20053704,
2739,1179.1851348876953,-0.659375,
2740,1179.6108508110046,-0.103234075,
2741,1180.0356056690216,-0.0,
2742,1180.459261894226,-0.06709566,
2743,1180.8827450275421,-0.21672575,
2744,1181.3063204288483,-0.23531994,
2745,1181.7314367294312,-0.18829516,
2746,1182.1552217006683,-0.27213842,
2747,1182.5782024860382,-0.0,
2748,1183.0017712116241,-0.44112068,
2749,1183.4261045455933,-0.42040914,
2750,1183.8511776924133,-0.23198429,
2751,1184.2559397220612,-0.009293355,
2752,1184.7435455322266,-0.22392026,
2753,1185.1654305458069,-0.0,
2754,1185.5934538841248,-0.35826612,
2755,1186.0154705047607,-0.22068931,
2756,1186.4412381649017,-0.12412104,
2757,1186.8644585609436,-0.0025210462,
2758,1187.2871296405792,-0.34804082,
2759,1187.7133088111877,-0.09603108,
2760,1188.135824918747,-0.036178857,
2761,1188.5610253810883,-0.0,
2762,1188.9840278625488,-0.2954662,
2763,1189.4098825454712,-0.17084542,
2764,1189.8344094753265,-0.0,
2765,1190.2574667930603,-0.0,
2766,1190.681877374649,-0.13609976,
2767,1191.1049799919128,-0.5184052,
2768,1191.5298237800598,-0.0845556,
2769,1191.9534392356873,-0.124460995,
2770,1192.3769581317902,-0.27587292,
2771,1192.8014605045319,-0.23182778,
2772,1193.2048099040985,-0.0,
2773,1193.6827352046967,-0.54100645,
2774,1194.1049947738647,-0.47212315,
2775,1194.533900976181,-0.42016402,
2776,1194.955180644989,-0.003886303,
2777,1195.3803520202637,-0.23898056,
2778,1195.8035836219788,-0.009057634,
2779,1196.226750612259,-0.62212324,
2780,1196.6516571044922,-0.1519768,
2781,1197.0738587379456,-0.09244718,
2782,1197.4992470741272,-0.0,
2783,1197.9216749668121,-0.33878997,
2784,1198.3471956253052,-0.0,
2785,1198.7705707550049,-0.63718784,
2786,1199.1936709880829,-0.19574198,
2787,1199.6181523799896,-0.031707127,
2788,1200.0408344268799,-1.01024814e-10,
2789,1200.4656755924225,-0.09353019,
2790,1200.8888278007507,-0.48726678,
2791,1201.3131852149963,-0.18241197,
2792,1201.7369420528412,-0.0,
2793,1202.1388506889343,-0.43060628,
2794,1202.611410856247,-0.27972716,
2795,1203.0325920581818,-0.21689601,
2796,1203.458523273468,-3.4114117e-07,
2797,1203.881740808487,-0.015391374,
2798,1204.307819366455,-0.33099335,
2799,1204.7312219142914,-0.50278133,
2800,1205.153491973877,-0.106116265,
2801,1205.578531742096,-0.23542187,
2802,1206.001035451889,-0.08661034,
2803,1206.4259655475616,-0.26156753,
2804,1206.8489656448364,-8.385788e-07,
2805,1207.2724590301514,-0.21178703,
2806,1207.6967825889587,-0.238026,
2807,1208.119176864624,-0.33313012,
2808,1208.5444786548615,-0.12555361,
2809,1208.9674921035767,-0.30319235,
2810,1209.3915638923645,-0.17516637,
2811,1209.8145170211792,-0.0,
2812,1210.2379558086395,-0.07213589,
2813,1210.6622712612152,-0.117953755,
2814,1211.066395521164,-0.058269843,
2815,1211.5422439575195,-0.11292477,
2816,1211.9642765522003,-0.21191783,
2817,1212.3934803009033,-0.28745306,
2818,1212.8151440620422,-0.32694012,
2819,1213.241968870163,-0.21440066,
2820,1213.6657383441925,-0.1762712,
2821,1214.0880608558655,-0.03985042,
2822,1214.5130894184113,-0.066601455,
2823,1214.9357481002808,-0.3455895,
2824,1215.3607580661774,-0.24988803,
2825,1215.784321308136,-0.072178915,
2826,1216.2082977294922,-0.2278959,
2827,1216.632400751114,-0.11798109,
2828,1217.0551362037659,-0.6285938,
2829,1217.4801003932953,-0.063479625,
2830,1217.9040019512177,-0.13704632,
2831,1218.3277390003204,-0.058273107,
2832,1218.7508292198181,-0.0,
2833,1219.1744332313538,-0.0048533278,
2834,1219.5992498397827,-0.34012914,
2835,1220.0024812221527,-0.30556455,
2836,1220.4828910827637,-0.38304344,
2837,1220.9044618606567,-0.013808494,
2838,1221.3326754570007,-0.23439552,
2839,1221.754564523697,-0.0,
2840,1222.1805975437164,-0.23854585,
2841,1222.6042127609253,-0.19161005,
2842,1223.0267288684845,-0.0,
2843,1223.4515430927277,-0.08622497,
2844,1223.8736617565155,-0.0072157597,
2845,1224.2999770641327,-0.0,
2846,1224.7233848571777,-0.026946554,
2847,1225.1469566822052,-0.21040268,
2848,1225.571886062622,-0.16845456,
2849,1225.9959208965302,-0.06129837,
2850,1226.4207260608673,-0.22914386,
2851,1226.843769788742,-0.44349375,
2852,1227.26771402359,-0.0,
2853,1227.692021369934,-0.059097968,
2854,1228.1163711547852,-1.867354e-06,
2855,1228.5409665107727,-0.030830003,
2856,1228.9447124004364,-1.4044836,
2857,1229.4140124320984,-0.0,
2858,1229.8361127376556,-0.0,
2859,1230.2654440402985,-0.28167447,
2860,1230.6878304481506,-0.43397024,
2861,1231.113953590393,-0.3785585,
2862,1231.5373666286469,-0.24737673,
2863,1231.9606609344482,-5.8415962e-06,
2864,1232.3852610588074,-0.40086222,
2865,1232.8070154190063,-0.5581196,
2866,1233.2332301139832,-0.0,
2867,1233.656305551529,-0.20362008,
2868,1234.0810763835907,-0.9257614,
2869,1234.5045416355133,-0.04020574,
2870,1234.9284174442291,-0.023647668,
2871,1235.3534634113312,-0.23857251,
2872,1235.777114868164,-0.043170325,
2873,1236.2012948989868,-0.03690876,
2874,1236.6249434947968,-0.5147878,
2875,1237.047831773758,-0.024200508,
2876,1237.472976922989,-0.39954296,
2877,1237.8768329620361,-0.18224229,
2878,1238.3648252487183,-0.0,
2879,1238.7878048419952,-0.0,
2880,1239.2150206565857,-0.29566893,
2881,1239.638008594513,-0.08260715,
2882,1240.0626747608185,-0.35803646,
2883,1240.486795425415,-0.17742419,
2884,1240.910740852356,-0.17233057,
2885,1241.3367369174957,-0.62742263,
2886,1241.7602577209473,-0.0,
2887,1242.185299873352,-0.19644299,
2888,1242.6096963882446,-0.06411698,
2889,1243.0342733860016,-0.20272343,
2890,1243.4586658477783,-0.30031502,
2891,1243.8818163871765,-0.75002176,
2892,1244.307116508484,-0.038538158,
2893,1244.731318950653,-0.0,
2894,1245.1564011573792,-0.00021307198,
2895,1245.5795965194702,-0.17848235,
2896,1246.0025911331177,-0.46624705,
2897,1246.4268248081207,-1.0703716,
2898,1246.8315222263336,-0.19857877,
2899,1247.3177371025085,-0.06840283,
2900,1247.7392401695251,-0.60998607,
2901,1248.1666538715363,-0.30115896,
2902,1248.5895638465881,-0.058958173,
2903,1249.0148713588715,-0.10178039,
2904,1249.4387159347534,-0.27382284,
2905,1249.8617293834686,-0.40283924,
2906,1250.2876665592194,-0.35208052,
2907,1250.710881471634,-0.37820306,
2908,1251.1364812850952,-0.18955578,
2909,1251.5588104724884,-0.22986045,
2910,1251.9832820892334,-1.1989352,
2911,1252.4082472324371,-0.30777195,
2912,1252.8318753242493,-0.41925344,
2913,1253.2564797401428,-0.39828274,
2914,1253.680424451828,-0.50762784,
2915,1254.1052570343018,-4.0232166e-08,
2916,1254.5290369987488,-0.023415966,
2917,1254.9533832073212,-0.2602026,
2918,1255.3769717216492,-0.19790111,
2919,1255.7812733650208,-0.54735136,
2920,1256.267415523529,-0.014883505,
2921,1256.6889522075653,-2.7423803e-07,
2922,1257.1183214187622,-6.839874e-10,
2923,1257.5408606529236,-0.064188704,
2924,1257.966781616211,-0.56982523,
2925,1258.3912363052368,-0.040684734,
2926,1258.8134977817535,-0.8950645,
2927,1259.2387821674347,-0.0518742,
2928,1259.6618967056274,-0.0,
2929,1260.0871045589447,-0.44206807,
2930,1260.5118052959442,-0.13985524,
2931,1260.9359288215637,-0.25289962,
2932,1261.3609306812286,-0.5727389,
2933,1261.7850210666656,-0.07734797,
2934,1262.210376739502,-0.21429288,
2935,1262.6336052417755,-0.2807663,
2936,1263.0576400756836,-0.12309639,
2937,1263.4820108413696,-0.34110382,
2938,1263.906672000885,-1.02766615e-10,
2939,1264.3306818008423,-0.29929957,
2940,1264.734011888504,-0.086771466,
2941,1265.22118806839,-0.0015666361,
2942,1265.6435329914093,-0.30205822,
2943,1266.071851491928,-0.047237866,
2944,1266.4940106868744,-4.172315e-09,
2945,1266.9201037883759,-0.58663946,
2946,1267.34432387352,-0.0,
2947,1267.7682883739471,-4.7300923e-06,
2948,1268.1933190822601,-0.0,
2949,1268.61638712883,-0.74195945,
2950,1269.0426630973816,-0.4234534,
2951,1269.4667298793793,-0.042797945,
2952,1269.8921437263489,-0.0,
2953,1270.3176095485687,-0.043673594,
2954,1270.7423095703125,-0.083056934,
2955,1271.1674320697784,-0.4902389,
2956,1271.591135263443,-0.20478123,
2957,1272.015175819397,-0.038463287,
2958,1272.4399597644806,-0.21994345,
2959,1272.8645391464233,-0.0,
2960,1273.2880368232727,-0.37006578,
2961,1273.691225528717,-0.17715077,
2962,1274.186065196991,-0.046857446,
2963,1274.6075086593628,-0.0,
2964,1275.0362248420715,-3.701418e-05,
2965,1275.458785533905,-0.07933946,
2966,1275.8861939907074,-0.30252522,
2967,1276.3109562397003,-0.009171269,
2968,1276.7345533370972,-0.08500019,
2969,1277.1601932048798,-0.099635445,
2970,1277.5844814777374,-0.0,
2971,1278.0090880393982,-0.0,
2972,1278.432953596115,-0.0,
2973,1278.8574004173279,-0.16744593,
2974,1279.2834632396698,-0.18094033,
2975,1279.7068428993225,-0.0,
2976,1280.1317892074585,-0.56877637,
2977,1280.5563478469849,-0.31970656,
2978,1280.9812562465668,-0.0,
2979,1281.4057981967926,-0.4141901,
2980,1281.8291404247284,-0.6207443,
2981,1282.2538511753082,-0.51038015,
2982,1282.6584362983704,-0.0880244,
2983,1283.1413111686707,-0.47677475,
2984,1283.5632030963898,-7.071735e-10,
2985,1283.989947795868,-0.0014239394,
2986,1284.41157913208,-0.34264043,
2987,1284.8386144638062,-0.10694895,
2988,1285.262197971344,-0.02210899,
2989,1285.6855351924896,-0.22937235,
2990,1286.1098432540894,-0.0,
2991,1286.5325956344604,-0.0,
2992,1286.9590833187103,-0.83011657,
2993,1287.3822350502014,-0.0051909955,
2994,1287.8069262504578,-0.74611807,
2995,1288.2306458950043,-0.078911215,
2996,1288.6547465324402,-0.0,
2997,1289.080023765564,-0.26934415,
2998,1289.5026757717133,-0.039904904,
2999,1289.928085565567,-0.6589929,
3000,1290.351069688797,-0.04036259,
3001,1290.777214050293,-1.1304321e-09,
3002,1291.2013030052185,-0.036594436,
3003,1291.6053082942963,-0.007990093,
3004,1292.0835649967194,-0.62440413,
3005,1292.5053987503052,-0.0003179399,
3006,1292.93390583992,-0.0,
3007,1293.3560800552368,-0.0,
3008,1293.7834479808807,-0.99194336,
3009,1294.2060453891754,-0.5617024,
3010,1294.6291182041168,-0.18739197,
3011,1295.0555744171143,-0.07389716,
3012,1295.4787304401398,-0.19256917,
3013,1295.9045083522797,-0.00378669,
3014,1296.3270387649536,-0.18949667,
3015,1296.7532556056976,-0.7648512,
3016,1297.1793463230133,-0.10883503,
3017,1297.6018187999725,-0.23311436,
3018,1298.0272738933563,-0.6803289,
3019,1298.4513640403748,-0.8670028,
3020,1298.8773384094238,-0.17623684,
3021,1299.3015055656433,-0.0,
3022,1299.725182056427,-0.57127345,
3023,1300.1510994434357,-0.0069317967,
3024,1300.554193019867,-0.10960965,
3025,1301.0566730499268,-0.065205045,
3026,1301.4791502952576,-0.12439385,
3027,1301.9085597991943,-0.0,
3028,1302.3315470218658,-0.33682516,
3029,1302.7584681510925,-0.52102876,
3030,1303.1818714141846,-0.047095604,
3031,1303.606047153473,-0.012081849,
3032,1304.0322630405426,-0.0028746328,
3033,1304.455852508545,-0.0,
3034,1304.881424188614,-0.5772961,
3035,1305.3049201965332,-0.038768765,
3036,1305.7302684783936,-0.4097216,
3037,1306.1549725532532,-0.06458473,
3038,1306.5789210796356,-1.8921092e-07,
3039,1307.004379272461,-0.2706756,
3040,1307.4274468421936,-0.0,
3041,1307.8532967567444,-0.06840338,
3042,1308.2773423194885,-0.23804437,
3043,1308.7017350196838,-1.01024814e-10,
3044,1309.1261596679688,-0.6533409,
3045,1309.5308935642242,-0.14497189,
3046,1310.2374877929688,-0.62160635,
3047,1310.6583755016327,-0.0,
3048,1311.0866963863373,-0.011995813,
3049,1311.5088698863983,-0.041001793,
3050,1311.9346375465393,-0.82295144,
3051,1312.3575892448425,-0.0,
3052,1312.7801988124847,-0.06564407,
3053,1313.204978942871,-0.091396965,
3054,1313.6285576820374,-0.0,
3055,1314.0543448925018,-1.747031e-09,
3056,1314.4765202999115,-0.0,
3057,1314.9014387130737,-0.47221366,
3058,1315.3251361846924,-0.037235297,
3059,1315.749175786972,-0.050537534,
3060,1316.1738955974579,-0.3340259,
3061,1316.5970840454102,-0.38984475,
3062,1317.0223588943481,-0.0,
3063,1317.4464473724365,-0.096425794,
3064,1317.8713340759277,-0.0,
3065,1318.2955350875854,-0.0,
3066,1318.699123620987,-0.12314222,
3067,1319.1874504089355,-0.2728408,
3068,1319.6090848445892,-0.13743058,
3069,1320.0372059345245,-0.16777074,
3070,1320.4584918022156,-0.3560972,
3071,1320.8842568397522,-0.35714263,
3072,1321.3081312179565,-0.18515006,
3073,1321.7314636707306,-0.25822654,
3074,1322.1559963226318,-0.06417502,
3075,1322.5783891677856,-0.043715745,
3076,1323.0038270950317,-0.110550344,
3077,1323.4281044006348,-0.082827345,
3078,1323.8523738384247,-0.012862012,
3079,1324.2772159576416,-0.38118812,
3080,1324.699737071991,-0.066358894,
3081,1325.1245543956757,-0.52208626,
3082,1325.548722743988,-0.0029615427,
3083,1325.9732809066772,-0.037011907,
3084,1326.3964297771454,-0.022775253,
3085,1326.8203747272491,-1.208681,
3086,1327.2453744411469,-0.1681738,
3087,1327.6494483947754,-0.013583297,
3088,1328.1296126842499,-0.0,
3089,1328.5512945652008,-0.33159387,
3090,1328.97882604599,-1.2335482e-08,
3091,1329.4011316299438,-0.11914821,
3092,1329.826922416687,-0.22513568,
3093,1330.2509038448334,-0.061091416,
3094,1330.6728551387787,-0.24044415,
3095,1331.097844362259,-0.0,
3096,1331.5218827724457,-0.0959502,
3097,1331.9474024772644,-0.6405047,
3098,1332.3713853359222,-1.2143201,
3099,1332.7950201034546,-0.54831266,
3100,1333.2192084789276,-0.0,
3101,1333.643259048462,-0.0,
3102,1334.0674719810486,-0.2931939,
3103,1334.4906573295593,-1.242134e-06,
3104,1334.9146823883057,-0.35008964,
3105,1335.3381848335266,-0.3461346,
3106,1335.7628569602966,-0.23740059,
3107,1336.187124490738,-0.36700904,
3108,1336.59055185318,-0.0016913635,
3109,1337.0771415233612,-0.490169,
3110,1337.4991190433502,-0.50453216,
3111,1337.9279770851135,-0.6500553,
3112,1338.3489549160004,-0.19725335,
3113,1338.7758784294128,-0.12673485,
3114,1339.1995339393616,-0.07908558,
3115,1339.6231787204742,-0.09010643,
3116,1340.0486874580383,-0.34645665,
3117,1340.4700903892517,-0.0,
3118,1340.8970210552216,-0.2273889,
3119,1341.320555448532,-0.0,
3120,1341.745697259903,-0.0,
3121,1342.169454574585,-0.67239845,
3122,1342.5922372341156,-0.054359358,
3123,1343.0181803703308,-0.43304303,
3124,1343.441885471344,-0.5094039,
3125,1343.8675093650818,-0.0033064852,
3126,1344.290156364441,-0.63906074,
3127,1344.7152366638184,-0.00835358,
3128,1345.139953136444,-0.172262,
3129,1345.543515920639,-0.16242138,
3130,1346.030616760254,-0.0,
3131,1346.453136920929,-0.0,
3132,1346.8802797794342,-0.34455723,
3133,1347.3036794662476,-0.86683345,
3134,1347.7292547225952,-0.23969534,
3135,1348.15394115448,-0.058727574,
3136,1348.5781223773956,-0.010341616,
3137,1349.0039491653442,-0.10140766,
3138,1349.4266736507416,-0.49540734,
3139,1349.8526949882507,-0.33424598,
3140,1350.276965379715,-0.060028613,
3141,1350.7021987438202,-0.40744117,
3142,1351.1268556118011,-0.0,
3143,1351.5506174564362,-0.13357705,
3144,1351.9755401611328,-0.066311315,
3145,1352.4008224010468,-0.0,
3146,1352.8261556625366,-0.25582486,
3147,1353.2500863075256,-0.0,
3148,1353.6746728420258,-0.06595039,
3149,1354.099454164505,-0.42193228,
3150,1354.5038220882416,-0.24904363,
3151,1355.38631939888,-0.0,
3152,1355.8076553344727,-0.025024474,
3153,1356.2364106178284,-0.100465916,
3154,1356.6581673622131,-0.021783296,
3155,1357.085735797882,-0.2031161,
3156,1357.5088424682617,-0.0,
3157,1357.9319732189178,-0.0,
3158,1358.3586962223053,-0.48447508,
3159,1358.780680179596,-0.51140827,
3160,1359.2065834999084,-0.13981755,
3161,1359.6293528079987,-0.0,
3162,1360.0561759471893,-0.4501814,
3163,1360.4807431697845,-0.1685725,
3164,1360.9035692214966,-0.50482595,
3165,1361.3297810554504,-0.12953615,
3166,1361.7532050609589,-0.018134352,
3167,1362.178814649582,-0.0,
3168,1362.6023397445679,-0.024017066,
3169,1363.025300502777,-0.0,
3170,1363.450672864914,-0.17778946,
3171,1363.8546035289764,-0.0,
3172,1364.8155303001404,-0.16933171,
3173,1365.2379405498505,-0.69602764,
3174,1365.6664917469025,-0.314464,
3175,1366.089267730713,-0.0,
3176,1366.5157601833344,-5.0944127e-10,
3177,1366.9392187595367,-0.07870152,
3178,1367.3634233474731,-0.0,
3179,1367.7894177436829,-0.10272,
3180,1368.2121527194977,-0.014052933,
3181,1368.639109134674,-0.0,
3182,1369.062112569809,-0.0,
3183,1369.4876973628998,-0.24236624,
3184,1369.9126768112183,-0.21265525,
3185,1370.3362007141113,-0.096112154,
3186,1370.7605962753296,-0.021008974,
3187,1371.1843361854553,-0.0,
3188,1371.6096677780151,-0.04183735,
3189,1372.0347406864166,-0.121006295,
3190,1372.458594083786,-4.10389e-06,
3191,1372.8831844329834,-0.35850394,
3192,1373.2874670028687,-0.008867631,
3193,1373.773009777069,-0.60336965,
3194,1374.194928407669,-0.7663824,
3195,1374.6230220794678,-6.292446e-08,
3196,1375.0458114147186,-0.058572184,
3197,1375.473064661026,-0.106322244,
3198,1375.897060394287,-0.02457674,
3199,1376.3207473754883,-0.07925842,
3200,1376.747126340866,-0.0,
3201,1377.170403957367,-0.0,
3202,1377.5960912704468,-0.051482975,
3203,1378.0198192596436,-0.01910806,
3204,1378.445008277893,-0.5635561,
3205,1378.870740890503,-0.0,
3206,1379.2945926189423,-0.0,
3207,1379.7185230255127,-0.098162204,
3208,1380.1425650119781,-0.0,
3209,1380.5678629875183,-0.28258553,
3210,1380.9931242465973,-0.2483447,
3211,1381.4166390895844,-0.093855835,
3212,1381.8417961597443,-0.0,
3213,1382.2459046840668,-0.69614285,
3214,1382.7264382839203,-0.1283675,
3215,1383.1487545967102,-0.16703603,
3216,1383.5766654014587,-0.0018806076,
3217,1383.9984319210052,-0.39046103,
3218,1384.424830198288,-0.0,
3219,1384.8498418331146,-0.0,
3220,1385.2724418640137,-0.04777889,
3221,1385.6975646018982,-0.25435856,
3222,1386.1207196712494,-0.040372487,
3223,1386.545869588852,-0.0,
3224,1386.9703319072723,-0.2821232,
3225,1387.3949301242828,-0.3776094,
3226,1387.8190310001373,-0.00530766,
3227,1388.2432374954224,-0.21123016,
3228,1388.6684412956238,-0.0,
3229,1389.0922577381134,-0.13079044,
3230,1389.515394449234,-0.3325157,
3231,1389.9397699832916,-0.32016116,
3232,1390.363587141037,-0.0,
3233,1390.7890131473541,-0.24237503,
3234,1391.1927139759064,-0.0,
3235,1391.6662566661835,-0.0,
3236,1392.0881412029266,-0.0,
3237,1392.517008781433,-0.0,
3238,1392.939831495285,-0.32959732,
3239,1393.3685147762299,-0.080897935,
3240,1393.7913961410522,-0.009353031,
3241,1394.2149810791016,-0.46132854,
3242,1394.6419365406036,-0.0,
3243,1395.0644805431366,-0.059082955,
3244,1395.4904630184174,-0.1289249,
3245,1395.9133331775665,-0.40019497,
3246,1396.3390119075775,-0.0,
3247,1396.7632834911346,-0.72311264,
3248,1397.1869988441467,-0.15499347,
3249,1397.6122817993164,-0.4756662,
3250,1398.0361177921295,-0.07293912,
3251,1398.4620921611786,-0.2202811,
3252,1398.8859841823578,-0.940801,
3253,1399.310359954834,-0.19173798,
3254,1399.734678030014,-0.0,
3255,1400.1385581493378,-0.14797767,
3256,1400.6293766498566,-0.4983889,
3257,1401.0509073734283,-0.39724505,
3258,1401.4795842170715,-0.06492535,
3259,1401.9023180007935,-0.0,
3260,1402.3283951282501,-0.56431097,
3261,1402.7518010139465,-0.1592204,
3262,1403.1761894226074,-0.2979715,
3263,1403.6017563343048,-0.257331,
3264,1404.0251443386078,-0.0,
3265,1404.4505109786987,-0.06592651,
3266,1404.8745820522308,-0.0,
3267,1405.2993922233582,-0.7610065,
3268,1405.7243647575378,-0.53617805,
3269,1406.1491703987122,-0.05721935,
3270,1406.575389623642,-0.0,
3271,1407.0005331039429,-1.2714132e-05,
3272,1407.4254145622253,-0.09681579,
3273,1407.8498871326447,-0.0,
3274,1408.2741465568542,-0.32562345,
3275,1408.699731349945,-0.0,
3276,1409.1031613349915,-0.1759068,
3277,1409.5970718860626,-0.08925806,
3278,1410.0191402435303,-0.092210524,
3279,1410.4474663734436,-0.24074076,
3280,1410.8694689273834,-0.4020739,
3281,1411.2966358661652,-0.04344856,
3282,1411.7201571464539,-0.013236368,
3283,1412.1446747779846,-0.00010157931,
3284,1412.5696578025818,-0.29939675,
3285,1412.9923372268677,-0.11878921,
3286,1413.4192757606506,-0.14413956,
3287,1413.84219789505,-0.1599857,
3288,1414.2673239707947,-0.027001208,
3289,1414.6919074058533,-0.052890647,
3290,1415.117248058319,-0.45547676,
3291,1415.5425007343292,-0.74914587,
3292,1415.9650657176971,-0.0,
3293,1416.3900129795074,-0.27795035,
3294,1416.8144130706787,-0.30876553,
3295,1417.2396190166473,-0.6324587,
3296,1417.6637003421783,-0.3682024,
3297,1418.067690372467,-0.16807413,
3298,1418.5534765720367,-0.60577863,
3299,1418.9756741523743,-0.08400197,
3300,1419.4039585590363,-0.005865422,
3301,1419.8259513378143,-0.0,
3302,1420.2512667179108,-0.086144425,
3303,1420.6752481460571,-0.44885603,
3304,1421.0991911888123,-0.51309454,
3305,1421.524484872818,-0.0,
3306,1421.9476957321167,-0.051677246,
3307,1422.3735146522522,-0.19487083,
3308,1422.7987253665924,-0.44756737,
3309,1423.2221665382385,-0.45453078,
3310,1423.6468830108643,-0.12889826,
3311,1424.069879770279,-0.06508649,
3312,1424.4942698478699,-0.73451453,
3313,1424.9187459945679,-0.23610206,
3314,1425.342336654663,-0.085069396,
3315,1425.7677521705627,-0.16779277,
3316,1426.1909954547882,-0.17377928,
3317,1426.6164741516113,-0.17889996,
3318,1427.020010471344,-0.0,
3319,1427.5024907588959,-0.4325106,
3320,1427.9256780147552,-0.0,
3321,1428.3530948162079,-0.10559781,
3322,1428.776522397995,-0.2688096,
3323,1429.2019035816193,-0.20157707,
3324,1429.6262304782867,-0.34346655,
3325,1430.0506372451782,-0.0,
3326,1430.4769878387451,-0.24521632,
3327,1430.9002192020416,-0.27470192,
3328,1431.3258950710297,-0.5688633,
3329,1431.7505526542664,-0.34926215,
3330,1432.175029039383,-0.008800162,
3331,1432.59961104393,-0.0,
3332,1433.023093700409,-0.48343945,
3333,1433.4485301971436,-0.058664996,
3334,1433.8731846809387,-0.07800944,
3335,1434.2979362010956,-0.33004394,
3336,1434.721438884735,-0.21568538,
3337,1435.1455662250519,-0.0,
3338,1435.5701878070831,-0.57378495,
3339,1435.9739437103271,-0.2627571,
3340,1436.4557616710663,-0.04157997,
3341,1436.8781735897064,-0.058819365,
3342,1437.3059356212616,-0.11752674,
3343,1437.7291548252106,-0.0629594,
3344,1438.155381679535,-0.3911229,
3345,1438.5781106948853,-0.3342839,
3346,1439.0016386508942,-0.080892645,
3347,1439.4269399642944,-0.043692626,
3348,1439.8513958454132,-0.16106711,
3349,1440.2767899036407,-0.0,
3350,1440.6991546154022,-0.38663274,
3351,1441.1242780685425,-0.08544009,
3352,1441.548386335373,-1.0954863,
3353,1441.9731004238129,-0.060644843,
3354,1442.3979620933533,-0.1347777,
3355,1442.820674419403,-0.016349996,
3356,1443.2467596530914,-0.046000205,
3357,1443.670644044876,-0.075441375,
3358,1444.0955593585968,-0.0,
3359,1444.5198488235474,-0.2570208,
3360,1444.9239702224731,-0.29298946,
3361,1445.3968436717987,-0.032330267,
3362,1445.818511247635,-0.0,
3363,1446.2466461658478,-0.0,
3364,1446.6695303916931,-0.10425331,
3365,1447.0959570407867,-0.0,
3366,1447.519807100296,-0.016380493,
3367,1447.943600654602,-0.12932295,
3368,1448.3696007728577,-0.0,
3369,1448.7920358181,-0.0,
3370,1449.2170054912567,-0.0,
3371,1449.64022397995,-0.7296169,
3372,1450.065288066864,-0.5144027,
3373,1450.489856004715,-0.09080432,
3374,1450.9135479927063,-0.2022503,
3375,1451.337432384491,-0.22252055,
3376,1451.7614781856537,-0.27061433,
3377,1452.1864330768585,-0.0,
3378,1452.6108090877533,-0.24708655,
3379,1453.0344452857971,-0.08507015,
3380,1453.459225654602,-0.0,
3381,1453.862714290619,-0.0,
3382,1454.3357157707214,-0.0,
3383,1454.758550643921,-0.1593003,
3384,1455.1867685317993,-0.0,
3385,1455.6091811656952,-0.010242115,
3386,1456.0352010726929,-0.3411628,
3387,1456.4596836566925,-0.21249649,
3388,1456.883570432663,-0.6961628,
3389,1457.3089890480042,-0.0,
3390,1457.7308950424194,-0.0,
3391,1458.1558067798615,-0.0,
3392,1458.5808498859406,-0.043395277,
3393,1459.0062770843506,-0.075376965,
3394,1459.4307661056519,-0.044052165,
3395,1459.8534014225006,-0.34518975,
3396,1460.2797656059265,-0.049250893,
3397,1460.7034540176392,-1.1189178,
3398,1461.128888130188,-0.34485167,
3399,1461.5519428253174,-0.0,
3400,1461.9765605926514,-0.21386784,
3401,1462.4012470245361,-0.1751585,
3402,1462.805377960205,-0.0,
3403,1463.2907435894012,-0.0,
3404,1463.7121405601501,-0.00038702265,
3405,1464.1401901245117,-0.0014951096,
3406,1464.562551498413,-0.09105967,
3407,1464.9888553619385,-0.00026739665,
3408,1465.4127488136292,-0.06902717,
3409,1465.836989402771,-0.022092449,
3410,1466.262779712677,-0.031401146,
3411,1466.68541264534,-0.4233655,
3412,1467.111480474472,-0.0,
3413,1467.5361387729645,-0.0,
3414,1467.9613990783691,-0.17455561,
3415,1468.3864886760712,-1.1339546,
3416,1468.8097009658813,-0.078933135,
3417,1469.2341916561127,-0.06064154,
3418,1469.6584041118622,-0.09293808,
3419,1470.083975315094,-0.69383365,
3420,1470.5068082809448,-0.048077457,
3421,1470.931465625763,-0.26733136,
3422,1471.355967283249,-0.0,
3423,1471.759937763214,-0.0,
3424,1472.2418761253357,-0.5749376,
3425,1472.6637687683105,-0.0,
3426,1473.092259645462,-0.22484145,
3427,1473.5152678489685,-0.14818163,
3428,1473.9417159557343,-0.29435834,
3429,1474.3646898269653,-0.26052603,
3430,1474.7881445884705,-0.03683,
3431,1475.2129399776459,-0.03512905,
3432,1475.6358215808868,-0.0,
3433,1476.0620720386505,-0.31649497,
3434,1476.4854850769043,-0.33826807,
3435,1476.9102597236633,-0.7610732,
3436,1477.3338379859924,-0.0,
3437,1477.7587368488312,-0.21979335,
3438,1478.183596611023,-0.78952885,
3439,1478.607052564621,-0.0,
3440,1479.03196310997,-0.040499777,
3441,1479.455692768097,-0.046705525,
3442,1479.8810729980469,-0.0,
3443,1480.3038680553436,-0.0496703,
3444,1480.7076435089111,-0.0729167,
3445,1481.2011425495148,-0.0,
3446,1481.622714996338,-4.040992e-10,
3447,1482.050283908844,-0.0037421181,
3448,1482.4731090068817,-0.0,
3449,1482.8986449241638,-0.09081328,
3450,1483.3224020004272,-0.040856626,
3451,1483.7449853420258,-0.07148962,
3452,1484.1694836616516,-0.36471647,
3453,1484.5926971435547,-0.10064615,
3454,1485.0183975696564,-0.055101342,
3455,1485.4416661262512,-0.10296428,
3456,1485.8654663562775,-0.0,
3457,1486.2889964580536,-0.08898406,
3458,1486.7131459712982,-0.0,
3459,1487.1380069255829,-0.13373753,
3460,1487.5605549812317,-0.0,
3461,1487.9843118190765,-0.7284382,
3462,1488.4075419902802,-0.117197916,
3463,1488.8318202495575,-0.049639784,
3464,1489.256606578827,-0.0,
3465,1489.6604039669037,-0.0,
3466,1490.1444749832153,-0.8729221,
3467,1490.565991640091,-0.032031298,
3468,1490.9945180416107,-0.24674621,
3469,1491.4175236225128,-0.003145267,
3470,1491.8419089317322,-0.0,
3471,1492.2650640010834,-0.0,
3472,1492.6881618499756,-0.13265543,
3473,1493.1140265464783,-0.39864978,
3474,1493.5372414588928,-0.0,
3475,1493.9622566699982,-0.0025666114,
3476,1494.3852365016937,-0.2197245,
3477,1494.8101325035095,-0.7768262,
3478,1495.2342705726624,-0.3106113,
3479,1495.657949924469,-0.00048139226,
3480,1496.0827798843384,-0.04105974,
3481,1496.5057649612427,-0.08643992,
3482,1496.9318389892578,-0.013689019,
3483,1497.3549799919128,-0.080745526,
3484,1497.7792592048645,-0.0,
3485,1498.203369140625,-0.06756724,
3486,1498.6067547798157,-0.0,
3487,1499.087281703949,-0.0,
3488,1499.509247303009,-0.54430807,
3489,1499.9371602535248,-0.0,
3490,1500.35871219635,-0.0,
3491,1500.7849583625793,-0.0,
3492,1501.2081937789917,-0.6077999,
3493,1501.6321530342102,-0.56838423,
3494,1502.0566198825836,-0.0,
3495,1502.4788870811462,-0.13798068,
3496,1502.9048039913177,-0.0048447195,
3497,1503.3287270069122,-0.0,
3498,1503.7533643245697,-0.0,
3499,1504.1767258644104,-0.21215805,
3500,1504.600256204605,-0.12254654,
3501,1505.0241873264313,-0.28445536,
3502,1505.4475712776184,-0.06063165,
3503,1505.8726975917816,-0.0025125165,
3504,1506.2958118915558,-0.020373886,
3505,1506.719946861267,-0.62280965,
3506,1507.144369840622,-0.79795426,
3507,1507.5487484931946,-0.26409918,
3508,1508.0343160629272,-0.0,
3509,1508.4553458690643,-0.0043451665,
3510,1508.883281469345,-1.1432286e-08,
3511,1509.3063700199127,-0.040577132,
3512,1509.7332751750946,-0.086293444,
3513,1510.1570131778717,-1.120017,
3514,1510.5795192718506,-0.117477365,
3515,1511.0050110816956,-0.0,
3516,1511.4280889034271,-0.02614989,
3517,1511.8534440994263,-0.23499224,
3518,1512.2766189575195,-0.0,
3519,1512.6996023654938,-0.0,
3520,1513.1240527629852,-0.035601035,
3521,1513.5474815368652,-0.21432862,
3522,1513.9711079597473,-0.21694279,
3523,1514.3941383361816,-0.17078674,
3524,1514.8182127475739,-0.6907862,
3525,1515.2427122592926,-0.0,
3526,1515.6664044857025,-0.06941247,
3527,1516.0903160572052,-0.5788933,
3528,1516.4931964874268,-0.0,
3529,1516.9800152778625,-0.7658428,
3530,1517.4017527103424,-0.6305851,
3531,1517.8295404911041,-0.51575226,
3532,1518.250596523285,-0.2897075,
3533,1518.6757862567902,-0.0,
3534,1519.0992977619171,-0.45206258,
3535,1519.5223722457886,-0.08286174,
3536,1519.947604894638,-0.1742432,
3537,1520.3690567016602,-0.23466472,
3538,1520.794141292572,-0.05839215,
3539,1521.2170932292938,-0.14139059,
3540,1521.6423516273499,-0.0,
3541,1522.0663757324219,-0.91809595,
3542,1522.489456653595,-0.0,
3543,1522.9138312339783,-0.3999314,
3544,1523.3366703987122,-0.08244756,
3545,1523.7613480091095,-0.04357586,
3546,1524.1848633289337,-0.2071819,
3547,1524.608641386032,-0.22169879,
3548,1525.031777381897,-0.09126068,
3549,1525.4355936050415,-0.011291303,
3550,1525.9265718460083,-0.11882712,
3551,1526.3482167720795,-0.81296885,
3552,1526.7747654914856,-0.21222088,
3553,1527.1974029541016,-0.7223327,
3554,1527.6222352981567,-0.07811694,
3555,1528.045686006546,-0.03629004,
3556,1528.4684641361237,-0.0,
3557,1528.8942778110504,-0.006231442,
3558,1529.3170881271362,-0.16034248,
3559,1529.7423667907715,-0.0,
3560,1530.1646723747253,-0.25358552,
3561,1530.588775396347,-0.35024327,
3562,1531.0122418403625,-0.33789867,
3563,1531.4355688095093,-0.2767082,
3564,1531.860610961914,-0.0,
3565,1532.283861875534,-0.0,
3566,1532.7081682682037,-0.17399403,
3567,1533.131949186325,-0.07078374,
3568,1533.556548833847,-0.1284125,
3569,1533.9808373451233,-0.044232987,
3570,1534.3837192058563,-0.05868983,
3571,1534.8700563907623,-0.45760924,
3572,1535.2917597293854,-0.19747369,
3573,1535.7203631401062,-0.0,
3574,1536.1424360275269,-1.0200387,
3575,1536.56725025177,-0.0,
3576,1536.9912185668945,-0.16718455,
3577,1537.415228843689,-0.0,
3578,1537.840102672577,-0.020447869,
3579,1538.263812303543,-0.0,
3580,1538.6874346733093,-0.24057265,
3581,1539.1112604141235,-0.4230191,
3582,1539.5357854366302,-0.7455289,
3583,1539.9596033096313,-0.2977834,
3584,1540.3832201957703,-0.008271365,
3585,1540.806925535202,-0.42984802,
3586,1541.230586528778,-0.68325186,
3587,1541.6546726226807,-0.0,
3588,1542.079204082489,-0.13171622,
3589,1542.5028810501099,-0.08759839,
3590,1542.9263985157013,-1.00602655e-07,
3591,1543.3301136493683,-0.14594838,
3592,1543.8263618946075,-0.13969055,
3593,1544.247703075409,-0.0,
3594,1544.6756913661957,-0.07841611,
3595,1545.0980143547058,-0.27004904,
3596,1545.522943019867,-0.06248228,
3597,1545.945464372635,-0.26261723,
3598,1546.368281364441,-0.03949562,
3599,1546.7939648628235,-0.1710261,
3600,1547.2168397903442,-0.021420155,
3601,1547.641884803772,-0.035083346,
3602,1548.0644743442535,-0.045044262,
3603,1548.4880752563477,-0.23238464,
3604,1548.9134058952332,-0.0,
3605,1549.3366000652313,-0.12785402,
3606,1549.760592699051,-0.0,
3607,1550.1831350326538,-0.2207984,
3608,1550.6079766750336,-0.122972526,
3609,1551.0322058200836,-0.3132798,
3610,1551.4562191963196,-0.32788166,
3611,1551.8796818256378,-0.0,
3612,1552.2827804088593,-6.957856e-08,
3613,1552.7747614383698,-0.0,
3614,1553.196124792099,-0.1662167,
3615,1553.6230685710907,-0.3393952,
3616,1554.0448150634766,-0.21940467,
3617,1554.4709763526917,-0.14508082,
3618,1554.8945784568787,-0.00010049988,
3619,1555.3173997402191,-0.18318905,
3620,1555.7421898841858,-0.0,
3621,1556.1639726161957,-0.002243837,
3622,1556.5898373126984,-0.4636344,
3623,1557.0133895874023,-0.07503471,
3624,1557.437424659729,-0.0013094333,
3625,1557.8610594272614,-0.0,
3626,1558.284150838852,-0.0,
3627,1558.7093255519867,-0.31702343,
3628,1559.1326537132263,-0.0,
3629,1559.5561599731445,-0.3859306,
3630,1559.9792087078094,-0.0022913828,
3631,1560.4024200439453,-0.19094402,
3632,1560.8268406391144,-0.0,
3633,1561.2304723262787,-0.2477897,
3634,1561.717656135559,-0.0,
3635,1562.1397902965546,-0.32017517,
3636,1562.568481683731,-0.23031609,
3637,1562.9903411865234,-0.93274474,
3638,1563.4162545204163,-0.0,
3639,1563.8393523693085,-0.0,
3640,1564.2618992328644,-0.0,
3641,1564.6877989768982,-0.1872282,
3642,1565.1112370491028,-0.0,
3643,1565.537683725357,-0.20524871,
3644,1565.9601969718933,-0.29400387,
3645,1566.3858642578125,-0.07098644,
3646,1566.8097858428955,-0.0,
3647,1567.2330477237701,-0.019387845,
3648,1567.6573977470398,-0.37825376,
3649,1568.080843925476,-0.0,
3650,1568.5067937374115,-0.0,
3651,1568.930892944336,-0.0678897,
3652,1569.3555755615234,-0.62221986,
3653,1569.7782044410706,-0.2138652,
3654,1570.181723356247,-0.41298378,
3655,1570.6721715927124,-0.0,
3656,1571.0935456752777,-0.25529447,
3657,1571.522361755371,-0.2669994,
3658,1571.9445729255676,-0.0,
3659,1572.3710656166077,-0.08593946,
3660,1572.7939023971558,-0.2534101,
3661,1573.21671128273,-0.17646691,
3662,1573.642481803894,-0.0,
3663,1574.0650570392609,-0.0,
3664,1574.4908330440521,-3.0052758e-10,
3665,1574.912736415863,-0.17410569,
3666,1575.3365287780762,-0.24850056,
3667,1575.7602570056915,-0.032532766,
3668,1576.1839799880981,-0.1711105,
3669,1576.6094152927399,-0.23960057,
3670,1577.0321786403656,-0.0,
3671,1577.4569897651672,-0.0069290674,
3672,1577.8803040981293,-0.05461493,
3673,1578.3043475151062,-1.1960082,
3674,1578.7292754650116,-0.1566686,
3675,1579.1324112415314,-0.25375372,
3676,1579.6171259880066,-0.12032761,
3677,1580.0387890338898,-0.8465062,
3678,1580.468371629715,-0.0,
3679,1580.889531135559,-0.02386489,
3680,1581.3143515586853,-0.4074377,
3681,1581.7380542755127,-0.33121702,
3682,1582.1612617969513,-0.03906391,
3683,1582.5870745182037,-0.0,
3684,1583.009545326233,-0.73704696,
3685,1583.4343338012695,-0.009526443,
3686,1583.857717514038,-0.102774695,
3687,1584.2825436592102,-0.08851346,
3688,1584.706881761551,-1.3651465,
3689,1585.129007101059,-0.0,
3690,1585.5537281036377,-0.0,
3691,1585.9763395786285,-0.21684915,
3692,1586.4007642269135,-0.011821855,
3693,1586.8252518177032,-0.031197354,
3694,1587.2491734027863,-0.014758485,
3695,1587.6724107265472,-0.0,
3696,1588.074738740921,-0.07404388,
3697,1588.565301656723,-0.24990793,
3698,1588.9868695735931,-0.22615202,
3699,1589.414298772812,-0.0,
3700,1589.8362667560577,-5.4033244e-08,
3701,1590.2628955841064,-0.044205233,
3702,1590.6857056617737,-0.17735863,
3703,1591.108740568161,-0.5413281,
3704,1591.5337405204773,-0.6172691,
3705,1591.9560766220093,-0.0,
3706,1592.3818352222443,-0.6717724,
3707,1592.8048899173737,-0.12959416,
3708,1593.2287182807922,-0.27454245,
3709,1593.652197599411,-0.034263235,
3710,1594.0762403011322,-0.14396931,
3711,1594.5010080337524,-0.0,
3712,1594.9239237308502,-0.074390545,
3713,1595.3477759361267,-0.0,
3714,1595.7704379558563,-0.1395982,
3715,1596.1952726840973,-0.0,
3716,1596.6190514564514,-0.17237282,
3717,1597.0234894752502,-0.0,
3718,1597.5200850963593,-0.086864084,
3719,1597.9417581558228,-0.0,
3720,1598.369520187378,-0.24058545,
3721,1598.791409254074,-0.5858208,
3722,1599.217411994934,-0.39588013,
3723,1599.6404600143433,-0.0009860013,
3724,1600.0644166469574,-1.0366025e-10,
3725,1600.4883773326874,-0.004125056,
3726,1600.9099836349487,-0.106581956,
3727,1601.3361053466797,-0.090778165,
3728,1601.7598295211792,-0.4608214,
3729,1602.1839396953583,-0.2318882,
3730,1602.6067547798157,-0.0,
3731,1603.029795885086,-0.026883077,
3732,1603.456208229065,-0.16586944,
3733,1603.87943983078,-0.013022487,
3734,1604.3045835494995,-0.0,
3735,1604.727903842926,-0.0,
3736,1605.1527552604675,-0.66470873,
3737,1605.577975511551,-0.55309767,
3738,1605.981395483017,-0.07909556,
3739,1606.4655282497406,-0.11075744,
3740,1606.8872570991516,-0.34471804,
3741,1607.3155777454376,-0.0,
3742,1607.7380092144012,-0.10261384,
3743,1608.1626887321472,-0.0,
3744,1608.5866837501526,-0.5178185,
3745,1609.0099549293518,-0.0,
3746,1609.4352159500122,-0.0,
3747,1609.8583853244781,-0.14699681,
3748,1610.2828958034515,-0.039288353,
3749,1610.7059400081635,-0.059493333,
3750,1611.1314520835876,-4.9340876e-08,
3751,1611.5568618774414,-0.28477344,
3752,1611.980964422226,-0.7190618,
3753,1612.4042916297913,-0.71833223,
3754,1612.8284132480621,-0.6765634,
3755,1613.2530620098114,-0.15911669,
3756,1613.6768391132355,-0.17645143,
3757,1614.1007225513458,-0.0,
3758,1614.5242471694946,-0.0,
3759,1614.9278328418732,-0.14749107,
3760,1615.4174873828888,-0.06449277,
3761,1615.8385808467865,-0.028801644,
3762,1616.2668788433075,-0.19743425,
3763,1616.6882545948029,-0.63748085,
3764,1617.1162388324738,-0.3015124,
3765,1617.5395305156708,-0.028028313,
3766,1617.9617712497711,-0.6962092,
3767,1618.3875467777252,-0.007936431,
3768,1618.810528755188,-0.0,
3769,1619.236746788025,-0.22108279,
3770,1619.6592586040497,-0.34583166,
3771,1620.0833451747894,-0.18391064,
3772,1620.5083310604095,-0.62934333,
3773,1620.9314670562744,-0.062003035,
3774,1621.3563964366913,-0.04047531,
3775,1621.7791595458984,-0.04448768,
3776,1622.2034487724304,-0.015570195,
3777,1622.6278564929962,-0.3423257,
3778,1623.0518429279327,-0.0,
3779,1623.4760644435883,-0.0,
3780,1623.8794968128204,-0.05615034,
3781,1624.3661308288574,-0.0,
3782,1624.7879302501678,-0.0,
3783,1625.217078447342,-0.033974744,
3784,1625.6377692222595,-0.49802983,
3785,1626.06396484375,-0.29624984,
3786,1626.4872677326202,-0.07995485,
3787,1626.910662651062,-0.06651768,
3788,1627.3363502025604,-0.0,
3789,1627.7581524848938,-0.5241463,
3790,1628.1850235462189,-0.0,
3791,1628.6081655025482,-0.59261596,
3792,1629.033014535904,-0.19418195,
3793,1629.4562137126923,-0.15791337,
3794,1629.878978729248,-0.18718454,
3795,1630.303490638733,-0.12516212,
3796,1630.7277102470398,-1.2172332e-05,
3797,1631.152426958084,-0.07928415,
3798,1631.5761573314667,-0.13877292,
3799,1631.9998292922974,-0.29523006,
3800,1632.42333984375,-0.3918928,
3801,1632.8278901576996,-0.0,
3802,1633.3135776519775,-0.1746223,
3803,1633.7349364757538,-0.06535733,
3804,1634.1619493961334,-0.1478487,
3805,1634.5841164588928,-0.21920055,
3806,1635.0099368095398,-0.18692367,
3807,1635.4329771995544,-0.70410645,
3808,1635.8555700778961,-0.48245353,
3809,1636.2810027599335,-0.0,
3810,1636.7040238380432,-0.0,
3811,1637.1294462680817,-0.49848127,
3812,1637.5517473220825,-0.08199107,
3813,1637.9764726161957,-0.0,
3814,1638.400420665741,-0.5322082,
3815,1638.8239994049072,-0.72734284,
3816,1639.2493019104004,-0.0,
3817,1639.6718502044678,-0.2277427,
3818,1640.0962071418762,-0.57177544,
3819,1640.5198981761932,-4.2430317e-09,
3820,1640.9445729255676,-0.0,
3821,1641.368664741516,-0.19377202,
3822,1641.7723166942596,-0.0,
3823,1642.2641270160675,-0.09319992,
3824,1642.6858968734741,-0.08471951,
3825,1643.1130611896515,-0.02439571,
3826,1643.5351650714874,-0.11109167,
3827,1643.9601502418518,-0.0005085402,
3828,1644.3839056491852,-8.667486e-08,
3829,1644.8073589801788,-0.0,
3830,1645.2316546440125,-0.0,
3831,1645.6534655094147,-0.7575899,
3832,1646.079176902771,-0.0,
3833,1646.5023171901703,-0.0,
3834,1646.926334619522,-0.4416219,
3835,1647.3506417274475,-0.011311282,
3836,1647.7735822200775,-0.14562492,
3837,1648.1975362300873,-0.30920503,
3838,1648.6216678619385,-0.0,
3839,1649.0459575653076,-0.027612424,
3840,1649.4696834087372,-0.0020445203,
3841,1649.8927328586578,-5.685354e-06,
3842,1650.3162753582,-0.1968662,
3843,1650.719928741455,-1.2185623e-05,
3844,1651.2010781764984,-0.17576024,
3845,1651.6234862804413,-0.35165173,
3846,1652.0503194332123,-0.0,
3847,1652.471849679947,-0.37260932,
3848,1652.8977630138397,-0.96124136,
3849,1653.3211240768433,-0.04577321,
3850,1653.744862794876,-0.55509454,
3851,1654.1690559387207,-0.0,
3852,1654.5912854671478,-0.02517969,
3853,1655.0173065662384,-0.0,
3854,1655.4406063556671,-0.49160582,
3855,1655.866028547287,-0.5792408,
3856,1656.2884607315063,-0.26347458,
3857,1656.7125256061554,-0.08567731,
3858,1657.1371853351593,-0.16334552,
3859,1657.5615603923798,-0.031085242,
3860,1657.9859192371368,-0.13955826,
3861,1658.4095475673676,-0.0,
3862,1658.83438372612,-0.37801436,
3863,1659.2590637207031,-0.0,
3864,1659.6633279323578,-0.0,
3865,1660.1465034484863,-0.0,
3866,1660.5682318210602,-0.10315368,
3867,1660.9960038661957,-0.35532948,
3868,1661.4180357456207,-0.0,
3869,1661.843414068222,-0.23964703,
3870,1662.2655801773071,-0.6681514,
3871,1662.6884047985077,-0.0,
3872,1663.113448858261,-0.11092106,
3873,1663.5363147258759,-0.0,
3874,1663.9618504047394,-0.09192828,
3875,1664.384070634842,-0.14137894,
3876,1664.80903506279,-0.46181765,
3877,1665.2320103645325,-0.03851439,
3878,1665.6571140289307,-0.17266794,
3879,1666.0814726352692,-1.8573537,
3880,1666.5041437149048,-1.4256747e-06,
3881,1666.9281525611877,-0.0340799,
3882,1667.3517079353333,-0.55494606,
3883,1667.776071548462,-0.0,
3884,1668.200540304184,-9.934107e-11,
3885,1668.6036694049835,-0.0,
3886,1669.0803842544556,-0.0,
3887,1669.501846075058,-0.0,
3888,1669.9293231964111,-0.0,
3889,1670.3530769348145,-0.0,
3890,1670.777483701706,-0.45194262,
3891,1671.2007071971893,-0.05449465,
3892,1671.6231861114502,-0.0,
3893,1672.0479583740234,-0.14439818,
3894,1672.4707553386688,-0.0,
3895,1672.8956921100616,-0.6056531,
3896,1673.3194637298584,-0.16963926,
3897,1673.7431690692902,-0.15512618,
3898,1674.1685779094696,-0.031143889,
3899,1674.591778755188,-0.10627147,
3900,1675.0170953273773,-1.02766615e-10,
3901,1675.4401624202728,-0.014837508,
3902,1675.8643174171448,-0.0,
3903,1676.2930014133453,-0.0,
3904,1676.7179307937622,-0.06676659,
3905,1677.1425204277039,-0.09080679,
3906,1677.5454444885254,-0.0,
3907,1678.0398635864258,-0.09947445,
3908,1678.4607434272766,-0.0,
3909,1678.8885967731476,-0.0,
3910,1679.3108847141266,-0.0,
3911,1679.7358736991882,-0.07308568,
3912,1680.1587498188019,-0.0,
3913,1680.581491947174,-0.0,
3914,1681.0076048374176,-0.18911663,
3915,1681.431060552597,-0.0,
3916,1681.8562326431274,-0.0,
3917,1682.2797830104828,-0.0,
3918,1682.7025818824768,-0.39955464,
3919,1683.1259589195251,-0.069323435,
3920,1683.550210237503,-0.22824761,
3921,1683.9747111797333,-0.0,
3922,1684.398295879364,-0.0,
3923,1684.8211314678192,-0.0,
3924,1685.2446801662445,-0.3683245,
3925,1685.6684112548828,-0.27423793,
3926,1686.0927064418793,-0.12657037,
3927,1686.4976687431335,-0.38886008,
3928,1686.9838428497314,-0.0,
3929,1687.4057273864746,-0.094645806,
3930,1687.8337240219116,-0.20765421,
3931,1688.2549834251404,-0.54588974,
3932,1688.680580854416,-0.0,
3933,1689.1042659282684,-0.33176824,
3934,1689.5278568267822,-0.012070527,
3935,1689.9530503749847,-0.4156677,
3936,1690.375242471695,-0.40758276,
3937,1690.7996063232422,-0.061514795,
3938,1691.2223262786865,-0.02095969,
3939,1691.6473915576935,-0.0790348,
3940,1692.0713720321655,-0.0,
3941,1692.4937660694122,-0.66761434,
3942,1692.9177215099335,-0.0,
3943,1693.340149641037,-0.3361997,
3944,1693.7655782699585,-0.10082956,
3945,1694.189599275589,-0.2661598,
3946,1694.6123254299164,-0.0610026,
3947,1695.0358231067657,-0.18906604,
3948,1695.4385278224945,-0.0,
3949,1695.92160654068,-0.25164077,
3950,1696.3446114063263,-1.482555e-06,
3951,1696.7716732025146,-0.0,
3952,1697.1938457489014,-0.1863686,
3953,1697.6184010505676,-0.025596166,
3954,1698.0418541431427,-0.0,
3955,1698.465747833252,-0.12752625,
3956,1698.891393661499,-0.14144424,
3957,1699.3137784004211,-0.092751175,
3958,1699.7375190258026,-0.08474653,
3959,1700.161292552948,-0.045367498,
3960,1700.5853357315063,-1.4100406,
3961,1701.009873867035,-0.0,
3962,1701.4329388141632,-0.04940375,
3963,1701.856539964676,-0.0,
3964,1702.2799217700958,-0.046203934,
3965,1702.7050490379333,-0.0800002,
3966,1703.128713607788,-0.07719139,
3967,1703.5522797107697,-0.0,
3968,1703.9757792949677,-0.15680906,
3969,1704.3795175552368,-0.42630798,
3970,1704.8685495853424,-0.5124364,
3971,1705.2901439666748,-0.2403417,
3972,1705.7163319587708,-1.1725495e-09,
3973,1706.1390686035156,-0.0,
3974,1706.5643875598907,-0.33616623,
3975,1706.9874331951141,-0.0,
3976,1707.4107191562653,-0.10255506,
3977,1707.8347389698029,-0.08712834,
3978,1708.2568354606628,-0.27511537,
3979,1708.68244099617,-0.08256663,
3980,1709.105212211609,-0.03384334,
3981,1709.5293304920197,-0.083553426,
3982,1709.9520611763,-0.15462211,
3983,1710.3759319782257,-0.19241688,
3984,1710.8015842437744,-0.14403488,
3985,1711.2246887683868,-0.13453934,
3986,1711.6508483886719,-0.06542534,
3987,1712.0731015205383,-0.2708944,
3988,1712.4973964691162,-0.0109549295,
3989,1712.9217336177826,-0.0,
3990,1713.3251857757568,-0.0,
3991,1713.8239841461182,-0.4520142,
3992,1714.2451708316803,-0.7439533,
3993,1714.6731462478638,-0.22470172,
3994,1715.0958049297333,-0.1313681,
3995,1715.5206780433655,-0.16119157,
3996,1715.9444465637207,-0.02926684,
3997,1716.3677339553833,-0.0,
3998,1716.7929248809814,-0.55576825,
3999,1717.2154693603516,-0.46903673,
4000,1717.6409661769867,-0.0,
4001,1718.064180612564,-0.07450641,
4002,1718.4878509044647,-0.0,
4003,1718.9122297763824,-0.012573063,
4004,1719.3353383541107,-0.11494281,
4005,1719.7605695724487,-0.12374377,
4006,1720.1841127872467,-1.3877437,
4007,1720.608199596405,-0.0,
4008,1721.0326700210571,-0.0,
4009,1721.456870317459,-0.43952113,
4010,1721.8817284107208,-0.0,
4011,1722.2852528095245,-0.0,
4012,1722.7625138759613,-0.0074062617,
4013,1723.1846022605896,-0.048600994,
4014,1723.6124029159546,-0.0,
4015,1724.0348210334778,-0.33879876,
4016,1724.4609706401825,-0.085535884,
4017,1724.8836874961853,-0.0,
4018,1725.3060774803162,-0.13897641,
4019,1725.730654001236,-0.17909396,
4020,1726.1532950401306,-0.08351842,
4021,1726.5787937641144,-0.07223798,
4022,1727.001951932907,-0.0,
4023,1727.42617893219,-0.010575634,
4024,1727.850105524063,-0.0,
4025,1728.2745196819305,-4.8701214e-08,
4026,1728.699658870697,-0.0,
4027,1729.1232001781464,-0.090056956,
4028,1729.54723072052,-0.06224986,
4029,1729.9703216552734,-0.46348172,
4030,1730.3940975666046,-0.21955705,
4031,1730.8180904388428,-0.46690542,
4032,1731.2217571735382,-0.5414947,
4033,1731.706562757492,-0.0,
4034,1732.1292045116425,-0.27602777,
4035,1732.556979417801,-0.1283876,
4036,1732.9797298908234,-0.35814676,
4037,1733.4047358036041,-3.6063237e-09,
4038,1733.82803273201,-0.5487979,
4039,1734.2510879039764,-0.0,
4040,1734.676608324051,-0.5234241,
4041,1735.0994625091553,-0.0,
4042,1735.5229465961456,-0.13120891,
4043,1735.9461274147034,-0.06876911,
4044,1736.3695290088654,-0.16696987,
4045,1736.794008731842,-0.0,
4046,1737.2176933288574,-0.11918494,
4047,1737.6416358947754,-0.0,
4048,1738.0646622180939,-0.0,
4049,1738.4888644218445,-0.45388258,
4050,1738.913340806961,-0.6237477,
4051,1739.3369545936584,-0.8795849,
4052,1739.7607643604279,-0.5956431,
4053,1740.1633322238922,-0.0,
4054,1740.6399419307709,-0.20773396,
4055,1741.0609035491943,-0.12613387,
4056,1741.4884357452393,-0.0,
4057,1741.9101929664612,-0.098688126,
4058,1742.3355288505554,-0.042880323,
4059,1742.7583677768707,-0.12069876,
4060,1743.1817622184753,-0.0,
4061,1743.606921195984,-0.23100778,
4062,1744.0295825004578,-0.23215368,
4063,1744.4551527500153,-0.0,
4064,1744.8772776126862,-0.0,
4065,1745.3022058010101,-0.11107767,
4066,1745.7250168323517,-0.063829206,
4067,1746.1487226486206,-0.29082087,
4068,1746.573736667633,-0.0,
4069,1746.9966690540314,-0.14138238,
4070,1747.4214878082275,-0.07811119,
4071,1747.844703912735,-0.040863905,
4072,1748.2697024345398,-0.08169747,
4073,1748.6940088272095,-0.19849181,
4074,1749.0986506938934,-0.6768618,
4075,1749.578740119934,-0.0,
4076,1750.0014164447784,-0.07384877,
4077,1750.4279816150665,-0.0,
4078,1750.8507516384125,-0.14106101,
4079,1751.2757065296173,-0.4002004,
4080,1751.6985614299774,-0.12785238,
4081,1752.1214408874512,-0.07693567,
4082,1752.5475780963898,-0.0,
4083,1752.9709901809692,-1.01888276e-10,
4084,1753.3951404094696,-0.0,
4085,1753.8184115886688,-0.0,
4086,1754.242297410965,-0.066978335,
4087,1754.66641330719,-0.0,
4088,1755.0916728973389,-0.09984559,
4089,1755.5148298740387,-0.07202554,
4090,1755.9383509159088,-0.38270012,
4091,1756.3630771636963,-1.2423398,
4092,1756.7869963645935,-0.5871632,
4093,1757.2118117809296,-0.018582445,
4094,1757.6357340812683,-0.34016725,
4095,1758.0395686626434,-0.0,
4096,1758.5221145153046,-0.014984647,
4097,1758.9437308311462,-0.0,
4098,1759.3717098236084,-0.040600248,
4099,1759.7936491966248,-0.0,
4100,1760.2177665233612,-0.15788692,
4101,1760.641551733017,-0.02139901,
4102,1761.064519405365,-1.2816967,
4103,1761.4907431602478,-0.107167974,
4104,1761.9124782085419,-0.04922979,
4105,1762.3379888534546,-0.07133267,
4106,1762.7620148658752,-0.047604192,
4107,1763.1859695911407,-0.0,
4108,1763.6101350784302,-0.046328846,
4109,1764.0329566001892,-0.038754053,
4110,1764.4568724632263,-0.833619,
4111,1764.8805406093597,-0.09979354,
4112,1765.3051249980927,-0.0,
4113,1765.728943347931,-0.123382986,
4114,1766.1518862247467,-0.0007991011,
4115,1766.575387954712,-0.0,
4116,1766.9790208339691,-0.5878326,
4117,1767.4563202857971,-0.06197243,
4118,1767.8787140846252,-0.18092063,
4119,1768.3059496879578,-0.07671107,
4120,1768.7280716896057,-0.41722083,
4121,1769.1533725261688,-0.2879795,
4122,1769.5760736465454,-0.1680165,
4123,1769.9990837574005,-0.06166155,
4124,1770.4239242076874,-0.05554278,
4125,1770.8469455242157,-0.0,
4126,1771.2715363502502,-0.0,
4127,1771.6937510967255,-0.14691024,
4128,1772.1176800727844,-1.3374114,
4129,1772.5418765544891,-0.00096946734,
4130,1772.9655449390411,-0.0,
4131,1773.3892102241516,-0.0,
4132,1773.8121547698975,-0.5126645,
4133,1774.2366728782654,-0.12492992,
4134,1774.65984582901,-0.054809265,
4135,1775.084309577942,-0.14855401,
4136,1775.5080387592316,-0.5712729,
4137,1775.9110531806946,-0.3728806,
4138,1776.4024109840393,-0.24176294,
4139,1776.824550151825,-0.45741838,
4140,1777.251195192337,-0.01596782,
4141,1777.6728222370148,-0.0,
4142,1778.0990116596222,-1.3679744e-09,
4143,1778.5225687026978,-0.0,
4144,1778.946102142334,-0.0,
4145,1779.3697938919067,-0.26044834,
4146,1779.792403936386,-0.0,
4147,1780.217455625534,-0.33165234,
4148,1780.6407837867737,-0.004147197,
4149,1781.0651035308838,-0.07825686,
4150,1781.488585472107,-0.09174636,
4151,1781.9107599258423,-0.011585602,
4152,1782.334478855133,-0.09557043,
4153,1782.7581672668457,-0.3789751,
4154,1783.1830656528473,-7.6981405e-06,
4155,1783.605937719345,-0.22055736,
4156,1784.029142856598,-0.35117024,
4157,1784.4533841609955,-0.14270929,
4158,1784.8572466373444,-0.095467165,
4159,1785.3384892940521,-0.046643663,
4160,1785.7607922554016,-0.46651453,
4161,1786.187827348709,-0.0,
4162,1786.6098773479462,-0.030817699,
4163,1787.036660194397,-0.37185997,
4164,1787.4599480628967,-0.0,
4165,1787.8835694789886,-0.0,
4166,1788.3075740337372,-0.0,
4167,1788.7305402755737,-0.13005613,
4168,1789.155473947525,-0.38747948,
4169,1789.5801277160645,-0.045501314,
4170,1790.0038485527039,-0.55300796,
4171,1790.4268548488617,-0.24014294,
4172,1790.8501830101013,-0.0,
4173,1791.2749998569489,-0.0,
4174,1791.6989660263062,-0.08717829,
4175,1792.1228721141815,-0.0,
4176,1792.5464272499084,-0.10147554,
4177,1792.969365119934,-0.24150452,
4178,1793.3949391841888,-0.0,
4179,1793.7992975711823,-0.27993864,
4180,1794.286591053009,-0.21972588,
4181,1794.7072672843933,-0.51995885,
4182,1795.1356790065765,-0.24275185,
4183,1795.5579652786255,-0.0070953644,
4184,1795.9831643104553,-0.015454675,
4185,1796.4068746566772,-0.08880097,
4186,1796.8298044204712,-0.1321389,
4187,1797.2553811073303,-0.008966101,
4188,1797.6785128116608,-0.0,
4189,1798.1027610301971,-0.0,
4190,1798.5255453586578,-0.0,
4191,1798.9493308067322,-0.79240954,
4192,1799.3736763000488,-0.0,
4193,1799.7965800762177,-0.17949834,
4194,1800.2213125228882,-0.04897416,
4195,1800.6437759399414,-0.066346295,
4196,1801.0679128170013,-0.038638517,
4197,1801.4921176433563,-1.0708889,
4198,1801.9161937236786,-0.0,
4199,1802.3395590782166,-0.0,
4200,1802.742731809616,-0.0,
4201,1803.241977930069,-0.00045258974,
4202,1803.6639890670776,-0.49973154,
4203,1804.0915451049805,-0.0065463916,
4204,1804.5141825675964,-0.05444742,
4205,1804.9389715194702,-0.0,
4206,1805.3615095615387,-0.063360095,
4207,1805.7845239639282,-0.18797748,
4208,1806.2092933654785,-0.0,
4209,1806.6321675777435,-0.6312148,
4210,1807.057396888733,-0.4696644,
4211,1807.4801456928253,-0.03947474,
4212,1807.9037477970123,-0.4614637,
4213,1808.3284018039703,-0.06048472,
4214,1808.7527446746826,-0.1709916,
4215,1809.1769094467163,-0.012772436,
4216,1809.599464416504,-0.03436395,
4217,1810.0242869853973,-0.049302645,
4218,1810.4478132724762,-2.0204963e-10,
4219,1810.8716807365417,-0.0,
4220,1811.2954995632172,-0.1587,
4221,1811.6986830234528,-0.002353732,
4222,1812.1961290836334,-0.0,
4223,1812.617069721222,-0.00054287555,
4224,1813.0449917316437,-0.0,
4225,1813.4667267799377,-0.02026666,
4226,1813.8938193321228,-0.6259943,
4227,1814.3161752223969,-0.0,
4228,1814.7385213375092,-0.0,
4229,1815.1633079051971,-0.14487964,
4230,1815.5856366157532,-0.35002726,
4231,1816.01127576828,-0.0,
4232,1816.4341495037079,-0.16181245,
4233,1816.8589296340942,-0.46253705,
4234,1817.2826747894287,-0.6700653,
4235,1817.7070603370667,-0.06590556,
4236,1818.1318533420563,-0.09783967,
4237,1818.5543611049652,-0.52647054,
4238,1818.9791083335876,-0.006801567,
4239,1819.4027276039124,-0.07462722,
4240,1819.8272695541382,-0.0,
4241,1820.250782251358,-0.0,
4242,1820.6544244289398,-0.0,
4243,1821.1372961997986,-0.0,
4244,1821.5588898658752,-0.6730941,
4245,1821.986330986023,-0.31769583,
4246,1822.4083850383759,-0.0,
4247,1822.834257364273,-0.29732805,
4248,1823.2567148208618,-0.0,
4249,1823.6799619197845,-0.41303688,
4250,1824.1058394908905,-0.19581619,
4251,1824.5289568901062,-0.40994853,
4252,1824.9545576572418,-0.0,
4253,1825.3767263889313,-0.052291572,
4254,1825.8020310401917,-0.086176984,
4255,1826.2259805202484,-0.3984462,
4256,1826.6499626636505,-0.0,
4257,1827.0734567642212,-0.0,
4258,1827.495759010315,-0.0,
4259,1827.9200189113617,-0.12101021,
4260,1828.343162059784,-0.0,
4261,1828.7683725357056,-0.198979,
4262,1829.1911730766296,-0.014237831,
4263,1829.5948531627655,-0.0,
4264,1830.0738499164581,-0.0,
4265,1830.498105764389,-0.013805446,
4266,1830.9249866008759,-0.061122835,
4267,1831.3476738929749,-0.0,
4268,1831.772096157074,-0.0,
4269,1832.1954398155212,-0.038937833,
4270,1832.6185688972473,-0.006840726,
4271,1833.0437848567963,-0.14304852,
4272,1833.4667851924896,-0.8796484,
4273,1833.8910269737244,-0.99614006,
4274,1834.313705444336,-0.46899232,
4275,1834.7371656894684,-0.9481008,
4276,1835.1615045070648,-0.6285031,
4277,1835.5854198932648,-0.07753132,
4278,1836.0091526508331,-0.038582794,
4279,1836.4320483207703,-0.17424792,
4280,1836.8555948734283,-0.4181989,
4281,1837.2802114486694,-0.5702716,
4282,1837.70414352417,-0.046759717,
4283,1838.1277391910553,-0.016007848,
4284,1838.5317211151123,-0.33925664,
4285,1839.017169713974,-0.3392168,
4286,1839.4392714500427,-0.08207083,
4287,1839.8687539100647,-0.13264683,
4288,1840.2896671295166,-0.38707012,
4289,1840.7150809764862,-0.3509361,
4290,1841.1387662887573,-0.0,
4291,1841.5612924098969,-0.13857524,
4292,1841.986866235733,-0.24016428,
4293,1842.4078316688538,-0.0940325,
4294,1842.8331696987152,-0.13879348,
4295,1843.256591796875,-0.057970922,
4296,1843.6800515651703,-0.14505291,
4297,1844.1046750545502,-0.0,
4298,1844.5268893241882,-0.0047153975,
4299,1844.9520380496979,-0.0025848283,
4300,1845.3756413459778,-0.0,
4301,1845.7998402118683,-0.0,
4302,1846.2240934371948,-0.19127421,
4303,1846.6461534500122,-0.13042185,
4304,1847.070858001709,-0.13292018,
4305,1847.473748922348,-0.0,
4306,1847.969263792038,-0.5386311,
4307,1848.3913295269012,-0.11724049,
4308,1848.8181900978088,-0.0,
4309,1849.2403962612152,-0.0,
4310,1849.6661705970764,-0.089774,
4311,1850.089928150177,-0.0033350457,
4312,1850.5142133235931,-0.059749935,
4313,1850.9391050338745,-0.2885571,
4314,1851.3617942333221,-0.0,
4315,1851.786102771759,-0.0031454847,
4316,1852.2094876766205,-0.0057065496,
4317,1852.634559392929,-0.27530867,
4318,1853.059571504593,-0.37866855,
4319,1853.4838721752167,-0.02419666,
4320,1853.9084105491638,-0.0,
4321,1854.3316473960876,-0.0,
4322,1854.7559394836426,-0.0,
4323,1855.1802985668182,-0.13548218,
4324,1855.6042511463165,-0.23842299,
4325,1856.028396844864,-0.32487017,
4326,1856.4319727420807,-0.0,
4327,1856.9202468395233,-0.049530823,
4328,1857.3413863182068,-0.06360634,
4329,1857.7685396671295,-0.05580143,
4330,1858.190395116806,-0.06135831,
4331,1858.6165027618408,-0.019712023,
4332,1859.0399854183197,-0.0,
4333,1859.4628007411957,-0.18553692,
4334,1859.8874776363373,-0.14001235,
4335,1860.3112905025482,-0.09399671,
4336,1860.736584186554,-0.0,
4337,1861.1593556404114,-0.0,
4338,1861.584508895874,-0.0,
4339,1862.0075068473816,-0.0,
4340,1862.4310817718506,-0.108795986,
4341,1862.8567531108856,-0.1963984,
4342,1863.2793114185333,-0.54220605,
4343,1863.70409989357,-0.0,
4344,1864.1269626617432,-0.0,
4345,1864.551770210266,-0.0,
4346,1864.976089000702,-0.0,
4347,1865.3796689510345,-0.0,
4348,1865.8745775222778,-0.0,
4349,1866.2965359687805,-0.0,
4350,1866.7243828773499,-0.09687762,
4351,1867.146740436554,-0.0,
4352,1867.5734491348267,-0.14951506,
4353,1867.997609615326,-0.0,
4354,1868.421128988266,-0.0,
4355,1868.847797870636,-0.0,
4356,1869.2706651687622,-0.024303397,
4357,1869.6962637901306,-0.0,
4358,1870.1187415122986,-0.23886058,
4359,1870.543508529663,-0.42615962,
4360,1870.9682040214539,-0.29444212,
4361,1871.3918573856354,-0.046615105,
4362,1871.8168950080872,-0.36727887,
4363,1872.2396974563599,-0.0,
4364,1872.6649980545044,-0.32549632,
4365,1873.0904049873352,-0.6229044,
4366,1873.5141143798828,-0.0,
4367,1873.938553571701,-0.0,
4368,1874.3420252799988,-0.03808005,
4369,1874.8332481384277,-0.05323652,
4370,1875.2546343803406,-0.09617136,
4371,1875.6824703216553,-0.7095765,
4372,1876.1047332286835,-0.0,
4373,1876.5313143730164,-0.0,
4374,1876.9544847011566,-8.553768e-05,
4375,1877.377167224884,-0.008104587,
4376,1877.8020720481873,-0.0,
4377,1878.225873708725,-0.0,
4378,1878.652511358261,-0.0,
4379,1879.0743362903595,-0.06804913,
4380,1879.4994506835938,-0.65540415,
4381,1879.9240400791168,-0.0,
4382,1880.3479998111725,-0.0,
4383,1880.7727024555206,-0.25001588,
4384,1881.196056842804,-0.38365993,
4385,1881.6204435825348,-0.0,
4386,1882.0446736812592,-0.0,
4387,1882.4688954353333,-0.0,
4388,1882.8928339481354,-0.2410784,
4389,1883.2962322235107,-0.6383802,
4390,1883.7820148468018,-0.2512898,
4391,1884.2039098739624,-0.01550056,
4392,1884.6326913833618,-0.0,
4393,1885.0541965961456,-0.19432208,
4394,1885.480901479721,-0.04418101,
4395,1885.9041666984558,-0.3034161,
4396,1886.3283348083496,-0.020091347,
4397,1886.7536334991455,-0.05448226,
4398,1887.1751918792725,-0.3709239,
4399,1887.6021664142609,-0.14495805,
4400,1888.0248787403107,-0.0,
4401,1888.4500176906586,-0.34765065,
4402,1888.873195886612,-0.22579344,
4403,1889.2962493896484,-0.0,
4404,1889.7205829620361,-0.0,
4405,1890.1437153816223,-0.108164094,
4406,1890.5689623355865,-0.0,
4407,1890.9921534061432,-0.654214,
4408,1891.4162065982819,-0.65837014,
4409,1891.840812921524,-0.040598765,
4410,1892.2449865341187,-0.33388832,
4411,1892.7336795330048,-0.101255104,
4412,1893.155190229416,-0.0,
4413,1893.582353591919,-0.03920202,
4414,1894.0053477287292,-0.1321864,
4415,1894.430410861969,-0.0,
4416,1894.8529448509216,-0.36287212,
4417,1895.276424407959,-0.0,
4418,1895.701010942459,-0.0053133285,
4419,1896.1250607967377,-0.07475073,
4420,1896.5493249893188,-0.0,
4421,1896.9726037979126,-0.0,
4422,1897.3969814777374,-0.16617961,
4423,1897.8204736709595,-0.24177198,
4424,1898.2453508377075,-0.0,
4425,1898.6690979003906,-0.43306816,
4426,1899.0925498008728,-0.16967273,
4427,1899.5162844657898,-0.11803118,
4428,1899.9401597976685,-0.0,
4429,1900.3653392791748,-0.006121798,
4430,1900.7884018421173,-0.1090457,
4431,1901.1927800178528,-0.16245481,
4432,1901.690720796585,-0.051398665,
4433,1902.1123864650726,-0.08938439,
4434,1902.5392723083496,-0.057453193,
4435,1902.961743593216,-0.0,
4436,1903.3866527080536,-0.25064433,
4437,1903.8089606761932,-0.0,
4438,1904.2319340705872,-0.041616783,
4439,1904.6577310562134,-0.0,
4440,1905.079948425293,-0.044253774,
4441,1905.5052449703217,-0.042143866,
4442,1905.927315711975,-0.33562952,
4443,1906.3511338233948,-0.0,
4444,1906.7759463787079,-0.00040600175,
4445,1907.1992785930634,-0.23833644,
4446,1907.6241240501404,-0.0,
4447,1908.0466785430908,-0.09095244,
4448,1908.4711871147156,-0.13219728,
4449,1908.8954343795776,-0.0,
4450,1909.3197212219238,-0.0,
4451,1909.7436153888702,-0.30339316,
4452,1910.1463668346405,-0.33133435,
4453,1910.6336731910706,-0.0,
4454,1911.0552084445953,-0.15884297,
4455,1911.4841737747192,-0.9118608,
4456,1911.9048609733582,-0.43532193,
4457,1912.329954624176,-0.0,
4458,1912.7540793418884,-0.06797512,
4459,1913.1771714687347,-0.022707665,
4460,1913.6019403934479,-1.0492545,
4461,1914.0242791175842,-0.08521591,
4462,1914.4500272274017,-0.24920353,
4463,1914.8737938404083,-0.0031687927,
4464,1915.2992660999298,-0.042138986,
4465,1915.7239322662354,-0.111966215,
4466,1916.1469388008118,-0.068317845,
4467,1916.5710670948029,-0.0,
4468,1916.994488954544,-0.44645178,
4469,1917.4194309711456,-0.06301218,
4470,1917.84183883667,-0.0,
4471,1918.265899181366,-0.0,
4472,1918.6892004013062,-0.3121873,
4473,1919.09250497818,-0.10820331,
4474,1919.584053993225,-0.012486739,
4475,1920.0053560733795,-3.056648e-10,
4476,1920.432609319687,-0.107579455,
4477,1920.8544335365295,-0.0,
4478,1921.2803225517273,-0.0,
4479,1921.7035269737244,-0.093559034,
4480,1922.125904560089,-0.15157521,
4481,1922.5515525341034,-0.56556624,
4482,1922.9740719795227,-0.0,
4483,1923.3993756771088,-0.0,
4484,1923.8225846290588,-0.5636875,
4485,1924.2457869052887,-0.07733589,
4486,1924.6698553562164,-0.039595015,
4487,1925.093557357788,-9.762789e-09,
4488,1925.5182085037231,-0.10927969,
4489,1925.9408831596375,-0.04867476,
4490,1926.3641409873962,-0.00017942059,
4491,1926.788647890091,-0.24938154,
4492,1927.2120480537415,-0.18422711,
4493,1927.6365542411804,-0.63672644,
4494,1928.0400569438934,-0.002424344,
4495,1928.516523361206,-0.12120471,
4496,1928.9383759498596,-0.32567176,
4497,1929.3658328056335,-0.14757566,
4498,1929.7896494865417,-0.0043385727,
4499,1930.215529203415,-0.92683476,
4500,1930.6396610736847,-0.020474067,
4501,1931.061998128891,-0.49147397,
4502,1931.4879825115204,-0.0,
4503,1931.9112675189972,-0.0,
4504,1932.3370473384857,-0.080780126,
4505,1932.759795665741,-0.023552496,
4506,1933.183807849884,-0.0,
4507,1933.6094272136688,-0.050076663,
4508,1934.0333170890808,-0.03406694,
4509,1934.457675933838,-0.0,
4510,1934.8801946640015,-0.7704974,
4511,1935.3046724796295,-0.026267584,
4512,1935.7293848991394,-0.03381812,
4513,1936.1531500816345,-0.23777783,
4514,1936.5768654346466,-0.0,
4515,1936.9804809093475,-0.0,
4516,1937.4744637012482,-0.04659093,
4517,1937.8956134319305,-0.06263637,
4518,1938.3229598999023,-0.0,
4519,1938.7456130981445,-0.8595311,
4520,1939.171298980713,-0.14029756,
4521,1939.5944979190826,-0.067375,
4522,1940.0172102451324,-0.21945146,
4523,1940.4422702789307,-0.043591846,
4524,1940.8648130893707,-0.32238537,
4525,1941.2899107933044,-0.27544326,
4526,1941.7127842903137,-0.0,
4527,1942.1373829841614,-0.23649716,
4528,1942.5625092983246,-0.0,
4529,1942.9857153892517,-0.0,
4530,1943.4110956192017,-0.2718692,
4531,1943.8340768814087,-0.04327274,
4532,1944.25781083107,-0.048732195,
4533,1944.681545972824,-0.0,
4534,1945.1054770946503,-0.005903749,
4535,1945.529861688614,-0.20913053,
4536,1945.9334120750427,-0.0,
4537,1946.4171161651611,-1.3246772e-07,
4538,1946.8402156829834,-0.0,
4539,1947.2670004367828,-0.028801594,
4540,1947.6897330284119,-0.019178052,
4541,1948.1146712303162,-0.0,
4542,1948.537363767624,-0.26466316,
4543,1948.9608352184296,-0.06478173,
4544,1949.3862314224243,-0.1749507,
4545,1949.8089423179626,-0.0,
4546,1950.233183145523,-0.0,
4547,1950.6559998989105,-0.39343184,
4548,1951.0801653862,-0.0,
4549,1951.5057518482208,-0.16788372,
4550,1951.9292290210724,-0.019549368,
4551,1952.3537051677704,-0.073658906,
4552,1952.7773854732513,-0.053429343,
4553,1953.201655626297,-0.0,
4554,1953.6262683868408,-0.0,
4555,1954.04980635643,-0.13126254,
4556,1954.4732029438019,-0.11470095,
4557,1954.8766868114471,-0.022238772,
4558,1955.3547279834747,-0.18349399,
4559,1955.7768762111664,-0.0,
4560,1956.2049238681793,-0.046061467,
4561,1956.6265280246735,-0.068812184,
4562,1957.052861213684,-0.28394222,
4563,1957.4759528636932,-0.19608566,
4564,1957.8990640640259,-0.06652028,
4565,1958.3253169059753,-0.11669759,
4566,1958.7473769187927,-0.33827332,
4567,1959.1727933883667,-0.22992447,
4568,1959.5959758758545,-0.82276607,
4569,1960.0209703445435,-0.073561236,
4570,1960.4448478221893,-0.00083105045,
4571,1960.8677051067352,-0.0,
4572,1961.2922983169556,-0.0,
4573,1961.7151651382446,-0.035551827,
4574,1962.139820575714,-0.031180754,
4575,1962.5642807483673,-0.07892495,
4576,1962.9878532886505,-0.0,
4577,1963.4128170013428,-0.09122068,
4578,1963.8157114982605,-0.0,
4579,1964.2914299964905,-0.0,
4580,1964.7129967212677,-0.1383833,
4581,1965.1405181884766,-0.03486266,
4582,1965.562875509262,-0.0,
4583,1965.9888348579407,-0.04085161,
4584,1966.4116187095642,-0.0,
4585,1966.8341431617737,-0.14561573,
4586,1967.2607154846191,-0.0,
4587,1967.683343410492,-0.21357138,
4588,1968.1083843708038,-0.0,
4589,1968.530880689621,-0.5546855,
4590,1968.9550740718842,-0.06303976,
4591,1969.3797793388367,-0.0,
4592,1969.803388118744,-0.46775788,
4593,1970.227222919464,-0.0,
4594,1970.6510903835297,-0.0,
4595,1971.0761501789093,-0.0,
4596,1971.499235868454,-0.0,
4597,1971.9241905212402,-0.04264205,
4598,1972.347475528717,-0.0,
4599,1972.7516162395477,-0.6143649,
4600,1973.2339487075806,-0.0,
4601,1973.6558647155762,-0.0,
4602,1974.0845878124237,-0.0006860451,
4603,1974.5057082176208,-0.0,
4604,1974.9317281246185,-0.023910202,
4605,1975.354383468628,-0.0,
4606,1975.7776329517365,-0.37315437,
4607,1976.2031333446503,-5.087502e-07,
4608,1976.6247301101685,-0.89678085,
4609,1977.0495064258575,-0.0,
4610,1977.47265958786,-0.0,
4611,1977.8977806568146,-0.0,
4612,1978.3214931488037,-0.6310042,
4613,1978.7442593574524,-0.4461857,
4614,1979.1690051555634,-0.0,
4615,1979.5915653705597,-0.0143575845,
4616,1980.0165276527405,-0.09304099,
4617,1980.4399619102478,-0.63957775,
4618,1980.8640820980072,-0.42302078,
4619,1981.2885339260101,-0.25381553,
4620,1981.6916480064392,-0.0,
4621,1982.1885492801666,-0.36943978,
4622,1982.6102879047394,-0.18044055,
4623,1983.0389437675476,-0.06390078,
4624,1983.460330247879,-0.5580119,
4625,1983.8867156505585,-0.17798714,
4626,1984.3097653388977,-0.85403836,
4627,1984.7338252067566,-0.0707216,
4628,1985.159373998642,-0.0,
4629,1985.5813875198364,-0.0053168745,
4630,1986.007253408432,-0.65812564,
4631,1986.4297816753387,-0.056724865,
4632,1986.855220079422,-0.13792932,
4633,1987.279078245163,-0.10867383,
4634,1987.7015450000763,-0.2935092,
4635,1988.1268281936646,-0.047175582,
4636,1988.5494837760925,-0.0,
4637,1988.9743256568909,-0.14323221,
4638,1989.398180961609,-0.42405844,
4639,1989.8220670223236,-0.21182063,
4640,1990.2457525730133,-0.15171713,
4641,1990.649959564209,-0.042052824,
4642,1991.131314754486,-0.09483848,
4643,1991.5534522533417,-0.0,
4644,1991.9818696975708,-1.4852171e-08,
4645,1992.4031624794006,-0.039333876,
4646,1992.8279867172241,-7.2019764e-05,
4647,1993.2521061897278,-0.19733585,
4648,1993.6754021644592,-9.770575e-06,
4649,1994.0998876094818,-0.068465576,
4650,1994.5222063064575,-0.69173133,
4651,1994.948454618454,-0.5930511,
4652,1995.3718876838684,-0.0,
4653,1995.7964169979095,-0.0,
4654,1996.2200803756714,-0.018044392,
4655,1996.643671989441,-0.19569638,
4656,1997.0686416625977,-0.0,
4657,1997.4922251701355,-0.2534777,
4658,1997.9162802696228,-0.0,
4659,1998.338998556137,-0.0,
4660,1998.7633607387543,-0.01277886,
4661,1999.1876747608185,-0.0,
4662,1999.591553926468,-0.07414107,
4663,2000.0572476387024,-0.67142004,
4664,2000.4781992435455,-0.4605489,
4665,2000.9063704013824,-1.0506384,
4666,2001.3286006450653,-0.09995036,
4667,2001.7539875507355,-0.20102167,
4668,2002.1771833896637,-0.051448863,
4669,2002.5990135669708,-0.0,
4670,2003.0238027572632,-2.5921463e-07,
4671,2003.4472708702087,-0.0,
4672,2003.872610092163,-0.0,
4673,2004.2954268455505,-0.0,
4674,2004.719108581543,-0.0,
4675,2005.1425819396973,-0.3520148,
4676,2005.5664715766907,-0.0014133805,
4677,2005.9907212257385,-0.0,
4678,2006.4136414527893,-0.1051029,
4679,2006.8384890556335,-0.0,
4680,2007.261239528656,-0.02449465,
4681,2007.685958623886,-0.21775322,
4682,2008.1100175380707,-0.53150564,
4683,2008.513264656067,-0.0,
4684,2008.9825494289398,-0.20248774,
4685,2009.4052736759186,-0.0,
4686,2009.8340356349945,-0.0,
4687,2010.2580168247223,-0.0,
4688,2010.6834003925323,-0.0,
4689,2011.1082301139832,-0.0,
4690,2011.5312559604645,-0.0,
4691,2011.9564168453217,-1.0936193,
4692,2012.3784024715424,-0.06577199,
4693,2012.8041157722473,-0.0,
4694,2013.227695465088,-0.0,
4695,2013.6518733501434,-0.0,
4696,2014.0752384662628,-0.37326545,
4697,2014.4982511997223,-0.044430185,
4698,2014.9238212108612,-0.35747376,
4699,2015.3466486930847,-0.41203633,
4700,2015.7708146572113,-0.2486649,
4701,2016.1938831806183,-0.0,
4702,2016.617261171341,-0.06873271,
4703,2017.0417885780334,-0.28706092,
4704,2017.4460895061493,-0.0,
4705,2017.920806646347,-0.28231242,
4706,2018.3431882858276,-0.0,
4707,2018.7718741893768,-0.0,
4708,2019.1932122707367,-0.0687227,
4709,2019.618111371994,-0.064143196,
4710,2020.0420126914978,-0.03604146,
4711,2020.4653632640839,-0.13859767,
4712,2020.8897716999054,-0.44045758,
4713,2021.3122260570526,-0.94566566,
4714,2021.7373774051666,-0.050194256,
4715,2022.1605894565582,-0.0,
4716,2022.5860373973846,-0.0,
4717,2023.0099349021912,-0.5633157,
4718,2023.43243765831,-1.9868211e-10,
4719,2023.8581240177155,-0.13685998,
4720,2024.282821893692,-0.0,
4721,2024.7079310417175,-0.0796257,
4722,2025.130938053131,-0.34175768,
4723,2025.555067062378,-0.0,
4724,2025.979840517044,-0.10495327,
4725,2026.3840355873108,-0.0,
4726,2026.8655366897583,-0.12095316,
4727,2027.287098646164,-1.1170973,
4728,2027.714345216751,-0.0,
4729,2028.1370451450348,-0.23228863,
4730,2028.5630712509155,-0.0,
4731,2028.9864377975464,-2.132196e-09,
4732,2029.4087479114532,-0.06529433,
4733,2029.834468126297,-0.04972451,
4734,2030.2570531368256,-0.04330236,
4735,2030.6841027736664,-0.0,
4736,2031.1068077087402,-0.0,
4737,2031.5300216674805,-0.0,
4738,2031.9542498588562,-0.0,
4739,2032.378045797348,-0.038352735,
4740,2032.8028655052185,-0.37868458,
4741,2033.2252449989319,-0.0,
4742,2033.649352312088,-0.12566784,
4743,2034.073555469513,-0.07301076,
4744,2034.4981353282928,-0.009323229,
4745,2034.9221589565277,-0.39014232,
4746,2035.3252980709076,-0.0,
4747,2035.8027348518372,-0.0,
4748,2036.2242360115051,-0.0,
4749,2036.6515698432922,-7.2518667e-09,
4750,2037.074523448944,-0.007889395,
4751,2037.4997143745422,-0.0,
4752,2037.923301935196,-0.0,
4753,2038.3465819358826,-0.8232134,
4754,2038.7711560726166,-0.03684893,
4755,2039.1949832439423,-0.13644975,
4756,2039.6207349300385,-0.0,
4757,2040.0440874099731,-0.0,
4758,2040.4678750038147,-0.03523507,
4759,2040.8915660381317,-0.31993234,
4760,2041.3157269954681,-0.08773978,
4761,2041.7402174472809,-0.0,
4762,2042.1644175052643,-0.031672902,
4763,2042.5884907245636,-0.58172905,
4764,2043.0132510662079,-0.0011802193,
4765,2043.4374318122864,-0.0,
4766,2043.8609914779663,-0.116290376,
4767,2044.2646434307098,-0.08568161,
4768,2044.7451791763306,-0.12436775,
4769,2045.1673212051392,-0.0,
4770,2045.5955080986023,-0.0,
4771,2046.0176799297333,-0.13194741,
4772,2046.4439134597778,-0.0043695164,
4773,2046.8671193122864,-9.934101e-10,
4774,2047.291217327118,-0.04081247,
4775,2047.7165596485138,-0.0,
4776,2048.1395893096924,-0.0,
4777,2048.564519405365,-0.0,
4778,2048.988310813904,-0.1929675,
4779,2049.412835597992,-0.06681554,
4780,2049.8369088172913,-0.118293904,
4781,2050.2605290412903,-0.034913667,
4782,2050.6854989528656,-0.016639875,
4783,2051.1083483695984,-0.0,
4784,2051.533672809601,-0.31119707,
4785,2051.9565193653107,-0.0,
4786,2052.380129337311,-0.047817744,
4787,2052.80420589447,-0.0,
4788,2053.207576274872,-1.4514462,
4789,2053.695784330368,-0.0,
4790,2054.1172235012054,-0.0,
4791,2054.5457677841187,-0.0,
4792,2054.9693286418915,-0.0,
4793,2055.3951880931854,-0.0,
4794,2055.8182883262634,-0.0,
4795,2056.241908788681,-0.6209614,
4796,2056.6670594215393,-0.0,
4797,2057.0904660224915,-0.0,
4798,2057.516406059265,-0.09211856,
4799,2057.939325094223,-0.19062713,
4800,2058.3633065223694,-0.102527276,
4801,2058.7883429527283,-0.71965516,
4802,2059.2126200199127,-0.0,
4803,2059.6380202770233,-0.3848554,
4804,2060.06085062027,-0.0,
4805,2060.4864888191223,-0.0,
4806,2060.9101655483246,-1.0475627e-07,
4807,2061.3352551460266,-0.01945185,
4808,2061.7594130039215,-0.0,
4809,2062.1623964309692,-1.4512423e-09,
4810,2062.645915031433,-0.522021,
4811,2063.0690290927887,-0.0,
4812,2063.4977476596832,-0.088005215,
4813,2063.9190006256104,-0.06707568,
4814,2064.3444545269012,-0.0,
4815,2064.7687695026398,-0.0,
4816,2065.192334651947,-0.11397771,
4817,2065.6166694164276,-0.0,
4818,2066.0392985343933,-0.443322,
4819,2066.465185403824,-0.0,
4820,2066.8898384571075,-0.0,
4821,2067.3135137557983,-0.0,
4822,2067.7378375530243,-0.1853643,
4823,2068.161069869995,-0.021985047,
4824,2068.585599422455,-0.0,
4825,2069.011960029602,-0.24992764,
4826,2069.4376153945923,-0.11039148,
4827,2069.8623366355896,-0.052234303,
4828,2070.2859337329865,-0.0,
4829,2070.7110319137573,-0.29395398,
4830,2071.1155285835266,-0.0,
4831,2071.59313082695,-0.048862882,
4832,2072.014317512512,-0.020602033,
4833,2072.4427354335785,-0.0,
4834,2072.8646824359894,-0.08057231,
4835,2073.2906968593597,-0.106371805,
4836,2073.7131855487823,-0.7117259,
4837,2074.136400938034,-0.0,
4838,2074.5628776550293,-0.0,
4839,2074.985553264618,-0.4567606,
4840,2075.4113054275513,-0.0,
4841,2075.8337845802307,-0.045886718,
4842,2076.2582738399506,-0.0,
4843,2076.684159755707,-0.09452434,
4844,2077.107964992523,-0.26569113,
4845,2077.532555580139,-0.7827813,
4846,2077.955672979355,-0.054450497,
4847,2078.379953622818,-0.030200582,
4848,2078.8043270111084,-0.0,
4849,2079.228202819824,-0.17565694,
4850,2079.6523110866547,-0.0,
4851,2080.0565881729126,-0.0,
4852,2080.5502157211304,-0.7169709,
4853,2080.971556663513,-0.42248783,
4854,2081.400730371475,-0.00636709,
4855,2081.8221650123596,-0.0,
4856,2082.248036623001,-0.02431776,
4857,2082.6713955402374,-0.44810167,
4858,2083.0936777591705,-0.0,
4859,2083.5198771953583,-0.0,
4860,2083.9423320293427,-0.08205504,
4861,2084.3686730861664,-0.0,
4862,2084.7912137508392,-0.0,
4863,2085.2167665958405,-0.1712921,
4864,2085.6408920288086,-0.10034704,
4865,2086.065113067627,-0.0,
4866,2086.4891533851624,-0.0,
4867,2086.9123344421387,-0.014701957,
4868,2087.3367302417755,-0.0,
4869,2087.7607085704803,-0.0,
4870,2088.1847865581512,-0.0,
4871,2088.6090500354767,-0.0,
4872,2089.0127725601196,-0.2232938,
4873,2089.4932146072388,-0.47251987,
4874,2089.9158980846405,-0.0,
4875,2090.343061685562,-0.0,
4876,2090.765341758728,-0.13659541,
4877,2091.1910305023193,-0.34241173,
4878,2091.614542245865,-0.0897847,
4879,2092.0386531352997,-0.4742149,
4880,2092.4636108875275,-0.2855206,
4881,2092.885876893997,-0.0,
4882,2093.3115174770355,-0.48954034,
4883,2093.734580039978,-0.0,
4884,2094.159785747528,-0.0,
4885,2094.5840549468994,-0.2200352,
4886,2095.0075075626373,-0.05278956,
4887,2095.4323172569275,-0.2899818,
4888,2095.8563747406006,-7.866327e-07,
4889,2096.28200173378,-0.3041194,
4890,2096.7055130004883,-0.0,
4891,2097.130152463913,-0.0,
4892,2097.554986000061,-0.0,
4893,2097.959881067276,-0.021895785,
4894,2098.438585996628,-0.107009575,
4895,2098.860404729843,-0.007386425,
4896,2099.2892441749573,-0.0,
4897,2099.7106630802155,-0.2360416,
4898,2100.1379067897797,-0.2776615,
4899,2100.5620250701904,-0.0416732,
4900,2100.984619140625,-0.0,
4901,2101.4097418785095,-0.35657388,
4902,2101.832810640335,-0.0,
4903,2102.258875608444,-0.14755976,
4904,2102.682457923889,-0.1261007,
4905,2103.106993675232,-0.033289764,
4906,2103.5313005447388,-0.21247104,
4907,2103.9557955265045,-0.0,
4908,2104.3807229995728,-0.24312632,
4909,2104.803056001663,-0.49212337,
4910,2105.227160215378,-0.0071729943,
4911,2105.650838136673,-0.6752211,
4912,2106.0756797790527,-0.0,
4913,2106.4996089935303,-0.8492529,
4914,2106.9035592079163,-0.2604145,
4915,2107.4066846370697,-0.09833704,
4916,2107.8292219638824,-0.0,
4917,2108.2579398155212,-0.06439591,
4918,2108.6801998615265,-0.029515704,
4919,2109.106941461563,-0.09832551,
4920,2109.5318038463593,-0.14789812,
4921,2109.9563031196594,-0.0,
4922,2110.3816845417023,-0.0,
4923,2110.8039162158966,-0.0,
4924,2111.2308344841003,-0.04244693,
4925,2111.6545960903168,-0.7143567,
4926,2112.0794475078583,-0.09808463,
4927,2112.5031366348267,-0.5468147,
4928,2112.9268338680267,-0.22969323,
4929,2113.3526678085327,-0.44747496,
4930,2113.776970386505,-0.1617022,
4931,2114.2023203372955,-0.056970306,
4932,2114.626284837723,-0.0,
4933,2115.0509960651398,-0.19710255,
4934,2115.4760975837708,-0.046668135,
4935,2115.8804762363434,-0.0,
4936,2116.378207206726,-0.37964672,
4937,2116.799429655075,-0.0,
4938,2117.2286462783813,-0.050180368,
4939,2117.650783777237,-0.0,
4940,2118.0774207115173,-0.06834147,
4941,2118.5005123615265,-0.37077996,
4942,2118.924116373062,-0.0,
4943,2119.3491892814636,-3.2885257e-09,
4944,2119.772691011429,-0.08870942,
4945,2120.197693824768,-0.3794868,
4946,2120.6202850341797,-0.08021192,
4947,2121.0449793338776,-0.053423364,
4948,2121.469983816147,-0.36218056,
4949,2121.8933234214783,-1.3115596e-05,
4950,2122.3182651996613,-0.7410132,
4951,2122.74249458313,-0.0,
4952,2123.1667613983154,-0.0,
4953,2123.5929448604584,-0.12477989,
4954,2124.016342163086,-0.0059214355,
4955,2124.439512729645,-0.014512779,
4956,2124.8438715934753,-0.0,
4957,2125.3448140621185,-1.6204945e-05,
4958,2125.7677907943726,-0.2300717,
4959,2126.1960027217865,-0.09992713,
4960,2126.61869597435,-0.395248,
4961,2127.044860124588,-0.0,
4962,2127.4686810970306,-0.0,
4963,2127.8934664726257,-0.26981506,
4964,2128.3182048797607,-0.18432164,
4965,2128.7414021492004,-0.24245027,
4966,2129.1671986579895,-0.005087153,
4967,2129.5919947624207,-0.019104159,
4968,2130.0163490772247,-0.0,
4969,2130.4413352012634,-0.01247693,
4970,2130.8662781715393,-0.6163746,
4971,2131.2915608882904,-0.2800045,
4972,2131.7156348228455,-0.0,
4973,2132.140892982483,-0.3514955,
4974,2132.565982580185,-0.0,
4975,2132.9904618263245,-0.034417547,
4976,2133.4148988723755,-0.0,
4977,2133.8195629119873,-0.35672718,
4978,2134.298251390457,-0.0,
4979,2134.7207946777344,-0.0,
4980,2135.149471282959,-0.01207904,
4981,2135.571455478668,-0.02605387,
4982,2135.997995376587,-0.014567678,
4983,2136.422100543976,-0.19749233,
4984,2136.8461062908173,-0.0,
4985,2137.2722339630127,-0.09390952,
4986,2137.694385290146,-0.06825645,
4987,2138.1198077201843,-0.30930611,
4988,2138.5432698726654,-0.0,
4989,2138.9688119888306,-0.054366022,
4990,2139.3930718898773,-0.20979503,
4991,2139.8156111240387,-0.075773634,
4992,2140.2413375377655,-0.0,
4993,2140.6650297641754,-0.0,
4994,2141.089989900589,-0.0,
4995,2141.512974500656,-0.037089445,
4996,2141.9377024173737,-0.0,
4997,2142.3621594905853,-0.01188991,
4998,2142.766132593155,-0.027616635,
4999,2143.255297899246,-0.0,
5000,2143.677874803543,-0.9954017,
5001,2144.1061022281647,-0.0,
5002,2144.5286490917206,-0.15996957,
5003,2144.95374417305,-0.0,
5004,2145.377727985382,-0.12584344,
5005,2145.802150249481,-0.0,
5006,2146.227378845215,-0.14530028,
5007,2146.6509141921997,-0.3589632,
5008,2147.0765104293823,-0.0,
5009,2147.5011715888977,-0.036502656,
5010,2147.9262804985046,-0.31769508,
5011,2148.350379705429,-0.0,
5012,2148.774677991867,-0.3102501,
5013,2149.2000613212585,-0.047382966,
5014,2149.6236033439636,-0.0,
5015,2150.0483531951904,-0.0,
5016,2150.4717934131622,-0.5807324,
5017,2150.8965413570404,-0.0,
5018,2151.321384191513,-0.0,
5019,2151.724949359894,-0.081646964,
5020,2152.2234756946564,-0.08114043,
5021,2152.6452815532684,-0.0,
5022,2153.0731422901154,-0.14586495,
5023,2153.4959893226624,-0.1048608,
5024,2153.922574520111,-0.30109042,
5025,2154.3469450473785,-0.02753124,
5026,2154.7693104743958,-0.0,
5027,2155.1952097415924,-0.07006512,
5028,2155.6189477443695,-0.19727413,
5029,2156.044787168503,-0.0,
5030,2156.4680795669556,-0.0,
5031,2156.8937525749207,-0.24986021,
5032,2157.3180854320526,-0.0,
5033,2157.742684841156,-0.020609414,
5034,2158.167184114456,-0.0,
5035,2158.5899012088776,-0.069850646,
5036,2159.0158729553223,-0.0,
5037,2159.439601421356,-0.28555334,
5038,2159.8636951446533,-0.0,
5039,2160.287435054779,-0.7634549,
5040,2160.6916797161102,-0.31560573,
5041,2161.20059800148,-1.1090589,
5042,2161.622836112976,-0.0,
5043,2162.049658060074,-0.060320158,
5044,2162.472664833069,-0.07468863,
5045,2162.899820804596,-0.05483999,
5046,2163.323306083679,-0.23649848,
5047,2163.746814250946,-0.40662807,
5048,2164.1724376678467,-0.0,
5049,2164.5953352451324,-0.0,
5050,2165.0212886333466,-0.078578494,
5051,2165.4436190128326,-1.3051263e-08,
5052,2165.8681633472443,-0.048839126,
5053,2166.293030500412,-0.0,
5054,2166.716868162155,-0.4456526,
5055,2167.142404794693,-0.0,
5056,2167.565592765808,-0.0,
5057,2167.9911036491394,-0.9077055,
5058,2168.4152359962463,-0.0,
5059,2168.8409967422485,-0.0,
5060,2169.2643072605133,-0.19598389,
5061,2169.66894364357,-0.0,
5062,2170.157569169998,-0.36266068,
5063,2170.579087972641,-0.0,
5064,2171.008285045624,-0.72625804,
5065,2171.4303991794586,-0.16516621,
5066,2171.857502222061,-0.08269806,
5067,2172.2808451652527,-0.07843694,
5068,2172.7041821479797,-1.1034931,
5069,2173.1302783489227,-0.0,
5070,2173.552989721298,-0.46798167,
5071,2173.980141878128,-1.3792799e-09,
5072,2174.402594089508,-0.0,
5073,2174.828082561493,-0.17097308,
5074,2175.2523674964905,-0.0068663755,
5075,2175.676887989044,-0.0,
5076,2176.1009860038757,-0.17897874,
5077,2176.5251593589783,-0.14105837,
5078,2176.9502601623535,-0.24783507,
5079,2177.375337600708,-0.3869881,
5080,2177.8002450466156,-0.13816713,
5081,2178.224094390869,-0.5277657,
5082,2178.628040075302,-0.33883175,
5083,2179.115744113922,-0.33970022,
5084,2179.53794836998,-0.0,
5085,2179.9664058685303,-0.001544913,
5086,2180.3888897895813,-0.0,
5087,2180.8151319026947,-0.0,
5088,2181.2392480373383,-0.024757495,
5089,2181.662457227707,-3.3369877e-06,
5090,2182.08850979805,-0.0,
5091,2182.51118183136,-0.0,
5092,2182.936911582947,-0.0,
5093,2183.359978914261,-0.14975499,
5094,2183.784970998764,-0.0,
5095,2184.210054397583,-0.21834192,
5096,2184.6341190338135,-0.0,
5097,2185.0580599308014,-0.6166686,
5098,2185.4821894168854,-0.47409537,
5099,2185.9075927734375,-0.10993049,
5100,2186.3325066566467,-0.043163825,
5101,2186.757004737854,-0.0,
5102,2187.180563926697,-0.19965196,
5103,2187.5847594738007,-0.0,
5104,2188.0725774765015,-0.0,
5105,2188.4945480823517,-0.0,
5106,2188.922945022583,-0.0,
5107,2189.347813129425,-0.0,
5108,2189.774885416031,-0.15782525,
5109,2190.1972091197968,-0.030224368,
5110,2190.6206822395325,-0.0,
5111,2191.046536207199,-0.0,
5112,2191.4698350429535,-0.0,
5113,2191.8950707912445,-0.0,
5114,2192.3180866241455,-0.3009021,
5115,2192.74263715744,-0.056778073,
5116,2193.1675188541412,-0.0,
5117,2193.5918667316437,-0.3241138,
5118,2194.016276359558,-0.0,
5119,2194.4402375221252,-0.3320073,
5120,2194.8652641773224,-0.0,
5121,2195.289573907852,-0.29421264,
5122,2195.713866710663,-0.0,
5123,2196.1381475925446,-0.07030304,
5124,2196.5413870811462,-0.0,
5125,2197.0308225154877,-0.24407858,
5126,2197.4525508880615,-0.02918913,
5127,2197.8800897598267,-0.25169745,
5128,2198.3038096427917,-0.0,
5129,2198.729687690735,-0.0,
5130,2199.1531970500946,-0.0,
5131,2199.57688498497,-0.040351655,
5132,2200.0024161338806,-0.185276,
5133,2200.4275703430176,-0.25064996,
5134,2200.8520040512085,-0.0,
5135,2201.275528907776,-0.0,
5136,2201.7012162208557,-3.4746965e-05,
5137,2202.125584125519,-0.0,
5138,2202.550402879715,-0.031309657,
5139,2202.9739730358124,-0.33454943,
5140,2203.399529695511,-0.0,
5141,2203.824057817459,-0.18362188,
5142,2204.2489755153656,-0.0,
5143,2204.6728930473328,-0.8954463,
5144,2205.097599506378,-0.0,
5145,2205.5019075870514,-0.8088748,
5146,2207.4415786266327,-0.20484543,
5147,2207.86319732666,-0.0,
5148,2208.2927536964417,-0.01963231,
5149,2208.714752674103,-0.042999078,
5150,2209.141143798828,-0.017819975,
5151,2209.565881252289,-0.0,
5152,2209.9885618686676,-0.0,
5153,2210.415020465851,-0.6329044,
5154,2210.838317155838,-0.051408015,
5155,2211.2640109062195,-0.0,
5156,2211.6877071857452,-0.21614352,
5157,2212.1115980148315,-0.2608031,
5158,2212.536487340927,-0.69516426,
5159,2212.9602625370026,-0.017345794,
5160,2213.3866786956787,-0.41111493,
5161,2213.809070825577,-0.0013181316,
5162,2214.2348499298096,-0.33154547,
5163,2214.658547639847,-0.006609457,
5164,2215.083682537079,-0.12687463,
5165,2215.5075976848602,-1.5559053e-05,
5166,2215.9113841056824,-0.0,
5167,2216.6156899929047,-0.43878955,
5168,2217.040806055069,-0.10982679,
5169,2217.472051858902,-0.0,
5170,2217.8960576057434,-0.0,
5171,2218.3251781463623,-0.07610942,
5172,2218.7508866786957,-0.0,
5173,2219.1776649951935,-0.08300637,
5174,2219.604558944702,-0.055497754,
5175,2220.028426170349,-0.0,
5176,2220.4573588371277,-0.043518547,
5177,2220.8830876350403,-0.38350096,
5178,2221.309677362442,-0.3136317,
5179,2221.736207485199,-0.17146504,
5180,2222.1627957820892,-0.1620915,
5181,2222.590496778488,-0.2625652,
5182,2223.016380548477,-0.08937824,
5183,2223.444150209427,-0.0,
5184,2223.8686666488647,-0.3476475,
5185,2224.294864654541,-0.0,
5186,2224.721981048584,-0.0,
5187,2225.1268167495728,-0.0,
5188,2226.3143317699432,-0.011554339,
5189,2226.7368886470795,-0.15537485,
5190,2227.1649112701416,-0.0,
5191,2227.587054014206,-0.06898302,
5192,2228.014255285263,-0.13558331,
5193,2228.4385707378387,-0.0,
5194,2228.8633852005005,-0.0,
5195,2229.2885253429413,-0.0,
5196,2229.7122876644135,-0.0,
5197,2230.138349533081,-0.06782239,
5198,2230.5617864131927,-0.14834951,
5199,2230.986815929413,-0.12550867,
5200,2231.4111018180847,-0.34828734,
5201,2231.8354530334473,-0.07379608,
5202,2232.260838508606,-0.24958241,
5203,2232.684163093567,-0.0,
5204,2233.1099441051483,-0.1822346,
5205,2233.5353722572327,-1.5656135,
5206,2233.961833715439,-0.07028784,
5207,2234.385744333267,-0.07884057,
5208,2234.7907371520996,-0.112874195,
5209,2235.462822675705,-0.0,
5210,2235.8843986988068,-0.0368761,
5211,2236.3141028881073,-0.0,
5212,2236.7372393608093,-0.0065230904,
5213,2237.1634426116943,-0.0,
5214,2237.587073326111,-0.0,
5215,2238.011050224304,-0.0,
5216,2238.4371979236603,-0.11165984,
5217,2238.8612344264984,-0.0,
5218,2239.2868115901947,-0.35178497,
5219,2239.710638523102,-0.0,
5220,2240.135635614395,-0.049977824,
5221,2240.559583425522,-0.17038828,
5222,2240.984031200409,-0.0,
5223,2241.4097652435303,-0.022783987,
5224,2241.8336153030396,-0.11353056,
5225,2242.258986711502,-0.09162377,
5226,2242.682033777237,-0.15369806,
5227,2243.1069469451904,-0.12655684,
5228,2243.5319101810455,-0.0,
5229,2243.9377253055573,-3.516173e-05,
5230,2244.975636959076,-0.018850941,
5231,2245.3979122638702,-0.61560583,
5232,2245.828099489212,-0.0,
5233,2246.25150680542,-0.3390635,
5234,2246.679756164551,-0.4863917,
5235,2247.1034033298492,-0.15255189,
5236,2247.528690099716,-0.04837119,
5237,2247.954312801361,-0.3443945,
5238,2248.3763756752014,-2.92317e-08,
5239,2248.802857875824,-0.0,
5240,2249.2273495197296,-0.05709482,
5241,2249.652384996414,-0.0,
5242,2250.0771656036377,-0.03434889,
5243,2250.501439809799,-0.0,
5244,2250.9268045425415,-0.54479057,
5245,2251.35075879097,-0.76938033,
5246,2251.7757484912872,-0.36889368,
5247,2252.1985511779785,-0.0,
5248,2252.624306201935,-0.0,
5249,2253.0476779937744,-2.1912413,
5250,2253.452163219452,-0.0740758,
5251,2254.4931905269623,-0.0,
5252,2254.915389060974,-0.0,
5253,2255.343757867813,-0.19003221,
5254,2255.7661900520325,-0.07994241,
5255,2256.192316532135,-0.0,
5256,2256.615795135498,-0.057629716,
5257,2257.0389959812164,-0.60339105,
5258,2257.4649670124054,-0.029505873,
5259,2257.8881855010986,-0.0,
5260,2258.3151547908783,-0.0,
5261,2258.7381250858307,-0.28094965,
5262,2259.1642882823944,-0.0,
5263,2259.5895986557007,-0.06742223,
5264,2260.012774705887,-0.0,
5265,2260.4381515979767,-1.9634241e-08,
5266,2260.8622472286224,-0.10371786,
5267,2261.287834405899,-0.4755407,
5268,2261.711770772934,-0.0,
5269,2262.135724067688,-0.5156077,
5270,2262.5601999759674,-0.051243227,
5271,2262.9639954566956,-0.0,
5272,2264.659486055374,-0.06743114,
5273,2265.0806579589844,-0.7252473,
5274,2265.5094776153564,-0.06545754,
5275,2265.930998325348,-0.0,
5276,2266.3553619384766,-0.4163291,
5277,2266.7797203063965,-0.19468603,
5278,2267.2027225494385,-0.0932214,
5279,2267.627895116806,-0.24025783,
5280,2268.0499987602234,-0.027978498,
5281,2268.474816799164,-0.026638143,
5282,2268.8979785442352,-0.0,
5283,2269.3231518268585,-0.10546559,
5284,2269.7478833198547,-0.27450028,
5285,2270.1714084148407,-0.106801376,
5286,2270.5952911376953,-0.0,
5287,2271.0183551311493,-0.27807155,
5288,2271.4430346488953,-0.69375455,
5289,2271.8670921325684,-0.0,
5290,2272.2910997867584,-0.0,
5291,2272.7151987552643,-0.0,
5292,2273.1187736988068,-0.0,
5293,2274.5295457839966,-0.0,
5294,2274.950747489929,-0.0,
5295,2275.377012014389,-0.4018537,
5296,2275.7995545864105,-0.0,
5297,2276.2240154743195,-0.0,
5298,2276.6470477581024,-0.1616536,
5299,2277.069705724716,-0.0,
5300,2277.4947056770325,-0.07601675,
5301,2277.9179747104645,-0.0,
5302,2278.343195915222,-0.0,
5303,2278.7666957378387,-0.2774263,
5304,2279.1900634765625,-0.23972985,
5305,2279.614604473114,-0.06462655,
5306,2280.0383048057556,-0.2486432,
5307,2280.4633071422577,-0.18788068,
5308,2280.886001586914,-0.0,
5309,2281.310120820999,-0.20712411,
5310,2281.7330088615417,-0.0,
5311,2282.157406568527,-0.0,
5312,2282.5816390514374,-0.0,
5313,2282.9854958057404,-0.0,
5314,2284.027307987213,-0.0,
5315,2284.4492099285126,-0.0154133085,
5316,2284.8757016658783,-0.32682917,
5317,2285.2984523773193,-0.12395786,
5318,2285.7232875823975,-0.14037316,
5319,2286.1467621326447,-0.7890898,
5320,2286.5689146518707,-3.0052758e-10,
5321,2286.9941482543945,-0.0,
5322,2287.4168384075165,-0.0,
5323,2287.8423261642456,-0.0,
5324,2288.2658174037933,-0.82530516,
5325,2288.6894595623016,-0.0,
5326,2289.1141102313995,-0.0,
5327,2289.537329673767,-0.0,
5328,2289.9621489048004,-0.37246644,
5329,2290.3851902484894,-0.16646299,
5330,2290.8091814517975,-0.002401118,
5331,2291.2334949970245,-0.13006912,
5332,2291.6578600406647,-0.0676414,
5333,2292.0817596912384,-0.0,
5334,2292.4848325252533,-0.0,
5335,2293.616267681122,-0.14661552,
5336,2294.03768157959,-0.0,
5337,2294.465281009674,-0.0,
5338,2294.8867955207825,-0.0,
5339,2295.313690185547,-0.065884516,
5340,2295.7370409965515,-0.11955224,
5341,2296.1603829860687,-0.0,
5342,2296.585338115692,-0.0,
5343,2297.007495164871,-0.16406444,
5344,2297.434064388275,-0.0,
5345,2297.8568770885468,-0.0,
5346,2298.281829595566,-0.31509772,
5347,2298.7056324481964,-0.0,
5348,2299.1289732456207,-0.0,
5349,2299.5543959140778,-0.43872952,
5350,2299.9772181510925,-0.0,
5351,2300.402048587799,-0.25028366,
5352,2300.825824022293,-0.4856699,
5353,2301.250905275345,-0.0,
5354,2301.675583600998,-0.0,
5355,2302.0783202648163,-0.0,
5356,2303.1322083473206,-0.17403717,
5357,2303.5533878803253,-0.0,
5358,2303.982004404068,-0.18037307,
5359,2304.40437912941,-0.0,
5360,2304.8300518989563,-0.0,
5361,2305.2545459270477,-0.42488304,
5362,2305.677137374878,-0.20344341,
5363,2306.102492570877,-0.060967945,
5364,2306.5249688625336,-0.15930863,
5365,2306.9515109062195,-0.21881945,
5366,2307.374434232712,-0.27212796,
5367,2307.79869222641,-0.08149885,
5368,2308.2231135368347,-0.40072757,
5369,2308.646993637085,-0.0,
5370,2309.0721414089203,-0.0,
5371,2309.49560046196,-0.0,
5372,2309.9200818538666,-0.0,
5373,2310.344650745392,-0.0,
5374,2310.7701468467712,-0.09624953,
5375,2311.1937997341156,-0.030496024,
5376,2311.597217321396,-0.007643194,
5377,2312.29399061203,-0.014558474,
5378,2312.7174410820007,-0.0,
5379,2313.1473433971405,-0.0,
5380,2313.572266101837,-0.2084429,
5381,2313.9994084835052,-0.033806644,
5382,2314.4259531497955,-0.03257176,
5383,2314.8511526584625,-0.05607322,
5384,2315.2761023044586,-0.20101622,
5385,2315.698110818863,-0.45414066,
5386,2316.1234250068665,-0.0,
5387,2316.547372341156,-0.0,
5388,2316.972328186035,-0.710171,
5389,2317.395543575287,-0.55648005,
5390,2317.818835258484,-0.03923958,
5391,2318.2446098327637,-0.12620461,
5392,2318.667521238327,-0.3925448,
5393,2319.093137741089,-0.0,
5394,2319.515969991684,-0.091711655,
5395,2319.94082903862,-0.0,
5396,2320.365341901779,-0.030849457,
5397,2320.7695071697235,-0.0,
5398,2321.845960378647,-0.15133075,
5399,2322.2677936553955,-0.04018998,
5400,2322.696984767914,-0.08976814,
5401,2323.119439601898,-0.3206305,
5402,2323.54496884346,-0.0,
5403,2323.969480752945,-0.058297798,
5404,2324.391887664795,-0.06827359,
5405,2324.8169536590576,-0.0,
5406,2325.2401161193848,-0.022607641,
5407,2325.6660408973694,-0.24121404,
5408,2326.0897800922394,-0.04213535,
5409,2326.5142438411713,-0.1574473,
5410,2326.9386343955994,-0.11105547,
5411,2327.362813234329,-0.06849702,
5412,2327.787824869156,-0.21486633,
5413,2328.2105243206024,-0.065466784,
5414,2328.6350767612457,-0.0,
5415,2329.059117794037,-0.110352114,
5416,2329.4836077690125,-0.0,
5417,2329.907876253128,-0.0,
5418,2330.311865091324,-0.08760749,
5419,2331.6495928764343,-0.0,
5420,2332.0700364112854,-0.049260907,
5421,2332.4981932640076,-0.06775519,
5422,2332.9204366207123,-0.0,
5423,2333.3459384441376,-0.3210555,
5424,2333.769846200943,-0.06774839,
5425,2334.191963195801,-0.0,
5426,2334.6174881458282,-0.0,
5427,2335.0401430130005,-0.0,
5428,2335.4662096500397,-0.0,
5429,2335.889067173004,-0.08512618,
5430,2336.3133203983307,-0.4151342,
5431,2336.7385573387146,-0.0,
5432,2337.161516904831,-0.0,
5433,2337.5866808891296,-0.23723663,
5434,2338.010036945343,-0.0,
5435,2338.4339606761932,-0.0,
5436,2338.8587028980255,-0.0,
5437,2339.282550573349,-0.0074875318,
5438,2339.706972837448,-0.107909985,
5439,2340.1098334789276,-0.0,
5440,2340.608103990555,-0.787914,
5441,2341.0298290252686,-0.038104486,
5442,2341.4583151340485,-0.056315623,
5443,2341.8806009292603,-0.0,
5444,2342.306225299835,-0.5439,
5445,2342.7296373844147,-0.06734875,
5446,2343.152883052826,-0.0,
5447,2343.578709602356,-0.029065067,
5448,2344.0017352104187,-0.0,
5449,2344.42804813385,-0.0,
5450,2344.8510365486145,-0.0,
5451,2345.27663898468,-0.19848935,
5452,2345.7009711265564,-0.0,
5453,2346.124275445938,-0.0,
5454,2346.5495562553406,-0.0,
5455,2346.9728813171387,-0.0,
5456,2347.398163318634,-0.0042521213,
5457,2347.8222227096558,-0.1371808,
5458,2348.2467544078827,-0.23534337,
5459,2348.6711835861206,-0.536469,
5460,2349.075329065323,-0.49385947,
5461,2349.558804988861,-0.054202568,
5462,2349.980815410614,-0.0,
5463,2350.408089160919,-0.5149135,
5464,2350.8298852443695,-0.0,
5465,2351.256231069565,-0.04892414,
5466,2351.680248737335,-0.5438962,
5467,2352.1035602092743,-0.0,
5468,2352.5284016132355,-0.0,
5469,2352.9506442546844,-0.0,
5470,2353.3763568401337,-0.0,
5471,2353.7996714115143,-0.012690526,
5472,2354.2239050865173,-0.3966801,
5473,2354.647027015686,-0.056097083,
5474,2355.0699548721313,-0.0,
5475,2355.494926214218,-0.0,
5476,2355.9184103012085,-0.08440337,
5477,2356.3429305553436,-0.0,
5478,2356.7675178050995,-0.064330205,
5479,2357.191680908203,-0.13542427,
5480,2357.6158244609833,-0.0,
5481,2358.0196952819824,-0.071047574,
5482,2358.507754802704,-0.08799775,
5483,2358.929866552353,-0.0,
5484,2359.3571634292603,-0.17619179,
5485,2359.7791051864624,-0.28230557,
5486,2360.2041919231415,-0.0,
5487,2360.62766623497,-0.06421073,
5488,2361.0515615940094,-0.0101162605,
5489,2361.4765911102295,-0.13742502,
5490,2361.8998243808746,-0.54139763,
5491,2362.3252971172333,-0.0,
5492,2362.748782634735,-0.9204109,
5493,2363.1736171245575,-0.12002307,
5494,2363.5982632637024,-0.15345736,
5495,2364.021584749222,-0.0,
5496,2364.4464807510376,-0.040419914,
5497,2364.870079755783,-0.14745763,
5498,2365.294991493225,-0.37733972,
5499,2365.718329668045,-1.1905041e-05,
5500,2366.142030954361,-0.67483735,
5501,2366.5660572052,-0.0,
5502,2366.969616174698,-0.0,
5503,2367.4665126800537,-0.0,
5504,2367.8885378837585,-0.0,
5505,2368.3178296089172,-0.0,
5506,2368.7399451732635,-0.0,
5507,2369.1661784648895,-0.0,
5508,2369.5897431373596,-0.0,
5509,2370.014691591263,-0.0,
5510,2370.439588546753,-0.6224443,
5511,2370.8623690605164,-0.006541754,
5512,2371.288507938385,-0.35790497,
5513,2371.712355852127,-0.14753678,
5514,2372.1370017528534,-0.08327313,
5515,2372.560958147049,-0.48248067,
5516,2372.9847042560577,-0.0,
5517,2373.4104108810425,-0.3819606,
5518,2373.8337075710297,-0.0,
5519,2374.257843017578,-0.21324512,
5520,2374.6820816993713,-0.17950341,
5521,2375.107219696045,-0.0,
5522,2375.532157421112,-0.082314566,
5523,2375.936031103134,-1.7622226e-09,
5524,2376.4497106075287,-0.0,
5525,2376.8713431358337,-0.0,
5526,2377.298970222473,-0.0,
5527,2377.7206540107727,-0.083574444,
5528,2378.1469008922577,-0.0,
5529,2378.570580482483,-0.11807876,
5530,2378.99356007576,-0.0,
5531,2379.4178767204285,-0.0072270907,
5532,2379.840145587921,-0.124677524,
5533,2380.266210794449,-0.0,
5534,2380.6898860931396,-0.0,
5535,2381.1143221855164,-0.0,
5536,2381.537764072418,-0.1270864,
5537,2381.9614169597626,-0.0,
5538,2382.3870854377747,-0.0,
5539,2382.8107616901398,-0.2988407,
5540,2383.235015630722,-0.0,
5541,2383.6590337753296,-0.13792047,
5542,2384.083182811737,-0.0,
5543,2384.5080676078796,-0.037996598,
5544,2384.912444591522,-0.0,
5545,2385.405674934387,-0.0,
5546,2385.827474117279,-0.0,
5547,2386.2563469409943,-0.121406734,
5548,2386.678204536438,-0.0,
5549,2387.103927373886,-0.0,
5550,2387.528643131256,-0.0,
5551,2387.950987815857,-0.21270661,
5552,2388.375735282898,-0.0,
5553,2388.7986409664154,-0.0,
5554,2389.2242975234985,-0.0,
5555,2389.6481428146362,-0.16601719,
5556,2390.0722436904907,-0.011449132,
5557,2390.496243953705,-1.1344999,
5558,2390.9194769859314,-0.042462714,
5559,2391.3446724414825,-0.04845492,
5560,2391.768310070038,-0.0,
5561,2392.1917939186096,-0.1326217,
5562,2392.6152522563934,-0.004014332,
5563,2393.0389709472656,-0.0,
5564,2393.4642131328583,-0.012561159,
5565,2393.8681120872498,-0.0,
5566,2394.372587442398,-0.57053864,
5567,2394.7946722507477,-0.043735363,
5568,2395.222356557846,-0.3023368,
5569,2395.644942045212,-0.074985184,
5570,2396.070343017578,-0.0,
5571,2396.493691444397,-0.0,
5572,2396.91698551178,-0.0,
5573,2397.342695951462,-0.0,
5574,2397.766169309616,-0.14949574,
5575,2398.191792011261,-0.06519895,
5576,2398.6139595508575,-0.0,
5577,2399.0396921634674,-0.14208625,
5578,2399.464054584503,-0.0,
5579,2399.8874826431274,-0.15613802,
5580,2400.3118686676025,-0.0,
5581,2400.7347226142883,-0.012747936,
5582,2401.159994840622,-0.00479068,
5583,2401.5840697288513,-0.0,
5584,2402.0083882808685,-0.02189732,
5585,2402.432053089142,-0.0,
5586,2402.8360290527344,-0.0,
5587,2403.3225367069244,-0.33710223,
5588,2403.7444684505463,-0.22786286,
5589,2404.172767162323,-0.14564034,
5590,2404.594878435135,-0.40323702,
5591,2405.021405696869,-0.08921415,
5592,2405.4447736740112,-2.0553323e-10,
5593,2405.8675088882446,-0.0,
5594,2406.293319940567,-0.25564617,
5595,2406.716445684433,-0.0,
5596,2407.1421971321106,-0.022252828,
5597,2407.5661227703094,-0.0,
5598,2407.9898598194122,-0.90242195,
5599,2408.415044784546,-0.0,
5600,2408.8387846946716,-0.0,
5601,2409.263016939163,-0.0,
5602,2409.6861720085144,-0.0,
5603,2410.110507965088,-0.32785946,
5604,2410.5349793434143,-0.027571242,
5605,2410.959492921829,-0.45102414,
5606,2411.384178161621,-0.41350213,
5607,2411.7869670391083,-0.217141,
5608,2412.277723312378,-0.0,
5609,2412.6997542381287,-0.0,
5610,2413.128445625305,-0.25821358,
5611,2413.55109834671,-0.0,
5612,2413.977991104126,-0.10154842,
5613,2414.4016165733337,-0.0013669123,
5614,2414.824814081192,-0.0,
5615,2415.249784231186,-0.16636638,
5616,2415.6735274791718,-1.01888276e-10,
5617,2416.0998859405518,-0.22524162,
5618,2416.5231935977936,-0.08281829,
5619,2416.9478118419647,-0.19058904,
5620,2417.372186422348,-0.0,
5621,2417.7969903945923,-0.22925103,
5622,2418.22225189209,-0.0,
5623,2418.644706726074,-0.10495531,
5624,2419.0697162151337,-0.02766183,
5625,2419.49396777153,-0.044525467,
5626,2419.918807029724,-0.12035388,
5627,2420.3427963256836,-0.47016853,
5628,2420.745913743973,-0.061574448,
5629,2421.2277841567993,-0.6207234,
5630,2421.6499075889587,-0.009458805,
5631,2422.0782895088196,-0.0,
5632,2422.50017285347,-0.48603663,
5633,2422.925710439682,-0.0,
5634,2423.349960565567,-0.10369885,
5635,2423.7734916210175,-0.034286685,
5636,2424.198951482773,-0.08573134,
5637,2424.620689868927,-0.013589462,
5638,2425.0468690395355,-0.02241933,
5639,2425.4708828926086,-0.0,
5640,2425.895518541336,-0.082416765,
5641,2426.319795370102,-0.0,
5642,2426.74276137352,-0.077659145,
5643,2427.1675312519073,-0.53355527,
5644,2427.591301679611,-0.03204106,
5645,2428.016747713089,-0.92248404,
5646,2428.440797805786,-0.111325264,
5647,2428.864595890045,-0.0,
5648,2429.2896864414215,-0.08603223,
5649,2429.6934702396393,-1.3659388e-09,
5650,2430.1714153289795,-0.0,
5651,2430.5928893089294,-0.2330904,
5652,2431.021347761154,-0.469771,
5653,2431.4438235759735,-0.23466653,
5654,2431.8703920841217,-0.07699809,
5655,2432.2937908172607,-0.0083573,
5656,2432.7166798114777,-0.19284984,
5657,2433.142158269882,-0.0,
5658,2433.5648181438446,-0.14702328,
5659,2433.9902250766754,-1.4232187,
5660,2434.4139564037323,-0.07201707,
5661,2434.837204694748,-0.0,
5662,2435.2625312805176,-0.0,
5663,2435.6865558624268,-0.0,
5664,2436.112691640854,-0.0,
5665,2436.5356407165527,-0.44503042,
5666,2436.9598622322083,-0.29917955,
5667,2437.3840894699097,-0.016953727,
5668,2437.807380914688,-0.00015788557,
5669,2438.233098268509,-0.0,
5670,2438.636429786682,-0.0,
5671,2439.127492904663,-0.0,
5672,2439.549417257309,-0.01778076,
5673,2439.977485179901,-0.0,
5674,2440.3989918231964,-0.0,
5675,2440.8250007629395,-0.19194993,
5676,2441.249317884445,-0.0,
5677,2441.672481060028,-0.02662923,
5678,2442.097233772278,-0.0,
5679,2442.519080877304,-0.0,
5680,2442.944940805435,-0.0,
5681,2443.3687443733215,-0.04314481,
5682,2443.794101715088,-0.3456561,
5683,2444.2170684337616,-0.0,
5684,2444.6405017375946,-0.0,
5685,2445.0652043819427,-0.0,
5686,2445.488618850708,-0.27114302,
5687,2445.913394212723,-0.0,
5688,2446.3364446163177,-0.056422204,
5689,2446.760400056839,-0.14945991,
5690,2447.185005426407,-0.0,
5691,2447.5893054008484,-0.37623543,
5692,2448.0781989097595,-0.0,
5693,2448.501135826111,-0.0,
5694,2448.9284093379974,-0.0032244374,
5695,2449.350604057312,-0.5403644,
5696,2449.7764751911163,-0.0,
5697,2450.1997244358063,-0.0,
5698,2450.623851299286,-0.5611018,
5699,2451.0490877628326,-0.17929488,
5700,2451.4715390205383,-0.0,
5701,2451.89656662941,-0.0,
5702,2452.319739341736,-0.0,
5703,2452.7449657917023,-0.49714088,
5704,2453.1704227924347,-0.028386313,
5705,2453.5934524536133,-0.0,
5706,2454.017597436905,-3.9408019e-10,
5707,2454.441335916519,-0.007484698,
5708,2454.8666768074036,-0.07877116,
5709,2455.2897458076477,-0.0,
5710,2455.713872909546,-0.033505544,
5711,2456.1374566555023,-0.473852,
5712,2456.5417211055756,-0.0,
5713,2457.029303789139,-0.0,
5714,2457.450907945633,-0.0,
5715,2457.880021572113,-0.0,
5716,2458.3023977279663,-0.085901216,
5717,2458.7284338474274,-0.09122099,
5718,2459.1523220539093,-0.0,
5719,2459.5754981040955,-0.27908584,
5720,2460.002081155777,-0.0,
5721,2460.425826072693,-0.23012841,
5722,2460.8507578372955,-0.0,
5723,2461.275151491165,-0.08584143,
5724,2461.700196504593,-0.0,
5725,2462.1258447170258,-0.04681489,
5726,2462.549096107483,-0.0331682,
5727,2462.975040912628,-0.13864148,
5728,2463.3993043899536,-0.22034945,
5729,2463.825483083725,-0.0,
5730,2464.249676465988,-0.10944785,
5731,2464.6747584342957,-0.1914494,
5732,2465.10022687912,-0.0,
5733,2465.504560947418,-0.43861455,
5734,2465.987979412079,-0.0,
5735,2466.4095067977905,-0.0,
5736,2466.836953639984,-0.0778138,
5737,2467.259545326233,-0.060319327,
5738,2467.6847677230835,-0.27013773,
5739,2468.107887506485,-0.036818888,
5740,2468.5310966968536,-0.0,
5741,2468.955933570862,-0.0,
5742,2469.379076719284,-0.08916556,
5743,2469.804222345352,-0.0,
5744,2470.2273333072662,-0.0,
5745,2470.6512067317963,-0.592431,
5746,2471.0756871700287,-0.010337198,
5747,2471.5002303123474,-0.07872476,
5748,2471.924429178238,-0.4238971,
5749,2472.3479363918304,-0.0,
5750,2472.7727375030518,-0.08862302,
5751,2473.1970303058624,-0.06315969,
5752,2473.621462583542,-0.0,
5753,2474.0450735092163,-0.0,
5754,2474.4489653110504,-0.0,
5755,2474.936713218689,-0.15868682,
5756,2475.3596353530884,-0.08381022,
5757,2475.7871465682983,-0.0,
5758,2476.2095065116882,-0.0,
5759,2476.6357774734497,-0.0,
5760,2477.0602083206177,-0.0,
5761,2477.484788417816,-0.1864977,
5762,2477.909501552582,-0.42638588,
5763,2478.3339252471924,-0.0,
5764,2478.760218143463,-0.022488732,
5765,2479.1827957630157,-0.047198884,
5766,2479.6073899269104,-0.0,
5767,2480.0314321517944,-0.67796767,
5768,2480.4555439949036,-0.05701845,
5769,2480.8799777030945,-0.18802348,
5770,2481.302797317505,-1.818445e-09,
5771,2481.7271208763123,-0.0,
5772,2482.151112318039,-0.0,
5773,2482.5761737823486,-1.5949767,
5774,2482.9990634918213,-0.0,
5775,2483.4031207561493,-0.0,
5776,2483.8944289684296,-0.0059188115,
5777,2484.317090988159,-0.0,
5778,2484.7460680007935,-0.0,
5779,2485.1678376197815,-0.004585051,
5780,2485.5940408706665,-0.13498983,
5781,2486.0171632766724,-0.06067239,
5782,2486.4400675296783,-0.0,
5783,2486.865486383438,-0.0,
5784,2487.2883775234222,-0.0,
5785,2487.7134461402893,-0.0,
5786,2488.1364545822144,-0.01397517,
5787,2488.56036233902,-0.5266104,
5788,2488.984040260315,-0.072321996,
5789,2489.408089876175,-0.0,
5790,2489.833618402481,-2.8157595e-08,
5791,2490.257366657257,-0.0,
5792,2490.6804735660553,-0.022968527,
5793,2491.1039254665375,-0.0,
5794,2491.5283138751984,-0.07251082,
5795,2491.952097415924,-0.10797669,
5796,2492.356286764145,-0.03953367,
5797,2492.848527908325,-0.1471369,
5798,2493.2704639434814,-0.32843596,
5799,2493.6993956565857,-2.1789607e-08,
5800,2494.120776414871,-0.0,
5801,2494.5470492839813,-0.026331285,
5802,2494.9705238342285,-0.0,
5803,2495.3937253952026,-0.0,
5804,2495.8187313079834,-0.90374357,
5805,2496.2408051490784,-0.0,
5806,2496.6658976078033,-0.0,
5807,2497.090840816498,-0.0,
5808,2497.5158615112305,-0.45193535,
5809,2497.9388110637665,-0.0,
5810,2498.363010406494,-0.31738383,
5811,2498.787964820862,-0.0,
5812,2499.2115004062653,-0.7067775,
5813,2499.63666844368,-0.03431843,
5814,2500.060047388077,-0.029755041,
5815,2500.484956264496,-0.0,
5816,2500.9103684425354,-0.16581976,
5817,2501.3144574165344,-0.419735,
5818,2501.8053257465363,-0.023273297,
5819,2502.227932214737,-0.0,
5820,2502.6568551063538,-0.0,
5821,2503.0781989097595,-0.0,
5822,2503.5046837329865,-0.0,
5823,2503.9285173416138,-0.0,
5824,2504.351460456848,-0.2447447,
5825,2504.776925802231,-0.0,
5826,2505.1999864578247,-0.0,
5827,2505.6255161762238,-0.0,
5828,2506.0495488643646,-0.0,
5829,2506.474046230316,-0.16144408,
5830,2506.8985085487366,-0.0,
5831,2507.3223719596863,-0.0,
5832,2507.7476739883423,-0.022874905,
5833,2508.1721324920654,-0.0,
5834,2508.596004009247,-0.20026669,
5835,2509.020208120346,-0.112267174,
5836,2509.445704460144,-0.0,
5837,2509.8702914714813,-0.42980105,
5838,2510.2737867832184,-0.0,
5839,2510.7690794467926,-0.0,
5840,2511.191007375717,-0.0,
5841,2511.6187307834625,-0.0,
5842,2512.0421500205994,-0.001976266,
5843,2512.467982530594,-0.21150723,
5844,2512.8914482593536,-0.0,
5845,2513.3143792152405,-0.02445296,
5846,2513.7391381263733,-0.1694798,
5847,2514.1627678871155,-0.0,
5848,2514.5881745815277,-0.0,
5849,2515.0111935138702,-0.0,
5850,2515.435971736908,-0.6231842,
5851,2515.8595275878906,-0.0,
5852,2516.2837393283844,-0.0,
5853,2516.7088940143585,-0.0,
5854,2517.132202386856,-0.0,
5855,2517.558175086975,-0.07546916,
5856,2517.9823808670044,-0.2988301,
5857,2518.409431695938,-0.8514763,
5858,2518.8324887752533,-0.18033922,
5859,2519.2363975048065,-0.0,
5860,2519.7136108875275,-0.012450184,
5861,2520.1351885795593,-0.0,
5862,2520.5633096694946,-0.0,
5863,2520.9856050014496,-0.0,
5864,2521.4121198654175,-0.0,
5865,2521.835239648819,-0.01062311,
5866,2522.2589342594147,-0.022363383,
5867,2522.684956073761,-0.07565048,
5868,2523.1072795391083,-0.0,
5869,2523.5326471328735,-1.4325027e-08,
5870,2523.9552624225616,-0.0,
5871,2524.3807651996613,-0.10172196,
5872,2524.804541826248,-5.4553224e-09,
5873,2525.228233575821,-0.6450288,
5874,2525.654391527176,-0.35165998,
5875,2526.0776410102844,-0.0,
5876,2526.502606868744,-0.046098463,
5877,2526.925713777542,-0.42777455,
5878,2527.3500554561615,-0.0,
5879,2527.7742624282837,-0.029680395,
5880,2528.1785295009613,-0.0,
5881,2528.651424407959,-0.79567546,
5882,2529.073853969574,-0.0,
5883,2529.501280069351,-0.2531349,
5884,2529.924647808075,-0.0,
5885,2530.350307703018,-0.0,
5886,2530.7755353450775,-0.0,
5887,2531.199674129486,-0.0,
5888,2531.624707221985,-0.0,
5889,2532.0471081733704,-0.41739148,
5890,2532.4728031158447,-0.0,
5891,2532.896730899811,-0.0,
5892,2533.321441888809,-0.0,
5893,2533.745715379715,-0.34913877,
5894,2534.169147014618,-0.46799374,
5895,2534.595086812973,-0.047310457,
5896,2535.01872754097,-0.0,
5897,2535.44433927536,-0.12806608,
5898,2535.868160009384,-0.08165791,
5899,2536.293164730072,-0.0,
5900,2536.718351125717,-0.0,
5901,2537.1218690872192,-0.07730096,
5902,2537.6047909259796,-0.0,
5903,2538.0266733169556,-0.0,
5904,2538.455167531967,-0.0,
5905,2538.8782045841217,-0.0,
5906,2539.3037655353546,-0.0298042,
5907,2539.726728439331,-0.0,
5908,2540.151322364807,-0.0,
5909,2540.5772562026978,-0.00038511312,
5910,2540.999992132187,-0.0,
5911,2541.4256677627563,-0.105536506,
5912,2541.8491020202637,-0.055500112,
5913,2542.2745699882507,-0.0,
5914,2542.699296236038,-0.080694124,
5915,2543.1225657463074,-0.5413004,
5916,2543.5480620861053,-0.3381929,
5917,2543.9721512794495,-0.5984989,
5918,2544.3979341983795,-0.0,
5919,2544.8209035396576,-0.0,
5920,2545.2451243400574,-0.2082557,
5921,2545.6696813106537,-0.012039581,
5922,2546.074139356613,-0.60932934,
5923,2546.551906347275,-0.0,
5924,2546.974021434784,-0.0,
5925,2547.402359724045,-0.3701148,
5926,2547.824053287506,-0.0,
5927,2548.25070643425,-0.0,
5928,2548.6742141246796,-0.0,
5929,2549.098267555237,-0.09616311,
5930,2549.523772716522,-0.10636823,
5931,2549.9462418556213,-0.053614173,
5932,2550.372681617737,-0.050069857,
5933,2550.79638504982,-0.30571112,
5934,2551.220958471298,-0.040712677,
5935,2551.6449670791626,-0.04598734,
5936,2552.0679910182953,-0.030123917,
5937,2552.4939126968384,-0.0,
5938,2552.9171102046967,-0.118309416,
5939,2553.3418605327606,-0.0,
5940,2553.765444278717,-0.0008390017,
5941,2554.190697669983,-0.03881097,
5942,2554.6156911849976,-0.15055749,
5943,2555.0191898345947,-0.110142216,
5944,2555.7777173519135,-0.0,
5945,2556.1986787319183,-0.07617164,
5946,2556.6279203891754,-8.1101e-09,
5947,2557.0506114959717,-0.0,
5948,2557.476177930832,-0.39494795,
5949,2557.89959192276,-0.03569328,
5950,2558.322863340378,-0.0,
5951,2558.7485477924347,-0.0,
5952,2559.1711394786835,-0.82791793,
5953,2559.597135782242,-0.056811333,
5954,2560.0200481414795,-0.0,
5955,2560.444841146469,-0.0,
5956,2560.8699486255646,-0.0,
5957,2561.293454647064,-0.0,
5958,2561.7185711860657,-0.0,
5959,2562.141704559326,-0.5918981,
5960,2562.5672426223755,-0.86706793,
5961,2562.991907596588,-0.0,
5962,2563.4164612293243,-0.0,
5963,2563.8405752182007,-0.15572819,
5964,2564.244467496872,-0.0,
5965,2565.2740426063538,-0.002885562,
5966,2565.6952826976776,-0.0,
5967,2566.1227872371674,-0.085251175,
5968,2566.5459184646606,-0.0,
5969,2566.97124004364,-0.21470806,
5970,2567.3948254585266,-0.028154423,
5971,2567.8176004886627,-0.0,
5972,2568.243943452835,-0.0,
5973,2568.6668190956116,-0.017439786,
5974,2569.0926027297974,-0.07466994,
5975,2569.515440225601,-0.0,
5976,2569.9395463466644,-0.044224657,
5977,2570.3647170066833,-0.0,
5978,2570.7886080741882,-0.0,
5979,2571.214201927185,-0.4433115,
5980,2571.6369757652283,-0.20089583,
5981,2572.061673641205,-0.010686581,
5982,2572.485964536667,-0.0,
5983,2572.911066532135,-0.059008338,
5984,2573.335216999054,-0.0,
5985,2573.7386481761932,-0.0,
5986,2574.76558637619,-0.0,
5987,2575.188356399536,-0.0,
5988,2575.6156690120697,-0.0,
5989,2576.03830909729,-0.0,
5990,2576.4645795822144,-2.2421993e-07,
5991,2576.889592885971,-0.0,
5992,2577.311770915985,-0.33745143,
5993,2577.7364513874054,-1.2881272,
5994,2578.1605513095856,-0.20989306,
5995,2578.585910320282,-0.21792284,
5996,2579.0097773075104,-0.005413297,
5997,2579.433605194092,-0.0,
5998,2579.8581218719482,-0.0,
5999,2580.2823338508606,-0.0,
6000,2580.7074093818665,-0.0,
6001,2581.1301715373993,-0.0,
6002,2581.555081129074,-0.0,
6003,2581.9796192646027,-0.00033190747,
6004,2582.404108762741,-0.12781216,
6005,2582.828741788864,-0.0,
6006,2583.2317507267,-0.111089274,
6007,2584.591306447983,-0.010856608,
6008,2585.0127232074738,-0.07380827,
6009,2585.4397263526917,-0.0,
6010,2585.8625605106354,-0.0,
6011,2586.2879996299744,-0.18307827,
6012,2586.7105333805084,-0.0,
6013,2587.1341586112976,-0.24719846,
6014,2587.559319496155,-0.0,
6015,2587.982649087906,-0.12007431,
6016,2588.408174753189,-0.0,
6017,2588.8309547901154,-0.13481535,
6018,2589.2564165592194,-0.0,
6019,2589.680249452591,-0.57722944,
6020,2590.104326248169,-0.02250437,
6021,2590.528575181961,-0.03221086,
6022,2590.951393842697,-0.0,
6023,2591.3767380714417,-0.2676914,
6024,2591.8003945350647,-0.038879164,
6025,2592.2253460884094,-0.07541117,
6026,2592.6485028266907,-0.15335053,
6027,2593.0531985759735,-0.0,
6028,2594.0288627147675,-0.0,
6029,2594.4520757198334,-0.07600607,
6030,2594.8797154426575,-0.0,
6031,2595.3034126758575,-0.0,
6032,2595.729482650757,-0.047243,
6033,2596.153480052948,-0.0,
6034,2596.5782392024994,-0.0,
6035,2597.003570795059,-0.0,
6036,2597.4267411231995,-0.0,
6037,2597.853108406067,-0.15942058,
6038,2598.2767844200134,-0.0,
6039,2598.702681541443,-0.0,
6040,2599.125743865967,-0.0,
6041,2599.550404548645,-0.0,
6042,2599.9761447906494,-0.009658505,
6043,2600.399992465973,-0.19896047,
6044,2600.8248879909515,-0.019733544,
6045,2601.248731613159,-0.46849585,
6046,2601.6742606163025,-0.0,
6047,2602.0985572338104,-0.0,
6048,2602.503289461136,-0.0,
6049,2603.5746035575867,-0.20768356,
6050,2603.996993780136,-0.0,
6051,2604.4261400699615,-0.0,
6052,2604.8491241931915,-2.3450974e-09,
6053,2605.275696992874,-0.0,
6054,2605.6996166706085,-0.0,
6055,2606.122567653656,-0.0,
6056,2606.5483372211456,-0.40976554,
6057,2606.972330570221,-0.0,
6058,2607.398509979248,-0.23000078,
6059,2607.8219513893127,-0.0,
6060,2608.2455711364746,-0.0,
6061,2608.670194387436,-0.3131894,
6062,2609.0944526195526,-0.03829583,
6063,2609.51966047287,-0.0,
6064,2609.942351102829,-0.11804185,
6065,2610.3673284053802,-0.0,
6066,2610.792378425598,-0.0,
6067,2611.2163553237915,-0.0,
6068,2611.6404662132263,-0.0,
6069,2612.0442276000977,-0.08703178,
6070,2613.3076465129852,-0.24663211,
6071,2613.731939792633,-0.00880503,
6072,2614.1627793312073,-0.0,
6073,2614.586785554886,-0.0,
6074,2615.0154111385345,-0.0,
6075,2615.4409534931183,-0.0,
6076,2615.8657190799713,-0.23442808,
6077,2616.2950751781464,-0.0,
6078,2616.718495607376,-0.0,
6079,2617.146221637726,-0.07640379,
6080,2617.5717165470123,-0.0,
6081,2617.9999289512634,-0.0,
6082,2618.4258942604065,-0.0,
6083,2618.851931333542,-0.22158536,
6084,2619.2785568237305,-0.0,
6085,2619.7042365074158,-0.0,
6086,2620.1321079730988,-0.31403413,
6087,2620.5575165748596,-0.0,
6088,2620.983208179474,-0.17901655,
6089,2621.4095838069916,-0.08283825,
6090,2621.8139147758484,-0.027936237,
6091,2622.612239599228,-0.0,
6092,2623.034742832184,-0.78618217,
6093,2623.464566707611,-0.0,
6094,2623.8898532390594,-0.012457088,
6095,2624.318839788437,-0.0,
6096,2624.7437505722046,-0.010800188,
6097,2625.169459581375,-0.0,
6098,2625.597516298294,-0.0,
6099,2626.021894931793,-1.3183751,
6100,2626.450508594513,-0.0,
6101,2626.8753685951233,-0.0,
6102,2627.3013393878937,-0.0,
6103,2627.7278361320496,-0.005087723,
6104,2628.1543197631836,-0.0,
6105,2628.581449985504,-0.510465,
6106,2629.006518602371,-0.0,
6107,2629.4339332580566,-0.0,
6108,2629.860116481781,-0.09089054,
6109,2630.287350654602,-0.43360668,
6110,2630.713563680649,-0.0,
6111,2631.120138645172,-0.039399445,
6112,2632.2153203487396,-8.669721e-09,
6113,2632.637402534485,-0.0,
6114,2633.064992904663,-0.9028421,
6115,2633.4887635707855,-0.16228327,
6116,2633.914289712906,-0.43738943,
6117,2634.3384590148926,-0.14227921,
6118,2634.7633323669434,-0.0075855018,
6119,2635.188642024994,-0.1521457,
6120,2635.612114429474,-0.0,
6121,2636.036281347275,-0.0,
6122,2636.459990501404,-0.0,
6123,2636.8851397037506,-0.0,
6124,2637.310080766678,-0.057685338,
6125,2637.733584880829,-0.0,
6126,2638.159274339676,-0.0,
6127,2638.5833411216736,-0.32230368,
6128,2639.0089411735535,-0.0,
6129,2639.4327981472015,-0.0,
6130,2639.857328414917,-0.0,
6131,2640.281716108322,-0.02687434,
6132,2640.6862757205963,-0.0,
6133,2642.053300857544,-0.0,
6134,2642.4778554439545,-0.0,
6135,2642.907740831375,-0.0,
6136,2643.332797765732,-0.44729275,
6137,2643.759153366089,-0.09587814,
6138,2644.1847109794617,-4.3224336e-08,
6139,2644.6107573509216,-0.43612334,
6140,2645.037863969803,-0.10788351,
6141,2645.4629366397858,-0.0,
6142,2645.891966819763,-0.02430303,
6143,2646.3178160190582,-0.0,
6144,2646.7454721927643,-0.0,
6145,2647.1713573932648,-0.0,
6146,2647.5973222255707,-0.29780054,
6147,2648.024802684784,-0.0,
6148,2648.4509189128876,-0.0,
6149,2648.8771834373474,-0.0,
6150,2649.3037033081055,-0.71475726,
6151,2649.728762626648,-0.033710115,
6152,2650.156118631363,-0.0,
6153,2650.563197374344,-0.0,
6154,2651.66810464859,-0.0,
6155,2652.088554620743,-0.0,
6156,2652.5175659656525,-0.004723224,
6157,2652.939560651779,-0.0,
6158,2653.365739583969,-0.0,
6159,2653.7895905971527,-0.027098661,
6160,2654.2121546268463,-0.06357265,
6161,2654.637694120407,-0.12807551,
6162,2655.0610978603363,-0.0,
6163,2655.4865913391113,-1.1096767,
6164,2655.910144329071,-0.16031834,
6165,2656.334054708481,-0.13248393,
6166,2656.7592329978943,-0.092435114,
6167,2657.1827924251556,-0.15484372,
6168,2657.607712984085,-0.029069241,
6169,2658.031319618225,-0.0,
6170,2658.4560158252716,-0.0,
6171,2658.8814005851746,-0.0,
6172,2659.305121421814,-0.16805092,
6173,2659.728806734085,-0.0,
6174,2660.133392572403,-0.04250796,
6175,2661.931650876999,-0.036723904,
6176,2662.3528122901917,-0.08940307,
6177,2662.779694080353,-0.0,
6178,2663.2013511657715,-0.0,
6179,2663.6267960071564,-0.19872284,
6180,2664.050619363785,-0.0,
6181,2664.47412276268,-0.037904087,
6182,2664.8993520736694,-0.35873574,
6183,2665.32141828537,-0.18773973,
6184,2665.747224330902,-0.6673101,
6185,2666.170058488846,-0.0,
6186,2666.59525346756,-0.0,
6187,2667.019520521164,-0.01193981,
6188,2667.442986011505,-0.103522845,
6189,2667.866974592209,-0.26206428,
6190,2668.289553165436,-0.04641321,
6191,2668.714728832245,-0.0,
6192,2669.1388351917267,-0.0,
6193,2669.5631711483,-0.0328879,
6194,2669.987195253372,-0.051106256,
6195,2670.390230178833,-0.0,
6196,2671.39630818367,-0.11452979,
6197,2671.8192212581635,-0.0,
6198,2672.248062610626,-0.33097005,
6199,2672.671551465988,-0.017644662,
6200,2673.0984568595886,-0.0,
6201,2673.521433353424,-0.03681562,
6202,2673.943503856659,-0.047800392,
6203,2674.368597984314,-0.094241545,
6204,2674.7911369800568,-0.0,
6205,2675.217053413391,-0.3489345,
6206,2675.6393053531647,-0.38397104,
6207,2676.0635957717896,-0.12455189,
6208,2676.4873406887054,-0.0,
6209,2676.9117047786713,-0.0,
6210,2677.3360044956207,-0.0,
6211,2677.759545326233,-0.01640871,
6212,2678.1844758987427,-0.13160357,
6213,2678.607906103134,-0.023299882,
6214,2679.033046245575,-0.0,
6215,2679.457909822464,-0.0,
6216,2679.860235452652,-0.0,
6217,2680.9696826934814,-0.0,
6218,2681.3943285942078,-0.0,
6219,2681.8250160217285,-0.0,
6220,2682.2485432624817,-0.0,
6221,2682.6757974624634,-0.039887562,
6222,2683.0999681949615,-0.07248114,
6223,2683.523392677307,-0.0,
6224,2683.9496200084686,-0.61615235,
6225,2684.3756699562073,-0.0,
6226,2684.801191806793,-0.0,
6227,2685.227382659912,-0.0,
6228,2685.652560710907,-1.02766615e-10,
6229,2686.0777270793915,-0.33791205,
6230,2686.5031592845917,-0.0,
6231,2686.9308845996857,-0.68383956,
6232,2687.35684299469,-0.021856932,
6233,2687.781243085861,-0.0,
6234,2688.207384109497,-0.6508822,
6235,2688.633891582489,-0.37939322,
6236,2689.0584256649017,-0.0,
6237,2689.46489238739,-0.09572738,
6238,2690.574914932251,-0.035011023,
6239,2690.9970848560333,-0.0,
6240,2691.424448490143,-0.022360574,
6241,2691.84734749794,-0.31112108,
6242,2692.273277282715,-0.33956334,
6243,2692.696159362793,-0.59734315,
6244,2693.1200778484344,-0.031509887,
6245,2693.5450954437256,-0.16390583,
6246,2693.9696991443634,-0.0,
6247,2694.3945467472076,-0.06476882,
6248,2694.819582223892,-0.0,
6249,2695.2449300289154,-0.0,
6250,2695.668887615204,-0.0,
6251,2696.092653274536,-0.0,
6252,2696.5164601802826,-0.0,
6253,2696.940087556839,-0.0,
6254,2697.3648092746735,-0.0,
6255,2697.788293361664,-0.0037214085,
6256,2698.2129487991333,-0.0,
6257,2698.635637998581,-0.0,
6258,2699.038745880127,-0.0,
6259,2699.569493293762,-0.0,
6260,2699.9915084838867,-0.0,
6261,2700.419199705124,-0.0,
6262,2700.8411033153534,-0.0,
6263,2701.267256259918,-0.0,
6264,2701.6908309459686,-0.0,
6265,2702.113018989563,-0.0649095,
6266,2702.5380766391754,-0.13439535,
6267,2702.9609775543213,-0.0,
6268,2703.3870227336884,-0.0,
6269,2703.80979180336,-0.6557271,
6270,2704.2341816425323,-0.0,
6271,2704.65811920166,-0.0,
6272,2705.0813677310944,-0.38955635,
6273,2705.5065093040466,-0.0,
6274,2705.9297087192535,-0.0,
6275,2706.3552384376526,-0.0,
6276,2706.7797825336456,-6.631807e-05,
6277,2707.204567670822,-0.0,
6278,2707.6298949718475,-0.0,
6279,2708.033783197403,-0.0,
6280,2708.515809774399,-0.0,
6281,2708.937829017639,-0.0018243982,
6282,2709.3661024570465,-0.0,
6283,2709.787856578827,-0.31515658,
6284,2710.2134823799133,-0.27725643,
6285,2710.6376926898956,-0.0,
6286,2711.0607302188873,-0.0,
6287,2711.4869537353516,-0.013782752,
6288,2711.9083304405212,-0.0,
6289,2712.3339927196503,-0.05227964,
6290,2712.7580366134644,-0.0,
6291,2713.182939052582,-0.0,
6292,2713.606654405594,-0.0,
6293,2714.0294485092163,-0.0,
6294,2714.454481601715,-0.0,
6295,2714.8777470588684,-0.0,
6296,2715.3030667304993,-0.0,
6297,2715.726770877838,-0.4265841,
6298,2716.1499829292297,-0.21345997,
6299,2716.574818611145,-0.0,
6300,2716.978682756424,-0.0,
6301,2717.484313249588,-0.043950286,
6302,2717.905907392502,-0.0,
6303,2718.3341388702393,-0.0,
6304,2718.756641149521,-0.08143823,
6305,2719.1825156211853,-0.0,
6306,2719.6063356399536,-2.5482896e-08,
6307,2720.028933763504,-0.0,
6308,2720.455854654312,-0.1939049,
6309,2720.8792917728424,-0.0,
6310,2721.304676294327,-0.0,
6311,2721.727669239044,-0.0,
6312,2722.1521763801575,-3.6173095e-08,
6313,2722.576465368271,-0.0,
6314,2723.0005729198456,-0.23784634,
6315,2723.4249317646027,-0.5576469,
6316,2723.8470828533173,-0.18675455,
6317,2724.2721948623657,-0.4830459,
6318,2724.6962761878967,-0.07291703,
6319,2725.120265722275,-0.43361408,
6320,2725.5445544719696,-0.27160755,
6321,2725.9484856128693,-0.1089715,
6322,2726.4629786014557,-0.10193443,
6323,2726.8844640254974,-0.0,
6324,2727.3128683567047,-0.0,
6325,2727.7359161376953,-0.025138218,
6326,2728.1614458560944,-0.5150697,
6327,2728.5844147205353,-0.0,
6328,2729.0082120895386,-0.0,
6329,2729.433555841446,-0.0,
6330,2729.8569333553314,-0.0,
6331,2730.281021118164,-0.21936214,
6332,2730.704491376877,-0.0,
6333,2731.129297018051,-0.14863178,
6334,2731.5537135601044,-0.0,
6335,2731.978658437729,-0.46755666,
6336,2732.4028923511505,-0.0,
6337,2732.827332496643,-0.0,
6338,2733.251716852188,-0.0120269945,
6339,2733.676105260849,-0.284944,
6340,2734.100334882736,-0.010733254,
6341,2734.5236535072327,-0.0,
6342,2734.928099632263,-0.0,
6343,2735.4213445186615,-0.4634989,
6344,2735.843917131424,-0.0,
6345,2736.2709062099457,-0.13544106,
6346,2736.693377494812,-0.04189413,
6347,2737.1199300289154,-0.57979,
6348,2737.5424904823303,-0.008146779,
6349,2737.966711997986,-0.07291251,
6350,2738.3922505378723,-0.0,
6351,2738.8152165412903,-0.002654207,
6352,2739.240254163742,-0.6372185,
6353,2739.662998199463,-0.0,
6354,2740.0890085697174,-0.17577939,
6355,2740.513160943985,-0.0,
6356,2740.9376549720764,-0.0,
6357,2741.360967874527,-0.0,
6358,2741.785133123398,-0.0,
6359,2742.2097821235657,-0.0,
6360,2742.6344542503357,-0.0,
6361,2743.0587673187256,-0.25384304,
6362,2743.482493162155,-0.0,
6363,2743.8869688510895,-2.5626188e-05,
6364,2744.373381614685,-0.41319627,
6365,2744.7962789535522,-0.0,
6366,2745.222720146179,-0.0,
6367,2745.6470153331757,-0.13681592,
6368,2746.072380542755,-0.47446418,
6369,2746.4960012435913,-0.0,
6370,2746.919198989868,-0.12777756,
6371,2747.3438742160797,-0.0,
6372,2747.7681815624237,-0.0,
6373,2748.19406914711,-0.0,
6374,2748.616690158844,-0.0,
6375,2749.041347503662,-0.0,
6376,2749.4654371738434,-0.2695592,
6377,2749.889604330063,-0.17206761,
6378,2750.31426858902,-0.0,
6379,2750.736599445343,-0.013860924,
6380,2751.1626167297363,-0.0,
6381,2751.5863285064697,-0.0,
6382,2752.0115571022034,-0.077935606,
6383,2752.4344606399536,-0.047953498,
6384,2752.837504386902,-0.0,
6385,2753.325747489929,-0.029290373,
6386,2753.7472631931305,-6.184395e-08,
6387,2754.175719022751,-0.20044789,
6388,2754.597266435623,-0.0,
6389,2755.0222799777985,-0.0,
6390,2755.445814847946,-0.23603973,
6391,2755.869652748108,-0.0,
6392,2756.2944717407227,-0.12526186,
6393,2756.716672897339,-0.041148253,
6394,2757.141802549362,-0.0,
6395,2757.5660543441772,-0.0,
6396,2757.9902346134186,-0.0,
6397,2758.414065361023,-0.0,
6398,2758.837309360504,-0.02567184,
6399,2759.26300406456,-0.05972116,
6400,2759.686288833618,-0.08590512,
6401,2760.1105976104736,-0.15343936,
6402,2760.534062385559,-0.4944502,
6403,2760.9573590755463,-0.12831983,
6404,2761.382256746292,-0.0,
6405,2761.786215543747,-0.010853387,
6406,2762.2709789276123,-0.28987184,
6407,2762.692221879959,-0.0,
6408,2763.1205167770386,-0.11840943,
6409,2763.5427207946777,-0.0,
6410,2763.9680128097534,-0.0,
6411,2764.391413450241,-0.0,
6412,2764.813973903656,-0.0,
6413,2765.2379717826843,-0.035328865,
6414,2765.6619498729706,-0.0,
6415,2766.0868422985077,-0.009354472,
6416,2766.510255098343,-0.08962312,
6417,2766.9335577487946,-0.0,
6418,2767.357896566391,-0.0,
6419,2767.782948732376,-0.012135679,
6420,2768.2070519924164,-0.0,
6421,2768.6305322647095,-0.0,
6422,2769.0546746253967,-0.09666564,
6423,2769.4778337478638,-0.06561525,
6424,2769.901968717575,-0.08504452,
6425,2770.3263463974,-0.0,
6426,2770.7304446697235,-0.0,
6427,2771.2261431217194,-0.07041732,
6428,2771.648145198822,-0.00010180891,
6429,2772.0767300128937,-0.0,
6430,2772.4989125728607,-3.005519e-07,
6431,2772.9248991012573,-0.0,
6432,2773.3482451438904,-0.01207315,
6433,2773.770537853241,-0.0,
6434,2774.196109056473,-0.46698228,
6435,2774.619027853012,-0.0,
6436,2775.0445640087128,-0.0,
6437,2775.4677319526672,-0.07335618,
6438,2775.8909006118774,-0.062298704,
6439,2776.3156185150146,-0.0,
6440,2776.740209341049,-0.26272842,
6441,2777.1656818389893,-7.546139e-08,
6442,2777.588394880295,-0.016587902,
6443,2778.012689113617,-0.21323481,
6444,2778.4369189739227,-0.40398303,
6445,2778.861269235611,-0.0,
6446,2779.284900665283,-0.0,
6447,2779.6877229213715,-0.4619537,
6448,2780.170834541321,-3.109807e-10,
6449,2780.5926008224487,-0.520466,
6450,2781.0208263397217,-2.8609739e-08,
6451,2781.4432141780853,-0.37116337,
6452,2781.8686180114746,-0.18623273,
6453,2782.2921137809753,-0.06324074,
6454,2782.7161276340485,-0.0,
6455,2783.1417355537415,-0.0,
6456,2783.563990831375,-0.0,
6457,2783.9896318912506,-0.0,
6458,2784.412507534027,-0.0,
6459,2784.8374733924866,-0.13574477,
6460,2785.261791229248,-0.0,
6461,2785.685031890869,-0.059301525,
6462,2786.109589099884,-0.0,
6463,2786.5332465171814,-0.44778448,
6464,2786.9582903385162,-0.35733712,
6465,2787.381616592407,-0.0,
6466,2787.805440425873,-0.016780123,
6467,2788.2295684814453,-0.0,
6468,2788.633552789688,-0.0,
6469,2789.115241765976,-0.0,
6470,2789.537554502487,-0.1887714,
6471,2789.9669082164764,-0.07951054,
6472,2790.3886115550995,-0.0,
6473,2790.8148953914642,-0.16500488,
6474,2791.2384345531464,-0.0,
6475,2791.661486387253,-0.13085893,
6476,2792.08620762825,-0.0,
6477,2792.508679628372,-0.25644758,
6478,2792.9344704151154,-0.0,
6479,2793.357339143753,-0.096588895,
6480,2793.781401157379,-0.43505582,
6481,2794.2044067382812,-0.0,
6482,2794.6279995441437,-0.16478448,
6483,2795.05277466774,-0.07893506,
6484,2795.4760332107544,-0.0,
6485,2795.9001417160034,-0.47656503,
6486,2796.3225247859955,-0.072024494,
6487,2796.745770931244,-0.0,
6488,2797.1710090637207,-0.0,
6489,2797.5748329162598,-0.0,
6490,2798.0376551151276,-0.0,
6491,2798.4597432613373,-0.19077486,
6492,2798.8870792388916,-0.027887832,
6493,2799.3097853660583,-0.0,
6494,2799.7353308200836,-0.27412552,
6495,2800.15877366066,-0.0,
6496,2800.58104801178,-0.0,
6497,2801.006410598755,-0.08620655,
6498,2801.4289400577545,-0.0,
6499,2801.8549222946167,-0.0,
6500,2802.2784616947174,-0.0,
6501,2802.7021477222443,-0.2705349,
6502,2803.126876592636,-0.0,
6503,2803.551158428192,-0.17569783,
6504,2803.976737499237,-0.04124882,
6505,2804.399740219116,-0.0,
6506,2804.8251123428345,-0.060270537,
6507,2805.249899148941,-0.28125155,
6508,2805.6745364665985,-0.12124419,
6509,2806.097894191742,-0.0,
6510,2806.501671075821,-0.18291669,
6511,2806.9912819862366,-0.0,
6512,2807.4126839637756,-0.14554663,
6513,2807.8397924900055,-0.076051,
6514,2808.2620713710785,-0.0,
6515,2808.687611579895,-0.0,
6516,2809.111313343048,-0.004299348,
6517,2809.534511566162,-0.0,
6518,2809.9595465660095,-0.0,
6519,2810.3822934627533,-0.075976565,
6520,2810.808833837509,-0.0,
6521,2811.232176065445,-0.0,
6522,2811.6560473442078,-0.0,
6523,2812.0798132419586,-0.0,
6524,2812.50430727005,-0.0,
6525,2812.9294559955597,-0.0,
6526,2813.35235619545,-0.0,
6527,2813.7762808799744,-0.114611015,
6528,2814.199789762497,-0.4171071,
6529,2814.6244258880615,-0.04231759,
6530,2815.048588037491,-0.0,
6531,2815.4521045684814,-0.0,
6532,2815.9516191482544,-0.013561609,
6533,2816.3735721111298,-0.0,
6534,2816.80144405365,-0.0818963,
6535,2817.2238652706146,-0.0,
6536,2817.65008020401,-0.27950054,
6537,2818.0731298923492,-0.06395302,
6538,2818.4959259033203,-0.0,
6539,2818.9210007190704,-0.0,
6540,2819.343910217285,-0.0,
6541,2819.7699942588806,-0.19186261,
6542,2820.19291639328,-0.0,
6543,2820.617107629776,-0.01129825,
6544,2821.0411813259125,-0.27993244,
6545,2821.465329647064,-0.15072563,
6546,2821.8896741867065,-0.206099,
6547,2822.3127856254578,-0.0,
6548,2822.737535715103,-0.27121407,
6549,2823.1615073680878,-0.0,
6550,2823.585908651352,-0.0,
6551,2824.0100321769714,-0.0,
6552,2824.413413286209,-0.059553646,
6553,2824.9005076885223,-0.0,
6554,2825.3229401111603,-0.0,
6555,2825.7509512901306,-0.0,
6556,2826.1728703975677,-0.0,
6557,2826.5991530418396,-0.25109297,
6558,2827.0226533412933,-0.0,
6559,2827.4469799995422,-1.7674382e-05,
6560,2827.872143507004,-0.86969584,
6561,2828.2952909469604,-0.15180273,
6562,2828.721820831299,-0.0,
6563,2829.145998239517,-0.0,
6564,2829.5706408023834,-0.0,
6565,2829.9943895339966,-0.14880203,
6566,2830.4178755283356,-0.0,
6567,2830.843423843384,-0.0,
6568,2831.267149209976,-0.07671814,
6569,2831.6907324790955,-0.0002497344,
6570,2832.1147422790527,-0.033135764,
6571,2832.538775205612,-0.0,
6572,2832.963578224182,-0.010549935,
6573,2833.366852760315,-0.0,
6574,2833.8378851413727,-0.0,
6575,2834.2599589824677,-0.0,
6576,2834.687924385071,-0.0,
6577,2835.1094086170197,-0.23009591,
6578,2835.5353763103485,-0.010699003,
6579,2835.9590196609497,-0.05186764,
6580,2836.383368730545,-0.17003305,
6581,2836.8080489635468,-0.0,
6582,2837.2304134368896,-0.0743852,
6583,2837.657655239105,-0.3520437,
6584,2838.0814039707184,-0.0,
6585,2838.50674200058,-0.0004225894,
6586,2838.929405450821,-0.389924,
6587,2839.3537228107452,-0.05414269,
6588,2839.7786762714386,-0.015955409,
6589,2840.2020959854126,-0.0,
6590,2840.6266202926636,-0.0,
6591,2841.0493466854095,-0.0,
6592,2841.4751555919647,-0.33795452,
6593,2841.899163722992,-0.010412381,
6594,2842.303281545639,-0.31894213,
6595,2842.775173664093,-0.0,
6596,2843.197147130966,-0.0,
6597,2843.625257253647,-2.3421483e-06,
6598,2844.0473062992096,-0.0,
6599,2844.473063468933,-0.13559492,
6600,2844.896661758423,-0.0,
6601,2845.3207592964172,-0.0,
6602,2845.74561214447,-0.0,
6603,2846.1677260398865,-0.0,
6604,2846.593837738037,-0.0,
6605,2847.017397880554,-0.0,
6606,2847.4433510303497,-0.071100205,
6607,2847.8668389320374,-0.0,
6608,2848.290747642517,-0.0,
6609,2848.7162754535675,-0.0,
6610,2849.1396102905273,-0.14069626,
6611,2849.563720226288,-0.0,
6612,2849.9867379665375,-0.0,
6613,2850.411787509918,-0.35373774,
6614,2850.836311817169,-0.0,
6615,2851.240645647049,-0.0,
6616,2851.715339899063,-0.0,
6617,2852.1381011009216,-0.0,
6618,2852.5654294490814,-0.0,
6619,2852.9870092868805,-0.71229964,
6620,2853.414576768875,-0.0,
6621,2853.8384635448456,-0.0,
6622,2854.2617223262787,-0.0,
6623,2854.686540365219,-0.0,
6624,2855.1092686653137,-0.0,
6625,2855.5360140800476,-0.0,
6626,2855.95907831192,-0.0,
6627,2856.3845608234406,-0.0,
6628,2856.808150291443,-0.01485865,
6629,2857.232271671295,-0.016721737,
6630,2857.657466173172,-0.33027756,
6631,2858.079201936722,-0.0,
6632,2858.5052778720856,-0.0,
6633,2858.927674293518,-0.0,
6634,2859.352788209915,-0.0,
6635,2859.7763752937317,-0.0,
6636,2860.1797864437103,-0.0019543231,
6637,2860.660088777542,-0.56937945,
6638,2861.081765651703,-0.0,
6639,2861.5102689266205,-0.051299024,
6640,2861.932842731476,-0.0,
6641,2862.358520269394,-0.116517626,
6642,2862.7810616493225,-0.0,
6643,2863.2045843601227,-2.0732047e-10,
6644,2863.630951166153,-0.0,
6645,2864.0539422035217,-0.0,
6646,2864.4788525104523,-0.0,
6647,2864.9013245105743,-0.0,
6648,2865.326640844345,-0.036735076,
6649,2865.7508549690247,-0.0,
6650,2866.1744844913483,-0.0,
6651,2866.5988233089447,-0.7316469,
6652,2867.0225791931152,-0.344939,
6653,2867.4480900764465,-0.0,
6654,2867.8715727329254,-0.0,
6655,2868.2951912879944,-0.0,
6656,2868.718772172928,-0.003781796,
6657,2869.122126340866,-0.0,
6658,2869.6069180965424,-0.0,
6659,2870.0294449329376,-0.13563344,
6660,2870.456741809845,-0.0,
6661,2870.8781921863556,-0.0,
6662,2871.304428100586,-0.14252742,
6663,2871.727781057358,-0.15681958,
6664,2872.1511080265045,-0.0,
6665,2872.5756146907806,-0.0,
6666,2872.997618198395,-0.07668154,
6667,2873.4244372844696,-0.0,
6668,2873.846964120865,-0.0,
6669,2874.2725706100464,-0.11644218,
6670,2874.6955087184906,-0.0,
6671,2875.118880033493,-0.0,
6672,2875.5438697338104,-0.123055086,
6673,2875.9670810699463,-0.2516144,
6674,2876.392425775528,-0.0,
6675,2876.8149740695953,-0.0,
6676,2877.239806652069,-0.0,
6677,2877.6642274856567,-0.0007148028,
6678,2878.0684003829956,-0.0,
6679,2878.5526926517487,-0.0,
6680,2878.9749615192413,-0.0,
6681,2879.4025995731354,-0.0,
6682,2879.824772834778,-0.34938323,
6683,2880.250741958618,-0.0,
6684,2880.6738159656525,-0.09696678,
6685,2881.096249818802,-0.04545669,
6686,2881.523263692856,-0.021148385,
6687,2881.9456481933594,-0.0,
6688,2882.372297525406,-0.0,
6689,2882.794812440872,-0.30294138,
6690,2883.218421936035,-0.06406151,
6691,2883.643671989441,-0.0,
6692,2884.066946029663,-0.042596232,
6693,2884.491399526596,-0.0,
6694,2884.9147686958313,-0.0,
6695,2885.3393499851227,-0.01935288,
6696,2885.7633740901947,-0.09381854,
6697,2886.1877901554108,-0.0,
6698,2886.6114003658295,-0.41336426,
6699,2887.0144131183624,-0.0,
6700,2887.4991025924683,-0.038907953,
6701,2887.921140432358,-0.0,
6702,2888.3516731262207,-0.019155871,
6703,2888.77365398407,-0.0,
6704,2889.198921442032,-0.0,
6705,2889.6234533786774,-0.029230362,
6706,2890.0460278987885,-0.0,
6707,2890.4725971221924,-9.2489916e-10,
6708,2890.8949394226074,-0.13832492,
6709,2891.319958925247,-0.11364883,
6710,2891.743766307831,-0.0,
6711,2892.167880296707,-0.0,
6712,2892.5920577049255,-0.0647688,
6713,2893.0152044296265,-0.042711157,
6714,2893.441156387329,-1.9695425e-09,
6715,2893.865753889084,-0.0,
6716,2894.289678812027,-0.0,
6717,2894.7130517959595,-0.098186836,
6718,2895.136896133423,-0.5866192,
6719,2895.5617446899414,-0.0,
6720,2895.9651741981506,-0.0,
6721,2896.4635016918182,-0.0,
6722,2896.885084629059,-0.0,
6723,2897.3127992153168,-0.0,
6724,2897.734794616699,-0.06362314,
6725,2898.161175251007,-0.0,
6726,2898.584893465042,-0.0,
6727,2899.007709980011,-0.06649429,
6728,2899.433335542679,-0.17061988,
6729,2899.8555393218994,-0.0,
6730,2900.2819950580597,-0.15980445,
6731,2900.7050037384033,-0.0,
6732,2901.129035949707,-0.0,
6733,2901.5534851551056,-0.1271848,
6734,2901.97726893425,-0.34982938,
6735,2902.402350664139,-0.0,
6736,2902.826019048691,-0.0,
6737,2903.2495119571686,-0.24151728,
6738,2903.6731748580933,-0.0,
6739,2904.0979611873627,-0.0,
6740,2904.523355960846,-0.0,
6741,2904.926901102066,-0.0,
6742,2905.4059064388275,-0.0,
6743,2905.8270251750946,-0.0,
6744,2906.254802465439,-7.904563e-08,
6745,2906.6774730682373,-0.0,
6746,2907.1028773784637,-0.0,
6747,2907.5261347293854,-0.0,
6748,2907.948746442795,-0.12353772,
6749,2908.374542236328,-0.0,
6750,2908.797312259674,-0.0,
6751,2909.224247455597,-0.0,
6752,2909.646926879883,-0.0,
6753,2910.0726816654205,-0.27882814,
6754,2910.498072862625,-0.46256173,
6755,2910.922434091568,-0.0,
6756,2911.349262714386,-0.011520804,
6757,2911.7733993530273,-0.07809026,
6758,2912.1992242336273,-0.0,
6759,2912.622189760208,-0.0,
6760,2913.0468282699585,-0.01788072,
6761,2913.47109913826,-0.0,
6762,2913.8744246959686,-0.0,
6763,2914.3615086078644,-0.0,
6764,2914.782646894455,-0.0,
6765,2915.2102797031403,-0.0,
6766,2915.6331429481506,-0.0,
6767,2916.058562040329,-0.0,
6768,2916.4816403388977,-0.0,
6769,2916.9042613506317,-0.1795494,
6770,2917.329695701599,-0.0,
6771,2917.752811193466,-0.07975861,
6772,2918.1789257526398,-0.0,
6773,2918.6014626026154,-0.0,
6774,2919.0254714488983,-0.0,
6775,2919.4494395256042,-0.025193304,
6776,2919.873689889908,-0.0,
6777,2920.2988147735596,-0.036933236,
6778,2920.721449613571,-0.08785717,
6779,2921.1469674110413,-0.0,
6780,2921.5709760189056,-0.8360798,
6781,2921.9952917099,-0.0435304,
6782,2922.418562889099,-0.0,
6783,2922.822266817093,-0.0,
6784,2923.3074555397034,-0.2905057,
6785,2923.7292261123657,-0.0,
6786,2924.156979560852,-0.0,
6787,2924.5781741142273,-0.0,
6788,2925.004031419754,-0.0,
6789,2925.427542448044,-0.0,
6790,2925.851564645767,-0.36061722,
6791,2926.27738404274,-0.0,
6792,2926.699350118637,-0.05084424,
6793,2927.124247074127,-0.0,
6794,2927.5474643707275,-0.5033838,
6795,2927.973104953766,-0.033221975,
6796,2928.3966686725616,-0.08212099,
6797,2928.820217847824,-0.5566333,
6798,2929.245301961899,-0.07565519,
6799,2929.6690640449524,-0.073611334,
6800,2930.0947597026825,-0.0,
6801,2930.5181357860565,-0.0,
6802,2930.941354751587,-0.010202324,
6803,2931.3666739463806,-0.0,
6804,2931.7711679935455,-0.040202368,
6805,2932.2455656528473,-0.0,
6806,2932.667865753174,-0.0,
6807,2933.0969200134277,-0.0,
6808,2933.518481016159,-0.0,
6809,2933.943943500519,-0.075578436,
6810,2934.367253780365,-0.04504553,
6811,2934.7910714149475,-0.0,
6812,2935.2155413627625,-0.065936305,
6813,2935.6374566555023,-0.014052957,
6814,2936.0633742809296,-0.0,
6815,2936.4867367744446,-9.682231e-05,
6816,2936.9118616580963,-0.024722971,
6817,2937.335925102234,-0.075619206,
6818,2937.758335351944,-0.35912848,
6819,2938.183591604233,-0.5564755,
6820,2938.607122182846,-0.0,
6821,2939.0323173999786,-0.0,
6822,2939.4550244808197,-0.0,
6823,2939.8786675930023,-0.08017859,
6824,2940.3039128780365,-0.0,
6825,2940.7071409225464,-0.0,
6826,2941.1849970817566,-0.0,
6827,2941.606550216675,-0.0,
6828,2942.0358674526215,-2.0533545e-07,
6829,2942.4575810432434,-0.0,
6830,2942.883136987686,-0.0,
6831,2943.3068192005157,-0.015865427,
6832,2943.729564189911,-0.46487713,
6833,2944.154548883438,-0.0,
6834,2944.576030254364,-0.0,
6835,2945.0008907318115,-0.0032633585,
6836,2945.4248321056366,-0.11036211,
6837,2945.8492317199707,-0.0,
6838,2946.273268222809,-0.0,
6839,2946.695609331131,-0.10679905,
6840,2947.1201043128967,-2.0229188e-06,
6841,2947.54411816597,-0.5223584,
6842,2947.9683542251587,-0.0,
6843,2948.3914382457733,-0.08753073,
6844,2948.8157143592834,-0.0,
6845,2949.240088701248,-0.036874093,
6846,2949.6440336704254,-0.0,
6847,2950.1326377391815,-0.0,
6848,2950.5547931194305,-0.0,
6849,2950.98122549057,-0.0,
6850,2951.404302597046,-0.0,
6851,2951.8292949199677,-0.00045213127,
6852,2952.252283334732,-0.0,
6853,2952.675472974777,-0.0576785,
6854,2953.1002674102783,-0.0,
6855,2953.5238976478577,-0.0,
6856,2953.949070215225,-0.0,
6857,2954.3718316555023,-0.0,
6858,2954.795829772949,-0.3700804,
6859,2955.2197823524475,-0.42111188,
6860,2955.644684791565,-0.01792587,
6861,2956.067991256714,-0.0,
6862,2956.490942955017,-0.0,
6863,2956.9157421588898,-0.0,
6864,2957.339808702469,-0.0,
6865,2957.7644629478455,-0.07916782,
6866,2958.1878292560577,-0.012852015,
6867,2958.5910029411316,-0.0,
6868,2959.077215194702,-0.24965627,
6869,2959.498876810074,-0.0,
6870,2959.9276835918427,-1.8956012e-08,
6871,2960.348761320114,-0.3372882,
6872,2960.7740380764008,-0.0,
6873,2961.197202205658,-0.0,
6874,2961.620406627655,-0.58893955,
6875,2962.04590511322,-0.36684912,
6876,2962.4679243564606,-0.0,
6877,2962.893559217453,-0.21597977,
6878,2963.3171348571777,-0.0,
6879,2963.7420716285706,-0.10228443,
6880,2964.166110754013,-0.70229554,
6881,2964.5891358852386,-0.0,
6882,2965.013870716095,-0.1180359,
6883,2965.437539100647,-0.0857106,
6884,2965.861894607544,-0.0,
6885,2966.2850253582,-0.0,
6886,2966.708614587784,-0.15884706,
6887,2967.132819414139,-0.0,
6888,2967.5370428562164,-0.44514093,
6889,2968.031242609024,-0.0,
6890,2968.453331708908,-0.0,
6891,2968.8814799785614,-0.3045029,
6892,2969.304243326187,-0.0,
6893,2969.729381084442,-0.28143865,
6894,2970.1529870033264,-0.0,
6895,2970.5771193504333,-0.0,
6896,2971.0019783973694,-0.0,
6897,2971.4246118068695,-0.023676226,
6898,2971.8492937088013,-0.0,
6899,2972.2736048698425,-0.0,
6900,2972.6985850334167,-0.7301812,
6901,2973.1229588985443,-0.0,
6902,2973.5464375019073,-0.06847121,
6903,2973.970390558243,-0.27907458,
6904,2974.3952317237854,-0.7621088,
6905,2974.8198232650757,-0.0,
6906,2975.2432243824005,-0.0,
6907,2975.6672427654266,-0.72909236,
6908,2976.0907571315765,-0.06612933,
6909,2976.4965331554413,-0.00033558786,
6910,2976.995119333267,-0.0,
6911,2977.417496204376,-0.0,
6912,2977.845880508423,-0.0,
6913,2978.267478942871,-0.0,
6914,2978.695072889328,-0.055106115,
6915,2979.1192824840546,-0.0,
6916,2979.5422773361206,-0.08068739,
6917,2979.9668662548065,-0.1614058,
6918,2980.389737844467,-0.0,
6919,2980.816180706024,-0.0,
6920,2981.239933490753,-0.0,
6921,2981.6640388965607,-0.2051148,
6922,2982.0875012874603,-0.0,
6923,2982.5110862255096,-0.0,
6924,2982.9359011650085,-0.0,
6925,2983.358794927597,-0.018031232,
6926,2983.782879114151,-0.0,
6927,2984.2060322761536,-0.14000617,
6928,2984.630324602127,-0.0,
6929,2985.055154323578,-0.12177821,
6930,2985.458808898926,-0.0,
6931,2985.9477784633636,-0.017871205,
6932,2986.370223760605,-0.0,
6933,2986.7983117103577,-0.0,
6934,2987.219695329666,-0.0,
6935,2987.6454544067383,-0.093330726,
6936,2988.0684752464294,-0.0,
6937,2988.4918127059937,-0.0,
6938,2988.9170701503754,-0.18294072,
6939,2989.339483976364,-0.26811063,
6940,2989.7659010887146,-0.03836677,
6941,2990.188775539398,-0.0,
6942,2990.61389708519,-0.042171065,
6943,2991.0372426509857,-0.0,
6944,2991.461264848709,-0.0,
6945,2991.8859770298004,-0.0,
6946,2992.3096582889557,-0.0,
6947,2992.7346036434174,-0.0,
6948,2993.156759738922,-0.0,
6949,2993.5811479091644,-0.0,
6950,2994.0043132305145,-0.08345605,
6951,2994.408536195755,-0.15901387,
6952,2994.889536380768,-0.0,
6953,2995.311821460724,-0.0,
6954,2995.7407364845276,-0.0,
6955,2996.162460565567,-0.0013007892,
6956,2996.5896532535553,-0.0,
6957,2997.0137140750885,-0.0,
6958,2997.4369983673096,-0.0,
6959,2997.861899137497,-0.4099771,
6960,2998.284598827362,-0.0,
6961,2998.7106716632843,-0.09412752,
6962,2999.1337406635284,-0.21052015,
6963,2999.558378458023,-0.0,
6964,2999.982179880142,-0.0,
6965,3000.405818939209,-0.0,
6966,3000.8309309482574,-0.014287023,
6967,3001.2536392211914,-0.0,
6968,3001.6778728961945,-0.03469455,
6969,3002.1014182567596,-0.03080326,
6970,3002.5264880657196,-0.9441647,
6971,3002.9506809711456,-0.0,
6972,3003.3534801006317,-0.0,
6973,3003.844207048416,-0.0,
6974,3004.2655866146088,-0.053220086,
6975,3004.6939363479614,-0.47988123,
6976,3005.115505218506,-0.0,
6977,3005.5409185886383,-0.08069798,
6978,3005.964560031891,-0.0,
6979,3006.3878173828125,-0.0,
6980,3006.8128027915955,-0.0,
6981,3007.2350142002106,-0.0,
6982,3007.6605246067047,-0.0,
6983,3008.084124326706,-0.0,
6984,3008.508680343628,-0.0,
6985,3008.933523416519,-0.18525699,
6986,3009.3559110164642,-0.92951024,
6987,3009.7801785469055,-0.0,
6988,3010.204136133194,-5.051226e-09,
6989,3010.628976583481,-0.0,
6990,3011.0533044338226,-0.07632283,
6991,3011.4770617485046,-0.11620714,
6992,3011.9022285938263,-0.0,
6993,3012.30633687973,-0.0,
6994,3012.7813045978546,-0.0,
6995,3013.202913761139,-0.008822503,
6996,3013.6311688423157,-0.0,
6997,3014.0525455474854,-0.0,
6998,3014.4791185855865,-0.037387997,
6999,3014.9023776054382,-0.0,
7000,3015.3263325691223,-0.0,
7001,3015.751498937607,-0.055198856,
7002,3016.1733977794647,-0.6287543,
7003,3016.600282430649,-0.0,
7004,3017.023859500885,-1.5506888e-06,
7005,3017.4491777420044,-0.0,
7006,3017.872230052948,-0.0,
7007,3018.2969748973846,-0.27463713,
7008,3018.7217376232147,-0.0,
7009,3019.14524769783,-0.09551149,
7010,3019.5693066120148,-0.0,
7011,3019.992219686508,-1.9383621e-10,
7012,3020.4170582294464,-0.3401695,
7013,3020.840817451477,-0.0,
7014,3021.244880914688,-0.11329411,
7015,3021.726410150528,-0.0,
7016,3022.1473066806793,-0.0,
7017,3022.576223373413,-0.0,
7018,3022.9990723133087,-0.0,
7019,3023.4250473976135,-0.47539455,
7020,3023.8476145267487,-0.4664657,
7021,3024.270211458206,-0.0,
7022,3024.6954140663147,-0.0,
7023,3025.1178107261658,-0.0,
7024,3025.5438623428345,-0.0,
7025,3025.966282606125,-0.0,
7026,3026.3904378414154,-0.0,
7027,3026.8140189647675,-0.0,
7028,3027.237547159195,-0.0,
7029,3027.663079738617,-0.0,
7030,3028.0875585079193,-0.0,
7031,3028.5123217105865,-0.0,
7032,3028.936089515686,-0.0,
7033,3029.3606717586517,-1.5892264,
7034,3029.78511595726,-0.0,
7035,3030.1880900859833,-1.2417634e-10,
7036,3030.691992998123,-0.0,
7037,3031.1139390468597,-0.0,
7038,3031.541232585907,-0.0,
7039,3031.963031053543,-0.116574384,
7040,3032.3881978988647,-2.2415392e-09,
7041,3032.812002182007,-3.6148315e-06,
7042,3033.235999107361,-0.23161708,
7043,3033.661704301834,-0.0,
7044,3034.083417415619,-0.0,
7045,3034.5092833042145,-0.0,
7046,3034.9322509765625,-0.0,
7047,3035.3578429222107,-0.0,
7048,3035.7820653915405,-0.0,
7049,3036.205093383789,-0.6210132,
7050,3036.62983751297,-0.18712962,
7051,3037.053990125656,-0.15051284,
7052,3037.479254961014,-0.05785837,
7053,3037.9030148983,-0.0,
7054,3038.327303171158,-0.056610662,
7055,3038.751873254776,-0.0,
7056,3039.1560332775116,-0.0,
7057,3039.630805492401,-8.4656915e-07,
7058,3040.052582502365,-0.61555356,
7059,3040.48096370697,-0.0,
7060,3040.901997089386,-0.0,
7061,3041.3270120620728,-0.00669963,
7062,3041.750338792801,-0.0,
7063,3042.1744513511658,-0.17011671,
7064,3042.5999200344086,-0.0,
7065,3043.0216426849365,-0.039779462,
7066,3043.4476687908173,-0.0,
7067,3043.8708696365356,-0.0,
7068,3044.296335220337,-0.0,
7069,3044.7205986976624,-0.0,
7070,3045.1432490348816,-0.59560215,
7071,3045.567648410797,-0.0,
7072,3045.99032497406,-0.0,
7073,3046.415697336197,-0.022855194,
7074,3046.8387949466705,-0.25200605,
7075,3047.2621314525604,-0.2918563,
7076,3047.686680793762,-0.0,
7077,3048.089687347412,-0.37607858,
7078,3048.5731818675995,-0.0,
7079,3048.995193004608,-0.0,
7080,3049.422015428543,-0.013256125,
7081,3049.8438000679016,-0.22171059,
7082,3050.270212173462,-0.0,
7083,3050.6943798065186,-0.0,
7084,3051.1169607639313,-0.1544389,
7085,3051.5420536994934,-0.0,
7086,3051.9634697437286,-0.0,
7087,3052.388678789139,-0.00010348209,
7088,3052.8120453357697,-0.06320094,
7089,3053.2367630004883,-0.09147135,
7090,3053.660390138626,-0.28439122,
7091,3054.082740545273,-0.0,
7092,3054.5081825256348,-0.035178993,
7093,3054.931179046631,-0.0,
7094,3055.3556575775146,-0.0,
7095,3055.77889585495,-0.0,
7096,3056.2019407749176,-0.065919235,
7097,3056.626326560974,-0.0,
7098,3057.030014514923,-0.0,
7099,3057.5144686698914,-0.0,
7100,3057.935648918152,-0.0,
7101,3058.3622903823853,-0.0,
7102,3058.784648656845,-0.0,
7103,3059.209827184677,-0.0,
7104,3059.6339230537415,-0.015823638,
7105,3060.0572543144226,-0.0,
7106,3060.4820420742035,-0.0,
7107,3060.904443502426,-0.0,
7108,3061.3295137882233,-0.12644863,
7109,3061.7524881362915,-0.9365792,
7110,3062.176088809967,-0.0,
7111,3062.5997829437256,-0.033752926,
7112,3063.0241689682007,-0.01773683,
7113,3063.449384689331,-0.044897214,
7114,3063.872752904892,-0.22739951,
7115,3064.295863866806,-0.058784552,
7116,3064.7189633846283,-0.0077591063,
7117,3065.1438179016113,-0.0,
7118,3065.567652463913,-0.0,
7119,3065.9710001945496,-0.0,
7120,3066.4592714309692,-0.0,
7121,3066.88112449646,-0.29191384,
7122,3067.30895280838,-0.0,
7123,3067.7309396266937,-0.21367157,
7124,3068.1569254398346,-0.0,
7125,3068.5810811519623,-0.0,
7126,3069.004809617996,-0.15801987,
7127,3069.4306149482727,-0.0009768122,
7128,3069.8530774116516,-0.0,
7129,3070.27791428566,-0.0,
7130,3070.7009444236755,-1.1278709e-05,
7131,3071.125522851944,-0.06469286,
7132,3071.550068616867,-0.0,
7133,3071.973394393921,-0.0,
7134,3072.3973982334137,-0.0356523,
7135,3072.8216803073883,-0.09407374,
7136,3073.2465925216675,-0.0,
7137,3073.6702523231506,-0.0,
7138,3074.093955516815,-0.0,
7139,3074.5181407928467,-0.029367134,
7140,3074.921592235565,-0.13793612,
7141,3075.4102363586426,-0.48462772,
7142,3075.831213951111,-0.0,
7143,3076.2584047317505,-7.866522e-05,
7144,3076.6810166835785,-0.0,
7145,3077.1066546440125,-0.0,
7146,3077.5298755168915,-0.051796276,
7147,3077.952294111252,-0.0,
7148,3078.37713098526,-0.0,
7149,3078.800181865692,-0.099201515,
7150,3079.2250230312347,-0.0063604293,
7151,3079.64799952507,-0.07259081,
7152,3080.071773290634,-0.0,
7153,3080.4966604709625,-0.0,
7154,3080.919813632965,-0.073916845,
7155,3081.344439268112,-0.0,
7156,3081.7675836086273,-0.35855812,
7157,3082.191385269165,-0.0020610113,
7158,3082.6151144504547,-0.0,
7159,3083.0395317077637,-0.0,
7160,3083.4644722938538,-0.12643424,
7161,3083.868561267853,-0.0,
7162,3084.3542227745056,-0.0,
7163,3084.7764501571655,-0.46307486,
7164,3085.2041442394257,-0.0037620522,
7165,3085.6257824897766,-0.17008856,
7166,3086.0514013767242,-0.0,
7167,3086.474561214447,-0.0,
7168,3086.897726535797,-0.0,
7169,3087.324297428131,-0.0,
7170,3087.7457518577576,-0.62617695,
7171,3088.170529127121,-0.0,
7172,3088.593944311142,-0.36168015,
7173,3089.0194408893585,-0.11736451,
7174,3089.4437623023987,-0.09419515,
7175,3089.866924762726,-0.0,
7176,3090.2913422584534,-0.0,
7177,3090.715788602829,-1.0366025e-10,
7178,3091.140950679779,-0.0929658,
7179,3091.5647242069244,-0.0,
7180,3091.9893498420715,-0.22544,
7181,3092.4136860370636,-0.0,
7182,3092.8177015781403,-0.0,
7183,3093.305385351181,-0.0,
7184,3093.7270209789276,-0.0,
7185,3094.155765771866,-0.526349,
7186,3094.5784828662872,-0.0,
7187,3095.004980802536,-0.0,
7188,3095.4284098148346,-0.12271583,
7189,3095.8526186943054,-0.0,
7190,3096.2787806987762,-0.008388823,
7191,3096.70157289505,-0.0,
7192,3097.127401828766,-0.0,
7193,3097.551577568054,-0.5780145,
7194,3097.975422859192,-0.0,
7195,3098.400944709778,-0.0,
7196,3098.823673248291,-0.4841172,
7197,3099.2489240169525,-0.0817595,
7198,3099.6718463897705,-0.37012583,
7199,3100.0967643260956,-0.0014944361,
7200,3100.520911693573,-0.0,
7201,3100.9440677165985,-0.0,
7202,3101.368896007538,-0.7763154,
7203,3101.7729909420013,-0.0,
7204,3102.2532258033752,-0.0,
7205,3102.6746842861176,-0.0,
7206,3103.1028175354004,-0.0,
7207,3103.524248123169,-0.048929,
7208,3103.9497883319855,-0.0,
7209,3104.374475002289,-0.0,
7210,3104.797539949417,-0.0,
7211,3105.223125219345,-0.0,
7212,3105.6444573402405,-0.0,
7213,3106.069709777832,-0.0,
7214,3106.4971911907196,-0.0,
7215,3106.921443462372,-0.0,
7216,3107.3459911346436,-0.0,
7217,3107.769190788269,-0.041778527,
7218,3108.194306373596,-0.4850945,
7219,3108.6179757118225,-0.0,
7220,3109.041490316391,-0.0,
7221,3109.4668760299683,-0.0,
7222,3109.8919167518616,-0.11421891,
7223,3110.316951751709,-0.0,
7224,3110.7199211120605,-0.0,
7225,3111.208590745926,-0.0,
7226,3111.630941390991,-0.0,
7227,3112.059131860733,-0.77521896,
7228,3112.4801704883575,-0.33456194,
7229,3112.9053797721863,-0.0,
7230,3113.329055786133,-0.84367234,
7231,3113.7521784305573,-0.16283527,
7232,3114.1772339344025,-0.0,
7233,3114.599529504776,-0.0,
7234,3115.02392911911,-0.0,
7235,3115.448455095291,-0.019837132,
7236,3115.8723015785217,-0.080680795,
7237,3116.2956540584564,-0.0,
7238,3116.718907594681,-0.0,
7239,3117.14275765419,-0.0,
7240,3117.5679502487183,-0.21548061,
7241,3117.992120027542,-0.0,
7242,3118.415970802307,-0.02285523,
7243,3118.8390250205994,-0.0,
7244,3119.262875556946,-0.0,
7245,3119.667727947235,-0.0,
7246,3120.1636741161346,-0.0,
7247,3120.5854046344757,-0.0,
7248,3121.0137898921967,-0.0,
7249,3121.4352889060974,-0.060723048,
7250,3121.8609499931335,-0.78880405,
7251,3122.2846732139587,-0.15925409,
7252,3122.7088119983673,-0.6509669,
7253,3123.1339774131775,-0.0,
7254,3123.556222677231,-0.1090894,
7255,3123.982964038849,-0.3850042,
7256,3124.406559944153,-0.21182556,
7257,3124.8331196308136,-0.04638439,
7258,3125.2582499980927,-0.0,
7259,3125.6821060180664,-2.1081658e-05,
7260,3126.107676267624,-0.0,
7261,3126.53094124794,-0.21979639,
7262,3126.955243587494,-0.1421835,
7263,3127.3783099651337,-0.0,
7264,3127.8031072616577,-0.0,
7265,3128.2281079292297,-0.0,
7266,3128.6325101852417,-0.058547437,
7267,3129.1182062625885,-0.0,
7268,3129.53994846344,-0.0,
7269,3129.969036579132,-0.0,
7270,3130.3909821510315,-0.0,
7271,3130.8164024353027,-0.09440081,
7272,3131.2396852970123,-0.0,
7273,3131.662897348404,-0.0,
7274,3132.08895111084,-0.0,
7275,3132.510493993759,-0.040472448,
7276,3132.935870885849,-0.08354997,
7277,3133.359186410904,-4.146409e-10,
7278,3133.784120082855,-0.0,
7279,3134.208609342575,-0.0,
7280,3134.631100654602,-0.8110417,
7281,3135.056151151657,-0.0,
7282,3135.478433609009,-0.05257113,
7283,3135.9038712978363,-0.0,
7284,3136.327586889267,-0.048360858,
7285,3136.7515048980713,-0.17269453,
7286,3137.1751091480255,-0.0,
7287,3137.5784561634064,-0.0,
7288,3138.0619084835052,-0.07500468,
7289,3138.4836394786835,-0.0,
7290,3138.911468029022,-0.0,
7291,3139.3326785564423,-0.25356668,
7292,3139.760442018509,-0.006347536,
7293,3140.183680534363,-0.0,
7294,3140.6074521541595,-2.506144e-07,
7295,3141.0326488018036,-0.0,
7296,3141.4547650814056,-0.0,
7297,3141.881576061249,-0.0,
7298,3142.305115699768,-0.23785353,
7299,3142.7303392887115,-0.0,
7300,3143.154012441635,-0.0,
7301,3143.577391386032,-0.0,
7302,3144.0026483535767,-0.16008982,
7303,3144.42618227005,-0.0,
7304,3144.8506631851196,-0.107875325,
7305,3145.2750017642975,-0.10324024,
7306,3145.698712348938,-0.0,
7307,3146.123200416565,-0.0,
7308,3146.528139591217,-0.9949987,
7309,3147.0158908367157,-0.04175676,
7310,3147.4385595321655,-0.21669576,
7311,3147.8670647144318,-0.0,
7312,3148.288997888565,-0.0,
7313,3148.7141664028168,-0.0,
7314,3149.1385490894318,-0.0,
7315,3149.5619287490845,-0.0,
7316,3149.9860286712646,-0.039789956,
7317,3150.4082736968994,-0.034097694,
7318,3150.833238840103,-0.0093871,
7319,3151.257082223892,-0.0,
7320,3151.6810352802277,-0.70480657,
7321,3152.105296611786,-0.0,
7322,3152.5283946990967,-0.0,
7323,3152.9529197216034,-0.20517501,
7324,3153.37646818161,-0.0013758078,
7325,3153.801008939743,-0.042533454,
7326,3154.224608182907,-0.0,
7327,3154.647294998169,-0.0,
7328,3155.071820497513,-0.0,
7329,3155.4756774902344,-0.0,
7330,3155.961302280426,-0.014469847,
7331,3156.38360786438,-0.0,
7332,3156.811973810196,-0.0,
7333,3157.2337720394135,-0.0,
7334,3157.6600222587585,-0.14902028,
7335,3158.0846791267395,-0.03677654,
7336,3158.507466316223,-0.0,
7337,3158.9329833984375,-0.04514271,
7338,3159.3556735515594,-0.43469095,
7339,3159.7811419963837,-0.0,
7340,3160.203970193863,-0.0,
7341,3160.628043651581,-0.3173506,
7342,3161.0548555850983,-0.0,
7343,3161.4791021347046,-0.0,
7344,3161.9030423164368,-0.0042336215,
7345,3162.3261959552765,-0.015625035,
7346,3162.7511479854584,-0.0,
7347,3163.1758971214294,-0.0,
7348,3163.6002650260925,-0.0,
7349,3164.024021625519,-0.30207533,
7350,3164.4274270534515,-0.14570215,
7351,3164.9105458259583,-0.09121835,
7352,3165.331841945648,-0.0,
7353,3165.760975599289,-0.0,
7354,3166.1837301254272,-0.053703733,
7355,3166.609318256378,-0.0,
7356,3167.0339484214783,-0.0,
7357,3167.457596540451,-0.0,
7358,3167.8822231292725,-0.0,
7359,3168.303828239441,-0.0,
7360,3168.728541612625,-0.0,
7361,3169.152596473694,-0.0,
7362,3169.5778999328613,-0.5292669,
7363,3170.001790523529,-0.81114924,
7364,3170.4253957271576,-0.32523406,
7365,3170.8506734371185,-0.0,
7366,3171.27516579628,-0.0,
7367,3171.699155330658,-0.0,
7368,3172.1228580474854,-0.24547498,
7369,3172.5465891361237,-0.30790484,
7370,3172.971582174301,-0.013822498,
7371,3173.375512599945,-2.910287e-07,
7372,3173.8734650611877,-0.0,
7373,3174.2966027259827,-0.0,
7374,3174.7240686416626,-0.0,
7375,3175.1459789276123,-0.0,
7376,3175.5717236995697,-0.0,
7377,3175.9960329532623,-0.0,
7378,3176.418198823929,-0.0,
7379,3176.8439450263977,-0.04760558,
7380,3177.266790151596,-0.3932951,
7381,3177.6920018196106,-0.08344212,
7382,3178.115655899048,-0.0,
7383,3178.538830280304,-0.0,
7384,3178.9632444381714,-0.0732566,
7385,3179.3869252204895,-0.0,
7386,3179.812758922577,-0.058718927,
7387,3180.235344648361,-0.0,
7388,3180.659730911255,-0.0,
7389,3181.0839705467224,-0.0,
7390,3181.507399559021,-0.0,
7391,3181.9327149391174,-0.0,
7392,3182.3350219726562,-0.0963483,
7393,3182.8322806358337,-0.9033491,
7394,3183.253798007965,-0.2762233,
7395,3183.68203496933,-1.1880667e-07,
7396,3184.1041643619537,-0.0,
7397,3184.529760122299,-0.048268937,
7398,3184.9538023471832,-0.4558147,
7399,3185.376450777054,-0.0,
7400,3185.801526784897,-0.25327444,
7401,3186.2253012657166,-0.0,
7402,3186.6510393619537,-0.557256,
7403,3187.074775457382,-0.0,
7404,3187.49818444252,-0.0,
7405,3187.9232058525085,-0.0,
7406,3188.3474049568176,-0.0,
7407,3188.7731227874756,-0.023973294,
7408,3189.195870399475,-0.0,
7409,3189.62069272995,-0.0,
7410,3190.044634580612,-0.0,
7411,3190.469410419464,-0.0,
7412,3190.8928060531616,-0.0,
7413,3191.2964334487915,-0.0,
7414,3191.7846682071686,-0.0,
7415,3192.2068428993225,-0.025374789,
7416,3192.635238170624,-0.0,
7417,3193.0567755699158,-0.0750376,
7418,3193.483671426773,-0.20203786,
7419,3193.9078092575073,-0.0,
7420,3194.3310191631317,-0.0,
7421,3194.7554602622986,-0.0,
7422,3195.1777737140656,-0.017879013,
7423,3195.603778362274,-0.077404454,
7424,3196.0274221897125,-0.0,
7425,3196.452488183975,-0.05860601,
7426,3196.8757140636444,-0.0,
7427,3197.2997884750366,-0.0,
7428,3197.7245790958405,-0.0,
7429,3198.1485216617584,-0.63155276,
7430,3198.5737178325653,-0.0,
7431,3198.9974842071533,-0.0,
7432,3199.4219551086426,-0.019239044,
7433,3199.845977783203,-0.0,
7434,3200.249648809433,-0.022597816,
7435,3200.728037595749,-0.15884455,
7436,3201.150255918503,-0.0,
7437,3201.5774235725403,-0.0,
7438,3202.001058578491,-0.0,
7439,3202.4262778759003,-0.5613725,
7440,3202.8504605293274,-0.0,
7441,3203.273668527603,-0.0,
7442,3203.6987538337708,-0.0,
7443,3204.12300658226,-0.0,
7444,3204.548389673233,-0.0,
7445,3204.9715073108673,-0.0,
7446,3205.3962121009827,-0.17697306,
7447,3205.821352481842,-0.22374463,
7448,3206.245802640915,-0.04595084,
7449,3206.670867204666,-0.0,
7450,3207.09366607666,-0.0,
7451,3207.5180501937866,-0.03371581,
7452,3207.9420249462128,-0.0,
7453,3208.3659868240356,-0.029805705,
7454,3208.7895817756653,-0.0,
7455,3209.192920446396,-0.0,
7456,3209.6843407154083,-0.0,
7457,3210.1069095134735,-0.0,
7458,3210.5354273319244,-0.0,
7459,3210.958782672882,-0.04763806,
7460,3211.385806798935,-0.0,
7461,3211.8096482753754,-0.110964164,
7462,3212.2324364185333,-0.0076552173,
7463,3212.6584887504578,-0.1779559,
7464,3213.082181453705,-2.2675413e-06,
7465,3213.5061016082764,-0.0,
7466,3213.928652048111,-0.058406748,
7467,3214.35356593132,-0.16807075,
7468,3214.777934074402,-0.031459246,
7469,3215.2018995285034,-0.0,
7470,3215.626038312912,-0.0,
7471,3216.0484812259674,-0.0,
7472,3216.4722695350647,-0.0,
7473,3216.896579027176,-0.0,
7474,3217.3209280967712,-0.0012811272,
7475,3217.7443838119507,-0.0,
7476,3218.148453235626,-0.0,
7477,3218.626664161682,-0.012198193,
7478,3219.0484504699707,-0.0,
7479,3219.4754424095154,-0.0,
7480,3219.8980107307434,-5.5270726e-07,
7481,3220.323178291321,-0.6079401,
7482,3220.7457404136658,-0.0,
7483,3221.1686522960663,-0.0,
7484,3221.594035387039,-0.0,
7485,3222.01696062088,-0.0,
7486,3222.4425282478333,-0.12976679,
7487,3222.8656766414642,-0.18124647,
7488,3223.289453268051,-0.0,
7489,3223.714140892029,-0.0,
7490,3224.1381776332855,-0.0,
7491,3224.5617899894714,-0.0,
7492,3224.9851248264313,-0.0,
7493,3225.4101707935333,-0.18026772,
7494,3225.8345165252686,-0.0,
7495,3226.25897192955,-0.51963395,
7496,3226.6824810504913,-0.35486186,
7497,3227.0866565704346,-0.18979326,
7498,3227.5798165798187,-0.0,
7499,3228.0018537044525,-1.144478,
7500,3228.4300503730774,-0.0,
7501,3228.852387905121,-0.0,
7502,3229.279171705246,-0.0,
7503,3229.70192360878,-0.112099305,
7504,3230.124713420868,-0.0,
7505,3230.550256252289,-0.0026774663,
7506,3230.97336435318,-0.0,
7507,3231.399315595627,-0.0,
7508,3231.8220632076263,-0.0,
7509,3232.245461463928,-0.0,
7510,3232.6701209545135,-0.012289446,
7511,3233.0937507152557,-0.0,
7512,3233.518698692322,-0.1692042,
7513,3233.942056417465,-0.0,
7514,3234.3663601875305,-0.08399312,
7515,3234.791215658188,-0.026943509,
7516,3235.215768814087,-0.0,
7517,3235.639093399048,-0.0,
7518,3236.0416786670685,-0.0,
7519,3236.537535905838,-0.0,
7520,3236.9592461586,-0.0,
7521,3237.3866758346558,-0.0,
7522,3237.808632850647,-0.26833874,
7523,3238.2340393066406,-0.022995003,
7524,3238.6579377651215,-0.0,
7525,3239.08149266243,-0.519414,
7526,3239.506933450699,-0.04466141,
7527,3239.9305288791656,-0.03970704,
7528,3240.3559277057648,-0.0,
7529,3240.7791612148285,-0.0,
7530,3241.2028737068176,-0.06629318,
7531,3241.627746105194,-0.06545187,
7532,3242.052379131317,-0.0,
7533,3242.4763383865356,-0.0,
7534,3242.9001517295837,-0.06669161,
7535,3243.3242931365967,-0.041323993,
7536,3243.748846054077,-0.0,
7537,3244.172913789749,-0.0,
7538,3244.596342086792,-0.36048844,
7539,3244.9996025562286,-0.15078679,
7540,3245.47452712059,-0.0,
7541,3245.8958246707916,-0.0,
7542,3246.323673248291,-0.0,
7543,3246.7467749118805,-0.0,
7544,3247.172661304474,-0.072881065,
7545,3247.5965597629547,-0.09523411,
7546,3248.0191934108734,-0.13670437,
7547,3248.445680618286,-0.0,
7548,3248.8691585063934,-0.0,
7549,3249.294066429138,-0.0,
7550,3249.71687912941,-0.039066594,
7551,3250.1416993141174,-0.0,
7552,3250.5663211345673,-0.0,
7553,3250.9904992580414,-0.22921628,
7554,3251.415015935898,-0.16568063,
7555,3251.8380539417267,-0.0,
7556,3252.26301074028,-0.103735626,
7557,3252.6880791187286,-0.0,
7558,3253.112883090973,-0.0,
7559,3253.535986661911,-0.0,
7560,3253.9400210380554,-0.28741065,
7561,3254.4132294654846,-0.0,
7562,3254.8350706100464,-0.0,
7563,3255.263315677643,-0.0,
7564,3255.686552286148,-0.0,
7565,3256.1118092536926,-0.0,
7566,3256.535210609436,-0.0,
7567,3256.9580078125,-0.0,
7568,3257.383281469345,-0.07166752,
7569,3257.8070228099823,-0.057152577,
7570,3258.2323637008667,-0.0,
7571,3258.6548974514008,-1.4442022e-06,
7572,3259.0800545215607,-0.0,
7573,3259.5041642189026,-0.11548402,
7574,3259.9282245635986,-0.08600381,
7575,3260.352518796921,-0.0,
7576,3260.7755992412567,-0.20865524,
7577,3261.2009966373444,-0.0,
7578,3261.6241886615753,-0.0,
7579,3262.0486471652985,-0.29754633,
7580,3262.472802877426,-0.10198464,
7581,3262.8757326602936,-0.0,
7582,3263.3699214458466,-0.0,
7583,3263.7912063598633,-0.0,
7584,3264.218902349472,-0.0,
7585,3264.641243457794,-0.0,
7586,3265.066874742508,-0.5781257,
7587,3265.4905636310577,-0.0,
7588,3265.9135723114014,-0.0,
7589,3266.3387122154236,-0.0,
7590,3266.7621479034424,-0.0,
7591,3267.1887681484222,-0.57628983,
7592,3267.612001657486,-0.72716033,
7593,3268.0363895893097,-0.0,
7594,3268.4604873657227,-0.0,
7595,3268.8843126296997,-0.0,
7596,3269.3093707561493,-0.46991703,
7597,3269.7326743602753,-0.2798484,
7598,3270.1575195789337,-0.08953328,
7599,3270.581876516342,-0.03679241,
7600,3271.006206512451,-0.59301895,
7601,3271.4299709796906,-0.0,
7602,3271.8331644535065,-0.09106597,
7603,3272.3152401447296,-0.058701925,
7604,3272.738142967224,-0.0,
7605,3273.1666824817657,-0.0,
7606,3273.5887157917023,-0.0,
7607,3274.0133378505707,-0.0,
7608,3274.436761379242,-0.0,
7609,3274.860378265381,-0.0,
7610,3275.2854087352753,-0.0,
7611,3275.708121776581,-0.06625621,
7612,3276.1335079669952,-0.16667911,
7613,3276.5584251880646,-0.27263334,
7614,3276.9827075004578,-0.0,
7615,3277.4061000347137,-0.3540191,
7616,3277.828541994095,-0.004370348,
7617,3278.2547314167023,-0.030385148,
7618,3278.677946805954,-0.115332305,
7619,3279.103089094162,-0.0,
7620,3279.5259659290314,-0.0,
7621,3279.9501264095306,-0.11184727,
7622,3280.374228477478,-0.17175144,
7623,3280.7782351970673,-0.0011771381,
7624,3281.262945175171,-0.0,
7625,3281.6842811107635,-0.0,
7626,3282.1127376556396,-0.0,
7627,3282.535147666931,-2.0204963e-10,
7628,3282.960331916809,-0.0,
7629,3283.385167837143,-0.0,
7630,3283.8069920539856,-0.0,
7631,3284.233006477356,-0.0,
7632,3284.6559948921204,-0.0,
7633,3285.0816657543182,-0.020363599,
7634,3285.5052676200867,-0.0,
7635,3285.9275600910187,-0.0,
7636,3286.353428840637,-0.0,
7637,3286.777146100998,-0.0,
7638,3287.2015585899353,-0.3102508,
7639,3287.6246750354767,-0.02458385,
7640,3288.0491247177124,-0.0,
7641,3288.4741818904877,-0.000100573045,
7642,3288.897998571396,-0.0,
7643,3289.3225185871124,-0.0,
7644,3289.7251925468445,-0.0,
7645,3290.211762189865,-0.21177332,
7646,3290.633851289749,-0.0,
7647,3291.061752796173,-0.0,
7648,3291.482899427414,-0.0,
7649,3291.908851146698,-0.36027238,
7650,3292.3326687812805,-0.0,
7651,3292.755381345749,-0.0,
7652,3293.1810846328735,-0.0,
7653,3293.60276222229,-0.03427919,
7654,3294.0283205509186,-0.0,
7655,3294.451069831848,-0.0,
7656,3294.87552690506,-0.0,
7657,3295.300109386444,-0.0,
7658,3295.7223234176636,-0.0009920631,
7659,3296.1469535827637,-0.0,
7660,3296.570521593094,-0.14749303,
7661,3296.994854450226,-0.6414372,
7662,3297.4188661575317,-0.08703203,
7663,3297.8421239852905,-0.0,
7664,3298.266559123993,-0.0,
7665,3298.6699850559235,-0.0,
7666,3299.151933670044,-0.0,
7667,3299.5739035606384,-0.018032331,
7668,3300.0013897418976,-0.0,
7669,3300.42333316803,-0.0,
7670,3300.8490567207336,-0.0,
7671,3301.2731382846832,-0.0,
7672,3301.695854663849,-0.0,
7673,3302.1201968193054,-0.0,
7674,3302.542757511139,-0.0,
7675,3302.9684982299805,-0.24855392,
7676,3303.3918282985687,-0.0,
7677,3303.816759109497,-0.0,
7678,3304.2401440143585,-0.0,
7679,3304.6633174419403,-0.031280674,
7680,3305.0881497859955,-0.0,
7681,3305.511799097061,-0.0,
7682,3305.9361758232117,-0.935212,
7683,3306.359364271164,-0.0,
7684,3306.7840621471405,-0.0,
7685,3307.2083365917206,-0.0,
7686,3307.612014055252,-0.0,
7687,3308.097737789154,-0.0,
7688,3308.519749403,-0.0,
7689,3308.947578430176,-0.0,
7690,3309.370326757431,-0.5458766,
7691,3309.795305967331,-0.0,
7692,3310.2182042598724,-0.064373545,
7693,3310.641384601593,-0.17194393,
7694,3311.0669627189636,-0.24112283,
7695,3311.490676879883,-0.0,
7696,3311.915324449539,-0.0,
7697,3312.3380448818207,-0.0,
7698,3312.762051820755,-0.0,
7699,3313.1864540576935,-0.5036442,
7700,3313.610473394394,-0.0,
7701,3314.0354697704315,-0.16317931,
7702,3314.4579422473907,-0.18770243,
7703,3314.882248878479,-0.0,
7704,3315.3061048984528,-0.068037346,
7705,3315.7304532527924,-0.017864952,
7706,3316.1543703079224,-0.089237824,
7707,3316.557131052017,-0.0,
7708,3317.0385258197784,-0.0673884,
7709,3317.461359500885,-0.0,
7710,3317.8899219036102,-0.04595121,
7711,3318.31134724617,-0.0,
7712,3318.73707652092,-0.0,
7713,3319.1597282886505,-0.0,
7714,3319.5833780765533,-0.0,
7715,3320.008940219879,-0.5294272,
7716,3320.431013584137,-0.0,
7717,3320.856213092804,-0.0,
7718,3321.2791695594788,-0.2011555,
7719,3321.703553915024,-0.0,
7720,3322.1283202171326,-0.06263887,
7721,3322.5513207912445,-0.21451406,
7722,3322.9755799770355,-0.0,
7723,3323.398750066757,-0.0,
7724,3323.824118375778,-0.0,
7725,3324.24840760231,-0.0022618189,
7726,3324.6718471050262,-0.0,
7727,3325.095990896225,-0.0,
7728,3325.499213218689,-1.0612807,
7729,3325.976772546768,-0.0,
7730,3326.3991074562073,-0.0,
7731,3326.826803922653,-0.38770133,
7732,3327.249124765396,-0.5046859,
7733,3327.674777507782,-0.0,
7734,3328.0985038280487,-0.0,
7735,3328.5223309993744,-0.0,
7736,3328.9487640857697,-0.0,
7737,3329.3704509735107,-0.0,
7738,3329.796619653702,-0.0,
7739,3330.2198889255524,-0.0,
7740,3330.64488697052,-0.0,
7741,3331.0687189102173,-0.0,
7742,3331.491821527481,-0.18077573,
7743,3331.916974544525,-0.13337618,
7744,3332.3415129184723,-0.0,
7745,3332.7666335105896,-0.11548264,
7746,3333.189298391342,-0.0,
7747,3333.614019870758,-0.0,
7748,3334.038661003113,-0.28980064,
7749,3334.443171977997,-0.0,
7750,3334.922865629196,-0.0,
7751,3335.344195127487,-0.0,
7752,3335.771988391876,-0.0,
7753,3336.1944119930267,-0.0,
7754,3336.6192693710327,-0.4818279,
7755,3337.0443263053894,-0.0646408,
7756,3337.4663949012756,-0.0,
7757,3337.8911316394806,-0.32808125,
7758,3338.3143966197968,-0.0,
7759,3338.739062309265,-0.0,
7760,3339.163589000702,-0.0,
7761,3339.587481021881,-0.027290044,
7762,3340.0127506256104,-0.0,
7763,3340.435557126999,-0.052945256,
7764,3340.860366821289,-0.13496707,
7765,3341.284403562546,-0.0,
7766,3341.7072155475616,-0.0,
7767,3342.1313183307648,-0.0,
7768,3342.5553019046783,-0.017510805,
7769,3342.9792659282684,-0.0,
7770,3343.3833248615265,-0.0,
7771,3343.865035533905,-0.008685114,
7772,3344.286360025406,-0.0,
7773,3344.713348388672,-0.0,
7774,3345.135402202606,-0.05463748,
7775,3345.560920715332,-0.0,
7776,3345.984073162079,-0.0,
7777,3346.4060258865356,-0.0,
7778,3346.832022666931,-0.0,
7779,3347.2547097206116,-0.0,
7780,3347.6802768707275,-0.41216034,
7781,3348.102980852127,-0.0,
7782,3348.5269615650177,-0.0,
7783,3348.9525208473206,-0.0,
7784,3349.3752546310425,-0.0041656634,
7785,3349.801234483719,-0.0,
7786,3350.2233476638794,-0.045826674,
7787,3350.647082567215,-0.3672241,
7788,3351.072849035263,-0.0,
7789,3351.4964232444763,-0.0,
7790,3351.921282529831,-0.0,
7791,3352.3235511779785,-0.0,
7792,3352.813108444214,-0.0,
7793,3353.2345321178436,-0.0,
7794,3353.6616671085358,-0.0,
7795,3354.0825016498566,-0.4336881,
7796,3354.5074124336243,-0.005769345,
7797,3354.930887937546,-0.22491749,
7798,3355.3545022010803,-0.0,
7799,3355.778888940811,-0.0,
7800,3356.200715303421,-0.0,
7801,3356.6251566410065,-0.019031253,
7802,3357.0489377975464,-0.0,
7803,3357.473423719406,-0.0054651727,
7804,3357.8980119228363,-0.17671862,
7805,3358.3206462860107,-0.0,
7806,3358.7454600334167,-0.0,
7807,3359.16899061203,-0.0,
7808,3359.5938622951508,-0.6530081,
7809,3360.0179579257965,-0.0,
7810,3360.4413838386536,-0.39467657,
7811,3360.8650760650635,-0.6454058,
7812,3361.2687187194824,-0.0,
7813,3361.759309530258,-0.0,
7814,3362.1818058490753,-0.0,
7815,3362.6095399856567,-0.0,
7816,3363.033205509186,-0.03394576,
7817,3363.458478450775,-0.0,
7818,3363.8815636634827,-0.07759282,
7819,3364.3059260845184,-0.023748392,
7820,3364.730900287628,-0.0,
7821,3365.15465259552,-0.0,
7822,3365.5788440704346,-0.0,
7823,3366.0025305747986,-0.0,
7824,3366.427311897278,-0.0,
7825,3366.8517758846283,-0.0,
7826,3367.276470899582,-0.0,
7827,3367.699882507324,-0.018292606,
7828,3368.125069618225,-0.26013842,
7829,3368.5494627952576,-0.0,
7830,3368.9741427898407,-0.0,
7831,3369.397868156433,-0.041069195,
7832,3369.8212847709656,-0.0,
7833,3370.226047039032,-0.0,
7834,3370.7063131332397,-0.0,
7835,3371.1287779808044,-0.0,
7836,3371.55646276474,-0.30814126,
7837,3371.9779160022736,-0.04627165,
7838,3372.404112100601,-0.0,
7839,3372.8283970355988,-0.0,
7840,3373.2513933181763,-0.0,
7841,3373.6758563518524,-0.0,
7842,3374.0982933044434,-0.018488578,
7843,3374.5238087177277,-0.0,
7844,3374.9472422599792,-0.0,
7845,3375.3721418380737,-0.0,
7846,3375.7959928512573,-0.0,
7847,3376.2190384864807,-0.0,
7848,3376.6442131996155,-0.0,
7849,3377.068706512451,-0.0,
7850,3377.492887020111,-0.066860706,
7851,3377.9159531593323,-0.0,
7852,3378.3402733802795,-0.0,
7853,3378.7649586200714,-0.0,
7854,3379.1690669059753,-0.0,
7855,3379.644733428955,-0.033454202,
7856,3380.066867828369,-0.0,
7857,3380.4942276477814,-0.0,
7858,3380.915867090225,-0.0,
7859,3381.342216730118,-0.02420881,
7860,3381.765561580658,-0.0,
7861,3382.189068555832,-0.0,
7862,3382.613793849945,-0.13625978,
7863,3383.0353512763977,-0.00038398782,
7864,3383.4621348381042,-0.0,
7865,3383.8844323158264,-0.0,
7866,3384.3102457523346,-0.0,
7867,3384.7329037189484,-0.0,
7868,3385.156793832779,-0.08859894,
7869,3385.5820050239563,-0.0,
7870,3386.0051856040955,-0.0,
7871,3386.4310250282288,-0.05660546,
7872,3386.853287220001,-0.0,
7873,3387.27770280838,-0.023866449,
7874,3387.701754808426,-0.0,
7875,3388.1062622070312,-0.0,
7876,3388.592660665512,-0.0,
7877,3389.014688014984,-0.0,
7878,3389.442108154297,-0.0,
7879,3389.865347623825,-0.0,
7880,3390.290424346924,-0.06877889,
7881,3390.7129781246185,-0.0,
7882,3391.1371121406555,-0.24597624,
7883,3391.5645802021027,-0.1151405,
7884,3391.987251520157,-0.0,
7885,3392.412507534027,-0.6509061,
7886,3392.8361320495605,-0.0,
7887,3393.2615065574646,-0.3143665,
7888,3393.685567140579,-0.0,
7889,3394.108706712723,-0.7735609,
7890,3394.5329134464264,-0.087135226,
7891,3394.955950021744,-0.0,
7892,3395.3811292648315,-0.007922033,
7893,3395.804795026779,-0.0,
7894,3396.2288386821747,-0.0,
7895,3396.6517140865326,-0.051944666,
7896,3397.0548293590546,-0.0,
7897,3397.534098148346,-0.0,
7898,3397.9556801319122,-0.0060755615,
7899,3398.3842446804047,-0.0,
7900,3398.805605649948,-0.085615054,
7901,3399.2318890094757,-0.0,
7902,3399.655216693878,-0.0,
7903,3400.0787575244904,-0.1255296,
7904,3400.5046892166138,-0.35894197,
7905,3400.9267876148224,-0.0,
7906,3401.352143764496,-0.0,
7907,3401.7755472660065,-0.0,
7908,3402.2007081508636,-0.0,
7909,3402.6244502067566,-1.01024814e-10,
7910,3403.047117948532,-0.09149386,
7911,3403.472469806671,-0.41009325,
7912,3403.896873474121,-0.081753604,
7913,3404.322032690048,-0.0,
7914,3404.744674682617,-0.0,
7915,3405.168608903885,-0.0,
7916,3405.592686653137,-0.14873756,
7917,3405.9966678619385,-0.0,
7918,3406.47701048851,-0.0,
7919,3406.8991742134094,-0.00037775058,
7920,3407.327568769455,-0.0,
7921,3407.7496926784515,-0.0,
7922,3408.1752433776855,-0.25966418,
7923,3408.599131345749,-0.0,
7924,3409.0225596427917,-0.010692678,
7925,3409.4467504024506,-0.0,
7926,3409.86984872818,-0.58123523,
7927,3410.2948548793793,-0.0,
7928,3410.7182528972626,-0.0,
7929,3411.1433873176575,-0.0,
7930,3411.5673730373383,-0.0320524,
7931,3411.9907977581024,-0.0,
7932,3412.4153134822845,-0.5691281,
7933,3412.839034795761,-0.0,
7934,3413.263092517853,-0.0,
7935,3413.6857583522797,-0.042928003,
7936,3414.110327243805,-0.08474238,
7937,3414.5345091819763,-0.0018808625,
7938,3414.938175678253,-0.0,
7939,3415.4158923625946,-0.0,
7940,3415.8378846645355,-0.0,
7941,3416.26513338089,-0.5924635,
7942,3416.6870968341827,-0.0,
7943,3417.1137623786926,-0.0,
7944,3417.53710436821,-0.0,
7945,3417.960359811783,-0.6503879,
7946,3418.385210752487,-0.1384195,
7947,3418.807673931122,-0.06592634,
7948,3419.233204126358,-0.0,
7949,3419.6559653282166,-0.037451085,
7950,3420.0801112651825,-0.0,
7951,3420.5034136772156,-0.0,
7952,3420.926567554474,-0.0,
7953,3421.3514058589935,-0.0,
7954,3421.775882959366,-0.0,
7955,3422.200507879257,-0.0,
7956,3422.6246135234833,-0.0,
7957,3423.048154115677,-0.0,
7958,3423.472685813904,-0.00032374926,
7959,3423.8762741088867,-0.021539608,
7960,3424.3560128211975,-0.0,
7961,3424.7778041362762,-0.027405297,
7962,3425.205292701721,-0.0,
7963,3425.628996372223,-0.0,
7964,3426.0546617507935,-0.025346303,
7965,3426.4783685207367,-0.0,
7966,3426.902212381363,-0.02106243,
7967,3427.327983379364,-0.0,
7968,3427.751483440399,-0.0,
7969,3428.1780576705933,-5.3093046e-09,
7970,3428.6015090942383,-0.0,
7971,3429.026305913925,-0.0,
7972,3429.451145172119,-0.08933954,
7973,3429.874662876129,-0.07697241,
7974,3430.2998235225677,-0.0,
7975,3430.72327375412,-0.0,
7976,3431.148602247238,-0.0020165006,
7977,3431.572874546051,-0.0,
7978,3431.996908187866,-0.0,
7979,3432.4205424785614,-0.0,
7980,3432.824517250061,-0.0,
7981,3433.3042516708374,-0.0,
7982,3433.7263984680176,-0.0,
7983,3434.155321121216,-0.03898823,
7984,3434.576486349106,-0.0,
7985,3435.0012843608856,-0.029925536,
7986,3435.425715446472,-0.36213225,
7987,3435.849259376526,-0.08685898,
7988,3436.2740840911865,-0.31032473,
7989,3436.695961713791,-0.0,
7990,3437.122386455536,-0.8983463,
7991,3437.54584813118,-0.0,
7992,3437.9699883461,-0.0,
7993,3438.393769264221,-0.2966062,
7994,3438.8163018226624,-0.041760385,
7995,3439.2411539554596,-0.0,
7996,3439.6641969680786,-0.0,
7997,3440.089297771454,-0.0,
7998,3440.5122380256653,-0.28954566,
7999,3440.9357743263245,-0.0,
8000,3441.3590648174286,-0.024542253,
8001,3441.7619864940643,-0.0,
8002,3442.2485888004303,-0.0,
8003,3442.6703770160675,-0.0,
8004,3443.097847700119,-0.0,
8005,3443.5199930667877,-0.0,
8006,3443.946511030197,-0.0,
8007,3444.3697950839996,-0.0,
8008,3444.792439699173,-0.0,
8009,3445.21630358696,-0.13737696,
8010,3445.6394946575165,-0.037901863,
8011,3446.06440281868,-0.0,
8012,3446.4877626895905,-0.4384455,
8013,3446.911440372467,-0.0,
8014,3447.334672689438,-0.0,
8015,3447.7588543891907,-0.0,
8016,3448.183259010315,-0.0,
8017,3448.607709169388,-0.0,
8018,3449.0315837860107,-0.0,
8019,3449.454747200012,-0.102144405,
8020,3449.8790953159332,-0.037555594,
8021,3450.302639245987,-0.0,
8022,3450.707142353058,-0.0,
8023,3451.200646877289,-0.6981191,
8024,3451.622672557831,-0.27559003,
8025,3452.05109834671,-0.0,
8026,3452.473562479019,-0.0,
8027,3452.9005839824677,-0.007328674,
8028,3453.3244485855103,-0.028887829,
8029,3453.7474842071533,-0.01897772,
8030,3454.1719250679016,-0.15819249,
8031,3454.5947382450104,-0.0,
8032,3455.019947528839,-0.14633265,
8033,3455.444286108017,-0.0,
8034,3455.867928981781,-0.012984191,
8035,3456.2918894290924,-0.0,
8036,3456.7147874832153,-0.0,
8037,3457.139925479889,-0.14699301,
8038,3457.564329624176,-0.8343045,
8039,3457.987764596939,-0.0,
8040,3458.4111757278442,-0.0,
8041,3458.8342847824097,-0.0,
8042,3459.259310722351,-0.0,
8043,3459.6632647514343,-0.0,
8044,3460.155028104782,-0.0,
8045,3460.57661151886,-0.0,
8046,3461.0056533813477,-0.0,
8047,3461.4277064800262,-0.05110945,
8048,3461.8523540496826,-0.0,
8049,3462.276671886444,-0.0,
8050,3462.6997225284576,-0.0,
8051,3463.124871492386,-0.0,
8052,3463.546956062317,-0.020208543,
8053,3463.9716997146606,-0.02770105,
8054,3464.394714832306,-0.0,
8055,3464.8190157413483,-6.9707116e-06,
8056,3465.242913722992,-0.0,
8057,3465.6661553382874,-0.0,
8058,3466.089944124222,-0.037845045,
8059,3466.512403011322,-0.0,
8060,3466.9370234012604,-0.0,
8061,3467.360735654831,-0.0,
8062,3467.7852449417114,-0.0,
8063,3468.2085378170013,-0.0,
8064,3468.6116421222687,-0.03451684,
8065,3469.102583885193,-0.0,
8066,3469.5241928100586,-0.5545608,
8067,3469.951315164566,-0.0,
8068,3470.3743069171906,-0.03974211,
8069,3470.8000695705414,-0.14352702,
8070,3471.2232389450073,-0.0,
8071,3471.6467492580414,-0.0,
8072,3472.0711092948914,-0.0,
8073,3472.4941725730896,-0.0,
8074,3472.9201385974884,-0.0,
8075,3473.34251332283,-0.024091674,
8076,3473.7674045562744,-0.0,
8077,3474.1915068626404,-0.0,
8078,3474.615249633789,-0.0,
8079,3475.040184020996,-0.0,
8080,3475.4624211788177,-0.65140843,
8081,3475.8860309123993,-0.015970547,
8082,3476.309987783432,-0.0,
8083,3476.734715461731,-0.04416014,
8084,3477.15993976593,-0.0,
8085,3477.563226222992,-0.0,
8086,3478.045241832733,-0.0,
8087,3478.4665915966034,-0.1301865,
8088,3478.8948228359222,-3.321484e-05,
8089,3479.3163483142853,-0.017479796,
8090,3479.742344379425,-0.0,
8091,3480.1652653217316,-0.038138293,
8092,3480.5885882377625,-0.0,
8093,3481.0141925811768,-0.16895089,
8094,3481.436839580536,-0.0,
8095,3481.861921787262,-0.11555678,
8096,3482.2849645614624,-0.04516808,
8097,3482.7083899974823,-0.0,
8098,3483.133702278137,-0.0,
8099,3483.5572316646576,-0.0,
8100,3483.981697320938,-0.0,
8101,3484.4050812721252,-0.38715056,
8102,3484.8309869766235,-0.011499403,
8103,3485.2550938129425,-0.0,
8104,3485.678300857544,-0.0,
8105,3486.1023523807526,-0.0,
8106,3486.5057923793793,-0.0,
8107,3486.9952278137207,-0.0,
8108,3487.4172792434692,-0.0,
8109,3487.8451619148254,-0.10711727,
8110,3488.2692391872406,-0.06863763,
8111,3488.694927215576,-0.0,
8112,3489.118339061737,-0.0,
8113,3489.5416164398193,-2.0732047e-10,
8114,3489.967052936554,-0.0,
8115,3490.389888525009,-0.0,
8116,3490.815432548523,-0.0,
8117,3491.23775267601,-0.042128425,
8118,3491.661274433136,-0.0,
8119,3492.0853629112244,-0.0,
8120,3492.5092549324036,-0.0,
8121,3492.93439412117,-0.0,
8122,3493.357841730118,-0.028009955,
8123,3493.7823207378387,-0.1781651,
8124,3494.2075748443604,-0.20985897,
8125,3494.6323552131653,-0.5477696,
8126,3495.0566108226776,-0.0,
8127,3495.458718061447,-0.0,
8128,3495.9553167819977,-0.06181885,
8129,3496.3766362667084,-1.9091927e-07,
8130,3496.8030223846436,-0.0,
8131,3497.225700378418,-0.1380336,
8132,3497.651415348053,-0.0,
8133,3498.0748212337494,-0.0,
8134,3498.498031616211,-0.07182873,
8135,3498.9229974746704,-0.0,
8136,3499.345893383026,-0.0,
8137,3499.7716801166534,-0.0,
8138,3500.1947209835052,-0.36971197,
8139,3500.6187694072723,-0.0,
8140,3501.043063879013,-0.0,
8141,3501.4668691158295,-0.0,
8142,3501.891149044037,-0.0,
8143,3502.313916683197,-0.0,
8144,3502.738191843033,-0.067654654,
8145,3503.1621267795563,-0.0,
8146,3503.586924314499,-0.0,
8147,3504.0113084316254,-2.6116331e-06,
8148,3504.414173603058,-0.0,
8149,3504.9088730812073,-0.0,
8150,3505.3306152820587,-0.0,
8151,3505.7582993507385,-0.01894721,
8152,3506.180248975754,-0.020760398,
8153,3506.6065583229065,-0.0,
8154,3507.0293412208557,-0.0,
8155,3507.4527864456177,-0.017475493,
8156,3507.876992702484,-0.0,
8157,3508.2989869117737,-0.0,
8158,3508.724712371826,-0.0,
8159,3509.147926092148,-0.0,
8160,3509.572147130966,-0.34643617,
8161,3509.9955298900604,-0.0,
8162,3510.418424129486,-0.006527999,
8163,3510.843353033066,-0.0,
8164,3511.266832590103,-0.0,
8165,3511.690890789032,-0.0,
8166,3512.114148378372,-0.26600188,
8167,3512.537195444107,-0.0,
8168,3512.9622275829315,-0.0,
8169,3513.365872859955,-0.0,
8170,3513.854604959488,-0.17698206,
8171,3514.276661157608,-0.0,
8172,3514.703756570816,-0.0,
8173,3515.126237154007,-0.0,
8174,3515.551462650299,-0.0,
8175,3515.974261045456,-0.0,
8176,3516.397616147995,-0.0,
8177,3516.822584629059,-0.0,
8178,3517.2448472976685,-0.0,
8179,3517.669741153717,-0.16153319,
8180,3518.0926954746246,-0.0,
8181,3518.5173766613007,-1.3454194e-06,
8182,3518.9421439170837,-0.0,
8183,3519.366115808487,-0.0,
8184,3519.7900273799896,-0.0,
8185,3520.2131555080414,-0.0,
8186,3520.6384348869324,-0.0,
8187,3521.062651872635,-0.0,
8188,3521.4864711761475,-0.0,
8189,3521.910086631775,-0.6338238,
8190,3522.313402414322,-0.26036257,
8191,3522.804050207138,-0.0,
8192,3523.2256066799164,-0.0,
8193,3523.6526911258698,-0.0,
8194,3524.0747516155243,-0.0,
8195,3524.500787973404,-0.0,
8196,3524.924671649933,-0.33238876,
8197,3525.347136259079,-0.0,
8198,3525.771872282028,-0.0,
8199,3526.1946606636047,-0.0,
8200,3526.620251893997,-0.0013767286,
8201,3527.043361186981,-0.0,
8202,3527.4677052497864,-0.30176544,
8203,3527.890900373459,-0.0,
8204,3528.315150499344,-0.0,
8205,3528.7400135993958,-0.3408076,
8206,3529.16330742836,-0.0,
8207,3529.5868990421295,-0.0,
8208,3530.010046482086,-0.6988621,
8209,3530.434054374695,-0.0,
8210,3530.858031272888,-0.108835734,
8211,3531.2615447044373,-0.0,
8212,3531.754716873169,-0.0,
8213,3532.1761751174927,-0.0,
8214,3532.604595899582,-0.0,
8215,3533.0267386436462,-0.0,
8216,3533.451772212982,-0.0,
8217,3533.876436471939,-0.0,
8218,3534.299352645874,-0.0,
8219,3534.724330663681,-0.08188538,
8220,3535.1467549800873,-0.0,
8221,3535.5711266994476,-0.0,
8222,3535.9949119091034,-0.0,
8223,3536.4193139076233,-5.8415033e-05,
8224,3536.843154668808,-0.0,
8225,3537.265597343445,-0.005597372,
8226,3537.6902401447296,-0.0,
8227,3538.1141488552094,-0.009238663,
8228,3538.5390412807465,-0.0,
8229,3538.962771177292,-6.6676122e-09,
8230,3539.3869030475616,-0.0,
8231,3539.811676263809,-1.4266887e-05,
8232,3540.21564412117,-0.03464667,
8233,3540.708572626114,-0.0,
8234,3541.13103890419,-0.24726903,
8235,3541.558494091034,-0.0,
8236,3541.9808790683746,-0.104385994,
8237,3542.4058225154877,-0.10917308,
8238,3542.829122543335,-0.48061085,
8239,3543.253122329712,-0.0,
8240,3543.6779289245605,-0.02554794,
8241,3544.099903821945,-0.0,
8242,3544.5240705013275,-0.6891692,
8243,3544.946834564209,-0.0,
8244,3545.3724534511566,-0.0,
8245,3545.796537876129,-0.0,
8246,3546.21919465065,-0.0,
8247,3546.643001317978,-0.0,
8248,3547.0666427612305,-0.0,
8249,3547.49125623703,-0.0,
8250,3547.9156861305237,-0.0,
8251,3548.3382098674774,-0.0,
8252,3548.7629227638245,-0.0,
8253,3549.1659841537476,-0.0,
8254,3549.646561384201,-0.0,
8255,3550.0689222812653,-0.0,
8256,3550.497835636139,-0.0,
8257,3550.9197442531586,-0.0,
8258,3551.344475030899,-0.0,
8259,3551.767952442169,-0.0,
8260,3552.1909444332123,-0.0,
8261,3552.6161963939667,-0.04087837,
8262,3553.0378465652466,-0.0017074744,
8263,3553.4628806114197,-0.010221979,
8264,3553.8875494003296,-0.0,
8265,3554.3121058940887,-0.0,
8266,3554.736272096634,-0.0,
8267,3555.1597831249237,-0.021581525,
8268,3555.5856873989105,-0.06613543,
8269,3556.008745908737,-0.0,
8270,3556.4340674877167,-0.008340634,
8271,3556.8581416606903,-0.0,
8272,3557.281086921692,-0.03834965,
8273,3557.705820798874,-0.0,
8274,3558.1104683876038,-0.0,
8275,3558.5961740016937,-0.041325845,
8276,3559.017462015152,-0.0,
8277,3559.445007801056,-0.0,
8278,3559.867217540741,-0.03172535,
8279,3560.2930369377136,-0.07275752,
8280,3560.71572470665,-0.0,
8281,3561.138335943222,-0.010498702,
8282,3561.5629546642303,-0.0,
8283,3561.985471725464,-0.0,
8284,3562.411322116852,-0.0,
8285,3562.8340034484863,-0.0,
8286,3563.2580375671387,-0.32075197,
8287,3563.681913137436,-0.0,
8288,3564.1061449050903,-0.0,
8289,3564.5309731960297,-0.26029763,
8290,3564.9538085460663,-0.0,
8291,3565.3778088092804,-0.0,
8292,3565.8020346164703,-0.0,
8293,3566.226601600647,-0.0,
8294,3566.650839328766,-0.12711114,
8295,3567.0543892383575,-0.0,
8296,3567.5443053245544,-0.26420432,
8297,3567.9668397903442,-0.0,
8298,3568.3955812454224,-0.0,
8299,3568.818060874939,-0.0,
8300,3569.245218515396,-0.24215528,
8301,3569.668525457382,-0.10956873,
8302,3570.091652870178,-0.0,
8303,3570.5160076618195,-0.021403715,
8304,3570.9389357566833,-0.58199537,
8305,3571.3642733097076,-0.0,
8306,3571.787637233734,-0.46462288,
8307,3572.2112879753113,-0.0,
8308,3572.634667634964,-0.08279366,
8309,3573.0593190193176,-0.0,
8310,3573.4845068454742,-0.07273825,
8311,3573.9083709716797,-0.0,
8312,3574.332837343216,-0.0,
8313,3574.7559452056885,-1.4132209,
8314,3575.179286956787,-0.38652673,
8315,3575.6037108898163,-0.055733383,
8316,3576.0072741508484,-0.29990542,
8317,3576.5004889965057,-0.0,
8318,3576.921788215637,-0.0,
8319,3577.3507854938507,-0.15907007,
8320,3577.771713733673,-0.0,
8321,3578.198264360428,-0.0,
8322,3578.6216909885406,-0.0,
8323,3579.0445828437805,-0.025146201,
8324,3579.469254255295,-0.0,
8325,3579.8909924030304,-0.0,
8326,3580.3162953853607,-0.21385987,
8327,3580.740395307541,-0.21489283,
8328,3581.1652336120605,-0.0,
8329,3581.589949607849,-0.0,
8330,3582.0130767822266,-0.25981206,
8331,3582.438054084778,-0.0,
8332,3582.8618750572205,-0.0,
8333,3583.286916732788,-0.0,
8334,3583.709720134735,-0.0,
8335,3584.133691549301,-0.0,
8336,3584.5581016540527,-0.062344722,
8337,3584.963268518448,-0.12269298,
8338,3585.446669101715,-0.0,
8339,3585.8679649829865,-0.0,
8340,3586.295215845108,-0.0,
8341,3586.717865228653,-0.31455332,
8342,3587.143418073654,-0.0,
8343,3587.5665793418884,-0.0,
8344,3587.989464044571,-0.24143213,
8345,3588.414413690567,-0.58234966,
8346,3588.8378109931946,-9.329418e-10,
8347,3589.2639379501343,-0.0,
8348,3589.68652510643,-0.0,
8349,3590.1110446453094,-0.0,
8350,3590.535448551178,-0.0,
8351,3590.959297180176,-0.0,
8352,3591.384021759033,-0.0,
8353,3591.80690073967,-0.0,
8354,3592.230988740921,-0.0,
8355,3592.654578924179,-0.0,
8356,3593.0787284374237,-0.0,
8357,3593.5030958652496,-0.0,
8358,3593.905549287796,-0.0,
8359,3594.3880655765533,-0.0,
8360,3594.8098986148834,-0.0,
8361,3595.2374873161316,-0.0,
8362,3595.6601543426514,-0.0,
8363,3596.08571267128,-0.37359494,
8364,3596.508666038513,-0.024771329,
8365,3596.9318463802338,-0.0,
8366,3597.3569226264954,-0.24719779,
8367,3597.7804474830627,-0.0,
8368,3598.204751253128,-0.0,
8369,3598.6273415088654,-0.0,
8370,3599.052182674408,-0.057469048,
8371,3599.475392818451,-0.0,
8372,3599.900064229965,-0.0,
8373,3600.323676586151,-0.0,
8374,3600.747949361801,-0.0,
8375,3601.1724541187286,-0.0,
8376,3601.5978655815125,-0.0,
8377,3602.021369457245,-0.0,
8378,3602.44491481781,-0.0,
8379,3602.849025964737,-0.05302579,
8380,3603.3410153388977,-0.0,
8381,3603.7626650333405,-0.0,
8382,3604.191540956497,-0.0,
8383,3604.6136417388916,-2.853008e-06,
8384,3605.038969039917,-0.0,
8385,3605.4623992443085,-0.0,
8386,3605.884865999222,-0.0,
8387,3606.3107647895813,-0.0,
8388,3606.733648777008,-0.64390695,
8389,3607.1610186100006,-1.1304254e-08,
8390,3607.5838482379913,-0.0,
8391,3608.007579088211,-0.0,
8392,3608.433799982071,-0.0,
8393,3608.8579428195953,-0.0,
8394,3609.2832810878754,-0.35487434,
8395,3609.7068910598755,-0.0,
8396,3610.1310210227966,-0.0,
8397,3610.555469751358,-0.1621537,
8398,3610.978670358658,-0.3633825,
8399,3611.4029729366302,-0.06040111,
8400,3611.8066775798798,-0.0,
8401,3612.282638311386,-0.0,
8402,3612.705513715744,-0.0,
8403,3613.1351523399353,-0.0,
8404,3613.5567877292633,-0.0,
8405,3613.982721567154,-0.39604136,
8406,3614.4071629047394,-0.0,
8407,3614.831531763077,-0.00072334206,
8408,3615.258136987686,-0.0,
8409,3615.6805839538574,-0.0,
8410,3616.1070232391357,-0.0,
8411,3616.5299797058105,-0.0,
8412,3616.955810546875,-0.0,
8413,3617.3792083263397,-0.0,
8414,3617.80300116539,-0.17422399,
8415,3618.228688955307,-0.0,
8416,3618.6521756649017,-0.0,
8417,3619.076344013214,-0.0,
8418,3619.4997057914734,-0.0,
8419,3619.92290186882,-0.0,
8420,3620.347021818161,-0.0,
8421,3620.752016067505,-0.0,
8422,3621.271980047226,-0.0,
8423,3621.6933851242065,-0.0,
8424,3622.121695995331,-0.0,
8425,3622.544674873352,-0.0,
8426,3622.970793247223,-0.0,
8427,3623.3942863941193,-0.0,
8428,3623.818310022354,-0.0,
8429,3624.243463039398,-0.12227585,
8430,3624.6662123203278,-0.0,
8431,3625.0922746658325,-2.7748257e-08,
8432,3625.5143542289734,-0.0,
8433,3625.9388189315796,-0.18744822,
8434,3626.362126350403,-0.0,
8435,3626.7857253551483,-0.0,
8436,3627.2121243476868,-0.0,
8437,3627.6350317001343,-0.0,
8438,3628.0608739852905,-0.0,
8439,3628.484563112259,-0.0,
8440,3628.9099175930023,-0.0,
8441,3629.334434747696,-0.0,
8442,3629.738160133362,-0.0,
8443,3630.253250837326,-0.06764193,
8444,3630.6750786304474,-0.0,
8445,3631.103359937668,-0.0,
8446,3631.5273962020874,-0.0,
8447,3631.9534542560577,-0.0,
8448,3632.3774738311768,-0.0,
8449,3632.802705526352,-0.0,
8450,3633.2285735607147,-0.0,
8451,3633.6509053707123,-0.0,
8452,3634.076070547104,-0.0,
8453,3634.49871635437,-0.0,
8454,3634.9236891269684,-0.08480522,
8455,3635.348452806473,-0.00904539,
8456,3635.770980119705,-0.0,
8457,3636.195570707321,-0.0,
8458,3636.619124650955,-0.055034626,
8459,3637.0440714359283,-0.13392553,
8460,3637.4679787158966,-0.0,
8461,3637.8924431800842,-0.0,
8462,3638.3192002773285,-0.0,
8463,3638.7223691940308,-0.06601948,
8464,3639.2184932231903,-0.0,
8465,3639.6408495903015,-0.0,
8466,3640.068690299988,-0.0,
8467,3640.4909434318542,-0.0,
8468,3640.916586637497,-0.0,
8469,3641.3415472507477,-7.9221024e-07,
8470,3641.7660171985626,-0.0,
8471,3642.190205335617,-0.0,
8472,3642.6125831604004,-0.0,
8473,3643.038895845413,-0.2084749,
8474,3643.462610721588,-0.13728319,
8475,3643.887487888336,-0.0,
8476,3644.3110721111298,-0.07569929,
8477,3644.7350549697876,-0.0,
8478,3645.159780025482,-0.0,
8479,3645.58376455307,-0.0,
8480,3646.0092244148254,-0.025689462,
8481,3646.433022260666,-0.18651095,
8482,3646.8589174747467,-0.0,
8483,3647.2837867736816,-0.0,
8484,3647.687619447708,-0.0,
8485,3648.1797194480896,-0.0,
8486,3648.6024084091187,-0.0,
8487,3649.0300073623657,-0.0,
8488,3649.451156616211,-0.006655366,
8489,3649.8777430057526,-0.09359519,
8490,3650.301833629608,-0.0,
8491,3650.724838733673,-0.0,
8492,3651.150145292282,-0.0,
8493,3651.57453584671,-0.0,
8494,3652.00217461586,-0.0,
8495,3652.425473690033,-0.0,
8496,3652.849682331085,-0.0,
8497,3653.274192094803,-0.0,
8498,3653.697827577591,-0.0,
8499,3654.1230878829956,-0.08239676,
8500,3654.5456931591034,-0.5990189,
8501,3654.9715299606323,-0.0,
8502,3655.3952627182007,-0.0,
8503,3655.8211941719055,-0.0,
8504,3656.2442650794983,-0.0,
8505,3656.6477885246277,-0.0,
8506,3657.1344544887543,-0.0,
8507,3657.557478427887,-0.0,
8508,3657.985676050186,-4.072974e-09,
8509,3658.4083540439606,-0.037809793,
8510,3658.834760904312,-0.0,
8511,3659.259305715561,-0.0005202193,
8512,3659.6822645664215,-0.0,
8513,3660.107548713684,-0.0,
8514,3660.531217813492,-0.0,
8515,3660.9564831256866,-1.1299704,
8516,3661.38094329834,-0.21332343,
8517,3661.804827451706,-1.1338972,
8518,3662.230366706848,-0.27945623,
8519,3662.6547470092773,-0.0,
8520,3663.080536365509,-0.0,
8521,3663.504290819168,-0.0,
8522,3663.929090976715,-0.0,
8523,3664.3540272712708,-0.0379624,
8524,3664.7787318229675,-0.0,
8525,3665.2029547691345,-0.0,
8526,3665.6072278022766,-0.06584283,
8527,3666.1091129779816,-0.0,
8528,3666.531980037689,-0.0,
8529,3666.96093249321,-0.0,
8530,3667.3830704689026,-0.018456003,
8531,3667.8092885017395,-0.0,
8532,3668.2340190410614,-0.0,
8533,3668.6584284305573,-0.0,
8534,3669.0827445983887,-0.1759009,
8535,3669.505432844162,-0.015709536,
8536,3669.930493593216,-0.0,
8537,3670.354834318161,-0.0,
8538,3670.7791533470154,-0.0,
8539,3671.2025542259216,-0.09046684,
8540,3671.626180410385,-0.0,
8541,3672.050675392151,-0.0,
8542,3672.4765119552612,-0.0,
8543,3672.900182247162,-0.0,
8544,3673.3235721588135,-0.0,
8545,3673.7483162879944,-0.0,
8546,3674.1721584796906,-0.09101263,
8547,3674.5763561725616,-0.0,
8548,3675.076281785965,-0.0,
8549,3675.4982228279114,-0.0,
8550,3675.925738096237,-0.0,
8551,3676.348844766617,-0.048999734,
8552,3676.775489091873,-0.0,
8553,3677.1978890895844,-0.13431215,
8554,3677.620970726013,-0.0,
8555,3678.0456779003143,-0.0,
8556,3678.4693746566772,-0.0,
8557,3678.8947081565857,-0.03393523,
8558,3679.316972255707,-0.0,
8559,3679.74204993248,-0.14973411,
8560,3680.1660318374634,-0.06349742,
8561,3680.590348958969,-0.0,
8562,3681.015671491623,-0.0,
8563,3681.438265800476,-0.07094492,
8564,3681.8638393878937,-0.0,
8565,3682.2881047725677,-0.010143082,
8566,3682.7138912677765,-0.17627847,
8567,3683.1371960639954,-0.060554843,
8568,3683.5413370132446,-0.0,
8569,3684.0351371765137,-0.07541926,
8570,3684.4563331604004,-0.0,
8571,3684.8861622810364,-0.0,
8572,3685.308034181595,-0.0,
8573,3685.734081506729,-0.0,
8574,3686.15638756752,-0.0,
8575,3686.5792331695557,-0.19848664,
8576,3687.004921913147,-0.23610339,
8577,3687.427814722061,-0.12256874,
8578,3687.8532333374023,-0.0,
8579,3688.276581764221,-0.1387712,
8580,3688.701402425766,-0.10115813,
8581,3689.1259083747864,-0.0,
8582,3689.551317214966,-0.0,
8583,3689.975331068039,-0.12488745,
8584,3690.3993134498596,-0.0,
8585,3690.824684858322,-0.0,
8586,3691.2490322589874,-0.0,
8587,3691.6733043193817,-0.0,
8588,3692.0965213775635,-0.0,
8589,3692.500787973404,-0.013492067,
8590,3693.014233112335,-0.0,
8591,3693.4377245903015,-1.0612401,
8592,3693.8643226623535,-0.0,
8593,3694.287084341049,-0.0,
8594,3694.712120771408,-0.9394356,
8595,3695.1350734233856,-0.076352015,
8596,3695.5590345859528,-0.0,
8597,3695.984030485153,-0.0,
8598,3696.4080033302307,-0.0,
8599,3696.8333191871643,-0.0,
8600,3697.2567172050476,-0.0,
8601,3697.682782649994,-0.0,
8602,3698.107654809952,-0.0,
8603,3698.5313527584076,-0.0,
8604,3698.956035375595,-0.0,
8605,3699.3786623477936,-0.0100895725,
8606,3699.803460597992,-0.0,
8607,3700.227361679077,-0.060481083,
8608,3700.651047229767,-0.0,
8609,3701.075959920883,-0.0,
8610,3701.478595972061,-0.0,
8611,3701.9659106731415,-0.0,
8612,3702.3883311748505,-0.0,
8613,3702.816822052002,-0.0,
8614,3703.239918231964,-8.160846e-07,
8615,3703.666077375412,-0.0,
8616,3704.0891559123993,-0.0,
8617,3704.51260304451,-0.0,
8618,3704.9378769397736,-0.0,
8619,3705.3613979816437,-0.0,
8620,3705.787415266037,-0.023148168,
8621,3706.210514307022,-0.0,
8622,3706.6358494758606,-0.04813576,
8623,3707.059843301773,-0.0,
8624,3707.4846494197845,-0.095646426,
8625,3707.9085099697113,-0.0,
8626,3708.331150531769,-0.0,
8627,3708.7557899951935,-0.0,
8628,3709.1798248291016,-0.0,
8629,3709.6045439243317,-0.0,
8630,3710.0281689167023,-0.0,
8631,3710.4320600032806,-0.0,
8632,3710.9281525611877,-0.0,
8633,3711.3506078720093,-0.06730675,
8634,3711.7793867588043,-0.0,
8635,3712.2026574611664,-0.012390009,
8636,3712.62836933136,-0.0,
8637,3713.051996946335,-0.077227294,
8638,3713.4755964279175,-0.0,
8639,3713.901942253113,-0.026652593,
8640,3714.324697971344,-0.0,
8641,3714.750233888626,-0.0,
8642,3715.1736164093018,-0.0,
8643,3715.5986795425415,-1.0366025e-10,
8644,3716.023537635803,-0.15245053,
8645,3716.4472665786743,-0.0,
8646,3716.873558282852,-0.0,
8647,3717.296825647354,-0.025240902,
8648,3717.7230110168457,-0.0,
8649,3718.145584821701,-0.0,
8650,3718.5707836151123,-0.0,
8651,3718.9959800243378,-0.0,
8652,3719.3997054100037,-0.0,
8653,3719.888479232788,-0.54261655,
8654,3720.310371398926,-0.0,
8655,3720.7390842437744,-0.25544316,
8656,3721.1615924835205,-0.048025113,
8657,3721.5871534347534,-0.3713593,
8658,3722.010717868805,-0.040990733,
8659,3722.434690952301,-0.0,
8660,3722.8598482608795,-0.0,
8661,3723.2820529937744,-0.0,
8662,3723.707959651947,-0.0,
8663,3724.1302015781403,-0.13623592,
8664,3724.5555703639984,-0.0,
8665,3724.979551792145,-0.0,
8666,3725.4033076763153,-0.0,
8667,3725.8286950588226,-0.0,
8668,3726.2522559165955,-0.0,
8669,3726.6777448654175,-0.0,
8670,3727.1008081436157,-0.0,
8671,3727.5244603157043,-0.0,
8672,3727.9490818977356,-0.0,
8673,3728.353771209717,-0.0,
8674,3728.8471870422363,-0.0,
8675,3729.2703289985657,-0.19324484,
8676,3729.699163913727,-0.0,
8677,3730.121904373169,-0.0,
8678,3730.546839952469,-0.0,
8679,3730.9707741737366,-0.0,
8680,3731.394790172577,-0.0,
8681,3731.820464849472,-0.6343702,
8682,3732.2425541877747,-0.0,
8683,3732.6684005260468,-0.0,
8684,3733.0920515060425,-0.000115822986,
8685,3733.5169343948364,-0.0,
8686,3733.9419450759888,-0.0,
8687,3734.365292072296,-0.0,
8688,3734.7909705638885,-0.0,
8689,3735.2152898311615,-0.033181824,
8690,3735.6394271850586,-0.0,
8691,3736.0631737709045,-2.6719282e-09,
8692,3736.4879081249237,-0.116574846,
8693,3736.9123015403748,-0.0960107,
8694,3737.3169095516205,-0.0,
8695,3737.805032968521,-0.0,
8696,3738.227523803711,-0.0,
8697,3738.655697584152,-0.0,
8698,3739.078429222107,-0.0,
8699,3739.5045335292816,-0.0,
8700,3739.9283344745636,-0.0,
8701,3740.351892232895,-0.0,
8702,3740.77743268013,-0.02860118,
8703,3741.2013685703278,-0.08710556,
8704,3741.6278836727142,-0.0,
8705,3742.0521726608276,-0.0,
8706,3742.476351737976,-0.0,
8707,3742.8997042179108,-0.0,
8708,3743.322643995285,-0.0,
8709,3743.7475187778473,-0.0,
8710,3744.1720821857452,-0.09316366,
8711,3744.59655213356,-0.07941855,
8712,3745.01958155632,-0.08308531,
8713,3745.444239139557,-0.0,
8714,3745.868784427643,-0.0,
8715,3746.2725927829742,-0.0,
8716,3746.7635884284973,-0.0,
8717,3747.186010122299,-0.31505913,
8718,3747.6144297122955,-0.0,
8719,3748.0361750125885,-0.43470955,
8720,3748.461499929428,-0.00739996,
8721,3748.8855152130127,-0.0,
8722,3749.3101556301117,-0.2632094,
8723,3749.737126350403,-0.0,
8724,3750.158975124359,-0.0,
8725,3750.585109949112,-0.31669575,
8726,3751.0080370903015,-0.0,
8727,3751.4331459999084,-0.0,
8728,3751.8570668697357,-0.0,
8729,3752.280200958252,-0.21372624,
8730,3752.7064278125763,-0.41780463,
8731,3753.130827665329,-0.0,
8732,3753.5550911426544,-0.0,
8733,3753.978015899658,-0.0,
8734,3754.403045654297,-0.0,
8735,3754.8270647525787,-0.0,
8736,3755.2307167053223,-0.0,
8737,3755.709280014038,-0.0,
8738,3756.1316606998444,-0.0,
8739,3756.5591826438904,-0.0,
8740,3756.982446908951,-0.0,
8741,3757.408612728119,-0.4827257,
8742,3757.8318490982056,-0.0,
8743,3758.2541966438293,-0.0,
8744,3758.6804201602936,-0.0,
8745,3759.1036920547485,-0.035927515,
8746,3759.529289007187,-0.0,
8747,3759.952791452408,-0.0,
8748,3760.376648426056,-0.0,
8749,3760.8012416362762,-0.0,
8750,3761.225566625595,-0.8815995,
8751,3761.650020837784,-0.0,
8752,3762.074324607849,-0.0,
8753,3762.497944831848,-0.0,
8754,3762.922780275345,-0.0,
8755,3763.3470108509064,-0.0,
8756,3763.770712375641,-0.0,
8757,3764.1748385429382,-0.0,
8758,3764.6579732894897,-0.0,
8759,3765.080530643463,-0.0,
8760,3765.5088114738464,-0.0,
8761,3765.9311034679413,-0.24567668,
8762,3766.3577671051025,-0.0025297776,
8763,3766.780905008316,-0.0,
8764,3767.205409526825,-0.0,
8765,3767.629971265793,-0.0,
8766,3768.0514924526215,-0.05500406,
8767,3768.476901769638,-0.0,
8768,3768.900679588318,-0.0,
8769,3769.3254477977753,-0.0,
8770,3769.749619245529,-0.0,
8771,3770.1734080314636,-0.0,
8772,3770.5989220142365,-0.0,
8773,3771.022919654846,-0.0,
8774,3771.4475231170654,-0.28591007,
8775,3771.8709828853607,-0.05814209,
8776,3772.2950208187103,-0.0,
8777,3772.7193949222565,-0.0,
8778,3773.1235349178314,-0.0835556,
8779,3773.6046917438507,-0.0,
8780,3774.0262410640717,-0.23620313,
8781,3774.4538469314575,-0.0,
8782,3774.8767414093018,-0.0,
8783,3775.3021364212036,-0.0,
8784,3775.7257645130157,-0.0,
8785,3776.1482088565826,-0.06985304,
8786,3776.5741436481476,-0.05657463,
8787,3776.9973318576813,-0.07396749,
8788,3777.423347711563,-0.77943355,
8789,3777.8468980789185,-0.20258966,
8790,3778.270345687866,-0.01578228,
8791,3778.6954305171967,-0.0,
8792,3779.1192445755005,-0.0,
8793,3779.5437219142914,-0.039182067,
8794,3779.9668841362,-0.0,
8795,3780.391299724579,-0.0,
8796,3780.8158514499664,-0.0,
8797,3781.240007162094,-0.0,
8798,3781.664081096649,-0.0,
8799,3782.0675690174103,-0.0,
8800,3782.551756620407,-0.0,
8801,3782.9742176532745,-0.061726045,
8802,3783.4026412963867,-0.10843055,
8803,3783.8246059417725,-0.27733225,
8804,3784.250730752945,-0.0,
8805,3784.6746838092804,-0.0,
8806,3785.0992619991302,-0.0,
8807,3785.5243039131165,-0.037931442,
8808,3785.9469685554504,-0.0,
8809,3786.3734514713287,-0.0,
8810,3786.7972509860992,-0.00060374255,
8811,3787.2216572761536,-0.0,
8812,3787.6448681354523,-0.023654263,
8813,3788.0692236423492,-0.0,
8814,3788.494390964508,-0.0,
8815,3788.9220221042633,-0.0,
8816,3789.3449671268463,-0.0,
8817,3789.7690601348877,-0.16651425,
8818,3790.1960878372192,-0.0,
8819,3790.6199853420258,-0.23807034,
8820,3791.0227751731873,-0.0,
8821,3791.5092766284943,-0.0,
8822,3791.9317667484283,-0.0,
8823,3792.359783411026,-0.0,
8824,3792.781441450119,-0.0,
8825,3793.2097206115723,-0.04287065,
8826,3793.632938146591,-0.0,
8827,3794.0573620796204,-0.0,
8828,3794.4825460910797,-0.0,
8829,3794.9049985408783,-0.0,
8830,3795.3318026065826,-0.0,
8831,3795.7552518844604,-0.0,
8832,3796.1804099082947,-0.0,
8833,3796.6047337055206,-0.0,
8834,3797.0300793647766,-0.0,
8835,3797.4550886154175,-0.0,
8836,3797.8782963752747,-0.0,
8837,3798.303395986557,-0.0,
8838,3798.7274072170258,-0.0,
8839,3799.152108669281,-0.0,
8840,3799.5762417316437,-0.18820056,
8841,3799.9796907901764,-0.0,
8842,3800.4582211971283,-0.0,
8843,3800.8802292346954,-0.0,
8844,3801.3084971904755,-0.1889582,
8845,3801.7312359809875,-0.0,
8846,3802.157790660858,-0.0,
8847,3802.581571340561,-0.25963008,
8848,3803.005573987961,-0.0,
8849,3803.431906223297,-0.0,
8850,3803.8554186820984,-0.0,
8851,3804.281163930893,-0.0,
8852,3804.705538034439,-0.0,
8853,3805.1317670345306,-0.0,
8854,3805.556125640869,-0.0,
8855,3805.979925632477,-0.0,
8856,3806.4061892032623,-0.0,
8857,3806.8318684101105,-0.0,
8858,3807.2567410469055,-0.0,
8859,3807.6798179149628,-0.0,
8860,3808.1054830551147,-0.0,
8861,3808.5292649269104,-0.0,
8862,3808.9344861507416,-0.0,
8863,3809.4296991825104,-0.268811,
8864,3809.852228164673,-0.358494,
8865,3810.2804701328278,-0.0,
8866,3810.7034299373627,-0.0,
8867,3811.1302881240845,-0.0,
8868,3811.5542542934418,-0.31379133,
8869,3811.97771859169,-0.0,
8870,3812.402940750122,-0.0,
8871,3812.826147556305,-0.0,
8872,3813.252066373825,-0.0,
8873,3813.67533326149,-0.0,
8874,3814.1004564762115,-0.0,
8875,3814.5252346992493,-0.0,
8876,3814.949531316757,-0.0,
8877,3815.3733763694763,-0.09093492,
8878,3815.7971708774567,-0.0,
8879,3816.2215824127197,-0.0,
8880,3816.6455578804016,-0.0,
8881,3817.070378303528,-0.06031056,
8882,3817.4939765930176,-0.0,
8883,3817.897878885269,-0.0,
8884,3818.3808183670044,-0.040990926,
8885,3818.802906513214,-0.0,
8886,3819.2327466011047,-0.0,
8887,3819.6544432640076,-0.0,
8888,3820.0806546211243,-0.0,
8889,3820.5044786930084,-0.05432401,
8890,3820.929727077484,-0.0,
8891,3821.353862762451,-0.10682342,
8892,3821.7768819332123,-0.0,
8893,3822.2030069828033,-0.0,
8894,3822.626975774765,-0.0,
8895,3823.0511050224304,-0.09284584,
8896,3823.47376704216,-0.0,
8897,3823.8973739147186,-0.0,
8898,3824.322334051132,-0.0,
8899,3824.7457733154297,-0.0,
8900,3825.169966697693,-0.16788533,
8901,3825.594907283783,-0.05330376,
8902,3826.01984667778,-0.0,
8903,3826.445446252823,-0.0,
8904,3826.850385904312,-0.0,
8905,3827.332494735718,-0.0,
8906,3827.7539970874786,-0.0,
8907,3828.181547164917,-0.0,
8908,3828.6040194034576,-0.0,
8909,3829.0294954776764,-0.0,
8910,3829.4527196884155,-0.0,
8911,3829.876317501068,-0.0,
8912,3830.3016188144684,-0.0,
8913,3830.7244713306427,-0.0,
8914,3831.1498675346375,-0.046180297,
8915,3831.5732913017273,-0.0,
8916,3831.9985766410828,-0.0,
8917,3832.423178911209,-0.26764613,
8918,3832.8467133045197,-0.0,
8919,3833.270941734314,-0.0,
8920,3833.6946108341217,-0.0,
8921,3834.1199107170105,-0.007959356,
8922,3834.5436000823975,-0.0,
8923,3834.967339515686,-0.0,
8924,3835.390218734741,-0.1576258,
8925,3835.7938401699066,-0.0,
8926,3836.275045156479,-0.0,
8927,3836.6977314949036,-0.01727147,
8928,3837.1258668899536,-0.0,
8929,3837.5481696128845,-0.092726685,
8930,3837.9737496376038,-0.060215224,
8931,3838.3978521823883,-0.0,
8932,3838.8219203948975,-0.0,
8933,3839.2468671798706,-0.20372334,
8934,3839.6695291996,-0.0,
8935,3840.0957219600677,-0.06370009,
8936,3840.520087957382,-0.0,
8937,3840.9452180862427,-0.0,
8938,3841.368243932724,-0.0,
8939,3841.792764186859,-0.0,
8940,3842.218252182007,-0.0,
8941,3842.643452644348,-0.0,
8942,3843.068521261215,-0.0,
8943,3843.494386911392,-0.0,
8944,3843.920159339905,-0.0,
8945,3844.344408750534,-0.0,
8946,3844.7489030361176,-0.10221102,
8947,3845.2427337169647,-0.17485286,
8948,3845.6643607616425,-0.0,
8949,3846.0932099819183,-0.0,
8950,3846.5168306827545,-0.0,
8951,3846.944572210312,-0.022757351,
8952,3847.3688366413116,-0.0,
8953,3847.7933990955353,-0.0016433501,
8954,3848.219344854355,-0.0,
8955,3848.642487049103,-0.0,
8956,3849.0676136016846,-0.05834363,
8957,3849.4914467334747,-0.0,
8958,3849.9155304431915,-0.0,
8959,3850.3401165008545,-0.0,
8960,3850.762845516205,-0.0,
8961,3851.1886904239655,-0.0,
8962,3851.613302230835,-4.1729173e-08,
8963,3852.0383746623993,-0.0,
8964,3852.461618423462,-0.0,
8965,3852.8856477737427,-0.0,
8966,3853.3100957870483,-0.0,
8967,3853.7147102355957,-0.674952,
8968,3854.199316740036,-0.0,
8969,3854.6211936473846,-0.43562403,
8970,3855.049306154251,-0.0,
8971,3855.4711191654205,-0.30350038,
8972,3855.8968222141266,-0.0,
8973,3856.3202900886536,-0.09924851,
8974,3856.743410587311,-0.0,
8975,3857.1694486141205,-0.009596686,
8976,3857.592976808548,-0.07172693,
8977,3858.0195949077606,-0.0,
8978,3858.4426748752594,-0.0,
8979,3858.8697440624237,-0.015727153,
8980,3859.2952330112457,-0.0,
8981,3859.7184331417084,-0.023180759,
8982,3860.1429727077484,-0.0,
8983,3860.567138195038,-0.0,
8984,3860.993192434311,-0.0,
8985,3861.4173946380615,-0.0,
8986,3861.840265750885,-0.0,
8987,3862.2657878398895,-0.0053006094,
8988,3862.668174982071,-0.092318065,
8989,3863.1511211395264,-0.0,
8990,3863.5738315582275,-0.0,
8991,3864.002340555191,-0.05178491,
8992,3864.424738407135,-0.0021132606,
8993,3864.8507223129272,-0.28193986,
8994,3865.27530169487,-0.0,
8995,3865.6998631954193,-0.09058437,
8996,3866.1274847984314,-0.2506814,
8997,3866.551979780197,-0.0,
8998,3866.97985124588,-0.0,
8999,3867.4036359786987,-0.0,
9000,3867.8295397758484,-0.0,
9001,3868.2554454803467,-0.0,
9002,3868.679865837097,-0.0,
9003,3869.106676340103,-0.0,
9004,3869.530901193619,-0.0,
9005,3869.956882238388,-0.0,
9006,3870.3823730945587,-0.0,
9007,3870.8098833560944,-0.0026978129,
9008,3871.2359035015106,-0.0,
9009,3871.6407380104065,-0.012008349,
9010,3872.1435191631317,-0.0,
9011,3872.5665044784546,-0.023766493,
9012,3872.9963054656982,-7.963454e-06,
9013,3873.4188330173492,-0.0,
9014,3873.847378730774,-0.0,
9015,3874.2720563411713,-0.0,
9016,3874.696218729019,-0.0,
9017,3875.1234567165375,-0.0,
9018,3875.5468792915344,-0.10970944,
9019,3875.97442650795,-0.0,
9020,3876.39821267128,-0.013930681,
9021,3876.824938058853,-0.51684964,
9022,3877.251610517502,-0.0,
9023,3877.675772190094,-0.0,
9024,3878.103043079376,-0.13451657,
9025,3878.5281751155853,-0.0,
9026,3878.9544639587402,-0.03844241,
9027,3879.3784630298615,-0.17240366,
9028,3879.8037259578705,-0.0,
9029,3880.2296113967896,-0.1592721,
9030,3880.633768081665,-0.0,
9031,3881.109885931015,-0.0,
9032,3881.532961130142,-0.0,
9033,3881.9617540836334,-0.0,
9034,3882.386168241501,-0.36500955,
9035,3882.813683271408,-0.0,
9036,3883.237900495529,-0.0,
9037,3883.6641478538513,-0.012145029,
9038,3884.0905640125275,-0.0,
9039,3884.513198852539,-0.0,
9040,3884.9395525455475,-0.6565364,
9041,3885.3631308078766,-0.6988012,
9042,3885.7897374629974,-0.0,
9043,3886.21266412735,-0.0,
9044,3886.6368832588196,-0.0,
9045,3887.062370300293,-0.0,
9046,3887.4863862991333,-0.0,
9047,3887.910712957382,-0.313465,
9048,3888.333710193634,-0.0,
9049,3888.758547782898,-0.27508527,
9050,3889.18288397789,-0.045944124,
9051,3889.5874722003937,-0.0,
9052,3890.0830869674683,-0.26075453,
9053,3890.5054290294647,-0.0,
9054,3890.9340670108795,-0.0,
9055,3891.3560004234314,-0.0,
9056,3891.782777070999,-0.004952985,
9057,3892.2069523334503,-0.04764902,
9058,3892.63010430336,-0.0,
9059,3893.056083917618,-0.0,
9060,3893.4796142578125,-0.0,
9061,3893.906146287918,-0.0,
9062,3894.3286125659943,-0.0,
9063,3894.7546679973602,-0.0,
9064,3895.1801450252533,-0.0,
9065,3895.6039175987244,-0.0,
9066,3896.028254508972,-0.0,
9067,3896.4522774219513,-0.0040351436,
9068,3896.8771221637726,-0.0,
9069,3897.3015718460083,-0.017640514,
9070,3897.726138353348,-0.0,
9071,3898.1499893665314,-0.0,
9072,3898.554267168045,-0.0,
9073,3899.046830892563,-0.0,
9074,3899.4693126678467,-0.0,
9075,3899.898966550827,-0.0,
9076,3900.322116613388,-0.0,
9077,3900.749155521393,-0.0,
9078,3901.174334049225,-0.0,
9079,3901.598457098007,-0.0,
9080,3902.0248034000397,-0.3568378,
9081,3902.447273492813,-0.0,
9082,3902.8748149871826,-1.047837,
9083,3903.2987627983093,-0.0,
9084,3903.724154472351,-0.0,
9085,3904.1482441425323,-1.1162861e-07,
9086,3904.5723040103912,-0.0,
9087,3904.9993510246277,-0.0,
9088,3905.4234969615936,-0.0,
9089,3905.848799467087,-0.09432086,
9090,3906.2732298374176,-0.0,
9091,3906.697981119156,-0.11200464,
9092,3907.123374223709,-0.0,
9093,3907.525933742523,-0.26165724,
9094,3908.00692152977,-0.0,
9095,3908.4300842285156,-0.0,
9096,3908.85826086998,-0.0,
9097,3909.2813041210175,-0.0,
9098,3909.70686006546,-0.0,
9099,3910.1313755512238,-0.0,
9100,3910.555818796158,-0.0,
9101,3910.9812161922455,-0.3608049,
9102,3911.4037280082703,-0.0014599743,
9103,3911.8295514583588,-0.744149,
9104,3912.252756357193,-0.060684957,
9105,3912.678372859955,-0.017002635,
9106,3913.1032421588898,-0.0,
9107,3913.527659893036,-0.0,
9108,3913.9535160064697,-0.0,
9109,3914.3782801628113,-0.0,
9110,3914.80437707901,-0.0,
9111,3915.228037595749,-0.022514395,
9112,3915.6531677246094,-0.0,
9113,3916.0780925750732,-0.09509876,
9114,3916.4819691181183,-0.0,
9115,3916.9677658081055,-0.74451977,
9116,3917.3908126354218,-0.0,
9117,3917.821177005768,-0.0,
9118,3918.242879629135,-0.0,
9119,3918.670423269272,-4.625755e-05,
9120,3919.0947213172913,-0.00034808755,
9121,3919.5182049274445,-0.18087192,
9122,3919.943767309189,-0.0,
9123,3920.3664293289185,-0.0,
9124,3920.7925436496735,-0.0,
9125,3921.216689825058,-0.0,
9126,3921.6415894031525,-0.0,
9127,3922.0661191940308,-0.0,
9128,3922.489750146866,-0.0,
9129,3922.9155235290527,-0.0,
9130,3923.339380264282,-0.0,
9131,3923.7649931907654,-0.13883004,
9132,3924.18909239769,-0.0,
9133,3924.6129443645477,-0.0,
9134,3925.0366625785828,-0.0,
9135,3925.439712524414,-0.0,
9136,3925.9292249679565,-0.0,
9137,3926.352319717407,-6.010551e-10,
9138,3926.7798495292664,-0.0,
9139,3927.2018995285034,-0.0,
9140,3927.6302392482758,-0.0,
9141,3928.053535461426,-0.0,
9142,3928.477528333664,-0.0,
9143,3928.9021122455597,-0.0,
9144,3929.325563430786,-0.0,
9145,3929.751371383667,-0.0,
9146,3930.174694299698,-0.0,
9147,3930.5999433994293,-0.0,
9148,3931.024066925049,-0.0,
9149,3931.447905063629,-0.0,
9150,3931.873481273651,-0.0,
9151,3932.296362876892,-0.0,
9152,3932.720664024353,-0.0,
9153,3933.145672082901,-0.0,
9154,3933.5709130764008,-0.06692109,
9155,3933.9954171180725,-0.0,
9156,3934.3983495235443,-0.0,
9157,3934.895078897476,-0.0,
9158,3935.316937685013,-0.0,
9159,3935.745292186737,-0.0,
9160,3936.167989730835,-0.0,
9161,3936.593945980072,-0.9353624,
9162,3937.0173807144165,-0.0,
9163,3937.439915895462,-0.0,
9164,3937.8658554553986,-0.0,
9165,3938.289637327194,-0.5315379,
9166,3938.714857339859,-0.0,
9167,3939.1381046772003,-0.0,
9168,3939.5623531341553,-0.0,
9169,3939.9867362976074,-0.0,
9170,3940.4108352661133,-0.0,
9171,3940.8349034786224,-0.2859903,
9172,3941.2582058906555,-0.0,
9173,3941.6825029850006,-0.0,
9174,3942.1070940494537,-0.0,
9175,3942.531001329422,-0.0,
9176,3942.9548869132996,-0.060797334,
9177,3943.3597609996796,-0.0,
9178,3943.853182077408,-0.091430955,
9179,3944.2751412391663,-0.010123724,
9180,3944.703274011612,-0.0,
9181,3945.125657558441,-0.030620214,
9182,3945.552222967148,-0.0,
9183,3945.9745860099792,-0.0,
9184,3946.39954662323,-0.0,
9185,3946.8263313770294,-0.0,
9186,3947.2498688697815,-0.0,
9187,3947.676773071289,-0.0,
9188,3948.101239681244,-0.16417989,
9189,3948.526458501816,-0.0,
9190,3948.9515511989594,-0.0,
9191,3949.3753550052643,-0.0,
9192,3949.802836418152,-0.0,
9193,3950.2271106243134,-0.0,
9194,3950.6519134044647,-0.2502925,
9195,3951.0763533115387,-0.0,
9196,3951.501096010208,-0.0029370075,
9197,3951.92604804039,-0.0,
9198,3952.3301951885223,-0.0,
9199,3952.8243596553802,-0.0,
9200,3953.248723745346,-0.0,
9201,3953.679693698883,-0.0,
9202,3954.1057171821594,-0.0,
9203,3954.5338468551636,-0.28162414,
9204,3954.9598953723907,-0.010770518,
9205,3955.3851811885834,-0.0,
9206,3955.8109986782074,-0.0,
9207,3956.234283685684,-0.31330848,
9208,3956.6629836559296,-0.043101173,
9209,3957.088539838791,-0.0,
9210,3957.5158355236053,-0.0,
9211,3957.9408690929413,-0.0,
9212,3958.365574121475,-0.0,
9213,3958.7892546653748,-0.0,
9214,3959.214187145233,-0.0,
9215,3959.6380002498627,-0.0,
9216,3960.0646121501923,-0.0,
9217,3960.489843606949,-0.0,
9218,3960.914734840393,-0.0,
9219,3961.3197100162506,-0.0,
9220,3961.837128639221,-0.0,
9221,3962.262452840805,-0.0,
9222,3962.689862728119,-0.037429124,
9223,3963.1122262477875,-0.0,
9224,3963.538815975189,-0.0,
9225,3963.963415622711,-3.0829983e-10,
9226,3964.386258125305,-0.0,
9227,3964.8111271858215,-0.0,
9228,3965.23392868042,-0.0,
9229,3965.6594886779785,-0.0,
9230,3966.0829205513,-0.0,
9231,3966.5073449611664,-0.27835497,
9232,3966.931705713272,-0.07390209,
9233,3967.356438398361,-0.0,
9234,3967.7819244861603,-0.0,
9235,3968.2056620121,-0.4653143,
9236,3968.630222558975,-0.017774466,
9237,3969.0556042194366,-0.0,
9238,3969.4798686504364,-0.0,
9239,3969.903507709503,-0.0,
9240,3970.3081538677216,-0.033670805,
9241,3970.796105146408,-0.0,
9242,3971.21874499321,-0.0,
9243,3971.6473524570465,-0.8424287,
9244,3972.0701491832733,-0.0,
9245,3972.496468782425,-0.0,
9246,3972.9203526973724,-0.0,
9247,3973.343524456024,-0.024279801,
9248,3973.7689304351807,-0.014993185,
9249,3974.1922426223755,-0.0,
9250,3974.618938922882,-0.0,
9251,3975.042008638382,-0.29868594,
9252,3975.467117547989,-0.0,
9253,3975.8938286304474,-0.0,
9254,3976.3187177181244,-0.15610124,
9255,3976.7433404922485,-0.0,
9256,3977.1661384105682,-0.0,
9257,3977.592046737671,-0.0,
9258,3978.0153765678406,-0.0,
9259,3978.440043926239,-0.0,
9260,3978.8632295131683,-0.0,
9261,3979.267882823944,-0.0,
9262,3979.74764919281,-0.0,
9263,3980.169733762741,-7.0123096e-10,
9264,3980.5984263420105,-0.46034923,
9265,3981.019805908203,-0.0,
9266,3981.4456584453583,-0.0,
9267,3981.8696641921997,-0.0,
9268,3982.293220758438,-0.0,
9269,3982.7185673713684,-0.0,
9270,3983.1405613422394,-0.02878196,
9271,3983.566976547241,-0.35037214,
9272,3983.9902386665344,-0.0,
9273,3984.4161248207092,-0.0,
9274,3984.839852333069,-0.0,
9275,3985.2634406089783,-0.0,
9276,3985.689005613327,-0.45364755,
9277,3986.1121191978455,-0.0,
9278,3986.5377385616302,-0.0,
9279,3986.9604589939117,-0.0,
9280,3987.384806871414,-0.0,
9281,3987.809071302414,-0.0,
9282,3988.2132935523987,-0.0553457,
9283,3988.707343816757,-0.0,
9284,3989.130095720291,-0.0,
9285,3989.5580854415894,-0.0,
9286,3989.9819202423096,-0.0,
9287,3990.410360813141,-0.0,
9288,3990.8350570201874,-0.0,
9289,3991.258030653,-0.0,
9290,3991.683262825012,-0.0,
9291,3992.1068251132965,-0.0,
9292,3992.5327246189117,-0.0,
9293,3992.9557390213013,-0.0,
9294,3993.3801958560944,-0.0,
9295,3993.804423570633,-0.0,
9296,3994.228763103485,-0.0,
9297,3994.6561527252197,-0.0,
9298,3995.0825712680817,-0.14645988,
9299,3995.507669210434,-0.105535164,
9300,3995.9327330589294,-0.0,
9301,3996.3570001125336,-0.5140774,
9302,3996.7835099697113,-0.004686294,
9303,3997.1880893707275,-0.0,
9304,3997.6854672431946,-0.0,
9305,3998.107410430908,-0.10479739,
9306,3998.535809993744,-0.0,
9307,3998.9610142707825,-0.20659065,
9308,3999.3878457546234,-0.0,
9309,3999.812134027481,-0.0,
9310,4000.2353229522705,-2.1215185e-09,
9311,4000.6603705883026,-0.07211703,
9312,4001.083973646164,-0.0,
9313,4001.509683609009,-0.06120374,
9314,4001.9335045814514,-0.020183852,
9315,4002.357920408249,-0.0,
9316,4002.7822535037994,-0.0,
9317,4003.2065739631653,-0.18807212,
9318,4003.631719350815,-0.15005599,
9319,4004.0547807216644,-0.034249343,
9320,4004.480758190155,-0.0,
9321,4004.9042830467224,-0.36774707,
9322,4005.3291256427765,-0.0,
9323,4005.753087759018,-0.0,
9324,4006.1563975811005,-0.0,
9325,4006.646642923355,-0.0,
9326,4007.0688807964325,-0.0,
9327,4007.4966173171997,-4.5806435e-05,
9328,4007.9189772605896,-0.0,
9329,4008.346428871155,-0.14258209,
9330,4008.769658088684,-0.0,
9331,4009.1927762031555,-0.6547067,
9332,4009.6186385154724,-0.0,
9333,4010.0423645973206,-0.037249137,
9334,4010.468705892563,-0.0,
9335,4010.892214536667,-0.22077557,
9336,4011.3173217773438,-0.0,
9337,4011.7429146766663,-0.08958924,
9338,4012.1664497852325,-0.0,
9339,4012.592395067215,-0.0,
9340,4013.0163571834564,-0.0,
9341,4013.4429445266724,-0.0,
9342,4013.8677730560303,-0.0,
9343,4014.2918577194214,-0.0,
9344,4014.717668056488,-0.0,
9345,4015.121435403824,-0.0,
9346,4015.608889102936,-0.0,
9347,4016.030603170395,-0.04610847,
9348,4016.460597038269,-0.0,
9349,4016.8847665786743,-0.008574291,
9350,4017.311297893524,-0.0,
9351,4017.7361855506897,-0.0,
9352,4018.161588907242,-0.0,
9353,4018.5862045288086,-0.0,
9354,4019.009893655777,-0.0,
9355,4019.436210155487,-0.0,
9356,4019.8600709438324,-0.0,
9357,4020.285521030426,-0.0,
9358,4020.709836959839,-0.0,
9359,4021.1346893310547,-0.66640615,
9360,4021.5604224205017,-0.0,
9361,4021.984181880951,-0.0,
9362,4022.408902168274,-0.0,
9363,4022.8329763412476,-0.0007455304,
9364,4023.2593228816986,-0.0070252037,
9365,4023.6838109493256,-0.18144147,
9366,4024.0879323482513,-0.0,
9367,4024.577742576599,-0.0,
9368,4025.0002617836,-0.17415842,
9369,4025.429729938507,-0.0,
9370,4025.8537476062775,-0.0,
9371,4026.2796156406403,-0.17571115,
9372,4026.7032794952393,-0.07664762,
9373,4027.126220226288,-0.2935296,
9374,4027.551758289337,-0.05802545,
9375,4027.9749546051025,-0.0,
9376,4028.4013299942017,-0.0,
9377,4028.8244071006775,-0.0,
9378,4029.2486667633057,-0.0,
9379,4029.672717809677,-0.019088194,
9380,4030.0973467826843,-0.0,
9381,4030.5228703022003,-0.7353035,
9382,4030.9463634490967,-0.0,
9383,4031.3712491989136,-0.0,
9384,4031.7953341007233,-0.0,
9385,4032.219491958618,-0.0,
9386,4032.643774986267,-0.0,
9387,4033.0471205711365,-0.0,
9388,4033.5310447216034,-0.05188904,
9389,4033.953362226486,-0.29259297,
9390,4034.3825566768646,-0.39843738,
9391,4034.804207801819,-0.0,
9392,4035.2307686805725,-0.0,
9393,4035.6540343761444,-0.0,
9394,4036.0790956020355,-0.0,
9395,4036.5045351982117,-0.0,
9396,4036.9267842769623,-0.0,
9397,4037.3524906635284,-0.0,
9398,4037.776033639908,-0.0,
9399,4038.2003836631775,-0.0,
9400,4038.624112844467,-3.555474e-08,
9401,4039.0473668575287,-0.0,
9402,4039.472331762314,-0.0,
9403,4039.8964195251465,-0.0,
9404,4040.3211600780487,-0.027389148,
9405,4040.744131088257,-0.0,
9406,4041.168766975403,-0.0,
9407,4041.592683315277,-0.06421316,
9408,4041.997230529785,-0.0,
9409,4042.4803364276886,-0.0,
9410,4042.9020612239838,-0.0,
9411,4043.329886674881,-0.0,
9412,4043.752452850342,-0.0,
9413,4044.178118467331,-0.0,
9414,4044.601073741913,-0.0,
9415,4045.0245611667633,-0.1441187,
9416,4045.450159549713,-3.1488227e-05,
9417,4045.8732793331146,-0.0,
9418,4046.2992351055145,-0.0,
9419,4046.72217464447,-0.0,
9420,4047.147577047348,-0.063132286,
9421,4047.5726754665375,-0.0,
9422,4047.996797323227,-0.0,
9423,4048.421066761017,-0.0,
9424,4048.8451642990112,-0.0,
9425,4049.270408630371,-0.9080414,
9426,4049.69509100914,-0.0,
9427,4050.118614435196,-0.0,
9428,4050.5444207191467,-0.22785449,
9429,4050.9488368034363,-0.0,
9430,4051.4373741149902,-0.0,
9431,4051.860989332199,-5.008792e-10,
9432,4052.2887370586395,-0.0,
9433,4052.7124066352844,-0.0,
9434,4053.139378786087,-0.0,
9435,4053.5626952648163,-0.1048836,
9436,4053.989803791046,-0.060550082,
9437,4054.4160254001617,-0.0,
9438,4054.83838057518,-0.0,
9439,4055.263974905014,-0.0,
9440,4055.6888287067413,-0.0,
9441,4056.1160640716553,-0.54407674,
9442,4056.5395662784576,-0.0,
9443,4056.9643342494965,-0.0,
9444,4057.389848947525,-0.08016535,
9445,4057.8142552375793,-0.17576793,
9446,4058.239316701889,-0.0,
9447,4058.664802789688,-0.15579072,
9448,4059.0910654067993,-0.008051803,
9449,4059.5151767730713,-0.0,
9450,4059.918579339981,-0.0,
9451,4060.4066956043243,-0.0375669,
9452,4060.828938484192,-0.0,
9453,4061.2567703723907,-0.0,
9454,4061.679867506027,-0.0,
9455,4062.1073286533356,-0.038252894,
9456,4062.5310854911804,-0.060148023,
9457,4062.9553685188293,-0.1880956,
9458,4063.379950761795,-0.0,
9459,4063.8036453723907,-0.0,
9460,4064.229385614395,-0.0,
9461,4064.6525259017944,-0.0,
9462,4065.0766155719757,-0.0,
9463,4065.5004801750183,-0.0,
9464,4065.924545764923,-0.0,
9465,4066.35084605217,-0.0,
9466,4066.773060321808,-0.0,
9467,4067.1989154815674,-0.0,
9468,4067.623332262039,-6.2811196e-06,
9469,4068.0488891601562,-0.0,
9470,4068.4720556735992,-0.0,
9471,4068.875653743744,-0.158655,
9472,4069.3735287189484,-0.0,
9473,4069.795159101486,-0.15361992,
9474,4070.2231941223145,-0.0,
9475,4070.6461148262024,-0.0,
9476,4071.0719175338745,-0.0,
9477,4071.4952189922333,-0.0,
9478,4071.9194991588593,-0.0,
9479,4072.3451628684998,-0.0,
9480,4072.771687746048,-0.0,
9481,4073.1971657276154,-0.0,
9482,4073.62171792984,-0.23694316,
9483,4074.046916246414,-0.0,
9484,4074.471005678177,-0.0,
9485,4074.8943676948547,-1.2277653e-07,
9486,4075.3196556568146,-0.0,
9487,4075.7435071468353,-0.0,
9488,4076.168821811676,-0.0,
9489,4076.5927069187164,-0.0,
9490,4077.018221616745,-0.0,
9491,4077.4430062770844,-0.0,
9492,4077.847488641739,-0.0,
9493,4078.3291430473328,-0.4212853,
9494,4078.7511882781982,-0.0,
9495,4079.1799445152283,-0.0,
9496,4079.603086709976,-0.0,
9497,4080.0292916297913,-0.01258779,
9498,4080.453687429428,-0.0,
9499,4080.878433704376,-0.0,
9500,4081.30459856987,-0.0,
9501,4081.7277529239655,-0.0,
9502,4082.1533818244934,-0.0,
9503,4082.577271461487,-0.103397585,
9504,4083.0024960041046,-3.6995906e-09,
9505,4083.426616191864,-0.0,
9506,4083.8498163223267,-0.0,
9507,4084.274724006653,-0.0,
9508,4084.6988475322723,-0.3631697,
9509,4085.123776912689,-0.074111566,
9510,4085.54719042778,-0.0,
9511,4085.971176147461,-0.044480484,
9512,4086.3954813480377,-0.0,
9513,4086.8004279136658,-0.09151439,
9514,4087.290465593338,-0.0,
9515,4087.7134149074554,-0.0,
9516,4088.141070127487,-0.0,
9517,4088.5636761188507,-0.37724453,
9518,4088.989713907242,-0.0,
9519,4089.414165496826,-4.2993404e-09,
9520,4089.8384997844696,-0.0,
9521,4090.2634859085083,-0.0,
9522,4090.6858167648315,-2.2697934e-05,
9523,4091.112332344055,-0.0,
9524,4091.5359275341034,-0.0,
9525,4091.961401462555,-0.0,
9526,4092.3854761123657,-0.069464706,
9527,4092.808927297592,-0.121988,
9528,4093.234143972397,-0.0,
9529,4093.657768011093,-0.1833151,
9530,4094.083368062973,-0.0,
9531,4094.506581068039,-0.0,
9532,4094.9316744804382,-0.12873723,
9533,4095.3577206134796,-0.0,
9534,4095.7612018585205,-0.0,
9535,4096.2628128528595,-0.0,
9536,4096.684382677078,-0.0,
9537,4097.112293481827,-0.0,
9538,4097.535686969757,-0.0,
9539,4097.9628829956055,-0.0,
9540,4098.386107683182,-0.0,
9541,4098.8095688819885,-0.0,
9542,4099.235820770264,-0.0,
9543,4099.658675193787,-0.0,
9544,4100.083964586258,-0.0,
9545,4100.507151126862,-0.0,
9546,4100.932527542114,-0.0,
9547,4101.357690572739,-0.0,
9548,4101.781086206436,-0.0,
9549,4102.206325054169,-0.32850224,
9550,4102.630516290665,-0.0,
9551,4103.056301832199,-0.0,
9552,4103.480106115341,-0.0,
9553,4103.903451919556,-0.0,
9554,4104.328731775284,-0.0,
9555,4104.732393026352,-0.0,
9556,4105.215675354004,-0.0,
9557,4105.638777971268,-0.0,
9558,4106.0665583610535,-0.0,
9559,4106.490037679672,-0.0,
9560,4106.915858745575,-0.0687029,
9561,4107.3393766880035,-0.0,
9562,4107.762847185135,-0.09181846,
9563,4108.1884524822235,-0.003944792,
9564,4108.612172603607,-0.0,
9565,4109.037291765213,-0.0,
9566,4109.460341691971,-0.0,
9567,4109.885474205017,-0.09309591,
9568,4110.310499191284,-0.0,
9569,4110.735637664795,-0.0,
9570,4111.15922498703,-0.0,
9571,4111.58310341835,-0.0,
9572,4112.008436918259,-0.0,
9573,4112.433223962784,-0.0,
9574,4112.8584225177765,-0.0,
9575,4113.283842802048,-0.0,
9576,4113.688233137131,-0.0,
9577,4114.169254779816,-0.0,
9578,4114.592920064926,-0.0,
9579,4115.020294189453,-0.0,
9580,4115.4428589344025,-0.0,
9581,4115.8704488277435,-0.0,
9582,4116.294563770294,-0.7638678,
9583,4116.717269420624,-0.0,
9584,4117.14356136322,-0.0,
9585,4117.567567110062,-0.2723682,
9586,4117.993976354599,-0.0,
9587,4118.417999505997,-0.0,
9588,4118.841825008392,-0.0,
9589,4119.267378330231,-0.026135659,
9590,4119.691739797592,-0.0,
9591,4120.117173433304,-0.0,
9592,4120.54187130928,-0.0,
9593,4120.966722249985,-0.0,
9594,4121.391809940338,-0.0,
9595,4121.815776824951,-0.0,
9596,4122.240528583527,-0.0,
9597,4122.644646883011,-0.0,
9598,4123.124022960663,-0.78140354,
9599,4123.546860218048,-0.0,
9600,4123.976249456406,-0.0,
9601,4124.398158788681,-0.3241663,
9602,4124.825802087784,-0.0,
9603,4125.249449491501,-0.0,
9604,4125.673034191132,-0.0,
9605,4126.097935676575,-0.0,
9606,4126.521813631058,-0.0,
9607,4126.948433160782,-0.64459676,
9608,4127.371770620346,-0.107369676,
9609,4127.79670882225,-0.0,
9610,4128.221118927002,-0.0,
9611,4128.645051717758,-0.0,
9612,4129.07032418251,-2.3323244e-08,
9613,4129.494145393372,-0.070275895,
9614,4129.9191999435425,-0.0,
9615,4130.34347820282,-0.0,
9616,4130.768260002136,-0.0,
9617,4131.191664934158,-0.1807304,
9618,4131.594596624374,-0.0,
9619,4132.070121526718,-0.0,
9620,4132.492144584656,-0.0,
9621,4132.920587301254,-0.0,
9622,4133.344410896301,-0.0,
9623,4133.770407676697,-0.0,
9624,4134.193896055222,-0.0,
9625,4134.617618560791,-8.403922e-05,
9626,4135.044096946716,-0.025728073,
9627,4135.468340873718,-0.0,
9628,4135.893419504166,-0.0,
9629,4136.318379163742,-0.0,
9630,4136.743454694748,-0.0,
9631,4137.168297290802,-0.0,
9632,4137.593332767487,-0.0,
9633,4138.019676446915,-0.0,
9634,4138.443880319595,-0.0,
9635,4138.86879324913,-0.0,
9636,4139.291762590408,-0.0,
9637,4139.715662240982,-0.18090913,
9638,4140.140602350235,-0.13173153,
9639,4140.544587135315,-0.47772083,
9640,4141.021152019501,-0.0,
9641,4141.444692373276,-0.4614583,
9642,4141.872159719467,-0.14071542,
9643,4142.295805692673,-0.18051255,
9644,4142.721924781799,-0.0022684424,
9645,4143.147274255753,-0.0,
9646,4143.571506977081,-0.11617496,
9647,4143.9981389045715,-0.0,
9648,4144.421568393707,-0.0,
9649,4144.847838163376,-0.0,
9650,4145.2716755867,-0.04434573,
9651,4145.696085691452,-0.0,
9652,4146.121037483215,-0.0,
9653,4146.5455684661865,-0.0,
9654,4146.9704167842865,-0.0,
9655,4147.394463777542,-0.0,
9656,4147.819813489914,-0.0,
9657,4148.244499921799,-0.0,
9658,4148.668441534042,-0.0,
9659,4149.09294629097,-0.0,
9660,4149.497452020645,-0.0,
9661,4149.983893156052,-0.0,
9662,4150.406147480011,-0.0,
9663,4150.834861755371,-0.011616709,
9664,4151.257876873016,-0.0,
9665,4151.684381246567,-0.0,
9666,4152.107821702957,-0.0,
9667,4152.531467199326,-0.06665991,
9668,4152.95783162117,-0.0,
9669,4153.380551576614,-0.0,
9670,4153.806937932968,-0.0,
9671,4154.231106519699,-0.0,
9672,4154.656858444214,-0.08498836,
9673,4155.081497907639,-0.0,
9674,4155.504856586456,-0.0,
9675,4155.930823087692,-0.0,
9676,4156.355226993561,-0.0,
9677,4156.780730485916,-0.0,
9678,4157.205238819122,-0.0,
9679,4157.629302024841,-0.0,
9680,4158.055196046829,-0.25145033,
9681,4158.4597709178925,-0.33039278,
9682,4158.9784824848175,-0.0,
9683,4159.400509357452,-0.0,
9684,4159.830166339874,-0.0,
9685,4160.253914356232,-0.0,
9686,4160.6807725429535,-0.0,
9687,4161.1050317287445,-0.011521881,
9688,4161.52891087532,-0.041412473,
9689,4161.954521894455,-2.6822051e-09,
9690,4162.378972768784,-2.4981839e-08,
9691,4162.804519891739,-0.0,
9692,4163.227829694748,-0.0,
9693,4163.653083562851,-0.0,
9694,4164.079346418381,-0.7084058,
9695,4164.503251552582,-0.0,
9696,4164.928562164307,-0.0,
9697,4165.353241443634,-0.0,
9698,4165.777697086334,-0.0,
9699,4166.202129840851,-0.0,
9700,4166.626237154007,-0.0,
9701,4167.051342964172,-0.049309626,
9702,4167.456388473511,-0.0,
9703,4167.953966856003,-0.0,
9704,4168.376933336258,-0.0,
9705,4168.804797172546,-0.0,
9706,4169.228834629059,-0.0,
9707,4169.655246973038,-0.06830596,
9708,4170.080842018127,-0.0,
9709,4170.503165721893,-0.0,
9710,4170.929422855377,-0.0,
9711,4171.352914810181,-0.0,
9712,4171.777528524399,-7.501931e-09,
9713,4172.20077252388,-0.71331346,
9714,4172.62500333786,-0.028746765,
9715,4173.050047636032,-0.34854546,
9716,4173.4742159843445,-0.0,
9717,4173.898596286774,-0.0,
9718,4174.322110652924,-0.031607457,
9719,4174.747892379761,-1.4037207,
9720,4175.172422885895,-0.0,
9721,4175.596258878708,-0.0,
9722,4176.019568443298,-0.0,
9723,4176.4235780239105,-0.0,
9724,4176.913778066635,-0.0,
9725,4177.335364103317,-0.0,
9726,4177.76224064827,-0.0,
9727,4178.185668706894,-0.0,
9728,4178.61242723465,-0.0,
9729,4179.036678552628,-0.0,
9730,4179.4591653347015,-0.0,
9731,4179.884734630585,-0.0,
9732,4180.308124065399,-0.0,
9733,4180.733691930771,-0.43513113,
9734,4181.15712761879,-0.0,
9735,4181.582736492157,-0.0,
9736,4182.008100748062,-0.11317922,
9737,4182.433933019638,-0.0,
9738,4182.858442783356,-0.0,
9739,4183.283048152924,-0.0,
9740,4183.70894408226,-0.19142759,
9741,4184.133091449738,-0.0,
9742,4184.557461023331,-1.7791343e-05,
9743,4184.982618093491,-0.06281822,
9744,4185.386738538742,-0.0,
9745,4185.879148721695,-0.09665437,
9746,4186.302121400833,-0.0,
9747,4186.730437517166,-0.012480222,
9748,4187.152857065201,-0.0,
9749,4187.578947305679,-0.0,
9750,4188.0040690898895,-0.0,
9751,4188.4282076358795,-0.0,
9752,4188.853808879852,-0.0,
9753,4189.276594161987,-1.2085015,
9754,4189.7037761211395,-0.0,
9755,4190.127966403961,-0.12582831,
9756,4190.552974224091,-1.5414982e-09,
9757,4190.977344274521,-0.075895175,
9758,4191.402734518051,-0.016171336,
9759,4191.82849240303,-0.0,
9760,4192.251982212067,-0.0,
9761,4192.677433013916,-0.25681248,
9762,4193.102375984192,-0.0,
9763,4193.528037309647,-0.0,
9764,4193.953143596649,-0.0,
9765,4194.357619762421,-0.0,
9766,4194.835895776749,-0.0,
9767,4195.259179830551,-0.0,
9768,4195.687504529953,-0.0,
9769,4196.110553026199,-0.0,
9770,4196.536112546921,-0.0,
9771,4196.963104486465,-0.0,
9772,4197.3869042396545,-0.0,
9773,4197.811752319336,-0.0,
9774,4198.234202384949,-0.0,
9775,4198.66058754921,-0.0,
9776,4199.085094690323,-0.005216438,
9777,4199.510034799576,-0.0,
9778,4199.933505535126,-0.11024119,
9779,4200.358663082123,-0.0,
9780,4200.784045219421,-0.30408594,
9781,4201.208329439163,-0.08212404,
9782,4201.632692337036,-0.0,
9783,4202.0572946071625,-0.0,
9784,4202.4826056957245,-0.0,
9785,4202.906824588776,-0.0,
9786,4203.3110871315,-0.12291837,
9787,4203.808269739151,-0.0,
9788,4204.2315809726715,-0.0,
9789,4204.659079313278,-0.0,
9790,4205.083325147629,-0.06949206,
9791,4205.510032653809,-0.0,
9792,4205.9351642131805,-0.03093056,
9793,4206.360336065292,-0.0,
9794,4206.787606477737,-0.0,
9795,4207.210859537125,-0.0,
9796,4207.638185739517,-0.0,
9797,4208.0627608299255,-5.3903166e-09,
9798,4208.487294912338,-0.0,
9799,4208.911157608032,-0.0,
9800,4209.334537267685,-0.0,
9801,4209.760713338852,-0.0,
9802,4210.1848657131195,-0.0,
9803,4210.609206199646,-0.0,
9804,4211.033537149429,-0.0,
9805,4211.459011316299,-0.0,
9806,4211.88329577446,-0.0,
9807,4212.286211967468,-0.0,
9808,4212.7728481292725,-0.0,
9809,4213.196946382523,-0.0,
9810,4213.625104665756,-0.0,
9811,4214.046134233475,-0.06863143,
9812,4214.473406076431,-0.0,
9813,4214.897265434265,-0.0,
9814,4215.321648836136,-0.108217284,
9815,4215.745923995972,-0.0,
9816,4216.168110609055,-0.0,
9817,4216.595956087112,-0.0,
9818,4217.020125389099,-0.00024629568,
9819,4217.44517326355,-0.0,
9820,4217.8688752651215,-0.0004242778,
9821,4218.292298316956,-0.045862976,
9822,4218.718997478485,-0.0,
9823,4219.141912937164,-0.1891071,
9824,4219.5666790008545,-0.0,
9825,4219.990828037262,-0.0,
9826,4220.416017770767,-0.054817434,
9827,4220.841821432114,-0.0,
9828,4221.244744300842,-0.0,
9829,4221.729011058807,-0.0,
9830,4222.151137828827,-0.0,
9831,4222.58016371727,-0.0,
9832,4223.001770734787,-0.0,
9833,4223.4270095825195,-0.0,
9834,4223.851441144943,-0.0,
9835,4224.275224685669,-0.0,
9836,4224.702035903931,-0.0,
9837,4225.124550104141,-0.0,
9838,4225.55032324791,-0.0,
9839,4225.974633216858,-0.110256076,
9840,4226.399378538132,-0.044549055,
9841,4226.82310962677,-0.055532813,
9842,4227.2464826107025,-0.0,
9843,4227.672392845154,-0.0,
9844,4228.096839189529,-0.0,
9845,4228.521963119507,-0.18860112,
9846,4228.945067167282,-0.0,
9847,4229.36980509758,-0.0,
9848,4229.794515609741,-0.0,
9849,4230.1992020606995,-0.25105202,
9850,4230.696750402451,-0.060946494,
9851,4231.119231462479,-0.050953787,
9852,4231.546752214432,-0.0,
9853,4231.969321012497,-0.0,
9854,4232.395439624786,-0.01971045,
9855,4232.819334983826,-0.0,
9856,4233.242465496063,-0.0,
9857,4233.669398784637,-0.0,
9858,4234.093351602554,-0.07768665,
9859,4234.519516468048,-0.0,
9860,4234.9435913562775,-0.0,
9861,4235.369327306747,-0.28799307,
9862,4235.795475482941,-0.0,
9863,4236.218896865845,-0.0,
9864,4236.643167972565,-0.0,
9865,4237.067685127258,-0.00030621793,
9866,4237.492578983307,-0.08071089,
9867,4237.916810035706,-0.27726787,
9868,4238.340836286545,-0.07766416,
9869,4238.765569448471,-0.0,
9870,4239.171739578247,-1.1188207e-05,
9871,4239.656057834625,-0.0,
9872,4240.078414916992,-0.0,
9873,4240.506714105606,-0.0,
9874,4240.930059194565,-0.06764525,
9875,4241.356330871582,-0.8265046,
9876,4241.779155254364,-0.0,
9877,4242.201923370361,-0.060939066,
9878,4242.628074884415,-0.0,
9879,4243.051351308823,-0.0,
9880,4243.476957321167,-0.0,
9881,4243.899947881699,-0.054650597,
9882,4244.324370145798,-3.874295e-09,
9883,4244.748846530914,-0.0,
9884,4245.172439098358,-0.5166353,
9885,4245.59695482254,-0.0,
9886,4246.021130800247,-0.0,
9887,4246.446335077286,-0.08398468,
9888,4246.871033191681,-0.0,
9889,4247.295189619064,-0.0,
9890,4247.719486713409,-0.0,
9891,4248.12296295166,-0.0,
9892,4248.608830690384,-0.0,
9893,4249.030608892441,-0.0,
9894,4249.460232257843,-0.0,
9895,4249.8831346035,-0.0,
9896,4250.30984377861,-0.0,
9897,4250.733925580978,-0.0,
9898,4251.157685756683,-0.0,
9899,4251.584251642227,-0.0,
9900,4252.007718086243,-0.0,
9901,4252.4338483810425,-0.0,
9902,4252.85808300972,-0.0,
9903,4253.283478975296,-0.271697,
9904,4253.709302663803,-0.0,
9905,4254.133045434952,-0.034359742,
9906,4254.559055805206,-0.0,
9907,4254.983706951141,-0.0,
9908,4255.408922433853,-0.15367906,
9909,4255.833126544952,-0.0,
9910,4256.257884263992,-0.0,
9911,4256.68306350708,-0.12628096,
9912,4257.086966753006,-0.0,
9913,4257.57239818573,-0.0027342828,
9914,4257.994344711304,-0.0,
9915,4258.423038005829,-0.0,
9916,4258.845922708511,-0.0,
9917,4259.27165722847,-0.042892814,
9918,4259.695350408554,-0.0,
9919,4260.119652032852,-0.0,
9920,4260.545033931732,-0.15299538,
9921,4260.96913599968,-0.0,
9922,4261.393956899643,-0.0,
9923,4261.818190813065,-0.0,
9924,4262.2438788414,-0.0,
9925,4262.668992519379,-0.0,
9926,4263.09281206131,-0.05982204,
9927,4263.517639636993,-0.0,
9928,4263.942514419556,-0.042348057,
9929,4264.367948293686,-0.0,
9930,4264.790895462036,-0.0,
9931,4265.214990139008,-0.0,
9932,4265.639754295349,-0.0,
9933,4266.044226169586,-0.0,
9934,4266.536326885223,-0.0,
9935,4266.9584004879,-0.050430883,
9936,4267.3884699344635,-0.0,
9937,4267.810345888138,-0.0,
9938,4268.238770723343,-0.0,
9939,4268.663094520569,-0.0,
9940,4269.086437702179,-0.0,
9941,4269.511563062668,-0.0,
9942,4269.93474316597,-0.038894914,
9943,4270.361363887787,-0.0,
9944,4270.784387350082,-0.0,
9945,4271.209326982498,-0.0,
9946,4271.6346027851105,-0.0,
9947,4272.058676481247,-0.0,
9948,4272.484377861023,-0.011722761,
9949,4272.907276153564,-0.0,
9950,4273.333187580109,-0.5137569,
9951,4273.757089853287,-3.607985e-05,
9952,4274.181799650192,-0.10315949,
9953,4274.606269598007,-0.1639182,
9954,4275.009598493576,-0.0,
9955,4275.491942882538,-0.0,
9956,4275.913386106491,-0.0,
9957,4276.342084407806,-0.0,
9958,4276.764263629913,-0.0,
9959,4277.190366983414,-0.0,
9960,4277.614312410355,-0.0,
9961,4278.038575410843,-0.0,
9962,4278.464154243469,-0.0,
9963,4278.886342525482,-0.0,
9964,4279.312693119049,-0.123886086,
9965,4279.73592209816,-0.0,
9966,4280.161149024963,-0.0,
9967,4280.584508657455,-0.06840924,
9968,4281.007179021835,-0.0,
9969,4281.432407617569,-0.05602768,
9970,4281.856474876404,-0.0,
9971,4282.281518697739,-1.3245374e-08,
9972,4282.705303668976,-0.0,
9973,4283.13014626503,-0.0,
9974,4283.556041240692,-0.0,
9975,4283.960644721985,-0.0,
9976,4284.447240352631,-0.0,
9977,4284.872363328934,-0.0,
9978,4285.299974679947,-0.0,
9979,4285.72166800499,-0.0,
9980,4286.147974252701,-0.09057441,
9981,4286.571396350861,-0.0,
9982,4286.9955332279205,-0.0,
9983,4287.421030759811,-0.0,
9984,4287.843757152557,-0.041316427,
9985,4288.269453287125,-0.0,
9986,4288.692337274551,-0.0,
9987,4289.1180963516235,-0.0,
9988,4289.541676521301,-0.0,
9989,4289.965986728668,-0.0,
9990,4290.390884876251,-0.019377423,
9991,4290.81516456604,-0.0,
9992,4291.240269422531,-0.2800866,
9993,4291.662519931793,-0.0,
9994,4292.087943077087,-0.0,
9995,4292.512877941132,-0.0,
9996,4292.91734957695,-0.0,
9997,4293.405165672302,-0.040802933,
9998,4293.827828168869,-0.2333102,
9999,4294.255800485611,-0.0,
