step,time_sec,train_neg_log_ppl,val_neg_log_ppl
1,29.409246921539307,-14.659581,
2,30.68721604347229,-14.37199,
3,31.945345401763916,-13.71306,
4,33.19857454299927,-12.630211,
5,34.65853261947632,-10.277332,
6,35.92292022705078,-7.5273046,
7,37.1859872341156,-4.345995,
8,38.460638761520386,-1.863729,
9,39.91561412811279,-1.0228665,
10,41.179468631744385,-1.3030688,
11,42.433125019073486,-1.6629512,
12,43.68469715118408,-1.899625,
13,44.935994148254395,-2.0690637,
14,45.32631540298462,-2.120828,
15,47.06881046295166,-2.4915056,
16,48.31597304344177,-2.6528363,
17,49.56234049797058,-2.9057212,
18,50.80372977256775,-3.1173563,
19,52.021974325180054,-2.97769,
20,53.22923970222473,-3.2664819,
21,54.4331476688385,-3.6805172,
22,55.63370895385742,-3.9651318,
23,56.79421639442444,-3.5755801,
24,57.949939012527466,-3.9513159,
25,59.09360980987549,-4.2460027,
26,60.226104736328125,-4.275284,
27,61.3563597202301,-4.12298,
28,61.706955671310425,-3.9282832,
29,63.3014657497406,-4.232559,
30,64.41854619979858,-4.286167,
31,65.54281616210938,-4.4360685,
32,66.6754162311554,-4.609063,
33,67.82767057418823,-4.289446,
34,68.97389435768127,-4.6213307,
35,70.10269117355347,-5.094549,
36,71.21446633338928,-5.359593,
37,72.32224011421204,-4.7363057,
38,73.4386420249939,-5.172011,
39,74.53625702857971,-5.412365,
40,75.63996529579163,-5.2926064,
41,76.73070621490479,-4.959398,
42,77.07803344726562,-4.5980873,
43,78.65975761413574,-4.749219,
44,79.77533268928528,-4.647754,
45,80.88738226890564,-4.7160845,
46,82.00169467926025,-4.8195505,
47,83.11202788352966,-4.3817277,
48,84.20514249801636,-4.645691,
49,85.30482053756714,-5.0574656,
50,86.39481019973755,-5.212579,
51,87.48869943618774,-4.54366,
52,88.58373141288757,-4.9613085,
53,89.69143104553223,-5.0810666,
54,90.81370210647583,-5.0112004,
55,91.94065976142883,-4.757195,
56,92.29365921020508,-4.1789,
57,94.12099266052246,-3.9804478,
58,95.29304909706116,-3.6084008,
59,96.47155261039734,-2.157476,
60,97.66156196594238,-3.006188,
61,98.85696458816528,-2.3370578,
62,100.04481625556946,-1.4407794,
63,101.24150848388672,-1.477164,
64,102.44559025764465,-1.5832262,
65,103.65182733535767,-0.8604574,
66,104.87063789367676,-0.9598181,
67,106.09934210777283,-0.9111306,
68,107.33132863044739,-0.93048084,
69,108.57028484344482,-0.9519102,
70,108.94322538375854,-0.7775372,
71,110.61994981765747,-1.062289,
72,111.85047268867493,-0.9871014,
73,113.09203457832336,-1.1186459,
74,114.32740378379822,-1.2858123,
75,115.5688054561615,-0.86102176,
76,116.83388829231262,-0.92539334,
77,118.0913245677948,-1.2210281,
78,119.38029932975769,-1.2425907,
79,120.66151261329651,-0.7578723,
80,121.93908977508545,-1.0366808,
81,123.20610237121582,-1.0456479,
82,124.47163105010986,-1.1021398,
83,125.732257604599,-1.0657893,
84,126.1106584072113,-0.5436897,
85,127.85342693328857,-1.0630752,
86,129.12897634506226,-0.91991216,
87,130.3884572982788,-0.935229,
88,131.65899348258972,-1.2475381,
89,132.92724227905273,-0.9540841,
90,134.19299459457397,-0.9101397,
91,135.47346544265747,-1.0357547,
92,136.7588973045349,-1.2477782,
93,138.03760695457458,-0.82674277,
94,139.31640648841858,-0.9124567,
95,140.6099715232849,-0.9857788,
96,141.8849720954895,-0.8570591,
97,143.17266178131104,-0.7727365,
98,143.5568242073059,-0.9590676,
99,145.32116961479187,-0.92972857,
100,148.46790647506714,-0.87951523,
101,149.75206303596497,-0.66516346,
102,151.04819130897522,-0.85668534,
103,152.33296418190002,-1.0224328,
104,153.61242055892944,-0.7148464,
105,154.9047088623047,-1.065396,
106,156.21537852287292,-1.319033,
107,157.51354932785034,-0.6518552,
108,158.8195357322693,-0.80326957,
109,160.1167347431183,-0.6978471,
110,161.4163112640381,-1.0270263,
111,162.70016980171204,-0.8249546,
112,163.09039640426636,-0.5025752,
113,164.87148189544678,-0.8135648,
114,166.18018531799316,-0.750142,
115,167.48525953292847,-0.7482488,
116,168.77469515800476,-0.7045546,
117,170.07554388046265,-0.74706894,
118,171.37553358078003,-0.7341524,
119,172.67707705497742,-1.2874284,
120,173.98871755599976,-1.0074242,
121,175.28906226158142,-1.0489031,
122,176.58880972862244,-0.8876217,
123,177.88046145439148,-0.8257359,
124,179.17717123031616,-0.94632983,
125,180.48390412330627,-0.6411305,
126,180.87761878967285,-0.6964291,
127,182.6634180545807,-0.7179587,
128,183.95562100410461,-0.77181756,
129,185.24689269065857,-0.79835176,
130,186.53258991241455,-0.5200897,
131,187.82621836662292,-0.6252291,
132,189.11504411697388,-0.57537514,
133,190.42208671569824,-1.0998179,
134,191.72657918930054,-1.2500479,
135,193.02914309501648,-0.7282157,
136,194.3315863609314,-0.618479,
137,195.63723039627075,-0.6284957,
138,196.94601607322693,-0.55180115,
139,198.245441198349,-0.7271345,
140,198.63346934318542,-0.3353228,
141,200.42175817489624,-0.7635757,
142,201.7198429107666,-0.6413496,
143,203.01285934448242,-0.6580528,
144,204.3109486103058,-0.89303386,
145,205.61846590042114,-0.55700207,
146,206.92919063568115,-0.55684525,
147,208.28673577308655,-0.59935427,
148,209.6230206489563,-0.8141563,
149,210.96778059005737,-0.761569,
150,212.27118062973022,-0.73204815,
151,213.5967879295349,-0.61400956,
152,214.89915537834167,-0.57001084,
153,216.23334884643555,-0.64256394,
154,216.63618683815002,-0.2646924,
155,218.45084953308105,-0.53204525,
156,219.74682807922363,-0.6802001,
157,221.0540828704834,-0.6398145,
158,222.36294531822205,-0.76899314,
159,223.69653964042664,-0.7337885,
160,225.00647020339966,-0.50454164,
161,226.3112506866455,-0.5826304,
162,227.60991168022156,-0.91901094,
163,228.94556164741516,-0.74198437,
164,230.2705113887787,-0.80687565,
165,231.5874092578888,-0.6450164,
166,232.8902382850647,-0.51811916,
167,234.18617153167725,-0.5000581,
168,234.58466458320618,-0.99733025,
169,236.3754279613495,-0.75409865,
170,237.68902206420898,-0.69778526,
171,238.99144172668457,-0.5651304,
172,240.3114790916443,-0.62333715,
173,241.61799883842468,-0.5482935,
174,242.91647934913635,-0.48691264,
175,244.21531105041504,-0.65544635,
176,245.52166414260864,-0.51191556,
177,246.82891821861267,-0.6055063,
178,248.13055229187012,-0.46750888,
179,249.42612600326538,-0.89908224,
180,250.73375535011292,-0.50705653,
181,252.0422043800354,-0.520323,
182,252.42594480514526,-0.29425433,
183,254.18716406822205,-0.7065877,
184,255.48342394828796,-0.42876822,
185,256.7859466075897,-0.60826415,
186,258.0854911804199,-0.68312657,
187,259.38698506355286,-0.4742343,
188,260.68788957595825,-0.45667413,
189,261.9930155277252,-0.49867398,
190,263.30252981185913,-0.5451941,
191,264.61023569107056,-0.78350985,
192,265.9072217941284,-0.6128398,
193,267.2133014202118,-0.54009074,
194,268.52775168418884,-0.38938546,
195,269.8171491622925,-0.43096444,
196,270.20933985710144,-0.0230865,
197,271.9640643596649,-0.63361835,
198,273.26888489723206,-0.4996438,
199,274.5620639324188,-0.350626,
200,277.02470231056213,-0.5252193,
201,278.3260889053345,-0.52027977,
202,279.6361277103424,-0.23136714,
203,280.93836975097656,-0.45731685,
204,282.241756439209,-0.2752984,
205,283.54725527763367,-0.55293536,
206,284.8588843345642,-0.50461197,
207,286.1572244167328,-0.9309404,
208,287.45130014419556,-0.331295,
209,288.74709939956665,-0.74932057,
210,289.14076709747314,-0.688547,
211,290.92213463783264,-0.31168798,
212,292.22130155563354,-0.39838278,
213,293.54248547554016,-0.50985193,
214,294.8667960166931,-0.6861553,
215,296.170884847641,-0.30804852,
216,297.4819860458374,-0.47347555,
217,298.8318374156952,-0.68001306,
218,300.2089879512787,-0.6364399,
219,301.5554246902466,-0.37241653,
220,302.89588928222656,-0.562264,
221,304.2398290634155,-0.4016377,
222,305.56643867492676,-0.30188453,
223,306.8898837566376,-0.6353248,
224,307.2762699127197,-1.0722786,
225,309.07073402404785,-0.45683995,
226,310.3810205459595,-0.32659593,
227,311.68008852005005,-0.72197175,
228,313.00372886657715,-0.5692395,
229,314.3122978210449,-0.38088083,
230,315.6206810474396,-0.37158483,
231,316.92689967155457,-0.54208183,
232,318.2254478931427,-0.52298534,
233,319.5336310863495,-0.3914597,
234,320.84302854537964,-0.6705662,
235,322.14386081695557,-0.4395289,
236,323.44850420951843,-0.3430651,
237,324.75497245788574,-0.8178929,
238,325.14874720573425,-1.3017921,
239,326.9799165725708,-0.2855616,
240,328.2881269454956,-0.24570152,
241,329.592159986496,-0.6532309,
242,330.89044284820557,-0.8669716,
243,332.28326535224915,-0.41359788,
244,333.5908682346344,-0.6987885,
245,334.88830065727234,-0.31971964,
246,336.1971995830536,-0.66301453,
247,337.50226736068726,-0.4235686,
248,338.8326406478882,-0.34949195,
249,340.1351912021637,-0.49972156,
250,341.4329125881195,-0.45415956,
251,342.73325848579407,-0.3514535,
252,343.12228512763977,-9.320884e-09,
253,344.90798449516296,-0.32080722,
254,346.22405552864075,-0.4109462,
255,347.5222113132477,-0.45598802,
256,348.82023525238037,-0.5945163,
257,350.1140158176422,-0.5663381,
258,351.43078565597534,-0.2547238,
259,352.7373061180115,-0.36685166,
260,354.0361952781677,-0.98108256,
261,355.332661151886,-0.38386536,
262,356.67447996139526,-0.2188732,
263,357.9780979156494,-0.35973424,
264,359.2828059196472,-0.7299498,
265,360.5968074798584,-0.39174557,
266,360.9904227256775,-0.009815423,
267,362.78942251205444,-0.33407074,
268,364.10736322402954,-0.23920721,
269,365.4216570854187,-0.24264275,
270,366.74188351631165,-0.65217674,
271,368.0453770160675,-0.21659984,
272,369.3685791492462,-0.39020202,
273,370.68226075172424,-0.30509752,
274,371.98264265060425,-0.5779629,
275,373.2830307483673,-0.7143224,
276,374.60372734069824,-0.36608696,
277,375.9183533191681,-0.50862825,
278,377.22831988334656,-0.63017625,
279,378.53532910346985,-0.4953181,
280,378.9217128753662,-0.7092781,
281,380.7490553855896,-0.24096699,
282,382.05094861984253,-0.36201054,
283,383.3497471809387,-0.35165286,
284,384.64860463142395,-0.5138912,
285,385.94401597976685,-0.3559214,
286,387.2437264919281,-0.46216017,
287,388.5406491756439,-0.59172386,
288,389.8346176147461,-0.9953132,
289,391.14162397384644,-0.30034658,
290,392.4542729854584,-0.5696555,
291,393.7550127506256,-0.19337188,
292,395.0521504878998,-0.47537348,
293,396.356103181839,-0.5279612,
294,396.7526159286499,-0.38456383,
295,398.55604696273804,-0.5481109,
296,399.84978556632996,-0.79994607,
297,401.145783662796,-0.34592032,
298,402.45927476882935,-0.43768954,
299,403.75701332092285,-0.48244962,
300,406.65222454071045,-0.46688193,
301,407.9561309814453,-0.2034629,
302,409.24899101257324,-0.4315356,
303,410.55635261535645,-0.34461486,
304,411.8694009780884,-0.4634388,
305,413.16654205322266,-0.55166686,
306,414.4657771587372,-0.41154996,
307,415.7602617740631,-0.45052034,
308,416.1497702598572,-6.7893275e-06,
309,417.95326685905457,-0.5401398,
310,419.2447774410248,-0.29786944,
311,420.54589200019836,-0.2738049,
312,421.85768961906433,-0.37258723,
313,423.1887264251709,-0.27507865,
314,424.49202728271484,-0.29673415,
315,425.7900400161743,-0.6226901,
316,427.09019708633423,-0.79762256,
317,428.39955043792725,-0.33033353,
318,429.7077856063843,-0.26816624,
319,431.00876474380493,-0.2555343,
320,432.30919909477234,-0.60266775,
321,433.6086061000824,-0.5609901,
322,434.0076537132263,-0.0115912035,
323,435.86247205734253,-0.39423916,
324,437.18085956573486,-0.23741548,
325,438.49993872642517,-0.4445656,
326,439.8176054954529,-0.41908473,
327,441.1316411495209,-0.65536237,
328,442.4403643608093,-0.50378984,
329,443.75536465644836,-0.20271045,
330,445.0712332725525,-0.59115934,
331,446.3833816051483,-0.501668,
332,447.7269163131714,-0.30204234,
333,449.03544545173645,-0.3284962,
334,450.35038685798645,-0.57684565,
335,451.66660022735596,-0.4326148,
336,452.05986046791077,-0.4255287,
337,453.8484661579132,-0.757308,
338,455.14659333229065,-0.42445803,
339,456.44173860549927,-0.31131572,
340,457.74193572998047,-0.33977193,
341,459.05072379112244,-0.41729552,
342,460.36468267440796,-0.14922029,
343,461.67091941833496,-0.43471462,
344,462.9777910709381,-1.0125321,
345,464.2798354625702,-0.51391995,
346,465.58728790283203,-0.30625418,
347,466.95037293434143,-0.22813967,
348,468.2685389518738,-0.7417916,
349,469.58256697654724,-0.7602519,
350,469.97231817245483,-0.19345555,
351,473.51500821113586,-0.61954665,
352,474.81675148010254,-0.49078736,
353,476.11210799217224,-0.28639182,
354,477.4158191680908,-0.35617703,
355,478.72070717811584,-0.28734344,
356,480.03573513031006,-0.2788818,
357,481.33847665786743,-0.43987855,
358,482.6514072418213,-0.50536805,
359,483.9590039253235,-0.21490973,
360,485.25930428504944,-0.62622106,
361,486.56381464004517,-0.44699648,
362,487.8935465812683,-0.6238903,
363,489.22558641433716,-0.8990071,
364,489.6329913139343,-0.19758731,
365,491.43806505203247,-0.23439753,
366,492.7441129684448,-0.20586807,
367,494.04591608047485,-0.61127454,
368,495.3570861816406,-0.23626827,
369,496.6647038459778,-0.71189916,
370,497.9711947441101,-0.52211714,
371,499.2838432788849,-0.7116912,
372,500.5888330936432,-0.5850488,
373,501.8926284313202,-0.5610262,
374,503.2116005420685,-0.40990293,
375,504.5339550971985,-0.47678876,
376,505.8465242385864,-0.44951147,
377,507.14836502075195,-0.8496388,
378,507.5420870780945,-0.0040191873,
379,509.32122564315796,-0.38043565,
380,510.62685108184814,-0.5116739,
381,511.9241659641266,-0.23636332,
382,513.2261393070221,-0.5836653,
383,514.5423338413239,-0.21430124,
384,515.856523513794,-0.3984423,
385,517.1589634418488,-0.36944264,
386,518.4633944034576,-0.60250044,
387,519.7669582366943,-0.5503391,
388,521.0845794677734,-0.6667542,
389,522.3926620483398,-0.6929717,
390,523.6969962120056,-0.45871866,
391,525.0068879127502,-0.3166776,
392,525.3956735134125,-0.449667,
393,527.1789894104004,-0.41301173,
394,528.4803249835968,-0.4286341,
395,529.7842016220093,-0.32690316,
396,531.0845141410828,-0.40108097,
397,532.3790056705475,-0.28976008,
398,533.6763181686401,-0.29214352,
399,534.9973196983337,-0.3866563,
400,537.4777071475983,-0.31137177,
401,538.7783789634705,-0.19838253,
402,540.1119565963745,-0.8291039,
403,541.4297547340393,-0.25986803,
404,542.7308197021484,-0.08130698,
405,544.0330526828766,-0.3844795,
406,544.4216105937958,-0.0,
407,546.2485406398773,-0.2965449,
408,547.5585334300995,-0.1275427,
409,548.8654017448425,-0.34391305,
410,550.1702709197998,-0.43689418,
411,551.4693856239319,-0.34340292,
412,552.7869970798492,-0.32102877,
413,554.1128873825073,-0.40095335,
414,555.4319808483124,-0.5793408,
415,556.7524704933167,-0.28856453,
416,558.0562047958374,-0.6071471,
417,559.3706834316254,-0.498769,
418,560.6687750816345,-0.5444398,
419,561.9634954929352,-0.22820488,
420,562.3559362888336,-0.37281555,
421,566.6336255073547,-0.27980518,
422,567.9355833530426,-0.44319046,
423,569.234614610672,-0.59337133,
424,570.5329558849335,-0.6733607,
425,571.8458633422852,-0.23493034,
426,573.1483025550842,-0.29055506,
427,574.4510846138,-0.3458696,
428,575.7573130130768,-0.36897856,
429,577.0686717033386,-0.40398955,
430,578.371221780777,-0.37532744,
431,579.6766424179077,-0.3032706,
432,580.9752254486084,-0.23348692,
433,582.276392698288,-0.6228963,
434,582.6715478897095,-0.0,
435,584.5046198368073,-0.29262468,
436,585.7985730171204,-0.4660303,
437,587.0955646038055,-0.56196624,
438,588.3984055519104,-0.5607551,
439,589.699469089508,-0.3102378,
440,590.995284318924,-0.32868174,
441,592.2926514148712,-0.2945051,
442,593.6006553173065,-0.22758003,
443,594.9165751934052,-0.4494985,
444,596.2260990142822,-0.41045582,
445,597.5266845226288,-0.45377868,
446,598.8146314620972,-0.8316244,
447,600.1160664558411,-0.5378104,
448,600.5038859844208,-0.18127765,
449,602.3240292072296,-0.36489695,
450,603.6795907020569,-0.18075316,
451,604.989946603775,-0.2312194,
452,606.2906994819641,-0.30496836,
453,607.5970628261566,-0.20326197,
454,608.8892433643341,-0.504134,
455,610.1985428333282,-0.38247532,
456,611.5099506378174,-0.5891131,
457,612.8214943408966,-0.37881166,
458,614.1317219734192,-0.30119976,
459,615.4497628211975,-0.32704824,
460,616.7999875545502,-0.39952946,
461,618.1409480571747,-0.3488111,
462,618.5602567195892,-0.037979722,
463,620.3509032726288,-0.4879589,
464,621.6546103954315,-0.18871722,
465,622.9587986469269,-0.3746077,
466,624.2776138782501,-0.18519264,
467,625.5787296295166,-0.4149068,
468,626.8798606395721,-0.39451852,
469,628.1851465702057,-0.21403235,
470,629.497371673584,-0.91633445,
471,630.8019788265228,-0.5852827,
472,632.1430764198303,-0.2877287,
473,633.4847776889801,-0.35743678,
474,634.8181488513947,-0.38271603,
475,636.138231754303,-0.4998351,
476,636.5295414924622,-0.9315976,
477,638.3268120288849,-0.27052993,
478,639.6324999332428,-0.4048596,
479,640.936586856842,-0.48114634,
480,642.2926080226898,-0.54359496,
481,643.6277692317963,-0.5537307,
482,644.9678127765656,-0.24602933,
483,646.2962810993195,-0.37098068,
484,647.6421148777008,-0.3794226,
485,648.990287065506,-0.23537013,
486,650.3280730247498,-0.21069932,
487,651.6426637172699,-0.2744653,
488,652.9526336193085,-0.20082316,
489,654.2713367938995,-0.25128418,
490,654.6633512973785,-0.4653362,
491,656.4624526500702,-0.23261671,
492,657.7724044322968,-0.4985578,
493,659.0896227359772,-0.3399151,
494,660.4127159118652,-0.25796077,
495,661.7161400318146,-0.12711419,
496,663.017881155014,-0.2845503,
497,664.3257877826691,-0.34999216,
498,665.6539046764374,-0.2697247,
499,666.971009016037,-0.4125846,
500,669.5010192394257,-0.34338456,
501,670.8016645908356,-0.30197683,
502,672.119371175766,-0.20221508,
503,673.44970703125,-0.28544822,
504,673.8521087169647,-0.0,
505,678.5106117725372,-0.5746965,
506,679.8105368614197,-0.2890864,
507,681.1092247962952,-0.25796956,
508,682.4200189113617,-0.30306485,
509,683.7301387786865,-0.27861255,
510,685.0182223320007,-0.19863845,
511,686.315985918045,-0.38938528,
512,687.6200942993164,-0.44264266,
513,688.9221069812775,-0.40232134,
514,690.2257924079895,-0.28026634,
515,691.5197277069092,-0.35071227,
516,692.8316264152527,-0.9101301,
517,694.1352486610413,-0.29160532,
518,694.5212821960449,-0.4810315,
519,696.923344373703,-0.57527626,
520,698.2521674633026,-0.32508326,
521,699.5788094997406,-0.35547048,
522,700.8980810642242,-0.8236246,
523,702.2221195697784,-0.37876615,
524,703.5288238525391,-0.6877002,
525,704.8277804851532,-0.29500896,
526,706.1194038391113,-0.4062141,
527,707.4204802513123,-0.3121985,
528,708.7277266979218,-0.26170573,
529,710.0293645858765,-0.27408937,
530,711.3347771167755,-0.48571697,
531,712.633782863617,-0.32410896,
532,713.0241408348083,-3.5811688e-08,
533,714.8109476566315,-0.2353967,
534,716.1174921989441,-0.31749308,
535,717.4127056598663,-0.4063519,
536,718.7170794010162,-0.46384507,
537,720.0117673873901,-0.20030318,
538,721.3274037837982,-0.58574194,
539,722.6383452415466,-0.2681651,
540,723.9535188674927,-0.47938287,
541,725.2670147418976,-0.5200271,
542,726.5667815208435,-0.25038484,
543,727.8784894943237,-0.2696393,
544,729.194168806076,-0.28364983,
545,730.499392747879,-0.79994607,
546,730.8867864608765,-1.2165387,
547,732.695986032486,-0.30376768,
548,734.0028958320618,-0.28144276,
549,735.2994356155396,-0.43496975,
550,736.6028690338135,-0.2804024,
551,737.90633893013,-0.22065249,
552,739.2197167873383,-0.47844434,
553,740.5318875312805,-0.40191132,
554,741.8377089500427,-0.26261917,
555,743.1436948776245,-0.16559629,
556,744.4380586147308,-0.55723727,
557,745.7496268749237,-0.20449704,
558,747.0561685562134,-0.20027328,
559,748.3616786003113,-0.207598,
560,748.7484986782074,-0.30226842,
561,750.5610239505768,-0.3934039,
562,751.8619072437286,-0.20760807,
563,753.1602733135223,-0.39277378,
564,754.4696674346924,-0.31670314,
565,755.7896976470947,-0.46035296,
566,757.1039493083954,-0.27245846,
567,758.4254903793335,-0.32159686,
568,759.7354280948639,-0.40638813,
569,761.0365128517151,-0.28670442,
570,762.3858177661896,-0.35073537,
571,763.7229273319244,-0.9337631,
572,765.06445479393,-0.38393006,
573,766.4019141197205,-0.36052322,
574,766.8115477561951,-0.108354546,
575,768.5970168113708,-0.47475767,
576,769.9008762836456,-0.36900178,
577,771.2053561210632,-0.38256386,
578,772.5117135047913,-0.42341504,
579,773.8161046504974,-0.03530494,
580,775.1148281097412,-0.26240212,
581,776.4225885868073,-0.28681055,
582,777.7343490123749,-0.1471298,
583,779.0529928207397,-0.17829339,
584,780.35844373703,-0.48214507,
585,781.6571650505066,-0.29998443,
586,782.9498355388641,-0.4734068,
587,784.2497301101685,-0.15088542,
588,784.6370120048523,-0.0,
589,786.4530279636383,-0.33649516,
590,787.7545981407166,-0.23626247,
591,789.0593144893646,-0.18374483,
592,790.3716835975647,-0.31338164,
593,791.6676714420319,-0.36466,
594,792.9838948249817,-0.22013146,
595,794.292412519455,-0.30403978,
596,795.6134655475616,-0.57724136,
597,796.9193890094757,-0.20085074,
598,798.2247414588928,-0.4484496,
599,799.5319545269012,-0.33615583,
600,802.1187863349915,-0.28466898,
601,803.4411842823029,-0.36784825,
602,803.8389601707458,-0.0,
603,807.2132747173309,-0.5101634,
604,808.5106768608093,-0.22319704,
605,809.8127162456512,-0.31007862,
606,811.1385390758514,-0.2897666,
607,812.4724135398865,-0.25758845,
608,813.7816293239594,-0.3077642,
609,815.0921273231506,-0.3761201,
610,816.4026031494141,-0.40027046,
611,817.7001516819,-0.3401094,
612,819.0003235340118,-0.20336346,
613,820.3092029094696,-0.24972226,
614,821.626710653305,-0.1532194,
615,822.9352872371674,-0.16412474,
616,823.3250381946564,-0.0,
617,825.1351902484894,-0.26124313,
618,826.431654214859,-0.2131994,
619,827.7284972667694,-0.5160466,
620,829.024069070816,-0.19709028,
621,830.3270034790039,-0.24247897,
622,831.7135033607483,-0.47841963,
623,833.0910580158234,-0.35804102,
624,834.4370136260986,-0.17548582,
625,835.782399892807,-0.26720783,
626,837.1259002685547,-0.30413082,
627,838.4432396888733,-0.31116214,
628,839.7541170120239,-0.21870199,
629,841.0562701225281,-0.2988052,
630,841.449250459671,-0.0,
631,845.0492014884949,-0.4984869,
632,846.355655670166,-0.37445706,
633,847.6567356586456,-0.20934276,
634,848.9462025165558,-0.3522231,
635,850.2508082389832,-0.25242054,
636,851.564332485199,-0.1860201,
637,852.864839553833,-0.6813097,
638,854.1668486595154,-0.5071572,
639,855.4639847278595,-0.51087236,
640,856.7886772155762,-0.44065157,
641,858.0913808345795,-0.48761883,
642,859.3967530727386,-0.1450305,
643,860.7094955444336,-0.5731076,
644,861.0953075885773,-0.0,
645,862.9022269248962,-0.450316,
646,864.2022881507874,-0.46828815,
647,865.5147178173065,-0.48067862,
648,866.8250105381012,-0.62205255,
649,868.1357476711273,-0.48420122,
650,869.4298121929169,-0.19034481,
651,870.7564873695374,-0.18892592,
652,872.0547177791595,-0.66449726,
653,873.3697192668915,-0.22125441,
654,874.6705513000488,-0.38579336,
655,875.9752697944641,-0.16743223,
656,877.3076777458191,-0.2603559,
657,878.6182265281677,-0.43427768,
658,879.0105152130127,-0.22481555,
659,880.857706785202,-0.30573356,
660,882.1688048839569,-0.3900581,
661,883.4743649959564,-0.33799896,
662,884.8012087345123,-0.62129116,
663,886.1250879764557,-0.35513633,
664,887.4246771335602,-0.7121905,
665,888.7195453643799,-0.27296817,
666,890.0196185112,-0.569472,
667,891.3391222953796,-0.2882787,
668,892.6493184566498,-0.377674,
669,893.9719481468201,-0.5583519,
670,895.2795875072479,-0.4825598,
671,896.5829014778137,-0.26684952,
672,896.9719822406769,-0.0,
673,899.2361311912537,-0.620978,
674,900.5272357463837,-0.2749435,
675,901.8237607479095,-0.29835644,
676,903.1351366043091,-0.32562727,
677,904.439836025238,-0.31776497,
678,905.7488763332367,-0.2502518,
679,907.0510432720184,-0.3548944,
680,908.3573136329651,-0.2632764,
681,909.6642868518829,-0.31204373,
682,910.9579110145569,-0.21797559,
683,912.2551174163818,-0.19551992,
684,913.5646405220032,-0.09049456,
685,914.894357919693,-0.11051628,
686,915.2841260433197,-0.0,
687,917.0535259246826,-0.4220917,
688,918.3460676670074,-0.5965254,
689,919.6478428840637,-0.38774425,
690,920.9505341053009,-0.43241882,
691,922.2460889816284,-0.2758603,
692,923.544157743454,-0.31364304,
693,924.8548107147217,-0.19325827,
694,926.1652247905731,-0.19332066,
695,927.4931628704071,-0.29490575,
696,928.8004724979401,-0.58029884,
697,930.1052258014679,-0.551215,
698,931.4137783050537,-0.4167152,
699,932.716343164444,-0.30536518,
700,934.1811330318451,-0.8301743,
701,935.9567227363586,-0.18899846,
702,937.2507431507111,-0.35629833,
703,938.549586057663,-0.3307032,
704,939.854719877243,-0.2654574,
705,941.1490581035614,-0.2871426,
706,942.4478144645691,-0.43636787,
707,943.7516767978668,-0.5503276,
708,945.0504262447357,-0.14641725,
709,946.350818157196,-0.35073522,
710,947.665518283844,-0.51798725,
711,948.9597873687744,-0.31623122,
712,950.2598760128021,-0.7238195,
713,951.5542185306549,-0.6845475,
714,951.9369168281555,-0.0,
715,953.7497975826263,-0.3861393,
716,955.0485064983368,-0.45692217,
717,956.3445620536804,-0.30402282,
718,957.6370882987976,-0.2610667,
719,958.9286031723022,-0.42274994,
720,960.2388861179352,-0.52604365,
721,961.5376973152161,-0.18566622,
722,962.8403208255768,-0.34063512,
723,964.1418859958649,-0.22074841,
724,965.444326877594,-0.2162191,
725,966.7661461830139,-0.27287576,
726,968.0710997581482,-0.4765587,
727,969.3787393569946,-0.10706568,
728,969.7633414268494,-0.1886085,
729,971.590175151825,-0.4568403,
730,972.8979659080505,-0.12572071,
731,974.2173779010773,-0.5697635,
732,975.5363018512726,-0.26740867,
733,976.8444287776947,-0.16810195,
734,978.1561994552612,-0.36487633,
735,979.4570281505585,-0.16191638,
736,980.7580618858337,-0.74394697,
737,982.0654652118683,-0.28339186,
738,983.3702998161316,-0.47913846,
739,984.6855943202972,-0.19426179,
740,985.9925887584686,-0.19696791,
741,987.2960629463196,-0.1846005,
742,987.6834285259247,-0.0,
743,989.5201141834259,-0.33228642,
744,990.8265075683594,-0.2122646,
745,992.1355020999908,-0.26702935,
746,993.4533398151398,-0.09537356,
747,994.75390791893,-0.32213464,
748,996.0604863166809,-0.29463118,
749,997.35915350914,-0.11662135,
750,998.6603517532349,-0.79525065,
751,999.951896905899,-0.29844448,
752,1001.2583682537079,-0.17011423,
753,1002.5541739463806,-0.20547208,
754,1003.8615639209747,-0.23879336,
755,1005.1712536811829,-0.13659886,
756,1005.5572001934052,-0.0,
757,1007.3539400100708,-0.30991894,
758,1008.6521279811859,-0.18587619,
759,1009.9478511810303,-0.456482,
760,1011.2461035251617,-0.41875058,
761,1012.5520069599152,-0.15236415,
762,1013.8743350505829,-0.34777513,
763,1015.165522813797,-0.2810596,
764,1016.4636662006378,-0.69151956,
765,1017.7669606208801,-0.35755992,
766,1019.0793311595917,-0.08124234,
767,1020.3828496932983,-0.63254315,
768,1021.6776213645935,-0.2639134,
769,1022.9786906242371,-0.60716444,
770,1023.3691973686218,-1.4148426,
771,1025.1890218257904,-0.18348356,
772,1026.4878478050232,-0.40284133,
773,1027.7790141105652,-0.40640938,
774,1029.0986969470978,-0.19114882,
775,1030.4086933135986,-0.33953616,
776,1031.7352595329285,-0.16731177,
777,1033.0405657291412,-0.1594864,
778,1034.3522708415985,-0.12118049,
779,1035.655506849289,-0.20402125,
780,1036.9581847190857,-0.5494923,
781,1038.269236087799,-0.24983975,
782,1039.5775883197784,-0.2137423,
783,1040.8836450576782,-0.3194149,
784,1041.2708065509796,-0.0,
785,1043.098608970642,-0.2919504,
786,1044.3960638046265,-0.19224036,
787,1045.689162492752,-0.36492842,
788,1046.9987189769745,-0.21951643,
789,1048.3078985214233,-0.24203113,
790,1049.6060509681702,-0.2978925,
791,1050.9204697608948,-0.16514999,
792,1052.2219479084015,-0.09915007,
793,1053.5258972644806,-0.14389734,
794,1054.8530442714691,-0.17672099,
795,1056.170358657837,-0.2306855,
796,1057.4775431156158,-0.2956085,
797,1058.7776141166687,-0.15200363,
798,1059.1708283424377,-0.14911196,
799,1060.9896562099457,-0.13142937,
800,1063.446939945221,-0.19926223,
801,1064.743557691574,-0.12555104,
802,1066.0591707229614,-0.24125743,
803,1067.363124370575,-0.1564647,
804,1068.6635899543762,-0.2428194,
805,1069.9743609428406,-0.28918308,
806,1071.2824566364288,-0.4406223,
807,1072.58402967453,-0.14046092,
808,1073.87659907341,-0.28744066,
809,1075.178055047989,-0.275272,
810,1076.4872357845306,-0.27309301,
811,1077.7963199615479,-0.24276239,
812,1078.1879918575287,-0.0,
813,1080.0239608287811,-0.1772342,
814,1081.3193845748901,-0.12520926,
815,1082.609974861145,-0.32756692,
816,1083.9039988517761,-0.18576255,
817,1085.206749677658,-0.08504252,
818,1086.5181403160095,-0.22305496,
819,1087.819884777069,-0.15012912,
820,1089.123150587082,-0.2715692,
821,1090.4318006038666,-0.34846726,
822,1091.730209827423,-0.29424873,
823,1093.0446033477783,-0.11522821,
824,1094.34818649292,-0.3416307,
825,1095.6410291194916,-0.28070426,
826,1096.0285377502441,-0.0,
827,1097.8637936115265,-0.3755629,
828,1099.1525611877441,-0.17636779,
829,1100.441426038742,-0.24636018,
830,1101.7381000518799,-0.2000085,
831,1103.0555992126465,-0.28462613,
832,1104.34464097023,-0.24920066,
833,1105.6453075408936,-0.28064224,
834,1106.946614742279,-0.41035336,
835,1108.2458281517029,-0.21940112,
836,1109.5440762043,-0.23109871,
837,1110.8360612392426,-0.16366014,
838,1112.1210629940033,-0.22161615,
839,1113.409021615982,-0.30819887,
840,1113.7933220863342,-0.0,
841,1115.5738043785095,-0.08575878,
842,1116.8767657279968,-0.28203285,
843,1118.16614985466,-0.3410669,
844,1119.4803166389465,-0.18355384,
845,1120.782984495163,-0.20752175,
846,1122.1121189594269,-0.17360438,
847,1123.4461941719055,-0.12913811,
848,1124.7487816810608,-0.5881119,
849,1126.0589489936829,-0.11247291,
850,1127.359533071518,-0.34699953,
851,1128.6568262577057,-0.35982737,
852,1129.9571239948273,-0.28147006,
853,1131.2517938613892,-0.31632936,
854,1131.639549255371,-0.49857846,
855,1133.4865851402283,-0.31757313,
856,1134.7761960029602,-0.2248477,
857,1136.0824489593506,-0.23332168,
858,1137.37105178833,-0.22494507,
859,1138.6728506088257,-0.13461158,
860,1139.9837152957916,-0.27529258,
861,1141.2823719978333,-0.20832014,
862,1142.5785341262817,-0.2756853,
863,1143.876856803894,-0.21295545,
864,1145.1878843307495,-0.5146591,
865,1146.4881415367126,-0.41231823,
866,1147.7909274101257,-0.18737522,
867,1149.0897450447083,-0.29567212,
868,1149.484381198883,-0.022296172,
869,1151.267175912857,-0.058051065,
870,1152.5646541118622,-0.12574813,
871,1153.8521163463593,-0.2255756,
872,1155.1571640968323,-0.28529733,
873,1156.4617612361908,-0.15577611,
874,1157.7704672813416,-0.3731473,
875,1159.0667431354523,-0.30454066,
876,1160.367428302765,-0.24127689,
877,1161.6606631278992,-0.17231265,
878,1162.9656097888947,-0.39910465,
879,1164.298434972763,-0.32160252,
880,1165.597032546997,-0.28333402,
881,1166.8905079364777,-0.39705747,
882,1167.2747600078583,-0.0,
883,1169.0940403938293,-0.25520104,
884,1170.3912541866302,-0.19479091,
885,1171.6900618076324,-0.30847588,
886,1173.0010175704956,-0.116412565,
887,1174.3071041107178,-0.16341713,
888,1175.6182293891907,-0.27379525,
889,1176.924153327942,-0.21850258,
890,1178.2319989204407,-0.3197481,
891,1179.5294833183289,-0.2726574,
892,1180.8354802131653,-0.20196763,
893,1182.1497795581818,-0.14789367,
894,1183.440405368805,-0.4225547,
895,1184.7402200698853,-0.2811163,
896,1185.125996351242,-1.3287607,
897,1186.9073567390442,-0.39358425,
898,1188.2014722824097,-0.32559878,
899,1189.4966881275177,-0.18851832,
900,1191.9592220783234,-0.28383264,
901,1193.2901091575623,-0.08962935,
902,1194.5873429775238,-0.47458184,
903,1195.894680738449,-0.0837385,
904,1197.188066482544,-0.43237877,
905,1198.485577583313,-0.31743592,
906,1199.7906184196472,-0.3769697,
907,1201.0982129573822,-0.29968148,
908,1202.3948864936829,-0.31660995,
909,1203.6841099262238,-0.31633863,
910,1204.0714859962463,-0.85637724,
911,1205.8836295604706,-0.18682846,
912,1207.1907196044922,-0.47327295,
913,1208.4883301258087,-0.1763924,
914,1209.7839529514313,-0.25683242,
915,1211.0830354690552,-0.20966698,
916,1212.3902614116669,-0.17810905,
917,1213.6873438358307,-0.13616875,
918,1214.9806334972382,-0.38815337,
919,1216.2720222473145,-0.35155743,
920,1217.5748386383057,-0.3766106,
921,1218.8781657218933,-0.26268077,
922,1220.16454744339,-0.08082638,
923,1221.4630508422852,-0.6175457,
924,1221.8462190628052,-0.7413941,
925,1223.6053655147552,-0.19126421,
926,1224.9037504196167,-0.19410777,
927,1226.2014486789703,-0.17323232,
928,1227.499225616455,-0.39347976,
929,1228.7962431907654,-0.30546346,
930,1230.0826954841614,-0.3765934,
931,1231.378761291504,-0.20235452,
932,1232.675908088684,-0.11730793,
933,1233.9656417369843,-0.37066132,
934,1235.2617959976196,-0.32661182,
935,1236.5626046657562,-0.39548793,
936,1237.8527154922485,-0.26594105,
937,1239.1469361782074,-0.4694707,
938,1239.5328781604767,-0.0,
939,1242.2811164855957,-0.38394076,
940,1243.5759143829346,-0.062418513,
941,1244.8659691810608,-0.36547014,
942,1246.1558156013489,-0.21259937,
943,1247.4494302272797,-0.4154858,
944,1248.7319719791412,-0.38444623,
945,1250.0467479228973,-0.2619412,
946,1251.3713219165802,-0.34982467,
947,1252.6679592132568,-0.39271984,
948,1253.9658477306366,-0.40503263,
949,1255.2838125228882,-0.12778267,
950,1256.5888137817383,-0.13958319,
951,1257.8917207717896,-0.3634043,
952,1258.2754001617432,-7.5371286e-06,
953,1260.0942509174347,-0.2631379,
954,1261.3881702423096,-0.11371505,
955,1262.6788268089294,-0.35445738,
956,1263.984786748886,-0.2477738,
957,1265.2791149616241,-0.43422818,
958,1266.5854420661926,-0.48342186,
959,1267.8878133296967,-0.18681197,
960,1269.1831238269806,-0.2552016,
961,1270.4718494415283,-0.68178165,
962,1271.8059573173523,-0.50245523,
963,1273.1073462963104,-0.14771643,
964,1274.3948409557343,-0.40500814,
965,1275.6842527389526,-0.18781301,
966,1276.0676567554474,-0.41848084,
967,1277.8363432884216,-0.021843106,
968,1279.1211438179016,-0.24912286,
969,1280.4226338863373,-0.1469396,
970,1281.7442944049835,-0.22846499,
971,1283.0406017303467,-0.16626385,
972,1284.3352386951447,-0.17960393,
973,1285.6466014385223,-0.093021244,
974,1286.9482638835907,-0.46734765,
975,1288.2412662506104,-0.26666477,
976,1289.5357954502106,-0.23856393,
977,1290.830551624298,-0.5678153,
978,1292.1376354694366,-0.12981482,
979,1293.4219167232513,-0.20010085,
980,1293.804560661316,-0.0,
981,1295.5658090114594,-0.26334384,
982,1296.8678178787231,-0.06993264,
983,1298.1746287345886,-0.28703207,
984,1299.4788084030151,-0.27398348,
985,1300.7701988220215,-0.18811737,
986,1302.0700492858887,-0.3279839,
987,1303.3816854953766,-0.23626319,
988,1304.7081046104431,-0.49653217,
989,1306.0147788524628,-0.16566935,
990,1307.3032083511353,-0.6581166,
991,1308.5993404388428,-0.23211704,
992,1309.902637720108,-0.33744016,
993,1311.1900086402893,-0.32072878,
994,1311.5743293762207,-0.0,
995,1313.3500916957855,-0.10140987,
996,1314.6508009433746,-0.27538162,
997,1315.9449632167816,-0.6831825,
998,1317.2429111003876,-0.10616365,
999,1318.5334830284119,-0.19073287,
1000,1320.9913675785065,-0.18570109,
1001,1322.2843737602234,-0.7263891,
1002,1323.5830357074738,-0.36363596,
1003,1324.8817386627197,-0.3399623,
1004,1326.1869111061096,-0.34871504,
1005,1327.4979615211487,-0.2168449,
1006,1328.7937343120575,-0.21759728,
1007,1330.0797016620636,-0.14396378,
1008,1330.4589173793793,-0.0,
1009,1332.2755208015442,-0.18260182,
1010,1333.5660207271576,-0.22120874,
1011,1334.8561601638794,-0.26134253,
1012,1336.1508598327637,-0.2634667,
1013,1337.4372415542603,-0.41388088,
1014,1338.7537655830383,-0.21074173,
1015,1340.048936367035,-0.041625015,
1016,1341.342010974884,-0.39449796,
1017,1342.6372892856598,-0.17008436,
1018,1343.9362185001373,-0.3062967,
1019,1345.2362565994263,-0.26309615,
1020,1346.537808418274,-0.10755424,
1021,1347.8334681987762,-0.2526021,
1022,1348.2164952754974,-0.0,
1023,1349.9941630363464,-0.27648216,
1024,1351.2877609729767,-0.2721978,
1025,1352.5921125411987,-0.30712095,
1026,1353.9066305160522,-0.11513677,
1027,1355.200364112854,-0.30512238,
1028,1356.5065169334412,-0.16088098,
1029,1357.813243150711,-0.38964084,
1030,1359.1308734416962,-0.5545336,
1031,1360.4423286914825,-0.117672615,
1032,1361.7454345226288,-0.21653058,
1033,1363.0484566688538,-0.07790395,
1034,1364.3593583106995,-0.51411784,
1035,1365.6667659282684,-0.10180267,
1036,1366.0498564243317,-0.0,
1037,1367.8117227554321,-0.37399614,
1038,1369.1110019683838,-0.19645293,
1039,1370.4421260356903,-0.15090048,
1040,1371.7723197937012,-0.7474854,
1041,1373.0920515060425,-0.2578768,
1042,1374.4218230247498,-0.23120916,
1043,1375.7620239257812,-0.057445712,
1044,1377.0664489269257,-0.22188833,
1045,1378.3681066036224,-0.20730846,
1046,1379.682775259018,-0.24472407,
1047,1380.9901468753815,-0.30036753,
1048,1382.3036971092224,-0.11322613,
1049,1383.599646806717,-0.08084293,
1050,1383.9962692260742,-0.0,
1051,1385.7693388462067,-0.10632032,
1052,1387.072273015976,-0.11436978,
1053,1388.3618457317352,-0.13190213,
1054,1389.6569259166718,-0.38839787,
1055,1390.9451313018799,-0.16952625,
1056,1392.2476778030396,-0.31624824,
1057,1393.5458550453186,-0.24367559,
1058,1394.8433907032013,-0.32485324,
1059,1396.1524109840393,-0.074558996,
1060,1397.447015285492,-0.30643454,
1061,1398.745985507965,-0.075767905,
1062,1400.0409450531006,-0.2138502,
1063,1401.339702129364,-0.11099397,
1064,1401.7287759780884,-0.0,
1065,1403.5335595607758,-0.34363148,
1066,1404.8149116039276,-0.37582904,
1067,1406.1051263809204,-0.3670203,
1068,1407.3967416286469,-0.11771863,
1069,1408.6913480758667,-0.06502919,
1070,1409.982173204422,-0.23101547,
1071,1411.2830584049225,-0.4392864,
1072,1412.5995824337006,-0.29191822,
1073,1413.8883130550385,-0.013119088,
1074,1415.1982491016388,-0.16903219,
1075,1416.500144958496,-0.13859208,
1076,1417.7975268363953,-0.21940708,
1077,1419.0867400169373,-0.18269601,
1078,1419.4663202762604,-0.0,
1079,1421.7798223495483,-0.4713621,
1080,1423.0952022075653,-0.1459338,
1081,1424.3868963718414,-0.31156874,
1082,1425.692425251007,-0.43596524,
1083,1426.992889881134,-0.121105194,
1084,1428.3080503940582,-0.32936704,
1085,1429.6182007789612,-0.06409148,
1086,1430.9371840953827,-0.4286117,
1087,1432.2396721839905,-0.44083446,
1088,1433.5431616306305,-0.33729738,
1089,1434.854722738266,-0.30009857,
1090,1436.1604101657867,-0.094569415,
1091,1437.4631130695343,-0.36172903,
1092,1437.857920885086,-0.04827201,
1093,1440.8040928840637,-0.13047732,
1094,1442.117913722992,-0.24384823,
1095,1443.405615568161,-0.66148007,
1096,1444.69447183609,-0.3703503,
1097,1445.9921128749847,-0.12246604,
1098,1447.2930023670197,-0.54925513,
1099,1448.5916805267334,-0.2138765,
1100,1451.080054283142,-0.64217097,
1101,1452.365552663803,-0.18014592,
1102,1453.6619718074799,-0.3295675,
1103,1454.9637339115143,-0.4954399,
1104,1456.2655229568481,-0.30064487,
1105,1457.566265821457,-0.29048133,
1106,1457.9643943309784,-0.0,
1107,1459.7649202346802,-0.3444716,
1108,1461.0641131401062,-0.23781939,
1109,1462.394927740097,-0.3323469,
1110,1463.7072112560272,-0.28613544,
1111,1464.994208574295,-0.27816123,
1112,1466.2992565631866,-0.079845905,
1113,1467.600789308548,-0.18839756,
1114,1468.9107122421265,-0.13497704,
1115,1470.2095050811768,-0.42320675,
1116,1471.5100898742676,-0.3252338,
1117,1472.8111097812653,-0.21164508,
1118,1474.110032081604,-0.43431604,
1119,1475.3957660198212,-0.40519136,
1120,1475.7824275493622,-0.06168191,
1121,1477.5920629501343,-0.3412847,
1122,1478.88432264328,-0.2365132,
1123,1480.173543214798,-0.35629654,
1124,1481.4618556499481,-0.20488343,
1125,1482.7573382854462,-0.22680657,
1126,1484.0551481246948,-0.23900676,
1127,1485.355418920517,-0.15782174,
1128,1486.6519963741302,-0.48653114,
1129,1487.9495921134949,-0.05104658,
1130,1489.2527408599854,-0.39631087,
1131,1490.5695178508759,-0.18731485,
1132,1491.8899629116058,-0.17371736,
1133,1493.2760667800903,-0.3288645,
1134,1493.6679787635803,-0.0,
1135,1495.5422456264496,-0.2607181,
1136,1496.8569464683533,-0.08563101,
1137,1498.1588973999023,-0.34086317,
1138,1499.473971605301,-0.24170601,
1139,1500.812861919403,-0.21195403,
1140,1502.1364812850952,-0.15673801,
1141,1503.4548523426056,-0.2266197,
1142,1504.7789623737335,-0.40289226,
1143,1506.1126251220703,-0.4003177,
1144,1507.4308545589447,-0.40763754,
1145,1508.73197889328,-0.24756524,
1146,1510.0163724422455,-0.09745635,
1147,1511.3126463890076,-0.45609522,
1148,1511.7032551765442,-0.0,
1149,1513.5323445796967,-0.1738303,
1150,1514.8422605991364,-0.17284334,
1151,1516.1436703205109,-0.16315623,
1152,1517.4366919994354,-0.28941625,
1153,1518.7392745018005,-0.1330528,
1154,1520.0354959964752,-0.4125075,
1155,1521.3370926380157,-0.39533928,
1156,1522.6424129009247,-0.3847617,
1157,1523.9407196044922,-0.24325834,
1158,1525.2439534664154,-0.36364508,
1159,1526.5399332046509,-0.2357525,
1160,1527.834121465683,-0.32406074,
1161,1529.135162115097,-0.18003164,
1162,1529.5203938484192,-0.0,
1163,1532.2671701908112,-0.08888823,
1164,1533.5557453632355,-0.30907625,
1165,1534.8458652496338,-0.35096234,
1166,1536.1399278640747,-0.079340234,
1167,1537.4274215698242,-0.18417037,
1168,1538.722333908081,-0.16015887,
1169,1540.0353548526764,-0.68949807,
1170,1541.3327112197876,-0.3176527,
1171,1542.622479915619,-0.2243657,
1172,1543.9374330043793,-0.60529125,
1173,1545.2250196933746,-0.15398405,
1174,1546.52175116539,-0.23739707,
1175,1547.8164775371552,-0.031562902,
1176,1548.1952426433563,-0.0,
1177,1550.0467417240143,-0.16298385,
1178,1551.3478300571442,-0.3621822,
1179,1552.652963399887,-0.28177035,
1180,1553.9813258647919,-0.49738914,
1181,1555.2870917320251,-0.43605292,
1182,1556.6104218959808,-0.79084134,
1183,1557.9142541885376,-0.29320088,
1184,1559.2123284339905,-0.36065954,
1185,1560.5179605484009,-0.3881431,
1186,1561.8308384418488,-0.08916308,
1187,1563.140130519867,-0.33116353,
1188,1564.4466314315796,-0.39376283,
1189,1565.743661403656,-0.17742771,
1190,1566.1320447921753,-0.36751825,
1191,1567.9432311058044,-0.15116656,
1192,1569.2369577884674,-0.17275867,
1193,1570.531940460205,-0.2870991,
1194,1571.8389039039612,-0.44011322,
1195,1573.129498243332,-0.32103062,
1196,1574.4256782531738,-0.40934265,
1197,1575.7229845523834,-0.19015713,
1198,1577.0301733016968,-0.1881902,
1199,1578.3318989276886,-0.29380518,
1200,1580.918940782547,-0.2021442,
1201,1582.2194764614105,-0.28432304,
1202,1583.5177228450775,-0.3285975,
1203,1584.818351507187,-0.17276649,
1204,1585.209886789322,-0.0,
1205,1587.0598101615906,-0.25669658,
1206,1588.3751029968262,-0.09660333,
1207,1589.6853556632996,-0.3553496,
1208,1591.0638356208801,-0.07139288,
1209,1592.3815014362335,-0.15156524,
1210,1593.6879832744598,-0.14508235,
1211,1594.9977960586548,-0.37142357,
1212,1596.317815542221,-0.24385783,
1213,1597.6299104690552,-0.39588147,
1214,1598.9594311714172,-0.28317472,
1215,1600.2847616672516,-0.41739377,
1216,1601.6011233329773,-0.18005574,
1217,1602.9212892055511,-0.32008082,
1218,1603.315177679062,-0.003993663,
1219,1605.1869015693665,-0.15326442,
1220,1606.5117719173431,-0.029262891,
1221,1607.8307871818542,-0.6544775,
1222,1609.147170305252,-0.49882603,
1223,1610.478877067566,-0.30063006,
1224,1611.7987041473389,-0.093965754,
1225,1613.1182713508606,-0.33826008,
1226,1614.4415912628174,-0.45819718,
1227,1615.7599322795868,-0.2666836,
1228,1617.1046388149261,-0.2483332,
1229,1618.4350333213806,-0.10453794,
1230,1619.762919664383,-0.14012031,
1231,1621.0776371955872,-0.18906254,
1232,1621.4709186553955,-0.2916065,
1233,1623.384213924408,-0.22235936,
1234,1624.7097721099854,-0.3319864,
1235,1626.0184621810913,-0.3352931,
1236,1627.3389472961426,-0.18599212,
1237,1628.6772918701172,-0.34071827,
1238,1629.9955127239227,-0.06530531,
1239,1631.320681810379,-0.26623583,
1240,1632.6565759181976,-0.18083662,
1241,1633.9951050281525,-0.21852319,
1242,1635.3192009925842,-0.33906138,
1243,1636.66481924057,-0.09317218,
1244,1637.9805059432983,-0.1555905,
1245,1639.306161403656,-0.33024657,
1246,1639.7048377990723,-0.0,
1247,1642.8340394496918,-0.3721177,
1248,1644.142258644104,-0.20463505,
1249,1645.4618787765503,-0.23196642,
1250,1646.7717080116272,-0.16785048,
1251,1648.076691865921,-0.19851334,
1252,1649.3975975513458,-0.0118484115,
1253,1650.702475786209,-0.1755335,
1254,1652.0137705802917,-0.1858648,
1255,1653.3655099868774,-0.18551561,
1256,1654.6826858520508,-0.5047002,
1257,1655.9978227615356,-0.14864129,
1258,1657.3188564777374,-0.11865283,
1259,1658.6180653572083,-0.27966946,
1260,1659.017239332199,-0.0,
1261,1660.8820481300354,-0.2203529,
1262,1662.2144904136658,-0.13742806,
1263,1663.5322532653809,-0.55000687,
1264,1664.8529107570648,-0.28708717,
1265,1666.2590606212616,-0.35766923,
1266,1667.5642371177673,-0.072232425,
1267,1668.8829267024994,-0.43110245,
1268,1670.1993119716644,-0.5510917,
1269,1671.5274276733398,-0.36892217,
1270,1672.8429341316223,-0.29402268,
1271,1674.168473482132,-0.3940602,
1272,1675.4871349334717,-0.60436964,
1273,1676.8072950839996,-0.20907925,
1274,1677.2156500816345,-0.0,
1275,1679.0933420658112,-0.40756658,
1276,1680.385234117508,-0.32705295,
1277,1681.7327861785889,-0.080471694,
1278,1683.1115474700928,-0.2636025,
1279,1684.4964866638184,-0.34755525,
1280,1685.8859889507294,-0.14760745,
1281,1687.28186917305,-0.69356567,
1282,1688.6712934970856,-0.34411165,
1283,1690.0460844039917,-0.35057092,
1284,1691.4035966396332,-0.37260005,
1285,1692.789796113968,-0.5425651,
1286,1694.1668059825897,-0.37528282,
1287,1695.531993150711,-0.25681007,
1288,1695.9512746334076,-0.7081267,
1289,1698.2484395503998,-0.4749508,
1290,1699.5667715072632,-0.35718632,
1291,1700.9052946567535,-0.26695862,
1292,1702.2344653606415,-0.10753803,
1293,1703.5970060825348,-0.44198397,
1294,1704.9391839504242,-0.2292195,
1295,1706.3038566112518,-0.15916559,
1296,1707.6202099323273,-0.54731095,
1297,1708.9822099208832,-0.29120004,
1298,1710.3614807128906,-0.17659742,
1299,1711.7116041183472,-0.40982842,
1300,1714.3450317382812,-0.326694,
1301,1715.7084982395172,-0.23080409,
1302,1716.113758802414,-0.024365542,
1303,1721.0798408985138,-0.23590758,
1304,1722.4349918365479,-0.370611,
1305,1723.780638217926,-0.28109938,
1306,1725.1354970932007,-0.523566,
1307,1726.4829890727997,-0.190442,
1308,1727.8319940567017,-0.19566768,
1309,1729.181036233902,-0.5118342,
1310,1730.513667345047,-0.23185126,
1311,1731.8477878570557,-0.17851122,
1312,1733.195552110672,-0.17181216,
1313,1734.558119058609,-0.68400395,
1314,1735.8881335258484,-0.5603906,
1315,1737.2145414352417,-0.28149155,
1316,1737.6216213703156,-0.0,
1317,1739.4605071544647,-0.20121911,
1318,1740.818072795868,-0.14456822,
1319,1742.1520631313324,-0.4082517,
1320,1743.497232913971,-0.47401583,
1321,1744.8336379528046,-0.20986609,
1322,1746.2274901866913,-0.257057,
1323,1747.630571603775,-0.09244918,
1324,1749.005202293396,-0.4109708,
1325,1750.3667812347412,-0.25802487,
1326,1751.794117450714,-0.3246268,
1327,1753.2184798717499,-0.2534872,
1328,1754.6238896846771,-0.5761449,
1329,1756.0235335826874,-0.20859376,
1330,1756.4635126590729,-0.0,
1331,1758.3769042491913,-0.22913848,
1332,1759.7406449317932,-0.07864201,
1333,1761.0998966693878,-0.43002534,
1334,1762.4867129325867,-0.21386245,
1335,1763.8247327804565,-0.029492468,
1336,1765.2138423919678,-0.28911746,
1337,1766.6063327789307,-0.26279405,
1338,1767.9803647994995,-0.2534816,
1339,1769.3582348823547,-0.37186292,
1340,1770.765648841858,-0.41597927,
1341,1772.157432794571,-0.3656391,
1342,1773.5208866596222,-0.30574477,
1343,1774.8691148757935,-0.14922893,
1344,1775.2751710414886,-0.66893566,
1345,1778.054090499878,-0.21174201,
1346,1779.418920993805,-0.6488122,
1347,1780.795817375183,-0.23601446,
1348,1782.191350221634,-0.1417638,
1349,1783.5689153671265,-0.1285022,
1350,1784.9734213352203,-0.28390568,
1351,1786.385933637619,-0.09187201,
1352,1787.7481756210327,-0.54613435,
1353,1789.10147690773,-0.28877598,
1354,1790.446549654007,-0.51218075,
1355,1791.7993249893188,-0.20534652,
1356,1793.1616125106812,-0.23170519,
1357,1794.5021328926086,-0.14307104,
1358,1794.9180028438568,-0.3768082,
1359,1796.8152520656586,-0.11013573,
1360,1798.1720418930054,-0.13380887,
1361,1799.539534330368,-0.51695657,
1362,1800.918645620346,-0.345252,
1363,1802.3131363391876,-0.1697977,
1364,1803.7216985225677,-0.19882855,
1365,1805.110985994339,-0.32164812,
1366,1806.4732766151428,-0.44035855,
1367,1807.8173787593842,-0.41091985,
1368,1809.1698424816132,-0.44546252,
1369,1810.5252666473389,-0.39909673,
1370,1811.8937394618988,-0.30022058,
1371,1813.2678809165955,-0.12418035,
1372,1813.6847755908966,-0.0,
1373,1815.6140658855438,-0.2855583,
1374,1816.9694609642029,-0.2613961,
1375,1818.3203337192535,-0.16619727,
1376,1819.6699402332306,-0.18236098,
1377,1821.015456199646,-0.12840559,
1378,1822.382131576538,-0.19659778,
1379,1823.734925031662,-0.06718597,
1380,1825.080106973648,-0.18700422,
1381,1826.423904657364,-0.19833863,
1382,1827.7864422798157,-0.48360616,
1383,1829.1454002857208,-0.51585966,
1384,1830.4961009025574,-0.16590896,
1385,1831.9097290039062,-0.43323514,
1386,1832.3072249889374,-1.9039496,
1387,1834.1719987392426,-0.37070954,
1388,1835.535287618637,-0.3506701,
1389,1836.9089210033417,-0.17868909,
1390,1838.2018229961395,-0.31842098,
1391,1839.4925367832184,-0.3448543,
1392,1840.801524400711,-0.24693817,
1393,1842.106704711914,-0.14557385,
1394,1843.4052639007568,-0.537687,
1395,1844.7180864810944,-0.1839242,
1396,1846.0326042175293,-0.11165136,
1397,1847.3817093372345,-0.31605244,
1398,1848.6808505058289,-0.22304876,
1399,1849.9803185462952,-0.34984362,
1400,1851.42080783844,-0.0,
1401,1853.256273508072,-0.42431563,
1402,1854.555222272873,-0.25326306,
1403,1855.8412849903107,-0.094762065,
1404,1857.1426990032196,-0.19016612,
1405,1858.4215252399445,-0.17943142,
1406,1859.7148277759552,-0.1139984,
1407,1861.007354259491,-0.13907078,
1408,1862.3044998645782,-0.14556772,
1409,1863.590803861618,-0.12330824,
1410,1864.8930969238281,-0.32441887,
1411,1866.1884765625,-0.04880409,
1412,1867.486492395401,-0.18707947,
1413,1868.7889637947083,-0.07151536,
1414,1869.1766724586487,-0.0,
1415,1870.9739875793457,-0.33206376,
1416,1872.2697367668152,-0.15037552,
1417,1873.557540178299,-0.20910671,
1418,1874.8460607528687,-0.1187059,
1419,1876.1405663490295,-0.10320319,
1420,1877.4340076446533,-0.5906078,
1421,1878.7351586818695,-0.25385043,
1422,1880.0443212985992,-0.3445334,
1423,1881.3492240905762,-0.50514585,
1424,1882.6476335525513,-0.16379976,
1425,1883.9474980831146,-0.046310857,
1426,1885.2589631080627,-0.24113987,
1427,1886.5584304332733,-0.23269966,
1428,1886.9632604122162,-0.0,
1429,1888.7586801052094,-0.09022253,
1430,1890.0532603263855,-0.059778474,
1431,1891.3519186973572,-0.38953584,
1432,1892.6559345722198,-0.5482238,
1433,1893.9443871974945,-0.3727279,
1434,1895.2472026348114,-0.070875674,
1435,1896.53560256958,-0.0339951,
1436,1897.8229591846466,-0.55338883,
1437,1899.1206543445587,-0.12407474,
1438,1900.4044451713562,-0.23058408,
1439,1901.6976499557495,-0.1828023,
1440,1902.9962756633759,-0.41107005,
1441,1904.291381597519,-0.18827927,
1442,1904.6764268875122,-1.1317333,
1443,1906.4592785835266,-0.11142237,
1444,1907.7902083396912,-0.20439206,
1445,1909.0865225791931,-0.5223989,
1446,1910.3743407726288,-0.19490764,
1447,1911.6671810150146,-0.1834286,
1448,1912.953377008438,-0.062076967,
1449,1914.2466938495636,-0.16640593,
1450,1915.5409240722656,-0.21518618,
1451,1916.8191516399384,-0.1534069,
1452,1918.1169083118439,-0.15817566,
1453,1919.413355588913,-0.2359206,
1454,1920.7127530574799,-0.3648186,
1455,1922.0110430717468,-0.13133344,
1456,1922.4019165039062,-0.0,
1457,1924.269061088562,-0.26223785,
1458,1925.5800077915192,-0.061442938,
1459,1926.8771061897278,-0.092361346,
1460,1928.185753107071,-0.092296325,
1461,1929.489197731018,-0.23303132,
1462,1930.7932968139648,-0.22038732,
1463,1932.0964739322662,-0.20413446,
1464,1933.3961131572723,-0.19944835,
1465,1934.694169998169,-0.3570314,
1466,1935.985008239746,-0.077065185,
1467,1937.2823197841644,-0.7051289,
1468,1938.5786774158478,-0.41943538,
1469,1939.8671760559082,-0.048512813,
1470,1940.266123533249,-0.0,
1471,1942.6061596870422,-0.042108156,
1472,1943.9029729366302,-0.17184302,
1473,1945.1913583278656,-0.113280304,
1474,1946.4914965629578,-0.16727027,
1475,1947.7796354293823,-0.052468184,
1476,1949.0861718654633,-0.43501377,
1477,1950.3753743171692,-0.36133856,
1478,1951.6676614284515,-0.19745718,
1479,1952.9567804336548,-0.25721425,
1480,1954.2460441589355,-0.14030966,
1481,1955.5457003116608,-0.16171329,
1482,1956.8555397987366,-0.096742705,
1483,1958.1509454250336,-0.19080868,
1484,1958.5341882705688,-3.3210463e-07,
1485,1960.325608253479,-0.26022187,
1486,1961.6254227161407,-0.09472735,
1487,1962.9139828681946,-0.71208036,
1488,1964.2130830287933,-0.2945212,
1489,1965.512490272522,-0.29549438,
1490,1966.8238093852997,-0.5931529,
1491,1968.1129286289215,-0.10043733,
1492,1969.4078130722046,-0.16369721,
1493,1970.7029118537903,-0.21031687,
1494,1972.0133891105652,-0.22693166,
1495,1973.3181204795837,-0.18149954,
1496,1974.6120524406433,-0.36397427,
1497,1975.9079978466034,-0.3174018,
1498,1976.2879004478455,-0.0045701205,
1499,1978.0925204753876,-0.4372853,
1500,1980.5985836982727,-0.11534758,
1501,1981.9152500629425,-0.23964497,
1502,1983.244671344757,-0.18123993,
1503,1984.585821390152,-0.64860165,
1504,1985.9198513031006,-0.6713699,
1505,1987.2125103473663,-0.45637336,
1506,1988.520759344101,-0.45643133,
1507,1989.8167910575867,-0.33760625,
1508,1991.1067142486572,-0.5529671,
1509,1992.4042553901672,-0.45428735,
1510,1993.685823917389,-0.45108142,
1511,1994.970824956894,-0.2843093,
1512,1995.3584265708923,-0.0,
1513,1997.168300151825,-0.19338638,
1514,1998.470619916916,-0.63906765,
1515,1999.7580292224884,-0.47990388,
1516,2001.0519926548004,-0.52184933,
1517,2002.3389310836792,-0.21597143,
1518,2003.6284999847412,-0.29014328,
1519,2004.9185938835144,-0.13010629,
1520,2006.2157924175262,-0.2523176,
1521,2007.5065124034882,-0.17245573,
1522,2008.8221445083618,-0.2941201,
1523,2010.1498401165009,-0.36858952,
1524,2011.456783771515,-0.16453613,
1525,2012.7455072402954,-0.25215057,
1526,2013.1299259662628,-1.3584955,
1527,2014.947600364685,-0.3639127,
1528,2016.2435882091522,-0.40794852,
1529,2017.522136926651,-0.30466577,
1530,2018.8014187812805,-0.088592604,
1531,2020.0994493961334,-0.16235483,
1532,2021.3812222480774,-0.426506,
1533,2022.6848199367523,-0.20688277,
1534,2023.9798316955566,-0.25095287,
1535,2025.2703261375427,-0.069405414,
1536,2026.5583400726318,-0.3330131,
1537,2027.851484298706,-0.22327557,
1538,2029.1406722068787,-0.29011378,
1539,2030.4323828220367,-0.4218085,
1540,2030.810051202774,-0.0,
1541,2032.6083934307098,-0.62349015,
1542,2033.8960876464844,-0.20909426,
1543,2035.1845965385437,-0.23806384,
1544,2036.4704401493073,-0.21051343,
1545,2037.761875152588,-0.27609706,
1546,2039.0524415969849,-0.26470485,
1547,2040.3387341499329,-0.12736687,
1548,2041.6330428123474,-0.34077638,
1549,2042.9235670566559,-0.22222604,
1550,2044.2246429920197,-0.3930815,
1551,2045.5326845645905,-0.17593092,
1552,2046.823210477829,-0.20458715,
1553,2048.125734090805,-0.27304414,
1554,2048.5105078220367,-0.35118663,
1555,2050.2933552265167,-0.153543,
1556,2051.6044380664825,-0.24615727,
1557,2052.9000747203827,-0.3058737,
1558,2054.1975152492523,-0.23120582,
1559,2055.481150865555,-0.17167866,
1560,2056.7737889289856,-0.07682232,
1561,2058.065804719925,-0.1744875,
1562,2059.3672711849213,-0.11686827,
1563,2060.661360502243,-0.05220116,
1564,2061.9845249652863,-0.21798879,
1565,2063.2861692905426,-0.19789416,
1566,2064.5914142131805,-0.059814896,
1567,2065.8894391059875,-0.17105505,
1568,2066.273017883301,-0.0,
1569,2068.0744936466217,-0.15983085,
1570,2069.3630497455597,-0.21452415,
1571,2070.660203933716,-0.21667801,
1572,2071.963821411133,-0.16112255,
1573,2073.264382123947,-0.41599917,
1574,2074.5553267002106,-0.37665775,
1575,2075.8539040088654,-0.31727266,
1576,2077.1561572551727,-0.089797325,
1577,2078.4463267326355,-0.34005147,
1578,2079.7474377155304,-0.37416136,
1579,2081.0500304698944,-0.28511864,
1580,2082.3685030937195,-0.3936387,
1581,2083.6576850414276,-0.4716941,
1582,2084.0390243530273,-0.0,
1583,2085.8209748268127,-0.100958765,
1584,2087.1277873516083,-0.15001756,
1585,2088.4379076957703,-0.40734065,
1586,2089.742146253586,-0.100195445,
1587,2091.0219824314117,-0.31763303,
1588,2092.3144116401672,-0.2491365,
1589,2093.609627008438,-0.39427134,
1590,2094.9054293632507,-0.31589153,
1591,2096.1923336982727,-0.3741331,
1592,2097.484784603119,-0.3601734,
1593,2098.777039051056,-0.3433162,
1594,2100.0670154094696,-0.29094136,
1595,2101.3598580360413,-0.13416101,
1596,2101.743457555771,-0.0,
1597,2103.547472000122,-0.19274123,
1598,2104.8418414592743,-0.18665487,
1599,2106.1279973983765,-0.5064345,
1600,2108.5993390083313,-0.25217715,
1601,2109.890887260437,-0.013677013,
1602,2111.183568239212,-0.32632783,
1603,2112.501638650894,-0.10756287,
1604,2113.826542377472,-0.17353645,
1605,2115.147145986557,-0.3946582,
1606,2116.4407844543457,-0.382773,
1607,2117.7484102249146,-0.24132276,
1608,2119.0424971580505,-0.22535408,
1609,2120.3396577835083,-0.16640371,
1610,2120.719885826111,-0.36332482,
1611,2122.5543513298035,-0.30533332,
1612,2123.85058760643,-0.20824715,
1613,2125.1343970298767,-0.2195242,
1614,2126.4426431655884,-0.32078367,
1615,2127.7612776756287,-0.17959957,
1616,2129.057014942169,-0.11182686,
1617,2130.3492250442505,-0.13773069,
1618,2131.6432781219482,-0.27640852,
1619,2132.9371976852417,-0.26660976,
1620,2134.2297596931458,-0.15151083,
1621,2135.5235617160797,-0.29309,
1622,2136.8075964450836,-0.26738858,
1623,2138.1037600040436,-0.46128604,
1624,2138.4900467395782,-0.9984711,
1625,2140.5901482105255,-0.21270409,
1626,2141.881861448288,-0.23234959,
1627,2143.1830801963806,-0.24662799,
1628,2144.471086025238,-0.21337779,
1629,2145.780987262726,-0.23077072,
1630,2147.0683357715607,-0.1980708,
1631,2148.36048412323,-0.17804183,
1632,2149.651170730591,-0.1399708,
1633,2150.9479835033417,-0.5369407,
1634,2152.246088027954,-0.23682904,
1635,2153.5462880134583,-0.22199352,
1636,2154.838643312454,-0.30228734,
1637,2156.129945039749,-0.1706659,
1638,2156.5091366767883,-0.0,
1639,2158.2690930366516,-0.061373807,
1640,2159.5564227104187,-0.37816453,
1641,2160.8383207321167,-0.34240246,
1642,2162.138813495636,-0.18859339,
1643,2163.4344873428345,-0.07655569,
1644,2164.7352771759033,-0.22151709,
1645,2166.037078142166,-0.14123644,
1646,2167.3245260715485,-0.07133342,
1647,2168.6155169010162,-0.26698557,
1648,2169.9018115997314,-0.5487137,
1649,2171.2006528377533,-0.3107264,
1650,2172.4958736896515,-0.6052534,
1651,2173.8060054779053,-0.21361876,
1652,2174.192747592926,-0.0,
1653,2176.052409172058,-0.0998449,
1654,2177.3513493537903,-0.14581108,
1655,2178.65309214592,-0.22683448,
1656,2179.953357696533,-0.15160158,
1657,2181.2440886497498,-0.2547423,
1658,2182.5518565177917,-0.20547599,
1659,2183.866138458252,-0.15464304,
1660,2185.2229301929474,-0.684744,
1661,2186.556442260742,-0.832229,
1662,2187.903722047806,-0.2208374,
1663,2189.239107608795,-0.29031172,
1664,2190.5765149593353,-0.24142109,
1665,2191.9017753601074,-0.34362584,
1666,2192.29519367218,-1.4381242,
1667,2194.120532274246,-0.29954317,
1668,2195.459233045578,-0.10943126,
1669,2196.7563920021057,-0.260826,
1670,2198.0441086292267,-0.1796901,
1671,2199.3438074588776,-0.14169078,
1672,2200.649341583252,-0.12409424,
1673,2201.9444618225098,-0.36317953,
1674,2203.2467968463898,-0.66903245,
1675,2204.546823978424,-0.08921413,
1676,2205.85999751091,-0.43519565,
1677,2207.1620967388153,-0.4634586,
1678,2208.462872028351,-0.29709026,
1679,2209.759865999222,-0.2483398,
1680,2210.146853685379,-0.0,
1681,2211.933223962784,-0.2513988,
1682,2213.2120277881622,-0.37163386,
1683,2214.5012600421906,-0.16029596,
1684,2215.790237426758,-0.32066303,
1685,2217.0928184986115,-0.14831139,
1686,2218.3828308582306,-0.15297578,
1687,2219.69046998024,-0.10281168,
1688,2220.989506483078,-0.12145084,
1689,2222.274607896805,-0.26546067,
1690,2223.5549511909485,-0.20785707,
1691,2224.845778465271,-0.14804468,
1692,2226.15722990036,-0.19403175,
1693,2227.4543182849884,-0.38666984,
1694,2227.837749004364,-0.0,
1695,2229.6274297237396,-0.38954952,
1696,2230.926326751709,-0.11461203,
1697,2232.239411354065,-0.18425114,
1698,2233.5490317344666,-0.24318205,
1699,2234.8469355106354,-0.45166236,
1700,2237.3311116695404,-0.3066822,
1701,2238.6471486091614,-0.060912043,
1702,2239.954889535904,-0.77968806,
1703,2241.2587468624115,-0.2603473,
1704,2242.558186531067,-0.3897553,
1705,2243.86598277092,-0.12133691,
1706,2245.1691167354584,-0.20541008,
1707,2246.468684196472,-0.3505813,
1708,2246.8501613140106,-0.0,
1709,2248.6460649967194,-0.22774498,
1710,2249.9496750831604,-0.52436113,
1711,2251.2640352249146,-0.13765883,
1712,2252.562607526779,-0.15338667,
1713,2253.8620200157166,-0.47809544,
1714,2255.152686357498,-0.37452552,
1715,2256.4603860378265,-0.21913718,
1716,2257.7767419815063,-0.28250128,
1717,2259.0708339214325,-0.088844724,
1718,2260.362224340439,-0.15913878,
1719,2261.666172504425,-0.3560245,
1720,2262.9636418819427,-0.13022898,
1721,2264.2611639499664,-0.29621354,
1722,2264.6386222839355,-0.6856736,
1723,2266.4423253536224,-0.17463341,
1724,2267.7453441619873,-0.18747988,
1725,2269.0470702648163,-0.26081648,
1726,2270.3406908512115,-0.557584,
1727,2271.6402139663696,-0.13500533,
1728,2272.94006896019,-0.40872613,
1729,2274.235202074051,-0.27192318,
1730,2275.5751399993896,-0.5459069,
1731,2276.899052143097,-0.28803086,
1732,2278.2078552246094,-0.22348689,
1733,2279.5070757865906,-0.027086692,
1734,2280.8005459308624,-0.31866333,
1735,2282.0901885032654,-0.23103687,
1736,2282.465309381485,-0.0,
1737,2286.6206736564636,-0.19463865,
1738,2287.911520242691,-0.4171496,
1739,2289.2116923332214,-0.15294987,
1740,2290.5016169548035,-0.15591638,
1741,2291.789991378784,-0.38907748,
1742,2293.0929634571075,-0.41398686,
1743,2294.3936240673065,-0.108267024,
1744,2295.683792591095,-0.13141161,
1745,2296.983387231827,-0.08548045,
1746,2298.295013666153,-0.14064918,
1747,2299.60436463356,-0.27837464,
1748,2300.902044773102,-0.1339904,
1749,2302.195034265518,-0.1296764,
1750,2302.5810520648956,-0.28534642,
1751,2305.5863766670227,-0.17842433,
1752,2306.888100385666,-0.24839777,
1753,2308.1806190013885,-0.3091144,
1754,2309.4763753414154,-0.11380218,
1755,2310.7649483680725,-0.34844482,
1756,2312.0627405643463,-0.14258522,
1757,2313.36812210083,-0.17851113,
1758,2314.6644852161407,-0.24483944,
1759,2315.9613478183746,-0.31437808,
1760,2317.257093191147,-0.1661038,
1761,2318.570727109909,-0.24134022,
1762,2319.865123271942,-0.115389965,
1763,2321.154762506485,-0.12174998,
1764,2321.544191598892,-0.5250152,
1765,2323.3587424755096,-0.046157606,
1766,2324.661302804947,-0.38430703,
1767,2325.9596762657166,-0.15658602,
1768,2327.243488550186,-0.21768896,
1769,2328.537230491638,-0.2699954,
1770,2329.838606595993,-0.18770817,
1771,2331.138785123825,-0.24510476,
1772,2332.452661514282,-0.41400662,
1773,2333.7552144527435,-0.5196363,
1774,2335.054690361023,-0.43595815,
1775,2336.353755235672,-0.31493443,
1776,2337.657327413559,-1.0613897,
1777,2338.9400968551636,-0.31194952,
1778,2339.323906183243,-0.45472956,
1779,2341.1415078639984,-0.11154514,
1780,2342.430329799652,-0.2872822,
1781,2343.717848777771,-0.45995823,
1782,2345.0080242156982,-0.27969813,
1783,2346.297392845154,-0.22278823,
1784,2347.5846247673035,-0.22396642,
1785,2348.8682329654694,-0.28766465,
1786,2350.1673171520233,-0.3340943,
1787,2351.453955411911,-0.18404098,
1788,2352.760848760605,-0.173556,
1789,2354.0517830848694,-0.0704969,
1790,2355.352721452713,-0.19188967,
1791,2356.6470437049866,-1.0166438,
1792,2357.029831647873,-0.5181296,
1793,2358.8202114105225,-0.33373055,
1794,2360.1088812351227,-0.09725833,
1795,2361.4080486297607,-0.46887973,
1796,2362.708036661148,-0.33513212,
1797,2364.001935482025,-0.37444076,
1798,2365.299053668976,-0.31297722,
1799,2366.60267496109,-0.5655128,
1800,2369.0590119361877,-0.5962422,
1801,2370.3580029010773,-0.17685187,
1802,2371.6514847278595,-0.3546296,
1803,2372.95312333107,-0.25914344,
1804,2374.2680003643036,-0.2357172,
1805,2375.55162358284,-0.3817881,
1806,2375.933334827423,-0.1145552,
1807,2377.747309446335,-0.2588341,
1808,2379.030194759369,-0.15615618,
1809,2380.310195684433,-0.20685834,
1810,2381.610456943512,-0.1713937,
1811,2382.9169929027557,-0.14841592,
1812,2384.2028126716614,-0.17270291,
1813,2385.4838166236877,-0.12117386,
1814,2386.7826306819916,-0.46359792,
1815,2388.063636302948,-0.36691967,
1816,2389.3725407123566,-0.11854093,
1817,2390.6697585582733,-0.33779258,
1818,2391.966826915741,-0.22887698,
1819,2393.2579350471497,-0.22729573,
1820,2393.6324331760406,-0.0,
1821,2395.438004016876,-0.40827042,
1822,2396.732059955597,-0.2722144,
1823,2398.02801322937,-0.35399276,
1824,2399.329129219055,-0.1278169,
1825,2400.6232318878174,-0.3481386,
1826,2401.9116926193237,-0.2290895,
1827,2403.2045226097107,-0.13547258,
1828,2404.505131006241,-0.13940807,
1829,2405.8014035224915,-0.2931767,
1830,2407.1132276058197,-0.76866615,
1831,2408.4169664382935,-0.17967533,
1832,2409.7147023677826,-0.24185552,
1833,2411.0140500068665,-0.4118513,
1834,2411.3999762535095,-1.2365646,
1835,2413.236939430237,-0.21791413,
1836,2414.545001745224,-0.13573073,
1837,2415.8476860523224,-0.2899796,
1838,2417.1580345630646,-0.25974947,
1839,2418.457995414734,-0.13857174,
1840,2419.744793176651,-0.1823623,
1841,2421.0689086914062,-0.19911796,
1842,2422.373167991638,-0.22202215,
1843,2423.6725549697876,-0.21784171,
1844,2424.983162164688,-0.22060668,
1845,2426.282465696335,-0.19450143,
1846,2427.585728406906,-0.58699065,
1847,2428.8826422691345,-0.14371356,
1848,2429.2792870998383,-0.0,
1849,2432.788218975067,-0.2703329,
1850,2434.084612131119,-0.3834344,
1851,2435.379636526108,-0.15613978,
1852,2436.677149772644,-0.123086125,
1853,2437.975767850876,-0.29684335,
1854,2439.2706968784332,-0.023648288,
1855,2440.562663078308,-0.23637526,
1856,2441.859391450882,-0.13161987,
1857,2443.145763874054,-0.20696262,
1858,2444.4463770389557,-0.1799407,
1859,2445.74311876297,-0.19685176,
1860,2447.0417766571045,-0.18097478,
1861,2448.3298966884613,-0.24112818,
1862,2448.7045862674713,-0.0,
1863,2450.5150876045227,-0.5308804,
1864,2451.809906244278,-0.044226877,
1865,2453.099280357361,-0.2558919,
1866,2454.3921797275543,-0.25891683,
1867,2455.6947617530823,-0.33744252,
1868,2456.986236810684,-0.12187084,
1869,2458.2890453338623,-0.30904534,
1870,2459.586428165436,-0.37559867,
1871,2460.881525039673,-0.14997298,
1872,2462.1724445819855,-0.23757485,
1873,2463.4678831100464,-0.15517172,
1874,2464.7691509723663,-0.11369969,
1875,2466.0651655197144,-0.23108484,
1876,2466.4415237903595,-0.0,
1877,2469.1290233135223,-0.2813382,
1878,2470.435413122177,-0.1853539,
1879,2471.7365696430206,-0.3559357,
1880,2473.0310621261597,-0.20509547,
1881,2474.3321809768677,-0.12844597,
1882,2475.632735490799,-0.34734458,
1883,2476.9272882938385,-0.5518745,
1884,2478.222759246826,-0.26193213,
1885,2479.5318007469177,-0.35891014,
1886,2480.8188943862915,-0.42737362,
1887,2482.1158726215363,-0.078299776,
1888,2483.4025292396545,-0.12922806,
1889,2484.6866323947906,-0.5380469,
1890,2485.061049938202,-0.0,
1891,2486.838501930237,-0.2942165,
1892,2488.12672996521,-0.20252737,
1893,2489.404153108597,-0.058899853,
1894,2490.690283060074,-0.07831307,
1895,2491.979938030243,-0.07795531,
1896,2493.2837245464325,-0.103614986,
1897,2494.576523065567,-0.6381918,
1898,2495.8753027915955,-0.22335483,
1899,2497.1708755493164,-0.22411297,
1900,2500.00191283226,-0.2905604,
1901,2501.2924995422363,-0.09641808,
1902,2502.5880270004272,-0.31094447,
1903,2503.879266023636,-0.4063671,
1904,2504.2588081359863,-0.0,
1905,2506.1110615730286,-0.14597625,
1906,2507.437089920044,-0.23982616,
1907,2508.7844467163086,-0.4102006,
1908,2510.135463476181,-0.37551928,
1909,2511.4625504016876,-0.41525793,
1910,2512.799912214279,-0.32775375,
1911,2514.135390520096,-0.24406825,
1912,2515.46990609169,-0.347466,
1913,2516.791727781296,-0.54331404,
1914,2518.093670606613,-0.307249,
1915,2519.3824067115784,-0.44274014,
1916,2520.68359208107,-0.28946048,
1917,2521.9759182929993,-0.60406196,
1918,2522.3578550815582,-0.55959576,
1919,2525.64822101593,-0.15947662,
1920,2526.9335622787476,-0.3060708,
1921,2528.224123477936,-0.29159784,
1922,2529.513617992401,-0.3556476,
1923,2530.8077290058136,-0.6758954,
1924,2532.0907196998596,-0.21384513,
1925,2533.3903040885925,-0.109839834,
1926,2534.6849734783173,-0.6807096,
1927,2535.973605632782,-0.36531484,
1928,2537.297661781311,-0.25799975,
1929,2538.608192920685,-0.095182784,
1930,2539.9243371486664,-0.30842143,
1931,2541.2139008045197,-0.3795223,
1932,2541.591290950775,-0.15449941,
1933,2543.3494639396667,-0.27685535,
1934,2544.6381690502167,-0.6253913,
1935,2545.9481534957886,-0.25625023,
1936,2547.250011444092,-0.1403438,
1937,2548.5452842712402,-0.36970884,
1938,2549.8371047973633,-0.17205572,
1939,2551.1400048732758,-0.09251946,
1940,2552.4469151496887,-0.36750662,
1941,2553.756793498993,-0.2356654,
1942,2555.0543174743652,-0.4120003,
1943,2556.353588819504,-0.3930807,
1944,2557.646350622177,-0.28406847,
1945,2558.9480352401733,-0.34710634,
1946,2559.3302087783813,-1.4916708,
1947,2561.148931503296,-0.18754247,
1948,2562.458250761032,-0.04152001,
1949,2563.768610715866,-0.3480532,
1950,2565.0713715553284,-0.17732114,
1951,2566.3617072105408,-0.34548682,
1952,2567.652237176895,-0.19346349,
1953,2568.9404928684235,-0.10741405,
1954,2570.2382793426514,-0.4193488,
1955,2571.5196969509125,-0.11780827,
1956,2572.800221681595,-0.452809,
1957,2574.0936608314514,-0.19426672,
1958,2575.3857691287994,-0.3927336,
1959,2576.6775391101837,-0.5142287,
1960,2577.061389684677,-0.7144165,
1961,2578.809748649597,-0.14240912,
1962,2580.1126549243927,-0.21211532,
1963,2581.4028759002686,-0.38921475,
1964,2582.6907172203064,-0.27663743,
1965,2583.9877667427063,-0.07431297,
1966,2585.280878305435,-0.3056637,
1967,2586.594315290451,-0.29839355,
1968,2587.8855946063995,-0.47200504,
1969,2589.1713483333588,-0.3042266,
1970,2590.467066526413,-0.3794921,
1971,2591.768667936325,-0.21342546,
1972,2593.0570509433746,-0.08553429,
1973,2594.3338532447815,-0.29835945,
1974,2594.717984199524,-0.0,
1975,2596.466827392578,-0.06848684,
1976,2597.787484884262,-0.24518225,
1977,2599.0715329647064,-0.50023264,
1978,2600.3727493286133,-0.24158755,
1979,2601.6484682559967,-0.4431413,
1980,2602.935380458832,-0.13512608,
1981,2604.2308044433594,-0.06302258,
1982,2605.5153539180756,-1.0620588,
1983,2606.794771194458,-0.53821737,
1984,2608.077597141266,-0.2141455,
1985,2609.38437128067,-0.11900069,
1986,2610.683554172516,-0.5375577,
1987,2611.9824419021606,-0.18630989,
1988,2612.366465806961,-0.0,
1989,2614.1666967868805,-0.10644802,
1990,2615.463735103607,-0.21301252,
1991,2616.743355989456,-0.58272904,
1992,2618.040940761566,-0.1473536,
1993,2619.3263323307037,-0.2888755,
1994,2620.6321749687195,-0.308908,
1995,2621.967833518982,-0.41009218,
1996,2623.3371665477753,-0.26289326,
1997,2624.635679244995,-0.12276083,
1998,2625.929918527603,-0.14766225,
1999,2627.2301959991455,-0.19596356,
2000,2629.7604825496674,-0.13284592,
2001,2631.04603600502,-0.10423246,
2002,2631.444076538086,-0.0,
2003,2633.2125236988068,-0.19499886,
2004,2634.504915714264,-0.07217617,
2005,2635.793662071228,-0.2860328,
2006,2637.075865507126,-0.31263152,
2007,2638.347920656204,-0.19210187,
2008,2639.6363520622253,-0.24147256,
2009,2640.926598548889,-0.1354208,
2010,2642.235508441925,-0.38659227,
2011,2643.5278284549713,-0.10832411,
2012,2644.820832490921,-0.39280733,
2013,2646.1062574386597,-0.210004,
2014,2647.3957979679108,-0.35764268,
2015,2648.6854157447815,-0.31864366,
2016,2649.072902917862,-0.0,
2017,2650.9273092746735,-0.32582706,
2018,2652.242916584015,-0.11395218,
2019,2653.5449430942535,-0.28967166,
2020,2654.8392798900604,-0.10596003,
2021,2656.120265722275,-0.2065353,
2022,2657.4102787971497,-0.13935524,
2023,2658.6935868263245,-0.18533614,
2024,2659.998236179352,-0.5172934,
2025,2661.2906119823456,-0.0635464,
2026,2662.5837280750275,-0.23187877,
2027,2663.87392783165,-0.3937999,
2028,2665.157938718796,-0.13813065,
2029,2666.4463596343994,-0.28828084,
2030,2666.8224239349365,-0.0,
2031,2668.664485692978,-0.24283718,
2032,2669.9477944374084,-0.08152435,
2033,2671.251298904419,-0.27682948,
2034,2672.546968460083,-0.049931742,
2035,2673.828087091446,-0.34049854,
2036,2675.117184638977,-0.03094205,
2037,2676.428968667984,-0.06731024,
2038,2677.7258512973785,-0.2799374,
2039,2679.017735004425,-0.13056691,
2040,2680.322270154953,-0.31696495,
2041,2681.6203179359436,-0.16885003,
2042,2682.9140105247498,-0.1493914,
2043,2684.207494020462,-0.053800542,
2044,2684.5919466018677,-0.0,
2045,2686.36363697052,-0.28902155,
2046,2687.6586747169495,-0.1746945,
2047,2688.9552130699158,-0.4028539,
2048,2690.257724046707,-0.14791057,
2049,2691.540826320648,-0.199396,
2050,2692.84308719635,-0.20095278,
2051,2694.152493953705,-0.50292027,
2052,2695.454899787903,-0.28741425,
2053,2696.750279903412,-0.45287275,
2054,2698.04519367218,-0.16617422,
2055,2699.3571152687073,-0.43385985,
2056,2700.667995452881,-0.31980604,
2057,2701.9576201438904,-0.47794193,
2058,2702.340348482132,-0.0,
2059,2704.120555639267,-0.46867257,
2060,2705.426484823227,-0.30212122,
2061,2706.7221841812134,-0.17299901,
2062,2707.9991824626923,-0.3577677,
2063,2709.3078622817993,-0.14338344,
2064,2710.6029036045074,-0.47340468,
2065,2711.898062467575,-0.3218535,
2066,2713.1976528167725,-0.4393738,
2067,2714.4929134845734,-0.40605965,
2068,2715.798190355301,-0.4754811,
2069,2717.096722126007,-0.31850702,
2070,2718.39550447464,-0.08175434,
2071,2719.6983110904694,-0.29303908,
2072,2720.0806860923767,-0.15373994,
2073,2724.406060695648,-0.36580133,
2074,2725.706022977829,-0.55994165,
2075,2727.008761405945,-0.23525903,
2076,2728.3070571422577,-0.67011625,
2077,2729.606444835663,-0.3784006,
2078,2730.9062757492065,-0.16227071,
2079,2732.208985567093,-0.0839137,
2080,2733.5045218467712,-0.33499944,
2081,2734.801212310791,-0.40120944,
2082,2736.106240749359,-0.5537045,
2083,2737.4062356948853,-0.07724668,
2084,2738.7193336486816,-0.17797081,
2085,2740.044107437134,-0.5108062,
2086,2740.439601659775,-0.0,
2087,2742.2064321041107,-1.3330779e-05,
2088,2743.511237382889,-0.59095776,
2089,2744.803390979767,-0.2642368,
2090,2746.094491958618,-0.2585029,
2091,2747.3918554782867,-0.23664325,
2092,2748.6705622673035,-0.2049643,
2093,2749.965663433075,-0.72760177,
2094,2751.2783963680267,-0.3016575,
2095,2752.5777094364166,-0.1271267,
2096,2753.8670444488525,-0.24622971,
2097,2755.165919780731,-0.19908005,
2098,2756.462685585022,-0.07072447,
2099,2757.7614529132843,-0.31223485,
2100,2759.149238348007,-0.6068099,
2101,2760.906614303589,-0.0594546,
2102,2762.1968693733215,-0.098684534,
2103,2763.4888651371,-0.33179012,
2104,2764.7814679145813,-0.06342852,
2105,2766.0814037323,-0.1420137,
2106,2767.3766584396362,-0.49009007,
2107,2768.6782145500183,-0.036581025,
2108,2769.9935660362244,-0.47738767,
2109,2771.2880675792694,-0.25293493,
2110,2772.5700600147247,-0.270487,
2111,2773.8638360500336,-0.1937514,
2112,2775.1603581905365,-0.17318654,
2113,2776.4645235538483,-0.102830924,
2114,2776.845338821411,-0.0,
2115,2778.60351395607,-0.22049785,
2116,2779.883493900299,-0.25782412,
2117,2781.166661500931,-0.20740563,
2118,2782.474247455597,-0.09708914,
2119,2783.7724606990814,-0.19308947,
2120,2785.0559208393097,-0.11713241,
2121,2786.3412466049194,-0.030999372,
2122,2787.632794380188,-0.27720034,
2123,2788.930700302124,-0.15700564,
2124,2790.2113053798676,-0.017956158,
2125,2791.4989449977875,-0.2350615,
2126,2792.7835080623627,-0.15435916,
2127,2794.0774269104004,-0.11030505,
2128,2794.452677965164,-0.0,
2129,2796.239307165146,-0.22791237,
2130,2797.530565738678,-0.22217399,
2131,2798.8300738334656,-0.21992351,
2132,2800.1265997886658,-0.024731247,
2133,2801.423714160919,-0.11953576,
2134,2802.7321026325226,-0.15392634,
2135,2804.0278487205505,-0.1709114,
2136,2805.3268609046936,-0.16464077,
2137,2806.6225554943085,-0.10708146,
2138,2807.9191784858704,-0.14748776,
2139,2809.208872795105,-0.1306115,
2140,2810.494749069214,-0.19024211,
2141,2811.7793295383453,-0.42128634,
2142,2812.1597061157227,-0.0,
2143,2813.925443649292,-0.26626915,
2144,2815.2224311828613,-0.030470813,
2145,2816.522316455841,-0.22042248,
2146,2817.8057503700256,-0.13726783,
2147,2819.098602771759,-0.23237188,
2148,2820.4026839733124,-0.020646634,
2149,2821.7019472122192,-0.6977396,
2150,2822.9924914836884,-0.24069902,
2151,2824.2826640605927,-0.3430457,
2152,2825.5786464214325,-0.26527563,
2153,2826.877818584442,-0.34668916,
2154,2828.1784596443176,-0.03506785,
2155,2829.455305337906,-0.26834527,
2156,2829.8293118476868,-0.0,
2157,2851.6063923835754,-0.22601679,
2158,2852.885487318039,-0.065848745,
2159,2854.1573588848114,-0.29378593,
2160,2855.451074361801,-0.16855335,
2161,2856.7371520996094,-0.40595043,
2162,2858.0269424915314,-0.17485611,
2163,2859.322269678116,-0.08433591,
2164,2860.59969496727,-0.06319133,
2165,2861.883296728134,-0.2910623,
2166,2863.165302991867,-0.1416645,
2167,2864.461055994034,-0.37874508,
2168,2865.7549335956573,-0.29207805,
2169,2867.0355191230774,-0.22297338,
2170,2867.418126821518,-0.0,
2171,2874.108542203903,-0.2855615,
2172,2875.403569459915,-0.203746,
2173,2876.698669910431,-0.3341616,
2174,2877.991062641144,-0.14121838,
2175,2879.2703108787537,-0.2742803,
2176,2880.559133529663,-0.0706888,
2177,2881.864339828491,-0.14051612,
2178,2883.1456351280212,-0.24996513,
2179,2884.4380028247833,-0.25848636,
2180,2885.7177319526672,-0.014344027,
2181,2887.013147354126,-0.0916073,
2182,2888.298449277878,-0.20214349,
2183,2889.5805270671844,-0.24001658,
2184,2889.9607684612274,-0.038933314,
2185,2891.7706241607666,-0.18197584,
2186,2893.050079345703,-0.26548168,
2187,2894.328886270523,-0.19270976,
2188,2895.6440908908844,-0.20271128,
2189,2896.9216182231903,-0.3100399,
2190,2898.198520898819,-0.19159922,
2191,2899.4802582263947,-0.2809297,
2192,2900.786369085312,-0.18352818,
2193,2902.0745372772217,-0.26908085,
2194,2903.358246088028,-0.21758181,
2195,2904.6386501789093,-0.4038058,
2196,2905.935312271118,-0.25320947,
2197,2907.2172911167145,-0.22389516,
2198,2907.600753545761,-0.85950696,
2199,2909.3634622097015,-0.18907589,
2200,2911.814719438553,-0.06767304,
2201,2913.109445810318,-0.05908333,
2202,2914.389672756195,-0.18065667,
2203,2915.673517227173,-0.12258802,
2204,2916.959177494049,-0.051967226,
2205,2918.2385897636414,-0.3760371,
2206,2919.527975320816,-0.4873248,
2207,2920.817097425461,-0.118585035,
2208,2922.103709459305,-0.26816875,
2209,2923.3993875980377,-0.06288676,
2210,2924.6859114170074,-0.3473298,
2211,2926.0040199756622,-0.11999649,
2212,2926.4058091640472,-0.0,
2213,2928.2651076316833,-0.22357464,
2214,2929.5897784233093,-0.036813047,
2215,2930.932265996933,-0.32639828,
2216,2932.25035405159,-0.24604002,
2217,2933.5446784496307,-0.19323625,
2218,2934.8333826065063,-0.43321767,
2219,2936.1413309574127,-0.1317116,
2220,2937.4287943840027,-0.06959859,
2221,2938.7248141765594,-0.36383903,
2222,2940.01842045784,-0.15664849,
2223,2941.3040499687195,-0.17049469,
2224,2942.609696865082,-0.08249476,
2225,2943.9369876384735,-0.21761508,
2226,2944.3119835853577,-0.0,
2227,2946.114646911621,-0.5697503,
2228,2947.3998000621796,-0.08082238,
2229,2948.6794114112854,-0.26930055,
2230,2949.976066350937,-0.22202855,
2231,2951.269375562668,-0.11950959,
2232,2952.547094106674,-0.11219451,
2233,2953.844426393509,-0.20299661,
2234,2955.133630990982,-0.6814446,
2235,2956.4225511550903,-0.098582216,
2236,2957.714455604553,-0.26955706,
2237,2958.999721288681,-0.15878396,
2238,2960.277895450592,-0.13276877,
2239,2961.600372314453,-0.55424917,
2240,2961.9852974414825,-0.12191802,
2241,2963.7557969093323,-0.03569205,
2242,2965.035655975342,-0.042891324,
2243,2966.313029527664,-0.19412503,
2244,2967.6169741153717,-0.23026979,
2245,2968.8946228027344,-0.12007617,
2246,2970.175132036209,-0.077558815,
2247,2971.463189601898,-0.24541599,
2248,2972.759775876999,-0.2787853,
2249,2974.049957513809,-0.3457166,
2250,2975.3331830501556,-0.25300044,
2251,2976.624257326126,-0.02114363,
2252,2977.937917470932,-0.36113828,
2253,2979.224790096283,-0.06626096,
2254,2979.604871749878,-0.0,
2255,2981.406357526779,-0.58545065,
2256,2982.7373435497284,-0.091161765,
2257,2984.071419239044,-0.16846436,
2258,2985.395810842514,-0.39781862,
2259,2986.704973220825,-0.22969474,
2260,2988.030433177948,-0.057395384,
2261,2989.3506309986115,-0.21053432,
2262,2990.672264814377,-0.253271,
2263,2992.025540113449,-0.09839928,
2264,2993.3473706245422,-0.38671482,
2265,2994.669707298279,-0.13218334,
2266,2995.969855070114,-0.16311446,
2267,2997.277013540268,-0.22378568,
2268,2997.669751882553,-0.0,
2269,2999.4771826267242,-0.25448418,
2270,3000.7946865558624,-0.1218925,
2271,3002.1085636615753,-0.23082869,
2272,3003.448084592819,-0.17444484,
2273,3004.7701404094696,-0.23585191,
2274,3006.086414575577,-0.13066833,
2275,3007.3965797424316,-0.051163558,
2276,3008.7448387145996,-0.5552431,
2277,3010.0459792613983,-0.081049934,
2278,3011.33979344368,-0.24693458,
2279,3012.6346850395203,-0.23624964,
2280,3013.9237768650055,-0.22873862,
2281,3015.2101306915283,-0.123020634,
2282,3015.588334798813,-0.0,
2283,3017.436070919037,-0.17337428,
2284,3018.7249681949615,-0.2200811,
2285,3020.0242903232574,-0.3414719,
2286,3021.319249153137,-0.112875596,
2287,3022.6110560894012,-0.08378174,
2288,3023.8930242061615,-0.23219565,
2289,3025.174715280533,-0.2120375,
2290,3026.4943602085114,-0.33551523,
2291,3027.8024253845215,-0.9315511,
2292,3029.08717417717,-0.27180973,
2293,3030.370161294937,-0.058994696,
2294,3031.6764874458313,-0.19676773,
2295,3032.9654495716095,-0.16183043,
2296,3033.3421518802643,-0.0,
2297,3035.1554701328278,-0.14549018,
2298,3036.4587020874023,-0.1950811,
2299,3037.7494411468506,-0.11655875,
2300,3040.249840736389,-0.41407886,
2301,3041.534678220749,-0.1619207,
2302,3042.818844795227,-0.096569784,
2303,3044.10871386528,-0.11208916,
2304,3045.420735836029,-0.311496,
2305,3046.712080478668,-0.10461448,
2306,3048.0093038082123,-0.15531905,
2307,3049.305637359619,-0.5690212,
2308,3050.6088361740112,-0.1411242,
2309,3051.904330253601,-0.14671986,
2310,3052.2878954410553,-0.0,
2311,3054.083310842514,-0.36576495,
2312,3055.390829563141,-0.1794084,
2313,3056.685430765152,-0.06587627,
2314,3057.975730895996,-0.13497825,
2315,3059.2589333057404,-0.11653656,
2316,3060.540075302124,-0.060972676,
2317,3061.8306379318237,-0.4626816,
2318,3063.139714717865,-0.3681965,
2319,3064.449931383133,-0.0058798166,
2320,3065.73863530159,-0.10455532,
2321,3067.015873670578,-0.15102243,
2322,3068.319705247879,-0.18946862,
2323,3069.6067020893097,-0.15955493,
2324,3069.9879863262177,-0.0,
2325,3071.7653386592865,-0.28742146,
2326,3073.0556507110596,-0.1196751,
2327,3074.3442554473877,-0.10795668,
2328,3075.6307957172394,-0.15100586,
2329,3076.9072420597076,-0.20290993,
2330,3078.1986413002014,-0.20390743,
2331,3079.4939992427826,-7.913097e-05,
2332,3080.782163619995,-0.1680086,
2333,3082.0690093040466,-0.16567867,
2334,3083.3530657291412,-0.18633272,
2335,3084.6471478939056,-0.13825332,
2336,3085.9437956809998,-0.37348485,
2337,3087.2373366355896,-0.3768536,
2338,3087.621687412262,-0.0,
2339,3089.402552843094,-0.12318949,
2340,3090.6870622634888,-0.060280465,
2341,3091.982791662216,-0.21021084,
2342,3093.2683844566345,-0.30640057,
2343,3094.538039445877,-0.29704767,
2344,3095.825234413147,-0.20701134,
2345,3097.103184223175,-0.22119077,
2346,3098.387127637863,-0.0,
2347,3099.674109697342,-0.24617308,
2348,3100.942491531372,-0.098785974,
2349,3102.2318863868713,-0.21245858,
2350,3103.518704175949,-0.18355653,
2351,3104.810893058777,-0.28053996,
2352,3105.193998336792,-0.0,
2353,3107.4410331249237,-0.26575145,
2354,3108.764704465866,-0.19552463,
2355,3110.0788362026215,-0.14767984,
2356,3111.3918883800507,-0.13360253,
2357,3112.6756439208984,-0.2669912,
2358,3113.9571282863617,-0.12466562,
2359,3115.2415437698364,-0.074383564,
2360,3116.5354466438293,-0.15794641,
2361,3117.8264520168304,-0.12378223,
2362,3119.1110258102417,-0.15763018,
2363,3120.40856218338,-0.13482672,
2364,3121.6924097537994,-0.34698427,
2365,3122.9999775886536,-0.03787384,
2366,3123.3794548511505,-0.0,
2367,3125.157294988632,-0.28157276,
2368,3126.45782327652,-0.5096927,
2369,3127.740740299225,-0.28660715,
2370,3129.0328958034515,-0.13817506,
2371,3130.308082818985,-0.14852919,
2372,3131.5898349285126,-0.064194635,
2373,3132.8822026252747,-0.14616933,
2374,3134.17644906044,-0.122053646,
2375,3135.4687447547913,-0.19347337,
2376,3136.748694419861,-0.018690206,
2377,3138.0309982299805,-0.09062163,
2378,3139.314744234085,-0.092194185,
2379,3140.601764202118,-0.17591116,
2380,3140.989285469055,-0.0,
2381,3142.7723314762115,-0.31534457,
2382,3144.0572056770325,-0.12756997,
2383,3145.351011276245,-0.24537311,
2384,3146.6530368328094,-0.0967136,
2385,3147.937374830246,-0.074818075,
2386,3149.224133014679,-0.19914165,
2387,3150.509663105011,-0.13072756,
2388,3151.801210165024,-0.43002224,
2389,3153.1026833057404,-0.2967021,
2390,3154.390870332718,-0.15056951,
2391,3155.6699254512787,-0.035489395,
2392,3156.949332714081,-0.19249517,
2393,3158.2406888008118,-0.20010409,
2394,3158.621647119522,-0.0,
2395,3160.376209497452,-0.17165092,
2396,3161.6532592773438,-0.07241415,
2397,3162.9507751464844,-0.11809072,
2398,3164.2547566890717,-0.23848009,
2399,3165.5376863479614,-0.17544791,
2400,3167.9669761657715,-0.10816924,
2401,3169.2522189617157,-0.11559899,
2402,3170.54390501976,-0.22990204,
2403,3171.8284854888916,-0.09617251,
2404,3173.1165635585785,-0.13246001,
2405,3174.4319388866425,-0.18332875,
2406,3175.7256186008453,-0.2791156,
2407,3177.0272727012634,-0.046426278,
2408,3177.4136593341827,-0.0,
2409,3179.2294921875,-0.071888775,
2410,3180.545289039612,-0.118424594,
2411,3181.839497566223,-0.28102043,
2412,3183.142068386078,-0.24242418,
2413,3184.428731441498,-0.14552867,
2414,3185.7224473953247,-0.051522978,
2415,3187.0055265426636,-0.27083236,
2416,3188.3042998313904,-0.0038091168,
2417,3189.6027023792267,-0.14413166,
2418,3190.8885793685913,-0.2343408,
2419,3192.1724445819855,-0.11120887,
2420,3193.4560000896454,-0.19728391,
2421,3194.744767665863,-0.15248384,
2422,3195.1252698898315,-0.0,
2423,3196.883612394333,-0.33756247,
2424,3198.1921973228455,-0.059987728,
2425,3199.4894914627075,-0.1843796,
2426,3200.786416530609,-0.021946123,
2427,3202.0681278705597,-0.111254126,
2428,3203.3664824962616,-0.09739405,
2429,3204.6584734916687,-0.17096387,
2430,3205.9702944755554,-0.07817846,
2431,3207.2629718780518,-0.107831106,
2432,3208.5640680789948,-0.31279036,
2433,3209.8499884605408,-0.121396706,
2434,3211.1498939990997,-0.3006391,
2435,3212.4491579532623,-0.4726155,
2436,3212.821309566498,-0.0,
2437,3234.6071195602417,-0.11276817,
2438,3235.880285024643,-0.26055306,
2439,3237.1554334163666,-0.055532657,
2440,3238.4431002140045,-0.23787299,
2441,3239.7484424114227,-0.14545745,
2442,3241.025115251541,-0.02110774,
2443,3242.3058319091797,-0.19097498,
2444,3243.5970017910004,-0.27158934,
2445,3244.9131228923798,-0.11687523,
2446,3246.1904356479645,-0.10279586,
2447,3247.4831957817078,-0.19236872,
2448,3248.77396774292,-0.33703342,
2449,3250.0611906051636,-0.20928858,
2450,3250.4380626678467,-0.0,
2451,3264.050586938858,-0.11626059,
2452,3265.339432477951,-0.16141556,
2453,3266.620200395584,-0.2461184,
2454,3267.893797159195,-0.20821169,
2455,3269.1682765483856,-0.077721715,
2456,3270.4447083473206,-0.1411744,
2457,3271.7374200820923,-0.079871364,
2458,3273.0342042446136,-0.12580012,
2459,3274.314202070236,-0.13284889,
2460,3275.5886585712433,-0.21616176,
2461,3276.8788340091705,-0.116627954,
2462,3278.1574447155,-0.11621605,
2463,3279.434980869293,-0.16194138,
2464,3279.8095531463623,-0.9816764,
2465,3281.5935406684875,-0.2803862,
2466,3282.882136106491,-0.13658842,
2467,3284.1679463386536,-0.20710538,
2468,3285.4601488113403,-0.20037581,
2469,3286.7463912963867,-0.19340414,
2470,3288.034062385559,-0.10155272,
2471,3289.303619623184,-0.13391635,
2472,3290.5856432914734,-0.27172434,
2473,3291.8587169647217,-0.022155289,
2474,3293.1410036087036,-0.13014908,
2475,3294.437614440918,-0.17515159,
2476,3295.7268652915955,-0.18348595,
2477,3297.006083726883,-0.080854654,
2478,3297.387101173401,-0.0,
2479,3299.155121564865,-0.079671875,
2480,3300.4407708644867,-0.09720856,
2481,3301.736017227173,-0.32462484,
2482,3303.030387878418,-0.23443972,
2483,3304.327466726303,-0.09978096,
2484,3305.6220467090607,-0.36649358,
2485,3306.895321369171,-0.07770198,
2486,3308.1816194057465,-0.13795874,
2487,3309.4709322452545,-0.24763727,
2488,3310.745944261551,-0.089029595,
2489,3312.0326511859894,-0.04309611,
2490,3313.307291030884,-0.23857115,
2491,3314.5893774032593,-0.23333536,
2492,3314.9664113521576,-0.0,
2493,3316.742210149765,-0.2342715,
2494,3318.033062696457,-0.100017145,
2495,3319.319195985794,-0.11609334,
2496,3320.607894182205,-0.048526183,
2497,3321.879847049713,-0.03386899,
2498,3323.1563127040863,-0.07192585,
2499,3324.4350476264954,-0.21945903,
2500,3327.018016576767,-0.1392409,
2501,3328.316153049469,-0.51553154,
2502,3329.5973122119904,-0.38894373,
2503,3330.9018261432648,-0.08985885,
2504,3332.1848878860474,-0.10858823,
2505,3333.469745874405,-0.45871145,
2506,3333.8468165397644,-0.0,
2507,3335.6570813655853,-0.3856411,
2508,3336.94833445549,-0.13236386,
2509,3338.260471343994,-0.3117071,
2510,3339.589483499527,-0.32367885,
2511,3340.8787400722504,-0.26029307,
2512,3342.167102098465,-0.10200634,
2513,3343.462987422943,-0.43054557,
2514,3344.7557365894318,-0.31406075,
2515,3346.053047657013,-0.2757601,
2516,3347.3538975715637,-0.104821324,
2517,3348.647106409073,-0.19357416,
2518,3349.9412953853607,-0.14539993,
2519,3351.2279098033905,-0.040063594,
2520,3351.610598087311,-0.0,
2521,3353.3966641426086,-0.28326058,
2522,3354.6846232414246,-0.31884602,
2523,3355.9665365219116,-0.30585307,
2524,3357.259126663208,-0.025049776,
2525,3358.5437059402466,-0.1041982,
2526,3359.851675748825,-0.14750938,
2527,3361.1480758190155,-0.12499905,
2528,3362.4402842521667,-0.20258978,
2529,3363.723959684372,-0.16196935,
2530,3364.995455980301,-0.23924871,
2531,3366.2825422286987,-0.12480446,
2532,3367.5529804229736,-0.009878276,
2533,3368.8305451869965,-0.19422871,
2534,3369.2093875408173,-0.0,
2535,3370.951359987259,-0.13519758,
2536,3372.24546790123,-0.31636217,
2537,3373.5288076400757,-0.17997536,
2538,3374.820526123047,-0.31392756,
2539,3376.094626903534,-0.26863414,
2540,3377.3778128623962,-0.11564408,
2541,3378.6585924625397,-0.23566121,
2542,3379.966232776642,-0.5613432,
2543,3381.2641253471375,-0.2454825,
2544,3382.5542285442352,-0.19283149,
2545,3383.8380892276764,-0.47541982,
2546,3385.114679813385,-0.0,
2547,3386.4054119586945,-0.2901963,
2548,3386.77960562706,-0.0,
2549,3408.498489379883,-0.2091263,
2550,3409.782840490341,-0.07415886,
2551,3411.0580785274506,-0.17409983,
2552,3412.3387615680695,-0.13632499,
2553,3413.6171407699585,-0.043725055,
2554,3414.901715040207,-0.073407084,
2555,3416.1894726753235,-0.35715467,
2556,3417.4800584316254,-0.09470937,
2557,3418.771027326584,-0.24726428,
2558,3420.0581855773926,-0.08485599,
2559,3421.3343048095703,-0.12099573,
2560,3422.61310172081,-0.36495003,
2561,3423.892346382141,-0.1459453,
2562,3424.2709629535675,-0.0,
2563,3426.060485601425,-0.1265651,
2564,3427.356429576874,-0.052585214,
2565,3428.6665995121,-0.33512974,
2566,3430.0018107891083,-0.090842344,
2567,3431.318495988846,-0.27818835,
2568,3432.632868528366,-0.09274781,
2569,3433.947041749954,-0.12794471,
2570,3435.283063650131,-0.39480713,
2571,3436.591637134552,-0.09360356,
2572,3437.907504796982,-0.1255913,
2573,3439.230673789978,-0.15660043,
2574,3440.5578713417053,-0.16588867,
2575,3441.8668382167816,-0.061208874,
2576,3442.2572360038757,-0.0,
2577,3444.0919239521027,-0.0,
2578,3445.4293785095215,-0.23236011,
2579,3446.740434408188,-0.06872997,
2580,3448.05383849144,-0.58054894,
2581,3449.3565442562103,-0.28374022,
2582,3450.6902034282684,-0.18584739,
2583,3452.0070514678955,-0.17410806,
2584,3453.3269894123077,-0.2191765,
2585,3454.634271144867,-0.25906494,
2586,3455.955715417862,-0.17083806,
2587,3457.2588164806366,-0.20267771,
2588,3458.542214155197,-0.26737309,
2589,3459.815948486328,-0.027570572,
2590,3460.2003588676453,-0.31029865,
2591,3462.0222749710083,-0.024829552,
2592,3463.31152677536,-0.0506303,
2593,3464.6043553352356,-0.16042191,
2594,3465.9033563137054,-0.051767655,
2595,3467.1841983795166,-0.2785351,
2596,3468.461300134659,-0.32009363,
2597,3469.748007774353,-0.2856864,
2598,3471.039025068283,-0.15082896,
2599,3472.3279945850372,-0.11251471,
2600,3480.0862050056458,-0.19981535,
2601,3481.358546733856,-0.00418407,
2602,3482.63436293602,-0.12794635,
2603,3483.907502889633,-0.057141513,
2604,3484.2893826961517,-0.0,
2605,3499.0530302524567,-0.14672402,
2606,3500.330750465393,-0.14909005,
2607,3501.5921759605408,-0.07851499,
2608,3502.8724586963654,-0.09723163,
2609,3504.1521186828613,-0.2744243,
2610,3505.431943178177,-0.0194469,
2611,3506.7252311706543,-0.37980098,
2612,3508.0064470767975,-0.22903757,
2613,3509.2873294353485,-0.13506976,
2614,3510.569604873657,-0.027250528,
2615,3511.8502480983734,-0.07582009,
2616,3513.145976305008,-0.13207522,
2617,3514.4193212985992,-0.42714527,
2618,3514.8137929439545,-0.0,
2619,3536.5705528259277,-0.20448041,
2620,3537.8636977672577,-0.1315269,
2621,3539.1493973731995,-0.29618615,
2622,3540.4443938732147,-0.30318832,
2623,3541.7292053699493,-0.50715494,
2624,3543.0011615753174,-0.23982148,
2625,3544.286930322647,-0.18824509,
2626,3545.5801117420197,-0.15236846,
2627,3546.869225502014,-0.06464851,
2628,3548.172431230545,-0.13582256,
2629,3549.4765861034393,-0.45751297,
2630,3550.7817656993866,-0.38117602,
2631,3552.0843346118927,-0.36707965,
2632,3552.4721524715424,-0.0,
2633,3560.87100148201,-0.34423333,
2634,3562.185599565506,-0.0039998787,
2635,3563.487204551697,-0.15436858,
2636,3564.7854912281036,-0.25920328,
2637,3566.075876235962,-0.36629447,
2638,3567.3649201393127,-0.49292144,
2639,3568.654374599457,-0.09306617,
2640,3569.9445967674255,-0.3462416,
2641,3571.2286717891693,-0.28996235,
2642,3572.506016731262,-0.20786637,
2643,3573.7954568862915,-0.0699682,
2644,3575.071951150894,-0.19208696,
2645,3576.358067750931,-0.38998625,
2646,3576.7397322654724,-0.0,
2647,3578.532799720764,-0.29983085,
2648,3579.8204872608185,-0.1278027,
2649,3581.113961458206,-0.28491798,
2650,3582.414724588394,-0.096814655,
2651,3583.6959772109985,-0.06558974,
2652,3584.986116886139,-0.3736619,
2653,3586.277075767517,-0.1763261,
2654,3587.571963787079,-0.25994197,
2655,3588.853343963623,-0.31418908,
2656,3590.132339000702,-0.36085063,
2657,3591.420268058777,-0.19257376,
2658,3592.716341972351,-0.18636194,
2659,3593.9973125457764,-0.17858328,
2660,3594.3806762695312,-0.0,
2661,3596.1312186717987,-0.24904124,
2662,3597.4450159072876,-0.2415958,
2663,3598.767397403717,-0.17277278,
2664,3600.07435131073,-0.18924809,
2665,3601.387196302414,-0.16662419,
2666,3602.710313796997,-0.2517662,
2667,3604.023110628128,-0.22526047,
2668,3605.358985900879,-0.30147973,
2669,3606.6742572784424,-0.17271003,
2670,3607.992295742035,-0.40235323,
2671,3609.315555334091,-0.14585438,
2672,3610.6062960624695,-0.07817036,
2673,3611.884155511856,-0.12772883,
2674,3612.2553477287292,-0.0,
2675,3614.051283121109,-0.07759549,
2676,3615.334413290024,-0.5028418,
2677,3616.6186950206757,-0.1608974,
2678,3617.904726743698,-0.30822474,
2679,3619.188808441162,-0.18395227,
2680,3620.4681572914124,-0.16514266,
2681,3621.7546665668488,-0.01958878,
2682,3623.0543909072876,-0.12224101,
2683,3624.339608669281,-0.102476835,
2684,3625.6134111881256,-0.22484581,
2685,3626.8915033340454,-0.06994273,
2686,3628.1636061668396,-0.11822869,
2687,3629.4444448947906,-0.37737566,
2688,3629.820425748825,-0.0,
2689,3631.5871272087097,-0.16068487,
2690,3632.869856595993,-0.21170112,
2691,3634.154564857483,-0.4075029,
2692,3635.443954229355,-0.110681444,
2693,3636.732733488083,-0.14011145,
2694,3638.017904281616,-0.050356917,
2695,3639.3011207580566,-0.3494116,
2696,3640.590391397476,-0.11173251,
2697,3641.883143186569,-0.16172358,
2698,3643.1751940250397,-0.16043296,
2699,3644.463774204254,-0.1867674,
2700,3646.909956216812,-0.2556136,
2701,3648.199861049652,-0.3576213,
2702,3648.581041574478,-0.0,
2703,3650.5609436035156,-0.19676279,
2704,3651.849012851715,-0.015201162,
2705,3653.141585826874,-0.0954083,
2706,3654.44664311409,-0.20417014,
2707,3655.724646806717,-0.13507876,
2708,3657.032189846039,-0.13432759,
2709,3658.3319730758667,-0.16009937,
2710,3659.624198913574,-0.20819806,
2711,3660.915281057358,-0.081106454,
2712,3662.2028663158417,-0.10788609,
2713,3663.494061946869,-0.06508001,
2714,3664.7860918045044,-0.19642386,
2715,3666.0707154273987,-0.58065474,
2716,3666.4562089443207,-0.0,
2717,3688.17889547348,-0.2028974,
2718,3689.460065126419,-0.20235768,
2719,3690.7375123500824,-0.26158053,
2720,3692.0216131210327,-0.16193736,
2721,3693.3002829551697,-0.24062216,
2722,3694.577634334564,-0.099537894,
2723,3695.8622987270355,-0.23819901,
2724,3697.1480960845947,-0.18912059,
2725,3698.4331827163696,-0.18831256,
2726,3699.710547685623,-0.51470065,
2727,3700.996297121048,-0.4129337,
2728,3702.265139102936,-0.4755715,
2729,3703.541237592697,-0.15731537,
2730,3703.9227266311646,-0.0,
2731,3725.648489713669,-0.26377225,
2732,3726.9114911556244,-0.08355362,
2733,3728.178143262863,-0.2964902,
2734,3729.4658346176147,-0.10102172,
2735,3730.737663269043,-0.53161794,
2736,3732.0099897384644,-0.22021261,
2737,3733.2827694416046,-0.3399451,
2738,3734.5785269737244,-0.40860865,
2739,3735.8561787605286,-0.6761876,
2740,3737.1343111991882,-0.25904664,
2741,3738.422295808792,-0.051337156,
2742,3739.68776512146,-0.084091,
2743,3740.9625232219696,-0.14376,
2744,3741.3439013957977,-0.0,
2745,3743.092754840851,-0.8338254,
2746,3744.389676809311,-0.6610963,
2747,3745.6620297431946,-0.18912435,
2748,3746.9495158195496,-0.07460254,
2749,3748.2244114875793,-0.111585766,
2750,3749.495767593384,-0.08617286,
2751,3750.7777304649353,-0.19527915,
2752,3752.068191051483,-0.5804163,
2753,3753.355881690979,-0.1239146,
2754,3754.633762359619,-0.19500634,
2755,3755.9148943424225,-0.14052984,
2756,3757.1810030937195,-0.5019693,
2757,3758.449714422226,-0.201422,
2758,3758.8286440372467,-0.0,
2759,3760.58917760849,-0.57336557,
2760,3761.8547418117523,-0.20629936,
2761,3763.1364357471466,-0.12985262,
2762,3764.4080238342285,-0.18996873,
2763,3765.694462299347,-0.26421767,
2764,3766.981502056122,-0.39277604,
2765,3768.266344308853,-0.20524257,
2766,3769.5615272521973,-0.17892325,
2767,3770.8580124378204,-0.18521586,
2768,3772.143941640854,-0.5726718,
2769,3773.4282791614532,-0.079603344,
2770,3774.706951379776,-0.38300312,
2771,3775.98317027092,-0.19352749,
2772,3776.3644876480103,-0.0,
2773,3779.5079152584076,-0.105775416,
2774,3780.791625738144,-0.10200951,
2775,3782.0749230384827,-0.14463046,
2776,3783.3613097667694,-0.16537744,
2777,3784.6329340934753,-0.058516227,
2778,3785.9058582782745,-0.333832,
2779,3787.202642440796,-0.2517153,
2780,3788.503610610962,-0.30356026,
2781,3789.7931027412415,-0.15212905,
2782,3791.0741391181946,-0.23019382,
2783,3792.3610043525696,-0.04810346,
2784,3793.649756193161,-0.3056321,
2785,3794.9616124629974,-0.21944909,
2786,3795.3527870178223,-0.8246553,
2787,3817.12366938591,-0.25369662,
2788,3818.4063863754272,-0.44888213,
2789,3819.672861099243,-0.05690761,
2790,3820.9488759040833,-0.13593365,
2791,3822.2390489578247,-0.36115143,
2792,3823.5124084949493,-0.013969836,
2793,3824.779931783676,-0.2154691,
2794,3826.070986509323,-0.61799103,
2795,3827.346174955368,-0.13950256,
2796,3828.6226813793182,-0.2979833,
2797,3829.904986858368,-0.076432854,
2798,3831.1891441345215,-0.18780032,
2799,3832.470592021942,-0.117819354,
2800,3849.881222963333,-0.0,
2801,3851.6580703258514,-0.22787157,
2802,3852.9270570278168,-0.08425384,
2803,3854.2197003364563,-0.17749123,
2804,3855.5015103816986,-0.1439439,
2805,3856.7687997817993,-0.16080834,
2806,3858.0509572029114,-0.8067992,
2807,3859.3321068286896,-0.1608551,
2808,3860.6106066703796,-0.2332171,
2809,3861.8945960998535,-0.4145367,
2810,3863.1771647930145,-0.34769246,
2811,3864.457832098007,-0.26204067,
2812,3865.72754406929,-0.049288817,
2813,3867.0139820575714,-0.25288856,
2814,3867.395269870758,-0.0,
2815,3869.1621556282043,-0.15020666,
2816,3870.4395246505737,-0.15279257,
2817,3871.7271661758423,-0.230162,
2818,3873.012647628784,-0.069558896,
2819,3874.2943778038025,-0.1590049,
2820,3875.57919216156,-0.19638485,
2821,3876.8720688819885,-0.054827802,
2822,3878.177469968796,-0.20143425,
2823,3879.4615416526794,-0.2874985,
2824,3880.74275970459,-0.3098871,
2825,3882.039513349533,-0.12419678,
2826,3883.325369119644,-0.035604157,
2827,3884.598528623581,-0.13427198,
2828,3884.981658935547,-0.0,
2829,3886.7468254566193,-0.19231208,
2830,3888.0345363616943,-0.09336061,
2831,3889.3274099826813,-0.6311676,
2832,3890.611834526062,-0.19119473,
2833,3891.8924345970154,-0.306821,
2834,3893.1828198432922,-0.1477303,
2835,3894.469648361206,-0.40480357,
2836,3895.772588968277,-0.42675722,
2837,3897.065542936325,-0.14452834,
2838,3898.3585863113403,-0.067240834,
2839,3899.647380590439,-0.32760382,
2840,3900.9287717342377,-0.20823336,
2841,3902.2011303901672,-0.23438534,
2842,3902.5824658870697,-0.42613003,
2843,3904.376021385193,-0.42351776,
2844,3905.6733202934265,-0.16894692,
2845,3906.958711385727,-0.022218104,
2846,3908.2434549331665,-0.12600924,
2847,3909.5392892360687,-0.22777328,
2848,3910.8211703300476,-0.29880056,
2849,3912.1090767383575,-0.19110197,
2850,3913.395797729492,-0.3858369,
2851,3914.681149482727,-0.28269088,
2852,3915.962577819824,-0.09491865,
2853,3917.2519652843475,-0.11591603,
2854,3918.536066532135,-0.26560268,
2855,3919.81902384758,-0.18947977,
2856,3920.199935436249,-0.0,
2857,3922.0342061519623,-0.12921283,
2858,3923.3287534713745,-0.16086107,
2859,3924.613484144211,-0.3162012,
2860,3925.922393321991,-0.15669441,
2861,3927.2121963500977,-0.09309367,
2862,3928.511824131012,-0.23509884,
2863,3929.8137447834015,-0.10605772,
2864,3931.118829727173,-0.447773,
2865,3932.4187874794006,-0.17726654,
2866,3933.7139801979065,-0.09790331,
2867,3935.0080151557922,-0.21985681,
2868,3936.3051958084106,-0.1634454,
2869,3937.595854282379,-0.035958983,
2870,3937.979814529419,-0.937277,
2871,3939.7916100025177,-0.56485605,
2872,3941.077024936676,-0.105512396,
2873,3942.3551433086395,-0.0674555,
2874,3943.6626353263855,-0.10404532,
2875,3944.9660437107086,-0.17769769,
2876,3946.2894451618195,-0.14916196,
2877,3947.5991911888123,-0.019622268,
2878,3948.8942427635193,-1.1223702,
2879,3950.201900243759,-0.10322575,
2880,3951.4885153770447,-0.16190396,
2881,3952.7926738262177,-0.34102538,
2882,3954.0829796791077,-0.21689913,
2883,3955.371018409729,-0.32023713,
2884,3955.746905565262,-0.0,
2885,3957.5384085178375,-0.34777412,
2886,3958.8267438411713,-0.116847746,
2887,3960.122076034546,-0.0399808,
2888,3961.409649372101,-0.2998774,
2889,3962.693811416626,-0.18767846,
2890,3963.9910707473755,-0.08070548,
2891,3965.281499147415,-2.1740925e-09,
2892,3966.5727429389954,-0.058975562,
2893,3967.8682317733765,-0.191948,
2894,3969.170019865036,-0.1804267,
2895,3970.462289094925,-0.08718908,
2896,3971.741342306137,-0.045841016,
2897,3973.0352070331573,-0.08759642,
2898,3973.4271473884583,-0.0,
2899,3975.1923723220825,-0.01638959,
2900,3977.6574580669403,-0.22058783,
2901,3978.9451427459717,-0.2181846,
2902,3980.2419447898865,-0.008520028,
2903,3981.519593477249,-0.26552272,
2904,3982.7904641628265,-0.006769466,
2905,3984.076768398285,-0.21468093,
2906,3985.370195865631,-0.35996753,
2907,3986.660637140274,-0.544114,
2908,3987.9585070610046,-0.47160077,
2909,3989.2502925395966,-0.25285682,
2910,3990.5328965187073,-0.14356439,
2911,3991.82626080513,-0.07382849,
2912,3992.203851222992,-0.0,
2913,3993.9626898765564,-0.16650046,
2914,3995.2456028461456,-0.21386415,
2915,3996.529569387436,-0.050372012,
2916,3997.8165361881256,-0.32602507,
2917,3999.088598251343,-0.0570734,
2918,4000.369901895523,-0.11149804,
2919,4001.666563987732,-0.14842725,
2920,4002.95681142807,-0.19079858,
2921,4004.250264406204,-0.17073146,
2922,4005.537987470627,-0.31388456,
2923,4006.837097644806,-0.054767765,
2924,4008.121111392975,-0.13445173,
2925,4009.403664588928,-0.34689665,
2926,4009.780252933502,-0.2780636,
2927,4011.5943648815155,-0.23489305,
2928,4012.8802077770233,-0.01795751,
2929,4014.1876888275146,-0.44726557,
2930,4015.488866329193,-0.15522307,
2931,4016.7816693782806,-0.10465101,
2932,4018.0696139335632,-0.100463845,
2933,4019.369081735611,-0.07091253,
2934,4020.672781229019,-0.5598899,
2935,4021.9655690193176,-0.41707537,
2936,4023.2496061325073,-0.25371802,
2937,4024.5416152477264,-0.30068752,
2938,4025.8220970630646,-0.5103703,
2939,4027.106427192688,-0.2047995,
2940,4027.4907751083374,-0.0,
2941,4029.2479650974274,-0.41586566,
2942,4030.5466327667236,-0.30972,
2943,4031.8414001464844,-0.4842063,
2944,4033.134600877762,-0.7091889,
2945,4034.417269706726,-0.19625476,
2946,4035.7030901908875,-0.34661913,
2947,4037.004487991333,-0.100805566,
2948,4038.2928590774536,-0.18034162,
2949,4039.5840315818787,-0.09742475,
2950,4040.858731985092,-0.1970864,
2951,4042.1654512882233,-0.31111634,
2952,4043.448925971985,-0.14485991,
2953,4044.7362489700317,-0.227849,
2954,4045.118281364441,-0.055282284,
2955,4046.916523694992,-0.26406595,
2956,4048.213290452957,-0.16799764,
2957,4049.5167150497437,-0.1061558,
2958,4050.81397151947,-0.26039985,
2959,4052.1080329418182,-0.14078021,
2960,4053.4094433784485,-0.07530006,
2961,4054.7166187763214,-0.24415393,
2962,4056.031256914139,-0.09672934,
2963,4057.3191378116608,-0.15059146,
2964,4058.619887828827,-0.13246934,
2965,4059.918491125107,-0.09453923,
2966,4061.2154712677,-0.20163625,
2967,4062.503612279892,-0.4502322,
2968,4062.8830168247223,-0.0,
2969,4064.6898488998413,-0.22708917,
2970,4065.9791209697723,-0.08388345,
2971,4067.28253865242,-0.111591905,
2972,4068.5814142227173,-0.1173998,
2973,4069.882957458496,-0.3318062,
2974,4071.172018766403,-0.24119191,
2975,4072.467304944992,-0.47603986,
2976,4073.793646335602,-0.081578106,
2977,4075.0945739746094,-0.061355516,
2978,4076.3926208019257,-0.3220098,
2979,4077.696534395218,-0.063356906,
2980,4078.987149953842,-0.18558615,
2981,4080.277722120285,-0.2363697,
2982,4080.6591579914093,-0.0,
2983,4082.44921207428,-0.20937613,
2984,4083.740802049637,-0.27031162,
2985,4085.0377910137177,-0.09562401,
2986,4086.341097831726,-0.06375116,
2987,4087.6289253234863,-0.21398708,
2988,4088.916873216629,-0.099757835,
2989,4090.217169046402,-0.2769038,
2990,4091.5069403648376,-0.1912913,
2991,4092.8078627586365,-0.21496554,
2992,4094.1103930473328,-0.082859695,
2993,4095.4151170253754,-0.3773886,
2994,4096.7136771678925,-0.15575314,
2995,4098.007838964462,-0.20561713,
2996,4098.386759996414,-0.0,
2997,4100.163930654526,-0.08451533,
2998,4101.457128286362,-0.20010057,
2999,4102.760150909424,-0.30150765,
3000,4105.221119880676,-0.03667354,
3001,4106.536358833313,-0.267128,
3002,4107.8529171943665,-0.14917085,
3003,4109.179067134857,-0.08662249,
3004,4110.512300014496,-0.075420186,
3005,4111.829010009766,-0.042545088,
3006,4113.159864664078,-0.12139263,
3007,4114.495891332626,-0.055211425,
3008,4115.818818807602,-0.26566237,
3009,4117.151928186417,-0.026218852,
3010,4117.544883966446,-0.0,
3011,4119.371616363525,-0.13537642,
3012,4120.661596536636,-0.28672892,
3013,4121.950533866882,-0.40290052,
3014,4123.2487053871155,-0.15500996,
3015,4124.5350296497345,-0.24934083,
3016,4125.825251340866,-0.26342282,
3017,4127.128298521042,-0.020216696,
3018,4128.432985305786,-0.34069768,
3019,4129.722963809967,-0.76944566,
3020,4131.01111125946,-0.23329432,
3021,4132.302786827087,-0.053283513,
3022,4133.590100765228,-0.3075022,
3023,4134.883253335953,-0.16318657,
3024,4135.271345376968,-0.0,
3025,4137.03928232193,-0.021835286,
3026,4138.33460855484,-0.05095921,
3027,4139.619999885559,-0.20878685,
3028,4140.9152410030365,-0.32915193,
3029,4142.207572460175,-0.11925151,
3030,4143.501677274704,-0.005003396,
3031,4144.788686037064,-0.07452828,
3032,4146.086883306503,-0.24736309,
3033,4147.378018856049,-0.21161151,
3034,4148.667012929916,-0.3663271,
3035,4149.954158067703,-0.10987664,
3036,4151.2783262729645,-0.23031445,
3037,4152.586053371429,-0.6718965,
3038,4152.976579427719,-0.66699505,
3039,4154.8173978328705,-0.22307195,
3040,4156.155941724777,-0.13531667,
3041,4157.445887804031,-0.19885395,
3042,4158.7471125125885,-0.38475814,
3043,4160.033694982529,-0.26908273,
3044,4161.328921318054,-0.16660538,
3045,4162.629668474197,-0.25645858,
3046,4163.925759077072,-0.41886652,
3047,4165.225395441055,-0.099549636,
3048,4166.548791646957,-0.113490716,
3049,4167.848237991333,-0.16950057,
3050,4169.132699251175,-0.37130135,
3051,4170.423819541931,-0.11107594,
3052,4170.802821159363,-0.1671449,
3053,4172.579240322113,-0.3001713,
3054,4173.874316453934,-0.07357013,
3055,4175.171548366547,-0.13467905,
3056,4176.462980508804,-0.1062317,
3057,4177.759437561035,-0.30345967,
3058,4179.055068254471,-0.10741107,
3059,4180.346809864044,-0.27064955,
3060,4181.645245790482,-0.17208445,
3061,4182.948961257935,-0.12009202,
3062,4184.24507522583,-0.1518175,
3063,4185.529881477356,-0.010640722,
3064,4186.825999259949,-0.36657137,
3065,4188.128628730774,-0.18141264,
3066,4188.513446807861,-0.0,
3067,4190.275273323059,-0.20729181,
3068,4191.567713022232,-0.075330146,
3069,4192.866393089294,-0.17071243,
3070,4194.179725885391,-0.09642496,
3071,4195.4994060993195,-0.065742515,
3072,4196.790634155273,-0.07103431,
3073,4198.0802936553955,-0.07955113,
3074,4199.382433652878,-0.13432911,
3075,4200.6724355220795,-0.2584283,
3076,4201.972471952438,-0.24932979,
3077,4203.273545026779,-0.32681456,
3078,4204.568276643753,-0.26459414,
3079,4205.87495303154,-0.092685476,
3080,4206.253596782684,-0.0,
3081,4208.068340301514,-0.2392848,
3082,4209.359738349915,-0.13926372,
3083,4210.667293071747,-0.121088944,
3084,4211.978591442108,-0.3256777,
3085,4213.274262905121,-0.25885308,
3086,4214.551319360733,-0.33484533,
3087,4215.842920064926,-0.31992447,
3088,4217.133955717087,-0.29822782,
3089,4218.429193735123,-0.33114067,
3090,4219.704656600952,-0.23724717,
3091,4220.999076843262,-0.22236165,
3092,4222.2805988788605,-0.36548227,
3093,4223.5679721832275,-0.117898785,
3094,4223.94624376297,-0.5405765,
3095,4225.715836524963,-0.17510615,
3096,4227.019727945328,-0.0651224,
3097,4228.305668354034,-0.12964888,
3098,4229.600694656372,-0.21829721,
3099,4230.884177684784,-0.10624596,
3100,4233.324173212051,-0.20433788,
3101,4234.624889135361,-0.070333645,
3102,4235.917057514191,-0.0573133,
3103,4237.202149391174,-0.16320856,
3104,4238.4920790195465,-0.28030053,
3105,4239.783300161362,-0.022847915,
3106,4241.069339752197,-0.23875725,
3107,4242.346048116684,-0.17160746,
3108,4242.726299285889,-0.0,
3109,4244.570410728455,-0.3092929,
3110,4245.8728404045105,-0.45413822,
3111,4247.156828165054,-0.14678437,
3112,4248.446629285812,-0.08666311,
3113,4249.727880477905,-0.08962716,
3114,4251.020910978317,-0.020330127,
3115,4252.307352781296,-0.06739768,
3116,4253.603716850281,-0.11370862,
3117,4254.900860548019,-0.2786949,
3118,4256.185837984085,-0.14118627,
3119,4257.475499153137,-0.09199262,
3120,4258.764370203018,-0.18034285,
3121,4260.045451879501,-0.11640141,
3122,4260.4317836761475,-0.0,
3123,4262.195289134979,-0.09607272,
3124,4263.490081310272,-0.008997904,
3125,4264.780822277069,-0.14913861,
3126,4266.070497512817,-0.12590766,
3127,4267.388072967529,-0.130027,
3128,4268.698039770126,-0.17767787,
3129,4270.035859823227,-0.088789254,
3130,4271.357604980469,-0.33389246,
3131,4272.690095663071,-0.20263635,
3132,4274.007363796234,-0.50198305,
3133,4275.334367752075,-0.2194984,
3134,4276.6518449783325,-0.09096135,
3135,4277.9711372852325,-0.18328972,
3136,4278.367588758469,-0.0,
3137,4280.215233802795,-0.3564952,
3138,4281.510889530182,-0.06796325,
3139,4282.807433605194,-0.10327024,
3140,4284.107908964157,-0.33154958,
3141,4285.395731687546,-0.2176952,
3142,4286.6948120594025,-0.10877728,
3143,4287.994928359985,-0.056089908,
3144,4289.3082592487335,-0.06274297,
3145,4290.591825723648,-0.24177736,
3146,4291.87744808197,-0.06816327,
3147,4293.1679220199585,-0.13045529,
3148,4294.4638504981995,-0.35126075,
3149,4295.742117166519,-0.14367941,
3150,4296.1210815906525,-0.0,
3151,4297.947678565979,-0.28144428,
3152,4299.24253320694,-0.41878474,
3153,4300.531023025513,-0.12260833,
3154,4301.83827662468,-0.06537902,
3155,4303.11899471283,-0.27849403,
3156,4304.416300535202,-0.17085612,
3157,4305.714538812637,-0.10045474,
3158,4307.002515554428,-0.040230364,
3159,4308.293513298035,-0.17974216,
3160,4309.5849759578705,-0.2500292,
3161,4310.87241268158,-0.063680276,
3162,4312.1598777771,-0.113109946,
3163,4313.450222492218,-0.12497784,
3164,4313.833251714706,-0.0,
3165,4315.6646592617035,-0.057718176,
3166,4317.000011205673,-0.17528065,
3167,4318.313421487808,-0.106942415,
3168,4319.64435505867,-0.20275074,
3169,4320.965133428574,-0.2529167,
3170,4322.284802913666,-0.14725018,
3171,4323.610859155655,-0.07240228,
3172,4324.93541431427,-0.15515816,
3173,4326.279220819473,-0.26358616,
3174,4327.598510503769,-0.15300447,
3175,4328.9205203056335,-0.17336637,
3176,4330.243816614151,-0.043352023,
3177,4331.541262149811,-0.37050506,
3178,4331.9273273944855,-0.0,
3179,4333.715418100357,-0.09682041,
3180,4335.005637407303,-0.14964837,
3181,4336.29225564003,-0.23661557,
3182,4337.58783698082,-0.13038297,
3183,4338.877647399902,-0.08585716,
3184,4340.162063837051,-0.08640204,
3185,4341.453239202499,-0.06704642,
3186,4342.756126880646,-0.13627374,
3187,4344.043024301529,-0.15184137,
3188,4345.329905509949,-0.035165343,
3189,4346.616457700729,-0.1430217,
3190,4347.908864736557,-0.15994014,
3191,4349.201375722885,-0.2348839,
3192,4349.587283849716,-0.4743891,
3193,4351.363164186478,-0.10319375,
3194,4352.647322177887,-0.071117744,
3195,4353.936841964722,-0.03981507,
3196,4355.227250099182,-0.24522355,
3197,4356.508856296539,-0.13258642,
3198,4357.791621685028,-0.25201386,
3199,4359.085549354553,-0.22815809,
3200,4361.558041810989,-0.112473845,
3201,4362.8594427108765,-0.3535587,
3202,4364.156886339188,-0.16440588,
3203,4365.462312936783,-0.13058099,
3204,4366.749344825745,-0.27232462,
3205,4368.042791128159,-0.23201154,
3206,4368.423471212387,-0.0,
3207,4370.203986644745,-0.2315554,
3208,4371.496632575989,-0.3229375,
3209,4372.790507555008,-0.01960605,
3210,4374.083118438721,-0.2708203,
3211,4375.35884141922,-0.099240325,
3212,4376.645209312439,-0.20667344,
3213,4377.934886455536,-0.019017149,
3214,4379.232953071594,-0.1658153,
3215,4380.531889915466,-0.104116514,
3216,4381.818781137466,-0.27332377,
3217,4383.112775802612,-0.0628281,
3218,4384.395027399063,-0.041589014,
3219,4385.676741600037,-0.19680056,
3220,4386.052127599716,-0.0,
3221,4387.866426706314,-0.24279399,
3222,4389.21771979332,-0.008634498,
3223,4390.513302087784,-0.18962023,
3224,4391.792819023132,-0.1855691,
3225,4393.074256896973,-0.038787168,
3226,4394.364099979401,-0.2171932,
3227,4395.6512060165405,-0.16444598,
3228,4396.95072555542,-0.07946115,
3229,4398.24152135849,-0.14954999,
3230,4399.529873609543,-0.3819679,
3231,4400.8272585868835,-0.18730763,
3232,4402.115612983704,-0.15384033,
3233,4403.3927347660065,-0.05557285,
3234,4403.77411031723,-0.36894506,
3235,4405.567839384079,-0.4692551,
3236,4406.867297887802,-0.09780641,
3237,4408.157784700394,-0.2378119,
3238,4409.45051574707,-0.346195,
3239,4410.738417863846,-0.049864642,
3240,4412.025807619095,-0.08279951,
3241,4413.332880496979,-0.15660268,
3242,4414.633674144745,-0.16824123,
3243,4415.950899362564,-0.049829863,
3244,4417.248450994492,-0.11701241,
3245,4418.549723148346,-0.15795659,
3246,4419.844918727875,-0.09161183,
3247,4421.157759189606,-0.84545887,
3248,4421.548940658569,-0.0,
3249,4423.319885253906,-0.10498285,
3250,4424.621542930603,-0.16495621,
3251,4425.914853096008,-0.2311273,
3252,4427.2182693481445,-0.07379593,
3253,4428.5121648311615,-0.31186298,
3254,4429.799594402313,-0.23141363,
3255,4431.095975399017,-0.5108526,
3256,4432.394114732742,-0.26038045,
3257,4433.688186883926,-0.1769321,
3258,4434.997459411621,-0.41926146,
3259,4436.2781891822815,-0.16383623,
3260,4437.575197219849,-0.101663105,
3261,4438.8671243190765,-0.12582235,
3262,4439.24263548851,-0.20278764,
3263,4441.052341461182,-0.19857934,
3264,4442.342613935471,-0.060256112,
3265,4443.652814388275,-0.41196573,
3266,4444.947565078735,-0.22064972,
3267,4446.23183631897,-0.11735892,
3268,4447.518781423569,-0.19548893,
3269,4448.804494380951,-0.104720086,
3270,4450.102773666382,-0.31218106,
3271,4451.400955915451,-0.13161321,
3272,4452.693156957626,-0.30947775,
3273,4453.979308605194,-0.17805988,
3274,4455.271685838699,-0.23892555,
3275,4456.575780630112,-0.22554384,
3276,4456.958424568176,-0.46832615,
3277,4458.719172954559,-0.04585615,
3278,4460.019973039627,-0.12041811,
3279,4461.336795568466,-0.13760851,
3280,4462.657758951187,-0.23309499,
3281,4463.950727701187,-0.19455451,
3282,4465.263961553574,-0.15566272,
3283,4466.56885933876,-0.1767856,
3284,4467.869029521942,-0.15200818,
3285,4469.177317619324,-0.3486935,
3286,4470.469385623932,-0.3290226,
3287,4471.766843557358,-0.2047572,
3288,4473.062165260315,-0.26325217,
3289,4474.356402635574,-0.17761564,
3290,4474.741040229797,-0.0,
3291,4476.545900344849,-0.12998003,
3292,4477.855915546417,-0.13323967,
3293,4479.146527051926,-0.3284745,
3294,4480.449007511139,-0.19389752,
3295,4481.747195482254,-0.19730446,
3296,4483.061981916428,-0.11107046,
3297,4484.372131586075,-0.0712179,
3298,4485.684245109558,-0.2601003,
3299,4486.996653795242,-0.12216178,
3300,4489.503956317902,-0.21195605,
3301,4490.79035782814,-0.2011736,
3302,4492.099769353867,-0.23455435,
3303,4493.388556718826,-0.1866808,
3304,4493.766706228256,-1.2041742,
3305,4495.5700776577,-0.118719384,
3306,4496.870882511139,-0.103807114,
3307,4498.189877986908,-0.28728646,
3308,4499.51208615303,-0.1014655,
3309,4500.799300670624,-0.22616407,
3310,4502.092965126038,-0.22660023,
3311,4503.402277946472,-0.3066058,
3312,4504.698946475983,-0.0910864,
3313,4506.002946138382,-0.4328557,
3314,4507.296033620834,-0.12103735,
3315,4508.609819889069,-0.18981926,
3316,4509.90630698204,-0.20059758,
3317,4511.199950933456,-0.28524396,
3318,4511.5844876766205,-0.6819047,
3319,4513.368314504623,-0.17262606,
3320,4514.679391384125,-0.016134368,
3321,4515.97064948082,-0.23109002,
3322,4517.262886047363,-0.21565226,
3323,4518.560585737228,-0.068517245,
3324,4519.85672044754,-0.14949618,
3325,4521.16246175766,-0.14727227,
3326,4522.457760810852,-0.10065356,
3327,4523.754833221436,-0.2527063,
3328,4525.053786277771,-0.061004244,
3329,4526.355349063873,-0.1021214,
3330,4527.6431975364685,-0.15042153,
3331,4528.938271045685,-0.035775084,
3332,4529.316930770874,-0.0,
3333,4531.097052335739,-0.1469959,
3334,4532.403364658356,-0.26560977,
3335,4533.709303379059,-0.029326746,
3336,4535.011784553528,-0.3121551,
3337,4536.300304174423,-0.042206917,
3338,4537.590958118439,-0.23617738,
3339,4538.894870758057,-0.20537835,
3340,4540.199066162109,-0.18370457,
3341,4541.495305299759,-0.22405536,
3342,4542.792056560516,-0.077733584,
3343,4544.088808774948,-0.1149602,
3344,4545.3838720321655,-0.05216146,
3345,4546.672797679901,-0.19815284,
3346,4547.0542051792145,-0.0,
3347,4548.8388566970825,-0.09745768,
3348,4550.143786907196,-0.3591282,
3349,4551.454543590546,-0.07562017,
3350,4552.799517393112,-0.028611338,
3351,4554.092254161835,-0.051857486,
3352,4555.394991397858,-0.05838036,
3353,4556.706085920334,-0.0,
3354,4558.005424022675,-0.22811267,
3355,4559.300680398941,-0.05623296,
3356,4560.579200267792,-0.18578988,
3357,4561.87172460556,-0.078691006,
3358,4563.1631779670715,-0.13036723,
3359,4564.452805042267,-0.22735918,
3360,4564.8278975486755,-0.0,
3361,4566.63007235527,-0.39457658,
3362,4567.928814411163,-0.06977904,
3363,4569.232566356659,-0.48613486,
3364,4570.561252117157,-0.18427584,
3365,4571.849071979523,-0.083333716,
3366,4573.148382663727,-0.15892252,
3367,4574.452111005783,-0.1105995,
3368,4575.73300075531,-0.13151315,
3369,4577.020166158676,-0.31968582,
3370,4578.30514216423,-0.029826077,
3371,4579.598847389221,-0.17785068,
3372,4580.894673109055,-0.21410312,
3373,4582.250608205795,-0.036179315,
3374,4582.647016525269,-0.0,
3375,4584.456739187241,-0.19431266,
3376,4585.7404799461365,-0.17752218,
3377,4587.055703878403,-0.36679274,
3378,4588.353337049484,-0.05822619,
3379,4589.652706861496,-0.21027024,
3380,4590.944360971451,-0.05813812,
3381,4592.239985466003,-0.11764315,
3382,4593.533504009247,-0.5211353,
3383,4594.825028896332,-0.0862886,
3384,4596.12188744545,-0.20088965,
3385,4597.416902542114,-0.1539439,
3386,4598.703519582748,-0.15863308,
3387,4599.993676185608,-0.20522855,
3388,4600.378147602081,-0.0,
3389,4602.153632640839,-0.2964366,
3390,4603.452198505402,-0.06881367,
3391,4604.734990119934,-0.07702321,
3392,4606.022707462311,-0.073246874,
3393,4607.316044092178,-0.19712803,
3394,4608.607789516449,-0.055307012,
3395,4609.893340110779,-0.084139094,
3396,4611.204847335815,-0.10928501,
3397,4612.48964548111,-0.064596444,
3398,4613.783555030823,-0.21621491,
3399,4615.0680775642395,-0.089561224,
3400,4617.554631233215,-0.10175086,
3401,4618.842010736465,-0.15240514,
3402,4619.220696926117,-0.0,
3403,4621.015902519226,-0.05095866,
3404,4622.324721097946,-0.113650285,
3405,4623.618722677231,-0.5524677,
3406,4624.907481908798,-0.23396605,
3407,4626.190634489059,-0.031238943,
3408,4627.477601051331,-0.07839692,
3409,4628.7725875377655,-0.07275079,
3410,4630.06652545929,-0.06347339,
3411,4631.362635612488,-0.08953643,
3412,4632.657010555267,-0.24579014,
3413,4633.947908401489,-0.18054447,
3414,4635.243217468262,-0.27594113,
3415,4636.52475643158,-0.09979801,
3416,4636.904252767563,-0.0,
3417,4638.684708595276,-0.16227287,
3418,4639.966553211212,-0.12037122,
3419,4641.276399374008,-0.1220323,
3420,4642.581114530563,-0.01431797,
3421,4643.872968196869,-0.14794363,
3422,4645.151683807373,-0.35918066,
3423,4646.438928842545,-0.07084759,
3424,4647.745316505432,-0.0962192,
3425,4649.030422449112,-0.022284374,
3426,4650.325322628021,-0.5753086,
3427,4651.613592147827,-0.17383157,
3428,4652.902571678162,-0.18408364,
3429,4654.201633691788,-0.10528685,
3430,4654.5827877521515,-0.0,
3431,4656.366291999817,-0.07161978,
3432,4657.660480499268,-0.064627245,
3433,4658.949730396271,-0.0521627,
3434,4660.243114233017,-0.046937626,
3435,4661.529195308685,-0.14131105,
3436,4662.809645652771,-0.11305927,
3437,4664.113592863083,-0.13414396,
3438,4665.412584066391,-0.15189159,
3439,4666.704378128052,-0.4273135,
3440,4668.004046201706,-0.048766065,
3441,4669.292528152466,-0.2580908,
3442,4670.577223062515,-0.23909019,
3443,4671.868135213852,-0.00081132737,
3444,4672.254154920578,-0.0,
3445,4674.355158567429,-0.12175152,
3446,4675.660377979279,-0.14523993,
3447,4676.957586526871,-0.22581774,
3448,4678.245685815811,-0.052744817,
3449,4679.542808055878,-0.25727475,
3450,4680.8355712890625,-0.15386486,
3451,4682.143721818924,-0.23823331,
3452,4683.46005988121,-0.24964981,
3453,4684.802137374878,-0.17896405,
3454,4686.193405389786,-0.20887989,
3455,4687.522217035294,-0.3146289,
3456,4688.85061621666,-0.21858844,
3457,4690.157242774963,-0.08793214,
3458,4690.546209335327,-0.51409674,
3459,4692.36634850502,-0.18383741,
3460,4693.679397344589,-0.056174114,
3461,4695.006442070007,-0.31118286,
3462,4696.33011674881,-0.07963387,
3463,4697.6570382118225,-0.24218217,
3464,4698.978065490723,-0.123341665,
3465,4700.303101539612,-0.14414139,
3466,4701.632258415222,-0.16884169,
3467,4702.942644119263,-0.094158,
3468,4704.252375602722,-0.025845205,
3469,4705.569184780121,-0.25664705,
3470,4706.878609895706,-0.22622398,
3471,4708.176150083542,-0.034080356,
3472,4708.5620329380035,-0.0,
3473,4710.350291490555,-0.042045802,
3474,4711.643136262894,-0.12007584,
3475,4712.96949505806,-0.10654027,
3476,4714.27117562294,-0.04247693,
3477,4715.546822309494,-0.07724293,
3478,4716.825378417969,-0.21837525,
3479,4718.115786314011,-0.044871684,
3480,4719.420136213303,-0.09516525,
3481,4720.712730646133,-0.87309295,
3482,4722.010811090469,-0.2571882,
3483,4723.3106327056885,-0.25350094,
3484,4724.6075093746185,-0.12403058,
3485,4725.909141778946,-0.12330321,
3486,4726.299036502838,-0.0,
3487,4728.086553573608,-0.12028338,
3488,4729.394115447998,-0.193586,
3489,4730.699990510941,-0.15450437,
3490,4732.006906032562,-0.20085377,
3491,4733.309451341629,-0.21379489,
3492,4734.610604524612,-0.2054267,
3493,4735.913952112198,-0.09557969,
3494,4737.2037761211395,-0.07480419,
3495,4738.518888473511,-0.36829466,
3496,4739.805111169815,-0.2686888,
3497,4741.119786024094,-0.18094513,
3498,4742.415460586548,-0.12354913,
3499,4743.697421789169,-0.38132936,
3500,4745.167336463928,-0.60255665,
3501,4746.972505569458,-0.057603374,
3502,4748.263764619827,-0.1321708,
3503,4749.547022342682,-0.1511588,
3504,4750.8463435173035,-0.21165961,
3505,4752.147852182388,-0.14141473,
3506,4753.44153213501,-0.102977365,
3507,4754.738413095474,-0.108801164,
3508,4756.03227686882,-0.14803177,
3509,4757.324090957642,-0.13013186,
3510,4758.610910177231,-0.17663336,
3511,4759.90047621727,-0.10164781,
3512,4761.185284376144,-0.07080949,
3513,4762.485301733017,-0.12866104,
3514,4762.864506483078,-0.0,
3515,4764.668217658997,-0.6810862,
3516,4765.962373018265,-0.26730576,
3517,4767.241981267929,-0.03238799,
3518,4768.546882390976,-0.20714581,
3519,4769.8338458538055,-0.20389423,
3520,4771.115901708603,-0.28013262,
3521,4772.40344119072,-0.08579491,
3522,4773.707243919373,-0.18327187,
3523,4774.994322299957,-0.18236588,
3524,4776.269642114639,-0.20483968,
3525,4777.558546543121,-0.13214204,
3526,4778.848059892654,-0.014638794,
3527,4780.1282913684845,-0.050407156,
3528,4780.510387182236,-0.0,
3529,4786.352679014206,-0.17927071,
3530,4787.6373925209045,-0.0792797,
3531,4788.939111232758,-0.03609106,
3532,4790.260640382767,-0.18342811,
3533,4791.553784132004,-0.093829654,
3534,4792.855952978134,-0.034555882,
3535,4794.160791397095,-0.9050815,
3536,4795.483471393585,-0.1584041,
3537,4796.803506135941,-0.1544032,
3538,4798.132707595825,-0.41212887,
3539,4799.454207658768,-0.15262656,
3540,4800.7839097976685,-0.06648798,
3541,4802.1056497097015,-0.081163794,
3542,4802.50137090683,-0.48918736,
3543,4804.372858285904,-0.2304538,
3544,4805.704460382462,-0.120172426,
3545,4807.019994735718,-0.19877729,
3546,4808.337868452072,-0.12989932,
3547,4809.642364740372,-0.06845765,
3548,4810.958740949631,-0.05407832,
3549,4812.270649194717,-0.3432541,
3550,4813.590790748596,-0.13828175,
3551,4814.898031234741,-0.07314587,
3552,4816.220549106598,-0.17276534,
3553,4817.53146481514,-0.012215655,
3554,4818.8417229652405,-0.26818314,
3555,4820.146668672562,-0.05539953,
3556,4820.530066251755,-5.3521057e-06,
3557,4822.396500825882,-0.1464411,
3558,4823.698959350586,-0.14108819,
3559,4825.002305030823,-0.42531112,
3560,4826.311566829681,-0.24489927,
3561,4827.600088596344,-0.011967489,
3562,4828.908502340317,-0.2655785,
3563,4830.220197439194,-0.07104163,
3564,4831.53387260437,-0.12495047,
3565,4832.846088409424,-0.0,
3566,4834.155339479446,-0.17875366,
3567,4835.455455541611,-0.24426508,
3568,4836.775132894516,-0.2022301,
3569,4838.078839063644,-0.017122298,
3570,4838.463869571686,-0.0,
3571,4840.281027555466,-0.13032609,
3572,4841.591377258301,-0.087298006,
3573,4842.887269735336,-0.05550295,
3574,4844.194873332977,-0.110024326,
3575,4845.503816366196,-0.06597823,
3576,4846.80441236496,-0.16244276,
3577,4848.11231470108,-0.19081385,
3578,4849.424864530563,-0.08572563,
3579,4850.737540960312,-0.09965542,
3580,4852.050144910812,-0.103999555,
3581,4853.362033367157,-0.025622107,
3582,4854.667565584183,-0.2533445,
3583,4855.980249404907,-0.22843376,
3584,4856.372816085815,-0.0,
3585,4858.22691655159,-0.15716007,
3586,4859.537019968033,-0.057373848,
3587,4860.843966245651,-0.066269055,
3588,4862.159929513931,-0.16109586,
3589,4863.46492433548,-0.10193982,
3590,4864.769436836243,-0.08913684,
3591,4866.081428527832,-0.09573406,
3592,4867.419008016586,-0.09367567,
3593,4868.729723930359,-0.15308093,
3594,4870.029771327972,-0.057994924,
3595,4871.34826374054,-0.09930072,
3596,4872.664298534393,-1.6644264e-05,
3597,4873.989279747009,-0.083556384,
3598,4874.367017030716,-0.0,
3599,4876.214120149612,-0.22782858,
3600,4878.834015369415,-0.14966959,
3601,4880.153309345245,-0.2599013,
3602,4881.475578784943,-0.101666905,
3603,4882.782927513123,-0.109136455,
3604,4884.1048147678375,-0.110745475,
3605,4885.406829833984,-0.17966259,
3606,4886.714204311371,-0.22870378,
3607,4888.042377233505,-0.26685214,
3608,4889.381944894791,-0.28838372,
3609,4890.70717215538,-0.117142245,
3610,4892.013296365738,-0.018012445,
3611,4893.311923027039,-0.17033039,
3612,4893.70348906517,-0.0,
3613,4895.5571711063385,-0.16224766,
3614,4896.878310203552,-0.099798635,
3615,4898.201063632965,-0.18192954,
3616,4899.517900466919,-0.08038999,
3617,4900.826669692993,-0.112745166,
3618,4902.141203403473,-0.075399354,
3619,4903.467974424362,-0.21322566,
3620,4904.798566818237,-0.19919908,
3621,4906.120982170105,-0.36989295,
3622,4907.447689771652,-0.08482938,
3623,4908.749758481979,-0.044579133,
3624,4910.098427772522,-0.4199236,
3625,4911.435110569,-0.084975705,
3626,4911.83477973938,-0.0,
3627,4913.693949699402,-0.05851177,
3628,4915.069340467453,-0.053043533,
3629,4916.43469953537,-0.016123818,
3630,4917.801775217056,-0.14988954,
3631,4919.205687046051,-0.04171995,
3632,4920.613914012909,-0.04191428,
3633,4922.016309976578,-1.3937601e-05,
3634,4923.448204040527,-0.21472077,
3635,4924.828532934189,-0.009396659,
3636,4926.241246700287,-0.24712157,
3637,4927.640830278397,-0.014329201,
3638,4929.011332988739,-0.17494994,
3639,4930.358907699585,-0.30600107,
3640,4930.773763179779,-0.0,
3641,4932.683000564575,-0.11896722,
3642,4934.055494308472,-0.06436312,
3643,4935.423452615738,-0.10533436,
3644,4936.806769371033,-0.18891972,
3645,4938.195722579956,-0.011539676,
3646,4939.554822444916,-0.14354537,
3647,4940.94636631012,-0.31547254,
3648,4942.342693090439,-0.039776836,
3649,4943.700295686722,-0.0,
3650,4945.05383348465,-0.09223474,
3651,4946.428763866425,-0.063349,
3652,4947.805619239807,-0.1735053,
3653,4949.164101362228,-0.1236042,
3654,4949.572364807129,-0.0,
3655,4951.565425395966,-0.029815406,
3656,4952.944274187088,-0.21971399,
3657,4954.350672245026,-0.12969196,
3658,4955.717417478561,-0.05589481,
3659,4957.076384305954,-0.31891358,
3660,4958.4299466609955,-0.30648777,
3661,4959.794902086258,-0.41252577,
3662,4961.175871372223,-0.15968502,
3663,4962.521773576736,-0.15278164,
3664,4963.880160808563,-0.1749978,
3665,4965.244616270065,-0.31222552,
3666,4966.598797559738,-0.24893251,
3667,4967.956737756729,-0.06639021,
3668,4968.356664896011,-0.0,
3669,4970.349777460098,-0.0035064048,
3670,4971.717675924301,-0.07518005,
3671,4973.085244417191,-0.04319367,
3672,4974.462383508682,-0.077802286,
3673,4975.800711393356,-0.35691056,
3674,4977.142093658447,-0.051197417,
3675,4978.496378660202,-0.3560464,
3676,4979.864293575287,-0.749143,
3677,4981.230246067047,-0.4765212,
3678,4982.591441392899,-0.06475748,
3679,4983.938098669052,-0.196141,
3680,4985.289270877838,-0.11738494,
3681,4986.640944719315,-0.14413568,
3682,4987.062206506729,-0.0,
3683,4988.998578310013,-0.07068834,
3684,4990.351718425751,-0.06302477,
3685,4991.725515127182,-0.14301932,
3686,4993.105817079544,-0.36440608,
3687,4994.467973470688,-0.48295358,
3688,4995.844172000885,-0.17860521,
3689,4997.215242385864,-0.01686741,
3690,4998.595602750778,-0.38215595,
3691,4999.971274852753,-0.09365392,
3692,5001.353048801422,-0.13262151,
3693,5002.7133140563965,-0.13330406,
3694,5004.102686405182,-0.11130282,
3695,5005.4571878910065,-0.03337492,
3696,5005.856066226959,-0.17054783,
3697,5007.783171653748,-0.030473717,
3698,5009.167759180069,-0.008470487,
3699,5010.518795251846,-0.08520187,
3700,5013.2207663059235,-0.2570899,
3701,5014.585004806519,-0.20800883,
3702,5015.940641403198,-0.05239055,
3703,5017.310760974884,-0.0674129,
3704,5018.690356731415,-0.44543806,
3705,5020.079329490662,-0.10654773,
3706,5021.45016169548,-0.25249213,
3707,5022.8204691410065,-0.19920386,
3708,5024.178910017014,-0.10173559,
3709,5025.561281919479,-0.2827217,
3710,5025.974518060684,-0.0,
3711,5027.846020460129,-0.1426427,
3712,5029.201858758926,-0.040088635,
3713,5030.596828699112,-0.12045106,
3714,5031.961866617203,-0.07538661,
3715,5033.334679365158,-0.113127165,
3716,5034.696368694305,-0.24524203,
3717,5036.058113574982,-0.34869927,
3718,5037.436352729797,-0.13921627,
3719,5038.811231851578,-0.09887269,
3720,5040.196786165237,-0.12932432,
3721,5041.57818031311,-0.24164885,
3722,5042.924356222153,-0.19782831,
3723,5044.321459054947,-0.05575298,
3724,5044.725751161575,-0.6701197,
3725,5046.6315705776215,-0.46903902,
3726,5048.054549455643,-0.7884856,
3727,5049.460099935532,-0.21129742,
3728,5050.821537017822,-0.18352237,
3729,5052.200167417526,-0.21763924,
3730,5053.585247039795,-0.07140155,
3731,5054.966345071793,-0.21266262,
3732,5056.363188743591,-0.10460343,
3733,5057.740799188614,-0.06628323,
3734,5059.097878694534,-0.042947166,
3735,5060.455116510391,-0.21259664,
3736,5061.8249316215515,-0.2155979,
3737,5063.203295946121,-0.29548103,
3738,5063.613619327545,-0.0,
3739,5065.556508779526,-0.11345933,
3740,5066.933386325836,-0.20509177,
3741,5068.2905740737915,-0.19604352,
3742,5069.657757282257,-0.17800969,
3743,5071.019087791443,-0.16212869,
3744,5072.400067567825,-0.34708536,
3745,5073.782145738602,-0.09300409,
3746,5075.14840221405,-0.29645047,
3747,5076.515933275223,-0.027901445,
3748,5077.898328781128,-0.35675275,
3749,5079.2749836444855,-0.62829316,
3750,5080.645172119141,-0.27377784,
3751,5082.01731133461,-0.24853955,
3752,5082.418963909149,-0.0,
3753,5084.36253619194,-0.13651936,
3754,5085.736923933029,-0.08112081,
3755,5087.093374252319,-0.20641422,
3756,5088.445599079132,-0.068177335,
3757,5089.808823823929,-0.14714125,
3758,5091.191088438034,-0.08350054,
3759,5092.55651307106,-0.12711662,
3760,5093.938445329666,-0.1632238,
3761,5095.307955026627,-0.19102095,
3762,5096.664185762405,-0.2958275,
3763,5098.018515110016,-0.23932575,
3764,5099.354862213135,-0.07109525,
3765,5100.691081762314,-0.1685002,
3766,5101.1055064201355,-0.0,
3767,5102.955187797546,-0.46445367,
3768,5104.281291484833,-0.5711903,
3769,5105.609986066818,-0.3163853,
3770,5106.948476552963,-1.1683118e-08,
3771,5108.258936882019,-0.15874076,
3772,5109.599361896515,-0.45904592,
3773,5110.933460712433,-0.54036945,
3774,5112.327636957169,-0.033026025,
3775,5113.708247423172,-0.02453902,
3776,5115.0830545425415,-0.30705565,
3777,5116.499949455261,-0.18195976,
3778,5117.918097019196,-0.23005803,
3779,5119.312130451202,-0.0005584005,
3780,5119.721415758133,-0.0,
3781,5121.627212524414,-0.1349599,
3782,5123.043047904968,-0.0502595,
3783,5124.461193084717,-0.20429957,
3784,5125.78108048439,-0.20682493,
3785,5127.098967552185,-0.15717179,
3786,5128.400316238403,-0.023603747,
3787,5129.689203977585,-0.30526447,
3788,5130.9740216732025,-0.12342054,
3789,5132.2436101436615,-0.0890209,
3790,5133.535639286041,-0.35984057,
3791,5134.832362413406,-0.11019707,
3792,5136.120922327042,-0.09593254,
3793,5137.396050930023,-0.15250468,
3794,5137.773153305054,-0.0,
3795,5139.602417469025,-0.102556236,
3796,5140.892622232437,-0.2182605,
3797,5142.197813510895,-0.11744242,
3798,5143.504073858261,-0.08629905,
3799,5144.795702695847,-0.22549413,
3800,5147.263869762421,-0.01541103,
3801,5148.562629699707,-0.23550111,
3802,5149.864145994186,-0.31355295,
3803,5151.164860248566,-0.095338926,
3804,5152.446710824966,-0.22789627,
3805,5153.744735002518,-0.13011007,
3806,5155.023450374603,-0.22352943,
3807,5156.299388885498,-0.19734813,
3808,5156.681139230728,-0.0,
3809,5158.462337255478,-0.17514353,
3810,5159.753308296204,-0.15463771,
3811,5161.033506631851,-0.1580057,
3812,5162.33638882637,-0.19062799,
3813,5163.620320796967,-0.28059733,
3814,5164.904428243637,-0.31025755,
3815,5166.1928424835205,-0.2044013,
3816,5167.4982624053955,-0.14014086,
3817,5168.788778781891,-0.01699205,
3818,5170.08762550354,-0.40519795,
3819,5171.394011259079,-0.084681496,
3820,5172.687223911285,-0.085355915,
3821,5173.969983100891,-0.2866141,
3822,5174.349403381348,-0.0,
3823,5176.123267173767,-0.1825427,
3824,5177.410296678543,-0.042211615,
3825,5178.710184812546,-0.28668186,
3826,5179.996007442474,-0.22259498,
3827,5181.274871587753,-0.20954007,
3828,5182.553086042404,-0.19484769,
3829,5183.8471512794495,-0.15108535,
3830,5185.133022785187,-0.0605255,
3831,5186.413767337799,-0.74360156,
3832,5187.688272476196,-0.047960766,
3833,5188.977488517761,-0.12708957,
3834,5190.262349128723,-0.07034669,
3835,5191.538699626923,-0.0736192,
3836,5191.918692827225,-0.0,
3837,5193.714566707611,-0.042488176,
3838,5195.001457929611,-0.18201533,
3839,5196.287862300873,-0.22219339,
3840,5197.580935716629,-0.034711275,
3841,5198.85992026329,-0.18128657,
3842,5200.16091966629,-0.13614544,
3843,5201.453963518143,-0.16419196,
3844,5202.74578166008,-0.5971824,
3845,5204.045369386673,-0.10814868,
3846,5205.330851316452,-0.1446381,
3847,5206.6311202049255,-0.0451428,
3848,5207.914381742477,-0.20338424,
3849,5209.20583987236,-0.05594822,
3850,5209.581026315689,-0.0,
3851,5211.389894247055,-0.09619643,
3852,5212.675214767456,-0.0,
3853,5213.960838794708,-0.08502009,
3854,5215.259283065796,-0.09569031,
3855,5216.541278123856,-0.0112723345,
3856,5217.824283361435,-0.061344467,
3857,5219.128306150436,-0.07910605,
3858,5220.430685758591,-0.3310746,
3859,5221.725928068161,-0.012403878,
3860,5223.005663871765,-0.2319834,
3861,5224.295941114426,-0.11179063,
3862,5225.5723531246185,-0.069165,
3863,5226.870769262314,-0.23717685,
3864,5227.242352962494,-0.0,
3865,5229.000221729279,-0.05482319,
3866,5230.28928899765,-0.29178512,
3867,5231.578362703323,-0.07485475,
3868,5232.858462572098,-0.09958025,
3869,5234.137191057205,-0.18674374,
3870,5235.424915552139,-0.009503899,
3871,5236.717152357101,-0.08776437,
3872,5238.009051084518,-0.1747056,
3873,5239.296005964279,-0.064277716,
3874,5240.580213308334,-0.20824222,
3875,5241.872136831284,-0.086465895,
3876,5243.159343004227,-0.029992357,
3877,5244.461736679077,-0.2724298,
3878,5244.849748373032,-1.0294971,
3879,5246.623852968216,-0.30163836,
3880,5247.930827856064,-0.044748485,
3881,5249.207377910614,-0.19855945,
3882,5250.500760793686,-0.28488284,
3883,5251.769812583923,-0.018299917,
3884,5253.058950424194,-0.08449678,
3885,5254.360561609268,-0.012744995,
3886,5255.668055534363,-0.19389518,
3887,5256.95222902298,-0.0033918219,
3888,5258.254105567932,-0.18864484,
3889,5259.551674365997,-0.6457929,
3890,5260.852471113205,-0.06310324,
3891,5262.156224489212,-0.20206738,
3892,5262.538954734802,-0.0,
3893,5264.352140903473,-0.12106878,
3894,5265.652388095856,-0.05489979,
3895,5266.963551282883,-0.08787969,
3896,5268.2503209114075,-0.019604493,
3897,5269.540034294128,-0.12742913,
3898,5270.815725326538,-0.058347676,
3899,5272.1020357608795,-0.005931301,
3900,5274.723044872284,-0.3618227,
3901,5276.010698318481,-0.024468968,
3902,5277.307745695114,-0.011172907,
3903,5278.612262964249,-0.15344507,
3904,5279.907203674316,-0.1972466,
3905,5281.194319725037,-0.22449788,
3906,5281.57347202301,-0.0,
3907,5283.360068321228,-0.11353773,
3908,5284.645538330078,-0.010080535,
3909,5285.922962665558,-0.040574092,
3910,5287.201123476028,-0.2700032,
3911,5288.486117362976,-0.084066674,
3912,5289.786550760269,-0.0128851235,
3913,5291.075309991837,-0.033917125,
3914,5292.372220039368,-0.15542807,
3915,5293.686494112015,-0.29419392,
3916,5294.974833250046,-0.17668177,
3917,5296.2750923633575,-0.22185116,
3918,5297.569734811783,-0.2687265,
3919,5298.865270614624,-0.12053947,
3920,5299.250014305115,-0.0,
3921,5301.082460165024,-0.06886323,
3922,5302.385111808777,-0.17558365,
3923,5303.676055431366,-0.07300176,
3924,5304.9895923137665,-0.12163482,
3925,5306.40661406517,-0.050530653,
3926,5307.736983060837,-0.16083927,
3927,5309.031997680664,-0.037452944,
3928,5310.342696428299,-0.09602636,
3929,5311.658475160599,-0.030051345,
3930,5312.958431959152,-0.23591304,
3931,5314.280723333359,-0.091476984,
3932,5315.60423541069,-0.04840993,
3933,5316.900709629059,-0.24975392,
3934,5317.284507036209,-0.0,
3935,5319.120452880859,-0.030081775,
3936,5320.412971496582,-0.051164906,
3937,5321.695990085602,-0.013314345,
3938,5322.993124008179,-0.067943096,
3939,5324.277339458466,-0.08433452,
3940,5325.574450016022,-0.079233214,
3941,5326.863993644714,-0.013360845,
3942,5328.175753831863,-0.045566697,
3943,5329.464736461639,-0.24439928,
3944,5330.760502099991,-0.36324722,
3945,5332.059426546097,-0.0,
3946,5333.360310792923,-0.40256065,
3947,5334.658004045486,-0.20249735,
3948,5335.040335178375,-0.0,
3949,5336.812104463577,-0.002655458,
3950,5338.109091758728,-0.23088732,
3951,5339.401350021362,-0.058491327,
3952,5340.681128025055,-0.10919607,
3953,5341.964547872543,-0.14482817,
3954,5343.259534358978,-0.14189558,
3955,5344.558076143265,-0.17885348,
3956,5345.848953485489,-0.5472292,
3957,5347.129163503647,-0.107590824,
3958,5348.410355091095,-0.11957097,
3959,5349.697664260864,-0.12421462,
3960,5351.008738994598,-0.056059267,
3961,5352.296382427216,-0.2732078,
3962,5352.670917272568,-0.0,
3963,5354.436986207962,-0.095888734,
3964,5355.727972984314,-0.103370726,
3965,5357.023822069168,-0.17090997,
3966,5358.333273649216,-0.09184724,
3967,5359.622983932495,-0.14187478,
3968,5360.91919875145,-0.2826092,
3969,5362.209520816803,-0.067524135,
3970,5363.5009689331055,-0.04543216,
3971,5364.787423372269,-0.09534014,
3972,5366.074827671051,-0.090157464,
3973,5367.356461048126,-0.23895954,
3974,5368.646839618683,-0.060882784,
3975,5369.935329437256,-0.14897442,
3976,5370.318781137466,-0.0,
3977,5372.105502128601,-0.11154399,
3978,5373.397138834,-0.1655593,
3979,5374.696629285812,-0.13105056,
3980,5376.014487981796,-0.35813287,
3981,5377.328217744827,-0.11608733,
3982,5378.65852689743,-0.18226793,
3983,5379.964869022369,-0.1420673,
3984,5381.251631498337,-0.0626773,
3985,5382.54886507988,-0.07730127,
3986,5383.839693784714,-0.32262707,
3987,5385.124105453491,-0.11997649,
3988,5386.419907808304,-0.34422725,
3989,5387.7103972435,-0.13445757,
3990,5388.091620206833,-0.0,
3991,5389.911689996719,-0.009260773,
3992,5391.204794168472,-0.006456343,
3993,5392.49923491478,-0.12237804,
3994,5393.798109292984,-0.02038472,
3995,5395.087890863419,-0.17532212,
3996,5396.378410816193,-0.19489384,
3997,5397.673881292343,-0.17141166,
3998,5398.983018159866,-0.24738783,
3999,5400.262388706207,-0.10951945,
4000,5402.721649646759,-0.11938046,
4001,5404.0173234939575,-0.039191417,
4002,5405.291843652725,-0.06695059,
4003,5406.570472478867,-0.15522249,
4004,5406.945574998856,-0.0,
4005,5408.763605117798,-0.052185792,
4006,5410.051585674286,-0.14550011,
4007,5411.334990024567,-0.10942714,
4008,5412.627775192261,-0.020470392,
4009,5413.911385774612,-0.07170937,
4010,5415.1932871341705,-0.06560935,
4011,5416.486221790314,-0.17342831,
4012,5417.779371500015,-0.45722297,
4013,5419.097255706787,-0.04145983,
4014,5420.376580238342,-0.08414314,
4015,5421.668625831604,-0.17053355,
4016,5422.945616722107,-0.35390195,
4017,5424.228725194931,-0.0010784098,
4018,5424.6064302921295,-0.0,
4019,5426.395943641663,-0.094510555,
4020,5427.693271160126,-0.022619778,
4021,5428.990966081619,-0.32213473,
4022,5430.294536352158,-0.05186926,
4023,5431.591352701187,-0.27589673,
4024,5432.868980884552,-0.08403059,
4025,5434.153602361679,-0.12636825,
4026,5435.470282316208,-0.0,
4027,5436.7457320690155,-0.039982427,
4028,5438.02742266655,-0.45106113,
4029,5439.307549953461,-0.063485995,
4030,5440.594208240509,-0.15558098,
4031,5441.888338804245,-0.18334138,
4032,5442.266976594925,-0.0,
4033,5444.03652715683,-0.10075653,
4034,5445.336084365845,-0.1474781,
4035,5446.624741792679,-0.0915288,
4036,5447.910379648209,-0.025107585,
4037,5449.192480802536,-0.22786754,
4038,5450.466346502304,-0.080572166,
4039,5451.769201517105,-0.10768679,
4040,5453.05607008934,-0.029029295,
4041,5454.338198184967,-0.21101569,
4042,5455.618582248688,-0.26612365,
4043,5456.915054321289,-0.036333725,
4044,5458.205662250519,-0.019123744,
4045,5459.489117860794,-0.16879599,
4046,5459.865662574768,-0.0,
4047,5461.68887257576,-0.3659159,
4048,5462.995428562164,-0.07264531,
4049,5464.293327093124,-0.067005575,
4050,5465.595547437668,-0.0,
4051,5466.895411729813,-0.1909501,
4052,5468.188271760941,-0.0058762156,
4053,5469.487920761108,-0.062031984,
4054,5470.780869483948,-0.036531612,
4055,5472.065309762955,-0.106884,
4056,5473.357622861862,-0.020721873,
4057,5474.660748004913,-0.16820857,
4058,5475.940413236618,-0.18526566,
4059,5477.238599777222,-0.09259184,
4060,5477.615175008774,-0.0,
4061,5479.400243282318,-0.19335201,
4062,5480.691571474075,-0.06572211,
4063,5481.9831783771515,-0.12304199,
4064,5483.276423454285,-0.13378288,
4065,5484.5540935993195,-0.0,
4066,5485.850956439972,-0.09436234,
4067,5487.1407878398895,-0.0762171,
4068,5488.443977832794,-0.068740845,
4069,5489.74654340744,-0.38952786,
4070,5491.046622276306,-0.047953054,
4071,5492.34299826622,-0.17138249,
4072,5493.631898641586,-0.17267177,
4073,5494.927792072296,-0.040028423,
4074,5495.315196990967,-0.0,
4075,5497.127804994583,-0.06059284,
4076,5498.426020145416,-0.1570763,
4077,5499.720505237579,-0.103398606,
4078,5501.024719953537,-0.28790873,
4079,5502.306384563446,-0.10793439,
4080,5503.600390195847,-3.9445797e-05,
4081,5504.896153211594,-0.17519641,
4082,5506.193516969681,-0.086818255,
4083,5507.494683742523,-0.04599976,
4084,5508.79788684845,-0.19034508,
4085,5510.091886043549,-0.14327092,
4086,5511.390080690384,-0.032577664,
4087,5512.690214395523,-0.0586823,
4088,5513.072620391846,-0.0,
4089,5514.88586306572,-2.3785772e-06,
4090,5516.178389072418,-0.4279703,
4091,5517.455516338348,-0.12388146,
4092,5518.756022930145,-0.11370286,
4093,5520.048527479172,-0.24318898,
4094,5521.334746360779,-0.15746616,
4095,5522.6401443481445,-0.033424955,
4096,5523.942583560944,-0.21938977,
4097,5525.240374803543,-0.23446238,
4098,5526.538826465607,-0.045177333,
4099,5527.838509559631,-0.040377237,
4100,5530.438052415848,-0.18255582,
4101,5531.7224361896515,-0.060835533,
4102,5532.1025631427765,-0.0,
4103,5533.904646873474,-0.010585684,
4104,5535.228005170822,-0.015887134,
4105,5536.538430452347,-0.37526917,
4106,5537.838546514511,-0.15031326,
4107,5539.1363530159,-0.18675232,
4108,5540.415479660034,-0.29607797,
4109,5541.703121185303,-0.18530856,
4110,5543.006620883942,-0.23549718,
4111,5544.30039525032,-0.23368804,
4112,5545.592790603638,-0.07179706,
4113,5546.894819498062,-0.067994215,
4114,5548.194882154465,-0.10324378,
4115,5549.495907306671,-0.04577093,
4116,5549.877204179764,-0.0,
4117,5551.701470851898,-0.15834984,
4118,5553.002902030945,-0.18241131,
4119,5554.311923742294,-0.15217516,
4120,5555.619969844818,-0.08077961,
4121,5556.912229537964,-0.15909451,
4122,5558.213321208954,-0.20396763,
4123,5559.515169143677,-0.33583188,
4124,5560.811656475067,-0.11787206,
4125,5562.111010789871,-0.21528049,
4126,5563.405993461609,-0.076214194,
4127,5564.712042808533,-0.038846377,
4128,5566.001015424728,-0.08700447,
4129,5567.280237197876,-0.18261397,
4130,5567.659218788147,-0.0,
4131,5569.468515872955,-0.10219446,
4132,5570.759597301483,-0.07491128,
4133,5572.083528518677,-0.03533282,
4134,5573.3771114349365,-0.09104249,
4135,5574.658535242081,-0.178916,
4136,5575.947873830795,-0.10056843,
4137,5577.251944303513,-0.31374407,
4138,5578.538117647171,-0.3252861,
4139,5579.839042663574,-0.052201916,
4140,5581.1715695858,-0.104614645,
4141,5582.4947509765625,-0.13747597,
4142,5583.822287321091,-0.25653717,
4143,5585.157121181488,-0.0934153,
4144,5585.555333375931,-0.0,
4145,5587.744545221329,-0.06324978,
4146,5589.071892499924,-0.01864086,
4147,5590.397352933884,-0.024327427,
4148,5591.711437702179,-0.17718367,
4149,5593.035989522934,-0.12438742,
4150,5594.369658946991,-0.015656013,
4151,5595.696981668472,-0.07842697,
4152,5597.031385183334,-0.05354541,
4153,5598.36602973938,-0.17343655,
4154,5599.702344417572,-0.2614659,
4155,5601.008843421936,-0.08147677,
4156,5602.29772233963,-0.21730986,
4157,5603.581140756607,-0.34320262,
4158,5603.967950582504,-0.5023394,
4159,5611.502935409546,-0.15242848,
4160,5612.799129247665,-0.13991481,
4161,5614.092303991318,-0.12013218,
4162,5615.383000135422,-0.18567972,
4163,5616.669824123383,-0.15260378,
4164,5617.9676558971405,-0.009343318,
4165,5619.264183759689,-0.12768155,
4166,5620.555054664612,-0.07878962,
4167,5621.859854459763,-0.13129294,
4168,5623.152229070663,-0.033249702,
4169,5624.451925039291,-0.17343268,
4170,5625.751042127609,-0.09676479,
4171,5627.039702415466,-0.09912786,
4172,5627.429299116135,-0.0,
4173,5629.267008781433,-1.3867155e-09,
4174,5630.60325884819,-0.1952272,
4175,5631.906601428986,-0.07424522,
4176,5633.195728778839,-0.03902432,
4177,5634.4857172966,-0.2789824,
4178,5635.780753135681,-0.14119083,
4179,5637.086041688919,-0.2143211,
4180,5638.39027261734,-0.0,
4181,5639.68486738205,-0.14762416,
4182,5640.985118865967,-0.023829076,
4183,5642.27271604538,-0.008978063,
4184,5643.564148902893,-0.20275451,
4185,5644.862284421921,-0.042159475,
4186,5645.249473810196,-0.0,
4187,5647.076338291168,-0.09569517,
4188,5648.3747844696045,-0.1207019,
4189,5649.677636384964,-0.27847886,
4190,5650.972408294678,-0.20835693,
4191,5652.264630794525,-0.64397687,
4192,5653.54979467392,-0.025552765,
4193,5654.839935541153,-0.063687965,
4194,5656.136781454086,-0.004095829,
4195,5657.445078611374,-0.23137224,
4196,5658.762993812561,-0.041304305,
4197,5660.069462060928,-0.035003077,
4198,5661.373364686966,-0.026150694,
4199,5662.679425239563,-0.11502428,
4200,5664.138031721115,-0.0,
4201,5681.699980020523,-0.14197597,
4202,5682.98148059845,-0.08050473,
4203,5684.276783943176,-0.040979434,
4204,5685.58208322525,-0.1289064,
4205,5686.864822387695,-0.10823371,
4206,5688.147752046585,-0.0701431,
4207,5689.44290971756,-0.033525195,
4208,5690.745305299759,-0.1668009,
4209,5692.029575824738,-0.25061953,
4210,5693.314347028732,-0.28571194,
4211,5694.6095495224,-0.45361093,
4212,5695.8956933021545,-0.14431052,
4213,5697.185100317001,-0.16474101,
4214,5697.561060667038,-0.45000646,
4215,5699.361853837967,-0.21277966,
4216,5700.649275779724,-0.029240882,
4217,5701.933388948441,-0.05887171,
4218,5703.214467525482,-0.048256986,
4219,5704.492311000824,-0.03503239,
4220,5705.769072532654,-0.050777014,
4221,5707.064876079559,-0.12288736,
4222,5708.356017827988,-0.342197,
4223,5709.648164987564,-0.23181483,
4224,5710.93369102478,-0.13524178,
4225,5712.243649959564,-0.21908742,
4226,5713.540598630905,-0.15972109,
4227,5714.822872161865,-0.019019097,
4228,5715.211308717728,-0.0,
4229,5716.987617969513,-0.20918733,
4230,5718.288868188858,-0.15330353,
4231,5719.592812299728,-0.21981731,
4232,5720.885714292526,-0.20134968,
4233,5722.1676869392395,-0.105206154,
4234,5723.452572822571,-0.09650023,
4235,5724.73988032341,-0.053072944,
4236,5726.047416210175,-0.17492728,
4237,5727.331097126007,-0.07588123,
4238,5728.6242434978485,-0.089587145,
4239,5729.910927772522,-0.022712143,
4240,5731.21049952507,-0.12742446,
4241,5732.4990355968475,-0.09295107,
4242,5732.875858306885,-0.0,
4243,5754.645284175873,-0.25826848,
4244,5755.930351257324,-0.09102734,
4245,5757.225607633591,-0.1613599,
4246,5758.506372213364,-0.16212048,
4247,5759.7796149253845,-0.04684632,
4248,5761.061169862747,-0.0,
4249,5762.353981256485,-0.09521735,
4250,5763.656324625015,-0.049198583,
4251,5764.942342042923,-0.26663396,
4252,5766.227221250534,-0.025980566,
4253,5767.524987220764,-0.069826126,
4254,5768.839148759842,-0.09676744,
4255,5770.1314351558685,-0.08469868,
4256,5770.510668754578,-0.0,
4257,5772.359074115753,-0.11081007,
4258,5773.644738435745,-0.18023464,
4259,5774.94274020195,-0.009032547,
4260,5776.232747554779,-0.20257539,
4261,5777.521022081375,-0.29081127,
4262,5778.806583881378,-0.02220455,
4263,5780.095268249512,-0.058956645,
4264,5781.391435623169,-0.0,
4265,5782.684950351715,-0.047896497,
4266,5783.9764752388,-0.52236664,
4267,5785.272788763046,-0.34130228,
4268,5786.574672222137,-0.18115272,
4269,5787.876447200775,-0.059634432,
4270,5788.260359048843,-0.0,
4271,5790.065148115158,-0.12949273,
4272,5791.355182170868,-0.13481146,
4273,5792.641676664352,-0.16010684,
4274,5793.9311373233795,-0.043240525,
4275,5795.226343631744,-0.17688897,
4276,5796.5500321388245,-0.1650241,
4277,5797.858792066574,-0.16434914,
4278,5799.172655820847,-0.10311198,
4279,5800.458737373352,-0.22484165,
4280,5801.764380455017,-0.07001207,
4281,5803.058375835419,-0.36029118,
4282,5804.3514268398285,-0.0634201,
4283,5805.668346405029,-0.0,
4284,5806.056987285614,-0.0,
4285,5807.841518163681,-0.12487613,
4286,5809.132123231888,-0.07428422,
4287,5810.427200078964,-0.0499749,
4288,5811.738404989243,-0.04213206,
4289,5813.027791023254,-0.1316757,
4290,5814.326706409454,-0.077786416,
4291,5815.6249458789825,-0.17581485,
4292,5816.927383899689,-0.096814424,
4293,5818.221680879593,-0.06890919,
4294,5819.52719783783,-0.2656919,
4295,5820.872461080551,-0.27918175,
4296,5822.19633603096,-0.22504929,
4297,5823.575058460236,-0.022382574,
4298,5823.97231221199,-0.0,
4299,5825.854193210602,-0.2708291,
4300,5828.5650000572205,-0.5178825,
4301,5829.854385137558,-0.19190481,
4302,5831.171801567078,-0.13129368,
4303,5832.457552909851,-0.022644982,
4304,5833.751690626144,-0.06417173,
4305,5835.05358338356,-0.03350328,
4306,5836.342445611954,-0.122240245,
4307,5837.617390632629,-0.01544668,
4308,5838.9043781757355,-0.078293204,
4309,5840.210481882095,-0.1951188,
4310,5841.497845411301,-0.06794409,
4311,5842.784018993378,-0.01680803,
4312,5843.172076702118,-0.0,
4313,5844.991550922394,-0.054816283,
4314,5846.334198474884,-0.08441378,
4315,5847.687443256378,-0.03018519,
4316,5849.031399011612,-0.090997286,
4317,5850.381456613541,-0.05089531,
4318,5851.733628988266,-0.0624919,
4319,5853.026362657547,-0.056782704,
4320,5854.317597389221,-0.13563158,
4321,5855.610176086426,-0.12461281,
4322,5856.898675918579,-0.09013325,
4323,5858.189502000809,-0.09359184,
4324,5859.467777013779,-0.103371434,
4325,5860.74670958519,-0.0,
4326,5861.12805724144,-0.0,
4327,5862.9373733997345,-0.058975227,
4328,5864.234302282333,-0.13788813,
4329,5865.527421474457,-0.11230473,
4330,5866.81122636795,-0.08174107,
4331,5868.106364488602,-0.19981782,
4332,5869.376618862152,-0.057337668,
4333,5870.666979789734,-0.028821172,
4334,5871.98384976387,-0.081868365,
4335,5873.33621263504,-0.045253437,
4336,5874.6968994140625,-0.07715482,
4337,5876.034021139145,-0.07768642,
4338,5877.360443115234,-0.08869794,
4339,5878.696003437042,-0.12789163,
4340,5879.0924615859985,-0.0,
4341,5881.0116267204285,-0.024060052,
4342,5882.332202196121,-0.13259548,
4343,5883.6306891441345,-0.16419959,
4344,5884.916919469833,-0.057308692,
4345,5886.199412345886,-0.16476619,
4346,5887.48587179184,-0.037903417,
4347,5888.81967997551,-0.06351116,
4348,5890.149866580963,-0.044101045,
4349,5891.467486619949,-0.006277366,
4350,5892.761180877686,-0.05602745,
4351,5894.045705318451,-0.09902215,
4352,5895.335938453674,-0.18352088,
4353,5896.615946531296,-0.02250863,
4354,5896.993909835815,-0.43449184,
4355,5898.761000871658,-0.05012913,
4356,5900.045160531998,-0.043863297,
4357,5901.324652433395,-0.19028288,
4358,5902.60493183136,-0.14085618,
4359,5903.884758472443,-0.020654013,
4360,5905.169607400894,-0.17883225,
4361,5906.47900724411,-0.037104834,
4362,5907.766718149185,-0.2921933,
4363,5909.059512138367,-0.20158967,
4364,5910.334243297577,-0.07669383,
4365,5911.616288423538,-0.06378715,
4366,5912.905230760574,-0.032336246,
4367,5914.190997362137,-0.09249136,
4368,5914.563882827759,-0.0,
4369,5916.388220071793,-0.05962123,
4370,5917.681242465973,-0.023138884,
4371,5918.972240924835,-0.077025205,
4372,5920.268430948257,-0.0869833,
4373,5921.577686786652,-0.2646881,
4374,5922.937359571457,-0.041039813,
4375,5924.266552209854,-0.019291013,
4376,5925.621429204941,-0.28571934,
4377,5926.96537399292,-0.060713004,
4378,5928.321357727051,-0.60772204,
4379,5929.624772787094,-0.21166772,
4380,5930.923808097839,-0.03832273,
4381,5932.242680549622,-0.023442341,
4382,5932.622315645218,-0.0,
4383,5934.3964512348175,-0.09332429,
4384,5935.675395488739,-0.054067843,
4385,5936.963402271271,-0.09232042,
4386,5938.27329325676,-0.17496127,
4387,5939.600318670273,-0.014420684,
4388,5940.893342256546,-0.11355282,
4389,5942.20747089386,-0.01689952,
4390,5943.536196231842,-0.22786814,
4391,5944.836850404739,-0.15244167,
4392,5946.164130926132,-0.13183734,
4393,5947.4903173446655,-0.031007804,
4394,5948.804358720779,-0.066991895,
4395,5950.098041772842,-0.2727546,
4396,5950.479816436768,-0.0,
4397,5952.29744887352,-0.04722885,
4398,5953.677832603455,-0.019464491,
4399,5955.010964632034,-0.12877613,
4400,5957.588854312897,-0.032180123,
4401,5958.877515792847,-0.1204094,
4402,5960.164584875107,-0.30499524,
4403,5961.460596084595,-0.0033142082,
4404,5962.743306159973,-0.0837244,
4405,5964.044261932373,-0.10562367,
4406,5965.3313245773315,-0.17723458,
4407,5966.619265317917,-0.107951544,
4408,5967.9058401584625,-0.11002787,
4409,5969.190666913986,-0.022768006,
4410,5969.569114208221,-0.0,
4411,5971.413706302643,-0.26360643,
4412,5972.698961496353,-0.1922998,
4413,5973.975977420807,-0.0462391,
4414,5975.269178390503,-0.008619962,
4415,5976.551250934601,-0.07824237,
4416,5977.82856297493,-0.037170067,
4417,5979.1144144535065,-0.06589488,
4418,5980.416216135025,-0.17347771,
4419,5981.70991230011,-0.20667538,
4420,5983.00235414505,-0.0,
4421,5984.29504442215,-0.047216874,
4422,5985.588255405426,-0.06099674,
4423,5986.874660730362,-0.049632814,
4424,5987.253727436066,-0.0,
4425,5989.017908573151,-0.169868,
4426,5990.306262254715,-0.023355782,
4427,5991.610232114792,-0.07279262,
4428,5992.891615390778,-0.079971634,
4429,5994.181136369705,-0.28796914,
4430,5995.475298881531,-0.134389,
4431,5996.770722389221,-0.0,
4432,5998.068662405014,-0.02236246,
4433,5999.370669364929,-0.028265793,
4434,6000.6704823970795,-0.26398882,
4435,6002.010665178299,-0.020623092,
4436,6003.369335174561,-0.00019796025,
4437,6004.678828954697,-0.20840131,
4438,6005.067789077759,-0.0,
4439,6006.903658390045,-0.07676706,
4440,6008.217982769012,-0.072853535,
4441,6009.506637573242,-0.1720132,
4442,6010.788392782211,-0.35156852,
4443,6012.076992988586,-0.058475196,
4444,6013.366235494614,-0.22767162,
4445,6014.663302898407,-0.02631712,
4446,6015.959851980209,-0.061195333,
4447,6017.259089231491,-0.3367399,
4448,6018.5658411979675,-0.53648496,
4449,6019.865739583969,-0.13057308,
4450,6021.1559801101685,-0.20273393,
4451,6022.4317507743835,-0.15408014,
4452,6022.8168432712555,-0.0,
4453,6024.60085272789,-0.032234374,
4454,6025.881651878357,-0.17737277,
4455,6027.175925016403,-0.042965133,
4456,6028.468386173248,-0.3264885,
4457,6029.788961648941,-0.09486623,
4458,6031.077836036682,-0.0,
4459,6032.375678062439,-0.15513374,
4460,6033.6908547878265,-0.068638444,
4461,6035.03456568718,-0.10487597,
4462,6036.3643934726715,-0.08397205,
4463,6037.665841579437,-1.0822673,
4464,6038.961663007736,-0.012263327,
4465,6040.26980304718,-0.31328362,
4466,6040.665723562241,-0.0,
4467,6042.491993904114,-0.0975565,
4468,6043.783406257629,-0.10105938,
4469,6045.140811920166,-0.075738326,
4470,6046.439907312393,-0.09199241,
4471,6047.7389550209045,-0.39753777,
4472,6049.030103683472,-0.28560287,
4473,6050.3176612854,-0.24992844,
4474,6051.638190984726,-0.0,
4475,6052.930912733078,-0.09141572,
4476,6054.233608722687,-0.41375735,
4477,6055.536463499069,-0.010390323,
4478,6056.846402168274,-0.35835323,
4479,6058.138427495956,-0.092153385,
4480,6058.5160229206085,-0.0,
4481,6060.382539510727,-0.04716519,
4482,6061.72259926796,-0.1271498,
4483,6063.058011770248,-0.08947036,
4484,6064.371045351028,-0.17023347,
4485,6065.6890370845795,-0.14272681,
4486,6067.030363559723,-0.24883276,
4487,6068.3238208293915,-6.710591e-06,
4488,6069.62978053093,-0.49392286,
4489,6070.917209386826,-0.08777386,
4490,6072.211857557297,-0.0012187149,
4491,6073.5062346458435,-0.06532907,
4492,6074.798319339752,-0.05903752,
4493,6076.085910797119,-0.17363387,
4494,6076.468595027924,-0.0,
4495,6078.262534856796,-0.04362127,
4496,6079.551054477692,-0.015034522,
4497,6080.83362030983,-0.081714265,
4498,6082.128866672516,-0.1286341,
4499,6083.422450304031,-0.007937463,
4500,6085.980758190155,-0.10202952,
4501,6087.270003795624,-0.11537142,
4502,6088.5877022743225,-0.10323962,
4503,6089.886088848114,-0.045703154,
4504,6091.188630104065,-0.21837458,
4505,6092.480420589447,-0.033819623,
4506,6093.778063774109,-0.112888776,
4507,6095.078021287918,-0.08568346,
4508,6095.47248673439,-0.0,
4509,6097.338181257248,-0.11918843,
4510,6098.631900548935,-0.025611961,
4511,6099.915945291519,-0.1255568,
4512,6101.205401659012,-0.038398936,
4513,6102.491642475128,-0.14441648,
4514,6103.772767543793,-0.12927401,
4515,6105.063115596771,-0.10184274,
4516,6106.3512279987335,-0.0,
4517,6107.635452508926,-0.3981527,
4518,6108.913538455963,-0.10012359,
4519,6110.208637952805,-0.09850423,
4520,6111.529526233673,-0.17303981,
4521,6112.852137565613,-0.044509277,
4522,6113.24273109436,-0.0,
4523,6115.029197692871,-0.24835382,
4524,6116.326136112213,-0.07116218,
4525,6117.623859167099,-0.020394336,
4526,6118.927200078964,-0.12896155,
4527,6120.219901800156,-0.0352433,
4528,6121.500168323517,-0.0738192,
4529,6122.807857275009,-0.32811898,
4530,6124.10804438591,-0.100058235,
4531,6125.41250538826,-0.37888494,
4532,6126.711025238037,-0.2873096,
4533,6128.013884782791,-0.04495912,
4534,6129.313308954239,-0.15784895,
4535,6130.595273971558,-0.06619631,
4536,6130.984127521515,-0.0,
4537,6132.768612861633,-0.042791065,
4538,6134.053425550461,-0.09247175,
4539,6135.343631505966,-0.098013796,
4540,6136.637754678726,-0.050068606,
4541,6137.931292772293,-0.13261144,
4542,6139.208904504776,-0.117593996,
4543,6140.489859342575,-0.11498289,
4544,6141.799201250076,-0.016576191,
4545,6143.08197927475,-0.22237676,
4546,6144.387944459915,-0.24837421,
4547,6145.687627077103,-0.00846064,
4548,6146.977169752121,-0.080720305,
4549,6148.266418933868,-0.10991687,
4550,6148.665736198425,-0.0,
4551,6150.54385137558,-0.042556893,
4552,6151.842389345169,-0.008415137,
4553,6153.143450498581,-0.1779069,
4554,6154.441411972046,-0.19818166,
4555,6155.730677127838,-0.26164412,
4556,6157.0071449279785,-0.11249261,
4557,6158.300548553467,-0.18048453,
4558,6159.588697433472,-0.03471461,
4559,6160.870833873749,-0.101033494,
4560,6162.1612684726715,-0.75742614,
4561,6163.465697526932,-0.014414849,
4562,6164.772969484329,-0.153772,
4563,6166.050708293915,-0.109383,
4564,6166.438016176224,-0.0,
4565,6168.272830724716,-0.07886295,
4566,6169.580492258072,-0.007679783,
4567,6170.876978397369,-0.5750369,
4568,6172.185787439346,-0.04387402,
4569,6173.5131912231445,-2.4556963e-09,
4570,6174.8454303741455,-0.067288294,
4571,6176.256503582001,-0.09628524,
4572,6177.580869436264,-0.30654705,
4573,6178.908517837524,-0.07515083,
4574,6180.20803976059,-0.11260605,
4575,6181.511251449585,-0.26579225,
4576,6182.8097269535065,-0.03294573,
4577,6184.117850065231,-0.28030252,
4578,6184.5117247104645,-0.0,
4579,6186.3385009765625,-0.110451356,
4580,6187.627673864365,-0.25441992,
4581,6188.927149057388,-0.15495431,
4582,6190.225033044815,-0.14224064,
4583,6191.524206638336,-0.19044359,
4584,6192.808898448944,-0.49777108,
4585,6194.12754034996,-0.050497178,
4586,6195.439752101898,-0.5053586,
4587,6196.7580280303955,-0.060011536,
4588,6198.0797753334045,-0.4526645,
4589,6199.437967777252,-0.006766923,
4590,6200.803819656372,-0.05457762,
4591,6202.211635828018,-0.20836774,
4592,6202.622656345367,-0.0,
4593,6204.577827215195,-0.016179428,
4594,6205.934623241425,-0.1896829,
4595,6207.261868953705,-0.24543144,
4596,6208.59593296051,-0.07741162,
4597,6209.913191795349,-0.10844657,
4598,6211.228602647781,-0.22964317,
4599,6212.52596616745,-0.0793664,
4600,6215.072621822357,-0.20466974,
4601,6216.392999887466,-0.22466561,
4602,6217.715578079224,-0.2491104,
4603,6219.045053720474,-0.21254493,
4604,6220.369147777557,-0.6422699,
4605,6221.692527770996,-0.2250556,
4606,6222.084506988525,-0.0,
4607,6223.915949821472,-0.12586257,
4608,6225.2388117313385,-0.0,
4609,6226.538982629776,-0.161805,
4610,6227.851122140884,-0.04599861,
4611,6229.172382116318,-0.16425484,
4612,6230.5196051597595,-0.012984407,
4613,6231.918957710266,-0.049060103,
4614,6233.378303050995,-0.022823025,
4615,6234.832976818085,-0.0042770365,
4616,6236.2299790382385,-0.098595515,
4617,6237.646270751953,-0.1619141,
4618,6238.978380441666,-0.016251339,
4619,6240.298028707504,-0.11347306,
4620,6240.686524391174,-0.0,
4621,6242.533194303513,-0.06868507,
4622,6243.836610794067,-0.13843125,
4623,6245.127723693848,-0.18544424,
4624,6246.429313182831,-0.07966984,
4625,6247.731898546219,-0.06511265,
4626,6249.057977199554,-0.08504757,
4627,6250.3882122039795,-0.041005127,
4628,6251.705799818039,-0.12175773,
4629,6253.000267505646,-0.06864303,
4630,6254.303042650223,-0.027235512,
4631,6255.600415229797,-0.11755301,
4632,6256.8949291706085,-0.08010056,
4633,6258.210255861282,-0.21333766,
4634,6258.60293006897,-0.44365314,
4635,6260.498784780502,-0.050203875,
4636,6261.8263165950775,-0.10151157,
4637,6263.116335868835,-0.019347634,
4638,6264.419510602951,-0.0789375,
4639,6265.716820478439,-0.2212506,
4640,6267.010816812515,-0.038113963,
4641,6268.300077915192,-0.13143837,
4642,6269.585847616196,-0.04808005,
4643,6270.855817317963,-0.018614063,
4644,6272.142636537552,-0.14571391,
4645,6273.433244943619,-0.24400176,
4646,6274.710834026337,-0.1231178,
4647,6275.9922161102295,-0.10452433,
4648,6276.367064714432,-0.0,
4649,6278.152277469635,-0.10718916,
4650,6279.43110370636,-0.35680786,
4651,6280.719322919846,-0.26082352,
4652,6282.017018079758,-0.0026302312,
4653,6283.315824270248,-0.030798241,
4654,6284.605938196182,-0.01506256,
4655,6285.912181854248,-0.0,
4656,6287.217319250107,-0.07372183,
4657,6288.582131147385,-0.14545985,
4658,6289.9247307777405,-0.12827037,
4659,6291.246943235397,-0.13650426,
4660,6292.571259021759,-0.2566715,
4661,6293.877797842026,-0.030730752,
4662,6294.261658191681,-0.0,
4663,6296.070158958435,-0.09390241,
4664,6297.379230499268,-0.015904391,
4665,6298.668056726456,-0.038422484,
4666,6299.961796998978,-0.025001217,
4667,6301.250612258911,-0.108374715,
4668,6302.547629594803,-0.10024135,
4669,6303.849540948868,-0.2933945,
4670,6305.151399374008,-0.061270826,
4671,6306.451436519623,-0.0706213,
4672,6307.741595506668,-0.22803138,
4673,6309.020453453064,-0.03323843,
4674,6310.306175231934,-0.15417174,
4675,6311.597537517548,-0.168569,
4676,6311.976306676865,-0.0,
4677,6313.786272764206,-0.061216682,
4678,6315.082852363586,-0.050216943,
4679,6316.409009695053,-0.07837652,
4680,6317.744117975235,-0.06613853,
4681,6319.08056974411,-0.06914331,
4682,6320.428954601288,-0.01731907,
4683,6321.77067732811,-1.7238287e-06,
4684,6323.085008859634,-0.029996632,
4685,6324.415327310562,-0.0,
4686,6325.749682188034,-0.064811066,
4687,6327.044882059097,-0.0142873945,
4688,6328.34592962265,-0.15533105,
4689,6329.658763885498,-0.033245664,
4690,6330.061817407608,-0.0,
4691,6331.885217189789,-0.08355053,
4692,6333.16802072525,-0.07929659,
4693,6334.45640540123,-0.17287841,
4694,6335.746638536453,-0.107426316,
4695,6337.030125617981,-0.17724542,
4696,6338.310760498047,-0.07075393,
4697,6339.60414981842,-0.11571263,
4698,6340.906301498413,-0.0,
4699,6342.202959060669,-0.037174452,
4700,6344.724002599716,-0.09127869,
4701,6346.0444140434265,-0.06954862,
4702,6347.37881231308,-0.03502664,
4703,6348.691141366959,-0.0,
4704,6349.071823596954,-0.0059772115,
4705,6350.918313503265,-0.044206638,
4706,6352.21031332016,-0.04347691,
4707,6353.492039442062,-0.16124831,
4708,6354.783802986145,-4.8459003e-10,
4709,6356.055603504181,-0.24667725,
4710,6357.346757411957,-0.17670529,
4711,6358.643716335297,-0.042461164,
4712,6359.9273335933685,-0.14430769,
4713,6361.212002515793,-0.1793749,
4714,6362.495565414429,-0.113769345,
4715,6363.789174795151,-0.35337868,
4716,6365.0738434791565,-0.1324048,
4717,6366.3860075473785,-0.12514034,
4718,6366.780943870544,-0.0,
4719,6368.649437189102,-0.07670801,
4720,6369.943507194519,-0.069810174,
4721,6371.255188703537,-0.27848727,
4722,6372.566643238068,-0.11008184,
4723,6373.852938890457,-0.2283905,
4724,6375.1613228321075,-0.08064201,
4725,6376.4709594249725,-0.23085198,
4726,6377.804056406021,-0.33658832,
4727,6379.110651731491,-0.18732853,
4728,6380.429232597351,-0.051660787,
4729,6381.777614831924,-0.08901788,
4730,6383.103090047836,-0.19072169,
4731,6384.410059928894,-0.03688391,
4732,6384.805941820145,-0.0,
4733,6386.658517360687,-0.019579422,
4734,6387.945870399475,-0.0812388,
4735,6389.2358820438385,-0.0061683236,
4736,6390.5187356472015,-0.12928762,
4737,6391.803266763687,-0.032527443,
4738,6393.08438205719,-0.03993934,
4739,6394.379767179489,-0.16609736,
4740,6395.674073457718,-0.0728104,
4741,6396.966018199921,-0.085374415,
4742,6398.255176067352,-0.300199,
4743,6399.532149553299,-0.12018448,
4744,6400.813083410263,-0.05436392,
4745,6402.096200704575,-0.096461646,
4746,6402.474339723587,-0.0,
4747,6404.319617271423,-0.13406886,
4748,6405.627237796783,-0.177576,
4749,6406.922950029373,-0.18283314,
4750,6408.241331338882,-0.089974515,
4751,6409.52520275116,-0.18488172,
4752,6410.805600404739,-0.20719445,
4753,6412.125415325165,-0.046380393,
4754,6413.424943447113,-0.059359193,
4755,6414.711306095123,-0.0794722,
4756,6415.999722242355,-0.5711093,
4757,6417.285328626633,-0.13197486,
4758,6418.579436302185,-0.02075696,
4759,6419.887536048889,-0.23207818,
4760,6420.271995544434,-0.0,
4761,6422.11342549324,-0.02967734,
4762,6423.4241445064545,-0.06321736,
4763,6424.727139949799,-0.10581529,
4764,6426.040471076965,-0.07293684,
4765,6427.339602231979,-0.013051128,
4766,6428.640923500061,-0.3656034,
4767,6429.939616203308,-0.18428473,
4768,6431.244819402695,-0.17087436,
4769,6432.522190570831,-0.11238702,
4770,6433.80920791626,-0.0052825427,
4771,6435.121659755707,-0.009243486,
4772,6436.4110019207,-0.018803036,
4773,6437.724115371704,-0.05386512,
4774,6438.1051523685455,-0.0,
4775,6439.94805765152,-0.01939514,
4776,6441.245647907257,-0.20335911,
4777,6442.552375078201,-0.11450826,
4778,6443.8428819179535,-0.081192836,
4779,6445.140988111496,-0.024564143,
4780,6446.421438217163,-0.16294484,
4781,6447.739465713501,-0.105980635,
4782,6449.0874609947205,-0.15216422,
4783,6450.394284248352,-0.12521097,
4784,6451.700288057327,-0.26900607,
4785,6453.001492977142,-0.08538358,
4786,6454.299684524536,-0.11867136,
4787,6455.5982093811035,-0.018136667,
4788,6455.98881983757,-0.0,
4789,6457.825516700745,-0.036403336,
4790,6459.137749671936,-0.13079068,
4791,6460.425415277481,-0.079516456,
4792,6461.712476015091,-0.054544874,
4793,6463.00131893158,-0.4629958,
4794,6464.290021181107,-0.21293533,
4795,6465.5930716991425,-0.004639308,
4796,6466.882775068283,-0.041664314,
4797,6468.171746015549,-0.18077649,
4798,6469.456627368927,-0.09698539,
4799,6470.74523639679,-0.1810578,
4800,6473.255899429321,-0.06971702,
4801,6474.544427394867,-0.31771252,
4802,6474.928761720657,-0.0,
4803,6476.675357580185,-0.051909246,
4804,6477.956354856491,-0.06256738,
4805,6479.2341248989105,-0.22789904,
4806,6480.513372421265,-0.006003738,
4807,6481.855565071106,-0.06898919,
4808,6483.15331864357,-0.043412317,
4809,6484.466258049011,-0.059341647,
4810,6485.809012174606,-0.09406516,
4811,6487.182566165924,-0.14917082,
4812,6488.56313252449,-0.45127556,
4813,6489.9215965271,-0.0060624676,
4814,6491.279807329178,-0.23103903,
4815,6492.58087849617,-0.047405533,
4816,6492.970788478851,-0.0,
4817,6494.793431758881,-0.18943682,
4818,6496.154186248779,-0.13334216,
4819,6497.477813959122,-0.10869966,
4820,6498.805213689804,-0.13938844,
4821,6500.124641180038,-0.06361752,
4822,6501.439597129822,-0.008952624,
4823,6502.755113840103,-0.04120823,
4824,6504.079780578613,-0.047774773,
4825,6505.369322299957,-0.0,
4826,6506.664678096771,-0.1742568,
4827,6507.949030637741,-0.0736131,
4828,6509.242815494537,-0.0331655,
4829,6510.535853862762,-0.071392044,
4830,6510.914051055908,-0.0,
4831,6512.73857831955,-0.07687533,
4832,6514.042773246765,-0.020145975,
4833,6515.346164941788,-0.26323023,
4834,6516.670676469803,-0.12467549,
4835,6517.981734991074,-0.1149915,
4836,6519.26854968071,-0.1395756,
4837,6520.571839570999,-0.24323523,
4838,6521.888879060745,-0.07339613,
4839,6523.1886677742,-0.1056477,
4840,6524.480537414551,-0.22041985,
4841,6525.781671762466,-0.18576588,
4842,6527.072068452835,-0.01781724,
4843,6528.360223293304,-0.20483884,
4844,6528.733754396439,-0.0,
4845,6530.5482885837555,-0.00020785685,
4846,6531.842600822449,-0.057869926,
4847,6533.140671014786,-0.06872016,
4848,6534.450832605362,-0.223263,
4849,6535.746109247208,-0.065279886,
4850,6537.049751520157,-0.13583387,
4851,6538.339626550674,-0.14433363,
4852,6539.637855291367,-0.028044784,
4853,6540.9362161159515,-0.3211801,
4854,6542.231625556946,-0.025317693,
4855,6543.549730062485,-0.139968,
4856,6544.851390123367,-0.050833315,
4857,6546.161224365234,-0.12868086,
4858,6546.549862146378,-0.0,
4859,6548.386264324188,-0.19543445,
4860,6549.703577518463,-0.07280652,
4861,6551.011049032211,-0.13476668,
4862,6552.31822347641,-0.050984148,
4863,6553.601675987244,-0.09655413,
4864,6554.892622232437,-0.013161523,
4865,6556.197277545929,-0.2512341,
4866,6557.503179073334,-0.06936905,
4867,6558.789491176605,-0.07450926,
4868,6560.088134527206,-0.0488394,
4869,6561.393865585327,-0.13504317,
4870,6562.679800033569,-0.111496,
4871,6563.971113443375,-0.101635575,
4872,6564.353978872299,-0.65525275,
4873,6566.135980129242,-0.20909342,
4874,6567.435786485672,-0.29922795,
4875,6568.720230102539,-0.13569868,
4876,6570.0137639045715,-0.12545188,
4877,6571.313645362854,-0.2831866,
4878,6572.604483604431,-0.049661983,
4879,6573.902150154114,-0.013140686,
4880,6575.1963431835175,-0.38697946,
4881,6576.4850289821625,-0.078303926,
4882,6577.772212505341,-0.24053246,
4883,6579.072398424149,-0.09013435,
4884,6580.361088514328,-0.3197738,
4885,6581.652233362198,-0.13885544,
4886,6582.0284769535065,-0.0,
4887,6583.808901548386,-0.13207228,
4888,6585.096209764481,-0.0,
4889,6586.369223117828,-0.100512184,
4890,6587.651314258575,-0.0532273,
4891,6588.939653158188,-0.12085219,
4892,6590.215955257416,-0.05882275,
4893,6591.489416360855,-0.042015713,
4894,6592.779352903366,-0.37769055,
4895,6594.071403980255,-0.20250538,
4896,6595.3632843494415,-0.1606537,
4897,6596.672806978226,-0.059554555,
4898,6597.975048542023,-0.19372496,
4899,6599.283195257187,-0.20198551,
4900,6600.886850118637,-0.0,
4901,6602.771604299545,-0.1783587,
4902,6604.068933725357,-0.0122497,
4903,6605.35942363739,-0.09181469,
4904,6606.652006864548,-0.041448742,
4905,6607.943061351776,-0.14266257,
4906,6609.232327699661,-0.060841534,
4907,6610.532812595367,-0.0804587,
4908,6611.829507350922,-0.13201022,
4909,6613.109572172165,-0.106148615,
4910,6614.4130165576935,-0.0449778,
4911,6615.704960107803,-0.08597826,
4912,6616.993433475494,-0.22193277,
4913,6618.2765209674835,-0.14990501,
4914,6618.647070169449,-0.0,
4915,6620.476583003998,-0.10691851,
4916,6621.782215833664,-0.10549607,
4917,6623.080618858337,-0.042072345,
4918,6624.394182682037,-0.13627045,
4919,6625.708256244659,-0.02211696,
4920,6627.044340610504,-0.16490838,
4921,6628.35014796257,-0.135774,
4922,6629.691016197205,-0.18902202,
4923,6630.984036684036,-0.18378842,
4924,6632.2858510017395,-0.05448386,
4925,6633.576157808304,-0.09125292,
4926,6634.860748052597,-0.09491837,
4927,6636.146178245544,-0.044405527,
4928,6636.5232899188995,-0.0,
4929,6638.294625997543,-0.15279162,
4930,6639.580805778503,-0.045487937,
4931,6640.863562822342,-0.06475751,
4932,6642.14653134346,-0.11803366,
4933,6643.428476572037,-0.1587313,
4934,6644.714887857437,-0.0,
4935,6646.044607400894,-0.15134421,
4936,6647.355374574661,-0.11018075,
4937,6648.645280599594,-0.08096999,
4938,6649.9349410533905,-0.03251992,
4939,6651.241242170334,-0.108958185,
4940,6652.5212988853455,-0.0,
4941,6653.817018032074,-2.4034116e-10,
4942,6654.19829082489,-0.0,
4943,6656.031219005585,-0.093051314,
4944,6657.338625907898,-0.030475244,
4945,6658.623297452927,-0.117234536,
4946,6659.928655862808,-0.103351876,
4947,6661.218332767487,-0.03629523,
4948,6662.509204864502,-0.1278249,
4949,6663.80532169342,-0.07825486,
4950,6665.1048901081085,-0.02204421,
4951,6666.393303394318,-0.020071596,
4952,6667.705074310303,-0.26343185,
4953,6668.987996578217,-0.08295299,
4954,6670.284135818481,-0.020736318,
4955,6671.562914609909,-0.0019112106,
4956,6671.94141292572,-0.0,
4957,6673.754929304123,-0.045548696,
4958,6675.066595315933,-0.043697372,
4959,6676.371720790863,-0.06648382,
4960,6677.667123794556,-0.05750812,
4961,6678.9671421051025,-0.034225613,
4962,6680.266407251358,-0.02481525,
4963,6681.581644773483,-0.06734292,
4964,6682.887425899506,-0.12859166,
4965,6684.179747581482,-0.03544923,
4966,6685.480154752731,-0.02404092,
4967,6686.791866540909,-0.08332931,
4968,6688.105225086212,-0.090372615,
4969,6689.409306526184,-0.019441029,
4970,6689.786483764648,-0.0,
4971,6691.574589967728,-0.05483865,
4972,6692.874352693558,-0.12496281,
4973,6694.16695857048,-0.02975216,
4974,6695.441950798035,-0.033560675,
4975,6696.732933998108,-0.1003916,
4976,6698.0171320438385,-0.039763413,
4977,6699.3098702430725,-0.06254455,
4978,6700.60635137558,-0.15124774,
4979,6701.904701471329,-0.03402009,
4980,6703.201104402542,-0.053078927,
4981,6704.499250173569,-0.0,
4982,6705.788143157959,-0.010198632,
4983,6707.081458568573,-0.017954338,
4984,6707.469438076019,-0.0,
4985,6709.2731602191925,-0.08611481,
4986,6710.573508262634,-0.069328494,
4987,6711.855177164078,-0.2271392,
4988,6713.137883901596,-0.01837889,
4989,6714.41960310936,-0.09168967,
4990,6715.697017908096,-0.23033799,
4991,6716.980697393417,-0.08963812,
4992,6718.284857749939,-0.033067167,
4993,6719.561816930771,-0.0015344636,
4994,6720.8560090065,-0.0991673,
4995,6722.141228437424,-0.09111685,
4996,6723.411716222763,-0.16306497,
4997,6724.723277807236,-0.17532769,
4998,6725.103227853775,-0.0,
4999,6726.8956027030945,-0.2190501,
5000,6729.7276310920715,-0.06227612,
5001,6731.015401363373,-0.05906721,
5002,6732.312934398651,-0.32469505,
5003,6733.6019649505615,-0.021282082,
5004,6734.897824048996,-0.020878388,
5005,6736.182144641876,-0.17214905,
5006,6737.476091861725,-0.099065274,
5007,6738.769778013229,-0.13816257,
5008,6740.049937486649,-0.45511705,
5009,6741.342393159866,-0.20644271,
5010,6742.618046760559,-0.024719907,
5011,6743.901259660721,-0.010604518,
5012,6744.277651786804,-0.0,
5013,6746.066632270813,-0.02192607,
5014,6747.357023239136,-0.26979133,
5015,6748.638618707657,-0.21976471,
5016,6749.925841093063,-0.07621199,
5017,6751.208040714264,-0.13539365,
5018,6752.492525339127,-0.068099946,
5019,6753.785468578339,-0.009865058,
5020,6755.089292764664,-0.12721506,
5021,6756.3929533958435,-0.22834119,
5022,6757.692203760147,-0.16744977,
5023,6758.987317562103,-0.11518026,
5024,6760.285889387131,-0.014833508,
5025,6761.575280427933,-0.28727585,
5026,6761.9584748744965,-0.35828337,
5027,6763.770419597626,-0.0,
5028,6765.071541070938,-0.24817924,
5029,6766.3661777973175,-0.15832153,
5030,6767.658823251724,-0.03643128,
5031,6768.946091175079,-0.1247827,
5032,6770.236660480499,-0.13791516,
5033,6771.509707927704,-0.09300794,
5034,6772.8133199214935,-0.029457778,
5035,6774.088305950165,-0.068514526,
5036,6775.385551691055,-0.13839966,
5037,6776.674928188324,-0.16749577,
5038,6777.96594119072,-0.11005511,
5039,6779.275000095367,-0.18334123,
5040,6779.655443429947,-0.0,
5041,6781.5031645298,-0.23412493,
5042,6782.795488834381,-0.13375033,
5043,6784.086757659912,-0.11007902,
5044,6785.378134489059,-0.33242977,
5045,6786.6608979702,-0.04096955,
5046,6787.961605548859,-0.16732481,
5047,6789.261195659637,-0.23309429,
5048,6790.549676418304,-0.19250414,
5049,6791.836858510971,-0.18691999,
5050,6793.131345510483,-0.07357541,
5051,6794.422963619232,-0.32442248,
5052,6795.709356307983,-0.19636372,
5053,6796.996723413467,-0.022363039,
5054,6797.377678155899,-0.0,
5055,6799.180258274078,-0.054891024,
5056,6800.4806432724,-0.053476624,
5057,6801.770594596863,-0.15757568,
5058,6803.067711830139,-0.0,
5059,6804.364301204681,-0.03388605,
5060,6805.653964757919,-0.31448764,
5061,6806.947895050049,-0.031526163,
5062,6808.254296064377,-0.010539236,
5063,6809.555246353149,-0.04564684,
5064,6810.858508825302,-0.28001413,
5065,6812.1625328063965,-0.12822297,
5066,6813.470768690109,-0.3214525,
5067,6814.762041091919,-0.16883028,
5068,6815.136911869049,-0.0,
5069,6816.945003986359,-0.11505242,
5070,6818.247749328613,-0.083124995,
5071,6819.539703130722,-0.063485324,
5072,6820.840156793594,-0.0,
5073,6822.13374710083,-0.038253006,
5074,6823.4294538497925,-0.40436697,
5075,6824.726848363876,-0.020354385,
5076,6826.04603099823,-0.32156983,
5077,6827.336566448212,-0.09708399,
5078,6828.618935346603,-0.20362857,
5079,6829.922800540924,-0.0405214,
5080,6831.215926647186,-0.041618705,
5081,6832.527646303177,-0.28456688,
5082,6832.907515525818,-0.0,
5083,6834.709522724152,-0.119869485,
5084,6836.00665640831,-0.018865528,
5085,6837.309423208237,-0.076274976,
5086,6838.608708143234,-0.19727024,
5087,6839.900937080383,-0.027515054,
5088,6841.198778629303,-0.2130607,
5089,6842.500214576721,-0.25031424,
5090,6843.826375246048,-0.021112816,
5091,6845.1516144275665,-0.12972303,
5092,6846.454087972641,-0.1286164,
5093,6847.769779682159,-0.07769397,
5094,6849.0823974609375,-0.07163138,
5095,6850.392936229706,-0.017685143,
5096,6850.784090518951,-0.0,
5097,6852.586753845215,-0.05215037,
5098,6853.886169195175,-0.032410137,
5099,6855.1796679496765,-0.06970288,
5100,6857.695112705231,-0.010578293,
5101,6858.974684000015,-0.07373696,
5102,6860.267471790314,-0.2813465,
5103,6861.555548429489,-0.0,
5104,6862.845845460892,-0.0,
5105,6864.12829375267,-0.10475451,
5106,6865.429981946945,-0.099582374,
5107,6866.716074228287,-0.20155779,
5108,6868.008402347565,-0.061590657,
5109,6869.289613723755,-0.02008148,
5110,6869.671307086945,-0.0,
5111,6871.519761323929,-0.0,
5112,6872.834599971771,-0.045756184,
5113,6874.161735296249,-0.08019476,
5114,6875.495486974716,-0.03543468,
5115,6876.824379444122,-0.04111436,
5116,6878.1436285972595,-0.0790804,
5117,6879.438727855682,-0.012064555,
5118,6880.74338054657,-0.031167665,
5119,6882.0368938446045,-0.066219,
5120,6883.319796085358,-0.17687476,
5121,6884.621463298798,-0.34958917,
5122,6885.912802457809,-0.060628403,
5123,6887.191485643387,-0.028645217,
5124,6887.576376199722,-0.35861483,
5125,6889.36710691452,-0.05623722,
5126,6890.654463768005,-0.02149049,
5127,6891.944125413895,-0.015982121,
5128,6893.2360961437225,-0.02813482,
5129,6894.500400304794,-0.56160593,
5130,6895.784271478653,-0.04293448,
5131,6897.0751349925995,-0.033134997,
5132,6898.375825881958,-0.69132775,
5133,6899.667982339859,-0.08323418,
5134,6900.959226369858,-0.32913232,
5135,6902.299694061279,-0.29729357,
5136,6903.610638141632,-0.055135526,
5137,6905.033504009247,-0.057333663,
5138,6905.457928180695,-0.0,
5139,6907.321600675583,-0.033558965,
5140,6908.688728570938,-0.08314869,
5141,6910.006863117218,-0.08727535,
5142,6911.29083275795,-0.0160623,
5143,6912.579008817673,-0.14394909,
5144,6913.883814096451,-0.0021567233,
5145,6915.189115047455,-0.31997865,
5146,6916.485136270523,-0.17004457,
5147,6917.771084070206,-0.015918138,
5148,6919.055446386337,-0.05693825,
5149,6920.348533153534,-0.19615671,
5150,6921.640720367432,-0.0,
5151,6922.949932098389,-0.38237736,
5152,6923.340191364288,-0.0,
5153,6925.171124458313,-0.037141703,
5154,6926.478712081909,-0.055921383,
5155,6927.7704248428345,-0.2892393,
5156,6929.074148893356,-0.055094585,
5157,6930.374311447144,-0.27237433,
5158,6931.667008399963,-0.00095725537,
5159,6932.962986469269,-0.048234805,
5160,6934.2816298007965,-0.047379933,
5161,6935.605914592743,-0.20197955,
5162,6936.924828052521,-0.19855198,
5163,6938.242659807205,-0.07157474,
5164,6939.541660308838,-0.017821096,
5165,6940.834313869476,-0.10255671,
5166,6941.220725059509,-0.0,
5167,6943.029520988464,-0.03888279,
5168,6944.330411672592,-0.053297658,
5169,6945.640032052994,-0.13487586,
5170,6946.925280570984,-0.057986274,
5171,6948.2086679935455,-0.05733392,
5172,6949.493762016296,-0.06865255,
5173,6950.790288209915,-0.032831587,
5174,6952.082232475281,-0.12024061,
5175,6953.37074637413,-0.20440614,
5176,6954.671299934387,-0.21065277,
5177,6955.958000659943,-0.009763058,
5178,6957.271075725555,-0.15863451,
5179,6958.582784175873,-0.07823154,
5180,6958.970150947571,-0.0,
5181,6960.8022537231445,-0.025652274,
5182,6962.11426782608,-0.008240221,
5183,6963.422048807144,-0.02342569,
5184,6964.740391254425,-0.053038754,
5185,6966.047726392746,-0.03479857,
5186,6967.35915851593,-0.047553778,
5187,6968.685166835785,-0.07318305,
5188,6970.00054526329,-0.06815922,
5189,6971.300967931747,-0.11743061,
5190,6972.594347000122,-0.22690257,
5191,6973.893645524979,-0.30197674,
5192,6975.1742260456085,-0.020655904,
5193,6976.4742341041565,-0.1423308,
5194,6976.859900474548,-0.0,
5195,6978.651225328445,-0.033114508,
5196,6979.93479013443,-0.08630416,
5197,6981.223677158356,-0.1937282,
5198,6982.515993356705,-0.12342821,
5199,6983.818689584732,-0.010503074,
5200,6986.280678272247,-0.16335234,
5201,6987.567466974258,-0.18527937,
5202,6988.869029283524,-0.27989984,
5203,6990.156642198563,-0.09093203,
5204,6991.459325790405,-0.02377964,
5205,6992.753329515457,-0.097457565,
5206,6994.050566911697,-0.14328806,
5207,6995.361496448517,-0.37896934,
5208,6995.73904132843,-0.0,
5209,6997.572354793549,-0.03975322,
5210,6998.872987031937,-0.21498562,
5211,7000.175420999527,-0.10827571,
5212,7001.479087352753,-0.024981521,
5213,7002.764394521713,-0.0678987,
5214,7004.068611621857,-0.017641934,
5215,7005.369951963425,-0.04055135,
5216,7006.696270704269,-0.0054989518,
5217,7008.028794527054,-0.02960216,
5218,7009.370215892792,-0.25019568,
5219,7010.707803010941,-0.071842715,
5220,7012.046443462372,-0.06662339,
5221,7013.324519395828,-0.09541617,
5222,7013.706540822983,-0.0,
5223,7015.512496232986,-0.03983786,
5224,7016.8254334926605,-0.2769591,
5225,7018.1102838516235,-0.13478874,
5226,7019.397280931473,-0.05236376,
5227,7020.679367303848,-0.017786939,
5228,7021.965978145599,-0.049975038,
5229,7023.25960111618,-0.05338403,
5230,7024.541363239288,-0.05175238,
5231,7025.819364786148,-0.004336379,
5232,7027.092476844788,-0.06750112,
5233,7028.391407728195,-0.13459271,
5234,7029.684664964676,-0.059468113,
5235,7030.969498157501,-0.020023545,
5236,7031.348058223724,-0.0,
5237,7033.158463478088,-0.06988086,
5238,7034.47819185257,-0.04654949,
5239,7035.80144238472,-0.25525227,
5240,7037.109699726105,-0.07412746,
5241,7038.42826294899,-0.036321245,
5242,7039.75171995163,-0.039933525,
5243,7041.0580859184265,-0.019115241,
5244,7042.349562168121,-0.020944366,
5245,7043.657712221146,-0.09258573,
5246,7044.996184825897,-0.00066131976,
5247,7046.290766000748,-0.25186044,
5248,7047.589694976807,-0.06100813,
5249,7048.884941339493,-0.20965631,
5250,7049.271862983704,-0.0,
5251,7051.132182121277,-0.017648142,
5252,7052.42976641655,-0.016139522,
5253,7053.744636774063,-0.12217733,
5254,7055.0546708106995,-0.073763415,
5255,7056.349250793457,-0.2082383,
5256,7057.650324106216,-0.015543256,
5257,7058.960307598114,-0.095336504,
5258,7060.253405094147,-0.17653866,
5259,7061.545607328415,-0.08390596,
5260,7062.86262178421,-0.025755083,
5261,7064.188130140305,-1.7391319e-06,
5262,7065.513946771622,-0.07591124,
5263,7066.866628646851,-0.16611716,
5264,7067.257987499237,-0.0,
5265,7069.087660074234,-0.017619355,
5266,7070.405867099762,-0.5447738,
5267,7071.71510386467,-0.10331486,
5268,7073.019693851471,-0.06849955,
5269,7074.313442707062,-0.026172625,
5270,7075.614301681519,-0.06276481,
5271,7076.90297627449,-0.061851628,
5272,7078.191965579987,-0.029659253,
5273,7079.502404928207,-0.1641241,
5274,7080.823474407196,-0.10186108,
5275,7082.1562242507935,-0.0,
5276,7083.479142904282,-0.22482368,
5277,7084.784088611603,-0.056559496,
5278,7085.170164346695,-0.0,
5279,7087.026971817017,-0.531585,
5280,7088.329432487488,-1.7326951e-06,
5281,7089.632550239563,-0.067594595,
5282,7090.930403709412,-0.09229774,
5283,7092.266827821732,-0.049951173,
5284,7093.618031263351,-0.14742586,
5285,7094.957875013351,-0.025154317,
5286,7096.291949272156,-0.057599694,
5287,7097.628374814987,-0.13802297,
5288,7098.948027849197,-0.06732631,
5289,7100.238527297974,-0.038900644,
5290,7101.540879011154,-0.085613325,
5291,7102.836435079575,-0.13402966,
5292,7103.22273516655,-0.0,
5293,7105.0051600933075,-0.0,
5294,7106.2982313632965,-0.05541693,
5295,7107.589103937149,-0.056416787,
5296,7108.865906238556,-0.035022136,
5297,7110.142169237137,-0.19222,
5298,7111.415636539459,-0.06018286,
5299,7112.710926771164,-0.090404324,
5300,7115.172236442566,-0.0028092382,
5301,7116.462463855743,-0.008937072,
5302,7117.752890348434,-0.17868999,
5303,7119.038689851761,-0.10958359,
5304,7120.325793027878,-0.35557216,
5305,7121.6133098602295,-0.09354225,
5306,7122.005881071091,-0.0,
5307,7123.886567831039,-0.0110325,
5308,7125.210532665253,-1.1312405e-08,
5309,7126.539016723633,-0.20688775,
5310,7127.899048805237,-0.03576528,
5311,7129.250452518463,-0.033226836,
5312,7130.5503013134,-0.025915723,
5313,7131.866117238998,-0.009889947,
5314,7133.192294120789,-0.26781148,
5315,7134.510823011398,-0.1119718,
5316,7135.822701454163,-0.029802334,
5317,7137.132172584534,-0.013887966,
5318,7138.419885396957,-0.20589124,
5319,7139.713161230087,-0.037954144,
5320,7140.093692302704,-0.0,
5321,7141.83825469017,-0.0,
5322,7143.136824846268,-0.10005012,
5323,7144.424105882645,-0.12434822,
5324,7145.719205856323,-0.17044961,
5325,7147.008759260178,-0.11662081,
5326,7148.304263114929,-0.046121355,
5327,7149.599827051163,-0.029994443,
5328,7150.911708116531,-0.20425531,
5329,7152.216145992279,-0.047896117,
5330,7153.5580468177795,-0.0,
5331,7154.893580675125,-0.080074936,
5332,7156.208857059479,-0.03606514,
5333,7157.526084423065,-0.0433971,
5334,7157.906143903732,-0.0,
5335,7159.754201173782,-0.1056454,
5336,7161.063946962357,-0.023775127,
5337,7162.387985944748,-0.08474872,
5338,7163.681241750717,-0.03219744,
5339,7164.979506731033,-0.11745134,
5340,7166.269940376282,-0.07225528,
5341,7167.555661201477,-0.026551893,
5342,7168.866177558899,-7.328439e-11,
5343,7170.173495769501,-0.08768974,
5344,7171.477885007858,-0.09026568,
5345,7172.77183842659,-0.0225258,
5346,7174.072684288025,-0.06550761,
5347,7175.367302179337,-0.05152578,
5348,7175.755932807922,-0.67989963,
5349,7177.618512868881,-0.21849261,
5350,7178.9581797122955,-0.122771315,
5351,7180.274348974228,-0.09669739,
5352,7181.5815279483795,-0.18647186,
5353,7182.904601097107,-0.07736085,
5354,7184.200608491898,-0.045423746,
5355,7185.495101451874,-0.24432981,
5356,7186.845566034317,-0.2925846,
5357,7188.188590764999,-0.07869991,
5358,7189.517797231674,-0.26732177,
5359,7190.840897321701,-0.119690165,
5360,7192.205121994019,-0.021509241,
5361,7193.522880315781,-0.03749216,
5362,7193.908063650131,-0.0,
5363,7195.7353515625,-0.023181628,
5364,7197.042650938034,-0.00122202,
5365,7198.330556154251,-0.097040445,
5366,7199.617738723755,-0.029397134,
5367,7200.9149351119995,-0.03859048,
5368,7202.210690975189,-0.23913002,
5369,7203.504398584366,-0.023571717,
5370,7204.822785377502,-0.11236792,
5371,7206.1212849617,-0.055899,
5372,7207.41428232193,-0.068591274,
5373,7208.718055009842,-0.10845119,
5374,7210.021168708801,-0.024319006,
5375,7211.31812620163,-0.037734732,
5376,7211.71466255188,-0.2771063,
5377,7213.538385152817,-4.8459053e-11,
5378,7214.8418045043945,-0.12433159,
5379,7216.145359754562,-0.09739881,
5380,7217.44345498085,-0.07065096,
5381,7218.781095743179,-0.09353986,
5382,7220.118606567383,-0.014121188,
5383,7221.452850341797,-0.119400844,
5384,7222.79851770401,-0.036936402,
5385,7224.149360895157,-0.11894451,
5386,7225.5067050457,-0.21121377,
5387,7226.8587238788605,-0.026712867,
5388,7228.177424430847,-0.15709734,
5389,7229.511678218842,-0.103544235,
5390,7229.901027917862,-0.0,
5391,7231.781619548798,-0.102762684,
5392,7233.073179483414,-0.14504349,
5393,7234.350678920746,-0.03736005,
5394,7235.648564815521,-0.13784783,
5395,7236.946094512939,-0.10677264,
5396,7238.238635063171,-0.014436724,
5397,7239.521196126938,-0.10603807,
5398,7240.811912536621,-0.015393325,
5399,7242.099292516708,-0.035843,
5400,7244.600076198578,-0.01736472,
5401,7245.892777681351,-0.016416652,
5402,7247.184330224991,-0.009835097,
5403,7248.472763538361,-0.13711749,
5404,7248.859946012497,-0.0,
5405,7250.674189567566,-0.12013711,
5406,7251.968037843704,-0.0786457,
5407,7253.280339717865,-0.0,
5408,7254.579688072205,-0.22608498,
5409,7255.878074645996,-0.27576828,
5410,7257.172669172287,-0.055790477,
5411,7258.479132652283,-0.0291259,
5412,7259.768721580505,-0.015756594,
5413,7261.066580057144,-2.3962595e-08,
5414,7262.3470804691315,-0.1201828,
5415,7263.655383348465,-0.20170869,
5416,7264.939275979996,-0.12693492,
5417,7266.2467086315155,-0.01607971,
5418,7266.627019166946,-0.0,
5419,7268.440899372101,-0.06167093,
5420,7269.731808662415,-0.03260403,
5421,7271.030137062073,-0.1927688,
5422,7272.322005748749,-0.13796611,
5423,7273.6172840595245,-0.039471418,
5424,7274.921122789383,-0.029973036,
5425,7276.215348482132,-0.30775937,
5426,7277.512068748474,-0.010445267,
5427,7278.809057712555,-0.17586589,
5428,7280.11224770546,-0.13082735,
5429,7281.418306112289,-0.089512795,
5430,7282.736290931702,-0.11757419,
5431,7284.045668125153,-0.15850367,
5432,7284.444546699524,-0.0,
5433,7286.2779545784,-0.019757245,
5434,7287.572706699371,-0.06916433,
5435,7288.861871004105,-0.06260214,
5436,7290.153399705887,-0.013781984,
5437,7291.451220273972,-0.07237663,
5438,7292.745420694351,-0.013972977,
5439,7294.049184799194,-0.25169817,
5440,7295.354503154755,-0.23152101,
5441,7296.65732049942,-0.18742613,
5442,7297.959285020828,-0.0,
5443,7299.274923086166,-0.092393145,
5444,7300.568649530411,-0.09224862,
5445,7301.88464140892,-0.10287206,
5446,7302.27303481102,-0.0,
5447,7304.12047457695,-0.1314105,
5448,7305.414867401123,-0.12183547,
5449,7306.743883371353,-0.058971345,
5450,7308.089892864227,-0.026297037,
5451,7309.37739276886,-0.017599415,
5452,7310.683415174484,-0.049073678,
5453,7311.993803501129,-0.048363432,
5454,7313.315269947052,-0.13311109,
5455,7314.624527215958,-0.018807441,
5456,7315.918245077133,-0.10450314,
5457,7317.223196029663,-0.010227893,
5458,7318.547057390213,-0.014790338,
5459,7319.864414215088,-0.18958122,
5460,7320.250820159912,-0.0,
5461,7322.043545722961,-0.04189499,
5462,7323.3418600559235,-0.043463975,
5463,7324.657827138901,-0.07867761,
5464,7325.966404438019,-0.2001435,
5465,7327.2774085998535,-0.029601205,
5466,7328.638298273087,-0.11552598,
5467,7330.041543960571,-0.1170484,
5468,7331.479202508926,-0.07121153,
5469,7332.822386026382,-0.062791504,
5470,7334.168650150299,-0.11153594,
5471,7335.510425567627,-0.031193893,
5472,7336.835334539413,-0.19184503,
5473,7338.138044118881,-0.24886397,
5474,7338.515955686569,-0.0,
5475,7340.330039978027,-0.0094448645,
5476,7341.624892711639,-0.0,
5477,7342.934984207153,-0.13027565,
5478,7344.245488166809,-0.0067262673,
5479,7345.531173944473,-0.013440704,
5480,7346.844701051712,-0.029625403,
5481,7348.149415969849,-0.076545134,
5482,7349.458984613419,-0.054026127,
5483,7350.76499581337,-0.05997162,
5484,7352.060086250305,-0.019745376,
5485,7353.3601150512695,-0.015288383,
5486,7354.65646481514,-0.1729482,
5487,7355.959181547165,-0.14177135,
5488,7356.34334397316,-0.0,
5489,7358.156233549118,-0.087421104,
5490,7359.449784517288,-0.0,
5491,7360.766307592392,-0.1121318,
5492,7362.09622836113,-0.30762953,
5493,7363.425220251083,-0.026122412,
5494,7364.7375819683075,-0.14780182,
5495,7366.063518285751,-0.058434103,
5496,7367.387152433395,-0.0016781299,
5497,7368.698159456253,-7.264615e-05,
5498,7369.99129986763,-0.14331742,
5499,7371.2929973602295,-0.058588628,
5500,7373.991265535355,-0.013782306,
5501,7375.340463399887,-0.030056745,
5502,7375.734981775284,-0.0,
5503,7377.63415646553,-0.038726546,
5504,7378.970415830612,-0.0025322265,
5505,7380.2965450286865,-0.060420685,
5506,7381.618826150894,-0.05881176,
5507,7382.925889015198,-0.018939696,
5508,7384.248531579971,-0.19738105,
5509,7385.541694641113,-0.10649041,
5510,7386.832971811295,-0.09378675,
5511,7388.140456438065,-0.084594384,
5512,7389.44739985466,-0.2662682,
5513,7390.781620264053,-0.13991442,
5514,7392.094017505646,-0.072205335,
5515,7393.398757219315,-0.05458031,
5516,7393.794717073441,-0.0,
5517,7395.6450209617615,-0.08848666,
5518,7396.9632778167725,-0.16818738,
5519,7398.293041706085,-0.11661744,
5520,7399.612735509872,-0.04144385,
5521,7400.9239711761475,-0.023024995,
5522,7402.23308467865,-0.074545905,
5523,7403.550891160965,-0.057995863,
5524,7404.879850387573,-0.13318838,
5525,7406.201208114624,-0.0,
5526,7407.522594690323,-0.09272201,
5527,7408.86097741127,-0.0070411735,
5528,7410.242905855179,-0.047237575,
5529,7411.56151175499,-0.26696372,
5530,7411.95045208931,-0.0,
5531,7413.747041225433,-0.2400028,
5532,7415.041058540344,-0.013168775,
5533,7416.335921287537,-0.13812345,
5534,7417.631048440933,-0.029984633,
5535,7418.937163352966,-0.02854453,
5536,7420.23531293869,-0.10003524,
5537,7421.5496282577515,-0.1342561,
5538,7422.932419538498,-0.23363182,
5539,7424.25826048851,-0.028023217,
5540,7425.596032381058,-0.06486549,
5541,7426.911332607269,-0.37609693,
5542,7428.200628519058,-0.1412874,
5543,7429.506276130676,-0.020449216,
5544,7429.892174482346,-0.0,
5545,7431.697635889053,-0.024800453,
5546,7433.005813837051,-0.035303775,
5547,7434.329908370972,-0.0025660957,
5548,7435.657837152481,-0.043417215,
5549,7436.976404905319,-0.21531138,
5550,7438.281939506531,-0.22755179,
5551,7439.587507009506,-0.18120316,
5552,7440.904241800308,-0.039531235,
5553,7442.214720726013,-0.16437787,
5554,7443.520671129227,-0.23064092,
5555,7444.809051036835,-0.02623388,
5556,7446.112008333206,-0.013535599,
5557,7447.4142434597015,-0.100471236,
5558,7447.803307533264,-0.13782474,
5559,7449.669188261032,-0.016382081,
5560,7450.993076324463,-0.1395492,
5561,7452.301978588104,-0.020173926,
5562,7453.609986305237,-0.09783274,
5563,7454.931481599808,-0.18340673,
5564,7456.258384943008,-0.15791352,
5565,7457.570424318314,-6.177553e-09,
5566,7458.884222745895,-0.034868155,
5567,7460.175587654114,-0.01659578,
5568,7461.490838766098,-0.6724327,
5569,7462.794361591339,-0.060031097,
5570,7464.100309610367,-0.055784777,
5571,7465.432976007462,-0.0,
5572,7465.837077617645,-0.0,
5573,7467.763215065002,-0.059069406,
5574,7469.124495983124,-3.8826803e-10,
5575,7470.437652587891,-0.22112037,
5576,7471.745885848999,-0.118933715,
5577,7473.045047521591,-0.09736766,
5578,7474.350885391235,-0.07394032,
5579,7475.651322603226,-0.0,
5580,7476.955197572708,-0.2607881,
5581,7478.2643485069275,-0.022174895,
5582,7479.584785938263,-0.102530256,
5583,7480.917771577835,-0.13002346,
5584,7482.244677066803,-0.114035785,
5585,7483.593105554581,-0.09562601,
5586,7483.996664524078,-0.0,
5587,7485.876342535019,-0.16221486,
5588,7487.208064556122,-0.25000313,
5589,7488.515398740768,-0.048108853,
5590,7489.822564840317,-0.04491256,
5591,7491.14032459259,-0.01894961,
5592,7492.446683645248,-0.08180265,
5593,7493.8252029418945,-0.05919062,
5594,7495.204442501068,-0.11613471,
5595,7496.558510065079,-0.047418542,
5596,7497.8974006175995,-0.12743388,
5597,7499.209675073624,-0.07663186,
5598,7500.507378578186,-0.2558147,
5599,7501.796640396118,-0.036608107,
5600,7503.276191949844,-0.0,
5601,7505.111487865448,-0.10888082,
5602,7506.414815187454,-0.08616184,
5603,7507.733117580414,-0.03435902,
5604,7509.079600811005,-0.04391747,
5605,7510.39684343338,-0.044663213,
5606,7511.690994977951,-0.12803079,
5607,7513.033097267151,-7.328439e-11,
5608,7514.360861301422,-0.2193904,
5609,7515.6755158901215,-0.054355998,
5610,7517.014421463013,-0.1415882,
5611,7518.359844207764,-0.07530676,
5612,7519.6847541332245,-0.06096053,
5613,7521.005754947662,-0.057915755,
5614,7521.384109735489,-0.0,
5615,7523.2348890304565,-0.049660284,
5616,7524.549848556519,-0.041424245,
5617,7525.883430242538,-0.05405465,
5618,7527.186603307724,-0.0,
5619,7528.501101732254,-0.041134633,
5620,7529.817183971405,-0.03870256,
5621,7531.115067958832,-0.035684597,
5622,7532.447997808456,-0.10246022,
5623,7533.741939306259,-0.17316413,
5624,7535.043385744095,-0.076078385,
5625,7536.348916769028,-0.02270952,
5626,7537.636619567871,-0.14882152,
5627,7538.927394390106,-0.05391834,
5628,7539.309120416641,-0.4782698,
5629,7541.1378428936005,-0.044967685,
5630,7542.460697174072,-0.17586757,
5631,7543.791299104691,-0.122889474,
5632,7545.108131170273,-0.08820926,
5633,7546.4257209300995,-0.2176878,
5634,7547.759104967117,-0.06069171,
5635,7549.110548257828,-0.0,
5636,7550.461632013321,-0.2538652,
5637,7551.770216226578,-0.17485121,
5638,7553.060668468475,-0.027352026,
5639,7554.378905057907,-0.09429641,
5640,7555.703625202179,-0.059358377,
5641,7557.024574279785,-0.09882766,
5642,7557.4124619960785,-0.0,
5643,7559.263745307922,-0.033342294,
5644,7560.628569126129,-0.0,
5645,7561.941379070282,-0.05553866,
5646,7563.250812768936,-0.0010181732,
5647,7564.537017583847,-0.042382814,
5648,7565.8335864543915,-0.025765115,
5649,7567.14968252182,-0.18341514,
5650,7568.480090141296,-0.18497205,
5651,7569.821698188782,-0.038756818,
5652,7571.134551048279,-0.04020469,
5653,7572.445680379868,-0.13716233,
5654,7573.744353055954,-0.17503235,
5655,7575.041919231415,-0.0007372626,
5656,7575.431597709656,-0.0,
5657,7577.317144393921,-0.0,
5658,7578.617381811142,-0.0,
5659,7579.9145538806915,-0.40962684,
5660,7581.21958732605,-0.03839484,
5661,7582.518635034561,-0.030568026,
5662,7583.80592918396,-0.08438713,
5663,7585.134492635727,-0.07155452,
5664,7586.463064670563,-0.11660282,
5665,7587.763902187347,-0.08637489,
5666,7589.074709415436,-0.24324293,
5667,7590.41388463974,-0.091183424,
5668,7591.72181391716,-0.0,
5669,7593.035460472107,-0.18348013,
5670,7593.427112817764,-0.0,
5671,7595.258666038513,-0.0426761,
5672,7596.564011096954,-0.060614936,
5673,7597.909986972809,-0.019841986,
5674,7599.247253417969,-0.030756602,
5675,7600.539808511734,-0.0064007654,
5676,7601.836777687073,-0.07565674,
5677,7603.136370182037,-0.13584751,
5678,7604.42896938324,-0.062990576,
5679,7605.723747968674,-0.015401306,
5680,7607.0191061496735,-0.04420388,
5681,7608.330930948257,-0.030556941,
5682,7609.619014501572,-0.026761072,
5683,7610.911915779114,-0.09008336,
5684,7611.291571855545,-0.0,
5685,7613.088780879974,-0.049807083,
5686,7614.383102416992,-0.09847951,
5687,7615.677063703537,-0.057007737,
5688,7616.976676225662,-0.0133444145,
5689,7618.266058921814,-0.09318231,
5690,7619.570298671722,-0.08571934,
5691,7620.905407905579,-0.0,
5692,7622.234601736069,-0.021008516,
5693,7623.556213140488,-0.0007755299,
5694,7624.886355876923,-0.010617362,
5695,7626.30647611618,-0.037033997,
5696,7627.62251162529,-0.0,
5697,7628.937394857407,-0.10698493,
5698,7629.325225830078,-0.0,
5699,7631.155926942825,-0.00095552753,
5700,7633.731243848801,-0.0442723,
5701,7635.0231330394745,-0.110530615,
5702,7636.315996646881,-0.037848953,
5703,7637.606306314468,-0.008712424,
5704,7638.8988926410675,-0.13578378,
5705,7640.198014259338,-0.060058266,
5706,7641.501152515411,-0.11167964,
5707,7642.814985513687,-0.048324473,
5708,7644.114599943161,-0.14171189,
5709,7645.410986661911,-0.049057927,
5710,7646.728057146072,-0.14741568,
5711,7648.1076629161835,-0.22665092,
5712,7648.493536233902,-0.0,
5713,7650.339846134186,-0.02439575,
5714,7651.666025876999,-0.0,
5715,7653.004446029663,-0.05368758,
5716,7654.337908506393,-0.91302717,
5717,7655.671673297882,-0.13473077,
5718,7656.97728395462,-0.034179866,
5719,7658.312012910843,-0.18495932,
5720,7659.625080108643,-0.06848174,
5721,7660.93133854866,-0.079923175,
5722,7662.227778434753,-0.15046273,
5723,7663.530948877335,-0.0048103537,
5724,7664.826858282089,-8.514461e-07,
5725,7666.119713068008,-0.12498729,
5726,7666.498694896698,-0.0,
5727,7668.3077120780945,-0.034834564,
5728,7669.6058559417725,-0.050539512,
5729,7670.905137062073,-0.045094326,
5730,7672.21732544899,-0.14404254,
5731,7673.514986038208,-0.11236755,
5732,7674.84420633316,-0.09397132,
5733,7676.165461778641,-0.0060970867,
5734,7677.484799146652,-0.11825838,
5735,7678.844887256622,-0.07106075,
5736,7680.2283844947815,-0.111492805,
5737,7681.628700256348,-0.023820639,
5738,7682.965031147003,-0.05885136,
5739,7684.289544582367,-0.23204324,
5740,7684.672793865204,-0.0,
5741,7686.523536682129,-0.0,
5742,7687.853155851364,-0.013566494,
5743,7689.185475111008,-0.06857891,
5744,7690.509171485901,-0.018900977,
5745,7691.838912725449,-0.055218734,
5746,7693.163345813751,-0.03929295,
5747,7694.477828264236,-0.032717694,
5748,7695.778340578079,-0.13636357,
5749,7697.06759762764,-0.035370216,
5750,7698.357588529587,-0.052957617,
5751,7699.640931129456,-0.06983647,
5752,7700.919134378433,-0.039785974,
5753,7702.217837333679,-0.050343037,
5754,7702.599789142609,-0.0,
5755,7704.508208274841,-0.0,
5756,7705.834798574448,-0.046021454,
5757,7707.165757656097,-0.15496276,
5758,7708.529878616333,-0.0,
5759,7709.872252941132,-0.053237468,
5760,7711.3538377285,-0.0,
5761,7712.660097122192,-0.070313714,
5762,7713.967281103134,-0.03413207,
5763,7715.270385503769,-0.08627443,
5764,7716.571544408798,-0.12071309,
5765,7717.876298666,-0.05144328,
5766,7719.16045665741,-0.020397197,
5767,7720.457015752792,-0.1577379,
5768,7720.842741966248,-0.0,
5769,7722.637911081314,-0.29366487,
5770,7723.970798969269,-0.07910167,
5771,7725.278225898743,-0.13350293,
5772,7726.602521181107,-0.17138097,
5773,7727.909130811691,-0.060699143,
5774,7729.216341972351,-0.051552,
5775,7730.52089548111,-0.1600901,
5776,7731.83828496933,-0.08682989,
5777,7733.215703010559,-0.009299105,
5778,7734.569668531418,-0.03429269,
5779,7735.914031505585,-0.015998285,
5780,7737.258325576782,-0.11366494,
5781,7738.607421398163,-0.013804535,
5782,7739.013507127762,-0.0,
5783,7740.91535782814,-0.020685237,
5784,7742.231839179993,-0.098253444,
5785,7743.523444890976,-0.06922114,
5786,7744.815700769424,-0.066338256,
5787,7746.1044182777405,-0.044560082,
5788,7747.3800003528595,-0.0,
5789,7748.6793439388275,-0.15068181,
5790,7749.969005823135,-9.972571e-06,
5791,7751.271625757217,-0.020558089,
5792,7752.5547523498535,-0.15319362,
5793,7753.839321613312,-0.036599796,
5794,7755.138570070267,-0.048134446,
5795,7756.433254241943,-0.16155474,
5796,7756.816826343536,-0.0,
5797,7758.624160528183,-0.06809657,
5798,7759.914955377579,-0.068265386,
5799,7761.243698596954,-0.023588318,
5800,7763.986474990845,-0.06281728,
5801,7765.336537122726,-0.15768752,
5802,7766.690689563751,-0.10004105,
5803,7768.04900598526,-0.054580085,
5804,7769.367008924484,-0.02950262,
5805,7770.673571586609,-0.026718149,
5806,7771.96085357666,-0.13619417,
5807,7773.257209777832,-0.07997684,
5808,7774.563965082169,-4.6123496e-06,
5809,7775.855628013611,-0.10431082,
5810,7776.23384642601,-0.0,
5811,7778.049748182297,-0.18506978,
5812,7779.365673065186,-0.01859133,
5813,7780.666145801544,-0.25446844,
5814,7781.965611696243,-0.06380603,
5815,7783.307133674622,-0.073056854,
5816,7784.607466697693,-0.067894176,
5817,7785.923631429672,-0.41322047,
5818,7787.221450090408,-0.0,
5819,7788.574193716049,-0.035319123,
5820,7789.9406661987305,-0.0344449,
5821,7791.313638687134,-0.15219435,
5822,7792.6408886909485,-0.0,
5823,7793.973572254181,-0.14707722,
5824,7794.363751173019,-0.0,
5825,7796.250181436539,-0.054385565,
5826,7797.55447936058,-0.053730734,
5827,7798.850624799728,-0.182855,
5828,7800.179832935333,-0.032917142,
5829,7801.469051599503,-0.0427999,
5830,7802.764882326126,-0.018123548,
5831,7804.058965921402,-0.0,
5832,7805.379083633423,-0.046770565,
5833,7806.690438985825,-0.04876399,
5834,7807.9957501888275,-0.066486284,
5835,7809.289460659027,-0.0,
5836,7810.599910020828,-0.02216626,
5837,7811.908192873001,-0.02506359,
5838,7812.297692060471,-0.0,
5839,7814.16731095314,-0.04381529,
5840,7815.514966249466,-0.0011910226,
5841,7816.873044729233,-0.044667803,
5842,7818.210247755051,-0.023940857,
5843,7819.544770002365,-0.0,
5844,7820.93043589592,-0.2601597,
5845,7822.249157190323,-0.047519736,
5846,7823.565057516098,-0.0,
5847,7824.859996080399,-0.053705066,
5848,7826.161085128784,-0.10350765,
5849,7827.45566368103,-0.09454777,
5850,7828.752955675125,-0.059303224,
5851,7830.055349111557,-0.06387677,
5852,7830.437686443329,-0.5388597,
5853,7832.257739305496,-0.12078665,
5854,7833.574716567993,-0.070674986,
5855,7834.889467716217,-0.10570148,
5856,7836.2022359371185,-0.0,
5857,7837.513430595398,-0.10125302,
5858,7838.825634479523,-0.14017823,
5859,7840.126596689224,-0.34800676,
5860,7841.426120519638,-0.12956238,
5861,7842.765432596207,-0.018779809,
5862,7844.109827041626,-0.10617903,
5863,7845.44638133049,-0.055216204,
5864,7846.776207923889,-0.024473969,
5865,7848.105657815933,-0.0035169923,
5866,7848.506424665451,-0.0,
5867,7850.376483917236,-0.044973694,
5868,7851.675454616547,-0.602752,
5869,7852.956477403641,-0.029803637,
5870,7854.255126476288,-0.06152606,
5871,7855.552191734314,-0.065804526,
5872,7856.828101634979,-0.018563768,
5873,7858.117219686508,-0.086257964,
5874,7859.420491218567,-0.06088981,
5875,7860.729252815247,-0.040635675,
5876,7862.021360874176,-0.11118619,
5877,7863.315210342407,-0.12330744,
5878,7864.605784893036,-0.004059901,
5879,7865.901624917984,-0.080871716,
5880,7866.286769628525,-0.0,
5881,7868.087758302689,-0.0,
5882,7869.400955200195,-0.019853562,
5883,7870.720436573029,-0.11150995,
5884,7872.097777366638,-0.116916984,
5885,7873.464591026306,-0.0,
5886,7874.815194129944,-0.010530999,
5887,7876.172915697098,-0.1305428,
5888,7877.51084280014,-0.0,
5889,7878.851256847382,-0.08544018,
5890,7880.141805171967,-0.0021815195,
5891,7881.444140911102,-0.00021146456,
5892,7882.7291469573975,-0.03454601,
5893,7884.006432056427,-0.045355164,
5894,7884.39088344574,-0.0,
5895,7886.172597646713,-0.08703391,
5896,7887.476838827133,-0.18507382,
5897,7888.773805141449,-0.02718139,
5898,7890.076867818832,-0.14964087,
5899,7891.364665985107,-0.012838477,
5900,7893.852956533432,-0.06361468,
5901,7895.146517038345,-0.11973838,
5902,7896.446093559265,-0.01328077,
5903,7897.750987529755,-0.07699103,
5904,7899.053918838501,-0.0734933,
5905,7900.398035764694,-0.008544495,
5906,7901.756756305695,-0.024366744,
5907,7903.13316988945,-0.023996055,
5908,7903.5382289886475,-0.0,
5909,7905.429459095001,-0.36939865,
5910,7906.773897647858,-0.0107478425,
5911,7908.104803562164,-2.3841856e-11,
5912,7909.411954164505,-0.21767826,
5913,7910.726986408234,-0.07141487,
5914,7912.028114080429,-0.04218875,
5915,7913.336986541748,-0.02324004,
5916,7914.634004831314,-0.122097135,
5917,7915.92874789238,-0.05873499,
5918,7917.226409435272,-0.09890258,
5919,7918.518943309784,-0.008758312,
5920,7919.816583633423,-0.05031202,
5921,7921.115613937378,-0.029393911,
5922,7921.506783723831,-0.0,
5923,7923.336108922958,-0.14385486,
5924,7924.635417938232,-0.029115252,
5925,7925.936408996582,-0.13501655,
5926,7927.249533414841,-0.053978622,
5927,7928.561764001846,-0.08384384,
5928,7929.909051656723,-0.2619415,
5929,7931.27997303009,-0.23152043,
5930,7932.646466732025,-0.09551296,
5931,7934.0109333992,-0.05528021,
5932,7935.351134777069,-0.12165464,
5933,7936.690020561218,-0.10763976,
5934,7937.989311695099,-0.09390332,
5935,7939.292978048325,-0.05522057,
5936,7939.679062366486,-0.0,
5937,7941.528390169144,-0.06767652,
5938,7942.825496435165,-0.034515847,
5939,7944.13122844696,-0.013229266,
5940,7945.4390873909,-0.19515173,
5941,7946.734031915665,-0.0,
5942,7948.038997411728,-0.038359743,
5943,7949.346577644348,-0.06862964,
5944,7950.651432514191,-0.20861866,
5945,7951.953749418259,-0.058588143,
5946,7953.278700590134,-0.019094966,
5947,7954.579605102539,-0.12019251,
5948,7955.929003238678,-1.6834925e-06,
5949,7957.253087043762,-0.30438775,
5950,7957.641764879227,-0.0,
5951,7959.577841043472,-0.1667459,
5952,7960.908252000809,-0.26679328,
5953,7962.257642507553,-0.11257003,
5954,7963.579698085785,-0.09045045,
5955,7964.934382677078,-0.11804301,
5956,7966.269059181213,-0.20150116,
5957,7967.57424902916,-0.114554845,
5958,7968.878154039383,-0.043829538,
5959,7970.185372829437,-0.02017368,
5960,7971.470492362976,-0.0,
5961,7972.778272151947,-0.045974396,
5962,7974.097458124161,-0.0531473,
5963,7975.451024532318,-0.08542682,
5964,7975.8387978076935,-0.0,
5965,7977.722580432892,-0.21293274,
5966,7979.042172193527,-0.10481477,
5967,7980.338341474533,-0.0066639357,
5968,7981.65725851059,-0.0,
5969,7982.9826073646545,-0.02343549,
5970,7984.312373638153,-0.098269805,
5971,7985.677021980286,-0.040544637,
5972,7987.124890089035,-0.095656365,
5973,7988.508219957352,-0.05700972,
5974,7989.866069555283,-0.23633826,
5975,7991.184359788895,-0.0,
5976,7992.517016887665,-0.017382834,
5977,7993.874034643173,-0.050990093,
5978,7994.27903342247,-0.047990093,
5979,7996.116113901138,-0.047749303,
5980,7997.411909341812,-0.13330556,
5981,7998.71749329567,-0.25275317,
5982,8000.018510341644,-0.1729311,
5983,8001.34349155426,-0.31168178,
5984,8002.66131901741,-0.09777633,
5985,8003.999682188034,-0.004919422,
5986,8005.319904088974,-0.14209546,
5987,8006.615296602249,-0.16748261,
5988,8007.903917789459,-0.027436454,
5989,8009.238203048706,-0.07446637,
5990,8010.564800262451,-0.03853058,
5991,8011.910258293152,-0.17826371,
5992,8012.30944943428,-1.520774e-08,
5993,8014.209694862366,-0.03892026,
5994,8015.556106567383,-0.13813901,
5995,8016.887786865234,-0.31692037,
5996,8018.205644130707,-0.18704587,
5997,8019.528945684433,-0.05703618,
5998,8020.860935926437,-0.05097962,
5999,8022.163762331009,-0.019191995,
6000,8024.750805616379,-0.27544886,
6001,8026.04905796051,-0.035721835,
6002,8027.3606696128845,-0.18204814,
6003,8028.663501739502,-0.090861045,
6004,8029.943752288818,-0.047705956,
6005,8031.268627405167,-0.15723552,
6006,8031.655711650848,-0.0,
6007,8033.4723262786865,-0.07527794,
6008,8034.791519880295,-0.046804007,
6009,8036.104924201965,-0.06146087,
6010,8037.460675239563,-0.042081602,
6011,8038.778623819351,-0.009138069,
6012,8040.0856330394745,-0.010812685,
6013,8041.4368352890015,-0.26344115,
6014,8042.774735689163,-0.16708027,
6015,8044.090979337692,-0.008600483,
6016,8045.435184240341,-0.120778136,
6017,8046.75288772583,-0.08536915,
6018,8048.056040048599,-0.18489784,
6019,8049.359844684601,-0.072242595,
6020,8049.74751830101,-0.0,
6021,8051.6174573898315,-0.0,
6022,8052.9338965415955,-0.104193255,
6023,8054.241919994354,-0.019953402,
6024,8055.550593614578,-0.09215105,
6025,8056.841192722321,-0.14659894,
6026,8058.1404728889465,-0.12349856,
6027,8059.449769496918,-0.12211869,
6028,8060.755183935165,-0.014915181,
6029,8062.058373451233,-0.033454385,
6030,8063.3849539756775,-0.01931367,
6031,8064.700075864792,-0.111993015,
6032,8066.045077323914,-0.09587203,
6033,8067.380309343338,-0.17576326,
6034,8067.790610790253,-0.0,
6035,8069.715801954269,-0.10603996,
6036,8071.055200338364,-0.0078067994,
6037,8072.381392240524,-0.13797031,
6038,8073.700327396393,-0.103601284,
6039,8075.007085800171,-0.0,
6040,8076.321222066879,-0.009986781,
6041,8077.648378372192,-0.021274172,
6042,8078.950913906097,-0.037886754,
6043,8080.281311511993,-5.355078e-05,
6044,8081.638784408569,-0.06193718,
6045,8083.001452922821,-0.08751486,
6046,8084.323278188705,-0.007123341,
6047,8085.666671991348,-0.07573568,
6048,8086.061609745026,-0.0,
6049,8087.968074083328,-0.10349652,
6050,8089.305122613907,-0.27561906,
6051,8090.635826587677,-0.024053536,
6052,8091.960011005402,-0.032425083,
6053,8093.2840051651,-0.16839933,
6054,8094.618851423264,-0.07358341,
6055,8095.962461709976,-0.074346244,
6056,8097.299804925919,-0.20190793,
6057,8098.652249097824,-0.30222103,
6058,8100.002906084061,-0.02173365,
6059,8101.363633394241,-0.18281093,
6060,8102.714241743088,-0.27138788,
6061,8104.025875091553,-0.32512456,
6062,8104.429797887802,-0.0,
6063,8106.329199790955,-0.04175716,
6064,8107.659457445145,-0.12435313,
6065,8108.972363948822,-0.04896526,
6066,8110.2821135520935,-0.03650971,
6067,8111.584058761597,-0.029529449,
6068,8112.925084590912,-0.07946757,
6069,8114.30880188942,-0.04197909,
6070,8115.711185932159,-0.07706825,
6071,8117.048579216003,-0.00072586525,
6072,8118.38747215271,-0.0343036,
6073,8119.733826875687,-0.07828924,
6074,8121.068992853165,-0.066045895,
6075,8122.382982492447,-0.08718265,
6076,8122.807998418808,-0.0,
6077,8124.674408197403,-0.1373328,
6078,8125.979669094086,-0.10061197,
6079,8127.293105363846,-0.03610862,
6080,8128.606821298599,-0.19963244,
6081,8129.9120852947235,-0.023243932,
6082,8131.222414731979,-0.0,
6083,8132.5471386909485,-0.041723818,
6084,8133.868397951126,-0.04298097,
6085,8135.178949594498,-0.02911492,
6086,8136.48730635643,-0.07979502,
6087,8137.812186002731,-0.33851123,
6088,8139.133882761002,-0.023590943,
6089,8140.452821969986,-0.0,
6090,8140.845741510391,-0.0,
6091,8142.7213797569275,-0.0,
6092,8144.078998088837,-0.15046437,
6093,8145.445854187012,-0.15909907,
6094,8146.811239957809,-0.25594223,
6095,8148.172701835632,-0.015203076,
6096,8149.49723649025,-0.13484763,
6097,8150.841392755508,-0.14681801,
6098,8152.1616497039795,-0.04925079,
6099,8153.475874662399,-0.0,
6100,8156.162431716919,-0.017502883,
6101,8157.468380212784,-0.09723329,
6102,8158.788277387619,-0.04948818,
6103,8160.113297462463,-0.048806533,
6104,8160.500369548798,-0.0,
6105,8162.389222860336,-0.019085214,
6106,8163.706686258316,-4.816184e-05,
6107,8165.042382001877,-0.3215253,
6108,8166.365367889404,-0.0126211,
6109,8167.6867616176605,-0.12375055,
6110,8169.021305322647,-0.07030749,
6111,8170.383684158325,-0.06426201,
6112,8171.728848934174,-0.0,
6113,8173.108111143112,-7.785082e-10,
6114,8174.477089166641,-0.13431036,
6115,8175.829881668091,-0.036714543,
6116,8177.1847105026245,-0.10352952,
6117,8178.542531013489,-0.05008527,
6118,8178.963690280914,-0.47711924,
6119,8180.839977025986,-0.077027395,
6120,8182.1588361263275,-0.035326842,
6121,8183.469046354294,-0.014071229,
6122,8184.769466638565,-0.0047866656,
6123,8186.062546014786,-0.021101635,
6124,8187.357382535934,-0.0688796,
6125,8188.68941116333,-0.039136954,
6126,8189.992940425873,-0.0,
6127,8191.302947998047,-0.0,
6128,8192.604263544083,-0.0,
6129,8193.922909975052,-0.036151964,
6130,8195.244169950485,-0.034205943,
6131,8196.547448158264,-0.0,
6132,8196.942826509476,-0.0,
6133,8198.94437289238,-0.0,
6134,8200.358755111694,-0.014279391,
6135,8201.763345479965,-0.38463837,
6136,8203.163356542587,-0.0083490545,
6137,8204.532120466232,-0.03604973,
6138,8205.902564764023,-0.08861463,
6139,8207.27035522461,-0.04108575,
6140,8208.63242149353,-0.15675521,
6141,8210.009423494339,-2.7162283e-08,
6142,8211.357416391373,-0.039539836,
6143,8212.685456514359,-0.029879417,
6144,8214.022737026215,-0.06142474,
6145,8215.366448163986,-0.087858e-09,
6146,8215.764447450638,-0.0,
6147,8217.670712471008,-0.04944851,
6148,8218.989672660828,-0.05010605,
6149,8220.324737071991,-0.11787652,
6150,8221.643684387207,-0.18182968,
6151,8222.9558801651,-0.01986188,
6152,8224.282725095749,-0.015703805,
6153,8225.654263496399,-0.08447342,
6154,8227.02494931221,-0.3701744,
6155,8228.380648136139,-0.043278843,
6156,8229.744399785995,-0.035552777,
6157,8231.091839313507,-0.06346316,
6158,8232.447640657425,-0.1473774,
6159,8233.770949602127,-0.12733696,
6160,8234.179275989532,-0.0,
6161,8236.022403240204,-0.07823877,
6162,8237.337869644165,-0.08641998,
6163,8238.643278598785,-0.010775233,
6164,8239.95295715332,-0.059355855,
6165,8241.271432161331,-0.11229879,
6166,8242.59139752388,-0.045241505,
6167,8243.914602041245,-0.11159936,
6168,8245.230940580368,-0.09242451,
6169,8246.535592317581,-0.15940873,
6170,8247.847081422806,-0.018620893,
6171,8249.163245677948,-0.0,
6172,8250.475501060486,-0.019350544,
6173,8251.806042432785,-0.0011192174,
6174,8252.208317518234,-0.0,
6175,8254.079493522644,-0.16053382,
6176,8255.441044807434,-0.14910743,
6177,8256.758891582489,-0.0069126426,
6178,8258.16994714737,-0.011707823,
6179,8259.515293598175,-0.09490704,
6180,8260.826987028122,-0.15949294,
6181,8262.158482551575,-0.011643359,
6182,8263.47598862648,-0.07629225,
6183,8264.82594370842,-0.07745643,
6184,8266.135956287384,-0.031116297,
6185,8267.4428024292,-0.036906373,
6186,8268.747785568237,-0.0438434,
6187,8270.061572313309,-0.01825795,
6188,8270.45421385765,-0.0,
6189,8272.308782339096,-0.16034612,
6190,8273.61904001236,-0.0,
6191,8274.946396112442,-0.025698682,
6192,8276.261935472488,-0.02267723,
6193,8277.565081834793,-0.0,
6194,8278.879091262817,-0.04417086,
6195,8280.18484044075,-0.16061684,
6196,8281.52723622322,-0.063296065,
6197,8282.874618768692,-0.018482745,
6198,8284.218031406403,-0.19497153,
6199,8285.56090593338,-0.10136956,
6200,8288.236394882202,-0.14631262,
6201,8289.564507007599,-0.052787382,
6202,8289.954339027405,-0.0,
6203,8291.826008558273,-0.07687677,
6204,8293.139961719513,-0.0756128,
6205,8294.459118127823,-0.089947835,
6206,8295.784551858902,-0.2159375,
6207,8297.129039049149,-0.10335067,
6208,8298.452411174774,-0.0,
6209,8299.78098487854,-0.0767672,
6210,8301.134677886963,-0.20568188,
6211,8302.480777978897,-0.13920102,
6212,8303.801723480225,-0.10450807,
6213,8305.133181095123,-0.5770294,
6214,8306.4605178833,-0.0,
6215,8307.786625862122,-0.12678207,
6216,8308.17533993721,-0.0,
6217,8310.011050462723,-0.073503114,
6218,8311.321827411652,-0.08549018,
6219,8312.657386779785,-0.056359686,
6220,8313.971765041351,-0.0,
6221,8315.280384778976,-0.15028912,
6222,8316.587228536606,-0.033634268,
6223,8317.907276630402,-0.119859174,
6224,8319.239491462708,-0.08176578,
6225,8320.537247896194,-0.0,
6226,8321.859574317932,-0.0010930485,
6227,8323.222269058228,-0.093457386,
6228,8324.530225753784,-0.06565049,
6229,8325.833600282669,-0.0,
6230,8326.21596455574,-0.0,
6231,8328.102637767792,-0.15775439,
6232,8329.440658569336,-0.0,
6233,8330.771732091904,-0.09263006,
6234,8332.086052894592,-0.027546749,
6235,8333.421033382416,-0.029754251,
6236,8334.75272989273,-0.0,
6237,8336.113490819931,-0.05995322,
6238,8337.480475187302,-0.014743848,
6239,8338.802718162537,-0.16497608,
6240,8340.111465215683,-0.0,
6241,8341.43407201767,-0.1311717,
6242,8342.756144285202,-0.24806914,
6243,8344.076026678085,-0.092990704,
6244,8344.47708272934,-0.0,
6245,8346.466659784317,-0.20086208,
6246,8347.799457788467,-0.022507323,
6247,8349.139448165894,-0.11982863,
6248,8350.46647310257,-0.06987147,
6249,8351.784687519073,-0.07503047,
6250,8353.094173908234,-0.0,
6251,8354.41771864891,-0.030043427,
6252,8355.731160402298,-0.13582039,
6253,8357.048369646072,-0.07134798,
6254,8358.364605903625,-0.13388133,
6255,8359.689744472504,-0.0,
6256,8361.008989810944,-0.10341128,
6257,8362.335550546646,-0.00070557615,
6258,8362.744343280792,-0.0,
6259,8364.605746746063,-0.05545257,
6260,8365.918986558914,-0.23260748,
6261,8367.223011732101,-0.08444849,
6262,8368.524601697922,-0.043939866,
6263,8369.839070558548,-0.1036553,
6264,8371.143382787704,-0.0026563532,
6265,8372.475788116455,-0.02564944,
6266,8373.804024934769,-2.442812e-10,
6267,8375.119311094284,-0.025021574,
6268,8376.443211555481,-0.16271254,
6269,8377.757705926895,-0.013096076,
6270,8379.087671041489,-0.032065164,
6271,8380.406818389893,-0.09956323,
6272,8380.790610074997,-0.0,
6273,8382.65330004692,-0.012816553,
6274,8383.97008562088,-0.03898401,
6275,8385.304380655289,-0.05939268,
6276,8386.62445306778,-0.02497737,
6277,8387.945011854172,-0.013229964,
6278,8389.248132228851,-0.0,
6279,8390.582998514175,-0.25969404,
6280,8391.906074285507,-0.058240578,
6281,8393.212666511536,-0.04586843,
6282,8394.516820907593,-0.019033229,
6283,8395.833442211151,-0.16466519,
6284,8397.140032291412,-0.0,
6285,8398.501743793488,-0.18834817,
6286,8398.89348745346,-0.0,
6287,8400.777088880539,-0.014172791,
6288,8402.103439569473,-0.0,
6289,8403.425132751465,-0.060019158,
6290,8404.74651646614,-0.032967888,
6291,8406.049947738647,-0.03205469,
6292,8407.339807748795,-0.017235419,
6293,8408.646799325943,-0.013727243,
6294,8409.949914216995,-0.049242876,
6295,8411.321678161621,-0.05233173,
6296,8412.7186024189,-0.24920243,
6297,8414.0526907444,-0.017813927,
6298,8415.348276615143,-0.24766183,
6299,8416.635443210602,-0.0,
6300,8418.096916913986,-0.0,
6301,8419.900068998337,-0.013759066,
6302,8421.197353601456,-0.25632137,
6303,8422.487517595291,-0.093869224,
6304,8423.859910011292,-0.1841386,
6305,8425.163516998291,-0.035671286,
6306,8426.466289281845,-0.007350462,
6307,8427.774490356445,-0.0,
6308,8429.09175825119,-0.17132494,
6309,8430.40641617775,-0.0,
6310,8431.738868236542,-0.1192551,
6311,8433.022377490997,-0.17717612,
6312,8434.293792009354,-0.060380753,
6313,8435.617986917496,-0.14420913,
6314,8436.01120686531,-0.0,
6315,8437.846725463867,-0.039324205,
6316,8439.156956195831,-0.008115339,
6317,8440.479629039764,-0.0,
6318,8441.810734987259,-0.058986362,
6319,8443.12715625763,-0.16491923,
6320,8444.410448551178,-0.015987162,
6321,8445.707701206207,-0.10598798,
6322,8447.00793504715,-0.07572274,
6323,8448.300701618195,-0.018874403,
6324,8449.583766698837,-0.10814808,
6325,8450.894625663757,-0.02828221,
6326,8452.200788736343,-0.012826796,
6327,8453.518683671951,-0.030702852,
6328,8453.910774946213,-0.0,
6329,8455.75162935257,-0.2025526,
6330,8457.049501657486,-0.011747429,
6331,8458.33733201027,-0.021343438,
6332,8459.635796308517,-0.15686654,
6333,8460.928436756134,-0.023618817,
6334,8462.208547115326,-0.027144993,
6335,8463.493609189987,-0.1335023,
6336,8464.7979221344,-0.1034107,
6337,8466.103849887848,-0.042907793,
6338,8467.410362243652,-0.09153135,
6339,8468.718935251236,-0.0,
6340,8470.009220838547,-0.039525025,
6341,8471.291783571243,-0.1426957,
6342,8471.675713777542,-0.0,
6343,8473.46711063385,-0.06906073,
6344,8474.7616481781,-0.4647499,
6345,8476.05372595787,-0.0029019776,
6346,8477.359985113144,-0.019477244,
6347,8478.648493289948,-0.062312808,
6348,8479.927468299866,-0.11648374,
6349,8481.228776931763,-0.0,
6350,8482.52927994728,-0.05304913,
6351,8483.823667526245,-0.09663416,
6352,8485.123752593994,-0.027267495,
6353,8486.4226603508,-0.05987044,
6354,8487.71485376358,-0.13976343,
6355,8489.011945009232,-0.027240206,
6356,8489.39465045929,-0.0,
6357,8491.284459352493,-2.4229516e-10,
6358,8492.604737758636,-0.013626139,
6359,8493.899502038956,-0.06336038,
6360,8495.203835248947,-0.12112174,
6361,8496.514665603638,-0.025462603,
6362,8497.835128068924,-0.042206794,
6363,8499.135995864868,-0.036468733,
6364,8500.440775156021,-0.011567763,
6365,8501.749571084976,-0.0,
6366,8503.064055681229,-0.059116915,
6367,8504.348433494568,-0.0,
6368,8505.652293682098,-0.020667914,
6369,8506.952675819397,-0.02522342,
6370,8507.349331855774,-0.0,
6371,8509.149855136871,-0.016362289,
6372,8510.440299272537,-0.10953414,
6373,8511.734814167023,-0.030874714,
6374,8513.034141778946,-0.23390836,
6375,8514.327486276627,-0.03817118,
6376,8515.623160600662,-0.0,
6377,8516.916580915451,-0.024158109,
6378,8518.234904527664,-0.054560874,
6379,8519.560225248337,-0.026649743,
6380,8520.896729946136,-0.24675752,
6381,8522.222024440765,-0.04161728,
6382,8523.557872772217,-0.10364355,
6383,8524.871574401855,-0.13790296,
6384,8525.257797718048,-0.0,
6385,8527.105614900589,-0.0034841585,
6386,8528.457222223282,-0.03315621,
6387,8529.76405453682,-6.298474e-06,
6388,8531.071562290192,-0.06592263,
6389,8532.368259191513,-0.0047641667,
6390,8533.666008472443,-0.02606834,
6391,8534.985779762268,-0.004780728,
6392,8536.281538009644,-0.041220054,
6393,8537.570052862167,-0.07314575,
6394,8538.870768547058,-0.17177951,
6395,8540.160764694214,-0.0,
6396,8541.44976401329,-0.026961094,
6397,8542.765495538712,-0.1258024,
6398,8543.1719186306,-0.0,
6399,8544.983003139496,-0.18643285,
6400,8547.515007257462,-0.01838619,
6401,8548.808626890182,-0.0751784,
6402,8550.146176099777,-0.0,
6403,8551.46632552147,-0.036370404,
6404,8552.768522024155,-9.731368e-11,
6405,8554.09748840332,-0.064377025,
6406,8555.42311501503,-0.07346697,
6407,8556.729240655899,-0.019461848,
6408,8558.012669324875,-0.118907936,
6409,8559.309357643127,-0.009210733,
6410,8560.606631755829,-0.10657747,
6411,8561.90261054039,-0.066279,
6412,8562.290297031403,-0.0,
6413,8564.130707740784,-0.04608766,
6414,8565.434794664383,-0.020116638,
6415,8566.75202345848,-0.05016805,
6416,8568.069610595703,-0.019306246,
6417,8569.368144512177,-0.031950854,
6418,8570.673607826233,-0.021193145,
6419,8571.980993032455,-0.094440565,
6420,8573.313879728317,-0.025772136,
6421,8574.60407781601,-0.039277226,
6422,8575.896432876587,-0.07054828,
6423,8577.183148860931,-0.08171568,
6424,8578.475091695786,-0.050517593,
6425,8579.760757446289,-0.1949213,
6426,8580.143008947372,-0.0,
6427,8581.937547683716,-0.0,
6428,8583.278876304626,-0.08334543,
6429,8584.576609373093,-0.12049288,
6430,8585.87910914421,-0.0,
6431,8587.16927933693,-0.14031796,
6432,8588.465784072876,-0.046291575,
6433,8589.779796123505,-0.07649995,
6434,8591.076431274414,-0.111200765,
6435,8592.378679513931,-0.02760012,
6436,8593.677993535995,-0.0068212077,
6437,8595.009342432022,-0.020619422,
6438,8596.296382427216,-0.009868555,
6439,8597.584765434265,-0.12847938,
6440,8597.98878979683,-0.0,
6441,8599.772232294083,-0.0,
6442,8601.064217090607,-0.100655675,
6443,8602.36801314354,-0.0,
6444,8603.662212848663,-0.024599053,
6445,8604.962502241135,-0.036858667,
6446,8606.261137723923,-0.02704067,
6447,8607.5632417202,-0.016120505,
6448,8608.856092453003,-0.18707499,
6449,8610.157534360886,-0.016809104,
6450,8611.456595659256,-0.012282819,
6451,8612.733778476715,-1.6960663e-10,
6452,8614.035098075867,-0.0,
6453,8615.34598660469,-0.18519968,
6454,8615.742678880692,-0.07245643,
6455,8617.60793375969,-0.00946921,
6456,8618.918030500412,-0.0,
6457,8620.21773314476,-0.021245675,
6458,8621.529869318008,-0.052919615,
6459,8622.83087682724,-0.045908775,
6460,8624.187156677246,-0.060043782,
6461,8625.505808353424,-0.0,
6462,8626.813574552536,-0.011044083,
6463,8628.11565876007,-0.0154652465,
6464,8629.408753156662,-0.034483314,
6465,8630.70516371727,-0.029654888,
6466,8632.005861520767,-0.0,
6467,8633.317821025848,-0.03317492,
6468,8633.700525522232,-0.0,
6469,8635.51648235321,-2.59101e-07,
6470,8636.808941602707,-0.051141478,
6471,8638.11037492752,-0.058695145,
6472,8639.406160593033,-0.00434001,
6473,8640.690972328186,-1.8809576e-09,
6474,8641.985155820847,-0.020654751,
6475,8643.298794031143,-0.17660296,
6476,8644.62667632103,-0.25561348,
6477,8645.950869083405,-0.0,
6478,8647.282164096832,-0.05751199,
6479,8648.625400781631,-0.14599879,
6480,8649.940364837646,-0.017964533,
6481,8651.281026363373,-0.026352648,
6482,8651.689289093018,-0.0,
6483,8653.479703903198,-0.0,
6484,8654.790093898773,-0.003008713,
6485,8656.087069034576,-0.00074786297,
6486,8657.373070001602,-0.0,
6487,8658.668901920319,-0.03196075,
6488,8659.948259592056,-0.23036173,
6489,8661.252413511276,-0.15960327,
6490,8662.541197299957,-0.037964813,
6491,8663.820420503616,-0.033039268,
6492,8665.108112096786,-0.048798215,
6493,8666.422525405884,-0.14715292,
6494,8667.718677043915,-0.13700221,
6495,8669.018429279327,-0.14247307,
6496,8669.408772468567,0.1982574,
6497,8671.258165836334,-0.032042246,
6498,8672.572049617767,-0.047131415,
6499,8673.89095044136,-0.0,
6500,8676.61663222313,-0.03000477,
6501,8677.945241212845,-0.0071105314,
6502,8679.253243684769,-0.18689087,
6503,8680.568893909454,-0.21718574,
6504,8681.885286569595,-0.18485804,
6505,8683.18692445755,-0.09672051,
6506,8684.472923994064,-0.03168977,
6507,8685.779193162918,-0.26455164,
6508,8687.072958230972,-0.01165799,
6509,8688.366360902786,-0.0,
6510,8688.74465584755,-0.0,
6511,8690.532858371735,-0.031076308,
6512,8691.827709436417,-0.0,
6513,8693.105469942093,-0.017380346,
6514,8694.401600837708,-0.040991466,
6515,8695.699930429459,-0.0117293205,
6516,8696.984164714813,-0.0,
6517,8698.272895097733,-0.07185223,
6518,8699.575507164001,-0.16784126,
6519,8700.873111724854,-0.025936197,
6520,8702.176389694214,-0.35596177,
6521,8703.470966815948,-0.05516551,
6522,8704.762072563171,-0.0,
6523,8706.089411973953,-0.026985897,
6524,8706.495732784271,-0.37666792,
6525,8708.370948553085,-0.019152928,
6526,8709.68179011345,-0.00027786006,
6527,8710.991336107254,-0.11856359,
6528,8712.313878297806,-0.061841197,
6529,8713.627164125443,-0.0139583,
6530,8714.914971590042,-0.055502187,
6531,8716.208705186844,-0.036632955,
6532,8717.510163545609,-0.01854275,
6533,8718.809296369553,-0.03925503,
6534,8720.105329751968,-0.15546301,
6535,8721.403735637665,-0.06778176,
6536,8722.722206115723,-0.02399872,
6537,8724.092512369156,-0.029020462,
6538,8724.499932289124,-0.0,
6539,8726.331037044525,-0.020338368,
6540,8727.676846504211,-0.0043883063,
6541,8729.045309305191,-0.19532533,
6542,8730.4232878685,-0.046495594,
6543,8731.750622034073,-0.06478332,
6544,8733.043811559677,-0.024167966,
6545,8734.371807813644,-0.25844222,
6546,8735.724806547165,-0.1703806,
6547,8737.04023551941,-0.06426923,
6548,8738.356169700623,-0.27043897,
6549,8739.666412830353,-0.0,
6550,8740.969315052032,-0.12621416,
6551,8742.27534365654,-0.044320736,
6552,8742.670657396317,-0.0,
6553,8744.467634439468,-0.022934657,
6554,8745.7622153759,-0.022730395,
6555,8747.069445848465,-0.005542561,
6556,8748.362176895142,-0.012484517,
6557,8749.658132314682,-0.0248126e-05,
6558,8750.957973480225,-0.0,
6559,8752.271201133728,-0.029096026,
6560,8753.57411813736,-0.084967524,
6561,8754.868599414825,-0.031565577,
6562,8756.169666528702,-0.10685114,
6563,8757.465834140778,-0.12212461,
6564,8758.760852098465,-0.020232415,
6565,8760.055477380753,-0.04749532,
6566,8760.439644813538,-0.0,
6567,8762.285751581192,-0.046494998,
6568,8763.610090017319,-0.02207674,
6569,8764.917530536652,-0.08900696,
6570,8766.220927000046,-0.053493433,
6571,8767.518426179886,-0.60380524,
6572,8768.814263343811,-0.19330218,
6573,8770.107576847076,-0.0,
6574,8771.408515930176,-0.19777335,
6575,8772.699828624725,-4.971722e-07,
6576,8773.995891332626,-0.20041968,
6577,8775.314212560654,-0.053602863,
6578,8776.617602586746,-0.45336252,
6579,8777.926224708557,-0.13788587,
6580,8778.313012123108,-0.1264076,
6581,8780.199113368988,-0.018183356,
6582,8781.501046419144,-0.061283182,
6583,8782.792909145355,-0.047249857,
6584,8784.085621595383,-0.15358937,
6585,8785.384090662003,-0.002482763,
6586,8786.67915225029,-0.04145924,
6587,8787.977362394333,-0.029542655,
6588,8789.284254312515,-0.022214849,
6589,8790.578070163727,-0.10959251,
6590,8791.870764493942,-0.04629951,
6591,8793.165361881256,-0.09975515,
6592,8794.468501329422,-0.0,
6593,8795.768597364426,-0.06682,
6594,8796.148027896881,-0.0,
6595,8798.011889457703,-0.027827378,
6596,8799.311987161636,-0.20263492,
6597,8800.613982200623,-0.0,
6598,8801.926921606064,-0.03395281,
6599,8803.265065193176,-0.025261,
6600,8805.932029485703,-0.05401508,
6601,8807.277472257614,-0.08312807,
6602,8808.64934873581,-0.09949105,
6603,8809.960238456726,-0.0,
6604,8811.272603273392,-0.09893823,
6605,8812.61725115776,-0.09408854,
6606,8813.919127702713,-0.042802583,
6607,8815.218775749207,-0.080620125,
6608,8815.597621679306,-0.0,
6609,8817.41124343872,-0.10013756,
6610,8818.720217704773,-0.053929858,
6611,8820.012252807617,-0.023636509,
6612,8821.307497262955,-0.01767527,
6613,8822.626830816269,-0.030819017,
6614,8823.921781301498,-0.008895303,
6615,8825.205667495728,-2.1707208e-06,
6616,8826.507085084915,-0.09367969,
6617,8827.818701982498,-0.16271104,
6618,8829.120322942734,-0.1204443,
6619,8830.429724693298,-0.13984746,
6620,8831.747678995132,-0.019892167,
6621,8833.075176477432,-0.0,
6622,8833.463615179062,-0.0,
6623,8835.359347581863,-0.004099158,
6624,8836.691351652145,-0.099552274,
6625,8838.032211303711,-0.018078435,
6626,8839.354348421097,-0.081580795,
6627,8840.668230056763,-0.05606352,
6628,8841.96951341629,-0.055835817,
6629,8843.275576353073,-0.06688531,
6630,8844.594691991806,-0.16189405,
6631,8845.913164615631,-0.04201235,
6632,8847.219548463821,-0.101814345,
6633,8848.507491350174,-0.14525697,
6634,8849.80304980278,-0.02656496,
6635,8851.11126613617,-0.01700075,
6636,8851.490338563919,-0.0,
6637,8853.273324489594,-0.0,
6638,8854.569479942322,-0.08009403,
6639,8855.880986452103,-0.029988432,
6640,8857.170790195465,-0.017317288,
6641,8858.516929626465,-0.002237973,
6642,8859.820837259293,-0.026565395,
6643,8861.126250982285,-0.029679138,
6644,8862.434741735458,-0.3285025,
6645,8863.768864631653,-0.06675022,
6646,8865.186431646347,-0.1104701,
6647,8866.567586898804,-0.054419298,
6648,8867.968668937683,-0.0784639,
6649,8869.366434335709,-0.048591904,
6650,8869.761621236801,-0.0,
6651,8871.587568998337,-0.23513544,
6652,8872.894477367401,-0.0,
6653,8874.199886083603,-0.02102746,
6654,8875.486919164658,-0.0,
6655,8876.783625364304,-0.022057576,
6656,8878.08061504364,-0.09000878,
6657,8879.391179323196,-0.031508613,
6658,8880.686831474304,-0.0,
6659,8881.98994898796,-0.017620426,
6660,8883.29867362976,-3.412442e-08,
6661,8884.617409944534,-0.07789415,
6662,8885.929162979126,-0.0,
6663,8887.243256568909,-0.046086863,
6664,8887.63627076149,-0.0,
6665,8889.48654460907,-0.19877806,
6666,8890.794529914856,-0.035244763,
6667,8892.180723428726,-0.053861015,
6668,8893.567894935608,-0.03382172,
6669,8894.975841522217,-0.0,
6670,8896.365602254868,-0.04061129,
6671,8897.720166921616,-0.040996384,
6672,8899.062458276749,-0.059434198,
6673,8900.377902030945,-0.13640389,
6674,8901.76830649376,-0.23200622,
6675,8903.07296037674,-0.028425317,
6676,8904.40950870514,-0.09060631,
6677,8905.712841272354,-0.05733479,
6678,8906.10466337204,-0.0,
6679,8907.932782173157,-0.33453083,
6680,8909.246216773987,-0.084726706,
6681,8910.559653997421,-0.12765685,
6682,8911.958631038666,-0.08119631,
6683,8913.311006069183,-0.0,
6684,8914.666826963425,-0.06412695,
6685,8916.006129741669,-0.0,
6686,8917.31759929657,-0.0,
6687,8918.673616170883,-0.0,
6688,8920.010571718216,-0.08576284,
6689,8921.318669557571,-0.09232731,
6690,8922.627024888992,-0.0,
6691,8923.938290834427,-0.038318153,
6692,8924.325207471848,-0.0,
6693,8926.134662866592,-0.026699234,
6694,8927.45135974884,-0.13833442,
6695,8928.755328655243,-0.07543363,
6696,8930.062602758408,-0.01936154,
6697,8931.359246730804,-0.07722388,
6698,8932.655763626099,-0.0034193923,
6699,8933.963126659393,-0.07688193,
6700,8936.604758024216,-0.08093917,
6701,8937.900051355362,-0.06879938,
6702,8939.213818788528,-0.11574499,
6703,8940.516479730606,-0.02213232,
6704,8941.823537349701,-0.09250286,
6705,8943.135655641556,-0.0,
6706,8943.535579442978,-0.0,
6707,8945.407268047333,-0.0,
6708,8946.756649017334,-0.13382009,
6709,8948.08307480812,-0.0006885073,
6710,8949.40755391121,-0.018093497,
6711,8950.759911060333,-0.27376205,
6712,8952.068860054016,-0.02450347,
6713,8953.378264427185,-0.5805982,
6714,8954.725303411484,-0.050878722,
6715,8956.065888166428,-0.05060505,
6716,8957.382270097733,-0.20777342,
6717,8958.700275421143,-0.049725834,
6718,8960.030721902847,-0.010582859,
6719,8961.336042881012,-0.069471106,
6720,8961.723989009857,-0.37140688,
6721,8963.570971727371,-0.06837239,
6722,8964.884466171265,-0.13596547,
6723,8966.216037034988,-0.012477627,
6724,8967.528188705444,-0.018870102,
6725,8968.840972661972,-0.021403313,
6726,8970.144458055496,-0.059403114,
6727,8971.444122076035,-0.07652823,
6728,8972.751215219498,-0.0,
6729,8974.069830656052,-0.15968066,
6730,8975.40045928955,-0.32682005,
6731,8976.736660003662,-0.06903345,
6732,8978.05480146408,-0.011532271,
6733,8979.394058227539,-0.0,
6734,8979.781539201736,-0.0,
6735,8981.726645708084,-0.021345602,
6736,8983.040965795517,-0.04300771,
6737,8984.35830450058,-0.007903835,
6738,8985.680860042572,-0.0425211,
6739,8986.997433662415,-0.022897035,
6740,8988.329048156738,-0.010150373,
6741,8989.649551868439,-0.0,
6742,8990.968972921371,-0.027889406,
6743,8992.271602392197,-0.16073659,
6744,8993.566040039062,-0.06719458,
6745,8994.869866371155,-0.014463991,
6746,8996.174068689346,-0.0513046,
6747,8997.465788841248,-0.03298692,
6748,8997.848485469818,-0.0,
6749,8999.665189027786,-0.020446144,
6750,9000.991401433945,-0.12010889,
6751,9002.301709651947,-0.01991065,
6752,9003.60815834999,-0.02788436,
6753,9004.923608779907,-0.0,
6754,9006.226652383804,-0.025386566,
6755,9007.541868925095,-0.42060298,
6756,9008.848097085953,-0.0,
6757,9010.16148853302,-0.11801815,
6758,9011.511441707611,-0.06362921,
6759,9012.817468643188,-0.008316311,
6760,9014.12002658844,-0.18869956,
6761,9015.43418931961,-0.058858156,
6762,9015.832023143768,-0.0,
6763,9017.65322136879,-0.031575724,
6764,9018.962916851044,-0.08573764,
6765,9020.282177448273,-0.012618514,
6766,9021.57988023758,-0.014498944,
6767,9022.880492210388,-0.0,
6768,9024.1716401577,-0.07646252,
6769,9025.468922615051,-0.27255887,
6770,9026.75440621376,-0.06448248,
6771,9028.040611982346,-0.049047433,
6772,9029.337388038635,-0.10596386,
6773,9030.647111654282,-0.032263562,
6774,9031.951063394547,-0.2782557,
6775,9033.27292919159,-0.22924893,
6776,9033.655196905136,-0.0,
6777,9035.461496829987,-0.0,
6778,9036.762365818024,-0.047666688,
6779,9038.05139708519,-0.16290021,
6780,9039.347228765488,-0.029502878,
6781,9040.636758327484,-0.0,
6782,9041.9376912117,-0.01041452,
6783,9043.23805642128,-0.0,
6784,9044.540140628815,-0.0,
6785,9045.84813785553,-7.70705e-05,
6786,9047.139063596725,-0.009788471,
6787,9048.462700843811,-0.020934865,
6788,9049.772692680359,-0.06867285,
6789,9051.08476614952,-0.014935059,
6790,9051.484106063843,-0.008121808,
6791,9053.3317527771,-0.20083822,
6792,9054.647636651993,-0.0,
6793,9055.954864025116,-0.0,
6794,9057.25619339943,-1.0153906e-06,
6795,9058.548868656158,-0.0,
6796,9059.838443756104,-0.0068635475,
6797,9061.14116692543,-0.0,
6798,9062.464059114456,-0.005391947,
6799,9063.756132125854,-0.0,
6800,9066.768303155899,-0.21870594,
6801,9068.069503307343,-0.02844109,
6802,9069.411484479904,-0.024751661,
6803,9070.726680278778,-0.02991118,
6804,9071.110567331314,-0.0,
6805,9072.972992658615,-0.05192341,
6806,9074.271814346313,-0.2743046,
6807,9075.572376966476,-0.0,
6808,9076.86901640892,-0.014746445,
6809,9078.164161682129,-0.017218284,
6810,9079.531063079834,-0.0,
6811,9080.87831401825,-0.0063644676,
6812,9082.183232307434,-0.1490463,
6813,9083.495791912079,-0.07106148,
6814,9084.798563480377,-0.054973792,
6815,9086.102543354034,-0.0,
6816,9087.393186569214,-0.014617333,
6817,9088.695744276047,-0.2623039,
6818,9089.080795288086,-0.0,
6819,9090.836530923843,-0.0,
6820,9092.148517131805,-0.00063329726,
6821,9093.464231014252,-0.03598655,
6822,9094.777235507965,-0.0,
6823,9096.0877764225,-0.06790498,
6824,9097.393815755844,-0.006640479,
6825,9098.690876960754,-0.0022576044,
6826,9099.999334812164,-0.03515132,
6827,9101.300524711609,-0.11928132,
6828,9102.60796880722,-0.058315445,
6829,9103.903586864471,-0.004698462,
6830,9105.199000120163,-0.0,
6831,9106.498059272766,-0.0,
6832,9106.886368989944,-0.0,
6833,9108.765942811966,-0.073364325,
6834,9110.08442735672,-0.026509719,
6835,9111.38943862915,-0.037350364,
6836,9112.666772127151,-0.0,
6837,9113.968882083893,-0.07579948,
6838,9115.262908697128,-0.13118997,
6839,9116.56904578209,-0.22271991,
6840,9117.863090515137,-8.359017e-09,
6841,9119.149991035461,-0.033308335,
6842,9120.435691833496,-0.058912914,
6843,9121.738763093948,-0.33840674,
6844,9123.029707670212,-0.101167224,
6845,9124.370988368988,-0.13432182,
6846,9124.75805568695,-0.0,
6847,9126.558063745499,-0.0837276,
6848,9127.851095199585,-0.0,
6849,9129.14267539978,-0.00031913008,
6850,9130.439979553223,-0.18038365,
6851,9131.75539445877,-0.03657126,
6852,9133.051484823227,-0.01225715,
6853,9134.34878206253,-0.0,
6854,9135.643975019455,-0.021304484,
6855,9136.93308877945,-0.017692214,
6856,9138.22320652008,-0.09838621,
6857,9139.51252579689,-0.011820334,
6858,9140.803000211716,-0.039677083,
6859,9142.09563112259,-0.0,
6860,9142.473722457886,-0.0,
6861,9144.242057800293,-0.011353285,
6862,9145.542383670807,-0.15789199,
6863,9146.854204177856,-0.094873756,
6864,9148.175640106201,-0.008299918,
6865,9149.550288200378,-0.02732138,
6866,9150.892954826355,-0.02803246,
6867,9152.23857474327,-0.04439778,
6868,9153.5960252285,-0.025490712,
6869,9154.950268745422,-0.06294441,
6870,9156.293968439102,-0.13056111,
6871,9157.603401184082,-0.07959997,
6872,9158.905225753784,-0.026468266,
6873,9160.209108352661,-0.09959486,
6874,9160.593408107758,-0.0,
6875,9162.351828813553,-0.07356519,
6876,9163.652997493744,-0.012386141,
6877,9164.942206859589,-0.014870735,
6878,9166.26065158844,-0.06018205,
6879,9167.552934885025,-0.0,
6880,9168.834603786469,-0.10656556,
6881,9170.139952659607,-0.0,
6882,9171.436038255692,-0.24387532,
6883,9172.748975515366,-0.4649741,
6884,9174.120176553726,-0.10943928,
6885,9175.454471826553,-0.057810724,
6886,9176.791737318039,-0.25916463,
6887,9178.142829179764,-0.0,
6888,9178.542712688446,-0.0,
6889,9180.507333755493,-0.2634948,
6890,9181.832772731781,-0.15593827,
6891,9183.15034866333,-0.15403908,
6892,9184.464107513428,-0.0,
6893,9185.759237289429,-0.0724666,
6894,9187.063665390015,-0.0,
6895,9188.36477136612,-0.02711904,
6896,9189.658857584,-0.029466208,
6897,9190.951907396317,-0.045893703,
6898,9192.24791431427,-0.0682869,
6899,9193.544036626816,-6.8083303e-09,
6900,9196.02516746521,-0.1115758,
6901,9197.326306343079,-0.012584577,
6902,9197.708878993988,-0.0,
6903,9199.509951591492,-0.14701281,
6904,9200.821743011475,-0.019763848,
6905,9202.145697593689,-0.021956746,
6906,9203.49674129486,-0.022618784,
6907,9204.859510660172,-0.123197325,
6908,9206.230173826218,-0.033318307,
6909,9207.5579226017,-0.020563573,
6910,9208.90752196312,-0.032142393,
6911,9210.228386640549,-0.004826341,
6912,9211.556310653687,-0.009884795,
6913,9212.890268802643,-0.0073243296,
6914,9214.203940868378,-0.048111875,
6915,9215.504517555237,-0.033428635,
6916,9215.892745256424,-0.0,
6917,9217.724697113037,-0.06821752,
6918,9219.017614126205,-0.23833454,
6919,9220.312239646912,-0.07459414,
6920,9221.614619731903,-0.021967245,
6921,9222.895258188248,-0.0,
6922,9224.184500694275,-0.025282001,
6923,9225.472073554993,-0.0359624,
6924,9226.784075975418,-0.13868725,
6925,9228.08893275261,-0.02023743,
6926,9229.398448705673,-0.19795725,
6927,9230.70862364769,-0.09614849,
6928,9232.01575422287,-0.07716881,
6929,9233.317459344864,-0.05166493,
6930,9233.710354566574,-0.0,
6931,9235.571410655975,-0.012382289,
6932,9236.889793157578,-2.6236544e-06,
6933,9238.181602716446,-0.0,
6934,9239.480129241943,-0.02612916,
6935,9240.785060882568,-0.070178024,
6936,9242.086129188538,-0.013304094,
6937,9243.391588687897,-0.18833189,
6938,9244.690257310867,-0.090546586,
6939,9245.992776155472,-0.1789212,
6940,9247.305139303207,-0.085832976,
6941,9248.602279186249,-0.007564942,
6942,9249.886841058731,-0.043900587,
6943,9251.17142033577,-0.10999834,
6944,9251.54835152626,-0.0,
6945,9253.349428892136,-0.18526302,
6946,9254.6430580616,-0.07238514,
6947,9255.932034730911,-0.008301564,
6948,9257.25027012825,-0.012824495,
6949,9258.555171489716,-0.0,
6950,9259.889300584793,-0.03331285,
6951,9261.199186325073,-0.33406058,
6952,9262.552351236343,-0.0,
6953,9263.916763782501,-0.030543339,
6954,9265.275416135788,-0.062172167,
6955,9266.581479549408,-0.027623704,
6956,9267.886759996414,-0.0814001,
6957,9269.190161943436,-0.052222207,
6958,9269.579825878143,-0.0,
6959,9271.398751020432,-0.0,
6960,9272.705916643143,-0.011126643,
6961,9274.011236906052,-0.010271395,
6962,9275.3252120018,-0.057342328,
6963,9276.619579315186,-0.04607748,
6964,9277.91421866417,-0.07241762,
6965,9279.218351840973,-0.0,
6966,9280.560651779175,-0.14554891,
6967,9281.878886938095,-0.006563618,
6968,9283.20084285736,-0.018193208,
6969,9284.521362066269,-0.02094217,
6970,9285.877394914627,-0.01528517,
6971,9287.223490715027,-0.01722006,
6972,9287.634058237076,-0.0,
6973,9289.53883934021,-0.021167362,
6974,9290.911136865616,-0.023566261,
6975,9292.286762237549,-0.023653336,
6976,9293.659696817398,-0.01857345,
6977,9295.002973794937,-0.035374317,
6978,9296.361653327942,-0.031689797,
6979,9297.695489168167,-0.041387822,
6980,9299.012327432632,-0.0,
6981,9300.312537193298,-0.0,
6982,9301.618057966232,-0.18772724,
6983,9302.920268774033,-0.041754905,
6984,9304.211898326874,-0.26353532,
6985,9305.515501260757,-0.012325671,
6986,9305.900652170181,-0.0,
6987,9307.716870546341,-0.014177814,
6988,9309.02811574936,-0.015604215,
6989,9310.382714748383,-0.4216331,
6990,9311.700388431549,-0.0,
6991,9313.027482509613,-0.0,
6992,9314.342280864716,-0.064578824,
6993,9315.664017438889,-0.23536119,
6994,9316.984389781952,-0.05554053,
6995,9318.278121709824,-0.100684345,
6996,9319.586280584335,-0.12295417,
6997,9320.900782108307,-0.07749484,
6998,9322.241152048111,-0.028623506,
6999,9323.596836805344,-0.0,
7000,9325.164471149445,-0.0,
7001,9326.994206666946,-0.15512373,
7002,9328.301052331924,-0.039829493,
7003,9329.591889381409,-0.16811132,
7004,9330.890867471695,-0.21914166,
7005,9332.192297697067,-0.08605093,
7006,9333.488757133484,-0.0,
7007,9334.786392450333,-0.0,
7008,9336.09187579155,-0.13002571,
7009,9337.428154468536,-0.07966337,
7010,9338.793895244598,-0.008507297,
7011,9340.14404296875,-0.12205684,
7012,9341.493354558945,-0.14327857,
7013,9342.812711238861,-0.14496559,
7014,9343.193907737732,-0.0,
7015,9344.982643604279,-0.16137701,
7016,9346.287192821503,-0.14671159,
7017,9347.631811380386,-0.016807867,
7018,9348.945650339127,-0.0,
7019,9350.318417549133,-0.15288335,
7020,9351.673532962799,-0.00030132494,
7021,9353.047936677933,-0.020435782,
7022,9354.379143476486,-0.020045187,
7023,9355.69211101532,-0.08963493,
7024,9356.980657815933,-0.09143947,
7025,9358.293280124664,-0.014557543,
7026,9359.598730564117,-0.32005316,
7027,9360.899214029312,-0.0,
7028,9361.30278635025,-0.0,
7029,9363.087959051132,-0.06943482,
7030,9364.383030891418,-0.030293863,
7031,9365.710042715073,-0.05156703,
7032,9367.029129981995,-0.0015716893,
7033,9368.325869560242,-0.011880048,
7034,9369.619702339172,-0.052851193,
7035,9370.956984996796,-0.0,
7036,9372.308159589767,-0.0,
7037,9373.61809015274,-0.0608883,
7038,9375.002019882202,-0.018129943,
7039,9376.328326702118,-0.0,
7040,9377.641532421112,-0.0,
7041,9378.948002815247,-0.070696786,
7042,9379.342444896698,-0.0,
7043,9381.384858369827,-0.0,
7044,9382.68685245514,-0.3472122,
7045,9383.985115528107,-0.0483232,
7046,9385.286638736725,-0.0,
7047,9386.59353351593,-0.0,
7048,9387.911747694016,-0.04023012,
7049,9389.220365047455,-0.11748709,
7050,9390.517148733139,-0.090045504,
7051,9391.842128515244,-0.12370183,
7052,9393.149676561356,-0.04573772,
7053,9394.474891424179,-3.3549564e-05,
7054,9395.850731611252,-0.0,
7055,9397.178328037262,-0.031294003,
7056,9397.583540439606,-0.0,
7057,9399.427431583405,-0.02017915,
7058,9400.731402158737,-0.075365916,
7059,9402.031841039658,-0.0,
7060,9403.361876487732,-0.03787098,
7061,9404.697237968445,-0.0007526051,
7062,9406.029608011246,-0.05830497,
7063,9407.35566997528,-0.0,
7064,9408.674176216125,-0.020487787,
7065,9409.982979536057,-0.013580218,
7066,9411.30564212799,-0.01927545,
7067,9412.5973238945,-0.004301508,
7068,9413.888621330261,-0.023832625,
7069,9415.190083026886,-3.6755132e-06,
7070,9415.574541807175,-0.0,
7071,9417.407330513,-0.0,
7072,9418.735506772995,-0.08161594,
7073,9420.057601451874,-0.017118199,
7074,9421.40170621872,-0.030838577,
7075,9422.72978591919,-0.0023247362,
7076,9424.079328298569,-0.0,
7077,9425.424957990646,-0.0,
7078,9426.760697603226,-0.08636681,
7079,9428.077866792679,-0.0,
7080,9429.39624619484,-0.0,
7081,9430.70187664032,-0.0,
7082,9432.005913734436,-0.01211042,
7083,9433.322782039642,-0.013041492,
7084,9433.717967510223,-0.0,
7085,9435.542026281357,-0.011493816,
7086,9436.85553407669,-0.0,
7087,9438.18634223938,-0.01977324,
7088,9439.499815940857,-0.2090432,
7089,9440.819473981857,-0.0,
7090,9442.11082315445,-0.024787704,
7091,9443.41852259636,-0.25564668,
7092,9444.726283073425,-0.08414336,
7093,9446.036833047867,-0.058552146,
7094,9447.355808734894,-0.045038447,
7095,9448.674763441086,-0.3360179,
7096,9450.001425981522,-0.17849988,
7097,9451.314807415009,-0.08334678,
7098,9451.708007335663,-0.0,
7099,9453.543973684311,-0.05408442,
7100,9456.053262233734,-0.06516918,
7101,9457.349633932114,-0.021864358,
7102,9458.672022342682,-0.0822498,
7103,9459.994225263596,-0.021987878,
7104,9461.305912017822,-0.02883276,
7105,9462.629950284958,-0.0,
7106,9463.960193157196,-0.23876694,
7107,9465.272898197174,-0.024906876,
7108,9466.571727275848,-0.1118662,
7109,9467.875457048416,-0.0,
7110,9469.17928647995,-0.0,
7111,9470.50920176506,-0.088645935,
7112,9470.907725811005,-0.0,
7113,9472.756751537323,-0.049846757,
7114,9474.10181236267,-0.09796066,
7115,9475.426102399826,-0.0040393113,
7116,9476.722020626068,-0.028073201,
7117,9478.027755975723,-0.029008195,
7118,9479.328414678574,-0.018502634,
7119,9480.631027460098,-0.0,
7120,9481.924162626266,-0.08488697,
7121,9483.221353530884,-0.0,
7122,9484.515708684921,-0.027307361,
7123,9485.816421985626,-0.026342744,
7124,9487.132404327393,-0.06114952,
7125,9488.438383102417,-0.11755816,
7126,9488.830406188965,-0.0,
7127,9490.670303821564,-0.11336569,
7128,9491.991462230682,-0.010013146,
7129,9493.310022115707,-0.053122938,
7130,9494.66390299797,-0.0,
7131,9495.97333073616,-0.02273892,
7132,9497.288040399551,-0.014825414,
7133,9498.603826284409,-0.1280589,
7134,9499.91808271408,-0.09908181,
7135,9501.234011888504,-0.028015822,
7136,9502.536296606064,-0.07149451,
7137,9503.830858707428,-0.030940887,
7138,9505.129297018051,-0.045482453,
7139,9506.427029371262,-0.115708604,
7140,9506.852366685867,-0.1198401,
7141,9508.676653146744,-0.010245485,
7142,9509.992153644562,-0.042273764,
7143,9511.31582069397,-0.08766183,
7144,9512.649546384811,-0.14763252,
7145,9513.95844578743,-0.035879873,
7146,9515.264726161957,-0.0,
7147,9516.59845995903,-0.016349144,
7148,9517.9240295887,-0.26741368,
7149,9519.22888970375,-0.0088795535,
7150,9520.531240701675,-0.06544216,
7151,9521.835119247437,-0.0,
7152,9523.199869394302,-0.03781744,
7153,9524.545827388763,-0.031122934,
7154,9524.94266295433,-0.0,
7155,9526.780315876007,-0.5238143,
7156,9528.098928928375,-0.12189096,
7157,9529.397989988327,-0.028597603,
7158,9530.696889162064,-0.022479173,
7159,9532.008331775665,-0.06702457,
7160,9533.297771930695,-0.0,
7161,9534.629006147385,-0.11696229,
7162,9535.92775130272,-0.035606008,
7163,9537.228539705276,-0.0016253529,
7164,9538.526225805283,-0.0,
7165,9539.826639175415,-0.0,
7166,9541.127922058105,-0.04325806,
7167,9542.422534704208,-0.14844802,
7168,9542.804851770401,-0.0,
7169,9544.611185789108,-0.09867442,
7170,9545.912412166595,-0.0057342304,
7171,9547.216800928116,-0.044090755,
7172,9548.554173469543,-0.038386352,
7173,9549.895717859268,-0.012676825,
7174,9551.256479501724,-0.16464706,
7175,9552.64718079567,-0.04239251,
7176,9553.996516227722,-0.009525297,
7177,9555.343381166458,-0.0,
7178,9556.668057441711,-0.08694168,
7179,9557.980781316757,-0.119675964,
7180,9559.276247501373,-0.038021863,
7181,9560.568804740906,-0.0,
7182,9560.960734128952,-0.0,
7183,9562.747879505157,-0.0,
7184,9564.036718130112,-0.0,
7185,9565.325713634491,-0.08791398,
7186,9566.632862329483,-0.0,
7187,9567.92827296257,-0.12659732,
7188,9569.214029073715,-0.02323005,
7189,9570.514217615128,-0.013281388,
7190,9571.799126386642,-0.0,
7191,9573.094143867493,-0.033423536,
7192,9574.394386291504,-0.13317648,
7193,9575.719779729843,-0.15198481,
7194,9577.010702133179,-0.021781718,
7195,9578.315904855728,-3.6163627e-05,
7196,9578.698537826538,-0.0,
7197,9580.552839756012,-0.3199229,
7198,9581.868014335632,-0.14859724,
7199,9583.183815717697,-0.0017409704,
7200,9585.736943483353,-0.17270732,
7201,9587.038292884827,-0.0,
7202,9588.334165811539,-0.108707026,
7203,9589.6232817173,-0.045719977,
7204,9590.921349525452,-0.011305484,
7205,9592.229479789734,-0.08664458,
7206,9593.557931900024,-0.028177667,
7207,9594.879345417023,-0.046481706,
7208,9596.262364387512,-0.0,
7209,9597.589309453964,-0.04117936,
7210,9597.982350349426,-0.0,
7211,9599.864815950394,-0.027273402,
7212,9601.17193722725,-0.0,
7213,9602.49385356903,-0.049311914,
7214,9603.814115285873,-0.023871796,
7215,9605.139446735382,-0.037810877,
7216,9606.446600437164,-0.0,
7217,9607.756445169449,-0.026681304,
7218,9609.072017908096,-0.0030647463,
7219,9610.359501123428,-0.021875974,
7220,9611.681359767914,-0.024561439,
7221,9612.984586954117,-0.10763128,
7222,9614.298378705978,-0.0349062,
7223,9615.62782049179,-0.0,
7224,9616.020728826523,-0.0,
7225,9617.818704128265,-0.0,
7226,9619.100652694702,-0.16435744,
7227,9620.413523674011,-0.11421758,
7228,9621.729991912842,-0.021247609,
7229,9623.038263082504,-0.09204679,
7230,9624.339697122574,-0.01218154,
7231,9625.673968791962,-1.509287e-08,
7232,9627.054770708084,-0.16009974,
7233,9628.433549165726,-0.018474367,
7234,9629.786799430847,-0.21835461,
7235,9631.144350290298,-0.064440995,
7236,9632.4477186203,-0.016083336,
7237,9633.760392665863,-0.0,
7238,9634.144282579422,-0.0,
7239,9635.963780164719,-0.0033515585,
7240,9637.28795003891,-0.0,
7241,9638.577409267426,-0.020234475,
7242,9639.87094092369,-0.118510745,
7243,9641.174055814743,-0.0,
7244,9642.464637041092,-0.035187617,
7245,9643.794150829315,-0.018773891,
7246,9645.128689527512,-0.00536403,
7247,9646.44266462326,-0.16185074,
7248,9647.75681591034,-0.0,
7249,9649.092992305756,-0.09426689,
7250,9650.399881601334,-0.31617945,
7251,9651.697778701782,-0.052894913,
7252,9652.08317899704,-0.0,
7253,9653.932131290436,-0.20645885,
7254,9655.258780002594,-0.028661683,
7255,9656.562265634537,-0.10402192,
7256,9657.878460884094,-0.09598684,
7257,9659.191758871078,-0.0627601,
7258,9660.48716211319,-0.19598298,
7259,9661.789132595062,-0.045638297,
7260,9663.089437246323,-0.0,
7261,9664.418469905853,-0.050934404,
7262,9665.71971988678,-0.043096155,
7263,9667.024116277695,-0.03327328,
7264,9668.320871591568,-0.20575422,
7265,9669.602776527405,-0.056784444,
7266,9669.981514930725,-0.0,
7267,9671.776155233383,-0.00960451,
7268,9673.094622612,-0.0,
7269,9674.409403085709,-0.054528676,
7270,9675.722673892975,-0.059666142,
7271,9677.0375289917,-0.0,
7272,9678.37426495552,-0.0,
7273,9679.68263888359,-0.0,
7274,9681.026834487915,-0.08183278,
7275,9682.330230474472,-0.0889507,
7276,9683.624602079391,-0.0,
7277,9684.94245672226,-0.024514612,
7278,9686.265381336212,-0.0,
7279,9687.586425542831,-0.015970757,
7280,9687.977861642838,-0.0,
7281,9689.82838010788,-0.011494844,
7282,9691.145802974701,-0.0,
7283,9692.453431367874,-0.08658953,
7284,9693.803909540176,-0.38490993,
7285,9695.119220256805,-0.058130316,
7286,9696.426210165024,-0.008587541,
7287,9697.735660791397,-0.0,
7288,9699.040888309479,-0.046451993,
7289,9700.343977689743,-0.08769936,
7290,9701.648063659668,-0.22414015,
7291,9702.939737558365,-0.03360664,
7292,9704.251163482666,-0.008331775,
7293,9705.573128938675,-0.002444296,
7294,9705.95975780487,-0.0,
7295,9707.796933174133,-0.072787315,
7296,9709.114408493042,-0.14881574,
7297,9710.435996055603,-0.067233905,
7298,9711.761129379272,-0.1995108,
7299,9713.057754993439,-0.013792621,
7300,9715.63157248497,-0.1549103,
7301,9716.938959121704,-0.04017752,
7302,9718.24123764038,-0.017822031,
7303,9719.537350416183,-0.012565559,
7304,9720.840036153793,-0.0,
7305,9722.186393737793,-0.8535472,
7306,9723.542953968048,-0.16370657,
7307,9724.89294719696,-0.055992264,
7308,9725.28886294365,-0.0,
7309,9727.133340835571,-0.0821312,
7310,9728.429586648941,-0.0024821837,
7311,9729.724047899246,-0.17398947,
7312,9731.037657737732,-0.010945267,
7313,9732.356747865677,-0.06466358,
7314,9733.681659698486,-0.006327393,
7315,9734.991520881653,-0.025261972,
7316,9736.341881036758,-0.016249962,
7317,9737.709899187088,-0.012674404,
7318,9739.024542093277,-0.0,
7319,9740.333678722382,-0.001600267,
7320,9741.639864206314,-0.0,
7321,9742.95194554329,-1.1873433e-10,
7322,9743.342470645905,-0.0,
7323,9745.180040359497,-0.05446916,
7324,9746.483186006546,-0.0,
7325,9747.7978348732,-2.4131433e-11,
7326,9749.09587430954,-2.6852604e-05,
7327,9750.410808324814,-0.010715174,
7328,9751.704921245575,-0.0,
7329,9753.013634681702,-0.009478917,
7330,9754.328016757965,-0.01263731,
7331,9755.619190216064,-0.20504881,
7332,9756.90998840332,-0.08271019,
7333,9758.239715099335,-0.03118016,
7334,9759.577675104141,-0.06382693,
7335,9760.897116422653,-0.08338021,
7336,9761.293403863907,-0.0,
7337,9763.126950025558,-0.0,
7338,9764.443907022476,-0.007045259,
7339,9765.771311283112,-0.029735353,
7340,9767.077216625214,-0.23256879,
7341,9768.397690534592,-0.04121557,
7342,9769.697360277176,-0.09463143,
7343,9771.02205991745,-0.16882007,
7344,9772.342400074005,-0.03268136,
7345,9773.640824079514,-0.0,
7346,9774.951208591461,-0.019405402,
7347,9776.270529031754,-0.062144876,
7348,9777.564335107803,-1.633371e-06,
7349,9778.868602991104,-0.037900526,
7350,9779.246538639069,-0.0,
7351,9781.111717939377,-0.014958041,
7352,9782.456135988235,-0.13264808,
7353,9783.758809566498,-0.038780537,
7354,9785.061088085175,-0.01961584,
7355,9786.384133577347,-0.19057484,
7356,9787.682035446167,-0.023038331,
7357,9789.050765275955,-0.103380226,
7358,9790.363842964172,-0.4534548,
7359,9791.672557592392,-0.00761461,
7360,9792.969017744064,-0.027818725,
7361,9794.278389453888,-0.053840816,
7362,9795.60367488861,-0.061621606,
7363,9796.92537522316,-0.0,
7364,9797.31917834282,-0.0,
7365,9799.213424444199,-0.0,
7366,9800.544699668884,-6.5763174e-06,
7367,9801.868202447891,-0.0483085,
7368,9803.1930270195,-0.0,
7369,9804.499158143997,-0.17101285,
7370,9805.808729887009,-0.06353105,
7371,9807.119525909424,-0.0,
7372,9808.411388158798,-0.0,
7373,9809.702730417252,-0.01014524,
7374,9811.009900331497,-0.0,
7375,9812.393278121948,-0.40925717,
7376,9813.699765205383,-0.039747823,
7377,9815.00856924057,-0.0,
7378,9815.400824785233,-0.0,
7379,9817.255968809128,-0.0,
7380,9818.576676607132,-0.053922474,
7381,9819.93530011177,-0.0,
7382,9821.26664853096,-0.02753517,
7383,9822.572808504105,-0.04335454,
7384,9823.870462179184,-0.0,
7385,9825.185530900955,-0.080992624,
7386,9826.506851196289,-0.06471191,
7387,9827.808631420135,-0.0,
7388,9829.120625019073,-0.020720549,
7389,9830.436664819717,-0.0,
7390,9831.74451637268,-0.26940775,
7391,9833.064317941666,-0.09627251,
7392,9833.463043928146,-0.24100837,
7393,9835.299932003021,-0.12183124,
7394,9836.641663074493,-0.09959388,
7395,9837.991415262222,-0.08604485,
7396,9839.295070886612,-0.05389396,
7397,9840.59448838234,-0.07052037,
7398,9841.889919996262,-0.0031614832,
7399,9843.19791007042,-0.015239552,
7400,9845.78875875473,-0.01584493,
7401,9847.09408378601,-0.12999636,
7402,9848.406663894653,-0.22152662,
7403,9849.715792417526,-0.04291853,
7404,9851.012528419495,-0.037165128,
7405,9852.32048368454,-0.24542652,
7406,9852.709453821182,-0.0,
7407,9854.549130916595,-0.038595475,
7408,9855.894649267197,-0.06289112,
7409,9857.207181215286,-0.08045662,
7410,9858.544637918472,-0.07600553,
7411,9859.884027719498,-0.091725245,
7412,9861.196346521378,-0.0751775,
7413,9862.536915302277,-0.023008253,
7414,9863.877072095871,-0.16774808,
7415,9865.192172050476,-0.030254524,
7416,9866.533412456512,-0.02417499,
7417,9867.866343259811,-0.103520736,
7418,9869.1661028862,-0.024487594,
7419,9870.490890979767,-5.4474016e-09,
7420,9870.874866724014,-0.0,
7421,9872.702207565308,-0.11363922,
7422,9874.018025636673,-0.0766695,
7423,9875.345906734467,-0.015257172,
7424,9876.718353748322,-0.16493979,
7425,9878.056371688843,-0.066996515,
7426,9879.350718259811,-0.0,
7427,9880.660618543625,-0.0,
7428,9881.956421613693,-0.05787166,
7429,9883.27826833725,-0.22160284,
7430,9884.587586402893,-0.11737606,
7431,9885.90493607521,-0.009301597,
7432,9887.217411994934,-0.0,
7433,9888.538544654846,-0.0,
7434,9888.938083648682,-0.0,
7435,9890.776692867279,-0.03658268,
7436,9892.085410118103,-0.0,
7437,9893.386882781982,-0.1334165,
7438,9894.681251049042,-0.39067233,
7439,9895.994761228561,-0.03467105,
7440,9897.3008415699,-0.2019721,
7441,9898.640780448914,-0.04643491,
7442,9899.970903158188,-0.077475995,
7443,9901.29133272171,-0.05253098,
7444,9902.621019601822,-0.044744227,
7445,9903.952970027924,-0.17614703,
7446,9905.330196619034,-0.07590543,
7447,9906.650856494904,-0.048569765,
7448,9907.037682056427,-0.0,
7449,9908.83444571495,-0.03058332,
7450,9910.15347123146,-0.06178175,
7451,9911.449203252792,-0.009280962,
7452,9912.757228374481,-0.073415354,
7453,9914.083277463913,-0.077316515,
7454,9915.410498380661,-0.0,
7455,9916.736813783646,-0.04783181,
7456,9918.071408987045,-0.18397915,
7457,9919.384836673737,-0.037585065,
7458,9920.68433022499,-0.013324717,
7459,9921.995798587799,-0.80966496,
7460,9923.291933774948,-0.0113934595,
7461,9924.599837303162,-0.00027596412,
7462,9924.99696803093,-0.07416867,
7463,9926.817334651947,-0.0,
7464,9928.145468235016,-0.015430026,
7465,9929.44272851944,-0.06959517,
7466,9930.755070209503,-0.16171601,
7467,9932.047300815582,-0.08413646,
7468,9933.344889879227,-0.0037674876,
7469,9934.636389017105,-0.054231357,
7470,9935.948932170868,-0.0,
7471,9937.25010728836,-0.0030947342,
7472,9938.554090738297,-0.048112147,
7473,9939.854149103165,-0.013222374,
7474,9941.150076389313,-0.020050067,
7475,9942.462160110474,-0.38784558,
7476,9942.866311788559,-0.0,
7477,9944.724371433258,-0.049367655,
7478,9946.04256272316,-0.030832877,
7479,9947.356231927872,-0.0,
7480,9948.668537378311,-0.0,
7481,9949.9859623909,-7.616023e-08,
7482,9951.287541866302,-0.024311913,
7483,9952.630134105682,-0.0,
7484,9953.966987371445,-0.057064988,
7485,9955.275080680847,-0.07774846,
7486,9956.578909158707,-0.05685637,
7487,9957.88738822937,-0.0,
7488,9959.197965145111,-0.0,
7489,9960.492708444595,-0.0,
7490,9960.87146115303,-0.0,
7491,9962.701787233353,-0.0,
7492,9963.984879255295,-0.0343932,
7493,9965.285105466843,-5.1299015e-10,
7494,9966.588371038437,-0.02637076,
7495,9967.88171172142,-0.0,
7496,9969.177102804184,-0.08263329,
7497,9970.476843357086,-0.051063992,
7498,9971.779801607132,-0.041650064,
7499,9973.068288564682,-0.038961217,
7500,9975.660774230957,-0.10944462,
7501,9976.977680206299,-0.16272597,
7502,9978.298543453217,-0.07969566,
7503,9979.610459804535,-0.24655847,
7504,9979.996476650238,-0.0,
7505,9981.912966012955,-0.019139044,
7506,9983.258967399597,-0.08555651,
7507,9984.566696166992,-0.013450597,
7508,9985.869030237198,-0.09790283,
7509,9987.172901153564,-0.21436216,
7510,9988.47676062584,-7.786908e-09,
7511,9989.79404425621,-0.25372246,
7512,9991.108685970306,-0.10576637,
7513,9992.392990112305,-0.0,
7514,9993.695902347565,-0.048176073,
7515,9994.999737739563,-0.01996605,
7516,9996.287477016449,-0.0,
7517,9997.590896129608,-6.161152e-05,
7518,9997.974042415619,-0.0,
7519,9999.780665636063,-0.10058989,
7520,10001.074937582016,-0.0,
7521,10002.366181612015,-0.0,
7522,10003.680338144302,-0.055121824,
7523,10004.996509075165,-0.10106131,
7524,10006.304869174957,-0.0018113612,
7525,10007.613317251205,-0.24649782,
7526,10008.93546295166,-0.045180105,
7527,10010.247069597244,-0.70807654,
7528,10011.575130939484,-0.07179432,
7529,10012.93774485588,-0.01856863,
7530,10014.281032323837,-0.039912455,
7531,10015.64909362793,-0.058069617,
7532,10016.060602426529,-0.0,
7533,10017.963257074356,-0.018774256,
7534,10019.258699893951,-0.02144605,
7535,10020.557970523834,-0.024851395,
7536,10021.856076717377,-0.061129384,
7537,10023.145820140839,-0.01109788,
7538,10024.440452814102,-1.4089343e-07,
7539,10025.733503580093,-0.0010688091,
7540,10027.03600859642,-0.029531995,
7541,10028.339731931686,-0.116798356,
7542,10029.664338588715,-0.10178928,
7543,10030.979830503464,-0.094817884,
7544,10032.3020195961,-0.0,
7545,10033.619055986404,-0.031175207,
7546,10034.017472028732,-0.0,
7547,10035.927126169205,-4.8459053e-11,
7548,10037.250454187393,-0.22618198,
7549,10038.555838823318,-0.020561684,
7550,10039.85109615326,-0.014648263,
7551,10041.178656816483,-0.0,
7552,10042.494888067245,-0.0834575,
7553,10043.811399936676,-0.044961825,
7554,10045.129180669785,-0.13788332,
7555,10046.425416469574,-0.0,
7556,10047.739651441574,-0.0,
7557,10049.03841638565,-0.0,
7558,10050.342806816101,-0.15839505,
7559,10051.622400522232,-0.008929475,
7560,10051.998323917389,-0.0,
7561,10053.788045167923,-0.028839959,
7562,10055.08765053749,-0.0,
7563,10056.408955812454,-0.05187576,
7564,10057.749526262283,-0.0,
7565,10059.063618421555,-0.0,
7566,10060.370725631714,-0.0,
7567,10061.68819308281,-0.12477441,
7568,10063.004355192184,-0.100963645,
7569,10064.309345006943,-0.26195815,
7570,10065.610816001892,-0.19203855,
7571,10066.912814378738,-0.012811576,
7572,10068.204021453857,-0.13366762,
7573,10069.502189874649,-0.0,
7574,10069.897018909454,-0.0,
7575,10071.746082544327,-0.03579536,
7576,10073.065112352371,-0.004830916,
7577,10074.374650716782,-0.0068832273,
7578,10075.6773583889,-0.012404552,
7579,10076.966606616974,-0.0,
7580,10078.260812997818,-2.3937607e-11,
7581,10079.552769422531,-0.04559911,
7582,10080.852506399155,-0.0,
7583,10082.146295070648,-0.0,
7584,10083.44869685173,-0.09011647,
7585,10084.7689306736,-0.018861424,
7586,10086.116460561752,-0.12835176,
7587,10087.457873106003,-0.079628855,
7588,10087.848132371902,-0.0,
7589,10089.672000169754,-0.086932085,
7590,10090.984706401825,-0.0,
7591,10092.28166604042,-0.023196433,
7592,10093.571882486343,-0.10742897,
7593,10094.89044547081,-0.0,
7594,10096.191608190536,-0.041300748,
7595,10097.503048658371,-0.0,
7596,10098.825375318527,-0.016157694,
7597,10100.137665748596,-0.084167264,
7598,10101.454668045044,-0.08224966,
7599,10102.751432418823,-0.018257465,
7600,10105.41572713852,-0.00918627,
7601,10106.706857204437,-0.026116857,
7602,10107.084843158722,-0.0,
7603,10108.903422355652,-0.14846313,
7604,10110.202628850937,-0.07426692,
7605,10111.49416232109,-0.0,
7606,10112.810202598572,-0.029421588,
7607,10114.111201524734,-0.043625753,
7608,10115.421962976456,-0.0046183704,
7609,10116.717031002045,-0.033589646,
7610,10118.020670175552,-0.032597505,
7611,10119.326838731766,-0.04795583,
7612,10120.629762887955,-0.017762085,
7613,10121.91878581047,-0.014768468,
7614,10123.216650009155,-0.044305246,
7615,10124.520144939423,-0.14535934,
7616,10124.908258676529,-0.0,
7617,10126.716916322708,-0.033383682,
7618,10128.02434873581,-0.026015675,
7619,10129.32414317131,-0.04292285,
7620,10130.640830039978,-0.018325197,
7621,10131.953428030014,-0.0,
7622,10133.256630420685,-0.07708397,
7623,10134.547359466553,-0.023563981,
7624,10135.848992109299,-0.14372829,
7625,10137.15433716774,-0.25005013,
7626,10138.448606729507,-0.12594339,
7627,10139.75028705597,-0.07615881,
7628,10141.040231704712,-0.048059404,
7629,10142.354696512222,-0.06566717,
7630,10142.741411685944,-0.0,
7631,10144.602212905884,-0.051434703,
7632,10145.902306318283,-0.01761755,
7633,10147.22634601593,-0.065584704,
7634,10148.530752420425,-0.024198348,
7635,10149.818629980087,-0.0,
7636,10151.103046178818,-0.0,
7637,10152.407340288162,-0.072736256,
7638,10153.71340584755,-0.04127652,
7639,10154.993705034256,-0.038506098,
7640,10156.27083992958,-0.039491642,
7641,10157.561650276184,-0.017508995,
7642,10158.852287530899,-0.0007015731,
7643,10160.153609752655,-0.17293084,
7644,10160.540986537933,-0.0,
7645,10162.356442213058,-0.11715157,
7646,10163.663119316101,-0.019602401,
7647,10164.980997085571,-0.0,
7648,10166.277822732925,-0.0028264618,
7649,10167.569029331207,-0.02960147,
7650,10168.862164735794,-0.037189577,
7651,10170.168968200684,-0.0,
7652,10171.501453399658,-0.05210487,
7653,10172.829838752747,-0.0,
7654,10174.161029100418,-0.0,
7655,10175.509285449982,-0.010649986,
7656,10176.841792106628,-0.05359687,
7657,10178.178416490555,-0.0,
7658,10178.578282356262,-0.0,
7659,10180.40751338005,-0.005588412,
7660,10181.710680484772,-0.0,
7661,10183.002550125122,-2.3502509e-09,
7662,10184.293957710266,-0.0032172785,
7663,10185.589163780212,-0.002206041,
7664,10186.896618366241,-0.0,
7665,10188.188767433167,-0.0,
7666,10189.495257139206,-0.047772326,
7667,10190.80465888977,-0.060065635,
7668,10192.093477487564,-0.0,
7669,10193.399944067001,-0.028607372,
7670,10194.704824209213,-0.040273312,
7671,10196.006467819214,-0.0,
7672,10196.39172577858,-0.0,
7673,10198.23058462143,-0.00338903,
7674,10199.532660245895,-0.022264792,
7675,10200.867329835892,-0.012184368,
7676,10202.186652898788,-0.0,
7677,10203.50188612938,-0.0,
7678,10204.822323560715,-0.07205018,
7679,10206.113801002502,-0.015899519,
7680,10207.413789272308,-0.092429236,
7681,10208.703994750977,-0.046402268,
7682,10209.9959359169,-0.0,
7683,10211.296502828598,-0.0,
7684,10212.571566343307,-0.004343969,
7685,10213.869795799255,-0.0,
7686,10214.255241632462,-0.5575162,
7687,10216.072934150696,-0.016755302,
7688,10217.373925209045,-0.01841603,
7689,10218.681313037872,-0.0034668266,
7690,10220.000450372696,-0.11836085,
7691,10221.296391487122,-0.031996697,
7692,10222.599368572235,-0.04587709,
7693,10223.902126550674,-0.00046446425,
7694,10225.206943511963,-0.09119472,
7695,10226.515458106995,-0.0,
7696,10227.824382305145,-0.0,
7697,10229.151836156845,-0.05793842,
7698,10230.501899719238,-0.025049303,
7699,10231.806353330612,-0.0,
7700,10233.351058959961,-0.0,
7701,10235.233390331268,-0.07415715,
7702,10236.52874493599,-0.07321901,
7703,10237.818715333939,-0.033051442,
7704,10239.115457296371,-0.024910389,
7705,10240.40811252594,-0.13464652,
7706,10241.719518184662,-0.0030381451,
7707,10243.043174982071,-0.16242325,
7708,10244.370732307434,-0.09039825,
7709,10245.692116260529,-0.0,
7710,10247.009281158447,-0.05231508,
7711,10248.330573797226,-0.0,
7712,10249.639276742935,-0.089092895,
7713,10250.93808054924,-0.024979923,
7714,10251.317169427872,-0.0,
7715,10253.096890449524,-0.023758229,
7716,10254.390652418137,-0.016765999,
7717,10255.700187921524,-0.08175993,
7718,10257.001219034195,-0.0,
7719,10258.29817032814,-0.015612261,
7720,10259.596283912659,-0.018452024,
7721,10260.903599500656,-0.0,
7722,10262.208497047424,-0.0,
7723,10263.512103557587,-0.048726045,
7724,10264.816683292389,-0.0765958,
7725,10266.126316308975,-0.03828647,
7726,10267.48976111412,-0.0,
7727,10268.799701213837,-0.011376619,
7728,10269.175994634628,-0.0,
7729,10271.038654088974,-0.019731762,
7730,10272.339630126953,-0.24226172,
7731,10273.640837669373,-0.0,
7732,10274.961378097534,-0.095669456,
7733,10276.257588624954,-0.124814935,
7734,10277.544766664505,-0.0,
7735,10278.831595897675,-0.019026406,
7736,10280.1375477314,-0.064704515,
7737,10281.415223836899,-0.0,
7738,10282.697897434235,-0.0,
7739,10283.986649513245,-9.4402785e-05,
7740,10285.310886144638,-0.14038323,
7741,10286.657821416855,-0.11046006,
7742,10287.069765329361,-0.0,
7743,10289.034588336945,-0.07623641,
7744,10290.395882368088,-0.027769303,
7745,10291.755125522614,-0.09133081,
7746,10293.106797933578,-0.051808238,
7747,10294.408841609955,-0.041793637,
7748,10295.708266019821,-0.034119926,
7749,10297.032449960709,-0.0,
7750,10298.327641487122,-0.04736884,
7751,10299.627043247223,-0.016663449,
7752,10300.936350822449,-0.18026316,
7753,10302.237490415573,-0.03066419,
7754,10303.541973114014,-0.09407301,
7755,10304.867135047913,-0.007506969,
7756,10305.261295080185,-0.0,
7757,10307.079045534134,-3.0784958e-07,
7758,10308.381471633911,-0.079734325,
7759,10309.68323636055,-0.0,
7760,10310.985392093658,-0.03501477,
7761,10312.300512075424,-0.053991668,
7762,10313.65577840805,-0.0,
7763,10314.993306398392,-0.0,
7764,10316.370180606842,-0.03881921,
7765,10317.668576717377,-0.028066684,
7766,10318.97472167015,-0.0043395488,
7767,10320.285630226135,-0.020624815,
7768,10321.607481718063,-0.019661933,
7769,10322.899713993073,-0.022408694,
7770,10323.27571105957,-0.0,
7771,10325.100261926651,-0.026548168,
7772,10326.390285015106,-0.0,
7773,10327.686826229095,-0.0,
7774,10328.979374408722,-0.03868064,
7775,10330.297837018967,-0.00252153,
7776,10331.595178604126,-0.062172554,
7777,10332.90160536766,-0.03038619,
7778,10334.23071861267,-0.078781344,
7779,10335.515662431717,-0.024412205,
7780,10336.81370806694,-0.00076469226,
7781,10338.127072811127,-0.041006036,
7782,10339.42500758171,-0.058256138,
7783,10340.731352329254,-0.0021415944,
7784,10341.181918621063,-0.0,
7785,10343.057221651077,-1.1443765e-08,
7786,10344.414158582687,-0.004014535,
7787,10345.752744913101,-0.19165397,
7788,10347.093427419662,-0.073636375,
7789,10348.402596950531,-0.011534123,
7790,10349.692410707474,-0.0,
7791,10351.005296230316,-0.021907112,
7792,10352.3109292984,-0.0,
7793,10353.605289459229,-0.06005675,
7794,10354.910138607025,-0.07128994,
7795,10356.21059846878,-0.03717923,
7796,10357.499401569366,-0.012526405,
7797,10358.795325994492,-0.079170436,
7798,10359.17473268509,-0.0,
7799,10361.060074090958,-0.0,
7800,10363.596705436707,-0.03743461,
7801,10364.894476413727,-0.013588414,
7802,10366.194229125977,-0.17094517,
7803,10367.48829460144,-0.036227636,
7804,10368.776987791061,-0.2127901,
7805,10370.086502790451,-0.0,
7806,10371.434705734253,-0.017314054,
7807,10372.767109632492,-0.039207105,
7808,10374.106965303421,-0.0,
7809,10375.454725980759,-0.0,
7810,10376.788874387741,-0.046135142,
7811,10378.134021282196,-0.18967459,
7812,10378.536190509796,-0.0,
7813,10380.409513950348,-0.19466004,
7814,10381.708090543747,-0.0,
7815,10383.016606807709,-0.0,
7816,10384.305147886276,-0.0,
7817,10385.591408252716,-0.042246167,
7818,10386.891336202621,-0.021648701,
7819,10388.184164047241,-0.45275307,
7820,10389.48063492775,-0.0,
7821,10390.767663478851,-0.124446034,
7822,10392.057389974594,-0.0,
7823,10393.355024337769,-0.0751929,
7824,10394.652757644653,-0.0005299958,
7825,10395.950737953186,-0.029959742,
7826,10396.335115909576,-0.0,
7827,10398.135855674744,-0.026067078,
7828,10399.444512844086,-0.021246394,
7829,10400.821275234222,-0.032688696,
7830,10402.181412696838,-0.039587438,
7831,10403.558305501938,-0.0,
7832,10404.908033370972,-0.02048259,
7833,10406.25532078743,-0.0,
7834,10407.610068559647,-0.021266561,
7835,10408.946746587753,-0.1295785,
7836,10410.259968042374,-0.008031698,
7837,10411.545580625534,-0.0,
7838,10412.835724115372,-0.0,
7839,10414.160028457642,-0.046393897,
7840,10414.535207033157,-0.0,
7841,10416.384417533875,-0.07467271,
7842,10417.743213176727,-0.015328312,
7843,10419.062339305878,-0.032342993,
7844,10420.36561012268,-0.15393828,
7845,10421.668361902237,-0.08510702,
7846,10422.964277982712,-0.051410023,
7847,10424.299041748047,-0.011896232,
7848,10425.634068489075,-0.28168023,
7849,10426.969547510147,-0.008007785,
7850,10428.259370565414,-0.05081577,
7851,10429.552924156189,-0.0,
7852,10430.853253602982,-0.0,
7853,10432.150331020355,-0.015338754,
7854,10432.542784690857,-0.0,
7855,10434.451725006104,-0.0,
7856,10435.788400411606,-0.15055385,
7857,10437.113150596619,-0.08674552,
7858,10438.454991102219,-0.0,
7859,10439.773927927017,-0.01846922,
7860,10441.125041007996,-0.049242117,
7861,10442.413089990616,-0.108424686,
7862,10443.718548059464,-0.036872465,
7863,10445.018284797668,-0.047583923,
7864,10446.341915607452,-0.009022633,
7865,10447.638995170593,-0.23987666,
7866,10448.915116548538,-0.04731103,
7867,10450.212432861328,-0.14566912,
7868,10450.600439548492,-0.0,
7869,10452.421286344528,-0.0,
7870,10453.703430652618,-0.015463998,
7871,10454.99994301796,-0.057915673,
7872,10456.292338609695,-0.15649247,
7873,10457.581346273422,-0.02023432,
7874,10458.867413043976,-0.0,
7875,10460.174998760223,-0.010184198,
7876,10461.46862077713,-0.04599584,
7877,10462.771441459656,-0.0,
7878,10464.064423561096,-0.12817529,
7879,10465.429141998291,-0.019595876,
7880,10466.772469043732,-4.6223958e-10,
7881,10468.102854013443,-0.0,
7882,10468.494114637375,-0.0,
7883,10470.400204658508,-0.055549264,
7884,10471.7537047863,-0.027920753,
7885,10473.059354066849,-0.11898789,
7886,10474.347745895386,-0.0025315734,
7887,10475.652936935425,-0.042162783,
7888,10476.939679145813,-0.0,
7889,10478.224196910858,-0.022607487,
7890,10479.521668195724,-1.6823884e-10,
7891,10480.816022872925,-0.05037806,
7892,10482.117281675339,-0.07188193,
7893,10483.407141685486,-0.028569411,
7894,10484.705029249191,-0.0002750592,
7895,10485.981148719788,-0.023865776,
7896,10486.358700037003,-0.0,
7897,10488.139678239822,-0.09491209,
7898,10489.434890508652,-0.025200482,
7899,10490.734347820282,-0.066096276,
7900,10493.293714284897,-0.042494483,
7901,10494.573230028152,-0.12450616,
7902,10495.93922662735,-0.008240869,
7903,10497.301604509354,-0.12163321,
7904,10498.674627542496,-0.02218078,
7905,10500.031169652939,-0.0,
7906,10501.381024837494,-0.06881594,
7907,10502.714900493622,-0.0,
7908,10504.094713449478,-0.014047615,
7909,10505.439607858658,-0.14462474,
7910,10505.83771777153,-0.0,
7911,10507.72889995575,-0.06552707,
7912,10509.022825241089,-0.044380777,
7913,10510.306439638138,-0.10340628,
7914,10511.595786094666,-0.0,
7915,10512.89000582695,-0.02451749,
7916,10514.190666437149,-0.0,
7917,10515.47409772873,-0.08957214,
7918,10516.785422086716,-0.040803604,
7919,10518.08072590828,-0.007262782,
7920,10519.376559257507,-0.004903911,
7921,10520.67668914795,-0.21411467,
7922,10521.986008644104,-0.0,
7923,10523.279907941818,-0.0,
7924,10523.668855190277,-0.0,
7925,10525.486428499222,-0.0032990729,
7926,10526.786868095398,-0.020460706,
7927,10528.073142051697,-0.017026566,
7928,10529.372703790665,-0.03263469,
7929,10530.70323586464,-0.07944893,
7930,10532.021318435669,-0.0,
7931,10533.352805137634,-0.07312183,
7932,10534.682832717896,-0.0,
7933,10536.008602142334,-1.0473472e-08,
7934,10537.315865039825,-0.13308123,
7935,10538.645360946655,-0.017493974,
7936,10539.96165561676,-0.021454852,
7937,10541.26275753975,-0.3055748,
7938,10541.64631319046,-0.0,
7939,10543.48058462143,-0.017672006,
7940,10544.804112434387,-0.0,
7941,10546.08759856224,-0.027139306,
7942,10547.386449575424,-0.029473566,
7943,10548.690024137497,-0.38845038,
7944,10549.987932920456,-0.0018913876,
7945,10551.290941953659,-0.0,
7946,10552.603180885315,-0.13815515,
7947,10553.90481877327,-0.0,
7948,10555.209911108017,-0.029528502,
7949,10556.510366678238,-0.0,
7950,10557.791035413742,-0.02471271,
7951,10559.095445632935,-0.008943128,
7952,10559.476028442383,-0.0,
7953,10561.281980752945,-0.030001033,
7954,10562.579321861267,-0.0638987,
7955,10563.863306760788,-1.9462723e-09,
7956,10565.16390800476,-9.2612573e-10,
7957,10566.466158866882,-0.0,
7958,10567.752414226532,-0.08012569,
7959,10569.030001163483,-1.381268e-05,
7960,10570.321533441544,-0.038015638,
7961,10571.61886715889,-0.011907552,
7962,10572.926365613937,-0.3144412,
7963,10574.21890115738,-0.08767789,
7964,10575.51295042038,-0.07670428,
7965,10576.825973033905,-0.0,
7966,10577.20532464981,-0.0,
7967,10579.028069257736,-0.045408264,
7968,10580.3200507164,-0.050162755,
7969,10581.611022949219,-0.042085115,
7970,10582.922621488571,-0.00677975,
7971,10584.219876766205,-0.021985644,
7972,10585.50801062584,-0.067422755,
7973,10586.83422088623,-0.0,
7974,10588.190341472626,-0.0,
7975,10589.498291254044,-4.8656846e-11,
7976,10590.798394203186,-0.06609326,
7977,10592.129015922546,-0.0217498,
7978,10593.43300819397,-0.044053473,
7979,10594.72232913971,-0.032162037,
7980,10595.106766939163,-0.0,
7981,10596.930752277374,-0.0,
7982,10598.226948976517,-0.07391301,
7983,10599.54108095169,-0.093047276,
7984,10600.845133543015,-0.001945713,
7985,10602.142767429352,-0.0019052725,
7986,10603.451781511307,-0.05867054,
7987,10604.753433704376,-0.06493239,
7988,10606.087534427643,-0.2458224,
7989,10607.400308609009,-0.2723647,
7990,10608.692095518112,-0.05202163,
7991,10609.99913263321,-0.057557397,
7992,10611.287965297699,-0.0,
7993,10612.597946882248,-0.086599335,
7994,10612.983775615692,-0.0,
7995,10614.813302755356,-0.0,
7996,10616.126737833023,-0.0,
7997,10617.426340341568,-0.03574576,
7998,10618.742120742798,-0.0,
7999,10620.05176115036,-0.0,
8000,10622.626066684723,-0.0,
8001,10623.908399105072,-0.24715781,
8002,10625.203825950623,-0.0078373095,
8003,10626.497675657272,-0.013475915,
8004,10627.814628124237,-0.01915871,
8005,10629.112415790558,-0.1268585,
8006,10630.416724443436,-0.010237022,
8007,10631.719893217087,-0.0,
8008,10632.1138484478,-0.0,
8009,10633.969542980194,-0.1256952,
8010,10635.277976036072,-0.0,
8011,10636.575513601303,-0.01694268,
8012,10637.878822803497,-0.12120298,
8013,10639.172404766083,-0.02977264,
8014,10640.474882364273,-2.1025254e-07,
8015,10641.771007299423,-1.025979e-09,
8016,10643.078207492828,-0.0,
8017,10644.387632846832,-0.012316984,
8018,10645.683354616165,-0.0,
8019,10646.987672567368,-0.0,
8020,10648.294042825699,-0.08914905,
8021,10649.585181236267,-0.09191691,
8022,10649.97010564804,-0.0,
8023,10651.762860536575,-0.0,
8024,10653.080441713333,-0.0,
8025,10654.396521568298,-0.011498416,
8026,10655.696575641632,-0.005611816,
8027,10657.01325392723,-0.0,
8028,10658.334695577621,-0.030085936,
8029,10659.660695791245,-0.23393968,
8030,10660.978236913681,-0.09330249,
8031,10662.266720294952,-0.00018399161,
8032,10663.560641765594,-0.015605512,
8033,10664.859543800354,-0.05433302,
8034,10666.148488044739,-0.05512575,
8035,10667.439447164536,-0.0,
8036,10667.828814029694,-0.0,
8037,10669.615874528885,-0.0,
8038,10670.908501625061,-0.067398176,
8039,10672.223227262497,-0.07231052,
8040,10673.570214509964,-0.01240882,
8041,10674.904918670654,-0.01421718,
8042,10676.225213766098,-0.08414151,
8043,10677.551425457,-0.25098586,
8044,10678.887662410736,-0.025947738,
8045,10680.20068693161,-0.07608642,
8046,10681.520617961884,-0.0,
8047,10682.834263801575,-0.032149274,
8048,10684.131621599197,-0.0104854,
8049,10685.431970834732,-0.13357821,
8050,10685.814974308014,-0.0,
8051,10687.648374319077,-0.063081145,
8052,10688.976947784424,-0.026582822,
8053,10690.289693832397,-0.047767047,
8054,10691.595036268234,-0.038990185,
8055,10692.889624595642,-0.05528865,
8056,10694.168404340744,-2.4428131e-11,
8057,10695.451653957367,-0.116996765,
8058,10696.74698972702,-0.010254992,
8059,10698.026302337646,-3.7830825e-06,
8060,10699.330966472626,-0.0,
8061,10700.633234024048,-0.003392559,
8062,10701.944284200668,-0.0,
8063,10703.265377283096,-0.0,
8064,10703.660479784012,-0.0,
8065,10705.5594124794,-0.0,
8066,10706.904893875122,-0.0,
8067,10708.221700191498,-0.044901513,
8068,10709.536068201065,-0.042724207,
8069,10710.844675540924,-0.0,
8070,10712.145975112915,-0.01586255,
8071,10713.445533037186,-0.0,
8072,10714.73555135727,-1.0381694e-08,
8073,10716.017399787903,-0.13534336,
8074,10717.307399511337,-0.076599136,
8075,10718.593748092651,-0.0030412837,
8076,10719.890367507935,-0.0,
8077,10721.193612337112,-0.0,
8078,10721.574870347977,-0.0,
8079,10723.391252279282,-0.02098811,
8080,10724.700834989548,-0.012673733,
8081,10725.991261005402,-0.00022311337,
8082,10727.28331398964,-0.0064257206,
8083,10728.575575828552,-0.0,
8084,10729.868474960327,-0.0,
8085,10731.18568444252,-0.0,
8086,10732.519254684448,-0.20967148,
8087,10733.850395441055,-0.05044047,
8088,10735.197176218033,-0.33708313,
8089,10736.55851650238,-0.008191942,
8090,10737.893361568451,-0.0,
8091,10739.220253229141,-0.15769619,
8092,10739.616414785385,-0.0,
8093,10741.46524977684,-0.014492629,
8094,10742.783286809921,-0.0,
8095,10744.086648702621,-0.118565306,
8096,10745.389664173126,-0.027203877,
8097,10746.67304968834,-0.013201743,
8098,10747.980951309204,-0.030370612,
8099,10749.266381025314,-0.070269935,
8100,10751.804192304611,-0.082671754,
8101,10753.08922624588,-0.020958854,
8102,10754.395377159119,-0.010604457,
8103,10755.689650774002,-0.317137,
8104,10756.990440607071,-0.0,
8105,10758.289793014526,-0.03815384,
8106,10758.670418024063,-0.0,
8107,10760.523219347,-0.0,
8108,10761.864428520203,-0.1662509,
8109,10763.215650558472,-7.0841466e-10,
8110,10764.56642794609,-0.0,
8111,10765.885514497757,-0.012783128,
8112,10767.20658159256,-0.016529098,
8113,10768.519407749176,-0.0,
8114,10769.828530311584,-0.017146358,
8115,10771.128429889679,-0.03468425,
8116,10772.455010414124,-0.73178893,
8117,10773.79243516922,-0.0021904646,
8118,10775.122142076492,-0.0,
8119,10776.441934108734,-0.0,
8120,10776.832901477814,-0.0,
8121,10778.691216230392,-0.0,
8122,10780.000045537949,-0.07603582,
8123,10781.276609182358,-0.0,
8124,10782.573466539383,-0.03846433,
8125,10783.878541707993,-0.063987784,
8126,10785.210826396942,-0.02125207,
8127,10786.515174388885,-0.005986484,
8128,10787.861461639404,-0.0071492204,
8129,10789.187572479248,-0.0035352618,
8130,10790.51901602745,-0.02075081,
8131,10791.850200414658,-0.015632281,
8132,10793.159118413925,-0.042030063,
8133,10794.454237222672,-0.026929963,
8134,10794.831508398056,-0.0,
8135,10796.648402690887,-0.0,
8136,10797.944710731506,-0.008296925,
8137,10799.242867708206,-2.6198435e-05,
8138,10800.536485671997,-0.26300144,
8139,10801.831751585007,-0.020167159,
8140,10803.135339260101,-0.028495127,
8141,10804.433342456818,-0.026805863,
8142,10805.73917889595,-0.0,
8143,10807.02769613266,-0.0,
8144,10808.335925579071,-0.044234414,
8145,10809.624924182892,-0.078561574,
8146,10810.91784119606,-0.0012583093,
8147,10812.227361679077,-0.060666673,
8148,10812.613212823868,-0.0,
8149,10814.474619865417,-0.038636483,
8150,10815.813425302505,-0.0,
8151,10817.151837825775,-0.045165233,
8152,10818.483528614044,-0.024285397,
8153,10819.81154537201,-0.0,
8154,10821.13909459114,-0.004592822,
8155,10822.447943687439,-0.0,
8156,10823.750487565994,-0.14230019,
8157,10825.051790714264,-0.035434812,
8158,10826.344260931015,-0.12251015,
8159,10827.634226083755,-0.05038358,
8160,10828.94102525711,-6.9103364e-05,
8161,10830.223395347595,-0.0,
8162,10830.59940457344,-0.0,
8163,10832.426059484482,-0.005461079,
8164,10833.70406293869,-2.7373045e-07,
8165,10835.002429962158,-0.026457334,
8166,10836.306414365768,-0.0,
8167,10837.604406118393,-0.0,
8168,10838.899513244629,-0.023504894,
8169,10840.20061993599,-0.018065678,
8170,10841.515997171402,-0.018971592,
8171,10842.835607767105,-0.019070392,
8172,10844.18649816513,-0.082772,
8173,10845.508629322052,-0.15095448,
8174,10846.815519094467,-0.048598416,
8175,10848.143280744553,-0.064599946,
8176,10848.531181573868,-0.0,
8177,10850.357263565063,-0.016951818,
8178,10851.665178775787,-0.13663055,
8179,10852.961930274963,-0.07830297,
8180,10854.25461602211,-0.04002065,
8181,10855.541994571686,-0.0,
8182,10856.81139922142,-0.01592174,
8183,10858.09891796112,-0.08138737,
8184,10859.39980173111,-0.0,
8185,10860.682925462723,-0.0,
8186,10861.971153736115,-0.059093762,
8187,10863.27873301506,-0.005251917,
8188,10864.586761951447,-0.023090255,
8189,10865.891011953354,-0.0,
8190,10866.277146339417,-0.0,
8191,10868.124543905258,-0.0,
8192,10869.430727243423,-0.13877183,
8193,10870.755138158798,-0.12307112,
8194,10872.049229621887,-0.20627025,
8195,10873.350682020187,-0.024537625,
8196,10874.653086423874,-0.0,
8197,10875.957872867584,-0.0,
8198,10877.262273073196,-0.0,
8199,10878.560455799103,-0.073217854,
8200,10881.135023117065,-0.22713615,
8201,10882.426780939102,-0.0,
8202,10883.720248699188,-0.11743681,
8203,10884.998856544495,-0.048900582,
8204,10885.377667427063,-0.0,
8205,10887.171609401703,-0.26056114,
8206,10888.483164787292,-0.083041854,
8207,10889.778770208359,-0.024356382,
8208,10891.063432693481,-0.058945544,
8209,10892.36530137062,-0.013981427,
8210,10893.683049201965,-0.16008626,
8211,10894.98863196373,-0.1222662,
8212,10896.3041741848,-0.13159949,
8213,10897.604887723923,-0.012092475,
8214,10898.922338724136,-0.05741997,
8215,10900.235488653183,-0.0,
8216,10901.556092262268,-0.0,
8217,10902.878823041916,-0.12831356,
8218,10903.268655776978,-0.0,
8219,10905.092405557632,-0.0,
8220,10906.403544425964,-0.13499063,
8221,10907.70270037651,-0.0,
8222,10909.014340400696,-0.0,
8223,10910.300193548203,-0.2699198,
8224,10911.578290462494,-0.018768813,
8225,10912.864195346832,-0.0,
8226,10914.162632465363,-6.8083876e-09,
8227,10915.447592496872,-0.0,
8228,10916.732080698013,-0.017145552,
8229,10918.072434902191,-0.06103416,
8230,10919.369608402252,-0.062179852,
8231,10920.663920879364,-0.11926444,
8232,10921.048619508743,-0.0,
8233,10922.939762353897,-0.0,
8234,10924.25063085556,-0.0,
8235,10925.608429193497,-0.018768894,
8236,10926.915316343307,-0.21062942,
8237,10928.233176708221,-0.0,
8238,10929.554235219955,-0.0,
8239,10930.912581920624,-0.06737521,
8240,10932.228724241257,-0.12189685,
8241,10933.537182092667,-0.048977017,
8242,10934.865791797638,-0.031208923,
8243,10936.171820163727,-0.0,
8244,10937.459483146667,-0.0,
8245,10938.77360200882,-0.13535091,
8246,10939.160238981247,-0.0,
8247,10940.976481437683,-0.070795804,
8248,10942.283291101456,-0.029060734,
8249,10943.594520807266,-0.055216283,
8250,10944.900285482407,-0.09253274,
8251,10946.250029802322,-0.0975775,
8252,10947.622230768204,-0.054513983,
8253,10948.959849357605,-0.009103373,
8254,10950.30961060524,-0.06884973,
8255,10951.64806008339,-0.003815153,
8256,10952.972259044647,-0.15681054,
8257,10954.295840263367,-0.0,
8258,10955.613914728165,-0.016003734,
8259,10956.973952293396,-7.42641e-09,
8260,10957.381510734558,-0.0,
8261,10959.295531988144,-0.0,
8262,10960.68086528778,-0.0,
8263,10962.063882827759,-0.017706955,
8264,10963.423595905304,-0.0,
8265,10964.739817380905,-0.015921848,
8266,10966.044403553009,-0.02936044,
8267,10967.352995872498,-0.0,
8268,10968.655823946,-0.032258272,
8269,10969.941982984543,-0.019980904,
8270,10971.23143196106,-0.12813567,
8271,10972.53100013733,-0.04855923,
8272,10973.819487333298,-0.035857506,
8273,10975.109943389893,-0.0,
8274,10975.490337371826,-0.0,
8275,10977.263075590134,-0.0,
8276,10978.555600881577,-7.152556e-11,
8277,10979.84616947174,-0.046373878,
8278,10981.145349025726,-0.0,
8279,10982.436938285828,-0.04139119,
8280,10983.73957324028,-0.16758996,
8281,10985.063300848007,-0.09302,
8282,10986.401037693024,-0.26531613,
8283,10987.729740142822,-0.069944024,
8284,10989.06754899025,-0.16728921,
8285,10990.409265995026,-0.02529766,
8286,10991.712204694748,-0.15289795,
8287,10993.012053728104,-0.0,
8288,10993.38492321968,-0.0,
8289,10995.225405931473,-0.15822509,
8290,10996.522577285767,-0.021678086,
8291,10997.80904173851,-0.0,
8292,10999.091185569763,-0.29098332,
8293,11000.407679319382,-0.018572427,
8294,11001.718204259872,-0.09632802,
8295,11003.020911216736,-0.014220978,
8296,11004.322175264359,-0.018700702,
8297,11005.618036270142,-0.21237405,
8298,11006.912271738052,-0.03716801,
8299,11008.201090097427,-0.0,
8300,11010.742089748383,-0.070354074,
8301,11012.082251310349,-0.16261384,
8302,11012.474268198013,-0.0,
8303,11014.391526460648,-0.0034650576,
8304,11015.739999294281,-0.011054738,
8305,11017.080486297607,-0.1765988,
8306,11018.39517903328,-0.08524223,
8307,11019.769831418991,-0.011456524,
8308,11021.062491178513,-0.03399418,
8309,11022.345405101776,-0.011621585,
8310,11023.642732858658,-0.0,
8311,11024.951588869095,-0.0,
8312,11026.226245641708,-0.0,
8313,11027.51866364479,-0.055957764,
8314,11028.813763141632,-0.034515403,
8315,11030.107961177826,-0.0031570066,
8316,11030.496895313263,-0.0,
8317,11032.278124332428,-0.0,
8318,11033.55568099022,-0.003036835,
8319,11034.843791723251,-0.008004671,
8320,11036.140597820282,-0.0,
8321,11037.448704004288,-0.047340684,
8322,11038.745330810547,-0.0,
8323,11040.04165649414,-0.0,
8324,11041.370760917664,-0.0,
8325,11042.67911028862,-0.0027241115,
8326,11044.013217449188,-0.019108005,
8327,11045.379187583923,-0.053153366,
8328,11046.722185611725,-0.043297373,
8329,11048.075055599213,-0.0,
8330,11048.488183498383,-0.0,
8331,11050.330968618393,-0.08002092,
8332,11051.64255285263,-0.0,
8333,11052.944240093231,-0.111387886,
8334,11054.263092517853,-0.0,
8335,11055.578186511993,-0.04221021,
8336,11056.886106014252,-0.0,
8337,11058.206839323044,-0.05860617,
8338,11059.591844558716,-0.032261677,
8339,11060.895737171173,-0.012670648,
8340,11062.203785896301,-0.0,
8341,11063.51155257225,-0.0,
8342,11064.802034854889,-0.0,
8343,11066.093395709991,-0.034862664,
8344,11066.481822013855,-0.0,
8345,11068.374774932861,-0.10400067,
8346,11069.703474760056,-0.005402091,
8347,11071.019752979279,-0.0114471605,
8348,11072.329805612564,-0.018102977,
8349,11073.651362419128,-0.0,
8350,11074.962635040283,-0.0,
8351,11076.260062217712,-0.034758206,
8352,11077.576432466507,-0.0,
8353,11078.88708782196,-0.093149655,
8354,11080.18227648735,-0.0058865775,
8355,11081.479300498962,-0.017035116,
8356,11082.76477432251,-0.025849968,
8357,11084.066761255264,-0.050064404,
8358,11084.449166536331,-0.0,
8359,11086.256888866425,-0.01039387,
8360,11087.549116373062,-0.0,
8361,11088.855313777924,-0.0,
8362,11090.158234357834,-0.0,
8363,11091.49123287201,-0.054404058,
8364,11092.802290678024,-0.0,
8365,11094.1372590065,-0.0,
8366,11095.467679023743,-0.06701231,
8367,11096.806191205978,-0.16029812,
8368,11098.11722111702,-0.0022810674,
8369,11099.424906015396,-0.012396365,
8370,11100.739288330078,-0.0,
8371,11102.043805837631,-0.1301322,
8372,11102.436640739441,-0.0,
8373,11104.282630681992,-0.108600155,
8374,11105.603106975555,-0.033816405,
8375,11106.892435073853,-0.0,
8376,11108.18014717102,-0.015991878,
8377,11109.469133138657,-0.01214967,
8378,11110.769970417023,-0.043940857,
8379,11112.068216562271,-0.0,
8380,11113.38194847107,-0.04663066,
8381,11114.676636219025,-0.0070417025,
8382,11115.970914125443,-0.022501726,
8383,11117.279081821442,-0.07688124,
8384,11118.574624061584,-0.027086576,
8385,11119.874273061752,-0.0,
8386,11120.254332780838,-0.0,
8387,11122.105789899826,-0.033549443,
8388,11123.410228729248,-0.008520623,
8389,11124.724140167236,-0.028128183,
8390,11126.021624326706,-0.06497802,
8391,11127.348684310913,-0.13884747,
8392,11128.672616243362,-0.002377683,
8393,11130.008993387222,-0.2017782,
8394,11131.368426561356,-0.048539896,
8395,11132.71345090866,-0.0,
8396,11134.02492594719,-0.009005942,
8397,11135.330374956131,-0.004672423,
8398,11136.626153945923,-0.13138308,
8399,11137.956351280212,-0.04046264,
8400,11139.507687330246,-0.0,
8401,11141.345908403397,-0.119551264,
8402,11142.66053557396,-0.0,
8403,11143.951229333878,-0.0006886313,
8404,11145.247038841248,-0.018514229,
8405,11146.54123044014,-0.01973215,
8406,11147.83475446701,-0.000111351124,
8407,11149.138219833374,-0.0,
8408,11150.47033071518,-0.037119858,
8409,11151.787393331528,-0.0,
8410,11153.095106840134,-0.016239498,
8411,11154.443815946579,-0.10970847,
8412,11155.828296422958,-0.0,
8413,11157.189813137054,-0.019922607,
8414,11157.607667684555,-0.0,
8415,11159.508118152618,-0.0,
8416,11160.822761058807,-0.0,
8417,11162.152004003525,-0.028995182,
8418,11163.471243619919,-0.0,
8419,11164.771108150482,-0.034321647,
8420,11166.085082530975,-0.0120793665,
8421,11167.403906822205,-0.05262933,
8422,11168.737841129303,-0.0,
8423,11170.053890705109,-0.0,
8424,11171.379675626755,-0.0009819411,
8425,11172.732246160507,-0.021635309,
8426,11174.042785644531,-0.0,
8427,11175.373471975327,-0.0,
8428,11175.773734807968,-0.0,
8429,11177.720702886581,-0.023650955,
8430,11179.049474716187,-0.0,
8431,11180.389151573181,-0.027161077,
8432,11181.71723151207,-0.024762329,
8433,11183.0552880764,-0.08907409,
8434,11184.409937143326,-0.0,
8435,11185.781259536743,-2.2846554e-05,
8436,11187.131437540054,-0.0,
8437,11188.462988853455,-0.0645222,
8438,11189.782727003098,-0.0,
8439,11191.120733499527,-0.09216822,
8440,11192.423476219177,-0.039311107,
8441,11193.760256290436,-0.042485453,
8442,11194.152054786682,-0.0,
8443,11196.015831708908,-0.019925218,
8444,11197.342063903809,-0.008417799,
8445,11198.673869371414,-0.2314926,
8446,11200.008944749832,-0.11923001,
8447,11201.32647061348,-0.0066905185,
8448,11202.657220363617,-0.051594377,
8449,11204.00317811966,-0.19860135,
8450,11205.34453034401,-0.0,
8451,11206.713366031647,-0.0,
8452,11208.05852675438,-0.021046562,
8453,11209.433212280273,-1.2017062e-10,
8454,11210.744438171387,-0.058964457,
8455,11212.048426389694,-0.0,
8456,11212.43876862526,-0.0,
8457,11214.32256603241,-0.28818202,
8458,11215.697788476944,-0.023703638,
8459,11217.051938772202,-0.016039794,
8460,11218.422127723694,-0.03574936,
8461,11219.79171538353,-0.02538076,
8462,11221.164330005646,-0.03414915,
8463,11222.507105827332,-0.0,
8464,11223.870143175125,-0.024062572,
8465,11225.223907470703,-9.2061775e-05,
8466,11226.592757463455,-0.0,
8467,11227.951431751251,-0.0,
8468,11229.272128582,-0.028629774,
8469,11230.599615097046,-0.0,
8470,11231.000398635864,-0.0,
8471,11232.914018154144,-0.028545653,
8472,11234.232028722763,-0.068596356,
8473,11235.541980266571,-0.11705458,
8474,11236.87548828125,-0.051661137,
8475,11238.195131778717,-0.0,
8476,11239.510170459747,-0.0069705085,
8477,11240.826217889786,-0.0,
8478,11242.179180145264,-0.028968893,
8479,11243.50405740738,-0.009914654,
8480,11244.831290960312,-0.077469364,
8481,11246.164037704468,-0.030875845,
8482,11247.501454353333,-0.031799868,
8483,11248.832681179047,-0.0,
8484,11249.223592758179,-0.0,
8485,11251.112196683884,-0.3579979,
8486,11252.459943532944,-0.0020987426,
8487,11253.77847480774,-0.0,
8488,11255.097841501236,-0.0054425993,
8489,11256.433256149292,-0.0,
8490,11257.732470750809,-0.0,
8491,11259.039924144745,-0.008737244,
8492,11260.352116584778,-0.0,
8493,11261.636328220367,-0.16546161,
8494,11262.944054603577,-0.06738124,
8495,11264.252115011215,-0.0,
8496,11265.584385156631,-0.068340905,
8497,11266.903325796127,-0.22582555,
8498,11267.293583154678,-0.0,
8499,11269.142315387726,-0.0070052063,
8500,11271.878187894821,-2.4131433e-11,
8501,11273.201353549957,-0.0,
8502,11274.517358541489,-0.013656758,
8503,11275.854084014893,-0.0,
8504,11277.202535390854,-0.0045316326,
8505,11278.526639461517,-0.0,
8506,11279.864015579224,-0.022340909,
8507,11281.216368436813,-0.024405858,
8508,11282.577756643295,-0.31567234,
8509,11283.943599700928,-0.17915489,
8510,11285.278267383575,-0.07357708,
8511,11286.606645822525,-0.0,
8512,11287.005470991135,-0.0,
8513,11288.92284989357,-0.0,
8514,11290.248312234879,-0.1353494,
8515,11291.575915336609,-0.0,
8516,11292.97088599205,-0.0,
8517,11294.273921966553,-0.0066505326,
8518,11295.59566950798,-0.03977117,
8519,11296.930119752884,-0.0,
8520,11298.283946037292,-0.0,
8521,11299.612359046936,-0.00061250717,
8522,11300.945038795471,-0.19708411,
8523,11302.289187192917,-0.025266541,
8524,11303.61981344223,-0.18900031,
8525,11304.95317029953,-0.004646836,
8526,11305.369926929474,-0.0,
8527,11307.249731302261,-0.06528652,
8528,11308.581849813461,-0.01702227,
8529,11309.91456747055,-0.0315975,
8530,11311.226796150208,-0.06962083,
8531,11312.53926372528,-0.13475716,
8532,11313.849821090698,-0.0,
8533,11315.158237457275,-0.0392166,
8534,11316.479251861572,-0.030961454,
8535,11317.784649133682,-0.017069267,
8536,11319.099960803986,-0.02350546,
8537,11320.407528877258,-0.0,
8538,11321.735661745071,-0.10406493,
8539,11323.06080365181,-0.0,
8540,11323.457270860672,-0.0,
8541,11325.402626037598,-0.0,
8542,11326.723704576492,-0.0,
8543,11328.056469202042,-0.0,
8544,11329.380026102066,-0.05028405,
8545,11330.691066026688,-0.19583914,
8546,11332.010355472565,-0.009976528,
8547,11333.322122812271,-0.0041598594,
8548,11334.658058404922,-0.0206761,
8549,11335.980846643448,-0.15491466,
8550,11337.303590774536,-0.0,
8551,11338.616240739822,-0.0,
8552,11339.93049454689,-0.06447535,
8553,11341.259777069092,-0.0,
8554,11341.648325920105,-0.0,
8555,11343.50010728836,-0.0010928666,
8556,11344.816133499146,-0.0,
8557,11346.137241125107,-0.040163625,
8558,11347.449234724045,-0.037464246,
8559,11348.756794691086,-0.010739668,
8560,11350.064414262772,-0.039048813,
8561,11351.384871959686,-0.021246176,
8562,11352.711153268814,-0.0,
8563,11354.059581279755,-0.039269157,
8564,11355.362354755402,-0.03555491,
8565,11356.700872421265,-0.009295776,
8566,11358.041175365448,-0.0,
8567,11359.363534212112,-0.0,
8568,11359.753733158112,-0.0,
8569,11361.61065864563,-0.0,
8570,11362.952894926071,-0.0,
8571,11364.313972234726,-0.19977942,
8572,11365.63358592987,-0.0,
8573,11366.94742512703,-0.0,
8574,11368.270132541656,-0.06644409,
8575,11369.591911315918,-0.0,
8576,11370.906871557236,-0.014244324,
8577,11372.2126121521,-0.0,
8578,11373.521438598633,-0.0,
8579,11374.828337192535,-0.0068540266,
8580,11376.140530824661,-0.010268711,
8581,11377.470685958862,-0.024465833,
8582,11377.871040582657,-0.0,
8583,11379.749975681305,-0.24315724,
8584,11381.107860088348,-0.0,
8585,11382.424812793732,-0.016795194,
8586,11383.778937101364,-0.031729612,
8587,11385.113297700882,-0.008954565,
8588,11386.436311244965,-1.0182512e-06,
8589,11387.75522017479,-0.104955316,
8590,11389.063091278076,-0.027588958,
8591,11390.391268253326,-0.017903084,
8592,11391.70816540718,-0.019085992,
8593,11393.034055948257,-3.0208133e-07,
8594,11394.356467485428,-0.05473138,
8595,11395.69372177124,-0.0,
8596,11396.085193634033,-0.0,
8597,11397.96002459526,-0.09439753,
8598,11399.314467668533,-0.0,
8599,11400.631019830704,-0.06905683,
8600,11403.592890739441,-0.115193956,
8601,11404.899153470993,-0.0027455736,
8602,11406.228485107422,-0.0,
8603,11407.55598282814,-0.0148514835,
8604,11408.886991024017,-0.0,
8605,11410.188096284866,-0.0,
8606,11411.511477708817,-0.10892157,
8607,11412.855367898941,-1.1843753,
8608,11414.18301820755,-0.0,
8609,11415.516495466232,-0.0,
8610,11415.899954795837,-0.0,
8611,11417.801893949509,-0.0,
8612,11419.145405054092,-0.011293448,
8613,11420.468037366867,-0.0,
8614,11421.802232980728,-0.011227006,
8615,11423.132437467575,-0.0014304967,
8616,11424.452814817429,-0.01271991,
8617,11425.77740931511,-0.05379759,
8618,11427.102251291275,-0.081273764,
8619,11428.424921751022,-0.0,
8620,11429.772708415985,-0.09048897,
8621,11431.143976688385,-0.047474563,
8622,11432.478954553604,-0.071445055,
8623,11433.835161924362,-0.024893705,
8624,11434.239225625992,-0.0,
8625,11436.199089288712,-0.028050715,
8626,11437.537895441055,-0.016977932,
8627,11438.874141216278,-0.033375088,
8628,11440.18610715866,-0.0,
8629,11441.53317975998,-0.16899815,
8630,11442.867804288864,-0.0,
8631,11444.173822641373,-0.0,
8632,11445.499387979507,-0.0,
8633,11446.80395102501,-0.10805142,
8634,11448.117384672165,-0.12062915,
8635,11449.477562904358,-0.07210743,
8636,11450.839017629623,-0.10733747,
8637,11452.168421268463,-0.0,
8638,11452.556765794754,-0.0,
8639,11454.428873538971,-0.023315892,
8640,11455.752698659897,-0.0,
8641,11457.076085567474,-0.0,
8642,11458.410065174103,-0.039003026,
8643,11459.719094514847,-5.0916684e-09,
8644,11461.035421133041,-0.20207593,
8645,11462.34879207611,-0.05239702,
8646,11463.669670343399,-0.03485087,
8647,11464.985018491745,-0.0,
8648,11466.306298494339,-0.09014705,
8649,11467.622859477997,-0.028273946,
8650,11468.944662570953,-0.0145961,
8651,11470.291453838348,-0.051973395,
8652,11470.695687055588,-0.0,
8653,11472.529904127121,-0.011322685,
8654,11473.85313630104,-0.05257842,
8655,11475.161972999573,-1.8902976e-07,
8656,11476.521047115326,-0.061448056,
8657,11477.899609804153,-0.013253242,
8658,11479.215628147125,-0.06233599,
8659,11480.513705253601,-0.0,
8660,11481.82486486435,-0.09516818,
8661,11483.117220878601,-0.0,
8662,11484.406904697418,-0.030790132,
8663,11485.7031519413,-0.083156586,
8664,11487.006532907486,-0.023820002,
8665,11488.313173055649,-0.022026384,
8666,11488.691129207611,-0.0,
8667,11490.485619068146,-0.21115515,
8668,11491.784799575806,-0.0,
8669,11493.081084489822,-0.09170027,
8670,11494.378380060196,-0.0,
8671,11495.69049191475,-0.0655127,
8672,11497.004762411118,-0.057984177,
8673,11498.333057165146,-0.010443037,
8674,11499.64925789833,-0.0065764217,
8675,11500.949223995209,-0.1649309,
8676,11502.245634317398,-0.0,
8677,11503.545969963074,-0.118623495,
8678,11504.843083620071,-0.034881677,
8679,11506.14385008812,-0.0,
8680,11506.524418830872,-0.0,
8681,11508.306943178177,-0.0,
8682,11509.596035957336,-0.02725112,
8683,11510.899483919144,-0.07000338,
8684,11512.21829533577,-0.0006824973,
8685,11513.50207901001,-0.00840381,
8686,11514.781773090363,-0.0,
8687,11516.089641809464,-0.18698636,
8688,11517.400621175766,-0.11028421,
8689,11518.70516705513,-0.005249093,
8690,11520.048292398453,-0.0060866107,
8691,11521.38081407547,-0.023474189,
8692,11522.696236133575,-0.0033242882,
8693,11524.003657102585,-1.3963041e-06,
8694,11524.391640424728,-0.0,
8695,11526.211837530136,-0.05971121,
8696,11527.52701830864,-0.10191192,
8697,11528.830692768097,-0.0,
8698,11530.128636360168,-0.0,
8699,11531.438128948212,-0.014899984,
8700,11534.008665561676,-0.0,
8701,11535.31367111206,-0.11131919,
8702,11536.626789331436,-0.04763065,
8703,11537.90488910675,-0.010846219,
8704,11539.209406614304,-0.14564107,
8705,11540.51002407074,-1.2011275e-05,
8706,11541.813677549362,-0.0124073895,
8707,11543.110528945923,-0.0,
8708,11543.494035959244,-0.0,
8709,11545.349615335464,-0.024281302,
8710,11546.689851045609,-0.13628453,
8711,11547.998157024384,-0.018935058,
8712,11549.302991390228,-0.0,
8713,11550.604709625244,-2.4131433e-11,
8714,11551.906902074814,-0.16683576,
8715,11553.20019865036,-0.0,
8716,11554.501362323761,-0.01458202,
8717,11555.803267717361,-0.006808252,
8718,11557.099890232086,-0.101506665,
8719,11558.405074834824,-0.040732615,
8720,11559.693717718124,-0.0,
8721,11560.999261140823,-0.0,
8722,11561.382370710373,-0.0,
8723,11563.149412631989,-0.031153675,
8724,11564.453584432602,-0.13886213,
8725,11565.790308952332,-0.006644477,
8726,11567.091628074646,-0.041153945,
8727,11568.379011631012,-0.007853047,
8728,11569.685683012009,-0.0,
8729,11570.98266839981,-0.0,
8730,11572.27718448639,-0.06496478,
8731,11573.569121360779,-0.06859926,
8732,11574.864639520645,-0.037728522,
8733,11576.190940141678,-0.05099067,
8734,11577.512145280838,-0.011950956,
8735,11578.840616226196,-0.165862,
8736,11579.245825529099,-6.6208436e-06,
8737,11581.083514213562,-0.0,
8738,11582.411787033081,-0.0,
8739,11583.702408790588,-0.16248116,
8740,11584.995733499527,-0.0035878052,
8741,11586.295101642609,-0.0,
8742,11587.589535951614,-0.0,
8743,11588.876466035843,-0.024258232,
8744,11590.177066087723,-0.007940204,
8745,11591.471170425415,-0.03779966,
8746,11592.806652069092,-0.0025191002,
8747,11594.108107328415,-0.0,
8748,11595.403443574905,-1.1872434e-09,
8749,11596.70497751236,-0.0,
8750,11597.105031728745,-0.0,
8751,11598.947203159332,-0.0,
8752,11600.240451812744,-0.025349978,
8753,11601.543732643127,-0.016210714,
8754,11602.85021352768,-0.05149322,
8755,11604.19125533104,-0.11761522,
8756,11605.505783557892,-0.010159469,
8757,11606.835177898407,-0.0,
8758,11608.170585870743,-0.05086481,
8759,11609.48771572113,-0.0,
8760,11610.79022359848,-0.14115438,
8761,11612.089412927628,-0.0,
8762,11613.37830400467,-0.047851514,
8763,11614.679814577103,-0.0,
8764,11615.062239408493,-0.0,
8765,11616.845542430878,-0.019517872,
8766,11618.15472483635,-0.015489249,
8767,11619.45327091217,-0.2490077,
8768,11620.74285531044,-0.0,
8769,11622.031578063965,-0.0,
8770,11623.316811561584,-0.0,
8771,11624.614562034607,-0.0,
8772,11625.916634082794,-0.0007730898,
8773,11627.228597164154,-0.0,
8774,11628.52870297432,-0.019069763,
8775,11629.82909655571,-0.15941457,
8776,11631.125129938126,-0.023783121,
8777,11632.410899877548,-0.032942127,
8778,11632.796229600906,-0.42094818,
8779,11634.608434677124,-0.02123245,
8780,11635.904823541641,-0.039535075,
8781,11637.183662891388,-0.0,
8782,11638.469037294388,-0.0,
8783,11639.761927366257,-0.0,
8784,11641.056144952774,-0.03662577,
8785,11642.351402759552,-0.018950887,
8786,11643.67765712738,-0.0,
8787,11645.003628253937,-0.014844535,
8788,11646.299236059189,-0.026723295,
8789,11647.607182502747,-0.022763487,
8790,11648.8974609375,-0.0074647204,
8791,11650.206401348114,-0.007898888,
8792,11650.585045337677,-0.0,
8793,11652.398159980774,-0.22513337,
8794,11653.71917128563,-0.0,
8795,11655.021681070328,-0.0,
8796,11656.345665931702,-0.003865033,
8797,11657.636313199997,-0.04767956,
8798,11658.939943552017,-0.0,
8799,11660.237117052078,-0.0,
8800,11662.837769269943,-0.042572882,
8801,11664.144488096237,-0.1912112,
8802,11665.457624912262,-0.14394677,
8803,11666.797018289566,-0.0,
8804,11668.100234031677,-0.056138754,
8805,11669.442606687546,-0.10398618,
8806,11669.833401679993,-0.0,
8807,11671.734404087067,-0.001057292,
8808,11673.059842348099,-0.0,
8809,11674.387386798859,-0.060118172,
8810,11675.680500984192,-0.38020107,
8811,11676.982108592987,-0.0363725,
8812,11678.296074390411,-0.0,
8813,11679.617172241211,-0.029157314,
8814,11680.930348157883,-0.0,
8815,11682.22294807434,-0.0,
8816,11683.52874660492,-0.08143078,
8817,11684.822390794754,-0.06896126,
8818,11686.135637760162,-0.25214955,
8819,11687.431462287903,-0.039753757,
8820,11687.82002711296,-0.0,
8821,11689.667033672333,-0.0,
8822,11690.970027685165,-0.003075243,
8823,11692.267824411392,-0.016588913,
8824,11693.562272071838,-0.0,
8825,11694.857067108154,-0.0015057197,
8826,11696.134978294373,-0.015367992,
8827,11697.438606977463,-0.0,
8828,11698.75571513176,-0.013088923,
8829,11700.059444904327,-0.019466577,
8830,11701.345656871796,-0.0,
8831,11702.635984897614,-0.0,
8832,11703.93051123619,-0.03321028,
8833,11705.23454284668,-0.04567207,
8834,11705.616441249847,-0.22166893,
8835,11707.417063474655,-0.11154284,
8836,11708.714674472809,-0.007220471,
8837,11710.012643814087,-0.016604459,
8838,11711.314258813858,-0.0,
8839,11712.614301919937,-0.0,
8840,11713.905380249023,-0.0,
8841,11715.205646038055,-0.0,
8842,11716.506289958954,-0.0,
8843,11717.842802762985,-0.046899766,
8844,11719.181071996689,-0.03171192,
8845,11720.489762067795,-0.07597348,
8846,11721.783927679062,-0.17194906,
8847,11723.094565868378,-0.0040544574,
8848,11723.475801467896,-0.0,
8849,11725.325118780136,-0.0,
8850,11726.612155914307,-0.032172684,
8851,11727.906809806824,-0.112641335,
8852,11729.20322060585,-5.7967456e-05,
8853,11730.48334813118,-0.0,
8854,11731.781408786774,-0.03973284,
8855,11733.060792684555,-4.356917e-08,
8856,11734.356524467468,-0.118248135,
8857,11735.650098085403,-0.028651526,
8858,11736.972691059113,-0.012912636,
8859,11738.300194978714,-0.05839467,
8860,11739.62483549118,-0.0,
8861,11740.908786535263,-0.010593357,
8862,11741.294821977615,-0.0,
8863,11743.09108710289,-0.18011619,
8864,11744.38389992714,-0.0,
8865,11745.677765369415,-0.013128296,
8866,11746.978891134262,-0.037099756,
8867,11748.272953987122,-0.0,
8868,11749.565737009048,-0.020688992,
8869,11750.865005731583,-0.0053530443,
8870,11752.15354681015,-0.04584567,
8871,11753.447945356369,-0.0,
8872,11754.746179580688,-0.050780185,
8873,11756.050936222076,-0.0,
8874,11757.338794708252,-0.0,
8875,11758.639838695526,-0.038004316,
8876,11759.016119718552,-0.0,
8877,11760.836844921112,-0.010201707,
8878,11762.126201152802,-0.0,
8879,11763.420845270157,-0.067438975,
8880,11764.724034070969,-0.012776166,
8881,11766.012704849243,-0.00825505,
8882,11767.301784992218,-0.010222885,
8883,11768.600754022598,-0.1884488,
8884,11769.888474464417,-0.0,
8885,11771.197215080261,-0.0026729105,
8886,11772.487037658691,-0.0,
8887,11773.78467130661,-0.11716169,
8888,11775.081595182419,-0.0,
8889,11776.379210233688,-0.010803211,
8890,11776.75760269165,-0.0,
8891,11778.550655603409,-0.0,
8892,11779.851605653763,-0.1140091,
8893,11781.140033006668,-0.0,
8894,11782.444162130356,-0.036389597,
8895,11783.729110956192,-0.0,
8896,11785.017427444458,-0.0,
8897,11786.314646959305,-6.107024e-10,
8898,11787.619305849075,-0.1750978,
8899,11788.913721561432,-0.0036529098,
8900,11791.471795082092,-0.0,
8901,11792.771248817444,-0.15803358,
8902,11794.05257821083,-0.0,
8903,11795.353759765625,-0.032404028,
8904,11795.732073307037,-0.0,
8905,11797.574231147766,-0.06516133,
8906,11798.88012290001,-0.032168828,
8907,11800.169269561768,-0.0,
8908,11801.469154119492,-0.07676222,
8909,11802.788440465927,-0.023189126,
8910,11804.075621128082,-0.0,
8911,11805.386447668076,-0.23465624,
8912,11806.692841529846,-0.0,
8913,11807.976361751556,-0.019454598,
8914,11809.269727230072,-0.08135625,
8915,11810.576156616211,-0.019075807,
8916,11811.865328788757,-0.0179314,
8917,11813.16413140297,-0.06072833,
8918,11813.543884277344,-0.0,
8919,11815.346066951752,-0.0,
8920,11816.630734920502,-0.0,
8921,11817.93096280098,-0.064709656,
8922,11819.225779771805,-0.0,
8923,11820.515509605408,-0.12043055,
8924,11821.802735090256,-0.011345061,
8925,11823.097643852234,-0.0,
8926,11824.413001537323,-0.14469688,
8927,11825.696244239807,-0.0,
8928,11826.988090991974,-0.038664114,
8929,11828.286899328232,-0.0,
8930,11829.581047058105,-0.0,
8931,11830.874793052673,-0.05616804,
8932,11831.254549264908,-0.0,
8933,11833.067389011383,-0.017923031,
8934,11834.35808634758,-5.5789178e-09,
8935,11835.645092725754,-0.037395872,
8936,11836.940739870071,-0.0,
8937,11838.238684415817,-0.010635502,
8938,11839.530719995499,-0.0,
8939,11840.832501649857,-0.0,
8940,11842.127884149551,-0.023408128,
8941,11843.407382249832,-0.13281068,
8942,11844.695587396622,-0.0,
8943,11846.005684614182,-0.1758661,
8944,11847.299011230469,-0.0001358893,
8945,11848.6019384861,-0.07040897,
8946,11848.980248689651,-0.0,
8947,11850.772046089172,-0.025397142,
8948,11852.062226772308,-0.0,
8949,11853.35882115364,-0.024520252,
8950,11854.657681941986,-0.016114471,
8951,11855.937578439713,-0.0,
8952,11857.227422237396,-0.0,
8953,11858.51604628563,-0.014222959,
8954,11859.822858572006,-0.09405926,
8955,11861.107160568237,-0.007661258,
8956,11862.39792227745,-0.0,
8957,11863.686294794083,-0.02271997,
8958,11864.98581814766,-0.0,
8959,11866.26999926567,-0.12723313,
8960,11866.660061359406,-0.0,
8961,11868.442857027054,-0.012449553,
8962,11869.731228113174,-0.018507153,
8963,11871.020938158035,-0.012328249,
8964,11872.320185661316,-0.10699311,
8965,11873.615353107452,-0.02853902,
8966,11874.908598423004,-0.01183396,
8967,11876.191261291504,-0.0,
8968,11877.492720127106,-0.0,
8969,11878.789393424988,-0.022721479,
8970,11880.07417845726,-0.004594318,
8971,11881.393988132477,-0.0,
8972,11882.67402935028,-0.024748702,
8973,11883.975930690765,-0.10072014,
8974,11884.356819152832,-0.0,
8975,11886.142115831375,-0.0,
8976,11887.447150230408,-0.008495125,
8977,11888.765053033829,-0.0,
8978,11890.09538602829,-0.0,
8979,11891.415951013565,-0.02888467,
8980,11892.722735881805,-0.0,
8981,11894.016602277756,-0.022464853,
8982,11895.311411619186,-0.0,
8983,11896.599104881287,-0.027235463,
8984,11897.907675266266,-0.079445116,
8985,11899.206715106964,-0.08276367,
8986,11900.49997830391,-0.12525119,
8987,11901.797795534134,-0.0065033594,
8988,11902.180596351624,-0.0,
8989,11903.979170560837,-0.08399269,
8990,11905.295379400253,-0.012645625,
8991,11906.590316057205,-0.1589042,
8992,11907.889822721481,-0.11417095,
8993,11909.177397966385,-0.016344171,
8994,11910.481071710587,-0.07234629,
8995,11911.772023439407,-0.0,
8996,11913.069945812225,-0.074158125,
8997,11914.360059261322,-0.0,
8998,11915.648304462433,-0.0,
8999,11916.944762468338,-0.058883637,
9000,11919.460977554321,-0.0,
9001,11920.754184007645,-0.07105036,
9002,11921.13509774208,-0.0,
9003,11922.960886001587,-0.0,
9004,11924.268080234528,-0.003684587,
9005,11925.559350728989,-0.005179102,
9006,11926.86565041542,-0.0,
9007,11928.16926908493,-0.0047078924,
9008,11929.460728883743,-0.01041762,
9009,11930.756047964096,-0.22544587,
9010,11932.049295425415,-0.0,
9011,11933.335024356842,-0.20188601,
9012,11934.614621162415,-0.049703494,
9013,11935.913606405258,-0.01102632,
9014,11937.213683843613,-0.028747642,
9015,11938.513015270233,-0.016269114,
9016,11938.893369674683,-0.0,
9017,11940.663635730743,-0.01123188,
9018,11941.952377319336,-0.012903052,
9019,11943.23542189598,-0.04299903,
9020,11944.5328707695,-0.02289678,
9021,11945.82267665863,-0.043336928,
9022,11947.13536286354,-0.02004832,
9023,11948.423751592636,-0.0,
9024,11949.731364250183,-0.0,
9025,11951.040140390396,-0.095319316,
9026,11952.329793691635,-0.0,
9027,11953.648946523666,-0.019208673,
9028,11954.960278987885,-0.02474239,
9029,11956.269967317581,-0.00565731,
9030,11956.668853998184,-0.0,
9031,11958.468862056732,-0.14107636,
9032,11959.759762763977,-0.0,
9033,11961.073571681976,-0.094413534,
9034,11962.373471736908,-0.12212878,
9035,11963.673858642578,-0.7533427,
9036,11964.968794822693,-0.0,
9037,11966.263549804688,-0.0023851406,
9038,11967.57085442543,-0.12233166,
9039,11968.861608505249,-0.1390447,
9040,11970.147740364075,-0.03722002,
9041,11971.445647239685,-0.007870244,
9042,11972.739684820175,-0.039511956,
9043,11974.043431520462,-2.8207767e-09,
9044,11974.431161880493,-0.0,
9045,11976.229516506195,-0.0,
9046,11977.541494131088,-0.012839715,
9047,11978.845376968384,-0.015208604,
9048,11980.148818731308,-0.0,
9049,11981.438317775726,-0.0,
9050,11982.721787452698,-0.0,
9051,11984.029760599136,-0.0042627105,
9052,11985.332775115967,-0.06101991,
9053,11986.617650270462,-0.0,
9054,11987.92682337761,-0.015246478,
9055,11989.220221996307,-0.068595625,
9056,11990.516696453094,-0.12634355,
9057,11991.804407835007,-0.0,
9058,11992.185161828995,-0.0,
9059,11993.998130083084,-0.06893763,
9060,11995.298936843872,-0.19304328,
9061,11996.608511209488,-0.0,
9062,11997.897337198257,-0.0,
9063,11999.187647342682,-0.0996387,
9064,12000.481173038483,-0.006077913,
9065,12001.772424936295,-0.0,
9066,12003.068032741547,-0.020963432,
9067,12004.358043432236,-0.014625378,
9068,12005.637772321701,-0.037572216,
9069,12006.950963973999,-0.020292355,
9070,12008.240435361862,-0.18951926,
9071,12009.537853717804,-0.0,
9072,12009.922343969345,-0.0,
9073,12011.755370378494,-0.3761155,
9074,12013.0383207798,-0.0,
9075,12014.334845781326,-0.019121338,
9076,12015.619184732437,-0.0,
9077,12016.9081864357,-0.02281651,
9078,12018.204451560974,-0.03645874,
9079,12019.488677501678,-0.0019154893,
9080,12020.789909124374,-0.21175566,
9081,12022.083794355392,-7.429984e-08,
9082,12023.379391431808,-0.0,
9083,12024.670859336853,-0.07596667,
9084,12025.951074361801,-0.0039322237,
9085,12027.250250816345,-0.0,
9086,12027.636506080627,-0.0,
9087,12029.434829711914,-0.0224967,
9088,12030.732130289078,-0.025333952,
9089,12032.021037101746,-0.0,
9090,12033.310849905014,-0.0,
9091,12034.613748550415,-0.002894442,
9092,12035.920662641525,-0.1265625,
9093,12037.207992553711,-0.0,
9094,12038.512112617493,-0.02811636,
9095,12039.803546905518,-0.014401528,
9096,12041.102538347244,-0.007897614,
9097,12042.402240514755,-0.0016543015,
9098,12043.702444076538,-0.0,
9099,12044.989654302597,-0.0,
9100,12046.449810504913,-0.0,
9101,12048.377430438995,-0.0,
9102,12049.70255112648,-0.113465875,
9103,12051.052670955658,-0.0069792634,
9104,12052.349801063538,-0.024003599,
9105,12053.663413763046,-0.026080798,
9106,12054.957433462143,-0.0,
9107,12056.277179718018,-0.05933825,
9108,12057.588250160217,-0.02563468,
9109,12058.894166946411,-0.010007344,
9110,12060.195996761322,-0.23441991,
9111,12061.508492231369,-0.0,
9112,12062.806759595871,-0.03725195,
9113,12064.145845413208,-0.007391561,
9114,12064.543927192688,-0.0,
9115,12066.44648885727,-0.1087055,
9116,12067.78354382515,-0.0,
9117,12069.103785991669,-1.5845771e-08,
9118,12070.413442134857,-0.0,
9119,12071.702188014984,-0.11861487,
9120,12073.008598804474,-0.060330264,
9121,12074.300907373428,-0.010617452,
9122,12075.606368780136,-0.035956204,
9123,12076.891807317734,-0.034692995,
9124,12078.188438177109,-0.0,
9125,12079.492313623428,-0.026321065,
9126,12080.791328668594,-0.030885298,
9127,12082.086913108826,-0.0,
9128,12082.475522994995,-0.0,
9129,12084.282781600952,-0.024580557,
9130,12085.583087444305,-0.022612682,
9131,12086.879205226898,-0.0,
9132,12088.188917636871,-0.0040808273,
9133,12089.483609437943,-0.030562043,
9134,12090.784836769104,-0.0,
9135,12092.081813812256,-0.009198477,
9136,12093.376643657684,-0.009204892,
9137,12094.689991950989,-0.015284768,
9138,12095.991021871567,-0.010547284,
9139,12097.290150165558,-0.039080545,
9140,12098.567611694336,-0.0,
9141,12099.852591753006,-0.0,
9142,12100.235076665878,-0.0,
9143,12102.10539317131,-0.10467543,
9144,12103.411474227905,-0.0,
9145,12104.719339609146,-0.029613972,
9146,12106.037387132645,-1.0418953,
9147,12107.333009004593,-7.605294e-08,
9148,12108.631270885468,-0.13721484,
9149,12109.984740495682,-0.018963214,
9150,12111.324434041977,-0.0659015,
9151,12112.624598503113,-0.0,
9152,12113.928009748459,-0.0,
9153,12115.206519842148,-0.008898379,
9154,12116.503453493118,-0.030708928,
9155,12117.793625116348,-0.0,
9156,12118.172824144363,-0.0,
9157,12119.982323408127,-0.045388166,
9158,12121.285696983337,-0.027290106,
9159,12122.576690673828,-0.0058704773,
9160,12123.89170742035,-0.0945339,
9161,12125.183923721313,-0.058483645,
9162,12126.476349592209,-0.11281995,
9163,12127.808389425278,-0.0491393,
9164,12129.111379146576,-0.009820835,
9165,12130.40524148941,-0.01155088,
9166,12131.687352180481,-0.29329392,
9167,12132.989128112793,-0.016098602,
9168,12134.299096822739,-0.008786465,
9169,12135.609396457672,-0.07035986,
9170,12135.997742652893,-0.0,
9171,12137.786241054535,-0.12341324,
9172,12139.090663909912,-0.0077152583,
9173,12140.391966819763,-0.073575184,
9174,12141.725819826126,-0.01888324,
9175,12143.088159322739,-0.019407097,
9176,12144.393852710724,-0.0018683963,
9177,12145.687070131302,-0.0032502275,
9178,12147.011267662048,-0.0,
9179,12148.31077337265,-0.15222584,
9180,12149.615197896957,-0.058255386,
9181,12150.915966749191,-0.039810143,
9182,12152.240902662277,-0.09359291,
9183,12153.547949790955,-0.24010715,
9184,12153.93503189087,-0.0,
9185,12155.7461540699,-0.06543246,
9186,12157.048897504807,-0.1571545,
9187,12158.349368572235,-0.03867568,
9188,12159.637775182724,-0.0,
9189,12160.941792011261,-0.013808979,
9190,12162.237731695175,-0.006318352,
9191,12163.531762838364,-9.307007e-09,
9192,12164.831423997879,-0.088330775,
9193,12166.128220319748,-0.0,
9194,12167.425680875778,-0.20111719,
9195,12168.72895026207,-0.0,
9196,12170.018692731857,-0.03217161,
9197,12171.313055992126,-0.0,
9198,12171.696949005127,-0.0,
9199,12173.543195724487,-0.013017729,
9200,12176.162308692932,-0.044053186,
9201,12177.450321435928,-0.0,
9202,12178.776103496552,-0.0,
9203,12180.105990886688,-0.040742632,
9204,12181.451637983322,-0.0,
9205,12182.779730081558,-0.0,
9206,12184.088988304138,-0.003503815,
9207,12185.374831676483,-0.19118792,
9208,12186.710106611252,-0.006185078,
9209,12188.00945186615,-0.021827351,
9210,12189.293328046799,-0.06484231,
9211,12190.59564781189,-2.403413e-11,
9212,12190.981219291687,-0.0,
9213,12192.852489471436,-0.0,
9214,12194.152924537659,-0.019474719,
9215,12195.464099168777,-0.0,
9216,12196.757095575333,-0.087550566,
9217,12198.043462753296,-0.020570057,
9218,12199.332412958145,-0.011335397,
9219,12200.64592385292,-0.13752274,
9220,12201.981168031693,-0.0,
9221,12203.316708564758,-0.002682317,
9222,12204.617663621902,-0.007324868,
9223,12205.929064035416,-0.0,
9224,12207.227333784103,-0.035963304,
9225,12208.511193990707,-0.012275606,
9226,12208.900552034378,-0.0,
9227,12210.719440698624,-1.4717191e-10,
9228,12212.014422178268,-0.0,
9229,12213.320545196533,-0.04813722,
9230,12214.60305595398,-0.022203658,
9231,12215.88829445839,-0.0196071,
9232,12217.181207180023,-0.0,
9233,12218.488573551178,-0.0,
9234,12219.777321338654,-0.0,
9235,12221.063875675201,-0.033139415,
9236,12222.352862596512,-0.0055858423,
9237,12223.65231513977,-0.016877534,
9238,12224.942907810211,-0.026206398,
9239,12226.243510007858,-0.14251132,
9240,12226.621631145477,-0.16219275,
9241,12228.457126617432,-0.11967399,
9242,12229.742730379105,-0.019774258,
9243,12231.038852930069,-0.0,
9244,12232.336715221405,-0.0,
9245,12233.632797002792,-0.0,
9246,12234.92735004425,-0.0,
9247,12236.21686244011,-0.0,
9248,12237.512497663498,-0.15107353,
9249,12238.81118106842,-0.0,
9250,12240.099696159363,-0.0,
9251,12241.412991762161,-0.0,
9252,12242.693293094635,-0.329405,
9253,12243.987973213196,-0.048748035,
9254,12244.367075443268,-0.0,
9255,12246.271379709244,-5.0848218e-08,
9256,12247.5707218647,-0.046241928,
9257,12248.87728214264,-0.02675831,
9258,12250.184090614319,-0.39739674,
9259,12251.494066953659,-0.055422515,
9260,12252.780067682266,-0.039200056,
9261,12254.068264961243,-0.12525162,
9262,12255.398210763931,-0.058904164,
9263,12256.696667671204,-0.06838091,
9264,12258.001853227615,-0.0,
9265,12259.290085792542,-0.0,
9266,12260.595485925674,-0.05450043,
9267,12261.89774274826,-4.7493738e-11,
9268,12262.284240722656,-0.0,
9269,12264.075926065445,-0.0,
9270,12265.391633987427,-0.008451763,
9271,12266.700644254684,-0.04607994,
9272,12267.997514247894,-0.17177974,
9273,12269.288101911545,-0.056632526,
9274,12270.576226472855,-0.028306661,
9275,12271.86945104599,-0.0,
9276,12273.18384194374,-0.030938592,
9277,12274.469601392746,-0.0,
9278,12275.769552230835,-0.0022240952,
9279,12277.085918664932,-0.0,
9280,12278.391002178192,-0.0,
9281,12279.681258440018,-0.016454618,
9282,12280.057518482208,-0.0,
9283,12281.90317440033,-0.0,
9284,12283.194610834122,-0.0,
9285,12284.506004571915,-0.0,
9286,12285.819283723831,-0.018128699,
9287,12287.168546915054,-0.011055922,
9288,12288.462183237076,-0.0,
9289,12289.806559324265,-0.0,
9290,12291.113357305527,-0.061857276,
9291,12292.428619623184,-0.049072452,
9292,12293.71061873436,-0.06665873,
9293,12295.001567363739,-0.1992175,
9294,12296.286211013794,-0.0,
9295,12297.569809436798,-0.0,
9296,12297.94990992546,-0.0,
9297,12299.770984649658,-0.0,
9298,12301.084369659424,-0.0,
9299,12302.406721115112,-0.013556731,
9300,12304.933438777924,-0.0,
9301,12306.243339538574,-0.018240338,
9302,12307.525253534317,-0.013614347,
9303,12308.811105966568,-0.084612705,
9304,12310.108654737473,-0.0,
9305,12311.408292770386,-0.017002901,
9306,12312.69741988182,-0.05306808,
9307,12313.993721961975,-0.0,
9308,12315.269590377808,-0.0,
9309,12316.588530778885,-0.0,
9310,12316.970493793488,-0.0,
9311,12318.739320993423,-0.097463205,
9312,12320.041917800903,-0.0,
9313,12321.332869529724,-0.063171275,
9314,12322.627301931381,-0.115294285,
9315,12323.904952287674,-0.035782542,
9316,12325.18516945839,-0.016221212,
9317,12326.471601963043,-0.0,
9318,12327.781390190125,-0.09038796,
9319,12329.06479883194,-0.018269017,
9320,12330.348243951797,-0.0271432,
9321,12331.632654190063,-0.0,
9322,12332.927360534668,-0.11287231,
9323,12334.238699436188,-0.055541117,
9324,12334.617347478867,-0.0,
9325,12336.39076423645,-0.0049926555,
9326,12337.679701328278,-0.0,
9327,12338.966709136963,-0.0,
9328,12340.259374380112,-0.004827416,
9329,12341.544156312943,-0.0,
9330,12342.82023859024,-0.0,
9331,12344.126759767532,-0.0,
9332,12345.430528640747,-0.04669957,
9333,12346.72503399849,-0.03670355,
9334,12348.00760936737,-0.031593554,
9335,12349.308020830154,-0.0,
9336,12350.627709388733,-0.010548179,
9337,12351.930035591125,-0.075563595,
9338,12352.31382727623,-0.0,
9339,12354.113931179047,-0.0,
9340,12355.409669876099,-0.016189199,
9341,12356.704367160797,-0.036883987,
9342,12357.99643445015,-0.028070386,
9343,12359.292216539383,-0.040973872,
9344,12360.582684993744,-0.0,
9345,12361.870685100555,-0.0,
9346,12363.169009923935,-0.05157797,
9347,12364.457705974579,-0.015383702,
9348,12365.775929689407,-0.011770544,
9349,12367.1146941185,-0.0032629867,
9350,12368.420331001282,-0.014819484,
9351,12369.724581480026,-0.08566427,
9352,12370.114451885223,-0.0,
9353,12371.943048477173,-0.018440466,
9354,12373.28318452835,-0.1230662,
9355,12374.597968816757,-0.0,
9356,12375.909685611725,-0.0,
9357,12377.235402822495,-0.032726087,
9358,12378.544894695282,-0.08541119,
9359,12379.828072547913,-0.0641178,
9360,12381.116317033768,-0.015421281,
9361,12382.402330636978,-0.0,
9362,12383.697191476822,-0.0,
9363,12384.980442285538,-0.0,
9364,12386.278118133545,-0.017086873,
9365,12387.56530380249,-0.0,
9366,12387.961175203323,-0.0,
9367,12389.725394010544,-0.010690952,
9368,12391.016834020615,-0.003005722,
9369,12392.310910224915,-0.0,
9370,12393.605456352234,-0.0023171532,
9371,12394.897060871124,-0.0,
9372,12396.186531066895,-0.01645175,
9373,12397.47439789772,-0.0,
9374,12398.780859947205,-0.094815895,
9375,12400.069370746613,-0.017161617,
9376,12401.365960597992,-0.024211848,
9377,12402.665603160858,-0.008478313,
9378,12403.969455480576,-0.015940357,
9379,12405.266461610794,-1.1156486e-06,
9380,12405.648746013641,-0.0,
9381,12407.432859897614,-0.035082586,
9382,12408.727717399597,-0.0,
9383,12410.015606164932,-0.061109535,
9384,12411.29931139946,-0.0,
9385,12412.581586122513,-0.0,
9386,12413.891812324524,-0.0,
9387,12415.19401717186,-0.00070908444,
9388,12416.499430656433,-0.0,
9389,12417.789160966873,-0.0,
9390,12419.086631536484,-0.035102293,
9391,12420.3967294693,-0.01933142,
9392,12421.68992972374,-0.0,
9393,12422.98587179184,-0.0,
9394,12423.370294094086,-0.0,
9395,12425.162180185318,-0.042778954,
9396,12426.461109638214,-0.0,
9397,12427.76334452629,-0.042353146,
9398,12429.068768501282,-0.0,
9399,12430.391007900238,-0.011661562,
9400,12433.192140102386,-0.022256598,
9401,12434.494639873505,-0.0,
9402,12435.808886289597,-0.09300463,
9403,12437.102288484573,-1.2257378e-09,
9404,12438.396129369736,-0.31637615,
9405,12439.68542933464,-0.08923906,
9406,12440.983368873596,-0.20921081,
9407,12442.293501138687,-0.0,
9408,12442.672610521317,-0.0,
9409,12444.465222120285,-0.012667045,
9410,12445.761672258377,-0.022932988,
9411,12447.064024209976,-0.07652592,
9412,12448.375148773193,-0.025247503,
9413,12449.692709445953,-0.12584098,
9414,12450.986308813095,-0.0,
9415,12452.285185098648,-0.0,
9416,12453.588782310486,-0.024967046,
9417,12454.875982046127,-0.026850726,
9418,12456.166600704193,-0.0,
9419,12457.470350503922,-0.17775698,
9420,12458.775250673294,-0.018751673,
9421,12460.07529091835,-0.056252748,
9422,12460.453948020935,-0.0,
9423,12462.277876138687,-0.046816528,
9424,12463.579250335693,-0.003288994,
9425,12464.901226758957,-0.0,
9426,12466.211268424988,-0.004334796,
9427,12467.517439842224,-0.018008739,
9428,12468.808200597763,-0.0,
9429,12470.094822883606,-0.0,
9430,12471.40422987938,-0.0,
9431,12472.696123123169,-0.08608561,
9432,12473.991251945496,-0.040253434,
9433,12475.294724464417,-3.3921316e-10,
9434,12476.616449594498,-0.03916368,
9435,12477.936890602112,-0.07196595,
9436,12478.321773290634,-0.0,
9437,12480.20486497879,-0.0,
9438,12481.569216489792,-0.23834229,
9439,12482.889412879944,-0.04912311,
9440,12484.186028242111,-0.0,
9441,12485.521098613739,-0.0,
9442,12486.828766345978,-0.07223965,
9443,12488.122083425522,-0.00666481,
9444,12489.428379774094,-0.014377715,
9445,12490.73792886734,-0.0,
9446,12492.031198740005,-0.059090007,
9447,12493.34204673767,-0.09766545,
9448,12494.633667945862,-0.14611486,
9449,12495.934292316437,-0.0139520485,
9450,12496.32440161705,-0.0,
9451,12498.124128341675,-0.021819815,
9452,12499.452091693878,-0.12924281,
9453,12500.79295873642,-0.029682327,
9454,12502.1536090374,-0.13465467,
9455,12503.486509799957,-0.02063922,
9456,12504.823434591293,-0.098463744,
9457,12506.13669013977,-0.05304698,
9458,12507.430417776108,-0.0084525235,
9459,12508.717489004135,-0.0,
9460,12510.012371063232,-0.13268729,
9461,12511.310511827469,-0.0,
9462,12512.602039337158,-0.19685553,
9463,12513.894040584564,-0.0,
9464,12514.268962621689,-0.0,
9465,12516.074742794037,-0.0,
9466,12517.361740112305,-0.021582803,
9467,12518.664135217667,-0.04970197,
9468,12519.955039262772,-0.024681415,
9469,12521.256135225296,-0.0,
9470,12522.54084777832,-0.0,
9471,12523.839713096619,-0.26928377,
9472,12525.136965990067,-0.0,
9473,12526.43113040924,-0.034002047,
9474,12527.725623130798,-0.0,
9475,12529.036304235458,-0.088842705,
9476,12530.330330371857,-0.006778773,
9477,12531.639333724976,-0.053591363,
9478,12532.020802974701,-0.0,
9479,12533.831449985504,-0.070199795,
9480,12535.122851610184,-0.029874507,
9481,12536.43809723854,-0.088392675,
9482,12537.733946800232,-0.0,
9483,12539.023468971252,-3.2421867e-05,
9484,12540.321261644363,-0.1269396,
9485,12541.61238193512,-0.0,
9486,12542.904126882553,-0.0,
9487,12544.19285416603,-0.0,
9488,12545.49638581276,-0.076116696,
9489,12546.798441171646,-0.041780062,
9490,12548.093667507172,-0.005673454,
9491,12549.397775650024,-0.16590358,
9492,12549.781262636185,-0.0,
9493,12551.582538604736,-0.033804324,
9494,12552.885696649551,-0.013001022,
9495,12554.18154168129,-0.039031856,
9496,12555.508560657501,-0.0019462887,
9497,12556.811187267303,-0.0,
9498,12558.103884458542,-0.0,
9499,12559.399163484573,-0.046095,
9500,12561.869864702225,-0.042699717,
9501,12563.164731502533,-0.0,
9502,12564.454931974411,-0.03569623,
9503,12565.754153251648,-0.034305926,
9504,12567.054001569748,-0.15688829,
9505,12568.348336935043,-0.016315486,
9506,12568.722436666489,-0.0,
9507,12570.508330583572,-0.02735744,
9508,12571.79983997345,-0.0,
9509,12573.087862253189,-0.0,
9510,12574.38627409935,-0.0,
9511,12575.678534030914,-0.029558327,
9512,12576.974420547485,-0.03899354,
9513,12578.263494729996,-0.022247475,
9514,12579.580616950989,-0.0,
9515,12580.86076593399,-0.06964055,
9516,12582.152397632599,-0.10520278,
9517,12583.450226306915,-0.0027046946,
9518,12584.735967874527,-0.12394974,
9519,12586.034424304962,-0.0,
9520,12586.413396596909,-0.0,
9521,12588.219300746918,-0.0,
9522,12589.541004657745,-0.0,
9523,12590.835286855698,-0.0052138846,
9524,12592.115413427353,-0.009004184,
9525,12593.406470537186,-0.005867472,
9526,12594.684355020523,-0.015130898,
9527,12595.96702337265,-0.13033897,
9528,12597.246406555176,-0.012069148,
9529,12598.534970760345,-0.04437529,
9530,12599.828303575516,-0.020722201,
9531,12601.126474380493,-0.030443167,
9532,12602.40480017662,-0.21464798,
9533,12603.68347811699,-0.0,
9534,12604.057175636292,-0.0,
9535,12605.87199831009,-0.0,
9536,12607.162866830826,-0.094190285,
9537,12608.477479219437,-0.0,
9538,12609.770672559738,-0.021822358,
9539,12611.066594839096,-0.0,
9540,12612.35775589943,-0.0,
9541,12613.63912653923,-0.0,
9542,12614.93615436554,-0.010087013,
9543,12616.229830741882,-0.013215518,
9544,12617.535355567932,-0.0023035845,
9545,12618.818957090378,-0.03030385,
9546,12620.107669830322,-0.16551195,
9547,12621.403186321259,-0.0,
9548,12621.776314735413,-0.0,
9549,12623.55653476715,-0.055806797,
9550,12624.85743021965,-0.12333832,
9551,12626.147857666016,-0.0145165995,
9552,12627.443645238876,-8.8302805e-09,
9553,12628.743704319,-0.048466705,
9554,12630.031148433685,-0.0,
9555,12631.309621810913,-0.0,
9556,12632.609496831894,-0.3272523,
9557,12633.897652626038,-0.0,
9558,12635.198174715042,-0.037544753,
9559,12636.488149642944,-0.0,
9560,12637.772011995316,-0.0,
9561,12639.060610294342,-0.0,
9562,12639.431653738022,-0.0,
9563,12641.24802184105,-0.0,
9564,12642.543383836746,-0.0,
9565,12643.838935613632,-0.012082106,
9566,12645.138474702835,-0.0,
9567,12646.438371896744,-0.005080511,
9568,12647.723934173584,-0.05758973,
9569,12649.021318912506,-0.012309903,
9570,12650.332870721817,-0.051931303,
9571,12651.633376598358,-0.012632939,
9572,12652.929198026657,-0.07971015,
9573,12654.242353916168,-4.64134e-10,
9574,12655.577043533325,-0.04751008,
9575,12656.900353193283,-0.0070471927,
9576,12657.303276777267,-0.0,
9577,12659.124635457993,-0.0,
9578,12660.423184156418,-1.155996e-07,
9579,12661.720103263855,-0.0,
9580,12663.011736154556,-0.098772764,
9581,12664.32281756401,-0.05830154,
9582,12665.631565093994,-0.06329216,
9583,12666.937995910645,-0.005813913,
9584,12668.242727041245,-0.0,
9585,12669.532797336578,-4.9057314e-11,
9586,12670.81726861,-0.073976114,
9587,12672.12925028801,-0.020765323,
9588,12673.42546081543,-0.083855614,
9589,12674.71632361412,-0.01909131,
9590,12675.099870920181,-0.0,
9591,12676.920059204102,-0.14651924,
9592,12678.224968671799,-0.0,
9593,12679.507782459259,-0.042929642,
9594,12680.8034222126,-0.048197143,
9595,12682.098960399628,-0.010214145,
9596,12683.398639678955,-0.03601376,
9597,12684.691144227982,-0.0,
9598,12685.981173753738,-0.0,
9599,12687.278391838074,-0.045714527,
9600,12689.822338342667,-0.117628485,
9601,12691.131600856781,-1.5022253e-09,
9602,12692.46207499504,-0.025224615,
9603,12693.831072092056,-0.28919894,
9604,12694.223752498627,-0.0,
9605,12696.024382352829,-0.0,
9606,12697.309378862381,-0.07632766,
9607,12698.586305141449,-0.0,
9608,12699.87606048584,-0.14622663,
9609,12701.152774572372,-0.06573241,
9610,12702.421204090118,-0.0,
9611,12703.707547664642,-0.0,
9612,12704.998420715332,-0.16198702,
9613,12706.28329205513,-0.03217766,
9614,12707.573756456375,-0.08128989,
9615,12708.862531900406,-0.0,
9616,12710.160218000412,-0.018300798,
9617,12711.449584007263,-0.017242521,
9618,12711.84609246254,-0.0,
9619,12713.6042740345,-0.025193976,
9620,12714.899515390396,-0.28426442,
9621,12716.221927165985,-0.025495509,
9622,12717.541028738022,-0.0,
9623,12718.841356515884,-0.021550262,
9624,12720.135827541351,-0.018332925,
9625,12721.422503709793,-0.0,
9626,12722.728767633438,-0.09858288,
9627,12724.03114247322,-0.0080512995,
9628,12725.341173648834,-0.007734961,
9629,12726.644106388092,-0.010196304,
9630,12727.95780467987,-0.08895916,
9631,12729.262801408768,-0.013353065,
9632,12729.643775701523,-0.0,
9633,12731.423125982285,-0.0,
9634,12732.711215257645,-0.07030143,
9635,12733.999752283096,-0.12986307,
9636,12735.308978319168,-0.027617633,
9637,12736.616502046585,-0.0,
9638,12737.958114862442,-0.0,
9639,12739.24447131157,-0.0008538517,
9640,12740.540822505951,-0.022434404,
9641,12741.837394237518,-0.03449134,
9642,12743.140549182892,-0.16918992,
9643,12744.432384967804,-0.0378588,
9644,12745.748584270477,-0.031184405,
9645,12747.060656547546,-0.061063915,
9646,12747.449529886246,-0.0,
9647,12749.258430480957,-0.0184959,
9648,12750.553089618683,-0.0,
9649,12751.868626594543,-0.01900892,
9650,12753.188230991364,-0.01804484,
9651,12754.487123012543,-0.028264707,
9652,12755.775976657867,-0.14574978,
9653,12757.056667804718,-0.016004281,
9654,12758.357098817825,-0.024348054,
9655,12759.646748065948,-0.0,
9656,12760.924639701843,-0.019285247,
9657,12762.222393035889,-0.0072172545,
9658,12763.512818813324,-0.015332636,
9659,12764.811030864716,-0.1003892,
9660,12765.194689273834,-0.0,
9661,12766.956226110458,-0.00043027158,
9662,12768.293874263763,-0.05958124,
9663,12769.599175453186,-0.03476575,
9664,12770.897180557251,-0.0,
9665,12772.201258897781,-0.044920195,
9666,12773.48647737503,-0.142984,
9667,12774.77787733078,-0.0,
9668,12776.073379278183,-1.17660804e-07,
9669,12777.36085987091,-0.023748325,
9670,12778.66023850441,-0.12370574,
9671,12779.951051473618,-0.06902712,
9672,12781.241305589676,-1.3252798e-06,
9673,12782.533864974976,-0.06274428,
9674,12782.92121553421,-0.0,
9675,12784.704544782639,-0.0,
9676,12785.995309591293,-0.078894064,
9677,12787.288728952408,-0.010061262,
9678,12788.57011604309,-0.010942219,
9679,12789.86951637268,-0.0,
9680,12791.159964561462,-9.108588e-08,
9681,12792.44627070427,-0.0,
9682,12793.750100851059,-6.803989e-06,
9683,12795.045293092728,-0.19456033,
9684,12796.341920375824,-0.05178877,
9685,12797.653554916382,-0.0,
9686,12798.952582597733,-0.076713905,
9687,12800.248785972595,-0.007042753,
9688,12800.63670039177,-0.0,
9689,12802.469278335571,-0.0,
9690,12803.7640542984,-0.0,
9691,12805.069054365158,-0.0,
9692,12806.360867738724,-0.030789027,
9693,12807.652070522308,-0.013094184,
9694,12808.95236325264,-0.067019805,
9695,12810.2389087677,-0.0,
9696,12811.532014131546,-0.0,
9697,12812.826258897781,-0.0070138574,
9698,12814.119084596634,-0.017227989,
9699,12815.447390079498,-0.0,
9700,12818.104548454285,-0.3155431,
9701,12819.425290346146,-0.017980818,
9702,12819.820507526398,-0.0,
9703,12821.698422431946,-0.070268445,
9704,12822.991105556488,-0.050224587,
9705,12824.29405260086,-0.019653933,
9706,12825.58959031105,-0.0,
9707,12826.894904613495,-0.066915445,
9708,12828.208622932434,-0.013300645,
9709,12829.509369134903,-0.30002254,
9710,12830.826879262924,-0.039190255,
9711,12832.152116775513,-0.0,
9712,12833.454845905304,-0.0,
9713,12834.768003940582,-0.07487957,
9714,12836.084812879562,-0.0,
9715,12837.404283285141,-0.02249698,
9716,12837.823851108551,-0.0,
9717,12839.680782556534,-0.0,
9718,12840.979815721512,-0.0012845971,
9719,12842.266047477722,-0.033076245,
9720,12843.59196138382,-0.14714102,
9721,12844.887208938599,-0.11001919,
9722,12846.180345058441,-0.0,
9723,12847.478586673737,-0.0043507167,
9724,12848.779184103012,-0.1574494,
9725,12850.076315164566,-0.0,
9726,12851.363079071045,-0.103415236,
9727,12852.645681381226,-0.0,
9728,12853.932783126831,-0.011543603,
9729,12855.23013997078,-0.032441046,
9730,12855.611800193787,-0.0,
9731,12857.415981531143,-0.046717208,
9732,12858.724500656128,-0.0,
9733,12860.04388308525,-0.05816818,
9734,12861.342032194138,-0.024816338,
9735,12862.655351638794,-0.019966686,
9736,12863.954073429108,-0.03053945,
9737,12865.274461746216,-0.0,
9738,12866.575387954712,-0.14070259,
9739,12867.868636846542,-0.050037824,
9740,12869.16652059555,-0.23214509,
9741,12870.474541902542,-0.005783507,
9742,12871.772673845291,-0.008058812,
9743,12873.062252998352,-0.15498321,
9744,12873.44983291626,-0.0,
9745,12875.265570402145,-0.0,
9746,12876.587288856506,-0.06829607,
9747,12877.878040075302,-0.035494544,
9748,12879.180259466171,-0.011242809,
9749,12880.45158815384,-0.022820998,
9750,12881.733653783798,-0.012200008,
9751,12883.048704385757,-0.040216673,
9752,12884.38041973114,-0.012348431,
9753,12885.691653966904,-0.12941161,
9754,12887.011438846588,-0.0,
9755,12888.351185321808,-0.0064690365,
9756,12889.677345514297,-0.008294725,
9757,12890.988387584686,-0.0,
9758,12891.381216287613,-0.0,
9759,12893.198473453522,-0.0,
9760,12894.502460479736,-0.0276949,
9761,12895.82488489151,-0.0,
9762,12897.13327383995,-0.046562634,
9763,12898.442829370499,-0.17279907,
9764,12899.734499931335,-0.078731485,
9765,12901.025695085526,-0.0,
9766,12902.327525615692,-0.01955404,
9767,12903.61909532547,-0.0,
9768,12904.908856868744,-0.0454773,
9769,12906.193539142609,-0.07133366,
9770,12907.484232664108,-0.076463826,
9771,12908.781885385513,-0.07836897,
9772,12909.175055265427,-0.0,
9773,12910.965158224106,-0.07661352,
9774,12912.258281230927,-0.0,
9775,12913.567291975021,-0.13143525,
9776,12914.859243392944,-0.0,
9777,12916.147433042526,-0.0,
9778,12917.423142433167,-0.0,
9779,12918.72067642212,-0.04923612,
9780,12920.021507024765,-0.065550126,
9781,12921.325181722641,-0.20543022,
9782,12922.630733966827,-2.2667049e-05,
9783,12923.93152475357,-0.25455713,
9784,12925.250450134277,-0.0,
9785,12926.578835248947,-0.054967158,
9786,12926.957032442093,-0.0,
9787,12928.756484746933,-0.13913752,
9788,12930.065368652344,-0.021605127,
9789,12931.35449552536,-0.061528318,
9790,12932.642405033112,-0.0,
9791,12933.930249214172,-0.0,
9792,12935.21907901764,-0.0053944867,
9793,12936.507885456085,-0.0,
9794,12937.80975651741,-0.0,
9795,12939.092904806137,-0.029185072,
9796,12940.38246178627,-4.5099918e-05,
9797,12941.690392494202,-0.15050733,
9798,12942.976321935654,-0.002672944,
9799,12944.306828022003,-0.0,
9800,12945.784642219543,-0.0,
9801,12947.569440603256,-0.0,
9802,12948.856312274933,-0.07384974,
9803,12950.134670495987,-0.06418775,
9804,12951.422315597534,-0.0,
9805,12952.720146894455,-0.0,
9806,12953.998617172241,-0.024169665,
9807,12955.29010105133,-0.007130388,
9808,12956.596430301666,-0.017381035,
9809,12957.892089605331,-0.020391222,
9810,12959.201681613922,-0.008076427,
9811,12960.514856100082,-0.0,
9812,12961.820217132568,-0.01635701,
9813,12963.12521481514,-0.03222289,
9814,12963.50773024559,-0.0,
9815,12965.297452449799,-0.18464938,
9816,12966.596714496613,-0.0,
9817,12967.885882854462,-0.061243664,
9818,12969.188787698746,-1.7166064e-09,
9819,12970.491343259811,-0.0,
9820,12971.789746284485,-0.008688007,
9821,12973.090931415558,-0.0,
9822,12974.401392936707,-0.0,
9823,12975.692348480225,-0.015544733,
9824,12976.999344348907,-0.048131246,
9825,12978.29158449173,-0.022884557,
9826,12979.573598384857,-0.047355786,
9827,12980.890316963196,-0.016417444,
9828,12981.290645599365,-0.0,
9829,12983.124407052994,-0.0,
9830,12984.4095287323,-2.4131433e-11,
9831,12985.699719667435,-0.0,
9832,12987.001825094223,-0.0,
9833,12988.321259260178,-0.03692397,
9834,12989.634726762772,-0.0,
9835,12990.936195373535,-0.0,
9836,12992.229655504227,-0.03906654,
9837,12993.53001999855,-0.0,
9838,12994.820352315903,-0.019676682,
9839,12996.133141040802,-0.044542942,
9840,12997.435892820358,-0.0,
9841,12998.755342721939,-0.13230795,
9842,12999.137398481369,-0.0,
9843,13000.923078298569,-6.1763586e-07,
9844,13002.208511590958,-0.0,
9845,13003.495737075806,-0.008994132,
9846,13004.782898187637,-0.033533968,
9847,13006.068756580353,-0.0137666715,
9848,13007.379901647568,-0.011132037,
9849,13008.704463720322,-0.06747344,
9850,13010.0568318367,-0.008917568,
9851,13011.387248277664,-0.05394254,
9852,13012.67189002037,-0.0,
9853,13013.966368198395,-5.629198e-07,
9854,13015.254506349564,-0.07133744,
9855,13016.555654287338,-0.0,
9856,13016.93418431282,-0.0,
9857,13018.736539125443,-0.025757587,
9858,13020.04068851471,-0.17002589,
9859,13021.330317735672,-0.0,
9860,13022.630930423737,-0.3140548,
9861,13023.924227952957,-0.007032296,
9862,13025.210208654404,-0.0,
9863,13026.499413013458,-0.0,
9864,13027.821709871292,-0.06908863,
9865,13029.159908771515,-0.04026665,
9866,13030.446756362915,-0.0,
9867,13031.749765396118,-0.045217555,
9868,13033.055257558823,-0.0112329405,
9869,13034.36654806137,-0.0,
9870,13034.758718013763,-0.0,
9871,13036.5830514431,-0.0,
9872,13037.904413223267,-8.401065e-08,
9873,13039.235232591629,-0.11646001,
9874,13040.569258213043,-0.15192436,
9875,13041.88312292099,-0.04398669,
9876,13043.211959123611,-0.10558781,
9877,13044.505603313446,-0.0,
9878,13045.826079845428,-0.05522506,
9879,13047.136292219162,-0.020366767,
9880,13048.422345638275,-0.040952984,
9881,13049.712314367294,-0.0,
9882,13051.006643295288,-0.13835824,
9883,13052.302931308746,-0.0,
9884,13052.690089225769,-0.40933996,
9885,13054.508695840836,-0.044643514,
9886,13055.814487218857,-0.0,
9887,13057.10760974884,-0.007501837,
9888,13058.404610157013,-0.0057203644,
9889,13059.700850486755,-0.05298129,
9890,13060.999360322952,-0.018607158,
9891,13062.280078172684,-0.0,
9892,13063.5885887146,-0.0,
9893,13064.891912698746,-0.0,
9894,13066.195177078247,-0.0,
9895,13067.495993852615,-0.019028893,
9896,13068.787770271301,-0.014647822,
9897,13070.084470748901,-0.119497985,
9898,13070.469683170319,-0.0,
9899,13072.294314622879,-0.0046057487,
9900,13074.826483488083,-0.0,
9901,13076.124348163605,-0.00796661,
9902,13077.40822005272,-0.0,
9903,13078.69167137146,-0.060321145,
9904,13079.990009069443,-0.0,
9905,13081.281796455383,-0.0,
9906,13082.581151247025,-0.0,
9907,13083.873152971268,-0.0,
9908,13085.160743713379,-0.10818111,
9909,13086.465839862823,-0.0,
9910,13087.75426530838,-0.0032532848,
9911,13089.064643383026,-0.016329268,
9912,13089.444615125656,-0.0,
9913,13091.261671066284,-0.015704457,
9914,13092.588884830475,-0.05228644,
9915,13093.919531106949,-0.007749082,
9916,13095.233096837997,-0.08724892,
9917,13096.518611431122,-0.30949962,
9918,13097.823996543884,-0.032563876,
9919,13099.117187023163,-0.0,
9920,13100.405281066895,-0.0,
9921,13101.689764499664,-0.18120985,
9922,13102.979756593704,-0.18363059,
9923,13104.271247148514,-0.034813322,
9924,13105.560824394226,-0.0,
9925,13106.85560798645,-0.0,
9926,13107.23688340187,-0.0,
9927,13109.02189540863,-0.06629102,
9928,13110.339953422546,-0.11561469,
9929,13111.636716127396,-0.05580256,
9930,13112.941089630127,-0.0,
9931,13114.23329091072,-0.0014095139,
9932,13115.527966737747,-0.011400073,
9933,13116.804883003235,-8.061125e-09,
9934,13118.107146978378,-0.113460615,
9935,13119.39646077156,-0.04200214,
9936,13120.688435077667,-0.018217934,
9937,13121.967718362808,-0.038445618,
9938,13123.253318309784,-0.079502515,
9939,13124.54986000061,-0.0,
9940,13124.921942472458,-0.0,
9941,13126.743837356567,-0.1051016,
9942,13128.060243606567,-0.037386663,
9943,13129.377007246017,-0.0018638565,
9944,13130.696113109589,-0.260732,
9945,13132.022109031677,-0.053977765,
9946,13133.344378232956,-0.0030544316,
9947,13134.669887304306,-0.0,
9948,13136.007146835327,-0.06588694,
9949,13137.30688738823,-2.0113402e-09,
9950,13138.594050884247,-0.073618755,
9951,13139.88927769661,-0.15540275,
9952,13141.180137634277,-0.0,
9953,13142.47240781784,-0.011002762,
9954,13142.857122659683,-0.0,
9955,13144.648775339127,-0.05754278,
9956,13145.942972183228,-0.037315063,
9957,13147.234773159027,-0.040595874,
9958,13148.530586004257,-0.0,
9959,13149.840640068054,-0.0,
9960,13151.144129514694,-0.047359306,
9961,13152.427136659622,-0.0,
9962,13153.724251747131,-0.04284525,
9963,13155.012067556381,-0.21535654,
9964,13156.299379587173,-0.018032724,
9965,13157.605999946594,-0.039054584,
9966,13158.88870882988,-0.0046615517,
9967,13160.188737392426,-0.11694867,
9968,13160.568233251572,-0.0,
9969,13162.334727048874,-0.03146208,
9970,13163.63496208191,-0.087683216,
9971,13164.920475244522,-0.011187868,
9972,13166.229139328003,-0.041697502,
9973,13167.519453048706,-0.0,
9974,13168.800449371338,-0.0,
9975,13170.095022678375,-0.05780521,
9976,13171.398604393005,-0.15042344,
9977,13172.696380615234,-0.043957442,
9978,13173.99483346939,-0.13738659,
9979,13175.289094209671,-0.13956603,
9980,13176.602018117905,-0.020612111,
9981,13177.92482161522,-0.08284789,
9982,13178.327343463898,-0.0,
9983,13180.217886924744,-0.0,
9984,13181.54039812088,-0.0038493488,
9985,13182.866920471191,-0.07686105,
9986,13184.153529405594,-0.0,
9987,13185.460318565369,-0.15379536,
9988,13186.746644496918,-0.0,
9989,13188.032624006271,-0.0,
9990,13189.325761795044,-0.27182677,
9991,13190.618283748627,-0.0,
9992,13191.907909154892,-0.0,
9993,13193.205736160278,-0.0007118762,
9994,13194.493827342987,-0.060621023,
9995,13195.782902479172,-0.04131478,
9996,13196.18119096756,-0.0,
9997,13197.975712060928,-0.037211306,
9998,13199.285524368286,-0.017017666,
9999,13200.579376220703,-0.012432823,
