step,time_sec,train_neg_log_ppl,val_neg_log_ppl
1,1.1335623264312744,-16.504984,
2,1.6556761264801025,-16.73368,
3,2.2719168663024902,-16.48528,
4,2.891274929046631,-16.024975,
5,3.511493444442749,-16.017096,
6,4.130978107452393,-15.448797,
7,4.751343250274658,-14.511037,
8,5.369967222213745,-13.562389,
9,5.990622043609619,-12.767551,
10,6.609942674636841,-11.4855175,
11,7.230756044387817,-10.275148,
12,7.852663993835449,-9.605222,
13,8.473571062088013,-7.9148707,
14,9.094014883041382,-6.1118536,
15,9.714871406555176,-5.2296667,
16,10.335312366485596,-3.6033902,
17,10.957130193710327,-2.6734247,
18,11.580370664596558,-2.1582012,
19,12.20359182357788,-2.6081796,
20,12.826107263565063,-2.4780886,
21,13.40982174873352,-3.1354873,
22,14.118540287017822,-3.6276512,
23,14.740934133529663,-3.6602836,
24,15.361761331558228,-4.5817995,
25,15.98571228981018,-5.168048,
26,16.608976364135742,-5.996113,
27,17.23207998275757,-6.4307976,
28,17.855331420898438,-6.802843,
29,18.47757601737976,-6.634233,
30,19.099945545196533,-6.959261,
31,19.722962379455566,-7.4835634,
32,20.346393585205078,-8.026712,
33,20.969809532165527,-9.518316,
34,21.59303569793701,-8.819134,
35,22.216015100479126,-8.355816,
36,22.838412523269653,-8.832586,
37,23.46102213859558,-9.562323,
38,24.08363437652588,-10.242624,
39,24.70574402809143,-9.178362,
40,25.32934546470642,-10.7184925,
41,25.953624963760376,-8.962606,
42,26.537911415100098,-9.498014,
43,27.260324239730835,-9.619673,
44,27.884926795959473,-8.989445,
45,28.507193565368652,-9.54126,
46,29.131048440933228,-9.667265,
47,29.7543728351593,-10.240061,
48,30.376920223236084,-10.184609,
49,31.001168966293335,-9.975935,
50,31.625898599624634,-9.139079,
51,32.25037693977356,-9.209295,
52,32.87570571899414,-9.349621,
53,33.49990105628967,-9.605312,
54,34.12492656707764,-10.945918,
55,34.74989175796509,-9.683757,
56,35.375816106796265,-8.858895,
57,36.00045657157898,-9.081295,
58,36.62666296958923,-9.55033,
59,37.25017762184143,-10.004688,
60,37.87539577484131,-8.764755,
61,38.500548362731934,-10.065326,
62,39.1261043548584,-8.32652,
63,39.71109461784363,-8.76314,
64,40.43671011924744,-8.839283,
65,41.06288385391235,-8.246948,
66,41.686455965042114,-8.768343,
67,42.31304311752319,-8.895609,
68,42.93854355812073,-9.467234,
69,43.56499361991882,-9.447395,
70,44.19111680984497,-9.314653,
71,44.81713247299194,-8.58027,
72,45.44380593299866,-8.724447,
73,46.0696702003479,-8.932676,
74,46.695313930511475,-9.283222,
75,47.321035861968994,-10.688648,
76,47.94685626029968,-9.555046,
77,48.575273513793945,-8.820475,
78,49.20337224006653,-9.138241,
79,49.83166456222534,-9.687866,
80,50.461533069610596,-10.23018,
81,51.089195013046265,-9.012295,
82,51.714884519577026,-10.392286,
83,52.34009861946106,-8.594156,
84,52.92680907249451,-9.034767,
85,53.662633657455444,-9.085453,
86,54.290329933166504,-8.438009,
87,54.91390538215637,-8.921597,
88,55.54201149940491,-9.000008,
89,56.1669979095459,-9.5237255,
90,56.794201135635376,-9.453706,
91,57.42050051689148,-9.279244,
92,58.04677867889404,-8.505049,
93,58.67351818084717,-8.631496,
94,59.299368143081665,-8.830231,
95,59.92489695549011,-9.185257,
96,60.5512170791626,-10.56756,
97,61.17693305015564,-9.412884,
98,61.802449226379395,-8.660054,
99,62.43034243583679,-8.970707,
100,63.0563530921936,-9.530197,
101,63.681862115859985,-10.062159,
102,64.30952453613281,-8.894062,
103,64.93650889396667,-10.275574,
104,65.56262469291687,-8.507626,
105,66.14924669265747,-8.953779,
106,66.86958360671997,-9.003183,
107,67.49844026565552,-8.370687,
108,68.12198638916016,-8.867357,
109,68.75031161308289,-8.9625,
110,69.37795090675354,-9.5097275,
111,70.00494956970215,-9.434589,
112,70.63291454315186,-9.252012,
113,71.25917792320251,-8.446396,
114,71.8872697353363,-8.573352,
115,72.51531958580017,-8.757326,
116,73.14187121391296,-9.118526,
117,73.76889491081238,-10.484152,
118,74.39849662780762,-9.233974,
119,75.0274109840393,-8.463535,
120,75.65686845779419,-8.74757,
121,76.28235220909119,-9.364954,
122,76.9091968536377,-9.908802,
123,77.5375452041626,-8.685623,
124,78.16419076919556,-10.015078,
125,78.79150295257568,-8.19664,
126,79.3784806728363,-8.66571,
127,80.12198805809021,-8.68696,
128,80.75131845474243,-8.004837,
129,81.38101744651794,-8.34156,
130,82.00501418113708,-8.397513,
131,82.62638068199158,-8.568304,
132,83.24852061271667,-8.23666,
133,83.87220668792725,-7.484045,
134,84.49405312538147,-6.289654,
135,85.11996245384216,-5.8807926,
136,85.74506258964539,-2.3248787,
137,86.37152552604675,-10.627767,
138,86.9932610988617,-12.269981,
139,87.61550664901733,-9.778508,
140,88.23933172225952,-7.6022015,
141,88.86143112182617,-6.569509,
142,89.48441863059998,-6.549795,
143,90.10767602920532,-7.432617,
144,90.73081302642822,-7.274968,
145,91.35356760025024,-8.527763,
146,91.97787714004517,-6.5290127,
147,92.56183910369873,-6.0808244,
148,93.28541779518127,-4.991576,
149,93.91007351875305,-3.9982498,
150,94.53111982345581,-4.1273575,
151,95.15575218200684,-4.124774,
152,95.77841758728027,-2.8342223,
153,96.4024646282196,-2.3323572,
154,97.02606630325317,-2.3754215,
155,97.64891600608826,-1.3270215,
156,98.27442574501038,-1.6856898,
157,98.89616179466248,-1.191155,
158,99.52069139480591,-2.4073074,
159,100.14395451545715,-2.6857047,
160,100.76742386817932,-1.5446265,
161,101.39016151428223,-1.1129746,
162,102.01375436782837,-1.226028,
163,102.63650727272034,-1.4435165,
164,103.25951957702637,-1.5558941,
165,103.88353371620178,-1.3647835,
166,104.50647687911987,-1.5565443,
167,105.13011813163757,-1.206329,
168,105.71472597122192,-1.2923162,
169,106.45404505729675,-1.394279,
170,107.07857847213745,-1.0617938,
171,107.69990372657776,-1.1118727,
172,108.32504057884216,-1.1423962,
173,108.94689750671387,-1.2651283,
174,109.5697455406189,-1.3528925,
175,110.19309306144714,-1.4328146,
176,110.81660914421082,-1.201679,
177,111.43975710868835,-1.3278651,
178,112.06361413002014,-1.0851767,
179,112.68554592132568,-0.9825369,
180,113.31084108352661,-1.8504777,
181,113.93293142318726,-1.2054272,
182,114.55675673484802,-1.0873657,
183,115.18018507957458,-1.1900538,
184,115.80411434173584,-1.4824793,
185,116.42809796333313,-1.2631211,
186,117.05149173736572,-0.9391265,
187,117.67484641075134,-1.2929662,
188,118.29715704917908,-1.151441,
189,118.88265681266785,-1.3838067,
190,119.62948393821716,-1.1606474,
191,120.25479698181152,-1.0670208,
192,120.88005328178406,-1.2745559,
193,121.5058069229126,-1.2205638,
194,122.1279935836792,-1.2085352,
195,122.75072503089905,-1.3139477,
196,123.37404251098633,-1.3556948,
197,123.99717116355896,-1.2761906,
198,124.62166047096252,-1.1950121,
199,125.24421191215515,-1.1110176,
200,125.87743997573853,-1.2127371,
201,126.50121235847473,-1.9258281,
202,127.1230456829071,-1.4793255,
203,127.74694323539734,-1.4782366,
204,128.36937403678894,-1.0809972,
205,128.99226260185242,-1.3450564,
206,129.6159794330597,-1.2175689,
207,130.23820424079895,-1.113804,
208,130.86196970939636,-1.0472227,
209,131.48410630226135,-1.0191958,
210,132.06976008415222,-1.173599,
211,132.79218888282776,-1.1038997,
212,133.4170322418213,-0.94619405,
213,134.0379114151001,-1.2052956,
214,134.6645336151123,-1.2197871,
215,135.2858316898346,-1.2936927,
216,135.91029953956604,-1.7183836,
217,136.53303337097168,-1.4622645,
218,137.15657758712769,-1.0265329,
219,137.7812647819519,-1.0695345,
220,138.4034299850464,-1.068434,
221,139.02702283859253,-0.8505947,
222,139.65060186386108,-1.8478992,
223,140.2738790512085,-1.143017,
224,140.8987467288971,-0.9582548,
225,141.52339601516724,-1.0666333,
226,142.1464216709137,-1.4378321,
227,142.7691342830658,-1.2330983,
228,143.39306354522705,-0.96531177,
229,144.0162091255188,-1.0383546,
230,144.6390278339386,-0.9626565,
231,145.22212553024292,-1.2416307,
232,145.94218921661377,-1.1991161,
233,146.56723642349243,-1.1540469,
234,147.18962717056274,-1.2035239,
235,147.81281542778015,-1.1082966,
236,148.43610668182373,-1.0525851,
237,149.06000661849976,-0.76817846,
238,149.68297457695007,-1.2716405,
239,150.30578184127808,-0.87129986,
240,150.92935276031494,-1.3119656,
241,151.5528347492218,-0.91925824,
242,152.17593264579773,-0.94652665,
243,152.79818320274353,-1.5697836,
244,153.42034697532654,-0.96662986,
245,154.0438961982727,-1.0309236,
246,154.66797018051147,-1.1725891,
247,155.29110288619995,-1.5603453,
248,155.91547083854675,-1.3779228,
249,156.53857731819153,-0.8520529,
250,157.1619749069214,-1.0208158,
251,157.7843463420868,-0.87303686,
252,158.3691759109497,-0.8665262,
253,159.10996985435486,-1.0139532,
254,159.7345061302185,-0.9532753,
255,160.3563187122345,-1.0331662,
256,160.98207235336304,-1.0395045,
257,161.60508513450623,-1.12143,
258,162.22847819328308,-0.9556491,
259,162.8520803451538,-1.1894287,
260,163.4742660522461,-1.0416743,
261,164.0974633693695,-0.6022985,
262,164.72113275527954,-1.2699364,
263,165.3459448814392,-0.6914731,
264,165.9685354232788,-0.75258917,
265,166.593759059906,-0.7865772,
266,167.21723127365112,-0.7577175,
267,167.84107398986816,-0.7629863,
268,168.46511268615723,-1.4860342,
269,169.08764934539795,-1.1332455,
270,169.71279072761536,-1.0501685,
271,170.33583879470825,-0.5203337,
272,170.96103644371033,-0.81721723,
273,171.5455493927002,-1.0597605,
274,172.2669017314911,-1.3934324,
275,172.89235019683838,-0.8799929,
276,173.5146939754486,-0.94512373,
277,174.14202904701233,-1.4065154,
278,174.76372599601746,-1.2393241,
279,175.38912391662598,-0.985719,
280,176.0115728378296,-1.06906,
281,176.6360776424408,-0.5238277,
282,177.2593491077423,-1.2411339,
283,177.88327527046204,-0.8243059,
284,178.5077142715454,-0.88452685,
285,179.13058304786682,-0.8494998,
286,179.75442600250244,-0.76193297,
287,180.3787078857422,-0.8032243,
288,181.00333285331726,-1.037368,
289,181.62907671928406,-1.2286634,
290,182.25507354736328,-0.99677193,
291,182.88028383255005,-0.7682977,
292,183.50529623031616,-0.5350679,
293,184.1289255619049,-0.52052546,
294,184.7150752544403,-0.80001795,
295,185.45217609405518,-1.644022,
296,186.07685923576355,-0.5694159,
297,186.69836926460266,-1.2000549,
298,187.32351088523865,-0.93081236,
299,187.94577550888062,-1.2016594,
300,188.56868648529053,-1.1731673,
301,189.19209146499634,-1.2801458,
302,189.81505012512207,-0.52191687,
303,190.4399151802063,-1.079994,
304,191.0625057220459,-0.65928745,
305,191.6863226890564,-0.5828136,
306,192.30966353416443,-0.79789525,
307,192.9340546131134,-0.92125547,
308,193.55796480178833,-0.7330067,
309,194.18133211135864,-0.85144126,
310,194.80590105056763,-1.145424,
311,195.4283459186554,-1.0931797,
312,196.05228924751282,-0.86339176,
313,196.67628812789917,-0.70779145,
314,197.30042910575867,-0.7999046,
315,197.8844678401947,-0.99946034,
316,198.59697008132935,-0.6533642,
317,199.22488236427307,-0.8550817,
318,199.8454999923706,-0.70187676,
319,200.4722123146057,-1.0100011,
320,201.09387159347534,-0.97197217,
321,201.718364238739,-1.1558341,
322,202.34341073036194,-0.96028554,
323,202.96658492088318,-0.69239837,
324,203.59223985671997,-0.96549237,
325,204.21464943885803,-1.2246954,
326,204.83921599388123,-0.9797925,
327,205.46228575706482,-0.8111274,
328,206.08655381202698,-0.82228374,
329,206.70958757400513,-0.5390501,
330,207.3338167667389,-1.102175,
331,207.95847916603088,-0.9426155,
332,208.58415603637695,-0.71076196,
333,209.20949983596802,-0.4871715,
334,209.83855605125427,-0.5313451,
335,210.46260404586792,-0.7506851,
336,211.04705929756165,-1.2970818,
337,211.78410482406616,-1.1070304,
338,212.4084951877594,-1.100713,
339,213.03099465370178,-0.78671086,
340,213.65491580963135,-0.54185987,
341,214.27729749679565,-0.8783523,
342,214.9000551700592,-0.59057915,
343,215.5234043598175,-0.7228834,
344,216.147775888443,-0.7621838,
345,216.77034616470337,-0.67726266,
346,217.39300680160522,-0.89099944,
347,218.01847577095032,-0.8936584,
348,218.64108395576477,-1.0491414,
349,219.26526832580566,-1.0986708,
350,219.88899993896484,-0.92825913,
351,220.51208305358887,-0.8944559,
352,221.1364815235138,-1.320164,
353,221.75839281082153,-0.5822629,
354,222.3822159767151,-0.55529356,
355,223.00507259368896,-0.54129183,
356,223.6293661594391,-0.7412472,
357,224.2137610912323,-1.2455812,
358,224.9361536502838,-0.56156445,
359,225.56095957756042,-0.62578326,
360,226.18260288238525,-0.6326976,
361,226.8077483177185,-0.7635481,
362,227.43046236038208,-1.2973769,
363,228.05420684814453,-0.8097856,
364,228.67754697799683,-0.90495646,
365,229.30045533180237,-0.9574344,
366,229.92537665367126,-0.8672347,
367,230.54954361915588,-1.0153809,
368,231.1723268032074,-0.9823247,
369,231.79560732841492,-1.0384358,
370,232.42010378837585,-0.8621299,
371,233.0444459915161,-0.5429128,
372,233.66811180114746,-0.92924476,
373,234.2912094593048,-0.58841974,
374,234.91394209861755,-1.1868849,
375,235.53799867630005,-0.79226345,
376,236.16094303131104,-0.67274606,
377,236.78579711914062,-0.7945676,
378,237.37017011642456,-0.7518726,
379,238.11294841766357,-0.8010545,
380,238.73823595046997,-0.7177203,
381,239.36060070991516,-1.3000067,
382,239.98636507987976,-0.57007194,
383,240.60996413230896,-0.69548213,
384,241.23397040367126,-0.8925184,
385,241.85937356948853,-1.9433955,
386,242.48203873634338,-0.76012236,
387,243.1075794696808,-0.5805934,
388,243.7305943965912,-0.5784648,
389,244.35426688194275,-0.94442374,
390,244.97804522514343,-0.8639316,
391,245.60211634635925,-1.3850949,
392,246.2268979549408,-0.8221974,
393,246.8507182598114,-0.5724153,
394,247.47565460205078,-0.45828736,
395,248.10098385810852,-0.6260529,
396,248.72554278373718,-0.87671894,
397,249.35177993774414,-0.9249586,
398,249.9795436859131,-0.6231657,
399,250.56099557876587,-0.82297504,
400,251.32251691818237,-0.40970767,
401,251.94935655593872,-0.6219624,
402,252.57330918312073,-0.48871654,
403,253.2014400959015,-0.55369127,
404,253.82653403282166,-0.9081782,
405,254.4535949230194,-0.7289244,
406,255.07959866523743,-1.0233016,
407,255.70454359054565,-0.3364646,
408,256.33024525642395,-0.5255438,
409,256.95626854896545,-0.41883022,
410,257.5810568332672,-0.6552057,
411,258.2067461013794,-1.0656765,
412,258.8327920436859,-0.7924925,
413,259.4578638076782,-0.7307816,
414,260.0848789215088,-0.33430034,
415,260.7105300426483,-0.8338908,
416,261.3361699581146,-0.70497614,
417,261.96225929260254,-0.9161171,
418,262.58771562576294,-1.7243081,
419,263.21521162986755,-0.5221287,
420,263.8019576072693,-0.7216562,
421,264.5381832122803,-0.4464376,
422,265.1645028591156,-0.3346299,
423,265.78729915618896,-0.4637505,
424,266.41465854644775,-0.5084319,
425,267.0381124019623,-0.47160637,
426,267.662394285202,-0.58136445,
427,268.2855324745178,-0.9277129,
428,268.9115355014801,-0.3696227,
429,269.5368084907532,-0.42193478,
430,270.1623377799988,-1.0104848,
431,270.7870979309082,-0.90517175,
432,271.4138996601105,-1.0842273,
433,272.03889441490173,-1.0426526,
434,272.66389632225037,-0.50152045,
435,273.2896478176117,-0.60551554,
436,273.9144027233124,-0.6855686,
437,274.5392017364502,-0.44714284,
438,275.16520071029663,-0.5705323,
439,275.7925055027008,-0.44678023,
440,276.41574025154114,-0.33614343,
441,277.0034623146057,-1.0869987,
442,277.74179196357727,-0.42724365,
443,278.3681015968323,-0.61431015,
444,278.99055552482605,-0.9752189,
445,279.617388010025,-0.5025646,
446,280.24041080474854,-0.59519786,
447,280.8655800819397,-1.1406798,
448,281.49105048179626,-0.43372387,
449,282.1146743297577,-0.9169246,
450,282.73880672454834,-0.48517698,
451,283.36396741867065,-0.89915115,
452,283.9885685443878,-0.40280184,
453,284.61467576026917,-0.91405255,
454,285.237726688385,-0.6685527,
455,285.86266565322876,-0.7548823,
456,286.48668575286865,-1.0292759,
457,287.11074209213257,-0.5318105,
458,287.7359228134155,-0.55992985,
459,288.3603084087372,-0.9074692,
460,288.98446893692017,-0.5017318,
461,289.6089971065521,-0.36412787,
462,290.1949269771576,-0.6376364,
463,290.92407059669495,-0.40590557,
464,291.54949283599854,-0.55425596,
465,292.1718382835388,-0.44890645,
466,292.79744601249695,-0.67147607,
467,293.4226348400116,-0.59280854,
468,294.0479266643524,-0.5480953,
469,294.67455101013184,-0.3919341,
470,295.30082082748413,-0.3130331,
471,295.92805337905884,-0.45120925,
472,296.5516653060913,-0.44979393,
473,297.17653346061707,-1.5171635,
474,297.802077293396,-1.3445835,
475,298.42524790763855,-1.1388097,
476,299.0516917705536,-0.6940664,
477,299.6745512485504,-0.42428997,
478,300.30091881752014,-0.7094486,
479,300.92562437057495,-0.33712524,
480,301.5515184402466,-0.93478876,
481,302.1770646572113,-0.44837815,
482,302.80227613449097,-0.26499164,
483,303.3885455131531,-0.44625604,
484,304.11553621292114,-0.8842131,
485,304.74248337745667,-0.6078379,
486,305.36539673805237,-0.3335408,
487,305.9918818473816,-0.15756516,
488,306.615775346756,-0.67350006,
489,307.2420160770416,-0.993372,
490,307.86805987358093,-1.2376938,
491,308.49198508262634,-0.9588411,
492,309.11805510520935,-0.76813376,
493,309.74189281463623,-0.3839775,
494,310.3685190677643,-0.563728,
495,310.9931757450104,-0.74974334,
496,311.6183195114136,-0.99797344,
497,312.2431905269623,-0.89002633,
498,312.86789727211,-0.30369937,
499,313.49294567108154,-0.6494292,
500,314.1168625354767,-0.4662035,
501,314.7419011592865,-0.65823174,
502,315.3680622577667,-0.33557504,
503,315.9929983615875,-0.7921667,
504,316.5804455280304,-0.41145036,
505,317.3118441104889,-0.5531126,
506,317.9384515285492,-1.1067722,
507,318.56043910980225,-0.5526958,
508,319.1873300075531,-0.43611,
509,319.810338973999,-0.35516638,
510,320.4360384941101,-0.29499924,
511,321.06136989593506,-1.0542763,
512,321.68528985977173,-0.52573544,
513,322.3098940849304,-0.35866746,
514,322.9341027736664,-0.2684138,
515,323.5589325428009,-0.25287983,
516,324.183620929718,-0.4104336,
517,324.80875635147095,-0.8471019,
518,325.4350883960724,-0.44328767,
519,326.05939388275146,-0.77461684,
520,326.68457555770874,-0.22082669,
521,327.30903005599976,-0.2791374,
522,327.9342911243439,-0.19663487,
523,328.5590841770172,-0.29948074,
524,329.18434953689575,-0.2632194,
525,329.76977348327637,-1.6042804,
526,330.5060284137726,-0.44969642,
527,331.1341645717621,-0.6723453,
528,331.75828671455383,-0.45048708,
529,332.38568234443665,-0.36677164,
530,333.0096995830536,-0.41981626,
531,333.6348977088928,-0.63050395,
532,334.25981616973877,-0.62396157,
533,334.8837080001831,-0.32125834,
534,335.5120213031769,-0.51895267,
535,336.13715720176697,-0.31479463,
536,336.76398181915283,-0.7608005,
537,337.3924307823181,-0.907907,
538,338.0177004337311,-0.27973872,
539,338.6455762386322,-0.54344225,
540,339.2729969024658,-0.38986784,
541,339.89853525161743,-0.5323455,
542,340.52415585517883,-0.70188355,
543,341.14855694770813,-0.6466579,
544,341.7730450630188,-0.7142081,
545,342.39874148368835,-0.45634395,
546,342.9838807582855,-0.58878493,
547,343.7115488052368,-0.42621464,
548,344.3374752998352,-0.3851794,
549,344.9603714942932,-0.31358188,
550,345.5870831012726,-0.31665647,
551,346.2113924026489,-0.6445019,
552,346.8368818759918,-0.4287616,
553,347.4613561630249,-0.5051084,
554,348.085574388504,-0.99587196,
555,348.7105219364166,-0.8121828,
556,349.33519983291626,-0.7031393,
557,349.9599666595459,-0.15388454,
558,350.58525013923645,-1.5560684,
559,351.20917868614197,-0.6267745,
560,351.835063457489,-0.61750305,
561,352.4592683315277,-0.22341229,
562,353.0850360393524,-0.74964225,
563,353.7104732990265,-0.46155962,
564,354.335706949234,-0.61812663,
565,354.9605634212494,-0.5295708,
566,355.5859923362732,-0.61763763,
567,356.1729245185852,-0.5739058,
568,356.90089297294617,-0.1560894,
569,357.52798104286194,-0.46401113,
570,358.14944982528687,-0.628633,
571,358.7752323150635,-0.322349,
572,359.3991413116455,-0.32891935,
573,360.024062871933,-0.50339913,
574,360.65056848526,-0.35711747,
575,361.27367877960205,-0.26275346,
576,361.8996253013611,-0.73954296,
577,362.5241129398346,-0.40127844,
578,363.14960527420044,-0.9101526,
579,363.77420687675476,-0.7951069,
580,364.39947748184204,-1.4274387,
581,365.0237030982971,-0.9161321,
582,365.648606300354,-0.5497354,
583,366.274231672287,-0.45716125,
584,366.90139746665955,-0.28522107,
585,367.5277590751648,-0.4519843,
586,368.15371084213257,-0.45641264,
587,368.78122186660767,-0.4050593,
588,369.368953704834,-0.46061856,
589,370.09961795806885,-0.5613979,
590,370.7294747829437,-0.74424064,
591,371.3529644012451,-0.7039106,
592,371.9792494773865,-0.1586602,
593,372.6038634777069,-0.24993098,
594,373.22816586494446,-0.6068375,
595,373.8522033691406,-0.17360352,
596,374.478896856308,-0.40753838,
597,375.10493421554565,-0.21840596,
598,375.7314462661743,-0.1858472,
599,376.3580856323242,-0.55404353,
600,376.9832298755646,-0.4717048,
601,377.6109662055969,-0.40286708,
602,378.2365753650665,-0.6089715,
603,378.86331248283386,-0.42706057,
604,379.4884920120239,-1.5799079,
605,380.1148772239685,-0.5665935,
606,380.7424376010895,-0.26390648,
607,381.3739125728607,-0.17977567,
608,382.00444507598877,-0.3940911,
609,382.5903570652008,-1.2265538,
610,383.3162257671356,-0.17084345,
611,383.9438111782074,-0.63503724,
612,384.56754207611084,-0.3012936,
613,385.19501066207886,-0.70959747,
614,385.8199245929718,-0.36008406,
615,386.44701528549194,-0.29261994,
616,387.0727560520172,-0.31899235,
617,387.6976399421692,-0.2800888,
618,388.3229601383209,-0.57900834,
619,388.9487910270691,-0.6295999,
620,389.5753757953644,-0.5114205,
621,390.20175290107727,-0.96193194,
622,390.82793617248535,-0.27709395,
623,391.45509243011475,-0.83532196,
624,392.08082365989685,-0.23310287,
625,392.7066156864166,-0.54089504,
626,393.3322310447693,-0.56844795,
627,393.95801067352295,-0.7819493,
628,394.58436465263367,-0.6195878,
629,395.21023321151733,-0.15477756,
630,395.7967987060547,-0.41704148,
631,396.52454948425293,-0.40374693,
632,397.1525480747223,-0.26407963,
633,397.7766420841217,-0.37335458,
634,398.4048101902008,-0.58702916,
635,399.03022837638855,-0.51884925,
636,399.6561710834503,-0.46543235,
637,400.2819504737854,-0.5193907,
638,400.90642070770264,-0.52976096,
639,401.53339886665344,-0.8090158,
640,402.1593954563141,-0.34829086,
641,402.7860577106476,-0.26163405,
642,403.41456866264343,-0.86959946,
643,404.04147005081177,-0.4834673,
644,404.67124128341675,-0.8029181,
645,405.29625391960144,-0.28752258,
646,405.9214949607849,-0.648274,
647,406.5481855869293,-0.40643516,
648,407.1740758419037,-0.070825756,
649,407.79940009117126,-0.69430554,
650,408.4262466430664,-0.26373094,
651,409.0116636753082,-0.7834297,
652,409.7456531524658,-0.20956087,
653,410.37370681762695,-0.18534905,
654,410.9970920085907,-0.52419907,
655,411.62494254112244,-0.8851259,
656,412.2492275238037,-0.9311787,
657,412.8767817020416,-0.32658678,
658,413.5032114982605,-0.3626396,
659,414.12866830825806,-0.6194985,
660,414.7557740211487,-0.23201877,
661,415.38114881515503,-0.38114852,
662,416.00785398483276,-0.65949917,
663,416.633296251297,-0.4876691,
664,417.26045989990234,-0.8332136,
665,417.88701844215393,-0.4308422,
666,418.51240849494934,-0.5123893,
667,419.1382887363434,-0.59321916,
668,419.7646954059601,-0.66574305,
669,420.38950419425964,-0.9693717,
670,421.01615738868713,-0.6147258,
671,421.6422071456909,-0.3847729,
672,422.23063588142395,-0.5214762,
673,422.95403575897217,-0.2659194,
674,423.5801122188568,-0.4685966,
675,424.20485949516296,-0.60710806,
676,424.83244228363037,-0.29345006,
677,425.4576201438904,-0.7406789,
678,426.0838611125946,-0.35712558,
679,426.7099163532257,-0.11366919,
680,427.33466243743896,-0.46530604,
681,427.9608504772186,-0.25515106,
682,428.58648920059204,-0.40936452,
683,429.21184253692627,-0.6868031,
684,429.8383893966675,-0.40911606,
685,430.4649746417999,-0.41442236,
686,431.09144496917725,-0.20119825,
687,431.7169327735901,-0.15320873,
688,432.34293508529663,-0.25470585,
689,432.9693183898926,-0.23382428,
690,433.5949649810791,-0.53753984,
691,434.22157979011536,-0.57269716,
692,434.84748458862305,-0.4045661,
693,435.4336099624634,-1.0048078,
694,436.1577076911926,-0.6393905,
695,436.78427839279175,-0.5413878,
696,437.4067962169647,-0.43026862,
697,438.0377902984619,-0.31367397,
698,438.664395570755,-0.63356537,
699,439.2924132347107,-0.36720175,
700,439.91919231414795,-0.17029165,
701,440.5453851222992,-0.5018409,
702,441.1710362434387,-0.43169773,
703,441.7978985309601,-0.50258464,
704,442.4243485927582,-0.59262013,
705,443.05074095726013,-0.67241037,
706,443.67819333076477,-0.7447561,
707,444.3051724433899,-0.44770268,
708,444.93162298202515,-0.78280735,
709,445.5580976009369,-0.5611332,
710,446.183874130249,-0.5763871,
711,446.8093566894531,-0.35389477,
712,447.4356608390808,-1.2124325,
713,448.06306409835815,-0.31739035,
714,448.65088534355164,-0.9732886,
715,449.3677604198456,-0.44796503,
716,449.99526739120483,-0.35024613,
717,450.6190323829651,-0.543126,
718,451.2464451789856,-0.32891062,
719,451.8724195957184,-0.4689202,
720,452.498437166214,-0.92205703,
721,453.12584257125854,-0.67418206,
722,453.7522156238556,-0.32281452,
723,454.37809658050537,-0.76254296,
724,455.0032398700714,-0.47799355,
725,455.630224943161,-0.38725305,
726,456.25690388679504,-0.3964906,
727,456.8838746547699,-0.7428183,
728,457.5104818344116,-0.29597038,
729,458.1364996433258,-0.4428876,
730,458.7617974281311,-0.44613162,
731,459.3876359462738,-0.4398008,
732,460.01339197158813,-0.2806356,
733,460.64064502716064,-0.13167274,
734,461.26704001426697,-0.11976309,
735,461.8538451194763,-0.49293247,
736,462.58313846588135,-0.8116598,
737,463.21124029159546,-0.5881064,
738,463.83508014678955,-0.8051201,
739,464.46278142929077,-0.20351455,
740,465.0877649784088,-0.6084784,
741,465.7132406234741,-0.74490947,
742,466.3398289680481,-0.22457169,
743,466.964298248291,-0.22271502,
744,467.592894077301,-0.5066188,
745,468.2175667285919,-0.42682382,
746,468.8438594341278,-0.43886718,
747,469.4700207710266,-0.29363206,
748,470.0965325832367,-0.2750271,
749,470.72500228881836,-0.31921276,
750,471.35803031921387,-0.4356297,
751,471.9856541156769,-0.5518798,
752,472.61490631103516,-0.4216786,
753,473.24283361434937,-0.2405519,
754,473.87338876724243,-0.34337825,
755,474.4998359680176,-0.24750608,
756,475.0907530784607,-0.30006373,
757,475.8240098953247,-1.5039055,
758,476.45292353630066,-0.33845952,
759,477.07717847824097,-0.5849007,
760,477.70445251464844,-0.1223484,
761,478.32927203178406,-0.24239813,
762,478.9558217525482,-0.22301029,
763,479.5820701122284,-0.36271507,
764,480.20727157592773,-0.14728896,
765,480.83306860923767,-0.1342613,
766,481.458368062973,-0.1981602,
767,482.0845248699188,-0.69783497,
768,482.7099144458771,-0.19022286,
769,483.3356919288635,-0.7890686,
770,483.9621229171753,-1.4175816,
771,484.58971977233887,-0.2224223,
772,485.2160620689392,-0.23603672,
773,485.84393334388733,-0.9201494,
774,486.4691631793976,-0.452241,
775,487.0959837436676,-0.36804453,
776,487.72290682792664,-0.27310398,
777,488.31005239486694,-0.4470405,
778,489.04962277412415,-0.541245,
779,489.67649102211,-0.73427844,
780,490.30211901664734,-0.34976935,
781,490.92892050743103,-0.32289293,
782,491.5535752773285,-0.39457944,
783,492.18045806884766,-0.4073391,
784,492.80602073669434,-0.5048295,
785,493.43219232559204,-0.3985477,
786,494.0577230453491,-0.72244954,
787,494.68290305137634,-0.34691036,
788,495.3094274997711,-0.46964908,
789,495.9358813762665,-0.1971901,
790,496.56258153915405,-0.3714257,
791,497.1883714199066,-0.646712,
792,497.81390714645386,-0.30079114,
793,498.4400851726532,-0.47171116,
794,499.0662353038788,-0.4117749,
795,499.6915819644928,-0.1471003,
796,500.31842708587646,-0.46427596,
797,500.9429566860199,-0.2901954,
798,501.52925515174866,-0.22147463,
799,502.2614006996155,-0.3023342,
800,502.8895559310913,-0.21040505,
801,503.51233434677124,-0.18386526,
802,504.14146518707275,-0.43663937,
803,504.76705980300903,-0.52368164,
804,505.39259791374207,-0.09152463,
805,506.0195665359497,-0.26551488,
806,506.64530086517334,-0.17671603,
807,507.2709195613861,-0.8775265,
808,507.8957676887512,-0.2940771,
809,508.521639585495,-0.15707083,
810,509.1476221084595,-0.69400424,
811,509.7733783721924,-0.37170458,
812,510.39934825897217,-0.2332598,
813,511.02667689323425,-0.33123243,
814,511.65321493148804,-0.6472101,
815,512.2790560722351,-0.22176751,
816,512.9053580760956,-0.16587596,
817,513.5312042236328,-0.21238033,
818,514.1582069396973,-0.6784342,
819,514.7459409236908,-0.8262182,
820,515.4780128002167,-0.6399852,
821,516.1050050258636,-0.15263915,
822,516.7299020290375,-0.53844666,
823,517.3579964637756,-0.2972696,
824,517.9832854270935,-0.27238303,
825,518.6099624633789,-0.4451513,
826,519.2352013587952,-0.23636308,
827,519.8618576526642,-0.2678852,
828,520.4883735179901,-0.6641103,
829,521.1143038272858,-0.22002241,
830,521.7410101890564,-0.52167594,
831,522.3665993213654,-0.27548027,
832,522.9929313659668,-0.29142258,
833,523.6202998161316,-0.38801432,
834,524.2456109523773,-0.905774,
835,524.8725693225861,-0.5305943,
836,525.4982635974884,-0.6025849,
837,526.1252179145813,-0.44409925,
838,526.7534108161926,-0.34602535,
839,527.3778431415558,-0.31456915,
840,527.965651512146,-0.44132787,
841,528.7179672718048,-0.6879551,
842,529.3456602096558,-0.37198603,
843,529.972277879715,-0.5135883,
844,530.600555896759,-0.3601892,
845,531.2266013622284,-0.47835493,
846,531.8535313606262,-0.36035562,
847,532.4800298213959,-0.35756338,
848,533.1053130626678,-0.19150001,
849,533.7325127124786,-0.078882694,
850,534.3584406375885,-0.6653232,
851,534.9850654602051,-0.7503967,
852,535.612957239151,-0.8582979,
853,536.2388467788696,-0.36450022,
854,536.8656854629517,-0.22756565,
855,537.4918456077576,-0.17998952,
856,538.1180198192596,-0.5519693,
857,538.7442908287048,-0.7436636,
858,539.3708255290985,-0.57208776,
859,539.9980864524841,-0.6504483,
860,540.6243002414703,-0.29207316,
861,541.2114624977112,-0.24800418,
862,541.9435365200043,-0.3296713,
863,542.5723416805267,-0.11086558,
864,543.1958236694336,-0.23044595,
865,543.8239908218384,-0.14187896,
866,544.449070930481,-0.42645416,
867,545.0760049819946,-0.65795124,
868,545.703592300415,-0.1840328,
869,546.3291578292847,-0.107275136,
870,546.9566268920898,-0.6885691,
871,547.5835857391357,-0.2539173,
872,548.2096648216248,-0.33348912,
873,548.8364689350128,-0.24574168,
874,549.4639084339142,-0.1670121,
875,550.0901889801025,-0.1840359,
876,550.716747045517,-0.051506955,
877,551.3440065383911,-0.51849043,
878,551.9703617095947,-1.2341425,
879,552.5965056419373,-0.16661392,
880,553.2232849597931,-0.4395011,
881,553.8484280109406,-0.3276595,
882,554.436065196991,-0.10474931,
883,555.1723966598511,-1.0903593,
884,555.7998611927032,-0.23695129,
885,556.4232959747314,-0.20024636,
886,557.05175948143,-0.127537,
887,557.6778700351715,-0.33988592,
888,558.3029887676239,-0.08986287,
889,558.9308037757874,-0.85924727,
890,559.5549068450928,-0.31684974,
891,560.1821904182434,-0.10364865,
892,560.8083131313324,-0.81391484,
893,561.4339008331299,-0.27900127,
894,562.0610067844391,-1.4366298,
895,562.6871635913849,-0.19550839,
896,563.3134133815765,-0.5015991,
897,563.9396426677704,-0.030668221,
898,564.5668256282806,-0.52429223,
899,565.1927223205566,-0.5190037,
900,565.8205597400665,-0.14410426,
901,566.4462645053864,-0.6517143,
902,567.0730443000793,-0.61878157,
903,567.6599252223969,-0.34390533,
904,568.3881702423096,-0.32672817,
905,569.0162613391876,-0.1519205,
906,569.6399190425873,-0.47454816,
907,570.2682507038116,-0.64242196,
908,570.8955934047699,-0.25985175,
909,571.5208270549774,-0.5981562,
910,572.1471507549286,-0.35907817,
911,572.7738931179047,-0.26321638,
912,573.4003927707672,-0.42932642,
913,574.0262706279755,-0.23588169,
914,574.653641462326,-1.130907,
915,575.2789516448975,-0.19287308,
916,575.9058995246887,-0.7595747,
917,576.5325894355774,-0.62079877,
918,577.159176826477,-0.416537,
919,577.7866184711456,-0.42650947,
920,578.4122581481934,-0.42657396,
921,579.039389371872,-0.07283625,
922,579.6646916866302,-0.16302688,
923,580.2913360595703,-0.48999938,
924,580.8772950172424,-0.09991697,
925,581.6038925647736,-0.21479972,
926,582.2320806980133,-0.22670431,
927,582.8558239936829,-0.24214041,
928,583.4828567504883,-0.05186977,
929,584.1080193519592,-0.48440072,
930,584.7330865859985,-0.059616245,
931,585.3608429431915,-0.30322513,
932,585.9865124225616,-0.27227384,
933,586.6138730049133,-0.12521297,
934,587.2395975589752,-0.1490408,
935,587.8653888702393,-0.72635627,
936,588.4925627708435,-0.37395552,
937,589.1174159049988,-0.5477428,
938,589.7450385093689,-0.6038204,
939,590.3711135387421,-0.18668014,
940,590.996505022049,-0.339252,
941,591.6221880912781,-0.51227313,
942,592.2479364871979,-0.48307285,
943,592.8747930526733,-0.35986498,
944,593.4996273517609,-0.3087376,
945,594.0872042179108,-0.25812835,
946,594.8269748687744,-0.27000418,
947,595.4552159309387,-0.50143844,
948,596.0791318416595,-0.7079572,
949,596.7082839012146,-0.07442078,
950,597.3338339328766,-0.29948968,
951,597.9598715305328,-0.5170597,
952,598.5870163440704,-0.42392212,
953,599.2116606235504,-0.12781301,
954,599.8385808467865,-0.61302197,
955,600.4646275043488,-0.12095505,
956,601.0912101268768,-0.19510427,
957,601.7187535762787,-0.4668152,
958,602.3459005355835,-1.1271881,
959,602.9722857475281,-0.3255916,
960,603.5978744029999,-0.36995673,
961,604.2255208492279,-0.64413005,
962,604.8507401943207,-0.26600814,
963,605.4780271053314,-0.2635657,
964,606.1067006587982,-0.28824246,
965,606.7333221435547,-0.12700823,
966,607.3211889266968,-0.56293106,
967,608.0653438568115,-0.24089012,
968,608.6955127716064,-0.6691414,
969,609.3206419944763,-0.9591758,
970,609.9506380558014,-0.2607199,
971,610.5743124485016,-0.6390227,
972,611.2018039226532,-0.89792365,
973,611.827873468399,-0.54551286,
974,612.4539079666138,-0.47780272,
975,613.0791349411011,-0.23345597,
976,613.7065486907959,-0.24724887,
977,614.3328025341034,-0.1681799,
978,614.9601917266846,-0.49229807,
979,615.5864305496216,-0.46222383,
980,616.2131311893463,-0.17276108,
981,616.8400483131409,-0.5226544,
982,617.4666275978088,-0.39450765,
983,618.0921218395233,-0.18861315,
984,618.7179918289185,-0.056051683,
985,619.3441834449768,-0.2841159,
986,619.9704954624176,-0.19546513,
987,620.5573031902313,-1.145781,
988,621.2942352294922,-0.21637477,
989,621.9231653213501,-0.6020437,
990,622.5457119941711,-0.031257387,
991,623.1728746891022,-0.4213136,
992,623.7994091510773,-0.39910594,
993,624.4241118431091,-0.22761221,
994,625.0505132675171,-0.5799515,
995,625.6765975952148,-0.43909734,
996,626.3024070262909,-0.34328464,
997,626.9281740188599,-0.5014978,
998,627.5545473098755,-0.27593228,
999,628.1799592971802,-0.34567994,
1000,628.8063292503357,-0.35236275,
1001,629.4319460391998,-0.55312055,
1002,630.0581696033478,-0.7766039,
1003,630.6841402053833,-0.19195734,
1004,631.3093988895416,-0.9773824,
1005,631.9377160072327,-0.38144612,
1006,632.5663847923279,-0.8263215,
1007,633.1949532032013,-0.17422168,
1008,633.7818019390106,-0.7855394,
1009,634.5259883403778,-0.5090263,
1010,635.1529564857483,-0.38710946,
1011,635.7772207260132,-0.5250794,
1012,636.4061691761017,-0.60748714,
1013,637.031236410141,-0.2774223,
1014,637.6578922271729,-0.5874377,
1015,638.2844040393829,-0.7940794,
1016,638.910079240799,-0.67023504,
1017,639.5372629165649,-0.5996826,
1018,640.164547920227,-0.23921582,
1019,640.7920777797699,-0.51915896,
1020,641.418877363205,-0.22893313,
1021,642.0456137657166,-0.5420824,
1022,642.6725080013275,-0.8597056,
1023,643.2986240386963,-0.08339821,
1024,643.924058675766,-0.503188,
1025,644.5503354072571,-0.44488642,
1026,645.1765344142914,-0.017784443,
1027,645.8034222126007,-0.14138433,
1028,646.4300847053528,-0.13025334,
1029,647.0179467201233,-0.016652104,
1030,647.7447140216827,-0.41825557,
1031,648.3730010986328,-0.6286052,
1032,648.9968423843384,-0.37338114,
1033,649.6253049373627,-0.26478383,
1034,650.2501316070557,-0.43127722,
1035,650.8775043487549,-0.7512745,
1036,651.5035605430603,-0.3839913,
1037,652.1303043365479,-0.40267935,
1038,652.7583115100861,-0.32650453,
1039,653.3849399089813,-0.18499091,
1040,654.0117657184601,-0.1257937,
1041,654.6372640132904,-0.3072188,
1042,655.2621626853943,-0.45707357,
1043,655.8892645835876,-0.7978424,
1044,656.5149683952332,-0.87276644,
1045,657.141316652298,-0.74586743,
1046,657.7679624557495,-0.6912974,
1047,658.3940711021423,-0.32125595,
1048,659.0194756984711,-0.23776773,
1049,659.6450202465057,-0.4261271,
1050,660.231575012207,-0.20260498,
1051,660.9654500484467,-0.15191121,
1052,661.5927059650421,-0.55408454,
1053,662.2161090373993,-0.8562435,
1054,662.8439054489136,-0.4583432,
1055,663.469075679779,-0.7074516,
1056,664.0959231853485,-0.26060417,
1057,664.7218644618988,-0.5483852,
1058,665.3478403091431,-0.27877492,
1059,665.9739470481873,-0.4420269,
1060,666.5990362167358,-0.30970863,
1061,667.2267925739288,-0.25654072,
1062,667.8518197536469,-0.3909459,
1063,668.4788858890533,-0.05807573,
1064,669.1042859554291,-0.4512344,
1065,669.7290380001068,-0.25320655,
1066,670.3562083244324,-0.65358937,
1067,670.9829185009003,-0.625949,
1068,671.6092314720154,-0.20469783,
1069,672.2352252006531,-0.9155763,
1070,672.861768245697,-0.1524297,
1071,673.4476461410522,-0.46840024,
1072,674.1730220317841,-0.7132143,
1073,674.799533367157,-0.6678238,
1074,675.4240622520447,-0.27853444,
1075,676.0518946647644,-0.25094056,
1076,676.677060842514,-0.28650352,
1077,677.3029327392578,-0.31748927,
1078,677.9292306900024,-0.36220157,
1079,678.5539321899414,-0.48679993,
1080,679.1820864677429,-0.8046776,
1081,679.8066875934601,-0.18906091,
1082,680.4327728748322,-0.2371078,
1083,681.0590152740479,-0.45551547,
1084,681.684544801712,-1.032027,
1085,682.310498714447,-0.07829495,
1086,682.9369010925293,-0.6218138,
1087,683.5659396648407,-0.33868575,
1088,684.1934962272644,-0.71113527,
1089,684.8205626010895,-0.6573115,
1090,685.44704246521,-0.5086255,
1091,686.0729882717133,-0.032247514,
1092,686.6605749130249,-0.47707808,
1093,687.4091742038727,-0.36246186,
1094,688.0358626842499,-0.45991123,
1095,688.6618361473083,-0.34605244,
1096,689.2891159057617,-0.3693183,
1097,689.9142832756042,-0.39043784,
1098,690.5418047904968,-0.2646931,
1099,691.1687545776367,-0.45686734,
1100,691.7948703765869,-0.22905369,
1101,692.4225840568542,-0.52717316,
1102,693.0488464832306,-0.18625546,
1103,693.6760902404785,-0.31688344,
1104,694.3034851551056,-0.86866313,
1105,694.9282248020172,-2.0436285,
1106,695.5556206703186,-0.29383487,
1107,696.181046962738,-0.37137187,
1108,696.8073744773865,-1.1326032,
1109,697.4346375465393,-0.28120995,
1110,698.0602207183838,-0.40763062,
1111,698.6868982315063,-0.38194108,
1112,699.3141939640045,-0.2117408,
1113,699.9018838405609,-0.36718884,
1114,700.6544613838196,-0.12535031,
1115,701.2822110652924,-0.30836722,
1116,701.906500339508,-0.31998956,
1117,702.5340549945831,-0.05417992,
1118,703.1603519916534,-0.24625444,
1119,703.7857043743134,-0.20805737,
1120,704.4130561351776,-0.501189,
1121,705.038158416748,-0.07395725,
1122,705.6659004688263,-0.2548771,
1123,706.2920155525208,-0.26935923,
1124,706.9182486534119,-0.29753077,
1125,707.544356584549,-0.23068008,
1126,708.1702284812927,-0.6734879,
1127,708.7958073616028,-0.6358104,
1128,709.4219913482666,-0.21420223,
1129,710.0479774475098,-0.31876436,
1130,710.6740753650665,-0.5161263,
1131,711.2996699810028,-0.07836656,
1132,711.9250218868256,-0.56776625,
1133,712.5513932704926,-0.08702523,
1134,713.1386947631836,-0.45155072,
1135,713.8580052852631,-0.5363119,
1136,714.4845204353333,-0.60145116,
1137,715.1082162857056,-0.58970284,
1138,715.7360157966614,-0.47860262,
1139,716.3608133792877,-0.482823,
1140,716.9868659973145,-0.26322937,
1141,717.6132900714874,-0.18243289,
1142,718.238284111023,-0.19187024,
1143,718.8634054660797,-0.39961636,
1144,719.4908583164215,-0.41641068,
1145,720.1158902645111,-0.22696903,
1146,720.7417230606079,-0.2482271,
1147,721.3687016963959,-0.65989405,
1148,721.9943373203278,-0.48655063,
1149,722.6209950447083,-0.19848925,
1150,723.2460691928864,-0.15060875,
1151,723.8706364631653,-0.3365433,
1152,724.4976935386658,-0.71708715,
1153,725.1217558383942,-0.17277056,
1154,725.7499525547028,-0.9572096,
1155,726.3355493545532,-0.6914834,
1156,727.0604794025421,-0.021080296,
1157,727.6868977546692,-0.48250535,
1158,728.3095047473907,-1.1519516,
1159,728.9378337860107,-0.095628016,
1160,729.5614268779755,-0.19132249,
1161,730.1872832775116,-0.30514035,
1162,730.8146760463715,-0.49381024,
1163,731.4400527477264,-0.47613347,
1164,732.0685296058655,-0.1618401,
1165,732.6950607299805,-0.121832736,
1166,733.3218138217926,-0.504344,
1167,733.9495077133179,-0.13203079,
1168,734.5771729946136,-0.24481699,
1169,735.205694437027,-0.40962797,
1170,735.8314309120178,-0.93030816,
1171,736.4583141803741,-0.84521854,
1172,737.0859196186066,-0.48826522,
1173,737.7121706008911,-0.46680322,
1174,738.3388593196869,-0.099352114,
1175,738.9644956588745,-0.22258681,
1176,739.550262928009,-0.69809514,
1177,740.2789025306702,-0.4199384,
1178,740.9076664447784,-0.21268179,
1179,741.5299191474915,-0.4222002,
1180,742.1579599380493,-0.28629965,
1181,742.782196521759,-0.3726939,
1182,743.408168554306,-0.29252106,
1183,744.0327770709991,-0.020067891,
1184,744.6581072807312,-0.550123,
1185,745.2834477424622,-0.2848308,
1186,745.9098329544067,-0.30519897,
1187,746.5352909564972,-0.09021958,
1188,747.1629605293274,-0.0406766,
1189,747.7878527641296,-0.25710464,
1190,748.414030790329,-0.32113272,
1191,749.0393483638763,-0.20516203,
1192,749.6635932922363,-0.28146237,
1193,750.2899177074432,-0.57572585,
1194,750.9151303768158,-0.42114985,
1195,751.5422518253326,-0.5343187,
1196,752.1676020622253,-0.20239347,
1197,752.7545354366302,-0.2516825,
1198,753.4904878139496,-0.48029912,
1199,754.1177005767822,-0.4730954,
1200,754.740781545639,-0.20809196,
1201,755.3681402206421,-0.14417109,
1202,755.9924793243408,-0.15907028,
1203,756.6178538799286,-0.11314371,
1204,757.2476246356964,-0.0281332,
1205,757.8734710216522,-0.049199615,
1206,758.4993801116943,-0.46513543,
1207,759.123720407486,-0.5117898,
1208,759.7493364810944,-0.3962504,
1209,760.3752715587616,-1.7377161,
1210,761.001424074173,-0.03894489,
1211,761.6260035037994,-0.12057753,
1212,762.2509000301361,-0.11865242,
1213,762.8760070800781,-0.3127519,
1214,763.5000512599945,-0.28554654,
1215,764.1259255409241,-0.39678514,
1216,764.7508697509766,-0.32262322,
1217,765.3766093254089,-0.2894164,
1218,765.9625113010406,-0.3830405,
1219,766.6881620883942,-0.017226832,
1220,767.3164644241333,-0.52550715,
1221,767.9370574951172,-0.19093935,
1222,768.5649359226227,-0.27807656,
1223,769.188316822052,-0.35317707,
1224,769.813887834549,-0.27095073,
1225,770.4387557506561,-0.18010345,
1226,771.0636713504791,-0.3028586,
1227,771.6892249584198,-0.22862232,
1228,772.3139750957489,-0.7658106,
1229,772.9379742145538,-0.42696726,
1230,773.5638434886932,-0.31653407,
1231,774.1883931159973,-0.4804806,
1232,774.8138785362244,-0.48435396,
1233,775.438675403595,-0.49738216,
1234,776.0626363754272,-0.116024196,
1235,776.6885485649109,-0.20758137,
1236,777.3127627372742,-0.1892043,
1237,777.9371440410614,-0.6735491,
1238,778.5622446537018,-0.2520944,
1239,779.1472525596619,-0.4464805,
1240,779.8680546283722,-0.6042038,
1241,780.4936752319336,-0.5288563,
1242,781.1171452999115,-0.21813223,
1243,781.7431879043579,-0.014173953,
1244,782.3683128356934,-0.40239215,
1245,782.9924945831299,-0.215254,
1246,783.6183438301086,-0.79998434,
1247,784.2416603565216,-0.18088901,
1248,784.8668248653412,-0.21210954,
1249,785.4917140007019,-0.24768448,
1250,786.1173903942108,-0.35062087,
1251,786.7421433925629,-0.14352146,
1252,787.3676104545593,-0.455092,
1253,787.9918367862701,-0.23275633,
1254,788.616055727005,-0.023669446,
1255,789.2415008544922,-0.57773685,
1256,789.8651294708252,-0.28492227,
1257,790.4904327392578,-0.22756407,
1258,791.1158330440521,-0.08389373,
1259,791.7399315834045,-0.18984964,
1260,792.3257005214691,-0.38002837,
1261,793.0629243850708,-0.13720956,
1262,793.6894392967224,-0.24293415,
1263,794.3102867603302,-0.43309754,
1264,794.9382753372192,-0.100066625,
1265,795.5618300437927,-0.50330645,
1266,796.1874198913574,-0.2860788,
1267,796.8130037784576,-0.21704987,
1268,797.4367055892944,-0.54474896,
1269,798.0619370937347,-0.6576139,
1270,798.685793876648,-0.020880269,
1271,799.3100898265839,-0.41396654,
1272,799.9345788955688,-0.22063918,
1273,800.5600769519806,-0.46934402,
1274,801.1846973896027,-0.18088502,
1275,801.8102133274078,-0.13481663,
1276,802.4338254928589,-0.5300303,
1277,803.0583791732788,-0.639104,
1278,803.6838035583496,-0.4611202,
1279,804.3082835674286,-0.20216013,
1280,804.9324762821198,-0.18436627,
1281,805.517993927002,-0.23737119,
1282,806.2460162639618,-0.5366725,
1283,806.8713278770447,-0.44161046,
1284,807.4949581623077,-0.15469655,
1285,808.1199543476105,-0.19581081,
1286,808.7438571453094,-0.2408371,
1287,809.3677847385406,-0.5224367,
1288,809.9919366836548,-0.39609635,
1289,810.6157011985779,-0.019343767,
1290,811.2404911518097,-0.34661952,
1291,811.8668155670166,-0.023424942,
1292,812.4910905361176,-0.14103356,
1293,813.1181950569153,-0.50426096,
1294,813.7430124282837,-0.6066575,
1295,814.3694794178009,-0.18396777,
1296,814.9940032958984,-0.91538113,
1297,815.6191277503967,-0.94522274,
1298,816.2442526817322,-0.20517719,
1299,816.8740618228912,-0.85391617,
1300,817.5012445449829,-0.9417872,
1301,818.1254925727844,-0.24545094,
1302,818.7113618850708,-0.2244924,
1303,819.4277520179749,-0.058114216,
1304,820.0565536022186,-0.23181356,
1305,820.6808066368103,-0.12761585,
1306,821.307028055191,-0.290619,
1307,821.9317669868469,-0.3636476,
1308,822.5574612617493,-0.26360026,
1309,823.1823785305023,-0.36804107,
1310,823.8074946403503,-0.1620385,
1311,824.4320704936981,-0.20312096,
1312,825.0573072433472,-0.49091554,
1313,825.6827092170715,-0.6106286,
1314,826.3071672916412,-0.23204668,
1315,826.9322230815887,-0.3054227,
1316,827.5571110248566,-0.08212005,
1317,828.1816146373749,-0.3236602,
1318,828.8054566383362,-0.630559,
1319,829.4312980175018,-0.52362967,
1320,830.0560598373413,-0.18429372,
1321,830.6814947128296,-0.6735842,
1322,831.3056743144989,-0.5557459,
1323,831.892374753952,-0.51183426,
1324,832.6066348552704,-0.1587984,
1325,833.2346487045288,-0.1897497,
1326,833.8569898605347,-0.518461,
1327,834.482602596283,-0.04150095,
1328,835.1072382926941,-0.5926154,
1329,835.7329635620117,-0.09125408,
1330,836.3577961921692,-0.39052886,
1331,836.9816415309906,-0.0036676074,
1332,837.6067700386047,-0.5793887,
1333,838.2307739257812,-0.10909108,
1334,838.8559322357178,-0.6712977,
1335,839.4805405139923,-0.49346006,
1336,840.1050953865051,-0.12168047,
1337,840.731448173523,-0.32388318,
1338,841.3558778762817,-0.28273755,
1339,841.9807195663452,-0.020487674,
1340,842.605259180069,-0.42758814,
1341,843.2304630279541,-0.4202115,
1342,843.8549392223358,-0.52335304,
1343,844.4791834354401,-0.2529904,
1344,845.064599275589,-0.41064662,
1345,845.7975957393646,-0.28432295,
1346,846.4224736690521,-0.11661926,
1347,847.0470216274261,-0.46584356,
1348,847.672504901886,-0.39562693,
1349,848.298314332962,-0.30254465,
1350,848.9224276542664,-0.39310703,
1351,849.5481688976288,-0.10036956,
1352,850.1717607975006,-0.09846155,
1353,850.7980122566223,-0.14141732,
1354,851.4223115444183,-0.26440606,
1355,852.0478482246399,-0.05850652,
1356,852.6725037097931,-1.0683229,
1357,853.2970423698425,-0.02048332,
1358,853.9231269359589,-0.5332343,
1359,854.5477871894836,-0.3652666,
1360,855.1728763580322,-0.39611244,
1361,855.79660820961,-0.3548417,
1362,856.4219901561737,-0.0006120733,
1363,857.0465865135193,-0.49025556,
1364,857.6709139347076,-0.7154795,
1365,858.2563607692719,-0.9094452,
1366,858.9819207191467,-0.4555036,
1367,859.608344078064,-0.5326697,
1368,860.2315039634705,-0.1192472,
1369,860.857565164566,-0.11443424,
1370,861.482800245285,-0.3749889,
1371,862.1059920787811,-0.2847161,
1372,862.7325296401978,-0.18090695,
1373,863.3569147586823,-0.6122864,
1374,863.9817581176758,-0.114342704,
1375,864.6061539649963,-0.048341796,
1376,865.2308735847473,-0.20661841,
1377,865.8550879955292,-0.018986808,
1378,866.4794352054596,-0.34371918,
1379,867.1044716835022,-0.30443358,
1380,867.7293717861176,-0.8886618,
1381,868.3519124984741,-0.4489381,
1382,868.9764504432678,-0.24895053,
1383,869.6004703044891,-0.14157726,
1384,870.2246820926666,-0.14627287,
1385,870.8505210876465,-0.54040504,
1386,871.4358417987823,-0.96340656,
1387,872.1950042247772,-0.17497979,
1388,872.8227174282074,-0.03736812,
1389,873.4451098442078,-0.24890698,
1390,874.0719773769379,-0.020361926,
1391,874.6946148872375,-0.16408701,
1392,875.3197529315948,-0.23350179,
1393,875.9442954063416,-0.4775342,
1394,876.5675549507141,-0.46617043,
1395,877.1919803619385,-0.1895689,
1396,877.8162047863007,-0.26976368,
1397,878.4402170181274,-0.45115644,
1398,879.06516289711,-0.5412047,
1399,879.688898563385,-0.1881514,
1400,880.3146347999573,-0.36820173,
1401,880.9397554397583,-0.22823006,
1402,881.5643293857574,-0.38495815,
1403,882.1887271404266,-0.2102519,
1404,882.8152987957001,-0.48265818,
1405,883.4390940666199,-0.19625747,
1406,884.0655362606049,-0.119517535,
1407,884.6522755622864,-0.2626806,
1408,885.3728895187378,-0.3588341,
1409,885.9988718032837,-0.2505862,
1410,886.6206951141357,-0.13014165,
1411,887.2470645904541,-0.55925906,
1412,887.8714625835419,-0.44939545,
1413,888.4965460300446,-0.05642394,
1414,889.1212005615234,-0.45076507,
1415,889.7445130348206,-0.0021718186,
1416,890.3696708679199,-0.5251233,
1417,890.9945089817047,-0.5094805,
1418,891.6191453933716,-0.2570428,
1419,892.2438864707947,-0.2947822,
1420,892.8677632808685,-0.29118925,
1421,893.4948754310608,-0.3098125,
1422,894.1223821640015,-0.10294473,
1423,894.7515454292297,-0.25302407,
1424,895.377943277359,-0.229144,
1425,896.0013580322266,-0.6599388,
1426,896.626650094986,-0.25167477,
1427,897.2517185211182,-0.55857897,
1428,897.8374614715576,-0.3386985,
1429,898.5842552185059,-0.60688114,
1430,899.2122061252594,-0.25341684,
1431,899.8338496685028,-0.29459965,
1432,900.4616167545319,-0.535643,
1433,901.085764169693,-0.5415319,
1434,901.7116684913635,-0.5665537,
1435,902.3366153240204,-0.8881577,
1436,902.9606006145477,-0.083296165,
1437,903.5855367183685,-0.12779197,
1438,904.210964679718,-0.272659,
1439,904.8355464935303,-0.3193996,
1440,905.4594566822052,-0.44538677,
1441,906.0852184295654,-0.07380251,
1442,906.7107050418854,-0.26309672,
1443,907.335390329361,-0.18273269,
1444,907.9585242271423,-1.0030031,
1445,908.5825734138489,-0.43970326,
1446,909.2074847221375,-0.048910238,
1447,909.8318245410919,-0.73568004,
1448,910.4566264152527,-0.28132254,
1449,911.0416402816772,-0.1099515,
1450,911.7640027999878,-0.15668984,
1451,912.3906087875366,-0.09124847,
1452,913.0123014450073,-0.16752876,
1453,913.6383671760559,-0.19175453,
1454,914.262948513031,-0.3298704,
1455,914.8890278339386,-0.10594633,
1456,915.5132052898407,-0.0039334525,
1457,916.1380689144135,-0.25550672,
1458,916.762469291687,-0.08455892,
1459,917.387533903122,-0.20811662,
1460,918.0123164653778,-0.30639583,
1461,918.6362340450287,-0.34760734,
1462,919.2606515884399,-0.45278832,
1463,919.885901927948,-0.5415733,
1464,920.5112318992615,-0.6022693,
1465,921.1353468894958,-0.39386207,
1466,921.7608795166016,-0.99135584,
1467,922.3844847679138,-0.39886495,
1468,923.0089406967163,-0.18788491,
1469,923.6336653232574,-0.24886084,
1470,924.2198152542114,-0.1317322,
1471,924.9471259117126,-0.06284632,
1472,925.574390411377,-0.21870157,
1473,926.1962540149689,-0.051162064,
1474,926.8228831291199,-0.11977109,
1475,927.4465663433075,-0.4882397,
1476,928.072167634964,-0.26723984,
1477,928.6960570812225,-0.06136261,
1478,929.3206040859222,-0.23895192,
1479,929.9447753429413,-0.6197997,
1480,930.5686504840851,-0.116967954,
1481,931.1939780712128,-0.34340394,
1482,931.8190801143646,-0.565765,
1483,932.4429705142975,-0.5871787,
1484,933.0673744678497,-0.08101206,
1485,933.6906430721283,-0.60792005,
1486,934.3173124790192,-0.41575128,
1487,934.9427900314331,-0.20166545,
1488,935.5663895606995,-0.7817731,
1489,936.1919193267822,-0.9091468,
1490,936.8157470226288,-0.29821378,
1491,937.4017512798309,-0.68879765,
1492,938.1303148269653,-0.068414025,
1493,938.7563107013702,-0.078884065,
1494,939.3794009685516,-0.27887753,
1495,940.00701379776,-0.5056967,
1496,940.6304423809052,-0.23004076,
1497,941.255419254303,-0.1572259,
1498,941.8795344829559,-0.23338188,
1499,942.5049612522125,-0.28526196,
1500,943.1288495063782,-0.30315408,
1501,943.7539932727814,-0.30751467,
1502,944.3781113624573,-0.43289918,
1503,945.0059695243835,-0.6786181,
1504,945.629420042038,-0.1733386,
1505,946.2546980381012,-0.75179666,
1506,946.877846956253,-0.99396956,
1507,947.5027990341187,-0.59977305,
1508,948.1268122196198,-0.38654262,
1509,948.7511131763458,-0.42432517,
1510,949.3763728141785,-0.13024369,
1511,950.0013566017151,-0.31360164,
1512,950.5866010189056,-0.10995007,
1513,951.3197684288025,-0.1296962,
1514,951.9479932785034,-0.2708496,
1515,952.5718841552734,-0.3035182,
1516,953.19761967659,-0.108609185,
1517,953.8208479881287,-0.30732274,
1518,954.4449355602264,-0.119237415,
1519,955.0704212188721,-0.42196772,
1520,955.6947138309479,-0.29906037,
1521,956.3194236755371,-0.5664671,
1522,956.9440922737122,-0.08012989,
1523,957.5687198638916,-0.03665122,
1524,958.1936228275299,-0.34222794,
1525,958.817768573761,-0.5818704,
1526,959.4432439804077,-0.28960407,
1527,960.069388628006,-0.10957471,
1528,960.6938865184784,-0.31639633,
1529,961.3199541568756,-0.0956824,
1530,961.9442451000214,-0.05624307,
1531,962.5719339847565,-0.20028894,
1532,963.1962196826935,-0.0017104009,
1533,963.7819344997406,-0.15497261,
1534,964.5137825012207,-0.16199325,
1535,965.1398847103119,-0.3727195,
1536,965.7613043785095,-0.33298147,
1537,966.3885974884033,-0.058431216,
1538,967.0124850273132,-0.29943675,
1539,967.6376173496246,-0.12523893,
1540,968.2621586322784,-0.47412276,
1541,968.8876349925995,-0.42872596,
1542,969.5119438171387,-0.062093303,
1543,970.1369092464447,-0.21469402,
1544,970.762200832367,-0.65897536,
1545,971.3878638744354,-0.03929762,
1546,972.0120084285736,-0.9098474,
1547,972.637629032135,-0.8966522,
1548,973.2625057697296,-0.1316441,
1549,973.8878035545349,-0.0001631543,
1550,974.5120062828064,-0.02225093,
1551,975.1367790699005,-0.1504295,
1552,975.7611734867096,-0.62766546,
1553,976.3869426250458,-0.42331755,
1554,976.9730906486511,-0.05209263,
1555,977.7064044475555,-0.23497376,
1556,978.332437992096,-0.18448582,
1557,978.9541711807251,-0.2004305,
1558,979.5795514583588,-0.16294599,
1559,980.203066110611,-0.19615164,
1560,980.8283517360687,-0.05107513,
1561,981.4521691799164,-0.3384444,
1562,982.0762672424316,-0.4228602,
1563,982.7000780105591,-0.52290034,
1564,983.3255956172943,-0.36324602,
1565,983.94948554039,-0.21725935,
1566,984.573962688446,-0.03234767,
1567,985.1980884075165,-1.0725751,
1568,985.8236193656921,-0.28021523,
1569,986.4486403465271,-0.43186408,
1570,987.0756542682648,-0.6986221,
1571,987.7019417285919,-0.5838064,
1572,988.3265590667725,-0.20834732,
1573,988.9497134685516,-0.13104162,
1574,989.5740263462067,-9.0337035e-06,
1575,990.1591739654541,-0.17726701,
1576,990.8964653015137,-0.0131623885,
1577,991.5233640670776,-0.039207224,
1578,992.1461882591248,-0.09410304,
1579,992.7724781036377,-0.4717337,
1580,993.3958513736725,-0.30107582,
1581,994.0226058959961,-0.36190498,
1582,994.6475775241852,-0.15955266,
1583,995.2710168361664,-0.23110509,
1584,995.8986241817474,-0.482597,
1585,996.5239908695221,-0.32100984,
1586,997.153697013855,-0.47006595,
1587,997.7808418273926,-0.54995817,
1588,998.4066574573517,-0.61996984,
1589,999.0313947200775,-0.011063037,
1590,999.6562187671661,-0.21274325,
1591,1000.2823524475098,-0.28177655,
1592,1000.9076433181763,-0.05483743,
1593,1001.5328290462494,-0.053732015,
1594,1002.1584362983704,-0.18622723,
1595,1002.7815659046173,-0.08566603,
1596,1003.3672878742218,-0.01835484,
1597,1004.0910966396332,-0.45831978,
1598,1004.7186605930328,-0.07839458,
1599,1005.3405802249908,-0.12732272,
1600,1005.9680337905884,-0.51997995,
1601,1006.5915281772614,-0.5729944,
1602,1007.2169218063354,-0.15876666,
1603,1007.8407216072083,-0.20715347,
1604,1008.4663181304932,-0.056927197,
1605,1009.0916407108307,-0.85091805,
1606,1009.7165396213531,-0.15482444,
1607,1010.3413014411926,-0.34060165,
1608,1010.9659554958344,-0.7753619,
1609,1011.5908989906311,-0.44783,
1610,1012.2167062759399,-0.047361493,
1611,1012.8413438796997,-0.19977696,
1612,1013.4656991958618,-0.45266503,
1613,1014.0905940532684,-0.3149248,
1614,1014.7153854370117,-0.072593324,
1615,1015.3393070697784,-0.2924293,
1616,1015.9637839794159,-0.1692581,
1617,1016.5518574714661,-0.0070620123,
1618,1017.2784185409546,-0.9748099,
1619,1017.9053165912628,-0.42690584,
1620,1018.5260043144226,-0.46685454,
1621,1019.1537137031555,-0.001468003,
1622,1019.7768800258636,-0.4883818,
1623,1020.4014916419983,-0.45613027,
1624,1021.0262014865875,-0.15995415,
1625,1021.6550908088684,-0.19744171,
1626,1022.2825982570648,-0.27837008,
1627,1022.907466173172,-0.042505663,
1628,1023.533278465271,-0.48245263,
1629,1024.1583986282349,-0.6447019,
1630,1024.7834875583649,-0.91715974,
1631,1025.4092371463776,-0.4601268,
1632,1026.0341210365295,-0.07315029,
1633,1026.6596965789795,-0.6262589,
1634,1027.2845771312714,-0.22909194,
1635,1027.9093563556671,-0.21581014,
1636,1028.5339329242706,-0.12928197,
1637,1029.1588060855865,-0.31500667,
1638,1029.744029045105,-0.44547114,
1639,1030.4982759952545,-0.37725085,
1640,1031.1244642734528,-0.22411588,
1641,1031.7489035129547,-0.27905217,
1642,1032.3755564689636,-0.500705,
1643,1032.9986855983734,-0.13485664,
1644,1033.6234679222107,-0.40124792,
1645,1034.2475185394287,-0.1650764,
1646,1034.8719880580902,-0.219435,
1647,1035.4960896968842,-0.551442,
1648,1036.120002746582,-0.7696129,
1649,1036.7455563545227,-0.24182728,
1650,1037.370579957962,-0.9932058,
1651,1037.9953725337982,-0.37690243,
1652,1038.619590997696,-0.3279243,
1653,1039.2449169158936,-0.5153951,
1654,1039.8681757450104,-0.24315895,
1655,1040.4952199459076,-0.25289726,
1656,1041.118724822998,-0.8197458,
1657,1041.7447953224182,-0.86940396,
1658,1042.370900630951,-0.52328515,
1659,1042.958679676056,-0.8351275,
1660,1043.6899800300598,-0.44596633,
1661,1044.3146147727966,-0.099542305,
1662,1044.9361329078674,-0.271985,
1663,1045.5625710487366,-0.39422762,
1664,1046.186068534851,-0.21113956,
1665,1046.812709569931,-0.26287615,
1666,1047.438059091568,-0.31053442,
1667,1048.0620529651642,-0.08903453,
1668,1048.6868607997894,-0.019378344,
1669,1049.312266111374,-0.2639997,
1670,1049.9376528263092,-0.016465023,
1671,1050.5633153915405,-0.32142118,
1672,1051.1877751350403,-0.39432442,
1673,1051.8132452964783,-0.78572214,
1674,1052.4386372566223,-0.21759905,
1675,1053.0635123252869,-0.5926511,
1676,1053.6895847320557,-0.37256548,
1677,1054.3132631778717,-0.2246792,
1678,1054.9376623630524,-0.7707071,
1679,1055.5626184940338,-0.50157416,
1680,1056.1494853496552,-0.2890822,
1681,1056.9047591686249,-0.41387022,
1682,1057.5301728248596,-0.38468146,
1683,1058.1529650688171,-0.4524485,
1684,1058.7789158821106,-0.12106233,
1685,1059.4035243988037,-0.32241708,
1686,1060.0295569896698,-0.21763538,
1687,1060.656462430954,-0.26561555,
1688,1061.2812857627869,-0.3416546,
1689,1061.9063503742218,-0.63055336,
1690,1062.5316019058228,-0.04277205,
1691,1063.157169342041,-0.28998423,
1692,1063.781159877777,-0.003394058,
1693,1064.4067618846893,-0.41263348,
1694,1065.0315816402435,-0.0023653782,
1695,1065.657420873642,-0.08636069,
1696,1066.283128976822,-0.16377726,
1697,1066.9095268249512,-0.00018992493,
1698,1067.5368146896362,-0.24858394,
1699,1068.1610555648804,-0.24109198,
1700,1068.7857098579407,-0.37021804,
1701,1069.3723142147064,-0.35474992,
1702,1070.1092929840088,-0.5530649,
1703,1070.7363600730896,-0.37830466,
1704,1071.3603692054749,-0.015344301,
1705,1071.9861512184143,-0.29159564,
1706,1072.6108253002167,-0.8408219,
1707,1073.2365953922272,-0.37564957,
1708,1073.8616843223572,-0.105913326,
1709,1074.486317396164,-0.348268,
1710,1075.1123158931732,-0.11019443,
1711,1075.7379212379456,-0.09886751,
1712,1076.3624539375305,-0.28554165,
1713,1076.9860908985138,-0.45528826,
1714,1077.6115305423737,-0.21652405,
1715,1078.2363300323486,-0.5107851,
1716,1078.8615367412567,-0.061163858,
1717,1079.4856305122375,-0.5789579,
1718,1080.1110956668854,-0.609137,
1719,1080.7356796264648,-0.24120061,
1720,1081.3612658977509,-0.02019017,
1721,1081.9869632720947,-0.19537748,
1722,1082.5733604431152,-1.2488521,
1723,1083.3133964538574,-0.11375079,
1724,1083.9403085708618,-0.235894,
1725,1084.5639774799347,-0.40179595,
1726,1085.1915543079376,-0.25328648,
1727,1085.8157484531403,-0.13858701,
1728,1086.4426159858704,-0.07300073,
1729,1087.0687148571014,-0.3994909,
1730,1087.6942858695984,-0.35828125,
1731,1088.31960439682,-0.43839616,
1732,1088.9444508552551,-0.49134472,
1733,1089.570899963379,-0.30652303,
1734,1090.1955757141113,-0.6443579,
1735,1090.8208265304565,-0.9587819,
1736,1091.445941209793,-0.07618276,
1737,1092.0716664791107,-0.0945349,
1738,1092.6975543498993,-1.0286901,
1739,1093.323249578476,-0.4578002,
1740,1093.9495973587036,-0.44124293,
1741,1094.5734860897064,-0.19404666,
1742,1095.199535369873,-0.36877158,
1743,1095.7855198383331,-0.30676365,
1744,1096.5263769626617,-0.016410705,
1745,1097.1534206867218,-0.08379288,
1746,1097.7767624855042,-0.45932302,
1747,1098.4039011001587,-0.13486606,
1748,1099.0291011333466,-0.6398465,
1749,1099.6553270816803,-1.618393e-08,
1750,1100.2813782691956,-0.15232249,
1751,1100.906367301941,-0.27840322,
1752,1101.5318279266357,-0.06839366,
1753,1102.1576874256134,-0.299609,
1754,1102.7819497585297,-0.20080926,
1755,1103.4102337360382,-0.2949343,
1756,1104.036139011383,-0.40110278,
1757,1104.6611614227295,-0.14388892,
1758,1105.2871713638306,-0.5075737,
1759,1105.913747549057,-0.9170153,
1760,1106.539371728897,-0.36286774,
1761,1107.1649060249329,-0.6466745,
1762,1107.790293455124,-0.38153732,
1763,1108.4161694049835,-0.17922404,
1764,1109.0023488998413,-0.1765848,
1765,1109.7491087913513,-0.43074772,
1766,1110.3758399486542,-0.42617947,
1767,1111.000170469284,-0.2820318,
1768,1111.6275458335876,-0.6477305,
1769,1112.2541999816895,-0.19821092,
1770,1112.8795657157898,-0.3915809,
1771,1113.5049862861633,-0.48519456,
1772,1114.1300821304321,-0.43603617,
1773,1114.7538783550262,-0.24092767,
1774,1115.379162788391,-0.2343164,
1775,1116.005357503891,-0.1812545,
1776,1116.630661725998,-0.56114084,
1777,1117.2557926177979,-0.25682375,
1778,1117.8812310695648,-1.0472715,
1779,1118.506489276886,-0.16130787,
1780,1119.1312170028687,-0.3785947,
1781,1119.7582261562347,-0.112941325,
1782,1120.383350610733,-0.8079743,
1783,1121.0094842910767,-0.28039104,
1784,1121.6343114376068,-0.009254684,
1785,1122.220855474472,-0.34235665,
1786,1122.9541521072388,-0.44685286,
1787,1123.5821070671082,-0.59583926,
1788,1124.2046957015991,-0.47098088,
1789,1124.8316748142242,-0.17881408,
1790,1125.458245754242,-0.517205,
1791,1126.083137512207,-0.23548387,
1792,1126.7088344097137,-0.5619842,
1793,1127.3337082862854,-0.47791216,
1794,1127.9598014354706,-0.10449306,
1795,1128.5851995944977,-0.43363774,
1796,1129.2103850841522,-0.19777626,
1797,1129.8365981578827,-0.34857565,
1798,1130.4612555503845,-0.19052678,
1799,1131.0868952274323,-0.5210356,
1800,1131.711835384369,-0.103668116,
1801,1132.3378665447235,-0.033471793,
1802,1132.9629342556,-0.37609264,
1803,1133.587613105774,-0.15854312,
1804,1134.2143363952637,-0.50400925,
1805,1134.839275598526,-0.1021169,
1806,1135.4257028102875,-0.06018377,
1807,1136.1694474220276,-0.034235585,
1808,1136.7976224422455,-0.075822234,
1809,1137.42111825943,-0.1394171,
1810,1138.0485956668854,-0.15403415,
1811,1138.6752104759216,-0.35614407,
1812,1139.3020279407501,-0.30485368,
1813,1139.9296140670776,-0.30710113,
1814,1140.5566020011902,-0.24046376,
1815,1141.1834633350372,-0.31449178,
1816,1141.809598684311,-0.13837892,
1817,1142.434979915619,-0.2648713,
1818,1143.06161403656,-0.43466085,
1819,1143.6861989498138,-0.6238371,
1820,1144.3123285770416,-0.12758723,
1821,1144.9377419948578,-0.20168804,
1822,1145.5623614788055,-0.5975975,
1823,1146.1880614757538,-0.16757506,
1824,1146.8142302036285,-0.18181276,
1825,1147.4410033226013,-0.037559442,
1826,1148.0665354728699,-0.25822905,
1827,1148.6533432006836,-0.42756194,
1828,1149.3920488357544,-0.40107232,
1829,1150.018970966339,-0.06499767,
1830,1150.6422717571259,-0.051161915,
1831,1151.2705607414246,-0.22486885,
1832,1151.8944177627563,-1.0075617,
1833,1152.5209777355194,-0.65058875,
1834,1153.1465528011322,-0.7649061,
1835,1153.7725384235382,-0.77383995,
1836,1154.3997070789337,-0.032582626,
1837,1155.0265140533447,-0.4453279,
1838,1155.6530685424805,-0.20149584,
1839,1156.2823467254639,-0.7963051,
1840,1156.908661365509,-0.4470474,
1841,1157.534384727478,-0.20153424,
1842,1158.1605718135834,-0.7847078,
1843,1158.7893948554993,-0.3959276,
1844,1159.4168345928192,-0.12279115,
1845,1160.047076702118,-0.1447602,
1846,1160.6744966506958,-0.30630288,
1847,1161.300446510315,-0.51598805,
1848,1161.8860611915588,-0.36341998,
1849,1162.6328840255737,-0.123126395,
1850,1163.2605950832367,-0.3958144,
1851,1163.8860576152802,-0.3777683,
1852,1164.5154299736023,-0.06946884,
1853,1165.1422698497772,-0.2545727,
1854,1165.7688822746277,-0.19420435,
1855,1166.394989490509,-0.5653688,
1856,1167.0207238197327,-0.41843092,
1857,1167.6467249393463,-0.007146962,
1858,1168.2721178531647,-5.3487867e-05,
1859,1168.8971304893494,-0.24328259,
1860,1169.5222606658936,-0.073423386,
1861,1170.1479082107544,-0.08609664,
1862,1170.774085521698,-0.21727231,
1863,1171.399388551712,-0.116445035,
1864,1172.0259580612183,-0.42380637,
1865,1172.6510436534882,-0.39313617,
1866,1173.2756021022797,-0.14955208,
1867,1173.9017271995544,-0.044717703,
1868,1174.5265636444092,-0.41134745,
1869,1175.1136782169342,-0.19915628,
1870,1175.853965997696,-0.6247407,
1871,1176.482007741928,-0.18545334,
1872,1177.1047513484955,-0.14310572,
1873,1177.732148885727,-0.09118495,
1874,1178.3568403720856,-0.0449361,
1875,1178.9833772182465,-0.0266245,
1876,1179.6087799072266,-0.25483587,
1877,1180.2332825660706,-0.16435526,
1878,1180.8593184947968,-0.00031819922,
1879,1181.4839832782745,-0.00017596925,
1880,1182.11030626297,-0.17695239,
1881,1182.7351059913635,-0.18410915,
1882,1183.360660791397,-0.07233571,
1883,1183.986908197403,-0.308643,
1884,1184.6106851100922,-0.02062825,
1885,1185.2382609844208,-0.33888724,
1886,1185.8611183166504,-0.19786197,
1887,1186.4882385730743,-0.020070748,
1888,1187.1129794120789,-0.12702748,
1889,1187.738885641098,-1.0172734,
1890,1188.3248147964478,-0.5411211,
1891,1189.0496141910553,-0.60301685,
1892,1189.6767828464508,-0.08877762,
1893,1190.2994177341461,-0.6270077,
1894,1190.9284117221832,-0.17884311,
1895,1191.5528390407562,-0.8006402,
1896,1192.1788964271545,-0.48002043,
1897,1192.8040657043457,-0.4391531,
1898,1193.4292023181915,-0.6027379,
1899,1194.0557413101196,-4.2600717e-05,
1900,1194.6803028583527,-0.29649892,
1901,1195.3069260120392,-0.7276643,
1902,1195.9334614276886,-0.82172954,
1903,1196.558608531952,-0.35303634,
1904,1197.184210062027,-0.74050975,
1905,1197.8088009357452,-0.123657495,
1906,1198.4340240955353,-0.38207582,
1907,1199.0590088367462,-0.31991082,
1908,1199.684853553772,-0.2989901,
1909,1200.3097746372223,-0.30505744,
1910,1200.9354848861694,-0.010057317,
1911,1201.5221605300903,-0.45667323,
1912,1202.253779411316,-0.379643,
1913,1202.8794860839844,-0.69322044,
1914,1203.5015616416931,-0.32879722,
1915,1204.1292221546173,-0.045204792,
1916,1204.7538626194,-0.09621353,
1917,1205.3799276351929,-0.59612256,
1918,1206.005918264389,-0.19243538,
1919,1206.6313796043396,-0.9847445,
1920,1207.2566180229187,-0.17385441,
1921,1207.8820223808289,-0.18116523,
1922,1208.5076386928558,-0.14484355,
1923,1209.1339631080627,-0.75841755,
1924,1209.7576134204865,-0.10956228,
1925,1210.3836562633514,-0.5944805,
1926,1211.0095436573029,-0.44675356,
1927,1211.635277748108,-0.36098728,
1928,1212.2612118721008,-0.77855545,
1929,1212.885577917099,-0.25922114,
1930,1213.5105967521667,-0.574048,
1931,1214.1360094547272,-0.2710924,
1932,1214.7209422588348,-0.44271216,
1933,1215.4599170684814,-0.5406623,
1934,1216.089337348938,-0.22588684,
1935,1216.7145793437958,-0.4372502,
1936,1217.3432462215424,-0.20831473,
1937,1217.9709966182709,-0.21567659,
1938,1218.5975031852722,-0.07903828,
1939,1219.2239758968353,-0.081736885,
1940,1219.849443435669,-0.63373214,
1941,1220.4748847484589,-0.1966341,
1942,1221.0998170375824,-0.035232894,
1943,1221.727082490921,-0.28358442,
1944,1222.3508613109589,-0.42723405,
1945,1222.9770188331604,-0.38055742,
1946,1223.6018733978271,-0.4986069,
1947,1224.2298486232758,-0.083792545,
1948,1224.8549008369446,-0.058409687,
1949,1225.4802598953247,-0.661318,
1950,1226.1052930355072,-0.03475903,
1951,1226.730812549591,-0.3488321,
1952,1227.356164932251,-0.23313761,
1953,1227.9424788951874,-0.17756346,
1954,1228.6909279823303,-0.04766626,
1955,1229.3166298866272,-0.018596252,
1956,1229.9393656253815,-0.028626123,
1957,1230.567075252533,-0.25705323,
1958,1231.1911170482635,-0.7089746,
1959,1231.8165833950043,-0.3192645,
1960,1232.441129207611,-0.12717006,
1961,1233.0671751499176,-0.34713757,
1962,1233.6932084560394,-0.10097409,
1963,1234.3181192874908,-0.061529715,
1964,1234.9437818527222,-0.2649579,
1965,1235.5685896873474,-0.2817458,
1966,1236.1934294700623,-0.22863992,
1967,1236.8187718391418,-0.043277755,
1968,1237.4449965953827,-0.30585933,
1969,1238.0707132816315,-0.10155727,
1970,1238.6954572200775,-0.32779735,
1971,1239.3209643363953,-0.1999933,
1972,1239.9461510181427,-0.8481736,
1973,1240.5709540843964,-0.29564905,
1974,1241.156682729721,-0.20498295,
1975,1241.8826758861542,-0.011838676,
1976,1242.511194229126,-0.055303704,
1977,1243.133121728897,-0.24223933,
1978,1243.7609207630157,-0.12034215,
1979,1244.3855755329132,-0.20747855,
1980,1245.010718345642,-1.0912913,
1981,1245.6364760398865,-0.20880075,
1982,1246.2619960308075,-0.038834617,
1983,1246.8889837265015,-0.39764553,
1984,1247.5146510601044,-0.12737778,
1985,1248.1404752731323,-0.033190113,
1986,1248.7651054859161,-0.6768913,
1987,1249.3906853199005,-0.3673979,
1988,1250.016917705536,-0.21061619,
1989,1250.6412909030914,-0.39079076,
1990,1251.267323732376,-0.0539217,
1991,1251.8935446739197,-0.58406925,
1992,1252.5223643779755,-0.23991814,
1993,1253.146423816681,-0.57316613,
1994,1253.7719337940216,-0.20242512,
1995,1254.3585765361786,-0.35295165,
1996,1255.0962364673615,-0.29976067,
1997,1255.7238202095032,-0.16266799,
1998,1256.3483772277832,-0.10251201,
1999,1256.9777443408966,-0.29468414,
2000,1257.6035180091858,-0.28643718,
2001,1258.229879617691,-0.17976645,
2002,1258.8576509952545,-0.010161508,
2003,1259.4818091392517,-0.057625838,
2004,1260.1072993278503,-0.08684315,
2005,1260.7326292991638,-0.47014096,
2006,1261.3583624362946,-0.22650957,
2007,1261.9844632148743,-0.16485552,
2008,1262.6100480556488,-0.19320603,
2009,1263.2362582683563,-0.2700919,
2010,1263.861383676529,-0.5835658,
2011,1264.4857604503632,-0.6958573,
2012,1265.11159658432,-0.9591222,
2013,1265.737521648407,-0.12817864,
2014,1266.362857580185,-0.41866022,
2015,1266.988531589508,-0.41576195,
2016,1267.575086593628,-0.26980817,
2017,1268.307825088501,-0.5160056,
2018,1268.9372344017029,-0.40240678,
2019,1269.5602514743805,-0.3475544,
2020,1270.188892364502,-0.24349688,
2021,1270.8152153491974,-0.09867061,
2022,1271.4400956630707,-0.011131403,
2023,1272.0676152706146,-0.091216564,
2024,1272.6935102939606,-0.07490939,
2025,1273.3201673030853,-0.39353153,
2026,1273.945990562439,-0.20928867,
2027,1274.5711419582367,-0.047074042,
2028,1275.1975588798523,-0.5355089,
2029,1275.8221390247345,-0.43596336,
2030,1276.4474143981934,-0.29383308,
2031,1277.0729598999023,-0.11818562,
2032,1277.699296951294,-0.61705256,
2033,1278.3246221542358,-0.3416937,
2034,1278.9514772891998,-0.35559303,
2035,1279.57577419281,-0.5562154,
2036,1280.200974225998,-0.14329241,
2037,1280.7873706817627,-0.34290355,
2038,1281.5144474506378,-0.33223572,
2039,1282.1401209831238,-0.34032255,
2040,1282.763150215149,-0.25759172,
2041,1283.3908348083496,-0.07602719,
2042,1284.0156371593475,-0.42728436,
2043,1284.6408455371857,-0.050194472,
2044,1285.2675275802612,-0.28474233,
2045,1285.8917067050934,-0.07240124,
2046,1286.5179793834686,-0.22906022,
2047,1287.141999721527,-0.11892679,
2048,1287.7703485488892,-0.4992242,
2049,1288.394725561142,-0.97036195,
2050,1289.0200417041779,-0.6056723,
2051,1289.6459493637085,-0.2892715,
2052,1290.2707958221436,-0.16855103,
2053,1290.8959152698517,-0.98295975,
2054,1291.5204918384552,-0.38507414,
2055,1292.146423816681,-0.0688035,
2056,1292.7723717689514,-0.52594537,
2057,1293.3969535827637,-0.063377,
2058,1293.9833958148956,-0.04482902,
2059,1294.7455787658691,-0.577765,
2060,1295.3729870319366,-0.0022871043,
2061,1295.9960882663727,-0.4141385,
2062,1296.6223781108856,-0.43082896,
2063,1297.246754169464,-0.26036334,
2064,1297.8724126815796,-0.26479828,
2065,1298.4978103637695,-0.051508028,
2066,1299.123640537262,-0.0060976692,
2067,1299.7494449615479,-0.13317116,
2068,1300.3742263317108,-0.42031342,
2069,1301.0010137557983,-2.9353828e-08,
2070,1301.6258401870728,-1.0079623e-06,
2071,1302.2516832351685,-0.37900096,
2072,1302.8768372535706,-0.16583255,
2073,1303.502866268158,-0.29120582,
2074,1304.1281745433807,-0.85447353,
2075,1304.7553260326385,-0.6160828,
2076,1305.38090634346,-0.51839805,
2077,1306.0058934688568,-0.41010594,
2078,1306.631962776184,-0.53763086,
2079,1307.217808008194,-0.69247204,
2080,1307.9558067321777,-0.23057222,
2081,1308.5850598812103,-0.19147615,
2082,1309.207834482193,-0.40647686,
2083,1309.835291147232,-0.12946233,
2084,1310.4596796035767,-0.08375435,
2085,1311.086290359497,-0.08329051,
2086,1311.7108943462372,-0.45208788,
2087,1312.336088180542,-0.16392697,
2088,1312.9617412090302,-0.36091155,
2089,1313.5889265537262,-0.22369108,
2090,1314.2159943580627,-0.044348568,
2091,1314.843013048172,-0.5858029,
2092,1315.4690973758698,-0.5928235,
2093,1316.0984253883362,-0.46577495,
2094,1316.726891040802,-0.1510935,
2095,1317.3533198833466,-0.08400978,
2096,1317.9821546077728,-0.5672409,
2097,1318.6079518795013,-0.00019576859,
2098,1319.2365062236786,-0.317663,
2099,1319.8620762825012,-0.39427012,
2100,1320.4522104263306,-0.067664266,
2101,1321.1864478588104,-0.22318676,
2102,1321.8123757839203,-0.0987219,
2103,1322.4358768463135,-0.4587442,
2104,1323.0628116130829,-0.24106368,
2105,1323.686760187149,-0.052461863,
2106,1324.3122136592865,-0.05474634,
2107,1324.9381890296936,-0.2164396,
2108,1325.562356710434,-0.38759178,
2109,1326.1873800754547,-0.07655882,
2110,1326.8130557537079,-0.08040199,
2111,1327.4378323554993,-0.16809806,
2112,1328.0635800361633,-0.41980916,
2113,1328.690276145935,-0.00015238508,
2114,1329.3163826465607,-0.1420457,
2115,1329.9413018226624,-0.8899643,
2116,1330.5670630931854,-0.16192925,
2117,1331.1925551891327,-0.25500464,
2118,1331.8180816173553,-0.17983681,
2119,1332.444408416748,-0.053639676,
2120,1333.0701384544373,-0.4432649,
2121,1333.658038854599,-0.033709724,
2122,1334.3902781009674,-0.12266981,
2123,1335.016394853592,-0.40738654,
2124,1335.6402440071106,-0.09620223,
2125,1336.2671325206757,-0.025845446,
2126,1336.8925185203552,-0.20586735,
2127,1337.5180940628052,-0.44541138,
2128,1338.1435792446136,-0.7199138,
2129,1338.7693815231323,-0.0020376393,
2130,1339.395273923874,-0.5641311,
2131,1340.0215167999268,-0.13564406,
2132,1340.648205280304,-0.30058354,
2133,1341.2735805511475,-0.7210237,
2134,1341.8991701602936,-0.24299587,
2135,1342.5245761871338,-1.0418271,
2136,1343.1503508090973,-0.26926857,
2137,1343.7749717235565,-0.69666,
2138,1344.400639295578,-0.0092719635,
2139,1345.027093887329,-0.18356524,
2140,1345.6520450115204,-0.34112123,
2141,1346.2781674861908,-0.26574212,
2142,1346.8638553619385,-0.1519779,
2143,1347.5926957130432,-0.16784182,
2144,1348.220302581787,-0.18926166,
2145,1348.8440744876862,-0.08206894,
2146,1349.471837759018,-0.030203165,
2147,1350.0981109142303,-0.6665781,
2148,1350.7233526706696,-0.4881123,
2149,1351.349589586258,-0.6135495,
2150,1351.9746978282928,-0.16544273,
2151,1352.600774049759,-0.18110612,
2152,1353.22545337677,-0.0075608245,
2153,1353.8515169620514,-0.10423624,
2154,1354.4776961803436,-0.3253049,
2155,1355.1037125587463,-0.73163295,
2156,1355.7290065288544,-0.36730358,
2157,1356.3560173511505,-1.3747174e-05,
2158,1356.9806475639343,-0.56008136,
2159,1357.6078758239746,-0.33412862,
2160,1358.2334659099579,-0.49793613,
2161,1358.8582932949066,-0.83647037,
2162,1359.4853508472443,-0.16972192,
2163,1360.072196006775,-0.17322615,
2164,1360.8035883903503,-0.085782275,
2165,1361.4309496879578,-0.31611475,
2166,1362.0550792217255,-0.34663516,
2167,1362.6816935539246,-0.25457388,
2168,1363.306574344635,-0.48602235,
2169,1363.9322719573975,-0.43883336,
2170,1364.560051202774,-7.379718e-05,
2171,1365.1852769851685,-0.5282326,
2172,1365.8120954036713,-0.040433563,
2173,1366.4362530708313,-0.08577429,
2174,1367.0625343322754,-0.41677088,
2175,1367.6882679462433,-0.104493886,
2176,1368.3145279884338,-0.40084258,
2177,1368.9400062561035,-0.4479381,
2178,1369.5654830932617,-0.4899434,
2179,1370.1920671463013,-0.24507235,
2180,1370.8171627521515,-0.09836528,
2181,1371.4434156417847,-0.4415604,
2182,1372.06853556633,-0.44021985,
2183,1372.6935441493988,-0.25752017,
2184,1373.2882387638092,-0.016166206,
2185,1374.0701823234558,-0.13154224,
2186,1374.6988129615784,-0.21490774,
2187,1375.3210890293121,-0.09765579,
2188,1375.9494190216064,-0.022001632,
2189,1376.5745985507965,-0.021908654,
2190,1377.200086593628,-0.07481305,
2191,1377.827419757843,-0.21294117,
2192,1378.450941324234,-0.028872535,
2193,1379.0778787136078,-0.45122087,
2194,1379.7036137580872,-0.16717677,
2195,1380.3307526111603,-0.00031410556,
2196,1380.9582419395447,-0.4370847,
2197,1381.585423707962,-0.16415556,
2198,1382.211711883545,-0.39207932,
2199,1382.8377633094788,-0.26520628,
2200,1383.4625384807587,-0.003839679,
2201,1384.0895116329193,-0.7246245,
2202,1384.7158379554749,-0.3679528,
2203,1385.3417837619781,-0.6953794,
2204,1385.9663753509521,-0.12677254,
2205,1386.5534987449646,-0.2836103,
2206,1387.2897698879242,-0.09543713,
2207,1387.921010017395,-0.034793746,
2208,1388.5452494621277,-0.1315225,
2209,1389.1736707687378,-0.17469366,
2210,1389.7976138591766,-0.18257204,
2211,1390.423199892044,-0.18073243,
2212,1391.04865193367,-0.08714856,
2213,1391.6741871833801,-0.029419858,
2214,1392.2994327545166,-0.5673427,
2215,1392.9236721992493,-0.28852206,
2216,1393.5494091510773,-0.26929647,
2217,1394.17591547966,-0.5035173,
2218,1394.8014566898346,-0.01851422,
2219,1395.4270014762878,-0.8512436,
2220,1396.0525922775269,-0.055305116,
2221,1396.6790852546692,-0.41815525,
2222,1397.3044402599335,-0.14112654,
2223,1397.9298617839813,-0.024022654,
2224,1398.5557141304016,-0.003066024,
2225,1399.182588815689,-0.28549606,
2226,1399.7696521282196,-0.22621682,
2227,1400.505184173584,-0.5070902,
2228,1401.1324937343597,-0.46633258,
2229,1401.7554986476898,-0.19966868,
2230,1402.3824269771576,-0.29477054,
2231,1403.0063841342926,-0.84261584,
2232,1403.63232421875,-0.49967438,
2233,1404.2587015628815,-0.08982803,
2234,1404.8840100765228,-0.4526338,
2235,1405.5108306407928,-0.25097072,
2236,1406.1363530158997,-0.98024726,
2237,1406.7616353034973,-9.953177e-07,
2238,1407.387974023819,-0.30437163,
2239,1408.0131058692932,-0.15834418,
2240,1408.6400487422943,-0.014623323,
2241,1409.265600681305,-0.44036862,
2242,1409.8927674293518,-0.25459576,
2243,1410.518482685089,-0.091890335,
2244,1411.1447463035583,-0.14549802,
2245,1411.7703132629395,-0.6712629,
2246,1412.397572517395,-0.3840927,
2247,1412.983512878418,-0.3225959,
2248,1413.7258126735687,-0.15770164,
2249,1414.3528912067413,-0.15611258,
2250,1414.9762189388275,-0.005331141,
2251,1415.6041066646576,-0.027243193,
2252,1416.2292635440826,-0.28807628,
2253,1416.8558902740479,-0.23113486,
2254,1417.4812331199646,-0.71288604,
2255,1418.1071898937225,-0.64091295,
2256,1418.7329082489014,-0.4815467,
2257,1419.35804605484,-0.44665095,
2258,1419.984305381775,-0.29884332,
2259,1420.6091873645782,-0.6221605,
2260,1421.2362604141235,-0.56258416,
2261,1421.8674886226654,-0.467857,
2262,1422.492909669876,-0.58059347,
2263,1423.1187782287598,-0.6649012,
2264,1423.7442545890808,-0.6007003,
2265,1424.3693516254425,-0.1665555,
2266,1424.9943985939026,-0.21525131,
2267,1425.621086359024,-0.2868284,
2268,1426.206233739853,-0.024016391,
2269,1426.965856552124,-0.5567088,
2270,1427.5935854911804,-0.16334574,
2271,1428.2160248756409,-0.23496026,
2272,1428.8447914123535,-0.5432068,
2273,1429.4681282043457,-0.86601955,
2274,1430.0945892333984,-0.3434067,
2275,1430.72016787529,-0.019285792,
2276,1431.3452944755554,-0.30843264,
2277,1431.971979379654,-0.065404676,
2278,1432.5968282222748,-0.5131377,
2279,1433.2223789691925,-0.20724086,
2280,1433.8491716384888,-0.35961288,
2281,1434.4734048843384,-0.086320505,
2282,1435.099943637848,-0.15063345,
2283,1435.7245543003082,-0.5158989,
2284,1436.3516590595245,-0.7424104,
2285,1436.9764499664307,-0.5443065,
2286,1437.6019151210785,-0.44037807,
2287,1438.2268698215485,-0.16141197,
2288,1438.852570772171,-0.10183541,
2289,1439.4384520053864,-0.3887952,
2290,1440.1715352535248,-0.43105167,
2291,1440.799242734909,-0.5596737,
2292,1441.422257900238,-0.30265918,
2293,1442.050457239151,-0.25642115,
2294,1442.6743977069855,-0.2317248,
2295,1443.3005497455597,-0.11448132,
2296,1443.9259729385376,-0.31471363,
2297,1444.5504643917084,-0.16393355,
2298,1445.177076101303,-0.57295614,
2299,1445.8052933216095,-0.12535957,
2300,1446.4320886135101,-0.52028763,
2301,1447.058912038803,-0.3510317,
2302,1447.685073375702,-0.08906363,
2303,1448.3108489513397,-6.6106268e-06,
2304,1448.936206817627,-0.4246049,
2305,1449.5620708465576,-0.30386135,
2306,1450.1882100105286,-0.21420069,
2307,1450.8136632442474,-0.11009629,
2308,1451.4395115375519,-0.27591142,
2309,1452.0651862621307,-0.52999234,
2310,1452.6513977050781,-0.75160605,
2311,1453.3902659416199,-0.45998073,
2312,1454.0225369930267,-0.53348744,
2313,1454.6482064723969,-0.0002816379,
2314,1455.2791185379028,-0.63387555,
2315,1455.9046382904053,-0.22721541,
2316,1456.5326681137085,-0.30900726,
2317,1457.1615059375763,-0.0012615935,
2318,1457.7880482673645,-0.49854073,
2319,1458.4227049350739,-0.56625617,
2320,1459.0496830940247,-0.09234168,
2321,1459.6766703128815,-0.16482757,
2322,1460.3019728660583,-0.0823182,
2323,1460.9274475574493,-0.6311294,
2324,1461.5546355247498,-0.45096195,
2325,1462.1797091960907,-0.037511863,
2326,1462.8052551746368,-0.64595425,
2327,1463.4306309223175,-0.1292932,
2328,1464.0561909675598,-1.7454891e-05,
2329,1464.6817173957825,-0.49349344,
2330,1465.307646036148,-0.17733783,
2331,1465.8933055400848,-0.6660998,
2332,1466.6311447620392,-0.28402078,
2333,1467.2620656490326,-0.34556225,
2334,1467.8915085792542,-0.17738755,
2335,1468.5190303325653,-0.24584492,
2336,1469.1443960666656,-0.42811766,
2337,1469.7706458568573,-0.17527524,
2338,1470.397525548935,-0.45487773,
2339,1471.023097038269,-0.21463588,
2340,1471.650516986847,-0.13552557,
2341,1472.2755615711212,-0.12254454,
2342,1472.9007785320282,-0.29161125,
2343,1473.5268514156342,-0.10038648,
2344,1474.1516523361206,-0.43727607,
2345,1474.778385400772,-0.18953237,
2346,1475.4035651683807,-0.1779224,
2347,1476.0295224189758,-0.22962922,
2348,1476.6554062366486,-0.09383795,
2349,1477.280817747116,-0.27569455,
2350,1477.9078137874603,-0.035972722,
2351,1478.5335371494293,-0.40648445,
2352,1479.1198472976685,-0.07822323,
2353,1479.8606915473938,-0.12303902,
2354,1480.4887688159943,-0.16716525,
2355,1481.1119158267975,-0.06771535,
2356,1481.738383769989,-0.4742576,
2357,1482.3670632839203,-0.09954885,
2358,1482.9954960346222,-0.1500785,
2359,1483.6225962638855,-0.726195,
2360,1484.248745918274,-0.1877267,
2361,1484.8748440742493,-0.13446455,
2362,1485.4999537467957,-0.08620081,
2363,1486.1276004314423,-0.33799535,
2364,1486.7534048557281,-0.18330228,
2365,1487.3800127506256,-0.3052941,
2366,1488.004872560501,-0.43403688,
2367,1488.6317610740662,-0.2553902,
2368,1489.2569110393524,-0.888574,
2369,1489.8831150531769,-0.2990802,
2370,1490.508397102356,-0.38744566,
2371,1491.1340608596802,-0.09436001,
2372,1491.7602610588074,-0.26289836,
2373,1492.3465414047241,-0.09609533,
2374,1493.0763034820557,-0.26907507,
2375,1493.704119682312,-0.22475809,
2376,1494.326871395111,-0.097634405,
2377,1494.9534676074982,-0.042495992,
2378,1495.5767924785614,-0.2873933,
2379,1496.2039959430695,-0.02941063,
2380,1496.8294649124146,-0.43838528,
2381,1497.4547958374023,-0.21762802,
2382,1498.0828785896301,-0.3327823,
2383,1498.7100522518158,-0.38353738,
2384,1499.3388600349426,-0.9454256,
2385,1499.9678208827972,-0.5876487,
2386,1500.5953180789948,-0.4597978,
2387,1501.2238156795502,-0.63037,
2388,1501.8485927581787,-0.36115777,
2389,1502.4748194217682,-0.18174455,
2390,1503.1004416942596,-0.4717964,
2391,1503.726898431778,-2.224655e-08,
2392,1504.352448940277,-0.75081587,
2393,1504.978354215622,-9.216895e-06,
2394,1505.5664536952972,-0.14216916,
2395,1506.2945668697357,-0.2245536,
2396,1506.9221744537354,-1.5355639e-08,
2397,1507.545448064804,-0.12887236,
2398,1508.1724028587341,-0.26800936,
2399,1508.7980523109436,-0.73255455,
2400,1509.423558473587,-0.048417877,
2401,1510.0497059822083,-0.040341172,
2402,1510.6757674217224,-4.3581567e-05,
2403,1511.3014719486237,-0.2625956,
2404,1511.9288668632507,-0.22032776,
2405,1512.5539920330048,-0.0,
2406,1513.1829555034637,-0.07916425,
2407,1513.8076927661896,-0.07788692,
2408,1514.4338908195496,-0.7835052,
2409,1515.0584225654602,-2.9976532e-05,
2410,1515.684629201889,-1.0670685,
2411,1516.3096437454224,-0.1043836,
2412,1516.936937570572,-0.26848352,
2413,1517.563231229782,-0.18818213,
2414,1518.1878461837769,-0.08633645,
2415,1518.775752544403,-0.03542748,
2416,1519.5157067775726,-0.75940776,
2417,1520.1425242424011,-0.3986525,
2418,1520.7660911083221,-0.017445926,
2419,1521.3936839103699,-0.22661671,
2420,1522.0184271335602,-0.29077035,
2421,1522.6438689231873,-0.0008723171,
2422,1523.2704603672028,-0.3904869,
2423,1523.894686460495,-3.8099857e-09,
2424,1524.5216007232666,-1.0163353e-09,
2425,1525.1463649272919,-0.14716633,
2426,1525.7724220752716,-0.049802758,
2427,1526.3978350162506,-0.080175236,
2428,1527.0235311985016,-0.52424335,
2429,1527.6496977806091,-0.24002871,
2430,1528.2747194766998,-0.32893863,
2431,1528.9003403186798,-0.26048303,
2432,1529.5259907245636,-0.31687263,
2433,1530.1527693271637,-0.4427817,
2434,1530.77858543396,-0.25330585,
2435,1531.40310049057,-2.0553315e-09,
2436,1531.992118358612,-0.25630522,
2437,1532.7454659938812,-0.14787574,
2438,1533.3739235401154,-0.10208136,
2439,1533.9962894916534,-0.3978633,
2440,1534.623475074768,-0.3074352,
2441,1535.2482051849365,-0.14454654,
2442,1535.8740463256836,-0.11154319,
2443,1536.4982769489288,-0.3799464,
2444,1537.1227140426636,-0.08789578,
2445,1537.7496197223663,-0.17383273,
2446,1538.376386165619,-0.23012161,
2447,1539.0018475055695,-0.5779232,
2448,1539.6277737617493,-0.08596365,
2449,1540.2526528835297,-0.18951368,
2450,1540.8792035579681,-0.46564957,
2451,1541.5046162605286,-0.18517229,
2452,1542.1296126842499,-0.12070693,
2453,1542.754611492157,-0.0106240995,
2454,1543.3812701702118,-0.53459686,
2455,1544.0065822601318,-1.15464145e-05,
2456,1544.6325311660767,-0.12960207,
2457,1545.2184739112854,-7.880898e-06,
2458,1545.9545938968658,-0.0,
2459,1546.5809330940247,-0.17337923,
2460,1547.2048585414886,-0.39307725,
2461,1547.8324398994446,-0.20969272,
2462,1548.456166267395,-0.112046584,
2463,1549.08291721344,-0.41396454,
2464,1549.707934141159,-0.070228465,
2465,1550.333574771881,-1.3837227e-07,
2466,1550.958634853363,-0.3060673,
2467,1551.584819316864,-0.15069118,
2468,1552.208874464035,-0.21815492,
2469,1552.833545923233,-0.00414581,
2470,1553.4587187767029,-0.08093643,
2471,1554.0880944728851,-0.36314985,
2472,1554.713606595993,-0.117246225,
2473,1555.3383257389069,-0.33887005,
2474,1555.9644906520844,-0.19211791,
2475,1556.5895223617554,-0.32722196,
2476,1557.2136046886444,-0.1705665,
2477,1557.8399939537048,-0.448318,
2478,1558.4243433475494,-0.38517463,
2479,1559.1455218791962,-0.18664,
2480,1559.7719044685364,-0.22481298,
2481,1560.3947231769562,-0.44025534,
2482,1561.0228502750397,-0.26580003,
2483,1561.6475994586945,-0.09472176,
2484,1562.2722253799438,-0.085425735,
2485,1562.898285150528,-0.6977165,
2486,1563.5224587917328,-0.17881739,
2487,1564.1502361297607,-0.04912618,
2488,1564.77720785141,-0.3584321,
2489,1565.4029052257538,-0.20572144,
2490,1566.0283408164978,-0.60136515,
2491,1566.654210805893,-0.27105916,
2492,1567.2803168296814,-0.49805295,
2493,1567.9052166938782,-0.7684677,
2494,1568.5300970077515,-0.24043506,
2495,1569.156646490097,-0.15374039,
2496,1569.7816796302795,-0.01918659,
2497,1570.4079279899597,-0.3866559,
2498,1571.033931016922,-0.20320004,
2499,1571.619596004486,-0.32329333,
2500,1572.3537013530731,-0.16128485,
2501,1572.9812071323395,-0.7854253,
2502,1573.6043753623962,-0.19947255,
2503,1574.2328214645386,-0.21705891,
2504,1574.8590788841248,-0.8021612,
2505,1575.4868431091309,-0.1057526,
2506,1576.1138491630554,-0.14622022,
2507,1576.738864183426,-0.018904053,
2508,1577.3648254871368,-0.1681678,
2509,1577.9886713027954,-0.16175754,
2510,1578.6141564846039,-1.0068293,
2511,1579.239486694336,-0.26730016,
2512,1579.8635623455048,-0.44392106,
2513,1580.4898238182068,-0.0777473,
2514,1581.114722251892,-0.41168368,
2515,1581.7399227619171,-0.93537635,
2516,1582.3648512363434,-0.6910323,
2517,1582.98992562294,-0.17548753,
2518,1583.6159286499023,-0.14905035,
2519,1584.2413046360016,-0.13662726,
2520,1584.83030128479,-0.12947896,
2521,1585.5793976783752,-0.10884814,
2522,1586.2069618701935,-0.21320745,
2523,1586.8304603099823,-0.46966323,
2524,1587.4569509029388,-0.3725071,
2525,1588.0820481777191,-0.08059017,
2526,1588.7063443660736,-0.46154898,
2527,1589.3338377475739,-0.26709434,
2528,1589.9594776630402,-0.34726462,
2529,1590.585432767868,-0.04624489,
2530,1591.2111189365387,-0.011536097,
2531,1591.8362979888916,-0.03464289,
2532,1592.4616661071777,-0.31245404,
2533,1593.086986064911,-0.09217193,
2534,1593.712209224701,-0.08758143,
2535,1594.338410615921,-0.49381942,
2536,1594.9633231163025,-0.0074580754,
2537,1595.5894062519073,-0.3632994,
2538,1596.2138967514038,-0.19263914,
2539,1596.839858531952,-0.15992853,
2540,1597.4638948440552,-0.53548706,
2541,1598.0502681732178,-0.105268195,
2542,1598.7766528129578,-0.75548613,
2543,1599.4025340080261,-0.18336998,
2544,1600.0266814231873,-0.4388294,
2545,1600.6528697013855,-0.08948361,
2546,1601.2771801948547,-0.070280045,
2547,1601.9021394252777,-0.27088267,
2548,1602.5288343429565,-0.0537176,
2549,1603.1542925834656,-0.09386968,
2550,1603.7797195911407,-0.38255855,
2551,1604.4043109416962,-0.0,
2552,1605.0304882526398,-0.1328162,
2553,1605.656697511673,-0.03376742,
2554,1606.2822058200836,-0.7982196,
2555,1606.9070858955383,-0.039349407,
2556,1607.5328075885773,-0.5255258,
2557,1608.1565454006195,-0.48165005,
2558,1608.7826223373413,-0.27935007,
2559,1609.4066479206085,-0.23121521,
2560,1610.0328388214111,-0.09509324,
2561,1610.656750679016,-1.951323e-06,
2562,1611.2432608604431,-0.5601927,
2563,1611.9725351333618,-0.20728043,
2564,1612.5981068611145,-0.735839,
2565,1613.222121477127,-0.57861406,
2566,1613.8475892543793,-0.000489235,
2567,1614.4738278388977,-0.04040528,
2568,1615.0996797084808,-0.025934763,
2569,1615.7247638702393,-0.16981897,
2570,1616.3495891094208,-0.82558787,
2571,1616.9741327762604,-0.26136726,
2572,1617.5987088680267,-0.032016337,
2573,1618.223598241806,-0.14978999,
2574,1618.8479146957397,-0.1760905,
2575,1619.472071647644,-0.074942514,
2576,1620.0965781211853,-0.12238191,
2577,1620.721818447113,-0.4123795,
2578,1621.3469808101654,-0.46174923,
2579,1621.9709076881409,-0.6755642,
2580,1622.5969619750977,-0.10757132,
2581,1623.2216958999634,-0.19016351,
2582,1623.8481771945953,-0.1800386,
2583,1624.432450056076,-0.2176874,
2584,1625.1925299167633,-0.12792988,
2585,1625.8214795589447,-0.2478634,
2586,1626.4438586235046,-0.28347695,
2587,1627.0705382823944,-0.5347839,
2588,1627.694812297821,-0.16490264,
2589,1628.3197770118713,-0.21671912,
2590,1628.9469599723816,-0.24912715,
2591,1629.5711438655853,-0.06420845,
2592,1630.1958820819855,-0.12126388,
2593,1630.8218355178833,-0.44303203,
2594,1631.4477019309998,-0.08562778,
2595,1632.072253227234,-0.75586194,
2596,1632.6972525119781,-0.3185564,
2597,1633.3204624652863,-0.24779022,
2598,1633.9452362060547,-0.012801889,
2599,1634.5691576004028,-0.5948682,
2600,1635.1940586566925,-1.01024814e-10,
2601,1635.8190410137177,-2.1889015e-08,
2602,1636.4439108371735,-0.21950747,
2603,1637.0683588981628,-5.849486e-07,
2604,1637.655471086502,-0.28791937,
2605,1638.3862245082855,-0.23088527,
2606,1639.0116786956787,-0.5263725,
2607,1639.6355702877045,-0.5698861,
2608,1640.2625920772552,-0.12525572,
2609,1640.885998249054,-0.41591376,
2610,1641.5110223293304,-0.11498666,
2611,1642.1360549926758,-0.42154643,
2612,1642.760521888733,-0.44332698,
2613,1643.3858876228333,-0.59969616,
2614,1644.0102908611298,-0.06039869,
2615,1644.6368672847748,-0.07095471,
2616,1645.2607197761536,-0.10418045,
2617,1645.8861310482025,-0.012696822,
2618,1646.5134360790253,-0.020048413,
2619,1647.1373484134674,-0.024889838,
2620,1647.7632019519806,-0.30264816,
2621,1648.387567281723,-0.4897882,
2622,1649.01291680336,-0.43972766,
2623,1649.6381816864014,-0.09269249,
2624,1650.261234998703,-0.17560275,
2625,1650.8474287986755,-0.09703986,
2626,1651.5807709693909,-0.08912498,
2627,1652.208664894104,-0.15615286,
2628,1652.8310041427612,-0.17703302,
2629,1653.4580314159393,-0.09348965,
2630,1654.0820479393005,-0.33266014,
2631,1654.7077207565308,-0.025992256,
2632,1655.3325595855713,-0.31620604,
2633,1655.9574677944183,-0.20700565,
2634,1656.583294391632,-4.4652464e-09,
2635,1657.2105531692505,-0.008975227,
2636,1657.835509300232,-0.1870279,
2637,1658.4599027633667,-0.23838572,
2638,1659.0847537517548,-0.0,
2639,1659.7097585201263,-0.49508813,
2640,1660.334801197052,-0.26217467,
2641,1660.9601016044617,-0.0037337109,
2642,1661.585156917572,-0.14318042,
2643,1662.2103481292725,-0.6799446,
2644,1662.834541797638,-3.229116e-07,
2645,1663.4595012664795,-0.3166872,
2646,1664.0446214675903,-0.23260336,
2647,1664.789297580719,-0.11410047,
2648,1665.415391921997,-0.09210956,
2649,1666.0384259223938,-0.44392115,
2650,1666.6654000282288,-0.12707007,
2651,1667.28932762146,-0.09240008,
2652,1667.914585351944,-0.10896607,
2653,1668.5395939350128,-0.18215507,
2654,1669.1638481616974,-0.24153456,
2655,1669.7897646427155,-0.019485379,
2656,1670.4135210514069,-0.09063203,
2657,1671.038786649704,-0.24565093,
2658,1671.6636290550232,-0.108290136,
2659,1672.2870359420776,-0.19222072,
2660,1672.9130101203918,-0.27043343,
2661,1673.5370321273804,-0.4390175,
2662,1674.1622235774994,-0.3974581,
2663,1674.7872560024261,-0.00875613,
2664,1675.4114971160889,-0.49825352,
2665,1676.034919977188,-0.8462485,
2666,1676.6604511737823,-0.22903693,
2667,1677.2460095882416,-0.26789635,
2668,1677.9832606315613,-0.020022303,
2669,1678.6083028316498,-0.008242241,
2670,1679.2311534881592,-0.1783734,
2671,1679.8571841716766,-0.50498843,
2672,1680.4817023277283,-0.7169008,
2673,1681.106217622757,-0.42381823,
2674,1681.7314989566803,-0.45823446,
2675,1682.3558979034424,-0.0090204235,
2676,1682.981285572052,-0.023929412,
2677,1683.6056733131409,-0.12427355,
2678,1684.2297241687775,-0.9603987,
2679,1684.8544063568115,-0.32733226,
2680,1685.479629278183,-0.6692326,
2681,1686.1041009426117,-0.05157996,
2682,1686.7293183803558,-0.29757693,
2683,1687.3539516925812,-0.31520933,
2684,1687.9788980484009,-0.023366215,
2685,1688.604742527008,-0.087294355,
2686,1689.2301938533783,-0.17984846,
2687,1689.8551046848297,-0.46256903,
2688,1690.4409093856812,-0.80144364,
2689,1691.1728661060333,-0.22232172,
2690,1691.7986977100372,-0.36888292,
2691,1692.4209384918213,-0.05376443,
2692,1693.0476405620575,-0.07391883,
2693,1693.672631263733,-0.08851166,
2694,1694.2971370220184,-0.121759385,
2695,1694.9219751358032,-0.24971578,
2696,1695.5468211174011,-0.28278032,
2697,1696.1715252399445,-0.28580415,
2698,1696.7970612049103,-0.25292698,
2699,1697.421452999115,-0.43094224,
2700,1698.0458092689514,-0.6638621,
2701,1698.6711883544922,-0.02858947,
2702,1699.2963449954987,-3.1489265e-08,
2703,1699.9203832149506,-0.00831426,
2704,1700.54510140419,-0.34424,
2705,1701.171168088913,-0.44074076,
2706,1701.7974088191986,-0.23958513,
2707,1702.4230015277863,-0.06166793,
2708,1703.0467596054077,-0.34756017,
2709,1703.6327688694,-0.6055074,
2710,1704.367273569107,-0.11601164,
2711,1704.994760274887,-0.1609905,
2712,1705.617115497589,-0.12412105,
2713,1706.2439715862274,-0.044703867,
2714,1706.8670547008514,-0.5709039,
2715,1707.4928948879242,-0.08947866,
2716,1708.1171758174896,-0.2750737,
2717,1708.7415916919708,-0.095285416,
2718,1709.3667001724243,-0.20812377,
2719,1709.9915208816528,-0.18486007,
2720,1710.6168913841248,-0.057715066,
2721,1711.2399141788483,-0.07808147,
2722,1711.865343093872,-0.32918212,
2723,1712.4902651309967,-0.3531255,
2724,1713.1157829761505,-0.20649485,
2725,1713.739868402481,-0.030934779,
2726,1714.3647999763489,-0.20486116,
2727,1714.988700389862,-0.00490913,
2728,1715.6128988265991,-0.1571715,
2729,1716.23877120018,-2.7710695e-07,
2730,1716.823974609375,-0.011903472,
2731,1717.6015739440918,-0.3936785,
2732,1718.228853225708,-0.5711515,
2733,1718.8506140708923,-0.31151745,
2734,1719.4763662815094,-0.45822796,
2735,1720.1008729934692,-0.1172759,
2736,1720.7248840332031,-0.05579116,
2737,1721.350148677826,-0.36727813,
2738,1721.9744675159454,-0.3462335,
2739,1722.5977149009705,-0.5001115,
2740,1723.223222732544,-0.017030269,
2741,1723.8483028411865,-0.0007035489,
2742,1724.472774028778,-0.26327974,
2743,1725.0973098278046,-0.12347052,
2744,1725.7208557128906,-0.4588586,
2745,1726.3450889587402,-0.1204909,
2746,1726.9699518680573,-0.3613732,
2747,1727.594497680664,-2.0204963e-10,
2748,1728.2192678451538,-0.384331,
2749,1728.8440806865692,-0.32170302,
2750,1729.468374490738,-0.41796288,
2751,1730.0540099143982,-0.114504136,
2752,1730.7960133552551,-0.2565179,
2753,1731.422022819519,-7.9388684e-07,
2754,1732.0453159809113,-0.25693578,
2755,1732.6713314056396,-0.4817654,
2756,1733.2955293655396,-0.29978043,
2757,1733.92040681839,-0.0014579005,
2758,1734.5458030700684,-0.42149588,
2759,1735.1706619262695,-0.7053721,
2760,1735.7955944538116,-0.23518279,
2761,1736.4202163219452,-0.02310507,
2762,1737.045155286789,-0.27000237,
2763,1737.669757604599,-0.04795911,
2764,1738.2948088645935,-0.008964301,
2765,1738.9208872318268,-0.00034397407,
2766,1739.545180797577,-0.22817445,
2767,1740.1708006858826,-0.5035648,
2768,1740.7947144508362,-0.090202264,
2769,1741.419971704483,-0.10198106,
2770,1742.0452682971954,-0.6559662,
2771,1742.671223640442,-0.1880898,
2772,1743.2579355239868,-0.10713596,
2773,1743.987394809723,-0.4335956,
2774,1744.6149175167084,-0.3879152,
2775,1745.2381422519684,-0.4107256,
2776,1745.8653330802917,-0.0676825,
2777,1746.48925614357,-0.15155642,
2778,1747.1141707897186,-0.008159632,
2779,1747.739933013916,-1.4069066,
2780,1748.3657920360565,-0.12854876,
2781,1748.991098165512,-0.10944322,
2782,1749.6151003837585,-0.04422431,
2783,1750.2404832839966,-0.7374982,
2784,1750.8647513389587,-0.09838938,
2785,1751.4888789653778,-0.8886376,
2786,1752.1136348247528,-0.17562361,
2787,1752.7396531105042,-0.111553684,
2788,1753.3643820285797,-0.3489179,
2789,1753.9896731376648,-0.23020892,
2790,1754.6157422065735,-0.26731172,
2791,1755.2396717071533,-0.5094488,
2792,1755.864671945572,-0.041499324,
2793,1756.4511692523956,-0.34155965,
2794,1757.1813533306122,-0.4673605,
2795,1757.8088066577911,-0.009192699,
2796,1758.430139541626,-0.015040696,
2797,1759.0580542087555,-0.036276903,
2798,1759.681358575821,-0.47522056,
2799,1760.3061137199402,-0.2544074,
2800,1760.9318647384644,-0.25323954,
2801,1761.5577974319458,-0.17948502,
2802,1762.184585094452,-0.2878491,
2803,1762.808117389679,-0.19487824,
2804,1763.4323434829712,-7.865327e-08,
2805,1764.0578787326813,-0.2819622,
2806,1764.682475566864,-0.17648336,
2807,1765.3066761493683,-0.40874872,
2808,1765.931714296341,-0.26335362,
2809,1766.5557227134705,-0.40887788,
2810,1767.1824243068695,-0.2692645,
2811,1767.806482553482,-0.2282562,
2812,1768.4320197105408,-0.108358696,
2813,1769.056978225708,-0.20066407,
2814,1769.6426610946655,-0.29911044,
2815,1770.3772723674774,-0.15462784,
2816,1771.004789352417,-0.2989229,
2817,1771.6279067993164,-0.18682277,
2818,1772.255916595459,-0.21080436,
2819,1772.879019498825,-0.087326005,
2820,1773.5035605430603,-0.3415076,
2821,1774.129156589508,-0.05727045,
2822,1774.7529323101044,-0.022880998,
2823,1775.3783738613129,-0.34747154,
2824,1776.0016305446625,-0.25607106,
2825,1776.6263391971588,-0.0188071,
2826,1777.2525744438171,-0.31618333,
2827,1777.8781280517578,-0.13148063,
2828,1778.5038707256317,-0.5852291,
2829,1779.1295561790466,-0.18960619,
2830,1779.7541179656982,-0.34167513,
2831,1780.3798117637634,-0.046952687,
2832,1781.005261182785,-0.26947862,
2833,1781.6301131248474,-0.14520346,
2834,1782.255375623703,-0.23811083,
2835,1782.841659784317,-0.22083761,
2836,1783.5746891498566,-0.2990306,
2837,1784.2020869255066,-0.19761011,
2838,1784.8288831710815,-0.23580185,
2839,1785.4569385051727,-0.0008734256,
2840,1786.0818510055542,-0.22554345,
2841,1786.706918001175,-0.0067211827,
2842,1787.3309009075165,-0.09528517,
2843,1787.957213640213,-0.017390046,
2844,1788.5820062160492,-0.25720906,
2845,1789.2092463970184,-0.0053328583,
2846,1789.8342700004578,-0.17186771,
2847,1790.4585502147675,-0.4428271,
2848,1791.0832982063293,-0.042046316,
2849,1791.7082269191742,-0.5542396,
2850,1792.334670305252,-0.31438434,
2851,1792.9587461948395,-0.6121438,
2852,1793.5842549800873,-2.8494313e-07,
2853,1794.208519935608,-0.6218047,
2854,1794.8360168933868,-0.090930395,
2855,1795.4608585834503,-0.18139222,
2856,1796.0471711158752,-0.96884435,
2857,1796.8009390830994,-9.35805e-08,
2858,1797.429316997528,-0.24299173,
2859,1798.0505738258362,-0.09679966,
2860,1798.6778967380524,-0.5541047,
2861,1799.3019461631775,-0.29120737,
2862,1799.9289813041687,-0.00014840043,
2863,1800.5550391674042,-0.08363559,
2864,1801.1792464256287,-0.4859467,
2865,1801.8042180538177,-0.707219,
2866,1802.4304916858673,-0.025121983,
2867,1803.0544245243073,-0.11046366,
2868,1803.680298089981,-0.6086408,
2869,1804.3035945892334,-0.028769365,
2870,1804.9297604560852,-0.14597747,
2871,1805.5534660816193,-0.37891835,
2872,1806.1788940429688,-0.30372262,
2873,1806.8030190467834,-0.37003875,
2874,1807.4277005195618,-0.54099375,
2875,1808.0512182712555,-0.26530102,
2876,1808.675136089325,-0.4125852,
2877,1809.2603266239166,-0.9383872,
2878,1809.9845538139343,-0.0556222,
2879,1810.6105227470398,-0.034654416,
2880,1811.2330377101898,-0.34040517,
2881,1811.860239982605,-0.18131912,
2882,1812.4872415065765,-0.44629368,
2883,1813.1130146980286,-0.31165978,
2884,1813.7384753227234,-0.61188793,
2885,1814.361976146698,-0.44372338,
2886,1814.9896597862244,-2.8808415e-08,
2887,1815.6137676239014,-0.24725579,
2888,1816.2404325008392,-0.37322104,
2889,1816.865237236023,-0.22998828,
2890,1817.4894547462463,-0.6922297,
2891,1818.1149020195007,-0.5771481,
2892,1818.7396531105042,-0.06960883,
2893,1819.3663454055786,-0.0051589254,
2894,1819.9913187026978,-0.0,
2895,1820.6176800727844,-0.0994274,
2896,1821.242329120636,-0.47396868,
2897,1821.8672366142273,-0.4553534,
2898,1822.4529752731323,-0.2044253,
2899,1823.1829092502594,-0.25801802,
2900,1823.8100800514221,-0.45117706,
2901,1824.4327974319458,-0.21690765,
2902,1825.0611488819122,-0.1190293,
2903,1825.6851987838745,-3.053187e-05,
2904,1826.312005996704,-0.8128538,
2905,1826.9367878437042,-0.20143862,
2906,1827.562109708786,-0.412239,
2907,1828.1888327598572,-0.17079146,
2908,1828.8143846988678,-0.1654059,
2909,1829.4393129348755,-0.059389453,
2910,1830.0652723312378,-0.8699541,
2911,1830.6909794807434,-0.26135495,
2912,1831.3159663677216,-0.1376472,
2913,1831.9425320625305,-0.36849165,
2914,1832.5686585903168,-0.4286645,
2915,1833.1951441764832,-0.00094261364,
2916,1833.8221323490143,-0.31073672,
2917,1834.447948217392,-0.19623129,
2918,1835.074767589569,-0.013352249,
2919,1835.659916639328,-0.5399639,
2920,1836.3799216747284,-0.2325861,
2921,1837.0070235729218,-0.15991625,
2922,1837.6298196315765,-5.8241317e-06,
2923,1838.255940437317,-0.38351744,
2924,1838.878837108612,-0.42131108,
2925,1839.5035936832428,-0.3703431,
2926,1840.12784409523,-0.4929828,
2927,1840.7519001960754,-0.061572723,
2928,1841.3774688243866,-2.4855048e-05,
2929,1842.0010011196136,-0.42448875,
2930,1842.62646150589,-0.12943275,
2931,1843.251297712326,-0.40417385,
2932,1843.8753411769867,-0.43635675,
2933,1844.5003371238708,-0.22196263,
2934,1845.1254160404205,-0.28216916,
2935,1845.7508299350739,-0.47721338,
2936,1846.3754901885986,-0.15837085,
2937,1846.9999115467072,-0.24521145,
2938,1847.6259055137634,-0.103467405,
2939,1848.2498335838318,-0.28820652,
2940,1848.8358113765717,-0.3451798,
2941,1849.580510854721,-0.07184755,
2942,1850.208767414093,-0.22211583,
2943,1850.83234000206,-0.06131213,
2944,1851.4606335163116,-0.2563973,
2945,1852.0837802886963,-0.6052153,
2946,1852.7090225219727,-0.027730087,
2947,1853.3333394527435,-0.077639274,
2948,1853.9568207263947,-0.0,
2949,1854.582299232483,-0.2617699,
2950,1855.2063341140747,-0.10971241,
2951,1855.8305299282074,-0.24606946,
2952,1856.4550621509552,-0.0046411925,
2953,1857.0790276527405,-0.096710116,
2954,1857.703540802002,-0.14043334,
2955,1858.3284418582916,-0.26404363,
2956,1858.9525530338287,-0.47185057,
2957,1859.5783908367157,-0.17372207,
2958,1860.202842950821,-0.14731686,
2959,1860.8284208774567,-0.01893135,
2960,1861.4535009860992,-0.46737307,
2961,1862.0395302772522,-0.35176992,
2962,1862.7814128398895,-0.13442089,
2963,1863.4079036712646,-0.07789438,
2964,1864.030618429184,-0.012963682,
2965,1864.6566560268402,-0.103140675,
2966,1865.281016111374,-0.6947962,
2967,1865.9060227870941,-0.14156511,
2968,1866.531833410263,-0.6053445,
2969,1867.1560862064362,-0.13092259,
2970,1867.7813875675201,-0.12434085,
2971,1868.405971288681,-0.07127069,
2972,1869.0298793315887,-0.026949741,
2973,1869.655586719513,-0.2916846,
2974,1870.2817027568817,-0.28686798,
2975,1870.9050381183624,-0.05987913,
2976,1871.5306737422943,-0.54045814,
2977,1872.1548018455505,-0.40633,
2978,1872.7785413265228,-0.014978177,
2979,1873.4038970470428,-0.14623725,
2980,1874.0272979736328,-0.35751957,
2981,1874.652305841446,-0.31219688,
2982,1875.2378499507904,-1.3402627e-07,
2983,1875.9737951755524,-0.2572517,
2984,1876.6033630371094,-0.0011376953,
2985,1877.2264404296875,-0.32190746,
2986,1877.852213859558,-0.470671,
2987,1878.4763751029968,-0.16703871,
2988,1879.1016945838928,-0.19939828,
2989,1879.7283709049225,-0.46824294,
2990,1880.352591753006,-0.039315812,
2991,1880.978749513626,-0.01894785,
2992,1881.6034679412842,-0.205478,
2993,1882.2271835803986,-0.00019557195,
2994,1882.8518829345703,-0.6648125,
2995,1883.4759995937347,-0.18306409,
2996,1884.1013569831848,-0.007928242,
2997,1884.7254846096039,-0.2426531,
2998,1885.3502752780914,-0.13129857,
2999,1885.974445104599,-0.57481706,
3000,1886.599526643753,-0.0020318914,
3001,1887.224136352539,-0.25339004,
3002,1887.8480124473572,-0.00012945778,
3003,1888.4339962005615,-0.032687,
3004,1889.1663239002228,-0.2012094,
3005,1889.793382883072,-0.08133494,
3006,1890.4161319732666,-0.03869664,
3007,1891.0426890850067,-4.8775526e-08,
3008,1891.6681957244873,-0.40797082,
3009,1892.2956094741821,-0.5739678,
3010,1892.9229972362518,-0.14671388,
3011,1893.54745554924,-0.34958023,
3012,1894.1728079319,-0.13456428,
3013,1894.7959513664246,-0.13724245,
3014,1895.4200072288513,-0.14840612,
3015,1896.0449929237366,-0.7037908,
3016,1896.6702408790588,-0.014030269,
3017,1897.2954261302948,-0.081863865,
3018,1897.9201335906982,-0.6010721,
3019,1898.5435450077057,-0.7661227,
3020,1899.1680648326874,-0.16900642,
3021,1899.7933135032654,-1.2229142e-08,
3022,1900.416923046112,-0.41635165,
3023,1901.0411882400513,-0.0936522,
3024,1901.6274523735046,-0.17060792,
3025,1902.3446373939514,-0.117202654,
3026,1902.972059249878,-0.39548373,
3027,1903.5934987068176,-0.058452103,
3028,1904.2206275463104,-0.54977536,
3029,1904.843339920044,-0.53705734,
3030,1905.4691631793976,-0.007182432,
3031,1906.0930893421173,-3.0965166e-06,
3032,1906.7178943157196,-0.045475185,
3033,1907.342190504074,-0.23068401,
3034,1907.9678480625153,-0.34354725,
3035,1908.5916125774384,-0.28192794,
3036,1909.215436220169,-0.2353419,
3037,1909.8395223617554,-0.45810503,
3038,1910.463936328888,-0.07949796,
3039,1911.0890550613403,-0.17139147,
3040,1911.7137832641602,-0.03346415,
3041,1912.3392233848572,-0.16090031,
3042,1912.9635026454926,-0.24920788,
3043,1913.5884308815002,-0.043374754,
3044,1914.212978363037,-0.2589255,
3045,1914.7983195781708,-0.36610866,
3046,1915.5221645832062,-0.47872728,
3047,1916.1490588188171,-3.6570334e-08,
3048,1916.7723681926727,-0.102816746,
3049,1917.3987863063812,-2.7411868e-05,
3050,1918.0225749015808,-0.9165869,
3051,1918.6504390239716,-9.852007e-11,
3052,1919.2759628295898,-0.080846466,
3053,1919.9026980400085,-0.38873288,
3054,1920.5275585651398,-0.03699372,
3055,1921.1526427268982,-0.0,
3056,1921.7765061855316,-0.0006585055,
3057,1922.401706457138,-0.33749205,
3058,1923.0263290405273,-0.48399878,
3059,1923.6507918834686,-4.441489e-05,
3060,1924.275029182434,-0.17261848,
3061,1924.8993928432465,-0.059698276,
3062,1925.524496793747,-0.0048428467,
3063,1926.1488103866577,-0.34411415,
3064,1926.7736167907715,-0.09353209,
3065,1927.3975718021393,-0.0,
3066,1927.9820981025696,-0.09638516,
3067,1928.7236711978912,-0.28403264,
3068,1929.3515138626099,-0.11781486,
3069,1929.9739356040955,-0.18607683,
3070,1930.6008548736572,-0.20800912,
3071,1931.2239010334015,-0.3588314,
3072,1931.8493580818176,-0.3547092,
3073,1932.473520040512,-0.37594104,
3074,1933.099375963211,-0.16501288,
3075,1933.7242665290833,-0.18856625,
3076,1934.350482225418,-0.2539175,
3077,1934.9745707511902,-0.25692433,
3078,1935.59969997406,-0.27098683,
3079,1936.223908662796,-0.72682476,
3080,1936.8484954833984,-0.32094342,
3081,1937.4725530147552,-1.0860969,
3082,1938.0979290008545,-0.1160829,
3083,1938.721863269806,-3.1177628e-06,
3084,1939.347384929657,-0.046632633,
3085,1939.970632314682,-0.7499819,
3086,1940.5959038734436,-0.43734306,
3087,1941.1804378032684,-0.41467375,
3088,1941.8980658054352,-0.11197832,
3089,1942.525263786316,-0.66516745,
3090,1943.149262189865,-0.37949276,
3091,1943.7761912345886,-0.3870905,
3092,1944.4002451896667,-0.3352673,
3093,1945.0258393287659,-0.072151236,
3094,1945.6500713825226,-0.23998654,
3095,1946.2748453617096,-0.11324703,
3096,1946.8993825912476,-0.024053017,
3097,1947.5240383148193,-0.4817385,
3098,1948.1496782302856,-0.42923346,
3099,1948.7757210731506,-0.3998257,
3100,1949.400051355362,-0.08624128,
3101,1950.0253088474274,-0.104704976,
3102,1950.6499297618866,-0.5796733,
3103,1951.2750134468079,-0.14936244,
3104,1951.899780035019,-0.7540702,
3105,1952.525339126587,-0.0382144,
3106,1953.1503791809082,-0.095885165,
3107,1953.7757227420807,-0.23359284,
3108,1954.3633289337158,-4.092616e-06,
3109,1955.0880591869354,-0.6366441,
3110,1955.7146139144897,-0.09264289,
3111,1956.3369402885437,-0.2747019,
3112,1956.96395945549,-0.15021205,
3113,1957.587857246399,-0.09933431,
3114,1958.2136874198914,-0.025445199,
3115,1958.8421759605408,-0.18591942,
3116,1959.467031955719,-0.42614418,
3117,1960.0927770137787,-0.07978395,
3118,1960.7174348831177,-0.376912,
3119,1961.3430562019348,-0.0,
3120,1961.9676949977875,-0.0,
3121,1962.594294309616,-0.21445477,
3122,1963.2190794944763,-0.28268492,
3123,1963.8442471027374,-0.27682078,
3124,1964.4704258441925,-0.6481404,
3125,1965.0937831401825,-0.007703037,
3126,1965.719889163971,-0.2675408,
3127,1966.344068288803,-0.11243095,
3128,1966.969604730606,-0.111740865,
3129,1967.5547018051147,-0.20161572,
3130,1968.2949068546295,-0.0,
3131,1968.9228920936584,-0.078552715,
3132,1969.5444009304047,-0.15705287,
3133,1970.1719706058502,-0.37384725,
3134,1970.7961030006409,-0.3912584,
3135,1971.4199092388153,-0.034396406,
3136,1972.0456049442291,-2.073203e-09,
3137,1972.6701748371124,-0.58001935,
3138,1973.2960720062256,-0.19028544,
3139,1973.9202013015747,-0.38135916,
3140,1974.5457165241241,-0.031343687,
3141,1975.1708660125732,-0.5776861,
3142,1975.7959945201874,-0.0,
3143,1976.4215774536133,-0.0762371,
3144,1977.048014640808,-0.10048964,
3145,1977.671935081482,-1.5591571e-05,
3146,1978.2977643013,-0.016438404,
3147,1978.922720193863,-2.6347084e-06,
3148,1979.5495767593384,-0.1676535,
3149,1980.174109697342,-0.4168783,
3150,1980.7610206604004,-0.5907461,
3151,1981.499106168747,-0.17129546,
3152,1982.1272299289703,-0.03724151,
3153,1982.7502145767212,-0.09862603,
3154,1983.3773126602173,-0.25281328,
3155,1984.0026454925537,-0.3557642,
3156,1984.6296873092651,-0.051703583,
3157,1985.2549469470978,-0.0,
3158,1985.8800301551819,-0.16375571,
3159,1986.5066633224487,-0.7012108,
3160,1987.133628129959,-0.14632003,
3161,1987.758383512497,-0.002451534,
3162,1988.384910583496,-0.73350555,
3163,1989.0100009441376,-0.20760494,
3164,1989.6355929374695,-0.52205443,
3165,1990.2609612941742,-0.07631561,
3166,1990.8869111537933,-0.046495084,
3167,1991.51362490654,-1.01888276e-10,
3168,1992.1380834579468,-1.8676295e-05,
3169,1992.7646210193634,-0.1746653,
3170,1993.3890974521637,-0.29672956,
3171,1993.9771535396576,-4.1670422e-08,
3172,1994.7212538719177,-0.11897409,
3173,1995.348494052887,-0.26183772,
3174,1995.971120595932,-0.36072665,
3175,1996.5991504192352,-0.005244874,
3176,1997.223476409912,-0.1586528,
3177,1997.8499081134796,-0.18949062,
3178,1998.4744248390198,-0.016613582,
3179,1999.1000583171844,-0.13440509,
3180,1999.7249131202698,-0.3994285,
3181,2000.350658416748,-0.24808545,
3182,2000.9752991199493,-0.027138138,
3183,2001.6014249324799,-0.003823238,
3184,2002.2262358665466,-0.25625592,
3185,2002.8525466918945,-0.15501614,
3186,2003.4787230491638,-0.1498884,
3187,2004.104255914688,-0.0018264628,
3188,2004.7353546619415,-0.43895495,
3189,2005.36057138443,-0.21094355,
3190,2005.9858105182648,-4.622645e-07,
3191,2006.6103854179382,-0.38114706,
3192,2007.1966643333435,-0.0420311,
3193,2007.9284002780914,-0.45266134,
3194,2008.5563156604767,-0.23197962,
3195,2009.1780123710632,-0.18760505,
3196,2009.8058981895447,-0.026202742,
3197,2010.4300594329834,-0.030639786,
3198,2011.0570843219757,-0.0,
3199,2011.6834139823914,-0.17863116,
3200,2012.3084614276886,-0.0,
3201,2012.9354574680328,-0.091143444,
3202,2013.5599434375763,-0.016958134,
3203,2014.185622215271,-0.32813007,
3204,2014.8100833892822,-0.27502018,
3205,2015.4359726905823,-0.09785317,
3206,2016.0613570213318,-0.24810375,
3207,2016.6851832866669,-0.29761156,
3208,2017.3117053508759,-1.2402311e-06,
3209,2017.9359350204468,-0.107985,
3210,2018.5620737075806,-0.027923062,
3211,2019.1859505176544,-0.22300906,
3212,2019.813025712967,-0.09631349,
3213,2020.4009866714478,-0.21239042,
3214,2021.1313831806183,-0.5513963,
3215,2021.760124206543,-0.13893527,
3216,2022.3836975097656,-0.003573998,
3217,2023.0104389190674,-0.31364226,
3218,2023.6343681812286,-0.02425468,
3219,2024.2609162330627,-0.07343266,
3220,2024.8874051570892,-0.13611743,
3221,2025.513545036316,-0.20404771,
3222,2026.1405899524689,-0.0032912772,
3223,2026.7657458782196,-0.022098007,
3224,2027.3939092159271,-0.25967562,
3225,2028.0184078216553,-0.36238578,
3226,2028.6423346996307,-0.22015259,
3227,2029.2686388492584,-0.1409764,
3228,2029.8938813209534,-0.26163146,
3229,2030.522024154663,-0.24427542,
3230,2031.1472787857056,-0.010472219,
3231,2031.7732195854187,-0.29158327,
3232,2032.3983926773071,-2.4089447e-06,
3233,2033.0233626365662,-0.76215076,
3234,2033.6101002693176,-3.823322e-06,
3235,2034.3324136734009,-0.11558856,
3236,2034.9603219032288,-0.09264263,
3237,2035.5828425884247,-0.08079475,
3238,2036.2112069129944,-0.46792072,
3239,2036.8356585502625,-0.09248704,
3240,2037.460188627243,-0.07424651,
3241,2038.0872838497162,-0.35751575,
3242,2038.7117083072662,-0.20389748,
3243,2039.3380479812622,-0.026537526,
3244,2039.9624421596527,-0.0,
3245,2040.589308977127,-0.42597216,
3246,2041.2149357795715,-0.24725871,
3247,2041.8406608104706,-0.24098016,
3248,2042.468423128128,-0.6565282,
3249,2043.0945103168488,-0.35996628,
3250,2043.7205846309662,-0.0,
3251,2044.3472950458527,-0.17263286,
3252,2044.9725427627563,-0.49471083,
3253,2045.5983548164368,-0.22894746,
3254,2046.2241547107697,-0.05762024,
3255,2046.81192278862,-0.0074525075,
3256,2047.535908460617,-0.08899479,
3257,2048.163032770157,-0.1471969,
3258,2048.7868864536285,-0.30280733,
3259,2049.414457321167,-0.00016945017,
3260,2050.0396292209625,-0.2769339,
3261,2050.667382478714,-0.17747095,
3262,2051.29376912117,-0.37982324,
3263,2051.9187746047974,-0.1276316,
3264,2052.5455350875854,-6.777044e-05,
3265,2053.170414686203,-0.18269916,
3266,2053.795883178711,-0.19987543,
3267,2054.4219963550568,-0.31082153,
3268,2055.0472826957703,-0.2811924,
3269,2055.673420190811,-0.18328583,
3270,2056.2995080947876,-2.0377652e-10,
3271,2056.924925327301,-0.049306646,
3272,2057.5508301258087,-0.44127196,
3273,2058.175588130951,-0.12567592,
3274,2058.8030586242676,-0.37978274,
3275,2059.4285428524017,-0.32709143,
3276,2060.0163810253143,-0.38841492,
3277,2060.743969678879,-0.11226378,
3278,2061.3716580867767,-0.03587351,
3279,2061.995125055313,-0.37887874,
3280,2062.623935699463,-0.2050956,
3281,2063.2487440109253,-0.1045039,
3282,2063.874076128006,-0.09085222,
3283,2064.500437259674,-0.45762253,
3284,2065.12530875206,-0.5971652,
3285,2065.7523498535156,-0.3174594,
3286,2066.3779118061066,-0.15891439,
3287,2067.0036313533783,-0.27440497,
3288,2067.629587650299,-0.03764518,
3289,2068.256155014038,-0.4351371,
3290,2068.881719350815,-0.15109846,
3291,2069.5086777210236,-0.43114415,
3292,2070.133460998535,-5.1650585e-07,
3293,2070.759181022644,-0.3325192,
3294,2071.38489317894,-0.2367359,
3295,2072.009992837906,-0.7057252,
3296,2072.6362929344177,-0.26748112,
3297,2073.2215645313263,-0.5020722,
3298,2073.9498636722565,-0.47377735,
3299,2074.5771548748016,-0.08200301,
3300,2075.1999576091766,-1.6482284e-06,
3301,2075.8267090320587,-0.119524986,
3302,2076.4523525238037,-0.22581032,
3303,2077.0779163837433,-0.47475,
3304,2077.704448699951,-0.35294938,
3305,2078.328690767288,-0.0,
3306,2078.9549038410187,-1.1523484e-08,
3307,2079.57946228981,-0.35586464,
3308,2080.2049312591553,-0.31192464,
3309,2080.8294682502747,-0.3712467,
3310,2081.4573922157288,-0.31287813,
3311,2082.0845127105713,-0.0373953,
3312,2082.7115771770477,-0.57771933,
3313,2083.337316274643,-0.17891487,
3314,2083.963899374008,-0.0053250315,
3315,2084.588137149811,-0.019672276,
3316,2085.214102745056,-0.04056664,
3317,2085.839477300644,-0.21836273,
3318,2086.425480365753,-0.0,
3319,2087.1659138202667,-0.50556993,
3320,2087.7934527397156,-0.0108497245,
3321,2088.417443752289,-0.027687773,
3322,2089.043620824814,-0.41098264,
3323,2089.6679317951202,-0.24659026,
3324,2090.2932608127594,-0.24924204,
3325,2090.919060945511,-0.044801593,
3326,2091.54421377182,-0.12849803,
3327,2092.1699550151825,-0.4563149,
3328,2092.7952506542206,-0.5061586,
3329,2093.420776605606,-0.65893984,
3330,2094.0458030700684,-0.22634773,
3331,2094.671840906143,-0.043462023,
3332,2095.2980542182922,-0.42119858,
3333,2095.9237637519836,-0.0036967124,
3334,2096.551276922226,-0.24637043,
3335,2097.176508665085,-0.33349603,
3336,2097.8025527000427,-0.042557016,
3337,2098.4287815093994,-0.1301511,
3338,2099.05370759964,-0.5111413,
3339,2099.640690088272,-0.022135142,
3340,2100.373528242111,-0.09943141,
3341,2101.0002796649933,-0.043172166,
3342,2101.6237618923187,-0.11697285,
3343,2102.2520077228546,-0.018845707,
3344,2102.8762080669403,-0.5687954,
3345,2103.501871109009,-0.13295025,
3346,2104.127893447876,-8.887051e-06,
3347,2104.751904964447,-0.09957738,
3348,2105.3781323432922,-0.24087086,
3349,2106.0030856132507,-0.07486349,
3350,2106.6294660568237,-0.23204549,
3351,2107.255925655365,-0.060675967,
3352,2107.8802087306976,-0.34834743,
3353,2108.5076360702515,-0.07711558,
3354,2109.131835460663,-0.06486262,
3355,2109.75745677948,-0.0025382233,
3356,2110.383873939514,-0.16395435,
3357,2111.007378101349,-0.018568117,
3358,2111.6332252025604,-0.22673565,
3359,2112.260044336319,-0.17212461,
3360,2112.8468585014343,-0.6799681,
3361,2113.564054250717,-0.0,
3362,2114.1910185813904,-3.984752e-06,
3363,2114.814858198166,-0.00013666949,
3364,2115.442292690277,-0.44670707,
3365,2116.0659568309784,-4.1774095e-09,
3366,2116.691176176071,-0.1289688,
3367,2117.3162677288055,-0.023945672,
3368,2117.941981315613,-0.25565875,
3369,2118.568197965622,-0.04438745,
3370,2119.193137407303,-0.005014264,
3371,2119.8187730312347,-0.3872496,
3372,2120.4440252780914,-0.39636943,
3373,2121.070775747299,-0.009685481,
3374,2121.696103811264,-0.45920175,
3375,2122.3215532302856,-0.52554333,
3376,2122.9471011161804,-0.2663856,
3377,2123.5716462135315,-1.3032256e-06,
3378,2124.1983001232147,-0.5612944,
3379,2124.822850704193,-0.416555,
3380,2125.448625087738,-0.14799687,
3381,2126.0348036289215,-0.025704885,
3382,2126.768466949463,-0.057852563,
3383,2127.395917892456,-0.14809692,
3384,2128.0197825431824,-0.110097066,
3385,2128.6458575725555,-1.2596944e-05,
3386,2129.2704317569733,-0.5573224,
3387,2129.896340370178,-0.5594423,
3388,2130.5220777988434,-0.5582919,
3389,2131.147534132004,-4.2736454e-05,
3390,2131.7754938602448,-0.103942536,
3391,2132.402060031891,-0.0,
3392,2133.029296398163,-0.48722228,
3393,2133.6555259227753,-0.11249179,
3394,2134.280998945236,-0.006734828,
3395,2134.9068048000336,-0.04761797,
3396,2135.5322132110596,-0.1681913,
3397,2136.1581025123596,-0.775374,
3398,2136.7825648784637,-0.36459702,
3399,2137.4077746868134,-2.004374e-08,
3400,2138.0328590869904,-0.1245931,
3401,2138.6578407287598,-0.57869667,
3402,2139.2440118789673,-0.06649258,
3403,2139.970703601837,-0.000880028,
3404,2140.597937822342,-0.011224528,
3405,2141.2209198474884,-0.04352868,
3406,2141.847457408905,-0.034565266,
3407,2142.4729108810425,-0.16358484,
3408,2143.0983035564423,-0.17494269,
3409,2143.724787712097,-1.1506246e-08,
3410,2144.350546360016,-0.28799015,
3411,2144.9768991470337,-0.32959485,
3412,2145.6023211479187,-0.0,
3413,2146.2288947105408,-0.0,
3414,2146.854241847992,-0.21065637,
3415,2147.4795985221863,-0.9404063,
3416,2148.104562520981,-0.106287025,
3417,2148.731177330017,-0.44251078,
3418,2149.3566403388977,-0.3857879,
3419,2149.9816842079163,-0.35819292,
3420,2150.606418132782,-0.099060975,
3421,2151.2327270507812,-0.401196,
3422,2151.857925415039,-0.0,
3423,2152.4440507888794,-0.0,
3424,2153.172019958496,-0.33353597,
3425,2153.799758195877,-0.00011283702,
3426,2154.4242765903473,-0.35188803,
3427,2155.050782442093,-0.3000489,
3428,2155.676027536392,-0.09885422,
3429,2156.3013710975647,-0.30971935,
3430,2156.9277226924896,-0.026670478,
3431,2157.552200317383,-0.082545914,
3432,2158.177836418152,-4.2376964e-06,
3433,2158.8023777008057,-0.48384538,
3434,2159.4279096126556,-0.33408666,
3435,2160.0529477596283,-0.59728134,
3436,2160.6791903972626,-0.15721533,
3437,2161.3042900562286,-0.63260084,
3438,2161.9299733638763,-0.7994115,
3439,2162.5550694465637,-0.027064247,
3440,2163.1811611652374,-0.005328136,
3441,2163.8078014850616,-0.15066028,
3442,2164.433188676834,-0.024251083,
3443,2165.0589396953583,-0.043745644,
3444,2165.645830154419,-0.11195813,
3445,2166.3768372535706,-0.08663184,
3446,2167.00395321846,-0.089166425,
3447,2167.628273963928,-0.0006647918,
3448,2168.2554121017456,-0.0021849785,
3449,2168.880437850952,-0.13618585,
3450,2169.5068230628967,-0.25622624,
3451,2170.1321811676025,-2.0732047e-10,
3452,2170.7576003074646,-0.2557231,
3453,2171.383520126343,-0.23176505,
3454,2172.009117603302,-1.0923843e-06,
3455,2172.6345689296722,-0.06736027,
3456,2173.259206533432,-0.21295789,
3457,2173.884640932083,-0.08133526,
3458,2174.510125398636,-0.07484761,
3459,2175.134135246277,-0.44438544,
3460,2175.7600512504578,-2.5915023e-09,
3461,2176.3854146003723,-0.87694323,
3462,2177.0115027427673,-0.3345063,
3463,2177.636340856552,-0.13777457,
3464,2178.2611129283905,-0.0012867361,
3465,2178.8474168777466,-0.18060635,
3466,2179.5766990184784,-0.5595398,
3467,2180.2043845653534,-0.22740968,
3468,2180.8279359340668,-0.11494619,
3469,2181.454005241394,-0.12967312,
3470,2182.078764438629,-0.072884284,
3471,2182.70369720459,-0.0034177683,
3472,2183.3295714855194,-0.32197744,
3473,2183.954131126404,-0.110200465,
3474,2184.5812649726868,-0.08299693,
3475,2185.20547413826,-4.9260024e-10,
3476,2185.8313171863556,-0.23825043,
3477,2186.4563760757446,-0.2735846,
3478,2187.083221912384,-0.19092003,
3479,2187.708913564682,-0.029966438,
3480,2188.334195137024,-0.0,
3481,2188.9618833065033,-0.05118854,
3482,2189.587816953659,-0.16973902,
3483,2190.2131350040436,-0.063037075,
3484,2190.839277744293,-1.01024814e-10,
3485,2191.4649980068207,-0.00067357725,
3486,2192.0505921840668,-0.005907737,
3487,2192.788544178009,-0.13671516,
3488,2193.4155299663544,-0.35571268,
3489,2194.038318157196,-0.04918049,
3490,2194.6665382385254,-0.06872008,
3491,2195.290365934372,-0.009839589,
3492,2195.9162316322327,-0.32996756,
3493,2196.5419232845306,-1.045562,
3494,2197.167156934738,-0.0,
3495,2197.792293548584,-0.4382587,
3496,2198.4184007644653,-0.0,
3497,2199.042903661728,-0.00011132685,
3498,2199.669603586197,-0.32511544,
3499,2200.294545650482,-0.18265897,
3500,2200.9196932315826,-0.28816327,
3501,2201.5457570552826,-0.20260075,
3502,2202.17031788826,-0.2943561,
3503,2202.796195745468,-0.42125803,
3504,2203.423096895218,-0.037862785,
3505,2204.0475783348083,-0.55183744,
3506,2204.674457550049,-0.31970978,
3507,2205.2593224048615,-0.14103559,
3508,2206.0064125061035,-0.076259226,
3509,2206.633193254471,-0.07722683,
3510,2207.2568719387054,-0.06603604,
3511,2207.884003639221,-8.5255545e-09,
3512,2208.5084142684937,-0.0835468,
3513,2209.1364386081696,-0.1564362,
3514,2209.762897014618,-0.6509918,
3515,2210.3880591392517,-0.0,
3516,2211.0144078731537,-0.17897831,
3517,2211.6396231651306,-0.13109066,
3518,2212.2649483680725,-2.5915023e-09,
3519,2212.8910233974457,-0.0,
3520,2213.516937971115,-0.04716173,
3521,2214.143217086792,-0.39609173,
3522,2214.7691934108734,-0.6665617,
3523,2215.394643306732,-0.007152027,
3524,2216.0197851657867,-0.1309458,
3525,2216.646367788315,-0.15870926,
3526,2217.2728996276855,-0.55660564,
3527,2217.898478746414,-0.37901288,
3528,2218.4859597682953,-0.058419853,
3529,2219.2353394031525,-0.23225051,
3530,2219.862691640854,-0.32739073,
3531,2220.4874551296234,-0.5484583,
3532,2221.114917039871,-0.47342047,
3533,2221.7399883270264,-0.054619707,
3534,2222.3676450252533,-0.21786547,
3535,2222.992791414261,-0.1871973,
3536,2223.6186933517456,-0.26539066,
3537,2224.2453122138977,-0.4745092,
3538,2224.8736097812653,-0.21898755,
3539,2225.5015947818756,-0.3563275,
3540,2226.1285099983215,-0.0033934223,
3541,2226.7565047740936,-0.5720176,
3542,2227.385158061981,-4.5849604e-09,
3543,2228.012977361679,-0.46799883,
3544,2228.640108346939,-0.5332382,
3545,2229.2659680843353,-0.033537645,
3546,2229.8934836387634,-0.39784032,
3547,2230.5193164348602,-0.2218587,
3548,2231.147225379944,-0.0,
3549,2231.732932806015,-0.30086994,
3550,2232.4718749523163,-0.2879315,
3551,2233.0991995334625,-0.97182864,
3552,2233.7233803272247,-0.43219534,
3553,2234.3509986400604,-0.9739954,
3554,2234.97545838356,-0.05139681,
3555,2235.6017117500305,-0.32023883,
3556,2236.2271659374237,-0.08689216,
3557,2236.853361606598,-0.034282003,
3558,2237.479855298996,-0.19954589,
3559,2238.1067900657654,-1.4624405e-07,
3560,2238.731714963913,-0.1929507,
3561,2239.357255220413,-0.24814367,
3562,2239.982497215271,-0.4568166,
3563,2240.6079823970795,-0.062069617,
3564,2241.233427286148,-0.015176202,
3565,2241.8585591316223,-0.15639412,
3566,2242.484312057495,-0.20680824,
3567,2243.1097989082336,-0.12207042,
3568,2243.7348980903625,-0.044737183,
3569,2244.3602018356323,-0.09999341,
3570,2244.9465386867523,-0.09154934,
3571,2245.68776345253,-0.17593141,
3572,2246.314493894577,-0.18858536,
3573,2246.938581228256,-0.18786876,
3574,2247.565479040146,-0.56717473,
3575,2248.190758705139,-0.0036172494,
3576,2248.8149750232697,-0.1746215,
3577,2249.4420680999756,-0.0,
3578,2250.0663800239563,-0.0,
3579,2250.692360162735,-0.11386539,
3580,2251.3178350925446,-0.2630981,
3581,2251.9437263011932,-0.42717323,
3582,2252.571204662323,-0.7653203,
3583,2253.1975247859955,-0.055149782,
3584,2253.8227796554565,-0.14324284,
3585,2254.450240135193,-0.11210112,
3586,2255.0759558677673,-0.7216284,
3587,2255.702274084091,-0.0,
3588,2256.328808069229,-0.12930831,
3589,2256.9604239463806,-0.00068691245,
3590,2257.5870337486267,-0.04177358,
3591,2258.174520969391,-0.012667807,
3592,2258.910191297531,-0.0,
3593,2259.538997411728,-0.032776628,
3594,2260.1630566120148,-0.06930437,
3595,2260.790288209915,-0.20441853,
3596,2261.4166164398193,-0.14093918,
3597,2262.041510105133,-0.3594657,
3598,2262.667541027069,-0.20018631,
3599,2263.2931582927704,-0.23539692,
3600,2263.922064304352,-0.29979712,
3601,2264.547142267227,-0.3098402,
3602,2265.173493862152,-0.12785402,
3603,2265.798325061798,-0.39513144,
3604,2266.4254007339478,-0.043774273,
3605,2267.050709962845,-0.3358661,
3606,2267.6759831905365,-0.07617637,
3607,2268.302025079727,-1.1231252,
3608,2268.9264783859253,-0.5136345,
3609,2269.55215549469,-0.8908052,
3610,2270.1782047748566,-0.22617096,
3611,2270.8039553165436,-0.007545025,
3612,2271.3906168937683,-0.027276635,
3613,2272.1219985485077,-0.04806642,
3614,2272.7491450309753,-0.53918153,
3615,2273.3734109401703,-0.1622216,
3616,2274.0010266304016,-0.33966452,
3617,2274.6259944438934,-0.2715067,
3618,2275.2512142658234,-0.0,
3619,2275.8782501220703,-0.2612012,
3620,2276.505023241043,-0.02641761,
3621,2277.132835626602,-0.17372464,
3622,2277.7583911418915,-0.33157596,
3623,2278.384689807892,-0.09287153,
3624,2279.0102310180664,-3.4769303e-09,
3625,2279.6349008083344,-0.0,
3626,2280.2605636119843,-0.19198129,
3627,2280.8859012126923,-0.6376402,
3628,2281.5118865966797,-2.2427212e-08,
3629,2282.1376943588257,-0.4165638,
3630,2282.7625312805176,-0.058320336,
3631,2283.390106678009,-0.484608,
3632,2284.013795852661,-0.045170587,
3633,2284.6009542942047,-0.5030684,
3634,2285.3353173732758,-0.29196042,
3635,2285.9635195732117,-0.32585815,
3636,2286.589474916458,-0.37562013,
3637,2287.2164645195007,-0.54554033,
3638,2287.8419144153595,-1.01888276e-10,
3639,2288.468437194824,-0.02078583,
3640,2289.0958302021027,-1.01024814e-10,
3641,2289.720377445221,-0.20589915,
3642,2290.346620082855,-0.1314261,
3643,2290.971989631653,-0.30953142,
3644,2291.5973567962646,-0.2914277,
3645,2292.222296476364,-0.016490664,
3646,2292.8474328517914,-0.2786299,
3647,2293.4739582538605,-0.1560112,
3648,2294.0980157852173,-0.075373456,
3649,2294.7252390384674,-0.15006293,
3650,2295.349723339081,-0.0,
3651,2295.975918531418,-0.5131295,
3652,2296.600373029709,-0.6007108,
3653,2297.226674556732,-0.26266426,
3654,2297.8129947185516,-0.3264426,
3655,2298.5393476486206,-0.08789589,
3656,2299.1680884361267,-0.3074379,
3657,2299.790610074997,-0.2931663,
3658,2300.417726278305,-0.04734144,
3659,2301.042659521103,-0.36562097,
3660,2301.6695051193237,-0.1148435,
3661,2302.2953028678894,-0.5557329,
3662,2302.920186281204,-7.193661e-10,
3663,2303.5454409122467,-1.9868211e-10,
3664,2304.1701641082764,-0.18301035,
3665,2304.794870376587,-0.27664447,
3666,2305.421168088913,-0.04583174,
3667,2306.046274662018,-0.31421596,
3668,2306.6721065044403,-0.00837654,
3669,2307.2967751026154,-0.2521561,
3670,2307.922818660736,-0.004372488,
3671,2308.547104358673,-0.17965963,
3672,2309.1725673675537,-0.18678567,
3673,2309.7968487739563,-0.7036886,
3674,2310.422085762024,-0.0019525897,
3675,2311.0083577632904,-0.2688891,
3676,2311.748775243759,-0.09605632,
3677,2312.3753232955933,-0.5345849,
3678,2312.998781442642,-0.06043137,
3679,2313.625190973282,-0.10788528,
3680,2314.24911737442,-0.6488305,
3681,2314.8755972385406,-0.4419459,
3682,2315.5019845962524,-0.09898714,
3683,2316.127787590027,-0.17330591,
3684,2316.753936290741,-0.3440768,
3685,2317.3809633255005,-0.011470754,
3686,2318.005253791809,-0.01647841,
3687,2318.632031917572,-0.0,
3688,2319.257557153702,-0.5339877,
3689,2319.8829188346863,-0.008779037,
3690,2320.5095114707947,-0.08616601,
3691,2321.1351952552795,-0.32143554,
3692,2321.7616007328033,-0.05633644,
3693,2322.3871171474457,-0.13431233,
3694,2323.0126678943634,-0.023012597,
3695,2323.639859676361,-0.027522897,
3696,2324.226275205612,-0.23659961,
3697,2324.95819067955,-0.08860432,
3698,2325.5859863758087,-0.53314555,
3699,2326.209886789322,-0.03471666,
3700,2326.838216781616,-0.16769907,
3701,2327.462634086609,-0.40557522,
3702,2328.088212490082,-0.017273227,
3703,2328.7153453826904,-0.6042034,
3704,2329.340897798538,-0.45751992,
3705,2329.9659831523895,-0.0,
3706,2330.5938351154327,-0.22099802,
3707,2331.220981359482,-0.06082555,
3708,2331.8482794761658,-0.19768356,
3709,2332.4767723083496,-0.19522448,
3710,2333.101329088211,-0.098598465,
3711,2333.7270905971527,-0.05620134,
3712,2334.353143930435,-0.039842937,
3713,2334.977198600769,-0.16615248,
3714,2335.6031427383423,-0.45892036,
3715,2336.2285912036896,-0.11485841,
3716,2336.8535487651825,-0.13184321,
3717,2337.440568447113,-0.0,
3718,2338.1992580890656,-0.047582168,
3719,2338.826223373413,-0.080573246,
3720,2339.450920820236,-0.08991832,
3721,2340.0781469345093,-0.22003639,
3722,2340.702776193619,-0.4465422,
3723,2341.328513622284,-0.13646741,
3724,2341.9538621902466,-0.056259,
3725,2342.5810413360596,-0.050616294,
3726,2343.2061393260956,-0.60718423,
3727,2343.8323731422424,-0.1456478,
3728,2344.458715200424,-0.22242443,
3729,2345.085068464279,-0.07097358,
3730,2345.7099900245667,-0.0,
3731,2346.3358840942383,-0.08262747,
3732,2346.961401939392,-0.16735157,
3733,2347.587785720825,-0.19862244,
3734,2348.2117557525635,-0.004152687,
3735,2348.838164329529,-0.078606956,
3736,2349.462480068207,-0.6286893,
3737,2350.0879423618317,-0.6399139,
3738,2350.675117254257,-0.3207211,
3739,2351.461005926132,-0.023200277,
3740,2352.0885858535767,-0.21377878,
3741,2352.7121341228485,-3.0212163e-05,
3742,2353.340497970581,-0.40940955,
3743,2353.9648973941803,-0.15278964,
3744,2354.590512037277,-0.09717623,
3745,2355.217254638672,-0.00059701724,
3746,2355.8433730602264,-0.0,
3747,2356.469343185425,-0.1701809,
3748,2357.093724012375,-0.023632152,
3749,2357.7194328308105,-0.18185684,
3750,2358.3451244831085,-0.094438225,
3751,2358.9697680473328,-0.7505106,
3752,2359.5958030223846,-0.5856484,
3753,2360.2205317020416,-0.19924445,
3754,2360.8475704193115,-0.47813255,
3755,2361.47159743309,-0.16535804,
3756,2362.0981106758118,-0.2552724,
3757,2362.72452044487,-1.10109895e-07,
3758,2363.349502801895,-0.069506064,
3759,2363.936183691025,-0.5141695,
3760,2364.676875591278,-0.14475405,
3761,2365.305596590042,-0.3510704,
3762,2365.929485321045,-0.14461643,
3763,2366.556449174881,-0.4358198,
3764,2367.182064771652,-0.16113886,
3765,2367.808230638504,-0.030852307,
3766,2368.4336569309235,-0.8703659,
3767,2369.0586771965027,-0.03197584,
3768,2369.6849071979523,-0.003613803,
3769,2370.3101007938385,-0.20736647,
3770,2370.9360229969025,-0.32818487,
3771,2371.562896490097,-0.23300606,
3772,2372.18789768219,-0.20496647,
3773,2372.8138875961304,-0.11987354,
3774,2373.4402363300323,-0.034760755,
3775,2374.0647637844086,-0.027535785,
3776,2374.69238948822,-0.16838509,
3777,2375.317908525467,-0.47554898,
3778,2375.944806575775,-0.036226608,
3779,2376.571666240692,-0.049825225,
3780,2377.155930995941,-0.088504225,
3781,2377.8915190696716,-0.13879994,
3782,2378.518625020981,-0.21389687,
3783,2379.1415152549744,-0.30891368,
3784,2379.768757581711,-0.09858835,
3785,2380.392526626587,-0.24810049,
3786,2381.017783641815,-0.021571731,
3787,2381.6438043117523,-0.37638202,
3788,2382.268391609192,-0.0,
3789,2382.8931007385254,-0.22179863,
3790,2383.5185277462006,-0.28991854,
3791,2384.1449949741364,-0.29755887,
3792,2384.7691209316254,-0.3172644,
3793,2385.3983302116394,-0.09582457,
3794,2386.025516986847,-0.060879588,
3795,2386.6515703201294,-0.16035569,
3796,2387.27983379364,-0.09280884,
3797,2387.905511856079,-0.11455359,
3798,2388.534830093384,-0.21288677,
3799,2389.1629033088684,-0.03025327,
3800,2389.788917541504,-0.30406085,
3801,2390.3764901161194,-0.058594503,
3802,2391.114803791046,-0.13397364,
3803,2391.741635084152,-0.07872042,
3804,2392.364012002945,-0.15912482,
3805,2392.991849422455,-0.41535068,
3806,2393.6160655021667,-0.39032826,
3807,2394.2410111427307,-0.60298586,
3808,2394.8666920661926,-0.48889172,
3809,2395.4945838451385,-0.0021536534,
3810,2396.120360851288,-0.0,
3811,2396.7449300289154,-0.5849186,
3812,2397.3701751232147,-0.24486911,
3813,2397.9954335689545,-0.0,
3814,2398.6199011802673,-0.49095392,
3815,2399.244035959244,-0.6942646,
3816,2399.869202375412,-0.06732072,
3817,2400.493716478348,-0.4727041,
3818,2401.1192224025726,-0.42685625,
3819,2401.7439663410187,-0.2491934,
3820,2402.3682701587677,-2.0204963e-10,
3821,2402.99364733696,-0.36435077,
3822,2403.5792422294617,-0.04624758,
3823,2404.3084149360657,-0.11109005,
3824,2404.935333251953,-0.31797326,
3825,2405.5585899353027,-0.22268073,
3826,2406.185005903244,-0.14159936,
3827,2406.8091537952423,-0.029146116,
3828,2407.4341855049133,-8.0819823e-10,
3829,2408.059778690338,-0.0,
3830,2408.6835644245148,-0.056076325,
3831,2409.3093600273132,-0.5626453,
3832,2409.9337956905365,-0.067850515,
3833,2410.559984445572,-0.022715477,
3834,2411.185043811798,-0.64584136,
3835,2411.8100731372833,-0.22163641,
3836,2412.4368200302124,-0.14631222,
3837,2413.0604135990143,-0.26627916,
3838,2413.6862268447876,-0.04592088,
3839,2414.310404777527,-0.006412248,
3840,2414.9354116916656,-0.05157149,
3841,2415.55979013443,-0.09680365,
3842,2416.1842749118805,-5.9604627e-10,
3843,2416.7695786952972,-0.1436126,
3844,2417.506860733032,-0.093279436,
3845,2418.1334269046783,-0.13821372,
3846,2418.7557549476624,-0.22112958,
3847,2419.3831355571747,-0.23168214,
3848,2420.006916999817,-0.4704646,
3849,2420.6355764865875,-0.008751219,
3850,2421.261435508728,-0.20329466,
3851,2421.8879113197327,-0.0,
3852,2422.5150904655457,-0.05337355,
3853,2423.140443086624,-0.011113207,
3854,2423.766050338745,-0.21261834,
3855,2424.3906495571136,-0.23962978,
3856,2425.015433073044,-0.6762163,
3857,2425.64053440094,-0.50190365,
3858,2426.265475988388,-0.09389474,
3859,2426.892421245575,-0.03216699,
3860,2427.516933441162,-0.15614656,
3861,2428.1426227092743,-0.014183042,
3862,2428.7669818401337,-0.7379615,
3863,2429.393199443817,-0.12968338,
3864,2429.9806740283966,-0.0,
3865,2430.719551086426,-0.0,
3866,2431.3510336875916,-0.034977037,
3867,2431.975888490677,-1.0028416,
3868,2432.6025965213776,-0.2537629,
3869,2433.2265708446503,-0.35567054,
3870,2433.850811481476,-0.17272764,
3871,2434.476457118988,-0.06029603,
3872,2435.101913690567,-0.040246017,
3873,2435.7269184589386,-0.0,
3874,2436.351378917694,-0.059168458,
3875,2436.9759759902954,-0.02511226,
3876,2437.6017417907715,-0.25302494,
3877,2438.2259776592255,-0.27231082,
3878,2438.85040807724,-0.39519063,
3879,2439.4759600162506,-1.1106187,
3880,2440.1012239456177,-0.028795565,
3881,2440.725881576538,-0.0,
3882,2441.3499841690063,-0.7638106,
3883,2441.9768645763397,-0.043891996,
3884,2442.600294828415,-0.20718753,
3885,2443.1876368522644,-0.08952924,
3886,2443.9208977222443,-1.0259752e-08,
3887,2444.5475249290466,-0.026619125,
3888,2445.1699182987213,-0.032993264,
3889,2445.796802520752,-0.015629517,
3890,2446.4227266311646,-1.2213314,
3891,2447.047191619873,-0.0,
3892,2447.672233581543,-0.28961357,
3893,2448.2969193458557,-0.253764,
3894,2448.9215342998505,-0.4762562,
3895,2449.5455815792084,-0.7100888,
3896,2450.171954870224,-0.44218177,
3897,2450.7979028224945,-0.3990563,
3898,2451.4220967292786,-0.27700973,
3899,2452.0471200942993,-0.074908584,
3900,2452.6713502407074,-0.1662314,
3901,2453.2969148159027,-0.13767417,
3902,2453.921906232834,-0.09275262,
3903,2454.5461885929108,-0.02721557,
3904,2455.1728477478027,-0.10406406,
3905,2455.796903371811,-0.09953943,
3906,2456.384560108185,-0.0,
3907,2457.1190922260284,-0.27357644,
3908,2457.7465438842773,-0.0,
3909,2458.368185520172,-0.012127234,
3910,2458.9964554309845,-0.00021819888,
3911,2459.6189506053925,-0.04287595,
3912,2460.2435488700867,-0.22839083,
3913,2460.868026971817,-0.004752732,
3914,2461.494252204895,-0.2822329,
3915,2462.1205790042877,-0.06878598,
3916,2462.7445662021637,-0.0,
3917,2463.370316505432,-0.06694903,
3918,2463.9947860240936,-0.2191199,
3919,2464.6201088428497,-0.2904274,
3920,2465.245231151581,-0.20055322,
3921,2465.8703038692474,-0.0,
3922,2466.4998626708984,-0.086071454,
3923,2467.1275746822357,-0.017650513,
3924,2467.7540543079376,-0.21501559,
3925,2468.3797001838684,-0.22792073,
3926,2469.005763530731,-0.13961591,
3927,2469.5928304195404,-0.06624609,
3928,2470.3399283885956,-5.7258127e-08,
3929,2470.967589855194,-0.006018713,
3930,2471.592167377472,-0.17276599,
3931,2472.219475746155,-0.35629207,
3932,2472.843466758728,-0.06826444,
3933,2473.4688808918,-0.65142745,
3934,2474.0936517715454,-0.09367913,
3935,2474.7180185317993,-0.2870205,
3936,2475.3423619270325,-0.29895008,
3937,2475.967752933502,-0.13925101,
3938,2476.5916752815247,-0.0,
3939,2477.217796087265,-0.05618292,
3940,2477.8426768779755,-0.0,
3941,2478.4672799110413,-0.28031996,
3942,2479.0916061401367,-2.0732047e-10,
3943,2479.7161495685577,-0.14012164,
3944,2480.340897321701,-0.17885941,
3945,2480.9666743278503,-0.22452304,
3946,2481.5909357070923,-0.003703989,
3947,2482.21617603302,-0.2978574,
3948,2482.80068898201,-0.038977414,
3949,2483.5471584796906,-0.09989749,
3950,2484.176670074463,-0.022152249,
3951,2484.7990429401398,-0.011564357,
3952,2485.426673412323,-0.081134565,
3953,2486.0506784915924,-0.26163608,
3954,2486.67737698555,-0.024224032,
3955,2487.302925825119,-0.07619494,
3956,2487.9273285865784,-0.21517383,
3957,2488.552382707596,-0.20034596,
3958,2489.176761865616,-0.6959477,
3959,2489.8024163246155,-0.005806732,
3960,2490.4275109767914,-0.42291984,
3961,2491.054014444351,-0.06406991,
3962,2491.6790862083435,-0.023431992,
3963,2492.3052649497986,-0.0709494,
3964,2492.929925441742,-0.035718925,
3965,2493.554466485977,-0.027166236,
3966,2494.179867744446,-0.086842716,
3967,2494.8042228221893,-0.0,
3968,2495.429677963257,-0.29748744,
3969,2496.0158910751343,-0.35046068,
3970,2496.7456731796265,-0.5137023,
3971,2497.370988368988,-6.981945e-05,
3972,2497.9942700862885,-0.21542506,
3973,2498.6208877563477,-0.17012495,
3974,2499.2457251548767,-0.7382631,
3975,2499.8699672222137,-0.0,
3976,2500.4958987236023,-0.0041613476,
3977,2501.121423482895,-0.06807355,
3978,2501.7467539310455,-0.40266427,
3979,2502.3713943958282,-0.1305782,
3980,2502.9968535900116,-0.38950813,
3981,2503.621158838272,-0.016407933,
3982,2504.2462689876556,-0.496255,
3983,2504.8705973625183,-0.22423013,
3984,2505.4960372447968,-0.31650436,
3985,2506.120817899704,-0.013403393,
3986,2506.7454907894135,-0.090868056,
3987,2507.3689181804657,-0.03416004,
3988,2507.9938583374023,-0.05630704,
3989,2508.6185309886932,-0.020132136,
3990,2509.2051355838776,-0.1749507,
3991,2509.9218657016754,-0.5105583,
3992,2510.5480489730835,-0.30312288,
3993,2511.1706252098083,-0.42846057,
3994,2511.797551870346,-0.18315211,
3995,2512.421895980835,-0.08285785,
3996,2513.04633641243,-0.08410573,
3997,2513.671996831894,-0.13614681,
3998,2514.2969348430634,-0.27680516,
3999,2514.9229929447174,-0.21084133,
4000,2515.546656370163,-0.117065474,
4001,2516.172089099884,-0.275159,
4002,2516.7963724136353,-0.096314125,
4003,2517.4215230941772,-0.18135032,
4004,2518.0456771850586,-0.01692233,
4005,2518.671039581299,-0.13822523,
4006,2519.296306371689,-0.80327,
4007,2519.9207231998444,-0.0,
4008,2520.545720100403,-0.12423627,
4009,2521.1702506542206,-0.0014267944,
4010,2521.7956116199493,-0.0,
4011,2522.3822119235992,-0.09405548,
4012,2523.105110645294,-0.016423691,
4013,2523.732316017151,-0.1394174,
4014,2524.3566081523895,-0.021647263,
4015,2524.9831578731537,-0.486297,
4016,2525.6074464321136,-0.29996383,
4017,2526.2323491573334,-0.07639441,
4018,2526.859235048294,-0.2733538,
4019,2527.4840772151947,-0.10356757,
4020,2528.1161320209503,-0.19276917,
4021,2528.7414779663086,-0.09505085,
4022,2529.367888689041,-0.014271738,
4023,2529.993282556534,-1.1334414e-07,
4024,2530.6180000305176,-0.06922407,
4025,2531.242439031601,-2.0071763e-08,
4026,2531.867129802704,-0.0,
4027,2532.4924080371857,-0.053159848,
4028,2533.116967201233,-0.24770555,
4029,2533.740209341049,-0.02538701,
4030,2534.364981174469,-0.41280705,
4031,2534.9898631572723,-0.44581366,
4032,2535.5764467716217,-0.23189668,
4033,2536.3024134635925,-0.010963771,
4034,2536.9291808605194,-0.5276858,
4035,2537.5513944625854,-0.73320633,
4036,2538.1773433685303,-0.37514365,
4037,2538.8009061813354,-0.04385175,
4038,2539.425915002823,-0.083046615,
4039,2540.050213098526,-0.0,
4040,2540.67675280571,-0.6057203,
4041,2541.3009803295135,-0.0,
4042,2541.92583155632,-0.22644518,
4043,2542.5510227680206,-0.40153885,
4044,2543.1766772270203,-0.018423723,
4045,2543.8018901348114,-0.0,
4046,2544.426901102066,-0.16785574,
4047,2545.054326057434,-0.25333542,
4048,2545.678266763687,-0.20739281,
4049,2546.302565574646,-0.34406292,
4050,2546.9264063835144,-0.35281858,
4051,2547.5512371063232,-0.15451075,
4052,2548.1758177280426,-0.619948,
4053,2548.761494398117,-9.446801e-08,
4054,2549.487756252289,-0.21271911,
4055,2550.114691257477,-0.1892627,
4056,2550.737147808075,-0.0001743264,
4057,2551.363845348358,-0.1055624,
4058,2551.9873740673065,-0.0,
4059,2552.616929769516,-0.26056415,
4060,2553.2424778938293,-3.7351134e-07,
4061,2553.8669350147247,-0.010853259,
4062,2554.4942665100098,-0.17857705,
4063,2555.117422580719,-0.0,
4064,2555.7445011138916,-1.3840288e-08,
4065,2556.3675351142883,-0.025906617,
4066,2556.992712020874,-0.0,
4067,2557.617680311203,-0.20713457,
4068,2558.2426459789276,-0.08274024,
4069,2558.867618560791,-0.1580139,
4070,2559.4909222126007,-0.015151795,
4071,2560.1162109375,-0.0,
4072,2560.7419888973236,-0.04990578,
4073,2561.367054462433,-0.59034085,
4074,2561.9518342018127,-0.44077045,
4075,2562.6911244392395,-0.0008997208,
4076,2563.3175251483917,-0.94059616,
4077,2563.9399557113647,-0.19020517,
4078,2564.5670030117035,-0.2981495,
4079,2565.19003367424,-0.14675924,
4080,2565.8148863315582,-0.23935983,
4081,2566.441283941269,-0.19607249,
4082,2567.064387321472,-0.07613089,
4083,2567.6900556087494,-0.02244317,
4084,2568.3140308856964,-0.0,
4085,2568.939438343048,-0.011535151,
4086,2569.564797401428,-0.14129,
4087,2570.190500974655,-0.14137459,
4088,2570.8166835308075,-0.052717857,
4089,2571.4416065216064,-0.097350195,
4090,2572.06640625,-0.35740942,
4091,2572.6933069229126,-0.6773321,
4092,2573.318486213684,-0.19182062,
4093,2573.9442398548126,-0.024644133,
4094,2574.569764137268,-0.06700696,
4095,2575.1552410125732,-0.0,
4096,2575.885150194168,-0.16541952,
4097,2576.510763168335,-0.1537433,
4098,2577.135114431381,-0.25559834,
4099,2577.7615160942078,-6.9538725e-10,
4100,2578.3857469558716,-0.36069962,
4101,2579.011605501175,-0.0,
4102,2579.637912273407,-0.7923354,
4103,2580.262383699417,-0.24299449,
4104,2580.887633085251,-0.108720146,
4105,2581.5137968063354,-0.51363295,
4106,2582.1383826732635,-0.09072869,
4107,2582.763904809952,-0.3042394,
4108,2583.388744354248,-0.018093303,
4109,2584.0149891376495,-0.23843622,
4110,2584.6396453380585,-0.52288544,
4111,2585.263653755188,-0.13834748,
4112,2585.8884387016296,-5.662422e-09,
4113,2586.5146946907043,-0.016617818,
4114,2587.141494989395,-0.07254497,
4115,2587.7648689746857,-0.0,
4116,2588.3511662483215,-0.16214284,
4117,2589.0833373069763,-0.12940675,
4118,2589.7108187675476,-0.6318544,
4119,2590.332434654236,-0.0758862,
4120,2590.960104703903,-0.30941728,
4121,2591.5834925174713,-0.28309837,
4122,2592.208472251892,-0.053598065,
4123,2592.832359790802,-0.41964942,
4124,2593.4569523334503,-0.18179788,
4125,2594.0819177627563,-0.0,
4126,2594.7071385383606,-0.0,
4127,2595.332288503647,-0.14031467,
4128,2595.958587884903,-0.748989,
4129,2596.582827568054,-0.013928617,
4130,2597.207944393158,-0.13343783,
4131,2597.8326494693756,-0.035224665,
4132,2598.4570956230164,-0.7236656,
4133,2599.0813434123993,-0.00963114,
4134,2599.7071857452393,-0.11641751,
4135,2600.331037044525,-0.2526406,
4136,2600.9574389457703,-0.029961104,
4137,2601.5424435138702,-0.19538802,
4138,2602.278977394104,-0.29501015,
4139,2602.9046132564545,-0.68021786,
4140,2603.5279381275177,-0.08925782,
4141,2604.1558680534363,-0.042932432,
4142,2604.7788207530975,-0.021417424,
4143,2605.404192686081,-0.0,
4144,2606.028835296631,-0.0,
4145,2606.6534264087677,-0.37735412,
4146,2607.2783300876617,-0.037284654,
4147,2607.902199745178,-0.75819916,
4148,2608.5275909900665,-0.041781437,
4149,2609.1532385349274,-0.16490766,
4150,2609.7765119075775,-0.07270264,
4151,2610.4012203216553,-0.06444284,
4152,2611.0262520313263,-0.19895005,
4153,2611.650077819824,-0.5778164,
4154,2612.2747123241425,-0.031137574,
4155,2612.8994743824005,-0.24564508,
4156,2613.525028705597,-0.5582082,
4157,2614.1497118473053,-0.03713071,
4158,2614.7354323863983,-0.39693058,
4159,2615.488434076309,-0.06884651,
4160,2616.1145515441895,-0.062379107,
4161,2616.7368421554565,-0.012821426,
4162,2617.363005876541,-0.07691735,
4163,2617.9872872829437,-0.27626795,
4164,2618.6117701530457,-0.0,
4165,2619.2399594783783,-0.13627714,
4166,2619.863248348236,-2.6441344e-06,
4167,2620.489133834839,-0.1756241,
4168,2621.1131908893585,-0.7587799,
4169,2621.737875699997,-0.09757058,
4170,2622.363329410553,-0.3331832,
4171,2622.987818956375,-0.728861,
4172,2623.61186504364,-0.037364326,
4173,2624.236313343048,-0.0064887377,
4174,2624.861332178116,-0.47121856,
4175,2625.4852867126465,-0.0,
4176,2626.1102583408356,-0.44077992,
4177,2626.7340428829193,-0.22680528,
4178,2627.3591499328613,-0.0,
4179,2627.944043636322,-0.32138497,
4180,2628.6730449199677,-0.84592223,
4181,2629.300360918045,-0.2241343,
4182,2629.9212522506714,-0.12782674,
4183,2630.549612045288,-0.13238163,
4184,2631.1738839149475,-0.011261841,
4185,2631.799688577652,-0.08761616,
4186,2632.4252195358276,-0.5160633,
4187,2633.049553871155,-0.038613293,
4188,2633.675722837448,-1.0188822e-09,
4189,2634.3013231754303,-0.0,
4190,2634.9298102855682,-2.6032974e-05,
4191,2635.560170173645,-0.6512791,
4192,2636.1845321655273,-0.08958831,
4193,2636.8089003562927,-0.20103852,
4194,2637.433353662491,-0.22245887,
4195,2638.057343482971,-0.12709498,
4196,2638.6821258068085,-0.00043419335,
4197,2639.3071613311768,-0.23938462,
4198,2639.9317166805267,-0.0,
4199,2640.5555489063263,-0.007618421,
4200,2641.140894651413,-0.13414718,
4201,2641.8791949748993,-0.079366006,
4202,2642.506008386612,-6.5772485e-07,
4203,2643.1279590129852,-0.24100526,
4204,2643.7547879219055,-0.015146973,
4205,2644.378587245941,-0.015059614,
4206,2645.004430294037,-0.03466311,
4207,2645.6292209625244,-0.09307058,
4208,2646.2545025348663,-0.0,
4209,2646.8796710968018,-0.58773005,
4210,2647.5037879943848,-0.6309962,
4211,2648.1281554698944,-0.25809887,
4212,2648.75256896019,-0.39017925,
4213,2649.376663208008,-0.2347559,
4214,2650.0008974075317,-0.41738528,
4215,2650.6247787475586,-0.11388995,
4216,2651.249457359314,-0.45201963,
4217,2651.873470067978,-0.053958453,
4218,2652.4980652332306,-0.039537385,
4219,2653.1217999458313,-0.0,
4220,2653.7459025382996,-0.08913171,
4221,2654.3314135074615,-0.1295971,
4222,2655.0647916793823,-0.0,
4223,2655.6912009716034,-0.3827535,
4224,2656.3126492500305,-0.010448037,
4225,2656.94070148468,-0.18303639,
4226,2657.5636744499207,-0.5037492,
4227,2658.189150571823,-0.12194891,
4228,2658.8139855861664,-0.0,
4229,2659.4375071525574,-0.07163508,
4230,2660.0629472732544,-0.5316609,
4231,2660.687071800232,-0.0,
4232,2661.3108625411987,-0.03392569,
4233,2661.93630027771,-0.15394579,
4234,2662.559331178665,-0.13498515,
4235,2663.184365272522,-8.085462e-09,
4236,2663.808174133301,-0.28736836,
4237,2664.432379245758,-0.6889656,
4238,2665.056348323822,-0.07948981,
4239,2665.6801731586456,-0.06803322,
4240,2666.306128025055,-0.0,
4241,2666.9294497966766,-0.04331792,
4242,2667.515622138977,-0.0,
4243,2668.289548397064,-2.168734e-05,
4244,2668.916454553604,-0.32872182,
4245,2669.538295507431,-0.098652996,
4246,2670.163780927658,-0.06212443,
4247,2670.788370370865,-0.24377403,
4248,2671.412474632263,-0.03277042,
4249,2672.0367093086243,-0.32307205,
4250,2672.6606543064117,-0.65285116,
4251,2673.285879611969,-0.15711138,
4252,2673.9103446006775,-0.006282172,
4253,2674.534206390381,-0.364744,
4254,2675.1597805023193,-0.1298389,
4255,2675.7848465442657,-0.47208416,
4256,2676.409679174423,-2.725434e-08,
4257,2677.034816980362,-0.0,
4258,2677.658751964569,-0.17124395,
4259,2678.284270763397,-0.0,
4260,2678.908602952957,-0.15488394,
4261,2679.5328617095947,-0.30198127,
4262,2680.158063173294,-0.38154382,
4263,2680.743947505951,-0.0,
4264,2681.4837441444397,-0.1754514,
4265,2682.109361886978,-0.16249423,
4266,2682.7324793338776,-0.31515735,
4267,2683.3580524921417,-1.4702368e-08,
4268,2683.983171224594,-0.0,
4269,2684.607892036438,-0.06600498,
4270,2685.2316982746124,-0.28930178,
4271,2685.856343984604,-0.10249807,
4272,2686.480917930603,-0.32060656,
4273,2687.1054010391235,-0.28210482,
4274,2687.7303817272186,-0.7823037,
4275,2688.3557617664337,-0.9654846,
4276,2688.9793860912323,-0.522553,
4277,2689.6040976047516,-0.23488726,
4278,2690.229389667511,-0.08205225,
4279,2690.8546903133392,-0.34367985,
4280,2691.480896949768,-0.09440872,
4281,2692.1052074432373,-0.5555564,
4282,2692.728047609329,-0.19536188,
4283,2693.352608203888,-0.024751231,
4284,2693.937674999237,-0.19945334,
4285,2694.6765954494476,-0.5665883,
4286,2695.302115917206,-0.0184555,
4287,2695.9263598918915,-0.10447205,
4288,2696.5515599250793,-0.044644903,
4289,2697.1758658885956,-0.27673492,
4290,2697.8006711006165,-0.0,
4291,2698.426255941391,-0.14019804,
4292,2699.0508029460907,-0.18321481,
4293,2699.676374912262,-0.13949908,
4294,2700.299909353256,-0.48490655,
4295,2700.9271874427795,-0.14436261,
4296,2701.5504310131073,-0.23355444,
4297,2702.1757612228394,-0.049151205,
4298,2702.798792362213,-0.07206774,
4299,2703.4229686260223,-0.065451466,
4300,2704.0472888946533,-0.04556147,
4301,2704.6717126369476,-0.0005431764,
4302,2705.296935558319,-0.041910745,
4303,2705.921145915985,-0.28319964,
4304,2706.5461642742157,-0.06713503,
4305,2707.130236387253,-0.11471159,
4306,2707.8664677143097,-0.040174138,
4307,2708.4932775497437,-0.14098148,
4308,2709.1155586242676,-0.019417781,
4309,2709.7422795295715,-2.3841826e-09,
4310,2710.3666849136353,-0.31207138,
4311,2710.991901397705,-0.04378164,
4312,2711.616445541382,-0.16111168,
4313,2712.2409234046936,-0.6704946,
4314,2712.8645508289337,-0.3202701,
4315,2713.490217924118,-0.069717355,
4316,2714.114454984665,-0.0,
4317,2714.7374606132507,-0.34325135,
4318,2715.3623983860016,-0.23952428,
4319,2715.9865725040436,-0.001307561,
4320,2716.61243391037,-0.096905336,
4321,2717.2373542785645,-0.27473938,
4322,2717.8604357242584,-2.5472031e-09,
4323,2718.4855740070343,-0.37379768,
4324,2719.110280752182,-0.09423272,
4325,2719.734901189804,-0.9281697,
4326,2720.3199803829193,-0.040764656,
4327,2721.0462486743927,-0.047451764,
4328,2721.6738703250885,-0.10518994,
4329,2722.2954585552216,-0.04650187,
4330,2722.921599149704,-0.08155729,
4331,2723.5449397563934,-0.0,
4332,2724.170406103134,-0.0,
4333,2724.796864748001,-0.4357796,
4334,2725.419461965561,-0.31113884,
4335,2726.046075820923,-0.15877028,
4336,2726.6689376831055,-0.0,
4337,2727.2939960956573,-0.0,
4338,2727.9188430309296,-0.043722466,
4339,2728.5429298877716,-0.034810342,
4340,2729.1675736904144,-0.16665985,
4341,2729.7917835712433,-0.11009043,
4342,2730.4164385795593,-0.013812533,
4343,2731.0415875911713,-0.014566842,
4344,2731.666772842407,-0.0,
4345,2732.2912085056305,-3.5188674e-05,
4346,2732.914502620697,-0.0,
4347,2733.501229763031,-0.02676436,
4348,2734.244031906128,-0.0,
4349,2734.8705003261566,-1.4447517e-05,
4350,2735.4932487010956,-0.09094437,
4351,2736.1189935207367,-9.735386e-09,
4352,2736.7438056468964,-0.11376852,
4353,2737.368054628372,-0.0,
4354,2737.9936213493347,-0.022867423,
4355,2738.6184916496277,-0.06016014,
4356,2739.2433230876923,-0.0,
4357,2739.8686394691467,-0.08310893,
4358,2740.492141723633,-0.22069915,
4359,2741.116831302643,-0.20350565,
4360,2741.742513656616,-0.3653461,
4361,2742.3662185668945,-0.28172985,
4362,2742.990869998932,-0.62463117,
4363,2743.6135437488556,-0.050991893,
4364,2744.2376856803894,-0.3886404,
4365,2744.8628108501434,-0.8350303,
4366,2745.4860310554504,-0.05385075,
4367,2746.1122238636017,-0.12890087,
4368,2746.696837425232,-0.0,
4369,2747.4301192760468,-0.013908764,
4370,2748.055998325348,-0.023691896,
4371,2748.6783270835876,-0.5932496,
4372,2749.3053369522095,-3.973642e-10,
4373,2749.929254055023,-0.04729792,
4374,2750.5539214611053,-0.14237674,
4375,2751.180498600006,-0.1331245,
4376,2751.8035945892334,-0.034619607,
4377,2752.4290339946747,-0.0,
4378,2753.0516953468323,-0.00045859607,
4379,2753.676595926285,-0.031627033,
4380,2754.3002831935883,-0.6073939,
4381,2754.924288034439,-0.0,
4382,2755.548195362091,-0.0,
4383,2756.1734228134155,-0.34245405,
4384,2756.7980811595917,-0.189307,
4385,2757.4221317768097,-0.060699396,
4386,2758.047474861145,-3.0829983e-10,
4387,2758.671457529068,-0.03449357,
4388,2759.295879840851,-0.26009893,
4389,2759.881144762039,-0.5892422,
4390,2760.627424955368,-0.14110884,
4391,2761.2535247802734,-0.12961942,
4392,2761.879052400589,-0.0,
4393,2762.5069749355316,-0.35843888,
4394,2763.13326048851,-0.14304519,
4395,2763.7601256370544,-0.2710687,
4396,2764.386574268341,-0.0,
4397,2765.01202750206,-0.114062876,
4398,2765.637702226639,-0.34129557,
4399,2766.263101577759,-0.23962252,
4400,2766.888654947281,-3.9399586e-09,
4401,2767.5149414539337,-0.6045558,
4402,2768.1409039497375,-0.29293007,
4403,2768.765474796295,-9.704479e-07,
4404,2769.3905925750732,-0.54817665,
4405,2770.0165400505066,-0.14359565,
4406,2770.6427738666534,-0.09913987,
4407,2771.2685565948486,-0.13052252,
4408,2771.8952066898346,-0.5745654,
4409,2772.5208733081818,-0.054191757,
4410,2773.106664657593,-0.29991308,
4411,2773.8456869125366,-0.2503419,
4412,2774.472205877304,-0.0,
4413,2775.094250202179,-1.2396939e-07,
4414,2775.721687078476,-0.064350486,
4415,2776.344832420349,-0.0,
4416,2776.970613718033,-0.71201074,
4417,2777.595451593399,-0.062053334,
4418,2778.2204406261444,-0.15244934,
4419,2778.8443377017975,-0.107650906,
4420,2779.4701771736145,-0.0,
4421,2780.0943307876587,-0.0,
4422,2780.718874692917,-1.02766615e-10,
4423,2781.3425767421722,-0.18849786,
4424,2781.968342781067,-0.016636277,
4425,2782.594011068344,-0.55496407,
4426,2783.2205164432526,-0.22990195,
4427,2783.8458728790283,-0.10940617,
4428,2784.471223592758,-0.0,
4429,2785.0964171886444,-0.19358751,
4430,2785.7210314273834,-0.16598406,
4431,2786.307351589203,-0.03568531,
4432,2787.0395786762238,-0.007887623,
4433,2787.6659264564514,-0.2680724,
4434,2788.292506456375,-0.03291202,
4435,2788.9196677207947,-0.0,
4436,2789.547074317932,-0.23889095,
4437,2790.174371957779,-0.0,
4438,2790.799520969391,-0.13780028,
4439,2791.4258465766907,-0.000657248,
4440,2792.050954580307,-0.28137657,
4441,2792.6779088974,-0.20839918,
4442,2793.304922103882,-1.0377507,
4443,2793.932829141617,-0.0,
4444,2794.557876586914,-0.09615616,
4445,2795.186546564102,-0.054487705,
4446,2795.813890695572,-0.086578004,
4447,2796.4405879974365,-0.10406693,
4448,2797.0694603919983,-0.1559777,
4449,2797.695999622345,-1.5414982e-09,
4450,2798.324976205826,-0.034955945,
4451,2798.948784351349,-0.3260559,
4452,2799.537930250168,-0.330679,
4453,2800.279202222824,-0.0,
4454,2800.9061481952667,-0.2384446,
4455,2801.52889084816,-0.32569972,
4456,2802.15585565567,-0.5298164,
4457,2802.779673576355,-0.10660175,
4458,2803.4060683250427,-0.07356979,
4459,2804.0325479507446,-0.074522406,
4460,2804.6572427749634,-0.46765867,
4461,2805.2846257686615,-0.06206299,
4462,2805.9093177318573,-0.2572002,
4463,2806.5354223251343,-0.0,
4464,2807.161188364029,-0.326564,
4465,2807.785725593567,-0.11564816,
4466,2808.4110248088837,-0.0548846,
4467,2809.0370547771454,-0.2912969,
4468,2809.663177251816,-0.5556726,
4469,2810.2883019447327,-0.24142727,
4470,2810.9134407043457,-0.0051542423,
4471,2811.540112733841,-0.0,
4472,2812.1664412021637,-0.33492586,
4473,2812.7522332668304,-0.05733839,
4474,2813.491537332535,-9.157907e-05,
4475,2814.1202154159546,-0.35722274,
4476,2814.742523908615,-0.1750724,
4477,2815.370611667633,-0.0,
4478,2815.995250940323,-0.023378782,
4479,2816.6214895248413,-0.0,
4480,2817.248428583145,-0.0002708446,
4481,2817.8726856708527,-0.2849643,
4482,2818.4990060329437,-0.0970197,
4483,2819.1238300800323,-0.19983836,
4484,2819.7496926784515,-0.6892714,
4485,2820.3762283325195,-0.09048664,
4486,2821.001983165741,-0.0725165,
4487,2821.6277611255646,-0.17832309,
4488,2822.2531158924103,-0.15577435,
4489,2822.8783373832703,-0.0056838463,
4490,2823.504259824753,-0.30065376,
4491,2824.129529953003,-0.36621708,
4492,2824.7554228305817,-0.12847738,
4493,2825.379464149475,-0.12284744,
4494,2825.965956926346,-0.060223214,
4495,2826.68909740448,-0.35102686,
4496,2827.3168845176697,-0.4723494,
4497,2827.941157102585,-0.41794112,
4498,2828.567551612854,-0.10317955,
4499,2829.194876909256,-0.042074066,
4500,2829.8202130794525,-0.07673189,
4501,2830.446358680725,-0.58292985,
4502,2831.071495771408,-0.07651859,
4503,2831.697388648987,-0.13994913,
4504,2832.323466539383,-0.21764052,
4505,2832.9488277435303,-0.04010703,
4506,2833.577008485794,-0.032761686,
4507,2834.2066140174866,-0.17801306,
4508,2834.836190700531,-0.116818726,
4509,2835.462506055832,-0.15074503,
4510,2836.0890464782715,-0.14399587,
4511,2836.7163364887238,-0.0,
4512,2837.3409004211426,-0.07748996,
4513,2837.9671869277954,-0.26757753,
4514,2838.5919618606567,-0.0,
4515,2839.179665327072,-0.0,
4516,2839.9170887470245,-0.019215254,
4517,2840.5434477329254,-0.10083252,
4518,2841.1669793128967,-0.05756876,
4519,2841.7944116592407,-0.6285391,
4520,2842.4195148944855,-0.19386438,
4521,2843.044917345047,-0.04450728,
4522,2843.671761035919,-0.4274221,
4523,2844.2964379787445,-0.0020188682,
4524,2844.922911167145,-0.22278777,
4525,2845.548298597336,-0.4890175,
4526,2846.174013853073,-0.0,
4527,2846.7991478443146,-0.21518043,
4528,2847.424557209015,-0.41258582,
4529,2848.0503594875336,-0.06864824,
4530,2848.6755294799805,-0.6445161,
4531,2849.300849676132,-0.058719885,
4532,2849.9264118671417,-0.015169133,
4533,2850.551876783371,-0.037253737,
4534,2851.1770343780518,-0.122351795,
4535,2851.8019309043884,-0.23792604,
4536,2852.3877425193787,-0.0,
4537,2853.123115301132,-0.0,
4538,2853.7520020008087,-0.0,
4539,2854.3760657310486,-0.0,
4540,2855.003655433655,-0.17593572,
4541,2855.6294379234314,-0.2985398,
4542,2856.2564222812653,-0.2873715,
4543,2856.8830654621124,-0.05705393,
4544,2857.5105969905853,-0.4181803,
4545,2858.1365439891815,-0.014466847,
4546,2858.7618310451508,-0.0,
4547,2859.389151096344,-0.39525834,
4548,2860.0153045654297,-0.0,
4549,2860.640775203705,-0.28613368,
4550,2861.2679212093353,-0.030981058,
4551,2861.8943059444427,-0.28556436,
4552,2862.5200786590576,-0.058722295,
4553,2863.146009683609,-0.0,
4554,2863.7716448307037,-0.0,
4555,2864.397690296173,-0.13951108,
4556,2865.02570772171,-0.3920579,
4557,2865.6132946014404,-0.17268698,
4558,2866.340758085251,-0.18920602,
4559,2866.967714548111,-0.001715029,
4560,2867.589917898178,-0.44193017,
4561,2868.216980934143,-0.19418778,
4562,2868.842616558075,-0.40575022,
4563,2869.46670627594,-0.33624062,
4564,2870.092392683029,-0.11136204,
4565,2870.716385602951,-0.11761558,
4566,2871.343424320221,-0.12666026,
4567,2871.9689042568207,-0.3924725,
4568,2872.5934047698975,-0.64933753,
4569,2873.219045639038,-0.0,
4570,2873.8453340530396,-0.16621438,
4571,2874.4715719223022,-0.034695394,
4572,2875.096298933029,-0.0,
4573,2875.722418785095,-0.04738963,
4574,2876.3473160266876,-0.21805486,
4575,2876.972311735153,-0.3826626,
4576,2877.598635673523,-0.0,
4577,2878.2225687503815,-0.055690534,
4578,2878.809998035431,-0.051532406,
4579,2879.5327179431915,-0.010277582,
4580,2880.1604182720184,-0.12026203,
4581,2880.782704114914,-1.631783e-08,
4582,2881.4105970859528,-0.088985465,
4583,2882.0349457263947,-0.22625823,
4584,2882.660336256027,-0.15322831,
4585,2883.285801410675,-0.4038608,
4586,2883.9098312854767,-0.08988205,
4587,2884.535644054413,-0.08785056,
4588,2885.160757303238,-0.123853706,
4589,2885.7882142066956,-0.14130975,
4590,2886.412153482437,-0.022057462,
4591,2887.038496494293,-0.0,
4592,2887.6634604930878,-0.3168637,
4593,2888.2879333496094,-2.0377652e-10,
4594,2888.9143195152283,-0.0,
4595,2889.538102865219,-0.07799008,
4596,2890.1652262210846,-0.08429874,
4597,2890.789813518524,-0.1628096,
4598,2891.4166741371155,-0.0,
4599,2892.0029277801514,-0.55800676,
4600,2892.738347530365,-0.0,
4601,2893.365108728409,-0.006936533,
4602,2893.9884366989136,-5.950477e-08,
4603,2894.616117954254,-2.7039095e-09,
4604,2895.2414779663086,-0.13282946,
4605,2895.8661007881165,-0.07528938,
4606,2896.492707014084,-0.069155686,
4607,2897.1170213222504,-0.036370378,
4608,2897.7434384822845,-0.20785591,
4609,2898.3682532310486,-0.0029571871,
4610,2898.994570016861,-0.0,
4611,2899.6197888851166,-2.7815454e-09,
4612,2900.2452857494354,-0.11789165,
4613,2900.8702278137207,-0.25176346,
4614,2901.4966871738434,-0.23487504,
4615,2902.121026277542,-0.0071564084,
4616,2902.752163887024,-0.26047,
4617,2903.3793964385986,-0.03072452,
4618,2904.003230571747,-0.3207309,
4619,2904.6294355392456,-0.16118906,
4620,2905.214553833008,-0.03825352,
4621,2905.954639673233,-0.16943595,
4622,2906.580368041992,-1.01024814e-10,
4623,2907.2046327590942,-0.0056788125,
4624,2907.831999540329,-0.08924773,
4625,2908.4568791389465,-0.0,
4626,2909.0825469493866,-0.6263559,
4627,2909.7095906734467,-0.045811698,
4628,2910.333429813385,-0.033068355,
4629,2910.9594736099243,-0.33732966,
4630,2911.5842299461365,-0.0047213053,
4631,2912.2102134227753,-0.07421666,
4632,2912.8356444835663,-0.42930168,
4633,2913.4608483314514,-0.05157154,
4634,2914.0866277217865,-0.40385318,
4635,2914.7116520404816,-0.3358215,
4636,2915.337649345398,-0.027988786,
4637,2915.962671279907,-0.23280874,
4638,2916.5909144878387,-0.47966295,
4639,2917.2180404663086,-0.12692219,
4640,2917.8449444770813,-0.035636924,
4641,2918.4299178123474,-0.042048693,
4642,2919.1643629074097,-0.11910378,
4643,2919.7904024124146,-0.0,
4644,2920.4136605262756,-7.347653e-08,
4645,2921.04137301445,-0.020069096,
4646,2921.666962623596,-0.0,
4647,2922.2935359477997,-0.13722484,
4648,2922.9183843135834,-0.22459325,
4649,2923.544436454773,-0.117698215,
4650,2924.1701118946075,-0.75071734,
4651,2924.7964034080505,-0.18933848,
4652,2925.422183036804,-0.0,
4653,2926.0478024482727,-2.0553323e-10,
4654,2926.6732511520386,-0.031246632,
4655,2927.297779083252,-0.6576788,
4656,2927.9235713481903,-0.31708506,
4657,2928.5485846996307,-0.41086406,
4658,2929.173703432083,-1.7510323e-06,
4659,2929.7986221313477,-0.0,
4660,2930.4252169132233,-3.7209375e-07,
4661,2931.050451040268,-0.092064716,
4662,2931.636785507202,-0.0025901792,
4663,2932.3676896095276,-0.5682222,
4664,2932.9960446357727,-0.8416882,
4665,2933.620005607605,-0.074682206,
4666,2934.247549057007,-0.09582694,
4667,2934.8714859485626,-0.38973963,
4668,2935.496363401413,-2.0204963e-10,
4669,2936.1234629154205,-0.0,
4670,2936.748554468155,-0.0,
4671,2937.374322414398,-0.0,
4672,2937.9995844364166,-0.041950822,
4673,2938.6243839263916,-0.06777896,
4674,2939.250948905945,-0.0,
4675,2939.875750541687,-0.2244232,
4676,2940.5015659332275,-0.20917776,
4677,2941.125965118408,-0.06110666,
4678,2941.7515530586243,-0.10521076,
4679,2942.377303123474,-2.466779e-05,
4680,2943.0017483234406,-2.6014191e-05,
4681,2943.626875400543,-0.07119629,
4682,2944.2515053749084,-0.26013136,
4683,2944.8378944396973,-0.0,
4684,2945.5750761032104,-0.04762531,
4685,2946.2027492523193,-0.072916895,
4686,2946.825644016266,-4.885625e-10,
4687,2947.4526233673096,-0.14794332,
4688,2948.0774829387665,-0.0,
4689,2948.7039535045624,-0.0,
4690,2949.329824924469,-0.0,
4691,2949.9543294906616,-0.28747866,
4692,2950.580909013748,-0.05425483,
4693,2951.2057161331177,-0.18121004,
4694,2951.8312866687775,-0.0,
4695,2952.457777261734,-0.019081745,
4696,2953.0842275619507,-0.1705323,
4697,2953.7102167606354,-0.04349556,
4698,2954.336571455002,-0.37772295,
4699,2954.9647846221924,-0.21409017,
4700,2955.5897800922394,-0.024851043,
4701,2956.217127561569,-0.026288915,
4702,2956.84472155571,-0.49263287,
4703,2957.4715297222137,-0.4547221,
4704,2958.0573086738586,-0.030465025,
4705,2958.7959673404694,-0.24397776,
4706,2959.422659635544,-0.09896132,
4707,2960.045956850052,-0.012369515,
4708,2960.6727175712585,-0.039935984,
4709,2961.2967853546143,-0.101933375,
4710,2961.9228777885437,-8.794124e-10,
4711,2962.5479760169983,-0.106868885,
4712,2963.173318862915,-0.39746442,
4713,2963.7989463806152,-0.35684952,
4714,2964.4238505363464,-0.033839207,
4715,2965.048772573471,-0.07943389,
4716,2965.6730551719666,-0.063326396,
4717,2966.299181699753,-0.23390183,
4718,2966.9229984283447,-0.26807398,
4719,2967.548565387726,-0.07973252,
4720,2968.1740159988403,-0.0,
4721,2968.7989015579224,-0.10580413,
4722,2969.4243001937866,-0.4562413,
4723,2970.0498406887054,-0.27400833,
4724,2970.677775621414,-0.15243354,
4725,2971.2651143074036,-0.0,
4726,2971.9949843883514,-0.28050733,
4727,2972.6228771209717,-0.7979907,
4728,2973.249517440796,-0.16052072,
4729,2973.8794684410095,-0.42460242,
4730,2974.5057151317596,-0.0,
4731,2975.132869720459,-0.00027332368,
4732,2975.7599198818207,-0.13461718,
4733,2976.3852231502533,-0.10220292,
4734,2977.0117275714874,-0.4609016,
4735,2977.640547990799,-0.0,
4736,2978.267212867737,-0.07443915,
4737,2978.8923172950745,-0.041880686,
4738,2979.517986059189,-0.21239522,
4739,2980.1437845230103,-0.17479628,
4740,2980.7691407203674,-0.8674127,
4741,2981.3965578079224,-0.21031916,
4742,2982.021556377411,-0.020384874,
4743,2982.650074005127,-0.076677315,
4744,2983.2740063667297,-0.15647554,
4745,2983.9002919197083,-0.10837254,
4746,2984.486114501953,-0.0,
4747,2985.209342956543,-1.8828147e-06,
4748,2985.8363852500916,-6.7377478e-06,
4749,2986.4596173763275,-0.3839422,
4750,2987.0859699249268,-0.24332651,
4751,2987.7110257148743,-0.24447246,
4752,2988.3352229595184,-0.18383558,
4753,2988.960872888565,-0.5187563,
4754,2989.5850834846497,-0.17126466,
4755,2990.2105720043182,-0.21027626,
4756,2990.8355991840363,-0.05789309,
4757,2991.46080827713,-0.0,
4758,2992.085762500763,-0.08513275,
4759,2992.7125124931335,-0.5454832,
4760,2993.3375945091248,-0.19186538,
4761,2993.963960647583,-0.0,
4762,2994.589245557785,-0.009725811,
4763,2995.2155969142914,-0.3840701,
4764,2995.8412420749664,-0.26164478,
4765,2996.4668068885803,-3.626713e-08,
4766,2997.091595172882,-0.8855597,
4767,2997.6787111759186,-0.064007506,
4768,2998.426192998886,-0.1712447,
4769,2999.053022623062,-0.0009807346,
4770,2999.675632953644,-0.0,
4771,3000.303370475769,-0.49580657,
4772,3000.9288988113403,-0.24543434,
4773,3001.5553007125854,-0.015268537,
4774,3002.1828846931458,-0.30319554,
4775,3002.8076519966125,-0.51952654,
4776,3003.433993577957,-0.0,
4777,3004.0595462322235,-0.0,
4778,3004.6845424175262,-0.07719557,
4779,3005.3095848560333,-0.19531806,
4780,3005.9361188411713,-0.06650318,
4781,3006.560625076294,-0.20097797,
4782,3007.1875705718994,-0.17843801,
4783,3007.8125615119934,-0.013710973,
4784,3008.4383182525635,-0.21500668,
4785,3009.062977075577,-0.0,
4786,3009.6871259212494,-0.2442908,
4787,3010.313439130783,-0.11758437,
4788,3010.8993921279907,-0.5359205,
4789,3011.6321413517,-0.0,
4790,3012.258953809738,-0.057461116,
4791,3012.8820028305054,-4.7584624e-08,
4792,3013.5086145401,-1.6693751e-06,
4793,3014.132621526718,-0.0,
4794,3014.7588300704956,-0.0,
4795,3015.384720802307,-0.46881914,
4796,3016.009284257889,-0.027128419,
4797,3016.6358296871185,-0.06651495,
4798,3017.261411190033,-0.037968826,
4799,3017.886071205139,-0.58418864,
4800,3018.5122277736664,-0.0,
4801,3019.1374654769897,-0.17412134,
4802,3019.762941122055,-8.1243417e-07,
4803,3020.3887016773224,-0.45170936,
4804,3021.014370918274,-0.28220516,
4805,3021.6392204761505,-0.080434784,
4806,3022.263820409775,-0.17687854,
4807,3022.889312505722,-0.3512681,
4808,3023.5174798965454,-0.00881918,
4809,3024.104517221451,-0.03690583,
4810,3024.8414125442505,-0.30129448,
4811,3025.4683454036713,-0.0,
4812,3026.0917689800262,-0.08027624,
4813,3026.718487262726,-0.2868255,
4814,3027.34259223938,-0.017730908,
4815,3027.968559741974,-0.072313756,
4816,3028.5942392349243,-0.14783368,
4817,3029.2195518016815,-0.20599361,
4818,3029.84357714653,-0.6751945,
4819,3030.4684433937073,-0.03738726,
4820,3031.094393968582,-1.01024814e-10,
4821,3031.7209022045135,-0.0,
4822,3032.3460507392883,-0.25901446,
4823,3032.972224712372,-0.07629133,
4824,3033.5986709594727,-0.0042984607,
4825,3034.22416806221,-0.3733331,
4826,3034.84970164299,-0.2500457,
4827,3035.475608110428,-0.24958022,
4828,3036.100439310074,-1.01024814e-10,
4829,3036.7263100147247,-0.10523589,
4830,3037.312803506851,-0.14111361,
4831,3038.051454305649,-0.40318254,
4832,3038.6789021492004,-0.06573276,
4833,3039.301638841629,-2.3743802e-08,
4834,3039.92920088768,-0.18793195,
4835,3040.5531661510468,-0.055621494,
4836,3041.177523612976,-0.6822525,
4837,3041.8034131526947,-0.015747081,
4838,3042.4279186725616,-0.0,
4839,3043.0558500289917,-0.42417276,
4840,3043.680469751358,-0.006328359,
4841,3044.3068256378174,-0.24006109,
4842,3044.9320101737976,-0.037663974,
4843,3045.557170152664,-0.081843935,
4844,3046.1834473609924,-0.6951307,
4845,3046.8077766895294,-0.27685028,
4846,3047.4334836006165,-0.10787511,
4847,3048.0570516586304,-0.07081873,
4848,3048.681993484497,-0.0,
4849,3049.3080418109894,-0.02334458,
4850,3049.9329664707184,-0.0,
4851,3050.5183951854706,-0.0,
4852,3051.2591581344604,-0.05780264,
4853,3051.8865916728973,-0.20193076,
4854,3052.509395122528,-0.16613784,
4855,3053.1356155872345,-0.06629089,
4856,3053.7601597309113,-0.14031851,
4857,3054.3857049942017,-0.7293991,
4858,3055.012447834015,-0.0,
4859,3055.636456489563,-0.63459384,
4860,3056.2637026309967,-0.13767949,
4861,3056.8878951072693,-0.22764373,
4862,3057.512830018997,-0.0028530206,
4863,3058.1379475593567,-0.028310463,
4864,3058.7643115520477,-0.17537726,
4865,3059.389262676239,-0.0,
4866,3060.013658285141,-0.0,
4867,3060.6427664756775,-0.15301757,
4868,3061.268492460251,-0.0,
4869,3061.893758535385,-0.09387022,
4870,3062.5184392929077,-0.0,
4871,3063.144514799118,-0.0,
4872,3063.7311012744904,-0.26516438,
4873,3064.460625886917,-0.19861987,
4874,3065.09010386467,-0.09762886,
4875,3065.7139117717743,-0.012318492,
4876,3066.3442120552063,-0.05763901,
4877,3066.9708721637726,-0.120942116,
4878,3067.597240447998,-0.049477067,
4879,3068.2251467704773,-0.46414354,
4880,3068.8520209789276,-0.19546667,
4881,3069.478227853775,-0.0,
4882,3070.1036427021027,-0.33423388,
4883,3070.7285895347595,-0.0,
4884,3071.3546533584595,-0.08495711,
4885,3071.9792437553406,-0.09658178,
4886,3072.6056518554688,-0.020331062,
4887,3073.2301750183105,-4.1968487e-08,
4888,3073.855315685272,-0.28250486,
4889,3074.480912208557,-0.07222713,
4890,3075.106037378311,-0.0,
4891,3075.731494665146,-7.3064866e-06,
4892,3076.3567264080048,-0.00011933783,
4893,3076.9435312747955,-0.0,
4894,3077.694718837738,-0.39493594,
4895,3078.3215527534485,-0.20578818,
4896,3078.944021463394,-3.371013e-08,
4897,3079.571441411972,-0.30921477,
4898,3080.1963019371033,-0.1754075,
4899,3080.8214902877808,-0.14607292,
4900,3081.446714401245,-0.2649656,
4901,3082.0720171928406,-0.29768294,
4902,3082.6970117092133,-0.11850931,
4903,3083.322858095169,-0.029760605,
4904,3083.946619987488,-0.13330448,
4905,3084.5724494457245,-0.03446596,
4906,3085.1969196796417,-0.5809802,
4907,3085.8229007720947,-0.0,
4908,3086.4475886821747,-0.3121125,
4909,3087.073585987091,-0.2947814,
4910,3087.6990253925323,-0.026382187,
4911,3088.325314283371,-0.16145004,
4912,3088.950687646866,-0.16031048,
4913,3089.5754504203796,-0.19747122,
4914,3090.1607987880707,-0.97236544,
4915,3090.8820056915283,-0.115988605,
4916,3091.5092883110046,-3.730335e-07,
4917,3092.132087469101,-0.09968503,
4918,3092.7590210437775,-0.11527868,
4919,3093.383380174637,-0.08774468,
4920,3094.0083978176117,-0.31194854,
4921,3094.634434223175,-0.07047712,
4922,3095.2634670734406,-0.022338273,
4923,3095.89071559906,-0.14228389,
4924,3096.5163292884827,-0.0055540493,
4925,3097.1422719955444,-0.20968372,
4926,3097.7676725387573,-0.07307634,
4927,3098.392698287964,-0.17289631,
4928,3099.018657207489,-0.31449673,
4929,3099.6432235240936,-0.9466624,
4930,3100.270581960678,-0.3314809,
4931,3100.896006345749,-0.009982805,
4932,3101.520628929138,-0.0,
4933,3102.146641969681,-0.18258084,
4934,3102.7704641819,-9.10944e-06,
4935,3103.3584241867065,-0.0,
4936,3104.087882757187,-0.11593314,
4937,3104.716126680374,-0.13838533,
4938,3105.33816075325,-0.08076526,
4939,3105.968789100647,-0.029962948,
4940,3106.592844724655,-0.11035889,
4941,3107.2188758850098,-0.3512763,
4942,3107.8443999290466,-0.0,
4943,3108.467972278595,-0.15386388,
4944,3109.0945057868958,-0.1194286,
4945,3109.7185051441193,-0.030957222,
4946,3110.3456580638885,-0.01119419,
4947,3110.969021320343,-0.1084951,
4948,3111.5959882736206,-0.6437111,
4949,3112.2210733890533,-0.14360496,
4950,3112.8469321727753,-0.2701403,
4951,3113.4719183444977,-2.5236748e-06,
4952,3114.097839832306,-0.3169905,
4953,3114.724149942398,-0.37627515,
4954,3115.34996008873,-0.085956335,
4955,3115.9750027656555,-0.034438163,
4956,3116.5608303546906,-0.62659043,
4957,3117.2929787635803,-0.0,
4958,3117.922388315201,-0.28824216,
4959,3118.5452287197113,-0.17689136,
4960,3119.1723306179047,-0.09856582,
4961,3119.796665906906,-6.268742e-09,
4962,3120.422529697418,-0.0,
4963,3121.048341035843,-0.5926144,
4964,3121.673677444458,-0.24001166,
4965,3122.3004636764526,-0.2135412,
4966,3122.9247682094574,-0.5428378,
4967,3123.5495738983154,-0.27829283,
4968,3124.1751251220703,-3.3704123e-07,
4969,3124.8010609149933,-0.080113836,
4970,3125.4268341064453,-0.54115,
4971,3126.05166888237,-0.44131142,
4972,3126.6780354976654,-2.967027e-06,
4973,3127.3041882514954,-0.20344947,
4974,3127.930007457733,-5.0396116e-06,
4975,3128.5550453662872,-0.15369916,
4976,3129.1807627677917,-0.36837596,
4977,3129.7676236629486,-0.33954197,
4978,3130.5114302635193,-3.6661872e-06,
4979,3131.1382641792297,-0.0,
4980,3131.760576248169,-0.18901291,
4981,3132.3880684375763,-0.0,
4982,3133.012543439865,-0.32063407,
4983,3133.63840842247,-0.43660837,
4984,3134.2637162208557,-4.8084283e-09,
4985,3134.888805627823,-0.0,
4986,3135.5145530700684,-0.0,
4987,3136.1483266353607,-0.58591515,
4988,3136.775260925293,-0.08586931,
4989,3137.4013640880585,-3.1343494e-05,
4990,3138.025894641876,-0.31266803,
4991,3138.6508977413177,-0.13603929,
4992,3139.276787519455,-0.08632794,
4993,3139.9014077186584,-1.818445e-09,
4994,3140.5268268585205,-0.0,
4995,3141.1519548892975,-0.010470323,
4996,3141.7770340442657,-0.0,
4997,3142.401997566223,-0.080407724,
4998,3142.987286090851,-0.103309795,
4999,3143.725296497345,-0.0,
5000,3144.3531012535095,-0.4651905,
5001,3144.9822595119476,-0.0,
5002,3145.612720966339,-0.043816835,
5003,3146.238420009613,-0.0,
5004,3146.864092350006,-0.3214853,
5005,3147.4889488220215,-3.109807e-10,
5006,3148.1142251491547,-0.048982482,
5007,3148.739312648773,-0.105027296,
5008,3149.3637573719025,-0.11269065,
5009,3149.988629102707,-0.15159248,
5010,3150.6148612499237,-0.424814,
5011,3151.239871740341,-0.09787703,
5012,3151.8645627498627,-0.13055766,
5013,3152.489947080612,-0.4349262,
5014,3153.1148970127106,-0.18130757,
5015,3153.7391743659973,-0.07927924,
5016,3154.364056825638,-0.25851887,
5017,3154.9893724918365,-1.1112722e-09,
5018,3155.6144869327545,-0.0,
5019,3156.2005434036255,-0.0640765,
5020,3156.936288833618,-0.19238715,
5021,3157.5640478134155,-0.08441409,
5022,3158.18643450737,-0.05249085,
5023,3158.8143317699432,-0.48942766,
5024,3159.4378049373627,-0.53334546,
5025,3160.063235282898,-0.061037444,
5026,3160.689062356949,-0.0,
5027,3161.313385486603,-0.0,
5028,3161.938822031021,-0.26708922,
5029,3162.5641095638275,-0.0,
5030,3163.189905643463,-0.0,
5031,3163.8152194023132,-0.9421171,
5032,3164.440320968628,-0.007236208,
5033,3165.0655348300934,-0.15289585,
5034,3165.69149184227,-0.09642186,
5035,3166.317948102951,-0.019604186,
5036,3166.94416475296,-0.0,
5037,3167.569581747055,-0.511176,
5038,3168.1936597824097,-0.0,
5039,3168.818856239319,-0.06311821,
5040,3169.4041695594788,-0.36976606,
5041,3170.1411423683167,-0.5622794,
5042,3170.768429517746,-0.0,
5043,3171.3910670280457,-0.0,
5044,3172.017459630966,-0.09657637,
5045,3172.641438961029,-0.2951101,
5046,3173.267179965973,-0.30158007,
5047,3173.892986059189,-0.24821775,
5048,3174.5170409679413,-3.507805e-08,
5049,3175.1429455280304,-0.054752924,
5050,3175.7680656909943,-0.0,
5051,3176.3946661949158,-0.0,
5052,3177.0197927951813,-0.07531349,
5053,3177.64599776268,-1.02766615e-10,
5054,3178.27117061615,-0.0824083,
5055,3178.895147562027,-0.06795777,
5056,3179.520085811615,-0.07647805,
5057,3180.145374774933,-0.29705554,
5058,3180.7707662582397,-0.0,
5059,3181.3944976329803,-0.16076851,
5060,3182.02149105072,-0.0,
5061,3182.6067910194397,-0.0,
5062,3183.355684041977,-0.15637212,
5063,3183.984427213669,-1.129816e-06,
5064,3184.607388496399,-0.2835302,
5065,3185.234927415848,-0.15407941,
5066,3185.8598659038544,-0.26415244,
5067,3186.4860949516296,-0.013491459,
5068,3187.1122484207153,-0.5483099,
5069,3187.736719608307,-0.0,
5070,3188.3627529144287,-0.22034815,
5071,3188.9879875183105,-0.055713765,
5072,3189.612746477127,-9.992275e-08,
5073,3190.2399487495422,-0.32452726,
5074,3190.863870382309,-0.37056172,
5075,3191.490015268326,-0.014117913,
5076,3192.1150600910187,-0.24314041,
5077,3192.74063706398,-0.053644054,
5078,3193.366593360901,-0.4370237,
5079,3193.9912545681,-0.06987512,
5080,3194.6174895763397,-0.15925841,
5081,3195.2424404621124,-0.20137557,
5082,3195.829465866089,-0.13077307,
5083,3196.600705385208,-0.5022783,
5084,3197.229572534561,-0.107033014,
5085,3197.8559970855713,-0.104752935,
5086,3198.482657432556,-0.010958816,
5087,3199.108010530472,-0.0,
5088,3199.7328400611877,-0.03066736,
5089,3200.3589146137238,-0.11486007,
5090,3200.983766078949,-0.04119498,
5091,3201.609113931656,-0.02047297,
5092,3202.2366654872894,-0.0,
5093,3202.8614428043365,-0.018092081,
5094,3203.4868257045746,-0.07645778,
5095,3204.1119561195374,-0.1489065,
5096,3204.738023996353,-0.0,
5097,3205.3643934726715,-0.31085712,
5098,3205.989224910736,-0.08851193,
5099,3206.616493701935,-0.15087771,
5100,3207.240515947342,-0.058919728,
5101,3207.8664689064026,-0.0,
5102,3208.492032289505,-0.54024833,
5103,3209.078030347824,-0.0,
5104,3209.818674325943,-0.2625232,
5105,3210.446571111679,-0.033748593,
5106,3211.0706090927124,-0.023548003,
5107,3211.69819355011,-9.934107e-11,
5108,3212.3237228393555,-0.41459188,
5109,3212.9501531124115,-0.0,
5110,3213.575427532196,-0.21307626,
5111,3214.2011244297028,-0.0,
5112,3214.8268945217133,-0.5213087,
5113,3215.453481197357,-0.0,
5114,3216.0791730880737,-0.10285623,
5115,3216.706880569458,-0.0001590263,
5116,3217.3335213661194,-0.0,
5117,3217.959742307663,-0.16484162,
5118,3218.585109949112,-0.14693877,
5119,3219.2112469673157,-0.16729489,
5120,3219.8362736701965,-0.0,
5121,3220.4617240428925,-0.31490627,
5122,3221.0866210460663,-0.030538205,
5123,3221.7123477458954,-0.074199244,
5124,3222.298615217209,-0.036133528,
5125,3223.0397474765778,-0.72165984,
5126,3223.6667165756226,-0.04578135,
5127,3224.2897772789,-0.234971,
5128,3224.9178233146667,-0.0,
5129,3225.5420343875885,-0.11417256,
5130,3226.1690180301666,-1.8658826e-09,
5131,3226.7948820590973,-0.16396895,
5132,3227.4196524620056,-0.083923385,
5133,3228.0463325977325,-0.5505171,
5134,3228.670809030533,-0.0,
5135,3229.2979419231415,-0.0,
5136,3229.922881126404,-0.12547569,
5137,3230.5496921539307,-0.0002309327,
5138,3231.174952507019,-0.11907796,
5139,3231.7993717193604,-0.2078847,
5140,3232.4252161979675,-0.05774062,
5141,3233.0498147010803,-0.050973225,
5142,3233.6758320331573,-0.082695395,
5143,3234.3018996715546,-0.5092169,
5144,3234.926679611206,-0.0,
5145,3235.514541387558,-0.39417213,
5146,3236.239904642105,-0.06012983,
5147,3236.8675673007965,-0.0,
5148,3237.4891917705536,-0.011196687,
5149,3238.116709470749,-0.11869256,
5150,3238.739950656891,-0.13289206,
5151,3239.365178346634,-0.0,
5152,3239.9904153347015,-0.08718192,
5153,3240.6139960289,-3.2379403e-06,
5154,3241.241064310074,-0.0,
5155,3241.865702152252,-0.0,
5156,3242.4922966957092,-0.40499234,
5157,3243.1171753406525,-0.09975453,
5158,3243.743205308914,-0.1611719,
5159,3244.3678102493286,-0.05448846,
5160,3244.9926731586456,-0.18008554,
5161,3245.6176652908325,-0.08590532,
5162,3246.2426216602325,-0.42722365,
5163,3246.867119073868,-0.0,
5164,3247.491030931473,-0.23439324,
5165,3248.1164679527283,-0.51807696,
5166,3248.7026121616364,-0.0,
5167,3249.4329721927643,-0.2429192,
5168,3250.0600917339325,-0.10587411,
5169,3250.683114051819,-0.021213556,
5170,3251.309900999069,-0.020637678,
5171,3251.9334456920624,-0.3980184,
5172,3252.559088230133,-0.060336582,
5173,3253.1841707229614,-0.16709523,
5174,3253.8092710971832,-0.2626598,
5175,3254.4346420764923,-0.0,
5176,3255.0600316524506,-0.035856016,
5177,3255.686418533325,-0.5492455,
5178,3256.3100979328156,-0.17328462,
5179,3256.9351572990417,-0.015033005,
5180,3257.5604572296143,-0.14232975,
5181,3258.1852099895477,-0.35428497,
5182,3258.8100924491882,-0.0,
5183,3259.435580968857,-0.08833966,
5184,3260.060277223587,-0.25150105,
5185,3260.6862409114838,-0.0,
5186,3261.3100502490997,-0.0,
5187,3261.897606611252,-0.010648895,
5188,3262.629400730133,-0.46029818,
5189,3263.2559535503387,-0.1390099,
5190,3263.878437280655,-6.673591e-06,
5191,3264.5051882267,-0.038732022,
5192,3265.129553079605,-0.6787944,
5193,3265.7551617622375,-0.033022504,
5194,3266.383362054825,-0.0,
5195,3267.007405757904,-0.09233523,
5196,3267.6339390277863,-0.052859176,
5197,3268.2582387924194,-0.0,
5198,3268.8833870887756,-0.11314707,
5199,3269.509778738022,-0.08657881,
5200,3270.1399002075195,-0.3527021,
5201,3270.7671086788177,-0.22760542,
5202,3271.392313480377,-0.007915897,
5203,3272.0179891586304,-0.109991,
5204,3272.6440765857697,-0.29328457,
5205,3273.2689883708954,-0.5156404,
5206,3273.895315885544,-0.10826685,
5207,3274.518911600113,-0.0,
5208,3275.107089281082,-0.049341492,
5209,3275.854994535446,-0.07059942,
5210,3276.481880903244,-0.16007182,
5211,3277.1051907539368,-0.05055074,
5212,3277.731243610382,-0.0,
5213,3278.3546667099,-0.09863648,
5214,3278.979772090912,-0.0001893637,
5215,3279.60636138916,-0.0,
5216,3280.2328565120697,-0.052341074,
5217,3280.8585543632507,-0.0,
5218,3281.484448194504,-0.32469052,
5219,3282.110824108124,-0.0,
5220,3282.73463845253,-0.10036473,
5221,3283.36075258255,-0.27619955,
5222,3283.9840812683105,-5.9094996e-09,
5223,3284.6097745895386,-0.33951813,
5224,3285.2338633537292,-0.019262651,
5225,3285.8592476844788,-0.051849645,
5226,3286.4845399856567,-0.18154019,
5227,3287.1104884147644,-0.36704105,
5228,3287.73433637619,-0.0,
5229,3288.3204114437103,-0.0051641073,
5230,3289.0541994571686,-0.20316324,
5231,3289.6799869537354,-0.066619046,
5232,3290.3027045726776,-0.3073714,
5233,3290.9289844036102,-0.0,
5234,3291.553189754486,-0.39526004,
5235,3292.1776115894318,-0.2014576,
5236,3292.8027946949005,-0.27536958,
5237,3293.426899433136,-0.12898847,
5238,3294.0515320301056,-0.18959863,
5239,3294.6752943992615,-0.20823166,
5240,3295.3006818294525,-0.0,
5241,3295.925080537796,-0.26782832,
5242,3296.5506110191345,-0.09524681,
5243,3297.173753261566,-0.012852913,
5244,3297.7996566295624,-0.3147429,
5245,3298.424370288849,-0.52475715,
5246,3299.049194574356,-0.4162898,
5247,3299.675430059433,-0.07315767,
5248,3300.300594329834,-0.0040143165,
5249,3300.926087617874,-0.7650167,
5250,3301.513789176941,-0.15916851,
5251,3302.254885673523,-0.011516226,
5252,3302.8814713954926,-0.0,
5253,3303.503765106201,-0.18350282,
5254,3304.1307549476624,-0.00015967435,
5255,3304.7537739276886,-0.052900713,
5256,3305.380881547928,-0.0,
5257,3306.00537610054,-0.8382975,
5258,3306.6308279037476,-0.5653531,
5259,3307.256503343582,-0.05944041,
5260,3307.8801789283752,-0.0,
5261,3308.5062458515167,-0.10338942,
5262,3309.1293652057648,-0.0,
5263,3309.755147457123,-0.0,
5264,3310.381900548935,-0.07657222,
5265,3311.006541490555,-0.1146211,
5266,3311.632402420044,-0.37033352,
5267,3312.256255865097,-0.1420307,
5268,3312.881802558899,-0.0,
5269,3313.5071635246277,-0.44819933,
5270,3314.1306993961334,-0.023877494,
5271,3314.7168443202972,-0.0,
5272,3315.453358411789,-0.08455181,
5273,3316.080676794052,-0.37500447,
5274,3316.7019052505493,-0.14451982,
5275,3317.3290617465973,-0.0,
5276,3317.951418161392,-0.5502969,
5277,3318.576821565628,-0.003959534,
5278,3319.2009670734406,-0.14427245,
5279,3319.8243474960327,-0.0356919,
5280,3320.449315071106,-0.39408556,
5281,3321.074310541153,-0.30924404,
5282,3321.699119567871,-0.0,
5283,3322.3237590789795,-0.03966589,
5284,3322.948717355728,-0.16793506,
5285,3323.5724573135376,-0.21940419,
5286,3324.197252511978,-0.050058443,
5287,3324.821837425232,-0.0,
5288,3325.445583820343,-0.06012704,
5289,3326.0705966949463,-0.068615645,
5290,3326.6971616744995,-0.0,
5291,3327.3230152130127,-0.23047945,
5292,3327.911006450653,-0.0026701007,
5293,3328.66055727005,-0.0,
5294,3329.2869312763214,-0.00052414637,
5295,3329.9093449115753,-0.11609794,
5296,3330.5359263420105,-0.032249548,
5297,3331.1602725982666,-0.0,
5298,3331.7848303318024,-0.06520464,
5299,3332.4116549491882,-0.018138373,
5300,3333.036959886551,-5.4637415e-09,
5301,3333.663501024246,-0.0,
5302,3334.288102388382,-0.07784208,
5303,3334.913495540619,-0.478152,
5304,3335.538383960724,-0.42835757,
5305,3336.1624794006348,-0.35494104,
5306,3336.78866815567,-0.52333933,
5307,3337.4141154289246,-0.30745465,
5308,3338.038488149643,-0.1348329,
5309,3338.6623339653015,-0.24495643,
5310,3339.2861428260803,-0.0,
5311,3339.911054134369,-0.07872315,
5312,3340.5344083309174,-0.0,
5313,3341.1202342510223,-0.051813215,
5314,3341.8620703220367,-0.0,
5315,3342.48979139328,-1.0044727,
5316,3343.1116704940796,-0.3921065,
5317,3343.738972425461,-0.024570387,
5318,3344.361977815628,-0.1595871,
5319,3344.9859726428986,-0.321067,
5320,3345.612040758133,-0.022798756,
5321,3346.235213279724,-1.12419364e-07,
5322,3346.8594818115234,-0.0,
5323,3347.484596014023,-5.008792e-10,
5324,3348.109541416168,-0.28261533,
5325,3348.734039783478,-0.090055846,
5326,3349.3584764003754,-0.07414932,
5327,3349.9834995269775,-0.03897233,
5328,3350.608048439026,-0.18597277,
5329,3351.2356061935425,-0.4606447,
5330,3351.86235499382,-0.0,
5331,3352.4879865646362,-0.5293848,
5332,3353.1124455928802,-0.10046546,
5333,3353.737626314163,-0.167703,
5334,3354.322609901428,-0.0,
5335,3355.066726922989,-0.22573991,
5336,3355.691508769989,-0.0,
5337,3356.314877271652,-0.00020865139,
5338,3356.9417095184326,-0.17199136,
5339,3357.5653755664825,-0.25957263,
5340,3358.19078707695,-0.2336674,
5341,3358.815998315811,-0.0941489,
5342,3359.439816713333,-0.020599019,
5343,3360.0653841495514,-0.056872096,
5344,3360.689116716385,-0.38389632,
5345,3361.3154125213623,-0.0,
5346,3361.939960718155,-0.26480302,
5347,3362.5649378299713,-0.017068569,
5348,3363.1890342235565,-0.0,
5349,3363.8146228790283,-0.6114486,
5350,3364.4388580322266,-0.0,
5351,3365.0639219284058,-0.42066887,
5352,3365.6880362033844,-0.3421824,
5353,3366.3123755455017,-0.0,
5354,3366.9377076625824,-0.14586402,
5355,3367.523302793503,-0.0,
5356,3368.273480653763,-0.10667573,
5357,3368.8994855880737,-0.031252272,
5358,3369.5224084854126,-0.25923544,
5359,3370.153601884842,-0.0,
5360,3370.7777886390686,-0.0,
5361,3371.4047152996063,-0.018508289,
5362,3372.0357489585876,-0.0079995785,
5363,3372.6618559360504,-0.087619975,
5364,3373.2855865955353,-0.1981518,
5365,3373.911329269409,-0.31287116,
5366,3374.5344660282135,-0.2371152,
5367,3375.1589324474335,-5.0433933e-05,
5368,3375.7837121486664,-0.37960315,
5369,3376.4071805477142,-0.0,
5370,3377.0323779582977,-0.007279653,
5371,3377.656573534012,-0.04658834,
5372,3378.2807738780975,-0.0,
5373,3378.9049422740936,-0.0,
5374,3379.528909444809,-0.28700784,
5375,3380.1535353660583,-0.45210582,
5376,3380.738559484482,-0.087906726,
5377,3381.4721343517303,-0.05917024,
5378,3382.099130630493,-0.0,
5379,3382.7211508750916,-3.2245073e-09,
5380,3383.348150730133,-0.18124,
5381,3383.970977783203,-0.0,
5382,3384.5965201854706,-0.31476536,
5383,3385.2205522060394,-0.3801922,
5384,3385.8451771736145,-0.22240607,
5385,3386.4696757793427,-0.009349492,
5386,3387.095059156418,-0.0,
5387,3387.719475507736,-0.0,
5388,3388.3431828022003,-0.10379908,
5389,3388.966161966324,-0.27360392,
5390,3389.5917773246765,-0.0,
5391,3390.2167150974274,-0.42224765,
5392,3390.84170460701,-0.10734715,
5393,3391.4653906822205,-0.04574854,
5394,3392.0906734466553,-0.0040916344,
5395,3392.716119289398,-1.0102477e-09,
5396,3393.3399937152863,-0.06295187,
5397,3393.925853252411,-0.006595789,
5398,3394.6589348316193,-0.48709527,
5399,3395.286026954651,-0.27866817,
5400,3395.908896446228,-0.0,
5401,3396.535952806473,-0.22409877,
5402,3397.1595039367676,-0.0,
5403,3397.7843730449677,-0.07946497,
5404,3398.4089374542236,-0.043572597,
5405,3399.034953355789,-0.0,
5406,3399.65997505188,-0.04526365,
5407,3400.284426689148,-0.17099181,
5408,3400.9082639217377,-0.055419218,
5409,3401.533890247345,-0.23250242,
5410,3402.161099910736,-0.48195642,
5411,3402.7856364250183,-0.33471715,
5412,3403.410899400711,-0.0,
5413,3404.0350296497345,-0.048706293,
5414,3404.660787343979,-0.0,
5415,3405.2851073741913,-0.009739608,
5416,3405.911234855652,-0.0,
5417,3406.535068511963,-0.0075961663,
5418,3407.122118473053,-0.114852086,
5419,3407.864230632782,-0.065368816,
5420,3408.4905540943146,-0.14173341,
5421,3409.1133160591125,-0.047893923,
5422,3409.739447116852,-1.1862464e-06,
5423,3410.363398551941,-0.27118325,
5424,3410.9886224269867,-0.018820165,
5425,3411.6133699417114,-0.08132899,
5426,3412.2386844158173,-0.0,
5427,3412.8638668060303,-5.7012954e-09,
5428,3413.4898114204407,-0.06739823,
5429,3414.11510181427,-0.09651634,
5430,3414.739588022232,-1.0179764,
5431,3415.3642337322235,-0.0,
5432,3415.989523410797,-0.44515333,
5433,3416.6135654449463,-0.46267676,
5434,3417.2385823726654,-0.0,
5435,3417.86442899704,-0.038305894,
5436,3418.4886322021484,-0.033459995,
5437,3419.113608121872,-0.7684437,
5438,3419.7373580932617,-0.56453377,
5439,3420.32279920578,-0.0,
5440,3421.0495364665985,-0.0,
5441,3421.6733610630035,-0.1472672,
5442,3422.2954280376434,-0.007439675,
5443,3422.921123981476,-4.807714e-07,
5444,3423.5457117557526,-0.28720555,
5445,3424.1706290245056,-0.04275438,
5446,3424.7946226596832,-0.008543115,
5447,3425.420555830002,-0.0009876818,
5448,3426.045797586441,-0.0,
5449,3426.671814441681,-0.0,
5450,3427.294543981552,-0.0,
5451,3427.9193999767303,-0.41232568,
5452,3428.5434279441833,-0.06761377,
5453,3429.1666939258575,-0.0,
5454,3429.7923641204834,-0.0,
5455,3430.4157922267914,-3.030744e-10,
5456,3431.040590763092,-2.7390643e-05,
5457,3431.6646485328674,-0.04795775,
5458,3432.2888820171356,-0.45470813,
5459,3432.9125604629517,-0.17712241,
5460,3433.497318983078,-0.6836668,
5461,3434.228789806366,-4.5380975e-06,
5462,3434.853523492813,-0.026571546,
5463,3435.4756739139557,-0.31242728,
5464,3436.101725578308,-0.0,
5465,3436.72518157959,-0.24333659,
5466,3437.3486952781677,-0.62147045,
5467,3437.9740409851074,-0.0,
5468,3438.597627401352,-0.0,
5469,3439.222524881363,-0.020970188,
5470,3439.8467836380005,-0.0,
5471,3440.471203804016,-0.18013683,
5472,3441.095592021942,-0.3495181,
5473,3441.719934940338,-0.14608951,
5474,3442.3443541526794,-0.0,
5475,3442.96812915802,-0.0,
5476,3443.593518257141,-0.018881327,
5477,3444.218161344528,-0.0,
5478,3444.841399908066,-0.0003962214,
5479,3445.467864513397,-0.07260203,
5480,3446.0911984443665,-0.0,
5481,3446.678333759308,-0.25574622,
5482,3447.4117715358734,-0.08733188,
5483,3448.038642883301,-0.25081414,
5484,3448.6602351665497,-0.2859552,
5485,3449.288239479065,-0.26170665,
5486,3449.91037940979,-0.0,
5487,3450.5360374450684,-0.00010759217,
5488,3451.1608216762543,-0.09835046,
5489,3451.7841172218323,-0.2816965,
5490,3452.4093623161316,-0.27326208,
5491,3453.034151315689,-0.051059864,
5492,3453.6590354442596,-0.7841693,
5493,3454.2832465171814,-0.0,
5494,3454.908798456192,-0.04951504,
5495,3455.5348954200745,-0.13237248,
5496,3456.15913271904,-0.10488388,
5497,3456.7854180336,-0.32815748,
5498,3457.410059928894,-0.55919933,
5499,3458.0350279808044,-0.03909003,
5500,3458.65936255455,-1.0689746,
5501,3459.284340620041,-0.17147426,
5502,3459.8694467544556,-0.036945228,
5503,3460.6068375110626,-8.62232e-05,
5504,3461.233520746231,-0.10123203,
5505,3461.8561346530914,-0.11942128,
5506,3462.4824657440186,-0.14512552,
5507,3463.105568408966,-0.0,
5508,3463.7316257953644,-0.0,
5509,3464.3563072681427,-0.0,
5510,3464.9805858135223,-0.4813028,
5511,3465.6065590381622,-0.3411959,
5512,3466.231145620346,-6.0614874e-10,
5513,3466.8549394607544,-0.3444701,
5514,3467.479949951172,-0.26253647,
5515,3468.104213953018,-0.41251817,
5516,3468.7295298576355,-0.0,
5517,3469.3534440994263,-0.2000182,
5518,3469.978027820587,-1.0237713e-06,
5519,3470.6011645793915,-0.19999006,
5520,3471.2261266708374,-0.040959682,
5521,3471.8502423763275,-0.0,
5522,3472.475718021393,-0.20087914,
5523,3473.06095123291,-0.0,
5524,3473.794233083725,-0.0,
5525,3474.421881914139,-0.1286778,
5526,3475.0479288101196,-0.0059654433,
5527,3475.675029039383,-0.043093335,
5528,3476.2979702949524,-0.1998066,
5529,3476.9229748249054,-0.568656,
5530,3477.5471062660217,-0.036486853,
5531,3478.171189069748,-0.000132258,
5532,3478.797819375992,-0.4171567,
5533,3479.4211678504944,-0.10160688,
5534,3480.0467822551727,-0.0,
5535,3480.6711101531982,-0.0,
5536,3481.2960562705994,-0.59302354,
5537,3481.9203958511353,-0.0,
5538,3482.5459995269775,-0.16727751,
5539,3483.1695153713226,-0.22439155,
5540,3483.7944824695587,-0.0,
5541,3484.418439388275,-0.5838653,
5542,3485.0442452430725,-0.0,
5543,3485.6685466766357,-0.033076294,
5544,3486.2552304267883,-0.0,
5545,3486.98895072937,-0.0,
5546,3487.6144144535065,-1.596177e-08,
5547,3488.2367091178894,-0.010757576,
5548,3488.861872434616,-0.0,
5549,3489.4862627983093,-0.0048975185,
5550,3490.1103143692017,-0.0,
5551,3490.7345588207245,-0.24424362,
5552,3491.3587663173676,-0.023325054,
5553,3491.983519554138,-0.30892867,
5554,3492.608899116516,-0.0,
5555,3493.232003211975,-0.052617647,
5556,3493.8571581840515,-0.25528353,
5557,3494.481002807617,-0.11807686,
5558,3495.1067249774933,-0.07824542,
5559,3495.729903936386,-0.043592937,
5560,3496.354331970215,-0.0,
5561,3496.9790830612183,-0.22186095,
5562,3497.603269100189,-0.0,
5563,3498.229202270508,-0.075204626,
5564,3498.852907180786,-0.14850862,
5565,3499.4392082691193,-0.014182926,
5566,3500.1798396110535,-0.20013645,
5567,3500.8070719242096,-0.0,
5568,3501.4290161132812,-0.17026192,
5569,3502.055802822113,-0.20492575,
5570,3502.682183265686,-0.0,
5571,3503.3059520721436,-0.0,
5572,3503.9318084716797,-0.041293494,
5573,3504.5566544532776,-0.10225825,
5574,3505.180981874466,-0.4723392,
5575,3505.8053233623505,-0.5899241,
5576,3506.429547071457,-0.0,
5577,3507.054604291916,-0.23530114,
5578,3507.6787588596344,-0.0,
5579,3508.303850889206,-0.36270878,
5580,3508.9269955158234,-0.09332693,
5581,3509.5515196323395,-0.118869044,
5582,3510.1771006584167,-0.018199775,
5583,3510.801346540451,-0.06647263,
5584,3511.426136493683,-0.14240177,
5585,3512.0509691238403,-0.01728234,
5586,3512.6370038986206,-0.12158211,
5587,3513.378629207611,-0.2582577,
5588,3514.0044186115265,-0.43946356,
5589,3514.627050638199,-0.07335832,
5590,3515.2530291080475,-0.08020483,
5591,3515.8761472702026,-0.43923384,
5592,3516.5001227855682,-0.2751001,
5593,3517.124879360199,-0.0,
5594,3517.7480561733246,-0.28117394,
5595,3518.373129606247,-0.0,
5596,3518.99662232399,-0.008133757,
5597,3519.620766878128,-0.0,
5598,3520.244968175888,-0.16998671,
5599,3520.8681738376617,-0.0,
5600,3521.4931089878082,-0.0,
5601,3522.1159863471985,-0.0,
5602,3522.740175008774,-0.0,
5603,3523.3630061149597,-0.4728994,
5604,3523.987385749817,-0.10281144,
5605,3524.611618757248,-0.23772943,
5606,3525.2351632118225,-0.1067605,
5607,3525.821118593216,-0.20744577,
5608,3526.5484054088593,-0.06755096,
5609,3527.1753380298615,-0.061125923,
5610,3527.7969381809235,-0.23065585,
5611,3528.422065258026,-0.0,
5612,3529.043671131134,-0.17397293,
5613,3529.6679830551147,-9.691812e-11,
5614,3530.292862892151,-0.0,
5615,3530.916073322296,-0.30517018,
5616,3531.540346622467,-0.26937616,
5617,3532.1639494895935,-0.25775367,
5618,3532.788283586502,-0.1612838,
5619,3533.4124217033386,-0.25192958,
5620,3534.036923646927,-0.0,
5621,3534.6597838401794,-0.03873972,
5622,3535.284862756729,-0.0,
5623,3535.9088439941406,-0.09761501,
5624,3536.53297829628,-0.39719737,
5625,3537.157037258148,-0.18849471,
5626,3537.780989408493,-0.2654337,
5627,3538.4052448272705,-0.21979937,
5628,3538.9902579784393,-0.064948276,
5629,3539.7125663757324,-0.068355985,
5630,3540.340828895569,-0.100710884,
5631,3540.9646422863007,-0.0,
5632,3541.592045068741,-0.37266582,
5633,3542.216089487076,-0.03550895,
5634,3542.841192007065,-7.1556303e-07,
5635,3543.465936899185,-0.07643447,
5636,3544.0907599925995,-0.0,
5637,3544.714021921158,-0.0,
5638,3545.3372645378113,-1.3756132e-05,
5639,3545.9621913433075,-0.0,
5640,3546.5871016979218,-0.047301024,
5641,3547.2115609645844,-0.0,
5642,3547.835718393326,-0.0,
5643,3548.459478378296,-0.54147077,
5644,3549.08442735672,-0.37325266,
5645,3549.7078845500946,-0.29233626,
5646,3550.3333220481873,-0.0,
5647,3550.9582352638245,-0.0,
5648,3551.5825610160828,-0.0,
5649,3552.1685070991516,-0.117389694,
5650,3552.89395236969,-0.012321345,
5651,3553.5184693336487,-0.17676595,
5652,3554.1420788764954,-0.30645722,
5653,3554.7670772075653,-0.87207294,
5654,3555.392664909363,-0.15115991,
5655,3556.0177190303802,-0.0,
5656,3556.6420674324036,-0.12078085,
5657,3557.2659561634064,-0.0,
5658,3557.8900804519653,-0.21126655,
5659,3558.5131225585938,-1.4094762,
5660,3559.1365287303925,-0.094693914,
5661,3559.761808872223,-0.09483931,
5662,3560.386020421982,-0.007113344,
5663,3561.010431289673,-3.1584783e-08,
5664,3561.636248111725,-2.9421817e-06,
5665,3562.2610654830933,-0.27640408,
5666,3562.8860006332397,-0.3146891,
5667,3563.510101556778,-2.5999565e-08,
5668,3564.1341876983643,-0.06602987,
5669,3564.7594525814056,-0.0,
5670,3565.3439314365387,-0.0,
5671,3566.0747454166412,-0.47534403,
5672,3566.701751947403,-0.17202993,
5673,3567.3239331245422,-0.0,
5674,3567.9503030776978,-0.0005011988,
5675,3568.5737886428833,-0.3491875,
5676,3569.199642419815,-0.0,
5677,3569.8244812488556,-0.0,
5678,3570.448199033737,-0.11728465,
5679,3571.0735709667206,-1.8517721e-05,
5680,3571.6984226703644,-0.059848584,
5681,3572.324700117111,-0.0030533376,
5682,3572.9484927654266,-0.5663878,
5683,3573.5736360549927,-0.0,
5684,3574.1985476017,-0.0,
5685,3574.823912858963,-7.707462e-09,
5686,3575.448119878769,-0.32023066,
5687,3576.0742547512054,-0.0,
5688,3576.6990597248077,-0.28121108,
5689,3577.3249711990356,-0.16536537,
5690,3577.9485337734222,-0.0,
5691,3578.5339810848236,-0.0933008,
5692,3579.2451956272125,-0.0,
5693,3579.871157884598,-0.0,
5694,3580.49409866333,-0.011425517,
5695,3581.120305776596,-0.25366506,
5696,3581.7444689273834,-0.0,
5697,3582.3698139190674,-0.014292811,
5698,3582.9937970638275,-0.44902712,
5699,3583.6173362731934,-0.5888678,
5700,3584.242643594742,-0.0020096307,
5701,3584.8666110038757,-6.226547e-06,
5702,3585.4921345710754,-0.0,
5703,3586.116726398468,-0.6434624,
5704,3586.7424595355988,-0.14766292,
5705,3587.366777896881,-0.19053029,
5706,3587.9902997016907,-0.0,
5707,3588.615314245224,-0.07524008,
5708,3589.239379644394,-0.019342486,
5709,3589.86363697052,-0.23733243,
5710,3590.4881274700165,-0.267911,
5711,3591.112058877945,-0.69320536,
5712,3591.699366092682,-0.0067428173,
5713,3592.4342415332794,-0.0,
5714,3593.0591394901276,-0.0,
5715,3593.68235707283,-0.0,
5716,3594.30823469162,-0.024008188,
5717,3594.9316911697388,-8.226983e-08,
5718,3595.5566079616547,-0.0,
5719,3596.180634021759,-0.20153025,
5720,3596.804574251175,-0.073303975,
5721,3597.4299368858337,-0.36738032,
5722,3598.0529623031616,-0.0,
5723,3598.676569223404,-0.36367851,
5724,3599.3009130954742,-0.033544164,
5725,3599.924676179886,-0.13832884,
5726,3600.549111366272,-0.22053806,
5727,3601.1728327274323,-0.12301872,
5728,3601.795508146286,-0.59121674,
5729,3602.420592069626,-0.0,
5730,3603.04487156868,-0.003217759,
5731,3603.6697545051575,-0.0016888315,
5732,3604.2943563461304,-0.0,
5733,3604.8796660900116,-0.24155726,
5734,3605.6070771217346,-0.34530357,
5735,3606.2319192886353,-0.020488728,
5736,3606.855387687683,-5.8627503e-10,
5737,3607.482093811035,-0.022805635,
5738,3608.107327222824,-0.5778777,
5739,3608.73210978508,-0.22353825,
5740,3609.357164621353,-0.0,
5741,3609.9826741218567,-0.023134537,
5742,3610.6082212924957,-0.1360759,
5743,3611.235525369644,-0.09214209,
5744,3611.863613128662,-0.24499945,
5745,3612.49022936821,-0.76482034,
5746,3613.1162576675415,-0.18821855,
5747,3613.741576910019,-0.21531203,
5748,3614.3654384613037,-0.3571891,
5749,3614.989750623703,-8.085462e-09,
5750,3615.6136286258698,-0.0,
5751,3616.238486766815,-0.1355598,
5752,3616.8628990650177,-0.035777934,
5753,3617.488081932068,-0.0,
5754,3618.0731263160706,-0.21042797,
5755,3618.820568561554,-0.162036,
5756,3619.4475541114807,-0.20429116,
5757,3620.0726194381714,-0.028740471,
5758,3620.700962305069,-0.10603817,
5759,3621.3249797821045,-0.0183219,
5760,3621.955015897751,-0.048926298,
5761,3622.583890914917,-0.5199748,
5762,3623.2100591659546,-0.39517534,
5763,3623.8403306007385,-2.862625e-07,
5764,3624.464481115341,-0.33686846,
5765,3625.0894181728363,-0.007993616,
5766,3625.71346616745,-0.0,
5767,3626.337954521179,-0.4285639,
5768,3626.9630150794983,-0.1524511,
5769,3627.587165117264,-0.27762398,
5770,3628.2125527858734,-0.12133537,
5771,3628.8381524086,-0.16245446,
5772,3629.462998867035,-0.0,
5773,3630.089766025543,-0.6953827,
5774,3630.7166385650635,-0.0,
5775,3631.30464220047,-0.04727512,
5776,3632.0392208099365,-0.0,
5777,3632.667679786682,-0.10425153,
5778,3633.292494058609,-0.0,
5779,3633.9215199947357,-0.04095965,
5780,3634.543774843216,-0.15700239,
5781,3635.1689777374268,-0.09022374,
5782,3635.793435573578,-0.075279176,
5783,3636.419422388077,-0.019137833,
5784,3637.045572757721,-0.048784994,
5785,3637.670566558838,-0.0,
5786,3638.2960176467896,-0.041817464,
5787,3638.91978931427,-0.29416218,
5788,3639.545625448227,-0.0,
5789,3640.1694750785828,-0.1426616,
5790,3640.795389175415,-1.4201339e-08,
5791,3641.419562101364,-0.15257153,
5792,3642.04505610466,-0.40972814,
5793,3642.669533729553,-0.029095273,
5794,3643.294388771057,-0.044392414,
5795,3643.9193992614746,-0.5531527,
5796,3644.505110502243,-0.0,
5797,3645.245318889618,-0.05642708,
5798,3645.8724019527435,-0.2750469,
5799,3646.4952569007874,-0.10476878,
5800,3647.122425556183,-0.0,
5801,3647.7463014125824,-0.053824924,
5802,3648.372906446457,-0.06198,
5803,3648.996891975403,-0.2822831,
5804,3649.6216967105865,-0.4298083,
5805,3650.247102499008,-0.011210398,
5806,3650.8718087673187,-0.13883552,
5807,3651.4965097904205,-0.0,
5808,3652.1219203472137,-0.13026056,
5809,3652.7472817897797,-0.0,
5810,3653.37295627594,-0.13445006,
5811,3653.9984815120697,-0.051528893,
5812,3654.622456550598,-0.197606,
5813,3655.2474188804626,-0.07338817,
5814,3655.87234044075,-0.18979487,
5815,3656.4970786571503,-0.0,
5816,3657.1211466789246,-0.44394857,
5817,3657.706499814987,-0.5080488,
5818,3658.4369683265686,-0.56106436,
5819,3659.063154935837,-0.0,
5820,3659.686817407608,-0.040536176,
5821,3660.31281208992,-0.22309074,
5822,3660.936886072159,-0.0,
5823,3661.5624663829803,-0.0,
5824,3662.1875734329224,-0.43047905,
5825,3662.8123235702515,-4.951355e-07,
5826,3663.437878370285,-0.05905267,
5827,3664.062479734421,-0.0,
5828,3664.688381910324,-0.0,
5829,3665.312282562256,-0.08040809,
5830,3665.9375047683716,-0.1698485,
5831,3666.562549352646,-0.0,
5832,3667.189109802246,-0.045669388,
5833,3667.813169002533,-0.20611405,
5834,3668.438676595688,-0.1872398,
5835,3669.06414437294,-0.21142058,
5836,3669.689629793167,-0.0,
5837,3670.3143820762634,-0.31666243,
5838,3670.90065574646,-0.0,
5839,3671.6364557743073,-1.170771e-06,
5840,3672.264845609665,-0.0,
5841,3672.8889133930206,-0.09829597,
5842,3673.51971411705,-0.0648291,
5843,3674.148087501526,-0.15046524,
5844,3674.776137113571,-0.0,
5845,3675.40119600296,-3.8389345e-09,
5846,3676.0260763168335,-0.20583172,
5847,3676.6521306037903,-0.0046065026,
5848,3677.276496887207,-0.0,
5849,3677.9026458263397,-1.0017587e-10,
5850,3678.527517080307,-0.7790437,
5851,3679.1531207561493,-0.11478084,
5852,3679.777724981308,-0.0,
5853,3680.403601884842,-0.0,
5854,3681.0300257205963,-0.06721085,
5855,3681.656432390213,-0.4344396,
5856,3682.284047603607,-0.01956369,
5857,3682.915125131607,-0.5902672,
5858,3683.5423583984375,-0.15503505,
5859,3684.1265420913696,-6.283283e-05,
5860,3684.86665725708,-0.11979063,
5861,3685.4925060272217,-0.0964996,
5862,3686.115705013275,-0.0,
5863,3686.7428052425385,-0.0,
5864,3687.3671753406525,-0.07661705,
5865,3687.9919469356537,-0.013801786,
5866,3688.618003129959,-0.28910184,
5867,3689.243089199066,-0.12764528,
5868,3689.869571685791,-0.0,
5869,3690.4935824871063,-0.1687763,
5870,3691.119233608246,-0.0,
5871,3691.7439699172974,-0.04534965,
5872,3692.369470834732,-0.4377327,
5873,3692.9949009418488,-0.085986584,
5874,3693.620705842972,-0.45086527,
5875,3694.2466752529144,-0.0,
5876,3694.871664762497,-0.0,
5877,3695.4958322048187,-0.5933534,
5878,3696.121888399124,-0.14942877,
5879,3696.7474501132965,-0.08390901,
5880,3697.33344745636,-0.0,
5881,3698.0624208450317,-0.08735531,
5882,3698.688854455948,-0.0,
5883,3699.31263923645,-0.29147637,
5884,3699.93909573555,-2.4885871e-06,
5885,3700.563935995102,-0.0,
5886,3701.188668012619,-1.599631e-08,
5887,3701.814556121826,-0.09314279,
5888,3702.4392960071564,-0.065845974,
5889,3703.065011024475,-0.396637,
5890,3703.6897020339966,-0.0,
5891,3704.317151069641,-0.0,
5892,3704.9420297145844,-0.12511623,
5893,3705.567521095276,-0.17095615,
5894,3706.194437980652,-0.051140647,
5895,3706.81898355484,-0.02437598,
5896,3707.446266412735,-0.05690978,
5897,3708.0705184936523,-0.3875711,
5898,3708.6968066692352,-0.028652135,
5899,3709.323473930359,-0.074161775,
5900,3709.947844982147,-0.0,
5901,3710.534681081772,-0.123767935,
5902,3711.2661147117615,-0.04841835,
5903,3711.8932917118073,-0.0,
5904,3712.5169162750244,-0.0,
5905,3713.143806219101,-0.0,
5906,3713.768571615219,-0.022197422,
5907,3714.3942081928253,-0.0,
5908,3715.020899772644,-0.0,
5909,3715.6460676193237,-0.0,
5910,3716.2729568481445,-0.06461508,
5911,3716.897125720978,-0.17790154,
5912,3717.5223536491394,-0.0,
5913,3718.1479032039642,-0.0633992,
5914,3718.7734582424164,-0.01511085,
5915,3719.3996822834015,-0.19698015,
5916,3720.0261204242706,-0.16750196,
5917,3720.653333425522,-0.6130344,
5918,3721.280319213867,-0.0,
5919,3721.90674495697,-0.0,
5920,3722.5321033000946,-0.14645,
5921,3723.158847808838,-0.0036248895,
5922,3723.7449634075165,-0.31541672,
5923,3724.479273557663,-0.0,
5924,3725.104835510254,-0.0,
5925,3725.7293951511383,-0.16683723,
5926,3726.3563673496246,-0.037007414,
5927,3726.980566263199,-0.0,
5928,3727.6058979034424,-0.0,
5929,3728.231844186783,-0.07994052,
5930,3728.8571474552155,-0.0,
5931,3729.482003927231,-0.19060442,
5932,3730.109514474869,-0.29665652,
5933,3730.7351126670837,-0.34581667,
5934,3731.3610832691193,-0.057720393,
5935,3731.9860928058624,-0.13256395,
5936,3732.611953020096,-0.44471818,
5937,3733.237139940262,-0.05464077,
5938,3733.862896680832,-0.028308244,
5939,3734.489150762558,-0.0,
5940,3735.114465236664,-0.013735575,
5941,3735.739665031433,-0.017554365,
5942,3736.364947795868,-0.3264037,
5943,3736.951245069504,-0.13378005,
5944,3737.6784760951996,-0.0,
5945,3738.3056445121765,-0.0,
5946,3738.9285128116608,-8.794124e-10,
5947,3739.5556213855743,-0.0052953092,
5948,3740.180095911026,-0.65334004,
5949,3740.8057045936584,-0.1463375,
5950,3741.4322035312653,-0.0,
5951,3742.0562047958374,-6.0554785e-06,
5952,3742.681903362274,-0.32422262,
5953,3743.3057692050934,-0.0,
5954,3743.9319412708282,-0.061944,
5955,3744.558891773224,-0.0,
5956,3745.1858315467834,-0.0,
5957,3745.8109805583954,-0.03871213,
5958,3746.436602830887,-0.065215066,
5959,3747.06298995018,-0.21747905,
5960,3747.687890291214,-0.2644016,
5961,3748.3126974105835,-2.523592e-07,
5962,3748.937592983246,-0.0,
5963,3749.562839746475,-0.0,
5964,3750.149449110031,-0.0,
5965,3750.873121023178,-0.09148623,
5966,3751.5008492469788,-0.120601505,
5967,3752.1243844032288,-0.0006584853,
5968,3752.751909971237,-0.10215316,
5969,3753.3772695064545,-0.074158,
5970,3754.0025506019592,-0.31694204,
5971,3754.6298775672913,-0.14453305,
5972,3755.2559521198273,-1.8071729e-05,
5973,3755.8835690021515,-0.119913355,
5974,3756.508139371872,-0.0,
5975,3757.134295940399,-0.017373905,
5976,3757.7594423294067,-0.16418132,
5977,3758.384724855423,-0.0,
5978,3759.0110013484955,-0.0,
5979,3759.636631011963,-0.19575489,
5980,3760.2618074417114,-0.31688583,
5981,3760.8884994983673,-0.0,
5982,3761.5156829357147,-0.046963286,
5983,3762.1404025554657,-0.36199665,
5984,3762.767774581909,-0.015761662,
5985,3763.354376554489,-0.10243092,
5986,3764.087377548218,-0.0,
5987,3764.7161693573,-0.0,
5988,3765.3402183055878,-0.48800087,
5989,3765.9679782390594,-0.0,
5990,3766.591930627823,-0.06015252,
5991,3767.217239379883,-0.0,
5992,3767.843136072159,-0.34914982,
5993,3768.4678678512573,-0.47022247,
5994,3769.0941908359528,-0.26529136,
5995,3769.7187163829803,-0.092450395,
5996,3770.3456909656525,-0.0,
5997,3770.9706563949585,-0.0,
5998,3771.596423625946,-0.050637804,
5999,3772.221851348877,-0.0046581225,
6000,3772.8463559150696,-0.5007121,
6001,3773.4729199409485,-0.0,
6002,3774.097621679306,-0.0,
6003,3774.7237746715546,-0.072426684,
6004,3775.348712682724,-0.61228174,
6005,3775.9753556251526,-0.0,
6006,3776.5619575977325,-0.29682478,
6007,3777.297910928726,-0.0,
6008,3777.923105955124,-0.33882195,
6009,3778.5466759204865,-0.046380553,
6010,3779.173220872879,-0.0,
6011,3779.7996985912323,-0.109048985,
6012,3780.4241304397583,-0.0,
6013,3781.050499200821,-0.1313859,
6014,3781.6752276420593,-0.0,
6015,3782.301877260208,-0.12667362,
6016,3782.9276852607727,-0.089261144,
6017,3783.553067922592,-0.43243966,
6018,3784.179123401642,-0.07367026,
6019,3784.804401397705,-0.33861154,
6020,3785.4300243854523,-7.0230824e-05,
6021,3786.055512189865,-0.34105057,
6022,3786.6805033683777,-0.0,
6023,3787.3057627677917,-0.28651184,
6024,3787.9317774772644,-0.0,
6025,3788.557757616043,-0.22452393,
6026,3789.182455301285,-0.23044229,
6027,3789.7701506614685,-1.02766615e-10,
6028,3790.50431227684,-0.0,
6029,3791.133248567581,-0.113680206,
6030,3791.7571680545807,-9.4892323e-07,
6031,3792.385531425476,-0.0,
6032,3793.0106949806213,-0.093866736,
6033,3793.6366815567017,-0.04649788,
6034,3794.26246714592,-0.1832991,
6035,3794.8896055221558,-0.021571252,
6036,3795.5161533355713,-0.0,
6037,3796.1422624588013,-0.31003153,
6038,3796.770208835602,-0.11792186,
6039,3797.3968122005463,-0.0,
6040,3798.0238387584686,-0.0,
6041,3798.6499218940735,-2.8192937e-06,
6042,3799.275510787964,-0.26725453,
6043,3799.9033036231995,-0.25410515,
6044,3800.5288002490997,-0.017891224,
6045,3801.1553194522858,-0.062282942,
6046,3801.7821605205536,-0.05246505,
6047,3802.408720970154,-0.004212578,
6048,3802.9963846206665,-0.090123855,
6049,3803.730110645294,-0.3929682,
6050,3804.3574171066284,-0.0,
6051,3804.9818217754364,-0.0,
6052,3805.6091639995575,-4.187866e-07,
6053,3806.2343313694,-0.0,
6054,3806.861151456833,-0.0,
6055,3807.486869573593,-0.034870997,
6056,3808.1135544776917,-0.07658278,
6057,3808.7404153347015,-0.0,
6058,3809.3653485774994,-0.09139274,
6059,3809.9919414520264,-0.03323086,
6060,3810.6183009147644,-0.0,
6061,3811.2446546554565,-0.13041651,
6062,3811.871988296509,-0.024138749,
6063,3812.498715400696,-0.0,
6064,3813.125761270523,-0.282038,
6065,3813.751668691635,-0.0,
6066,3814.3786063194275,-0.0,
6067,3815.004028081894,-2.0346564e-05,
6068,3815.6313769817352,-0.0,
6069,3816.218215227127,-2.3781637e-05,
6070,3816.968832731247,-0.73709583,
6071,3817.597098350525,-0.35601076,
6072,3818.22172665596,-0.116766974,
6073,3818.848691701889,-0.0,
6074,3819.4735989570618,-0.05137367,
6075,3820.1007142066956,-0.1325624,
6076,3820.7269535064697,-0.26056963,
6077,3821.3533203601837,-0.14704347,
6078,3821.981908559799,-0.0,
6079,3822.6121389865875,-0.0,
6080,3823.244331598282,-0.1524281,
6081,3823.869379043579,-0.0,
6082,3824.495792388916,-0.0,
6083,3825.1207892894745,-0.26945406,
6084,3825.746351003647,-0.0,
6085,3826.372478723526,-0.0,
6086,3826.9988489151,-0.22308151,
6087,3827.6267516613007,-0.0,
6088,3828.256503343582,-0.3043125,
6089,3828.8866658210754,-0.0,
6090,3829.4745626449585,-0.8145533,
6091,3830.217008829117,-0.0,
6092,3830.8440895080566,-0.5606023,
6093,3831.4666550159454,-0.06887636,
6094,3832.0941064357758,-0.036216915,
6095,3832.718903541565,-0.24713235,
6096,3833.3458709716797,-0.0,
6097,3833.972172498703,-0.12423743,
6098,3834.5972304344177,-0.0,
6099,3835.2248904705048,-0.22503428,
6100,3835.8498935699463,-0.09764263,
6101,3836.4761753082275,-0.0,
6102,3837.101779937744,-0.0,
6103,3837.7294607162476,-0.33883676,
6104,3838.3570964336395,-0.010315469,
6105,3838.9824442863464,-0.37257263,
6106,3839.6081614494324,-1.0366025e-10,
6107,3840.2344887256622,-0.0,
6108,3840.859436273575,-0.0,
6109,3841.486313343048,-0.46082592,
6110,3842.113471031189,-0.0,
6111,3842.6998472213745,-0.19090113,
6112,3843.4394183158875,-0.2860379,
6113,3844.067016363144,-0.0,
6114,3844.6921331882477,-0.3226042,
6115,3845.3208706378937,-0.14923766,
6116,3845.947096824646,-0.06519075,
6117,3846.5758492946625,-0.24898331,
6118,3847.2018282413483,-0.0,
6119,3847.835015773773,-0.20713246,
6120,3848.4614803791046,-0.0,
6121,3849.08798122406,-0.0,
6122,3849.712956428528,-0.07934095,
6123,3850.3401029109955,-0.0,
6124,3850.966642141342,-0.4756418,
6125,3851.599874019623,-0.08476714,
6126,3852.22780585289,-0.08080946,
6127,3852.8529443740845,-0.2405603,
6128,3853.4783160686493,-0.0005063341,
6129,3854.1038756370544,-0.0,
6130,3854.7303047180176,-0.0,
6131,3855.3560893535614,-0.027895387,
6132,3855.9416851997375,-0.0,
6133,3856.674818754196,-0.0,
6134,3857.3011333942413,-0.0008884139,
6135,3857.925671339035,-0.0,
6136,3858.5513195991516,-0.55353487,
6137,3859.1775534152985,-0.0,
6138,3859.804198741913,-0.028094057,
6139,3860.4301471710205,-0.17760336,
6140,3861.0557441711426,-0.26656336,
6141,3861.681891441345,-0.110606804,
6142,3862.307359933853,-0.15036468,
6143,3862.935179233551,-0.0,
6144,3863.5602033138275,-0.101084486,
6145,3864.1870906352997,-0.0,
6146,3864.8112127780914,-0.14274345,
6147,3865.4375987052917,-0.0,
6148,3866.0630605220795,-0.06483178,
6149,3866.689026594162,-0.0,
6150,3867.3152101039886,-0.46901312,
6151,3867.9395475387573,-0.023016607,
6152,3868.5653307437897,-0.0,
6153,3869.1515653133392,-0.0,
6154,3869.9027020931244,-0.06284957,
6155,3870.5297486782074,-0.0,
6156,3871.153594493866,-0.02978095,
6157,3871.7812311649323,-0.09793606,
6158,3872.4057157039642,-0.17099805,
6159,3873.0324306488037,-0.32817638,
6160,3873.658884048462,-0.3612376,
6161,3874.2844083309174,-0.5561959,
6162,3874.9109694957733,-0.15798537,
6163,3875.53594827652,-0.40557298,
6164,3876.1634950637817,-0.3262952,
6165,3876.7884480953217,-0.18370941,
6166,3877.4133462905884,-0.22279468,
6167,3878.0401129722595,-0.13792276,
6168,3878.664875268936,-0.062299192,
6169,3879.291433095932,-0.03120541,
6170,3879.916528701782,-0.0,
6171,3880.5426766872406,-0.03288881,
6172,3881.1697573661804,-0.007945595,
6173,3881.7947964668274,-0.0,
6174,3882.382680416107,-0.0,
6175,3883.1152124404907,-0.01370416,
6176,3883.7434601783752,-0.24628976,
6177,3884.366320848465,-7.576828e-09,
6178,3884.9942815303802,-0.0,
6179,3885.618593931198,-0.07238437,
6180,3886.2441952228546,-0.05552564,
6181,3886.8700647354126,-0.39617226,
6182,3887.494705915451,-0.14776714,
6183,3888.1207118034363,-0.11550739,
6184,3888.7463302612305,-0.29571158,
6185,3889.371530532837,-0.18856403,
6186,3889.9971919059753,-0.0,
6187,3890.6229004859924,-0.0005326726,
6188,3891.249056339264,-0.35094893,
6189,3891.87437415123,-0.41149333,
6190,3892.4994950294495,-0.034010574,
6191,3893.1253740787506,-0.0,
6192,3893.751154899597,-0.0,
6193,3894.3773362636566,-0.3213903,
6194,3895.002623319626,-0.36926594,
6195,3895.589508533478,-0.0,
6196,3896.322154045105,-0.006666228,
6197,3896.9481213092804,-0.0,
6198,3897.5714948177338,-0.08542569,
6199,3898.198025226593,-0.14061145,
6200,3898.8221514225006,-0.006930159,
6201,3899.447138786316,-0.118990466,
6202,3900.0732321739197,-0.12548709,
6203,3900.6983213424683,-0.264984,
6204,3901.323509454727,-2.0553323e-10,
6205,3901.9496970176697,-0.47655934,
6206,3902.5755562782288,-0.34041792,
6207,3903.201265335083,-0.19732365,
6208,3903.8263607025146,-0.14584872,
6209,3904.4521567821503,-0.0,
6210,3905.0774047374725,-3.6879712e-05,
6211,3905.702786207199,-0.08653824,
6212,3906.3283681869507,-0.29973647,
6213,3906.9536275863647,-0.029784942,
6214,3907.57981300354,-0.26761284,
6215,3908.2042570114136,-0.12092614,
6216,3908.790529489517,-0.0,
6217,3909.5382874011993,-0.15549207,
6218,3910.1645941734314,-0.0,
6219,3910.789594888687,-0.0,
6220,3911.416629076004,-0.0,
6221,3912.041511774063,-0.12073666,
6222,3912.6677730083466,-0.15396713,
6223,3913.2927734851837,-0.105676964,
6224,3913.9192185401917,-0.40361005,
6225,3914.5453062057495,-0.035819594,
6226,3915.1708443164825,-0.0,
6227,3915.795716524124,-0.0,
6228,3916.4216187000275,-0.009105334,
6229,3917.0483458042145,-0.21999921,
6230,3917.6735780239105,-0.08303129,
6231,3918.299532175064,-0.15025336,
6232,3918.9252693653107,-0.5696044,
6233,3919.550516843796,-0.0,
6234,3920.1765763759613,-0.4618669,
6235,3920.8015990257263,-0.25603512,
6236,3921.428183078766,-0.0,
6237,3922.015027284622,-0.17225972,
6238,3922.7480380535126,-0.05498468,
6239,3923.3779463768005,-0.0,
6240,3924.0022518634796,-0.3160035,
6241,3924.636229276657,-0.0942566,
6242,3925.2606885433197,-0.4427828,
6243,3925.8863711357117,-0.048156455,
6244,3926.5123143196106,-0.3098218,
6245,3927.1370799541473,-0.34168968,
6246,3927.76442193985,-0.0,
6247,3928.3877761363983,-0.15874591,
6248,3929.0148870944977,-0.0,
6249,3929.6392645835876,-0.04880879,
6250,3930.2648034095764,-0.028854076,
6251,3930.890897512436,-0.24665745,
6252,3931.5154659748077,-0.0,
6253,3932.1417105197906,-0.0,
6254,3932.7666022777557,-0.0,
6255,3933.3934354782104,-0.0,
6256,3934.0185329914093,-0.007030043,
6257,3934.6459288597107,-0.0,
6258,3935.2345728874207,-0.0,
6259,3935.973866701126,-0.0,
6260,3936.6012365818024,-0.1732167,
6261,3937.225526571274,-0.10720502,
6262,3937.8514811992645,-0.08565415,
6263,3938.4770452976227,-0.0,
6264,3939.105034351349,-0.028370863,
6265,3939.7305195331573,-0.052992176,
6266,3940.3563270568848,-0.55835056,
6267,3940.983011007309,-0.0,
6268,3941.6078658103943,-0.0070665954,
6269,3942.233910560608,-0.17983955,
6270,3942.8607149124146,-0.0,
6271,3943.486009120941,-0.06736754,
6272,3944.111494064331,-0.06793983,
6273,3944.7384283542633,-0.0,
6274,3945.365757226944,-0.0,
6275,3945.9913494586945,-0.0,
6276,3946.616330385208,-0.23377006,
6277,3947.241946220398,-0.06548154,
6278,3947.8681156635284,-0.004493949,
6279,3948.4550380706787,-0.0,
6280,3949.186767101288,-0.0,
6281,3949.813909292221,-4.647129e-09,
6282,3950.4384615421295,-0.0,
6283,3951.0670862197876,-0.4384052,
6284,3951.6924571990967,-0.046284582,
6285,3952.3187708854675,-0.11095007,
6286,3952.946367740631,-0.055731893,
6287,3953.571366548538,-0.48988047,
6288,3954.1991605758667,-0.0,
6289,3954.8253424167633,-0.24116251,
6290,3955.452020406723,-0.05063526,
6291,3956.0787773132324,-0.0,
6292,3956.7047171592712,-0.0,
6293,3957.331928253174,-0.0044986038,
6294,3957.956843852997,-0.13602927,
6295,3958.5838298797607,-0.0,
6296,3959.2097005844116,-0.0,
6297,3959.8356351852417,-0.012438951,
6298,3960.4612970352173,-0.2741032,
6299,3961.086617231369,-0.0,
6300,3961.6726293563843,-0.0,
6301,3962.425356864929,-0.30629617,
6302,3963.0530128479004,-0.0,
6303,3963.6766154766083,-0.0,
6304,3964.3038227558136,-0.0,
6305,3964.9280440807343,-0.04767538,
6306,3965.555438518524,-0.06961692,
6307,3966.183142185211,-0.0,
6308,3966.812971830368,-0.0,
6309,3967.4408802986145,-0.017375305,
6310,3968.0657589435577,-0.0,
6311,3968.6920483112335,-0.07344593,
6312,3969.3174946308136,-0.0530602,
6313,3969.94242143631,-0.28081745,
6314,3970.5680470466614,-0.61789787,
6315,3971.19309091568,-0.7881042,
6316,3971.8194942474365,-0.13836697,
6317,3972.444876909256,-0.28222013,
6318,3973.071385383606,-0.14096123,
6319,3973.6969261169434,-0.097360596,
6320,3974.320959329605,-0.50042987,
6321,3974.908280611038,-0.0,
6322,3975.654969930649,-0.22974151,
6323,3976.282096862793,-0.05986057,
6324,3976.90882897377,-0.059723098,
6325,3977.537521839142,-0.025047293,
6326,3978.162932395935,-0.19179943,
6327,3978.790186405182,-0.0,
6328,3979.4171941280365,-0.007057108,
6329,3980.0423295497894,-0.06837143,
6330,3980.669974565506,-0.071992174,
6331,3981.2950015068054,-0.15390341,
6332,3981.921512365341,-0.0,
6333,3982.5482654571533,-0.27307615,
6334,3983.173982143402,-0.0,
6335,3983.7994360923767,-0.15674365,
6336,3984.4256341457367,-0.0,
6337,3985.0506784915924,-0.017693121,
6338,3985.6776247024536,-0.2201876,
6339,3986.303418636322,-0.09011561,
6340,3986.928988456726,-0.059838235,
6341,3987.5560171604156,-0.0,
6342,3988.141508579254,-0.0,
6343,3988.8728754520416,-0.076834455,
6344,3989.499420642853,-0.032800652,
6345,3990.123427629471,-0.444454,
6346,3990.749102830887,-0.106484234,
6347,3991.374323606491,-0.2789005,
6348,3992.000400543213,-0.14117329,
6349,3992.626523733139,-0.18850069,
6350,3993.2516753673553,-0.008682504,
6351,3993.8765432834625,-0.10732989,
6352,3994.5023918151855,-0.073239595,
6353,3995.1272654533386,-0.0,
6354,3995.7531321048737,-0.09328474,
6355,3996.378401994705,-0.0,
6356,3997.003486394882,-0.14922075,
6357,3997.6294543743134,-0.029913235,
6358,3998.2536401748657,-0.0,
6359,3998.8792672157288,-0.0,
6360,3999.5034770965576,-0.0,
6361,4000.1279170513153,-0.05855603,
6362,4000.752594232559,-0.027762134,
6363,4001.3389863967896,-0.14539179,
6364,4002.0625483989716,-0.375586,
6365,4002.6896076202393,-0.0,
6366,4003.3116052150726,-0.0,
6367,4003.9395065307617,-0.16305438,
6368,4004.562958717346,-0.31303748,
6369,4005.189224243164,-0.0,
6370,4005.8136615753174,-0.31172544,
6371,4006.4404826164246,-0.0,
6372,4007.0652072429657,-0.0,
6373,4007.690041542053,-0.0,
6374,4008.3162302970886,-0.21318336,
6375,4008.942198753357,-4.7683577e-09,
6376,4009.5675687789917,-0.18626603,
6377,4010.192897081375,-0.08795853,
6378,4010.818712234497,-5.927842e-07,
6379,4011.4445192813873,-0.078263976,
6380,4012.071877002716,-0.045505725,
6381,4012.6977183818817,-0.0,
6382,4013.3229706287384,-0.06845125,
6383,4013.9483568668365,-0.16105741,
6384,4014.5351288318634,-3.535863e-09,
6385,4015.276656627655,-4.9728085e-05,
6386,4015.903434753418,-0.24605091,
6387,4016.5267276763916,-0.2153935,
6388,4017.155556678772,-0.0,
6389,4017.7829010486603,-0.16154537,
6390,4018.4081761837006,-0.1467487,
6391,4019.0349309444427,-0.0,
6392,4019.658271074295,-0.046036564,
6393,4020.285438299179,-5.4311287e-05,
6394,4020.9094140529633,-0.0,
6395,4021.536424636841,-0.0,
6396,4022.1616163253784,-0.0,
6397,4022.7849400043488,-1.536507e-06,
6398,4023.4116084575653,-0.0012198512,
6399,4024.0352234840393,-0.14195628,
6400,4024.6620264053345,-0.2567936,
6401,4025.2854492664337,-0.0,
6402,4025.911178588867,-0.22822477,
6403,4026.535803794861,-0.07614815,
6404,4027.1600630283356,-0.016196012,
6405,4027.745227575302,-4.4787055e-07,
6406,4028.501989364624,-0.25180694,
6407,4029.1282591819763,-0.016112227,
6408,4029.752913713455,-0.4847106,
6409,4030.383493900299,-0.06925442,
6410,4031.0099217891693,-2.0377652e-10,
6411,4031.6362748146057,-0.0,
6412,4032.262782096863,-0.023336355,
6413,4032.889872074127,-0.09542703,
6414,4033.5146255493164,-0.0,
6415,4034.1401319503784,-0.15664878,
6416,4034.7653062343597,-0.0,
6417,4035.391696214676,-0.003206305,
6418,4036.016147851944,-0.06403649,
6419,4036.6410245895386,-0.03381256,
6420,4037.2671105861664,-0.16916965,
6421,4037.891327857971,-0.05038906,
6422,4038.516683578491,-0.014039873,
6423,4039.142304420471,-0.0,
6424,4039.767960548401,-0.2893241,
6425,4040.392029285431,-0.0,
6426,4040.979837179184,-0.0,
6427,4041.718713283539,-0.2670782,
6428,4042.3461718559265,-0.0,
6429,4042.968297481537,-0.17866051,
6430,4043.5967948436737,-0.0,
6431,4044.221668958664,-0.0,
6432,4044.847189426422,-0.0020384016,
6433,4045.47216963768,-0.0034012604,
6434,4046.0960750579834,-0.3132694,
6435,4046.7211287021637,-6.113295e-10,
6436,4047.347433567047,-0.05386778,
6437,4047.972507715225,-0.28055242,
6438,4048.5969281196594,-0.32396445,
6439,4049.222599506378,-0.0,
6440,4049.8473942279816,-0.20377557,
6441,4050.4734687805176,-0.3754562,
6442,4051.097598552704,-0.07071304,
6443,4051.7240295410156,-0.20808542,
6444,4052.3486795425415,-0.23011196,
6445,4052.978851079941,-0.117596544,
6446,4053.604588985443,-0.0,
6447,4054.1905965805054,-0.0010146314,
6448,4054.929799079895,-0.48907936,
6449,4055.555132627487,-0.39892894,
6450,4056.177652359009,-0.1543763,
6451,4056.804615497589,-0.24646087,
6452,4057.4289169311523,-0.27715883,
6453,4058.0541014671326,-0.09858339,
6454,4058.680406332016,-0.14487441,
6455,4059.3042755126953,-0.0,
6456,4059.929538965225,-0.0,
6457,4060.553197145462,-0.0,
6458,4061.177820920944,-0.0,
6459,4061.8027539253235,-0.11151935,
6460,4062.428551673889,-0.02973651,
6461,4063.0515899658203,-0.069319695,
6462,4063.676430463791,-0.07405715,
6463,4064.301932811737,-0.2660475,
6464,4064.926873445511,-0.62971896,
6465,4065.5509719848633,-0.0,
6466,4066.176374912262,-0.347902,
6467,4066.801584482193,-0.0,
6468,4067.387900829315,-0.0,
6469,4068.1334590911865,-0.30457902,
6470,4068.761323451996,-0.5668792,
6471,4069.383942604065,-0.17907792,
6472,4070.01024889946,-0.033352584,
6473,4070.633852481842,-0.2606294,
6474,4071.259498357773,-0.0,
6475,4071.8836436271667,-0.36881185,
6476,4072.5082473754883,-0.0,
6477,4073.133983850479,-0.25973138,
6478,4073.7608165740967,-0.0,
6479,4074.386302947998,-0.13877258,
6480,4075.0102536678314,-0.22511518,
6481,4075.635757446289,-0.0,
6482,4076.2598650455475,-0.111969404,
6483,4076.8862998485565,-0.055758826,
6484,4077.510979652405,-0.11258742,
6485,4078.136606693268,-0.1834993,
6486,4078.7616493701935,-0.0754745,
6487,4079.385624885559,-0.07072426,
6488,4080.011241912842,-0.0,
6489,4080.597503185272,-0.008527022,
6490,4081.3581759929657,-0.16563998,
6491,4081.9851071834564,-0.005148626,
6492,4082.6072449684143,-0.05048554,
6493,4083.234840154648,-0.009905951,
6494,4083.8599214553833,-0.42889154,
6495,4084.487188100815,-0.0,
6496,4085.1126120090485,-0.07392313,
6497,4085.736612558365,-0.1836048,
6498,4086.362586259842,-0.1309829,
6499,4086.987425804138,-0.5247504,
6500,4087.611660003662,-0.037338603,
6501,4088.2366592884064,-0.2418131,
6502,4088.862454175949,-0.0,
6503,4089.487313747406,-0.031017696,
6504,4090.113334417343,-0.0777557,
6505,4090.7373671531677,-0.00049862266,
6506,4091.3629310131073,-0.10916318,
6507,4091.9864172935486,-0.9106685,
6508,4092.6116304397583,-0.051219456,
6509,4093.2358996868134,-0.0,
6510,4093.82271361351,-0.29224378,
6511,4094.573690891266,-0.0,
6512,4095.1992144584656,-0.07200464,
6513,4095.8221378326416,-0.09130875,
6514,4096.449176073074,-0.02006827,
6515,4097.0736355781555,-0.2145663,
6516,4097.700745820999,-0.033557165,
6517,4098.327482223511,-0.29024276,
6518,4098.953326702118,-0.0,
6519,4099.578897953033,-0.35725644,
6520,4100.204397678375,-0.44372708,
6521,4100.830741405487,-0.07727686,
6522,4101.457060098648,-0.0,
6523,4102.082336425781,-0.0,
6524,4102.709693908691,-0.008745458,
6525,4103.334322929382,-0.0,
6526,4103.959683418274,-0.045099,
6527,4104.585913896561,-0.08795614,
6528,4105.211502790451,-0.2060264,
6529,4105.836283445358,-0.065738074,
6530,4106.460838794708,-0.0,
6531,4107.047194242477,-0.10956178,
6532,4107.799768209457,-0.021045154,
6533,4108.426361322403,-0.03388071,
6534,4109.048170804977,-0.22289865,
6535,4109.675225734711,-0.0014911762,
6536,4110.298913240433,-0.3715841,
6537,4110.92400097847,-0.2426217,
6538,4111.549184322357,-0.0,
6539,4112.1725306510925,-0.047733225,
6540,4112.7972066402435,-8.529588e-09,
6541,4113.421351909637,-0.5491632,
6542,4114.047586679459,-0.03681622,
6543,4114.67138838768,-0.03411738,
6544,4115.296162605286,-0.7761145,
6545,4115.920454025269,-0.20514426,
6546,4116.546105861664,-0.16224155,
6547,4117.172462940216,-0.0,
6548,4117.796368360519,-0.19498357,
6549,4118.422226667404,-0.0,
6550,4119.04603099823,-0.0,
6551,4119.67188000679,-0.0,
6552,4120.257485628128,-0.21485373,
6553,4121.015005350113,-0.0,
6554,4121.642043828964,-0.0,
6555,4122.26686501503,-9.7712526e-11,
6556,4122.893970012665,-0.026193786,
6557,4123.518216371536,-0.14868768,
6558,4124.143918514252,-0.08685618,
6559,4124.770278453827,-0.17959042,
6560,4125.394480466843,-0.29871747,
6561,4126.02260351181,-0.24243394,
6562,4126.6483743190765,-0.07576655,
6563,4127.2751932144165,-0.0,
6564,4127.90834736824,-0.024495348,
6565,4128.533992290497,-0.114208505,
6566,4129.159964084625,-1.01888276e-10,
6567,4129.783550024033,-0.05756711,
6568,4130.409336805344,-0.14258134,
6569,4131.033962249756,-0.41118133,
6570,4131.660179615021,-0.062416814,
6571,4132.2850840091705,-0.0,
6572,4132.909494876862,-0.0,
6573,4133.495824098587,-0.0,
6574,4134.235295057297,-0.0,
6575,4134.862790107727,-0.0,
6576,4135.484375953674,-0.014737569,
6577,4136.110539674759,-0.17478034,
6578,4136.736463546753,-0.06492945,
6579,4137.361121892929,-0.12587607,
6580,4137.986772298813,-0.19111018,
6581,4138.610800266266,-0.0,
6582,4139.235976696014,-0.1004925,
6583,4139.86087346077,-0.24029219,
6584,4140.485477209091,-0.0,
6585,4141.110888004303,-0.14434162,
6586,4141.737374544144,-0.6252522,
6587,4142.361164331436,-0.0,
6588,4142.986972093582,-0.11194992,
6589,4143.610787630081,-0.0,
6590,4144.236778497696,-0.0,
6591,4144.864318847656,-0.07130149,
6592,4145.4897084236145,-0.11381066,
6593,4146.115849018097,-0.14601988,
6594,4146.701112508774,-0.30900735,
6595,4147.419152259827,-0.10273254,
6596,4148.046278476715,-0.0,
6597,4148.668715715408,-0.29055372,
6598,4149.296587228775,-0.0,
6599,4149.92121386528,-0.15716541,
6600,4150.546152114868,-0.0,
6601,4151.172365427017,-0.0,
6602,4151.7963235378265,-0.0,
6603,4152.422031402588,-0.00043292175,
6604,4153.04705452919,-0.16397436,
6605,4153.672278642654,-0.0,
6606,4154.297344684601,-1.3068723e-07,
6607,4154.925393819809,-0.0,
6608,4155.552049636841,-0.0,
6609,4156.176682472229,-0.00027213065,
6610,4156.802773952484,-0.38287845,
6611,4157.4285798072815,-0.0,
6612,4158.054391622543,-0.002706618,
6613,4158.679803371429,-0.22081843,
6614,4159.304422855377,-0.0,
6615,4159.890825033188,-0.0,
6616,4160.6250784397125,-0.111020364,
6617,4161.25390291214,-0.22900264,
6618,4161.879028081894,-0.0,
6619,4162.5064017772675,-0.1415294,
6620,4163.13130068779,-0.0,
6621,4163.75696849823,-0.029796146,
6622,4164.381787538528,-0.16954431,
6623,4165.008054018021,-0.0,
6624,4165.63371348381,-0.0,
6625,4166.259763717651,-0.0,
6626,4166.886068344116,-0.0,
6627,4167.511308431625,-0.06268953,
6628,4168.136858701706,-0.17800562,
6629,4168.761897802353,-0.11393918,
6630,4169.388135671616,-0.51396394,
6631,4170.013316869736,-1.0366025e-10,
6632,4170.638725757599,-0.09408842,
6633,4171.263742446899,-0.0,
6634,4171.8897569179535,-4.040992e-10,
6635,4172.51398730278,-0.0,
6636,4173.100403785706,-0.0,
6637,4173.839530944824,-0.44159222,
6638,4174.466545820236,-0.036902327,
6639,4175.08940243721,-0.061592054,
6640,4175.717609882355,-4.3161874e-09,
6641,4176.340829372406,-3.4832115e-07,
6642,4176.966583013535,-0.2714182,
6643,4177.592317819595,-0.18551545,
6644,4178.216767072678,-0.0,
6645,4178.842465877533,-0.04666829,
6646,4179.466815710068,-0.44063124,
6647,4180.0923364162445,-0.0,
6648,4180.717684030533,-0.030363958,
6649,4181.343705177307,-1.0800774e-07,
6650,4181.968659877777,-0.0,
6651,4182.593256950378,-0.7166981,
6652,4183.218698501587,-0.08561554,
6653,4183.844319105148,-0.047721665,
6654,4184.469614982605,-0.0,
6655,4185.093899726868,-0.0,
6656,4185.720391511917,-0.06528756,
6657,4186.30587720871,-3.86153e-06,
6658,4187.028626680374,-0.0,
6659,4187.65767788887,-0.023890547,
6660,4188.2827434539795,-0.0,
6661,4188.910021781921,-0.0015151546,
6662,4189.534862995148,-0.093343,
6663,4190.161273479462,-0.45827764,
6664,4190.787691116333,-0.0,
6665,4191.412136554718,-0.11253003,
6666,4192.038561344147,-0.048082992,
6667,4192.662434101105,-0.0,
6668,4193.28768324852,-0.0,
6669,4193.912600040436,-0.015360373,
6670,4194.538645744324,-0.07610293,
6671,4195.163953781128,-0.0,
6672,4195.789654254913,-0.2097075,
6673,4196.418510437012,-0.19856676,
6674,4197.043061971664,-0.19158271,
6675,4197.668688058853,-0.0,
6676,4198.293619394302,-3.973642e-10,
6677,4198.919515132904,-0.10610759,
6678,4199.507211923599,-0.039998993,
6679,4200.241692304611,-0.0,
6680,4200.8703417778015,-2.0035151e-09,
6681,4201.493527650833,-0.0,
6682,4202.121447324753,-0.13025132,
6683,4202.745466470718,-0.04013958,
6684,4203.370096683502,-0.14412776,
6685,4203.996413946152,-0.32032824,
6686,4204.621110200882,-0.050669856,
6687,4205.247442245483,-0.0,
6688,4205.873624801636,-0.039868336,
6689,4206.498224973679,-0.14522426,
6690,4207.122725725174,-0.00036120575,
6691,4207.747461795807,-0.0,
6692,4208.372066497803,-0.2909109,
6693,4208.997195720673,-0.031765275,
6694,4209.621261835098,-2.0204963e-10,
6695,4210.246515512466,-0.1682931,
6696,4210.872658729553,-0.3016466,
6697,4211.499084472656,-6.628193e-08,
6698,4212.1296100616455,-0.34509525,
6699,4212.723129749298,-0.0,
6700,4213.472789049149,-0.22687082,
6701,4214.099413633347,-0.0,
6702,4214.72381234169,-0.07245811,
6703,4215.350470542908,-0.0,
6704,4215.976405620575,-0.0,
6705,4216.602811098099,-0.07748233,
6706,4217.228980541229,-0.22014482,
6707,4217.854787826538,-0.04932176,
6708,4218.480085611343,-0.2211369,
6709,4219.105044364929,-0.17119423,
6710,4219.732372999191,-0.08272658,
6711,4220.357837438583,-0.0,
6712,4220.983532190323,-0.12284867,
6713,4221.611849784851,-0.1698256,
6714,4222.236869335175,-0.26522207,
6715,4222.8617923259735,-0.07603573,
6716,4223.487404584885,-0.081054494,
6717,4224.113327503204,-0.13907756,
6718,4224.739807367325,-0.31647974,
6719,4225.364574670792,-0.0,
6720,4225.95165514946,-0.10900054,
6721,4226.687339305878,-0.0,
6722,4227.31672334671,-0.0,
6723,4227.939586877823,-0.5577977,
6724,4228.5668613910675,-0.11501416,
6725,4229.19123840332,-0.18070576,
6726,4229.816670894623,-0.0,
6727,4230.441575527191,-0.49411157,
6728,4231.067390680313,-0.3730412,
6729,4231.692783355713,-0.033888318,
6730,4232.31911110878,-0.058573704,
6731,4232.944309949875,-0.0,
6732,4233.570584535599,-4.16618e-07,
6733,4234.195411682129,-0.14079762,
6734,4234.82001376152,-0.033127658,
6735,4235.444972991943,-0.0,
6736,4236.070599794388,-0.013263675,
6737,4236.696382522583,-0.105343804,
6738,4237.323837041855,-0.0,
6739,4237.9496195316315,-0.0,
6740,4238.574902057648,-0.14805703,
6741,4239.160642385483,-0.012907868,
6742,4239.9033896923065,-0.34849772,
6743,4240.535116434097,-0.015546774,
6744,4241.15785241127,-0.014343938,
6745,4241.786099433899,-0.033918086,
6746,4242.411278486252,-0.0,
6747,4243.036353349686,-0.05360965,
6748,4243.663032531738,-0.019015823,
6749,4244.286648988724,-0.0,
6750,4244.913005828857,-0.2282072,
6751,4245.537482500076,-0.0,
6752,4246.164900064468,-0.1381894,
6753,4246.789449453354,-0.0,
6754,4247.415923118591,-0.037532605,
6755,4248.04335975647,-0.0,
6756,4248.67077589035,-0.14205699,
6757,4249.2985060215,-0.2303659,
6758,4249.92533826828,-0.0,
6759,4250.551585674286,-0.0,
6760,4251.177145957947,-0.19846198,
6761,4251.802749156952,-0.025409853,
6762,4252.390012979507,-0.0,
6763,4253.127915859222,-0.043140907,
6764,4253.754931926727,-0.0,
6765,4254.378243923187,-0.1070683,
6766,4255.0040855407715,-0.0,
6767,4255.629045724869,-0.045661833,
6768,4256.254761695862,-0.040036805,
6769,4256.881368398666,-0.1103056,
6770,4257.506252288818,-0.46208495,
6771,4258.13277387619,-0.059732616,
6772,4258.7587242126465,-4.457708e-08,
6773,4259.382249355316,-0.0,
6774,4260.009695529938,-0.26413983,
6775,4260.6352186203,-0.0,
6776,4261.259716749191,-0.0,
6777,4261.886726140976,-0.09708836,
6778,4262.512329339981,-0.19043306,
6779,4263.138657331467,-0.0,
6780,4263.7641389369965,-0.023636501,
6781,4264.388692140579,-0.41337824,
6782,4265.013248920441,-0.005195492,
6783,4265.60005402565,-0.014757121,
6784,4266.336357116699,-0.0,
6785,4266.962990283966,-0.0,
6786,4267.587203741074,-0.046215832,
6787,4268.21413564682,-0.0,
6788,4268.838646173477,-0.0,
6789,4269.463587999344,-0.018586202,
6790,4270.0900201797485,-0.42519623,
6791,4270.716512441635,-0.17562857,
6792,4271.341152667999,-0.0,
6793,4271.966910839081,-0.0,
6794,4272.592908143997,-0.98770607,
6795,4273.223362207413,-0.10845424,
6796,4273.849120140076,-0.23743717,
6797,4274.474191188812,-0.6093803,
6798,4275.099107027054,-0.219909,
6799,4275.724219560623,-0.13719305,
6800,4276.349209070206,-0.010863255,
6801,4276.974784374237,-0.0,
6802,4277.600140333176,-0.2465702,
6803,4278.225266933441,-0.09466709,
6804,4278.811412572861,-0.11983408,
6805,4279.533943653107,-0.006424251,
6806,4280.161698818207,-0.057261556,
6807,4280.785954236984,-0.0,
6808,4281.414270401001,-0.08549742,
6809,4282.039028644562,-0.31840473,
6810,4282.664825201035,-0.15948208,
6811,4283.291902303696,-0.09267351,
6812,4283.916438579559,-0.17919093,
6813,4284.541499137878,-3.6518824e-05,
6814,4285.166400432587,-0.10319185,
6815,4285.792074680328,-0.3154269,
6816,4286.417706489563,-0.027430713,
6817,4287.042414188385,-0.0,
6818,4287.668656349182,-0.2962287,
6819,4288.292667627335,-0.46427512,
6820,4288.919389486313,-0.0,
6821,4289.5445301532745,-0.0,
6822,4290.17054772377,-0.0,
6823,4290.797183275223,-0.34910044,
6824,4291.421623706818,-0.0,
6825,4292.009260416031,-0.0,
6826,4292.732848167419,-0.0,
6827,4293.360543489456,-0.03995327,
6828,4293.98427271843,-0.0,
6829,4294.612911462784,-0.1858623,
6830,4295.238775730133,-0.0,
6831,4295.864802122116,-0.0,
6832,4296.491325855255,-0.14388281,
6833,4297.116076231003,-0.020408317,
6834,4297.742221832275,-0.0,
6835,4298.368706703186,-0.21790084,
6836,4298.994724035263,-0.1373511,
6837,4299.62020945549,-0.10344609,
6838,4300.246771335602,-0.15756358,
6839,4300.871300697327,-0.18486118,
6840,4301.495811700821,-0.0,
6841,4302.122194766998,-0.3859035,
6842,4302.747690200806,-0.0,
6843,4303.373701810837,-0.0,
6844,4303.999195575714,-0.038420927,
6845,4304.624876022339,-0.031856474,
6846,4305.211408138275,-0.041425347,
6847,4305.9481592178345,-0.0,
6848,4306.576193332672,-0.069887586,
6849,4307.199551343918,-0.0,
6850,4307.826721906662,-0.0,
6851,4308.452465057373,-0.09672741,
6852,4309.078177213669,-0.0,
6853,4309.704285144806,-0.14083335,
6854,4310.3298552036285,-0.0,
6855,4310.956662654877,-0.0,
6856,4311.583602428436,-0.0,
6857,4312.208958148956,-0.21270244,
6858,4312.835640192032,-0.45684364,
6859,4313.461846828461,-0.4185046,
6860,4314.087409734726,-0.0,
6861,4314.71298122406,-0.17586112,
6862,4315.339176416397,-0.0,
6863,4315.964480400085,-0.0,
6864,4316.590831279755,-0.0228508,
6865,4317.215782880783,-2.0204942e-09,
6866,4317.843208789825,-0.18060192,
6867,4318.42947936058,-0.0,
6868,4319.171516418457,-0.0,
6869,4319.799761533737,-0.7142801,
6870,4320.424884080887,-8.9000096e-08,
6871,4321.0508806705475,-0.71243834,
6872,4321.674998760223,-0.3951894,
6873,4322.30216550827,-0.050810713,
6874,4322.927670240402,-0.51858485,
6875,4323.552997350693,-0.046700712,
6876,4324.179325342178,-0.07578181,
6877,4324.805580615997,-0.0,
6878,4325.429872274399,-0.0,
6879,4326.056793451309,-0.0008028921,
6880,4326.681778907776,-0.115112565,
6881,4327.307781219482,-0.0,
6882,4327.934273719788,-0.1705688,
6883,4328.559171199799,-0.18224218,
6884,4329.185982465744,-0.10411527,
6885,4329.811896324158,-0.0,
6886,4330.4382174015045,-0.034788866,
6887,4331.063048124313,-0.21812129,
6888,4331.649816274643,-0.22543505,
6889,4332.388074874878,-0.0,
6890,4333.01651930809,-0.0,
6891,4333.641631364822,-0.076590866,
6892,4334.269727706909,-0.0,
6893,4334.898528575897,-0.25668913,
6894,4335.524580717087,-0.051921386,
6895,4336.1519458293915,-0.0,
6896,4336.777416944504,-0.007505227,
6897,4337.404015302658,-0.28661457,
6898,4338.030113935471,-0.0,
6899,4338.655902862549,-0.0,
6900,4339.282613039017,-0.44082218,
6901,4339.908215522766,-0.0,
6902,4340.534906625748,-0.008220531,
6903,4341.1599361896515,-0.16655721,
6904,4341.784316778183,-0.5412572,
6905,4342.411563873291,-0.04758603,
6906,4343.035718202591,-0.0,
6907,4343.6613602638245,-0.73124623,
6908,4344.287990093231,-0.0,
6909,4344.87691617012,-0.0044955383,
6910,4345.600904941559,-0.014320927,
6911,4346.22744512558,-1.0017587e-10,
6912,4346.85142660141,-0.0,
6913,4347.479925394058,-0.041372336,
6914,4348.103484630585,-0.03515996,
6915,4348.730984449387,-3.9768032e-08,
6916,4349.357857942581,-0.24002059,
6917,4349.986172914505,-0.21891975,
6918,4350.6131472587585,-0.0,
6919,4351.238019943237,-0.10567923,
6920,4351.864305734634,-0.0,
6921,4352.490127325058,-0.054868422,
6922,4353.1149389743805,-0.0,
6923,4353.740831375122,-0.0,
6924,4354.365870952606,-0.0,
6925,4354.9925973415375,-6.519776e-06,
6926,4355.618263721466,-0.0,
6927,4356.243354320526,-0.20534775,
6928,4356.869188547134,-0.0,
6929,4357.493319749832,-0.009624733,
6930,4358.07936000824,-0.0,
6931,4358.81342291832,-0.10466043,
6932,4359.4395887851715,-0.06845569,
6933,4360.063817739487,-0.44511262,
6934,4360.690570116043,-0.0,
6935,4361.316383838654,-0.2550833,
6936,4361.94233751297,-0.0,
6937,4362.568670511246,-0.0,
6938,4363.194041728973,-0.62916267,
6939,4363.818699359894,-0.42351848,
6940,4364.44536948204,-0.07039416,
6941,4365.070236206055,-0.0,
6942,4365.6970109939575,-0.09442137,
6943,4366.321985960007,-0.0,
6944,4366.946885108948,-0.099422164,
6945,4367.573936700821,-0.0,
6946,4368.19845366478,-0.0,
6947,4368.826296567917,-0.020372339,
6948,4369.450179815292,-0.0,
6949,4370.077887535095,-0.0,
6950,4370.704724550247,-0.042855076,
6951,4371.2909071445465,-0.043016143,
6952,4372.020444393158,-0.091123804,
6953,4372.647933006287,-0.0,
6954,4373.271885633469,-0.056367975,
6955,4373.8996415138245,-0.19799273,
6956,4374.525669336319,-0.0,
6957,4375.1521763801575,-0.16093124,
6958,4375.778762102127,-0.0,
6959,4376.403554916382,-0.1633729,
6960,4377.030852556229,-2.2591246e-08,
6961,4377.656799077988,-0.0,
6962,4378.282777786255,-0.23087457,
6963,4378.907853603363,-0.0,
6964,4379.533466100693,-0.0,
6965,4380.160263061523,-0.00407615,
6966,4380.785428285599,-0.17321917,
6967,4381.411079645157,-0.13273871,
6968,4382.037812709808,-0.43032908,
6969,4382.662746667862,-0.30230612,
6970,4383.288838863373,-0.26608017,
6971,4383.913778066635,-0.0,
6972,4384.500656366348,-2.7053455e-08,
6973,4385.2375547885895,-0.007725852,
6974,4385.8662395477295,-0.08756235,
6975,4386.490485429764,-0.68177116,
6976,4387.117837429047,-0.060459822,
6977,4387.743719339371,-0.28933254,
6978,4388.369726419449,-0.0,
6979,4388.996650934219,-0.0,
6980,4389.622328042984,-0.0,
6981,4390.24942612648,-0.0,
6982,4390.87588596344,-0.0,
6983,4391.50101184845,-0.0,
6984,4392.127546787262,-0.0,
6985,4392.75430560112,-0.036970146,
6986,4393.380850553513,-0.29211682,
6987,4394.006160736084,-0.08205591,
6988,4394.631896018982,-0.19376361,
6989,4395.257948637009,-0.0,
6990,4395.883342027664,-0.13220383,
6991,4396.508613586426,-0.2148121,
6992,4397.135918140411,-0.0,
6993,4397.723653316498,-0.0,
6994,4398.469170093536,-0.052555986,
6995,4399.098163127899,-3.030744e-10,
6996,4399.7204666137695,-0.0,
6997,4400.349322795868,-0.1572375,
6998,4400.97448348999,-2.8264729e-05,
6999,4401.599898099899,-0.12916698,
7000,4402.226168870926,-0.0,
7001,4402.851924419403,-0.073409244,
7002,4403.478250026703,-0.09587718,
7003,4404.104583024979,-0.05076488,
7004,4404.731402397156,-0.0,
7005,4405.357572793961,-0.0,
7006,4405.983308792114,-0.0,
7007,4406.6091158390045,-0.09623964,
7008,4407.234762907028,-0.20702775,
7009,4407.860926866531,-0.28348076,
7010,4408.486105680466,-0.12045244,
7011,4409.112307071686,-0.0,
7012,4409.7378985881805,-0.25500986,
7013,4410.362142086029,-0.0,
7014,4410.951614379883,-0.30233723,
7015,4411.699397802353,-0.032011524,
7016,4412.325872898102,-0.0,
7017,4412.950634241104,-0.09082751,
7018,4413.578190326691,-0.0,
7019,4414.203099012375,-0.49377608,
7020,4414.829994440079,-0.26817697,
7021,4415.4569454193115,-0.0,
7022,4416.081656217575,-0.0,
7023,4416.709273338318,-0.0,
7024,4417.33491063118,-0.0,
7025,4417.960680484772,-0.0,
7026,4418.587548494339,-0.0,
7027,4419.212951898575,-0.0,
7028,4419.839556217194,-0.0,
7029,4420.465981006622,-0.014148725,
7030,4421.093101978302,-0.0,
7031,4421.717611789703,-0.0,
7032,4422.344707727432,-0.024563873,
7033,4422.970304965973,-0.50539756,
7034,4423.59591293335,-0.0,
7035,4424.18271446228,-0.0,
7036,4424.923220396042,-0.0,
7037,4425.5522565841675,-0.016824324,
7038,4426.1792640686035,-0.2055489,
7039,4426.809539556503,-0.16200921,
7040,4427.434245347977,-0.07929334,
7041,4428.061241865158,-0.0,
7042,4428.688044548035,-0.19459817,
7043,4429.314081907272,-0.119301096,
7044,4429.940572500229,-0.03416609,
7045,4430.567147016525,-0.15731378,
7046,4431.195145845413,-0.0,
7047,4431.821605682373,-0.0,
7048,4432.448476552963,-0.0,
7049,4433.0740349292755,-0.033904903,
7050,4433.700913190842,-0.06799786,
7051,4434.327552080154,-0.32421935,
7052,4434.953873872757,-0.28523338,
7053,4435.57999420166,-0.028061256,
7054,4436.206183671951,-0.27208692,
7055,4436.832910060883,-0.0,
7056,4437.420347452164,-0.008231288,
7057,4438.159489631653,-2.2043752e-05,
7058,4438.789099693298,-0.105747916,
7059,4439.414952278137,-0.0,
7060,4440.045892715454,-0.0,
7061,4440.67191028595,-0.14399415,
7062,4441.298517227173,-0.0,
7063,4441.92600440979,-0.46872973,
7064,4442.5516583919525,-0.23459907,
7065,4443.179523944855,-0.29927444,
7066,4443.806214094162,-0.08299351,
7067,4444.4318244457245,-0.10505756,
7068,4445.059198856354,-0.2740057,
7069,4445.685217857361,-0.02935265,
7070,4446.3111481666565,-0.16148719,
7071,4446.938977956772,-0.34172183,
7072,4447.564965963364,-0.15100603,
7073,4448.191825389862,-0.014250633,
7074,4448.817516326904,-0.0005421656,
7075,4449.443281650543,-0.3384351,
7076,4450.069441080093,-0.0,
7077,4450.656352043152,-0.35240173,
7078,4451.39342713356,-0.0,
7079,4452.021008014679,-0.08507349,
7080,4452.644900798798,-0.34397417,
7081,4453.271763086319,-0.63695204,
7082,4453.897522687912,-0.0,
7083,4454.52459859848,-0.0,
7084,4455.1503365039825,-0.29303417,
7085,4455.777368068695,-0.0,
7086,4456.4028742313385,-0.0,
7087,4457.029582023621,-0.0972679,
7088,4457.655943870544,-0.16167796,
7089,4458.2810118198395,-0.0,
7090,4458.906866788864,-0.8012959,
7091,4459.5335013866425,-0.02102143,
7092,4460.159254074097,-0.049600445,
7093,4460.785681247711,-0.0,
7094,4461.4117929935455,-0.08708026,
7095,4462.038490056992,-0.048801325,
7096,4462.66464972496,-0.5893388,
7097,4463.292546987534,-0.0,
7098,4463.878799200058,-0.0,
7099,4464.611178159714,-0.0,
7100,4465.239473104477,-0.0,
7101,4465.863190174103,-0.0024348872,
7102,4466.4900760650635,-0.0,
7103,4467.116406679153,-0.0042427774,
7104,4467.742366075516,-3.303314e-07,
7105,4468.367916584015,-0.03311409,
7106,4468.994026422501,-0.075798556,
7107,4469.620347261429,-0.0,
7108,4470.246102571487,-0.08273948,
7109,4470.8724637031555,-0.3087588,
7110,4471.498536109924,-1.0017587e-10,
7111,4472.12543463707,-0.12491405,
7112,4472.7530245780945,-0.009117539,
7113,4473.377157449722,-0.038199387,
7114,4474.004235982895,-0.15139146,
7115,4474.631297588348,-0.3661715,
7116,4475.2565286159515,-0.03719414,
7117,4475.883814334869,-0.05356753,
7118,4476.509400844574,-2.8482871e-05,
7119,4477.0974798202515,-0.0,
7120,4477.83127117157,-0.047833778,
7121,4478.458644628525,-0.20298907,
7122,4479.082208395004,-0.08123969,
7123,4479.710378170013,-0.13132502,
7124,4480.336341142654,-0.057041697,
7125,4480.961640357971,-0.0051421802,
7126,4481.589786529541,-0.2360261,
7127,4482.214348554611,-0.0,
7128,4482.841673851013,-0.22486481,
7129,4483.467875480652,-0.0,
7130,4484.093503236771,-0.106712446,
7131,4484.718895673752,-0.023307126,
7132,4485.345079898834,-0.0,
7133,4485.970550775528,-0.10933222,
7134,4486.5970249176025,-0.13463804,
7135,4487.224380970001,-0.14802478,
7136,4487.851165294647,-0.12788163,
7137,4488.477383136749,-0.012704926,
7138,4489.103976011276,-0.0,
7139,4489.7292740345,-0.28480944,
7140,4490.316478252411,-0.16608693,
7141,4491.057824373245,-0.13604416,
7142,4491.686659812927,-0.0,
7143,4492.309787988663,-0.0,
7144,4492.937861442566,-0.0,
7145,4493.564620733261,-0.077110834,
7146,4494.190849781036,-0.08462633,
7147,4494.817050933838,-0.0,
7148,4495.443330049515,-0.0,
7149,4496.0709319114685,-0.53147733,
7150,4496.6969084739685,-0.38972884,
7151,4497.324116945267,-0.48122135,
7152,4497.951273202896,-0.43056917,
7153,4498.577632904053,-0.0,
7154,4499.2049379348755,-0.059859283,
7155,4499.831554174423,-8.292781e-09,
7156,4500.457992553711,-0.01180013,
7157,4501.084065914154,-0.0,
7158,4501.711457967758,-0.0,
7159,4502.336440324783,-0.0,
7160,4502.963174581528,-0.031527765,
7161,4503.549795150757,-0.0,
7162,4504.288000583649,-0.0,
7163,4504.915477514267,-0.12470771,
7164,4505.540023565292,-0.01943439,
7165,4506.168850898743,-0.101747766,
7166,4506.794932842255,-0.0,
7167,4507.422693729401,-0.06528659,
7168,4508.048932552338,-0.0,
7169,4508.675962686539,-0.0,
7170,4509.3028819561005,-0.3745075,
7171,4509.929230451584,-0.0,
7172,4510.555833339691,-0.27850908,
7173,4511.182448863983,-0.10965745,
7174,4511.808988809586,-0.33323082,
7175,4512.437079906464,-0.0,
7176,4513.0622382164,-0.15293886,
7177,4513.689351797104,-0.40454602,
7178,4514.3149173259735,-0.0,
7179,4514.941110610962,-0.0,
7180,4515.568140506744,-0.15067223,
7181,4516.193913936615,-0.0,
7182,4516.780616521835,-0.0,
7183,4517.5061814785,-0.0,
7184,4518.134382247925,-0.05484014,
7185,4518.759113550186,-0.13552496,
7186,4519.387007236481,-7.3325545e-08,
7187,4520.012831926346,-0.0,
7188,4520.638190507889,-0.21074346,
7189,4521.265392541885,-0.008207566,
7190,4521.8897793293,-0.0,
7191,4522.517195701599,-0.013010109,
7192,4523.1422872543335,-0.0,
7193,4523.767779588699,-0.4120485,
7194,4524.3945479393005,-0.0,
7195,4525.019267320633,-0.0,
7196,4525.64564037323,-0.473389,
7197,4526.2711980342865,-0.0,
7198,4526.898023605347,-0.17860207,
7199,4527.523709058762,-0.069699585,
7200,4528.150238275528,-3.030744e-10,
7201,4528.776846647263,-0.0,
7202,4529.401688814163,-0.21806426,
7203,4529.989018678665,-0.0,
7204,4530.718426942825,-0.0,
7205,4531.346640586853,-3.749407e-08,
7206,4531.974401712418,-0.0,
7207,4532.602635860443,-0.18262973,
7208,4533.232496976852,-0.0790775,
7209,4533.859608888626,-2.8363415e-06,
7210,4534.484993457794,-0.0,
7211,4535.111173868179,-0.17155032,
7212,4535.737084150314,-0.0,
7213,4536.363273382187,-7.0934147e-09,
7214,4536.9896013736725,-0.0,
7215,4537.615112066269,-0.0,
7216,4538.241502285004,-0.12961641,
7217,4538.868308067322,-0.6526013,
7218,4539.49359869957,-0.79905957,
7219,4540.120237350464,-0.0,
7220,4540.74623632431,-0.012040908,
7221,4541.372586488724,-0.0,
7222,4541.998747825623,-0.09371686,
7223,4542.625605106354,-0.01752152,
7224,4543.212563037872,-0.0,
7225,4543.9472007751465,-0.0,
7226,4544.574115753174,-0.0,
7227,4545.19760966301,-0.38962513,
7228,4545.826859235764,-0.12906258,
7229,4546.451190471649,-0.0,
7230,4547.077695131302,-0.22760999,
7231,4547.7040774822235,-0.12994891,
7232,4548.329875946045,-0.0037760683,
7233,4548.957463264465,-0.0,
7234,4549.5841455459595,-0.0,
7235,4550.211894273758,-0.0,
7236,4550.83975982666,-0.0,
7237,4551.471103668213,-0.0,
7238,4552.096536159515,-0.044651955,
7239,4552.7251880168915,-0.0030831588,
7240,4553.350862026215,-0.19324291,
7241,4553.97668170929,-0.0,
7242,4554.603899002075,-0.0098218,
7243,4555.228188276291,-0.053906947,
7244,4555.855247735977,-0.0,
7245,4556.44179391861,-0.0,
7246,4557.171294927597,-0.038773008,
7247,4557.801484107971,-0.0,
7248,4558.426352977753,-0.0,
7249,4559.056845188141,-0.114686176,
7250,4559.684875488281,-0.31854627,
7251,4560.313417434692,-0.32665294,
7252,4560.9421327114105,-0.44014376,
7253,4561.56997013092,-0.0,
7254,4562.197824954987,-0.08613016,
7255,4562.8245968818665,-0.114331655,
7256,4563.452716112137,-0.22315156,
7257,4564.080288887024,-0.2971137,
7258,4564.706835269928,-0.0,
7259,4565.3318111896515,-0.0,
7260,4565.958743095398,-0.0,
7261,4566.583849668503,-0.1528217,
7262,4567.211197137833,-0.5138522,
7263,4567.837383985519,-0.0,
7264,4568.46364235878,-0.0,
7265,4569.089419841766,-0.0,
7266,4569.67644739151,-0.099977076,
7267,4570.411386966705,-0.0,
7268,4571.040714740753,-0.024083987,
7269,4571.665468454361,-0.0,
7270,4572.292917251587,-0.115977764,
7271,4572.919656276703,-0.039934766,
7272,4573.546163320541,-0.0,
7273,4574.172752380371,-0.0,
7274,4574.7998633384705,-1.1630166e-09,
7275,4575.426979780197,-0.07234567,
7276,4576.052770853043,-0.14615908,
7277,4576.680596590042,-0.31071526,
7278,4577.305628299713,-0.0,
7279,4577.931521654129,-0.0,
7280,4578.559041261673,-0.39461637,
7281,4579.185866355896,-3.056648e-10,
7282,4579.813911676407,-0.14506373,
7283,4580.440525531769,-0.0,
7284,4581.0671718120575,-0.15977812,
7285,4581.694408416748,-0.19835752,
7286,4582.320009469986,-0.0,
7287,4582.909165859222,-0.0,
7288,4583.632342338562,-0.066702366,
7289,4584.260385990143,-0.0,
7290,4584.885185003281,-0.0,
7291,4585.5131113529205,-0.13327867,
7292,4586.139047861099,-0.01237493,
7293,4586.765182733536,-0.0,
7294,4587.3936088085175,-0.025564754,
7295,4588.018313884735,-0.0,
7296,4588.644708871841,-0.0,
7297,4589.270594596863,-0.0,
7298,4589.8955891132355,-0.23683098,
7299,4590.522274255753,-0.36109406,
7300,4591.148266792297,-0.058137707,
7301,4591.775249004364,-0.055146165,
7302,4592.401511669159,-0.519249,
7303,4593.026842832565,-0.0,
7304,4593.654642343521,-0.22841044,
7305,4594.280549049377,-0.14761865,
7306,4594.906688451767,-0.101913825,
7307,4595.533410310745,-0.0,
7308,4596.120106220245,-0.54137105,
7309,4596.857080459595,-0.065154,
7310,4597.484867334366,-0.5215228,
7311,4598.108698606491,-0.40258592,
7312,4598.735880613327,-3.576271e-09,
7313,4599.361510276794,-0.0,
7314,4599.9875292778015,-0.03803851,
7315,4600.615093231201,-0.2048486,
7316,4601.240305185318,-0.09584874,
7317,4601.8667097091675,-0.035367493,
7318,4602.492780208588,-7.598044e-05,
7319,4603.119988203049,-0.0891058,
7320,4603.745905160904,-0.6758191,
7321,4604.37223982811,-0.010424617,
7322,4604.99908041954,-0.0,
7323,4605.626523256302,-0.24724205,
7324,4606.25465297699,-0.09581746,
7325,4606.879329204559,-0.08248375,
7326,4607.507674455643,-0.45801455,
7327,4608.132488250732,-0.08325216,
7328,4608.757787704468,-0.08484976,
7329,4609.344671487808,-0.47641248,
7330,4610.086981058121,-0.23275371,
7331,4610.717993021011,-0.014470562,
7332,4611.346209526062,-0.062128503,
7333,4611.976407766342,-0.0,
7334,4612.601296424866,-6.208918e-06,
7335,4613.2300045490265,-0.062935404,
7336,4613.857128620148,-0.0,
7337,4614.4851269721985,-8.7701176e-07,
7338,4615.110872030258,-0.021386528,
7339,4615.737226724625,-0.0,
7340,4616.363485336304,-0.043528385,
7341,4616.9892337322235,-0.38151562,
7342,4617.615164756775,-0.029137304,
7343,4618.2416133880615,-0.4166401,
7344,4618.867796182632,-0.36096963,
7345,4619.493716955185,-0.033589818,
7346,4620.120722770691,-0.0,
7347,4620.747906923294,-0.0,
7348,4621.374135255814,-0.0,
7349,4622.000684976578,-0.14714406,
7350,4622.587288379669,-0.23250851,
7351,4623.320185184479,-0.20259058,
7352,4623.949441432953,-0.0,
7353,4624.573669195175,-0.0,
7354,4625.203321933746,-0.17131363,
7355,4625.832006216049,-0.0,
7356,4626.460112094879,-0.0,
7357,4627.086961269379,-0.0,
7358,4627.712231636047,-1.2702619e-09,
7359,4628.338952064514,-0.28643432,
7360,4628.964141130447,-1.3359651e-09,
7361,4629.591094970703,-0.030347332,
7362,4630.217292070389,-0.3835109,
7363,4630.844690799713,-0.13783088,
7364,4631.472543954849,-0.3935197,
7365,4632.100924730301,-0.0,
7366,4632.729971885681,-0.0,
7367,4633.3599417209625,-0.0,
7368,4633.990357398987,-0.0,
7369,4634.618274450302,-0.43350464,
7370,4635.24514746666,-0.39090747,
7371,4635.830970525742,-0.28619894,
7372,4636.570865869522,-0.0,
7373,4637.200259208679,-0.07921031,
7374,4637.824323415756,-2.6202312e-07,
7375,4638.4527633190155,-0.0,
7376,4639.078496932983,-0.0,
7377,4639.705945014954,-0.040504742,
7378,4640.334356069565,-0.0,
7379,4640.960493803024,-0.120797575,
7380,4641.587248086929,-0.73890924,
7381,4642.212824583054,-0.0,
7382,4642.840232849121,-0.036847048,
7383,4643.466794252396,-6.010551e-10,
7384,4644.092134714127,-0.3543287,
7385,4644.720036029816,-0.13779683,
7386,4645.3454666137695,-0.01336016,
7387,4645.971796035767,-0.0,
7388,4646.600096464157,-0.0,
7389,4647.225362300873,-0.0027931244,
7390,4647.851437807083,-0.09958969,
7391,4648.477167844772,-0.033164352,
7392,4649.064225912094,-1.1212521e-07,
7393,4649.797243833542,-0.27516943,
7394,4650.425334453583,-0.03282278,
7395,4651.047794103622,-0.07541831,
7396,4651.677743196487,-0.0,
7397,4652.30219578743,-0.06558827,
7398,4652.928297996521,-0.001251072,
7399,4653.555485963821,-0.0,
7400,4654.181611299515,-0.57132185,
7401,4654.808299303055,-0.0,
7402,4655.435496330261,-0.075696684,
7403,4656.061695098877,-0.0,
7404,4656.688512086868,-0.029070878,
7405,4657.315019607544,-0.33068514,
7406,4657.941753864288,-0.023401247,
7407,4658.568675279617,-0.08732733,
7408,4659.195669174194,-0.0,
7409,4659.82222700119,-0.0,
7410,4660.449378967285,-0.016319098,
7411,4661.07578086853,-0.0,
7412,4661.702439546585,-0.0,
7413,4662.289597034454,-0.0,
7414,4663.025883436203,-0.0058898097,
7415,4663.654018878937,-0.18411623,
7416,4664.278477668762,-0.0,
7417,4664.907086849213,-0.054034583,
7418,4665.532740354538,-0.44322708,
7419,4666.159506559372,-0.0,
7420,4666.786573410034,-0.025468344,
7421,4667.413357973099,-0.0,
7422,4668.039287805557,-0.22663252,
7423,4668.666878938675,-0.17397532,
7424,4669.292196512222,-0.012926385,
7425,4669.919723272324,-0.122913204,
7426,4670.546055555344,-0.0,
7427,4671.172336101532,-0.0947399,
7428,4671.800024271011,-0.05417224,
7429,4672.427574396133,-0.35393488,
7430,4673.053895950317,-0.0094375815,
7431,4673.679629564285,-0.0,
7432,4674.306897163391,-0.0,
7433,4674.932971000671,-0.0023270564,
7434,4675.521071910858,-0.009902173,
7435,4676.256491661072,-0.09203419,
7436,4676.883939266205,-0.0,
7437,4677.508036136627,-0.0,
7438,4678.134898662567,-0.0,
7439,4678.76037311554,-0.4189454,
7440,4679.386282444,-0.0,
7441,4680.0123744010925,-0.0,
7442,4680.636944532394,-0.18204029,
7443,4681.264333963394,-0.0,
7444,4681.889240503311,-0.0,
7445,4682.515602588654,-0.12766567,
7446,4683.141083717346,-0.06515765,
7447,4683.765381097794,-0.116657004,
7448,4684.392712831497,-0.48633876,
7449,4685.017086982727,-0.27635565,
7450,4685.644416809082,-0.0,
7451,4686.270700454712,-0.0,
7452,4686.8956871032715,-0.0,
7453,4687.522013425827,-0.4359847,
7454,4688.147216320038,-0.0,
7455,4688.734045267105,-0.0,
7456,4689.482445001602,-0.0,
7457,4690.110068321228,-7.879571e-08,
7458,4690.7345662117,-0.0,
7459,4691.362461805344,-0.0,
7460,4691.988258361816,-0.1618757,
7461,4692.614565610886,-0.087622285,
7462,4693.241629600525,-0.0,
7463,4693.866806507111,-0.07956964,
7464,4694.492936849594,-0.06492092,
7465,4695.1188769340515,-0.0,
7466,4695.743886947632,-0.08152933,
7467,4696.370951652527,-0.50672203,
7468,4696.997191429138,-0.06303716,
7469,4697.623641252518,-0.0,
7470,4698.249010801315,-0.041242547,
7471,4698.875178575516,-0.0,
7472,4699.502076864243,-0.0,
7473,4700.129028081894,-0.08904297,
7474,4700.7546417713165,-0.018966375,
7475,4701.38103723526,-0.0,
7476,4701.968754053116,-0.0,
7477,4702.731117486954,-0.19882485,
7478,4703.3595106601715,-0.0,
7479,4703.983337640762,-0.1586652,
7480,4704.612441301346,-0.0701235,
7481,4705.238488435745,-0.14156023,
7482,4705.865195512772,-0.0,
7483,4706.490396738052,-0.08322027,
7484,4707.117279052734,-0.106567025,
7485,4707.746410608292,-0.0,
7486,4708.375853300095,-0.32425937,
7487,4709.005436658859,-0.0,
7488,4709.633070707321,-5.008792e-10,
7489,4710.261908054352,-0.0,
7490,4710.888333797455,-0.0,
7491,4711.515783548355,-0.089191005,
7492,4712.142379760742,-0.080761105,
7493,4712.767540216446,-0.28257185,
7494,4713.394908905029,-0.0,
7495,4714.021312236786,-0.57007915,
7496,4714.646567583084,-0.17629525,
7497,4715.2338671684265,-0.40743032,
7498,4715.9680099487305,-0.011445523,
7499,4716.596447467804,-0.8503028,
7500,4717.2209441661835,-0.0,
7501,4717.849806070328,-0.023509981,
7502,4718.474992752075,-0.0,
7503,4719.102079868317,-0.43950528,
7504,4719.72763967514,-0.0,
7505,4720.354595661163,-0.058775544,
7506,4720.981420516968,-0.0,
7507,4721.608384847641,-0.0,
7508,4722.236227989197,-0.0,
7509,4722.862038612366,-0.010358458,
7510,4723.489245891571,-0.0,
7511,4724.115437507629,-0.0,
7512,4724.740864515305,-0.76470596,
7513,4725.368503808975,-0.11033376,
7514,4725.994904518127,-0.19227597,
7515,4726.621103286743,-0.013501051,
7516,4727.247581005096,-0.0,
7517,4727.874214887619,-0.014880006,
7518,4728.461320400238,-0.0,
7519,4729.186414480209,-0.049245566,
7520,4729.814207792282,-0.0,
7521,4730.438397884369,-0.067322135,
7522,4731.06743812561,-0.15922248,
7523,4731.692896604538,-0.09506342,
7524,4732.31914973259,-0.0,
7525,4732.945903301239,-0.24392694,
7526,4733.570964813232,-0.33176965,
7527,4734.1974494457245,-0.20112264,
7528,4734.823636293411,-0.0,
7529,4735.450648784637,-0.0,
7530,4736.078132152557,-0.192725,
7531,4736.704669237137,-0.105933785,
7532,4737.330390691757,-0.13966806,
7533,4737.956929206848,-0.0,
7534,4738.582903146744,-0.42300928,
7535,4739.209016561508,-0.72310203,
7536,4739.834875583649,-0.0,
7537,4740.461035728455,-9.934107e-11,
7538,4741.0878982543945,-0.38320267,
7539,4741.675267934799,-0.2476104,
7540,4742.405054569244,-0.0,
7541,4743.033103227615,-0.0,
7542,4743.657840967178,-0.014849229,
7543,4744.285845518112,-0.0,
7544,4744.910893678665,-0.4802762,
7545,4745.538156509399,-0.19568634,
7546,4746.164142131805,-0.30144215,
7547,4746.789986610413,-0.0,
7548,4747.416721582413,-0.0,
7549,4748.043845176697,-0.1370921,
7550,4748.670207977295,-0.06502424,
7551,4749.296817779541,-0.08522104,
7552,4749.923280000687,-0.07206474,
7553,4750.54910492897,-0.41187912,
7554,4751.174428462982,-0.30088818,
7555,4751.8003578186035,-0.0,
7556,4752.426009654999,-0.050830442,
7557,4753.053122997284,-0.0,
7558,4753.6794509887695,-0.03665067,
7559,4754.304981470108,-4.786995e-06,
7560,4754.891770124435,-0.15694994,
7561,4755.632075071335,-0.13228682,
7562,4756.260476589203,-0.0,
7563,4756.883933067322,-0.071688145,
7564,4757.512255907059,-0.0,
7565,4758.1382257938385,-0.0,
7566,4758.7639989852905,-0.10618125,
7567,4759.390877246857,-0.0,
7568,4760.016170740128,-0.12665522,
7569,4760.642676830292,-0.14328985,
7570,4761.268625736237,-0.0,
7571,4761.8949365615845,-0.19166541,
7572,4762.521390914917,-0.02835884,
7573,4763.146260261536,-0.34921697,
7574,4763.772268772125,-0.0,
7575,4764.4000680446625,-0.027518844,
7576,4765.0257732868195,-0.0,
7577,4765.651391029358,-0.25274068,
7578,4766.278908967972,-0.2509914,
7579,4766.904664039612,-0.31919676,
7580,4767.530509233475,-0.0,
7581,4768.116383314133,-0.0,
7582,4768.861210107803,-0.07321157,
7583,4769.488120794296,-0.012905118,
7584,4770.112535715103,-1.9542504e-10,
7585,4770.740145921707,-0.0,
7586,4771.365377664566,-0.02741222,
7587,4771.992878675461,-0.0,
7588,4772.619670152664,-0.0,
7589,4773.244421958923,-0.0,
7590,4773.872436285019,-0.5298582,
7591,4774.49865937233,-0.40148443,
7592,4775.125427722931,-0.22419675,
7593,4775.750704288483,-0.08481071,
7594,4776.379431009293,-0.0,
7595,4777.004548788071,-0.02892797,
7596,4777.631174325943,-0.21637791,
7597,4778.257441282272,-0.38686356,
7598,4778.883779287338,-0.121316895,
7599,4779.51070523262,-0.32673705,
7600,4780.137031555176,-0.5781805,
7601,4780.763068914413,-0.0,
7602,4781.349540948868,-0.13913324,
7603,4782.082382440567,-0.1499764,
7604,4782.709565639496,-0.02568749,
7605,4783.333038568497,-2.247385e-09,
7606,4783.961044311523,-0.0,
7607,4784.586846828461,-0.0,
7608,4785.213559150696,-0.0,
7609,4785.840900182724,-0.0,
7610,4786.466331481934,-0.0,
7611,4787.093347072601,-0.009233768,
7612,4787.719384431839,-0.29074186,
7613,4788.3451018333435,-0.12828526,
7614,4788.972422122955,-0.04955765,
7615,4789.598675251007,-0.20628405,
7616,4790.225025177002,-0.13952169,
7617,4790.852171897888,-0.44486386,
7618,4791.478721857071,-0.15617079,
7619,4792.104951143265,-0.026026215,
7620,4792.731438159943,-0.08536233,
7621,4793.358127593994,-0.20321146,
7622,4793.984969139099,-0.38411748,
7623,4794.572095870972,-0.007849085,
7624,4795.320492982864,-0.095084086,
7625,4795.948596715927,-0.0,
7626,4796.572333812714,-0.0,
7627,4797.1993799209595,-0.00017433906,
7628,4797.824870347977,-7.713507e-09,
7629,4798.451459407806,-0.05482191,
7630,4799.077868461609,-0.017191298,
7631,4799.703320741653,-0.29908234,
7632,4800.32936167717,-0.0,
7633,4800.955137252808,-0.0,
7634,4801.580933332443,-0.46625876,
7635,4802.20800113678,-0.0,
7636,4802.833927869797,-0.19373834,
7637,4803.459937334061,-0.086650126,
7638,4804.086418628693,-0.20004852,
7639,4804.712210416794,-0.0056184954,
7640,4805.338960886002,-0.08566961,
7641,4805.965637207031,-0.0030929507,
7642,4806.591668605804,-0.0,
7643,4807.217002630234,-0.0,
7644,4807.8031640052795,-0.0,
7645,4808.5406498909,-0.4495922,
7646,4809.168445587158,-0.0,
7647,4809.790801286697,-0.40884367,
7648,4810.419609308243,-0.0,
7649,4811.045517206192,-0.2799071,
7650,4811.672137737274,-0.012243531,
7651,4812.297636508942,-0.08356782,
7652,4812.923002243042,-0.068897255,
7653,4813.550468444824,-0.4183364,
7654,4814.175622701645,-0.35592198,
7655,4814.80243062973,-0.0,
7656,4815.42887711525,-0.0,
7657,4816.055499315262,-0.0,
7658,4816.682643175125,-0.171442,
7659,4817.308760404587,-0.26332286,
7660,4817.934180498123,-0.25114128,
7661,4818.561894893646,-0.6515696,
7662,4819.1870539188385,-0.038768917,
7663,4819.813726186752,-0.0,
7664,4820.440484762192,-0.0,
7665,4821.027922153473,-0.0,
7666,4821.769194126129,-0.0,
7667,4822.398830413818,-0.0,
7668,4823.021123409271,-0.0,
7669,4823.649291276932,-0.0025413814,
7670,4824.2744681835175,-1.487556e-08,
7671,4824.899047374725,-0.0,
7672,4825.527310848236,-0.0,
7673,4826.151670694351,-0.012970088,
7674,4826.779250621796,-0.08282049,
7675,4827.404082298279,-0.16330108,
7676,4828.029236793518,-2.0836323e-08,
7677,4828.655962467194,-3.0052758e-10,
7678,4829.280926942825,-0.0,
7679,4829.908627271652,-0.11102394,
7680,4830.534962892532,-0.056399874,
7681,4831.159932613373,-0.00033666514,
7682,4831.787582397461,-0.40610808,
7683,4832.4126925468445,-0.12749219,
7684,4833.039830684662,-0.14887325,
7685,4833.666187047958,-0.027103078,
7686,4834.252880811691,-0.06718832,
7687,4834.997277498245,-0.23239696,
7688,4835.624157190323,-0.0,
7689,4836.248626232147,-0.0,
7690,4836.875516414642,-0.05486996,
7691,4837.5006630420685,-0.0331937,
7692,4838.126174449921,-0.39869443,
7693,4838.752723932266,-0.05451275,
7694,4839.377301454544,-0.4019353,
7695,4840.004176616669,-0.0,
7696,4840.628372907639,-0.0,
7697,4841.255542516708,-0.0,
7698,4841.880375623703,-0.0,
7699,4842.505912303925,-0.65637225,
7700,4843.13148522377,-0.0,
7701,4843.7574598789215,-0.2219936,
7702,4844.382277727127,-0.587955,
7703,4845.007627487183,-0.01167794,
7704,4845.633271455765,-0.058803678,
7705,4846.2592895030975,-0.0,
7706,4846.885235548019,-0.29267594,
7707,4847.472695350647,-0.0,
7708,4848.206498861313,-0.001621362,
7709,4848.835197925568,-0.0,
7710,4849.460195302963,-0.13730855,
7711,4850.086846828461,-0.0,
7712,4850.7125742435455,-0.0,
7713,4851.338570594788,-0.0,
7714,4851.964426755905,-0.013658951,
7715,4852.590706586838,-0.0019020705,
7716,4853.215128898621,-4.1106643e-10,
7717,4853.84018778801,-0.06943987,
7718,4854.464941740036,-0.32716307,
7719,4855.09050989151,-0.0,
7720,4855.715856075287,-0.51048857,
7721,4856.341418504715,-0.05671621,
7722,4856.967654705048,-0.0,
7723,4857.592141151428,-1.16104575e-05,
7724,4858.217310428619,-0.3277536,
7725,4858.842403173447,-0.017066604,
7726,4859.467941999435,-0.0,
7727,4860.094338655472,-0.0,
7728,4860.680396795273,-0.80858296,
7729,4861.413521528244,-0.0,
7730,4862.039935588837,-0.0,
7731,4862.66455745697,-0.2285017,
7732,4863.290932178497,-0.6058608,
7733,4863.915330410004,-0.0852465,
7734,4864.5406329631805,-0.07229317,
7735,4865.168571472168,-0.0,
7736,4865.792942285538,-0.15375072,
7737,4866.419852256775,-0.0,
7738,4867.046591997147,-0.0,
7739,4867.670674324036,-0.0,
7740,4868.296502590179,-0.0,
7741,4868.921795129776,-0.06305595,
7742,4869.547878503799,-0.02676109,
7743,4870.174193382263,-0.8626092,
7744,4870.80056977272,-0.0,
7745,4871.425936937332,-0.18600258,
7746,4872.0523862838745,-0.0,
7747,4872.677356719971,-0.0,
7748,4873.304053068161,-0.16775537,
7749,4873.889876842499,-6.332974e-09,
7750,4874.621821880341,-0.0,
7751,4875.2495312690735,-0.0,
7752,4875.875982284546,-0.10231604,
7753,4876.5068101882935,-0.0,
7754,4877.133439779282,-0.24147859,
7755,4877.761968374252,-0.10401104,
7756,4878.391068458557,-0.034128044,
7757,4879.017804861069,-0.074751064,
7758,4879.646490812302,-0.012872983,
7759,4880.271634817123,-0.04447525,
7760,4880.898639678955,-0.013028443,
7761,4881.52210187912,-0.061783142,
7762,4882.149272918701,-0.0,
7763,4882.774412155151,-0.12801166,
7764,4883.400708436966,-0.29083782,
7765,4884.026341199875,-0.19882187,
7766,4884.650451898575,-0.038443007,
7767,4885.276423692703,-0.08453436,
7768,4885.911907196045,-0.6842975,
7769,4886.539211273193,-0.074089825,
7770,4887.125651597977,-0.0079926215,
7771,4887.85715508461,-0.0056971405,
7772,4888.482877731323,-0.0,
7773,4889.106337785721,-0.016932111,
7774,4889.73211812973,-0.0,
7775,4890.356414079666,-0.0,
7776,4890.982151269913,-0.0,
7777,4891.607599496841,-0.0,
7778,4892.233057022095,-0.03508302,
7779,4892.858814954758,-0.0,
7780,4893.482766151428,-0.3357618,
7781,4894.108908176422,-0.03194184,
7782,4894.733372211456,-0.0,
7783,4895.358153581619,-0.0025131837,
7784,4895.984383583069,-0.49854907,
7785,4896.609089851379,-0.041578304,
7786,4897.235143899918,-0.0,
7787,4897.861147642136,-0.37267447,
7788,4898.48592209816,-0.0,
7789,4899.110285997391,-0.0,
7790,4899.734869718552,-0.110704385,
7791,4900.321346998215,-0.009539386,
7792,4901.058077812195,-0.209155,
7793,4901.685528039932,-0.078828715,
7794,4902.30718421936,-0.038826577,
7795,4902.934623718262,-0.10293448,
7796,4903.559082508087,-0.00019410285,
7797,4904.183210372925,-0.069742955,
7798,4904.808917284012,-0.12937671,
7799,4905.433200597763,-0.0,
7800,4906.057140111923,-0.0,
7801,4906.6822147369385,-0.15582515,
7802,4907.307376384735,-0.03638585,
7803,4907.932819366455,-3.973642e-10,
7804,4908.557286024094,-0.9950713,
7805,4909.181701183319,-0.0,
7806,4909.806483030319,-0.0,
7807,4910.431232690811,-0.0,
7808,4911.056079864502,-0.47867504,
7809,4911.6800084114075,-0.0,
7810,4912.304311990738,-0.5149381,
7811,4912.929046154022,-0.5466899,
7812,4913.513908863068,-0.07686075,
7813,4914.246337413788,-0.0,
7814,4914.8731961250305,-0.0,
7815,4915.494333744049,-0.049803372,
7816,4916.121103525162,-0.0,
7817,4916.7444460392,-0.32766527,
7818,4917.369657278061,-0.0,
7819,4917.995309114456,-0.1496976,
7820,4918.619024276733,-0.0,
7821,4919.244647026062,-0.0,
7822,4919.869056940079,-0.00772928,
7823,4920.494286298752,-0.0,
7824,4921.118685007095,-0.0,
7825,4921.743657827377,-0.0,
7826,4922.369112491608,-0.0,
7827,4922.993871688843,-0.44943285,
7828,4923.618290901184,-0.22496934,
7829,4924.243538141251,-0.06491904,
7830,4924.8675537109375,-0.0,
7831,4925.493134260178,-0.10630647,
7832,4926.117896795273,-0.030851007,
7833,4926.702977895737,-0.08201339,
7834,4927.528240442276,-0.0,
7835,4928.15559053421,-0.021762777,
7836,4928.778443098068,-0.54338753,
7837,4929.405697107315,-0.07112569,
7838,4930.030957221985,-0.029148107,
7839,4930.654640197754,-0.13625741,
7840,4931.280921697617,-0.12710427,
7841,4931.905191898346,-0.0,
7842,4932.529717922211,-0.0,
7843,4933.154780626297,-0.0,
7844,4933.778505563736,-0.0,
7845,4934.404633998871,-0.0,
7846,4935.028524398804,-2.3737872e-08,
7847,4935.653841495514,-0.0,
7848,4936.278917789459,-0.032326393,
7849,4936.903626918793,-0.09137506,
7850,4937.52937579155,-0.09370788,
7851,4938.153821229935,-0.09638234,
7852,4938.779113531113,-9.092229e-10,
7853,4939.403568506241,-0.0,
7854,4939.989176034927,-0.0,
7855,4940.71723484993,-0.0,
7856,4941.342659711838,-0.0,
7857,4941.96679353714,-0.0,
7858,4942.59303855896,-0.0,
7859,4943.218963384628,-0.27720305,
7860,4943.844392538071,-0.0,
7861,4944.470646858215,-0.0,
7862,4945.094589710236,-0.0,
7863,4945.7208371162415,-0.33614886,
7864,4946.346382379532,-0.042509075,
7865,4946.971573829651,-7.635222e-08,
7866,4947.596114873886,-0.0,
7867,4948.220517158508,-0.100423396,
7868,4948.846748828888,-0.04114472,
7869,4949.46990275383,-0.0,
7870,4950.096176624298,-0.0,
7871,4950.71978187561,-0.25192866,
7872,4951.344544649124,-0.044502076,
7873,4951.968558311462,-0.0,
7874,4952.5949029922485,-0.0,
7875,4953.17834687233,-0.0,
7876,4953.918900489807,-8.7588504e-08,
7877,4954.54561829567,-0.12702367,
7878,4955.168034315109,-0.039802417,
7879,4955.795884609222,-0.0,
7880,4956.419149160385,-0.4693652,
7881,4957.044896364212,-0.0,
7882,4957.670538663864,-0.4465431,
7883,4958.2951118946075,-0.1795466,
7884,4958.922275304794,-0.0,
7885,4959.546373844147,-0.22347103,
7886,4960.171975135803,-0.04278449,
7887,4960.796530723572,-0.069635406,
7888,4961.421065568924,-0.0,
7889,4962.045378446579,-0.24094793,
7890,4962.66903758049,-0.10671473,
7891,4963.294282197952,-0.0,
7892,4963.919348716736,-0.14571713,
7893,4964.544858932495,-0.0,
7894,4965.169831037521,-0.0,
7895,4965.794036865234,-0.17146553,
7896,4966.3803627491,-0.018063623,
7897,4967.10165977478,-0.0,
7898,4967.727143764496,-0.40288574,
7899,4968.351053953171,-0.08159338,
7900,4968.978307247162,-0.40333852,
7901,4969.604496002197,-0.0,
7902,4970.231420755386,-0.0,
7903,4970.856818437576,-0.0,
7904,4971.483320951462,-0.41706246,
7905,4972.1095271110535,-0.0,
7906,4972.733475446701,-0.105951466,
7907,4973.359157800674,-0.0,
7908,4973.983266830444,-0.0,
7909,4974.60929608345,-0.025836427,
7910,4975.231810569763,-0.24960479,
7911,4975.8579297065735,-0.20305368,
7912,4976.48269534111,-0.0,
7913,4977.106568813324,-0.0,
7914,4977.7312116622925,-0.033384077,
7915,4978.356001853943,-0.0,
7916,4978.980119466782,-0.10736457,
7917,4979.566014766693,-0.0,
7918,4980.3102786540985,-0.050238736,
7919,4980.938718795776,-0.24758999,
7920,4981.561847925186,-0.0,
7921,4982.187938451767,-0.0,
7922,4982.8112733364105,-0.13477156,
7923,4983.436918735504,-0.0,
7924,4984.060824394226,-0.10641959,
7925,4984.685457706451,-0.06526091,
7926,4985.311313152313,-0.44647762,
7927,4985.934765577316,-0.06782221,
7928,4986.56013584137,-0.017345505,
7929,4987.184282064438,-0.0,
7930,4987.808085441589,-0.085026324,
7931,4988.432134389877,-0.07459895,
7932,4989.055510520935,-0.17186737,
7933,4989.680378913879,-0.07244064,
7934,4990.305187225342,-0.115110755,
7935,4990.929203033447,-0.0142885875,
7936,4991.553742170334,-0.0,
7937,4992.178606748581,-0.028583515,
7938,4992.764351606369,-0.0,
7939,4993.486037731171,-0.0,
7940,4994.11327123642,-0.0,
7941,4994.7364292144775,-0.26139674,
7942,4995.36351442337,-0.0,
7943,4995.9871509075165,-0.0,
7944,4996.613133907318,-0.0,
7945,4997.236866474152,-0.214432,
7946,4997.861465930939,-0.1598275,
7947,4998.486124277115,-0.30097923,
7948,4999.1102521419525,-0.0,
7949,4999.7374057769775,-0.080926314,
7950,5000.364259719849,-0.0,
7951,5000.987630844116,-0.0,
7952,5001.611787319183,-0.0,
7953,5002.235322713852,-0.124030076,
7954,5002.859675168991,-0.24902268,
7955,5003.483017444611,-0.061660647,
7956,5004.108058214188,-0.084309444,
7957,5004.7323570251465,-0.30155936,
7958,5005.3593463897705,-0.10163541,
7959,5005.943625688553,-0.0044989875,
7960,5006.664242267609,-0.0,
7961,5007.290083646774,-0.0,
7962,5007.913245916367,-0.0,
7963,5008.540471076965,-0.43772995,
7964,5009.1654007434845,-0.026030341,
7965,5009.792404651642,-0.0,
7966,5010.41961979866,-0.0,
7967,5011.044102907181,-0.11919604,
7968,5011.671207904816,-0.0,
7969,5012.300247430801,-0.0,
7970,5012.9270350933075,-0.025681589,
7971,5013.553584814072,-0.0,
7972,5014.180567026138,-0.18775888,
7973,5014.807086229324,-0.3971503,
7974,5015.43264746666,-0.0,
7975,5016.058871507645,-0.0,
7976,5016.682532548904,-0.0,
7977,5017.308322668076,-0.0,
7978,5017.932597875595,-0.0,
7979,5018.557060718536,-0.059616216,
7980,5019.143627643585,-0.0,
7981,5019.876387119293,-0.0,
7982,5020.502528429031,-0.0,
7983,5021.12481880188,-0.85616684,
7984,5021.751711130142,-0.0,
7985,5022.376013040543,-0.33432704,
7986,5023.000159502029,-0.21296975,
7987,5023.6253361701965,-0.051037595,
7988,5024.249562501907,-0.56768364,
7989,5024.87549996376,-0.0,
7990,5025.5009117126465,-0.18334505,
7991,5026.124910831451,-0.0,
7992,5026.749517440796,-0.0,
7993,5027.37485909462,-0.38218397,
7994,5027.99898147583,-0.01818238,
7995,5028.623019456863,-0.0,
7996,5029.247767448425,-0.0,
7997,5029.871720314026,-0.0,
7998,5030.49756526947,-0.23033059,
7999,5031.120562314987,-0.0,
8000,5031.744959592819,-6.978077e-09,
8001,5032.32998919487,-0.0,
8002,5033.060056686401,-0.0,
8003,5033.6870946884155,-0.0,
8004,5034.3090789318085,-0.0,
8005,5034.935448884964,-0.00032662848,
8006,5035.560490846634,-0.0,
8007,5036.184720754623,-0.3408534,
8008,5036.81067109108,-0.2188195,
8009,5037.433496713638,-0.053994168,
8010,5038.059460401535,-0.0,
8011,5038.683050394058,-0.0,
8012,5039.308626174927,-0.22410278,
8013,5039.933120965958,-0.14209682,
8014,5040.558663368225,-0.0,
8015,5041.182911634445,-0.0,
8016,5041.807844161987,-0.0,
8017,5042.431868314743,-0.020121297,
8018,5043.056582212448,-0.0,
8019,5043.681262731552,-0.0,
8020,5044.305517196655,-0.03396331,
8021,5044.930793762207,-0.0,
8022,5045.515775442123,-0.083507724,
8023,5046.248800754547,-0.014608882,
8024,5046.875206232071,-1.3141675,
8025,5047.497034072876,-0.0,
8026,5048.123988389969,-0.0,
8027,5048.7474863529205,-0.14776078,
8028,5049.372905731201,-0.13307416,
8029,5049.996255874634,-0.14506453,
8030,5050.620884180069,-0.0,
8031,5051.247075796127,-1.0366025e-10,
8032,5051.870913028717,-0.020902252,
8033,5052.494697809219,-0.016107794,
8034,5053.120283126831,-0.7993362,
8035,5053.745403051376,-0.14315733,
8036,5054.36931347847,-0.0,
8037,5054.993540763855,-0.25563955,
8038,5055.617164134979,-1.1587223,
8039,5056.241374731064,-0.0,
8040,5056.866384506226,-0.22275607,
8041,5057.489535570145,-0.0,
8042,5058.114661216736,-1.7135735e-06,
8043,5058.698869466782,-0.046584204,
8044,5059.425203561783,-0.0,
8045,5060.049597740173,-0.04001714,
8046,5060.673091650009,-0.08973393,
8047,5061.299294471741,-0.5179453,
8048,5061.923248291016,-0.27275115,
8049,5062.5478320121765,-9.691812e-11,
8050,5063.1728892326355,-0.0,
8051,5063.795884132385,-0.0072839656,
8052,5064.4206829071045,-0.078357324,
8053,5065.044685125351,-0.0,
8054,5065.668328046799,-0.0,
8055,5066.293673276901,-0.0,
8056,5066.917823553085,-0.1019083,
8057,5067.542145490646,-0.0,
8058,5068.165301084518,-0.15317714,
8059,5068.789481878281,-0.0,
8060,5069.413046598434,-0.0,
8061,5070.039989709854,-0.00097014214,
8062,5070.664089918137,-0.0,
8063,5071.289990901947,-0.0,
8064,5071.876085996628,-0.6290679,
8065,5072.590355873108,-0.0,
8066,5073.218766212463,-0.20678563,
8067,5073.8426423072815,-0.10863694,
8068,5074.471336603165,-0.007270762,
8069,5075.096330404282,-0.23441258,
8070,5075.722380161285,-0.0,
8071,5076.347435951233,-0.007044703,
8072,5076.973320245743,-0.0,
8073,5077.5985019207,-0.0,
8074,5078.222106933594,-0.080730125,
8075,5078.847358942032,-0.05112083,
8076,5079.471049785614,-0.0,
8077,5080.096854925156,-0.0,
8078,5080.72146320343,-0.0,
8079,5081.345266342163,-9.852007e-11,
8080,5081.970993757248,-0.21991697,
8081,5082.59505033493,-0.0,
8082,5083.2204484939575,-0.0,
8083,5083.845872879028,-0.06904628,
8084,5084.470062017441,-0.16239274,
8085,5085.055708885193,-0.0,
8086,5085.819578170776,-0.002153058,
8087,5086.445914506912,-0.030164778,
8088,5087.068041801453,-0.0,
8089,5087.695346832275,-0.12020059,
8090,5088.318703174591,-0.042198256,
8091,5088.944223403931,-0.23300648,
8092,5089.568376302719,-0.0,
8093,5090.192718744278,-0.27195606,
8094,5090.816696166992,-0.059643768,
8095,5091.442408800125,-0.15496272,
8096,5092.067797899246,-0.2827142,
8097,5092.692490339279,-4.5338993e-07,
8098,5093.316787719727,-0.0,
8099,5093.942457675934,-0.12618198,
8100,5094.567330121994,-0.032274343,
8101,5095.19137263298,-0.0,
8102,5095.815897464752,-0.028764317,
8103,5096.4405636787415,-0.0,
8104,5097.066268920898,-0.0,
8105,5097.692111730576,-0.15221396,
8106,5098.277532339096,-0.0,
8107,5099.01313495636,-0.0,
8108,5099.639469385147,-0.0,
8109,5100.26159286499,-0.0,
8110,5100.887778520584,-0.10180214,
8111,5101.511724233627,-0.0,
8112,5102.138824224472,-0.100071535,
8113,5102.763021707535,-0.20220827,
8114,5103.3886613845825,-0.15714844,
8115,5104.011630058289,-0.012498439,
8116,5104.637446403503,-0.059567064,
8117,5105.261015176773,-0.26095778,
8118,5105.885749340057,-0.0,
8119,5106.5101454257965,-0.0,
8120,5107.134715080261,-0.05063822,
8121,5107.757900714874,-0.03578504,
8122,5108.382378816605,-0.13606353,
8123,5109.008372068405,-0.14686206,
8124,5109.633902788162,-0.015033367,
8125,5110.257492542267,-0.14890604,
8126,5110.882145881653,-0.0,
8127,5111.467755556107,-0.0,
8128,5112.19894194603,-0.011341304,
8129,5112.824602603912,-0.0,
8130,5113.447071313858,-0.0,
8131,5114.074429273605,-0.12402968,
8132,5114.697141170502,-0.020213414,
8133,5115.321810245514,-0.0,
8134,5115.946607351303,-0.0,
8135,5116.570686817169,-0.09243377,
8136,5117.194318294525,-0.0,
8137,5117.818749666214,-0.0,
8138,5118.442657232285,-0.93743056,
8139,5119.067063331604,-0.0,
8140,5119.690643072128,-0.0,
8141,5120.314510822296,-0.06741903,
8142,5120.938630819321,-0.4705871,
8143,5121.563744068146,-0.27213064,
8144,5122.188417673111,-0.2954138,
8145,5122.813489198685,-0.15478924,
8146,5123.43954873085,-8.0548e-05,
8147,5124.064743757248,-0.20926213,
8148,5124.651512384415,-0.0,
8149,5125.379945039749,-0.0,
8150,5126.006152868271,-0.0,
8151,5126.627933740616,-0.0,
8152,5127.255238771439,-0.029871587,
8153,5127.879999876022,-0.0,
8154,5128.5039031505585,-4.83789e-07,
8155,5129.128113746643,-0.20540294,
8156,5129.7509026527405,-0.0,
8157,5130.376452207565,-0.0,
8158,5131.001826286316,-0.00046495657,
8159,5131.627608537674,-0.042514574,
8160,5132.250823736191,-0.36985007,
8161,5132.875997304916,-0.0,
8162,5133.500283479691,-0.00059934537,
8163,5134.123914480209,-0.0,
8164,5134.748767375946,-1.6906912e-06,
8165,5135.372869491577,-0.0,
8166,5135.997168302536,-0.1886974,
8167,5136.621016263962,-0.0,
8168,5137.244890213013,-0.28977463,
8169,5137.830402374268,-0.01529454,
8170,5138.556122303009,-0.32873824,
8171,5139.182270526886,-0.25357404,
8172,5139.804714202881,-0.024555026,
8173,5140.430129766464,-0.14154984,
8174,5141.054836988449,-0.0,
8175,5141.678890705109,-0.049047247,
8176,5142.305243730545,-0.0,
8177,5142.929669618607,-0.0,
8178,5143.555505990982,-0.0,
8179,5144.182134151459,-0.07058286,
8180,5144.807999372482,-1.8893477e-06,
8181,5145.433153867722,-0.24351028,
8182,5146.056510448456,-0.0,
8183,5146.682047367096,-0.0,
8184,5147.306210279465,-0.008721323,
8185,5147.931778907776,-0.1775155,
8186,5148.555928707123,-1.9358752e-09,
8187,5149.182330369949,-0.0,
8188,5149.806564807892,-0.0,
8189,5150.432786226273,-0.29795226,
8190,5151.018438339233,-0.090782024,
8191,5151.767381668091,-0.0,
8192,5152.395517110825,-0.0,
8193,5153.016884088516,-0.0,
8194,5153.643918514252,-0.01963495,
8195,5154.2678010463715,-0.0,
8196,5154.892959594727,-0.29136777,
8197,5155.5182321071625,-0.0,
8198,5156.141933679581,-0.37377056,
8199,5156.7668290138245,-0.0,
8200,5157.3930904865265,-0.10570762,
8201,5158.016919851303,-0.09433822,
8202,5158.644334316254,-0.19561099,
8203,5159.272966384888,-0.0,
8204,5159.897545576096,-0.0,
8205,5160.522371053696,-0.31064808,
8206,5161.146674156189,-0.07467306,
8207,5161.771537542343,-0.0,
8208,5162.396037101746,-0.45378494,
8209,5163.01983165741,-0.0,
8210,5163.645253896713,-0.1737914,
8211,5164.230623960495,-0.071039006,
8212,5164.970603466034,-0.0011072438,
8213,5165.597095489502,-0.6148084,
8214,5166.218714237213,-0.0,
8215,5166.845571517944,-0.0,
8216,5167.46929526329,-0.07668771,
8217,5168.093863725662,-0.0,
8218,5168.718400478363,-0.0,
8219,5169.342537641525,-3.312388e-08,
8220,5169.967448234558,-0.06431887,
8221,5170.590908050537,-0.0,
8222,5171.215928554535,-1.02766615e-10,
8223,5171.8399822711945,-0.0,
8224,5172.464890241623,-0.0,
8225,5173.088369607925,-0.16133639,
8226,5173.713007450104,-0.0,
8227,5174.3365597724915,-0.15081201,
8228,5174.961236715317,-0.0,
8229,5175.585366010666,-0.0,
8230,5176.2093942165375,-2.4042175e-09,
8231,5176.833375692368,-0.19908875,
8232,5177.41890668869,-0.23209113,
8233,5178.141903162003,-0.0,
8234,5178.76788187027,-0.004106959,
8235,5179.3904440402985,-0.0,
8236,5180.0170958042145,-0.0,
8237,5180.641165971756,-0.12464323,
8238,5181.267055749893,-0.13302065,
8239,5181.891958475113,-0.09621234,
8240,5182.515235185623,-0.0,
8241,5183.1401307582855,-0.0,
8242,5183.764523744583,-0.7436115,
8243,5184.38854598999,-0.6760312,
8244,5185.012655735016,-0.096971214,
8245,5185.637823581696,-0.0,
8246,5186.262685775757,-0.0,
8247,5186.886661529541,-0.0,
8248,5187.511542081833,-0.0,
8249,5188.13511633873,-0.042028353,
8250,5188.760385990143,-0.1662629,
8251,5189.384112358093,-0.0,
8252,5190.0086097717285,-0.0,
8253,5190.593932628632,-0.02327178,
8254,5191.311180114746,-0.0,
8255,5191.93917632103,-0.10551685,
8256,5192.560408115387,-0.0,
8257,5193.187394857407,-0.0,
8258,5193.810312509537,-0.0,
8259,5194.434270143509,-0.0,
8260,5195.059538602829,-0.0,
8261,5195.68280339241,-0.1625612,
8262,5196.3067944049835,-0.13151202,
8263,5196.930633068085,-0.23900208,
8264,5197.554208755493,-0.19014344,
8265,5198.178817272186,-0.13944727,
8266,5198.802750825882,-0.0,
8267,5199.427827596664,-2.9503777e-08,
8268,5200.051434993744,-0.0,
8269,5200.67641210556,-0.14155155,
8270,5201.300798892975,-0.3179112,
8271,5201.924062013626,-0.0,
8272,5202.548803329468,-0.61818796,
8273,5203.172303199768,-0.0,
8274,5203.758026361465,-0.0,
8275,5204.476089954376,-0.0,
8276,5205.101585388184,-0.030220026,
8277,5205.723693609238,-0.18443154,
8278,5206.350633621216,-0.084155336,
8279,5206.974407911301,-0.21034351,
8280,5207.599930047989,-0.0,
8281,5208.224269151688,-0.10445219,
8282,5208.847925424576,-0.004140625,
8283,5209.473987817764,-0.0,
8284,5210.099514007568,-0.056677837,
8285,5210.726088762283,-0.034522362,
8286,5211.352053403854,-0.8205603,
8287,5211.9752106666565,-0.0,
8288,5212.601086616516,-0.0,
8289,5213.224898338318,-0.27489305,
8290,5213.850499153137,-0.09497309,
8291,5214.475956439972,-0.0554161,
8292,5215.1015157699585,-0.0,
8293,5215.726426124573,-0.0,
8294,5216.3516528606415,-0.3048971,
8295,5216.936693191528,-0.0,
8296,5217.650026321411,-0.37334454,
8297,5218.276851177216,-0.0,
8298,5218.8989000320435,-0.29809475,
8299,5219.525021791458,-0.19174507,
8300,5220.151625394821,-0.26536718,
8301,5220.777804374695,-0.12059047,
8302,5221.403342485428,-0.0,
8303,5222.0292291641235,-0.03524523,
8304,5222.656270980835,-0.04781375,
8305,5223.281904697418,-0.14042732,
8306,5223.9076018333435,-0.46004194,
8307,5224.532340288162,-0.006443444,
8308,5225.158702135086,-0.030688837,
8309,5225.783482313156,-0.0,
8310,5226.409697532654,-0.0068538873,
8311,5227.035491943359,-0.0,
8312,5227.659907817841,-0.0,
8313,5228.285653829575,-0.5862776,
8314,5228.910717964172,-0.1168973,
8315,5229.536136388779,-0.0,
8316,5230.122512102127,-0.0,
8317,5230.860226631165,-1.01888276e-10,
8318,5231.487766027451,-0.0,
8319,5232.110871076584,-0.021770129,
8320,5232.73904633522,-0.0,
8321,5233.363329410553,-0.03595746,
8322,5233.989250898361,-0.0,
8323,5234.614259004593,-0.071925595,
8324,5235.24258351326,-0.0,
8325,5235.869904518127,-0.7923821,
8326,5236.495421409607,-0.12545015,
8327,5237.119713544846,-0.14377853,
8328,5237.745457649231,-0.0,
8329,5238.369509458542,-0.0,
8330,5238.9949951171875,-0.14314522,
8331,5239.620022773743,-0.06429328,
8332,5240.245623588562,-0.0,
8333,5240.870539903641,-3.2884692e-08,
8334,5241.495224952698,-0.0,
8335,5242.122166633606,-0.0,
8336,5242.746757268906,-0.14375284,
8337,5243.332998275757,-0.15150441,
8338,5244.049830913544,-0.056099325,
8339,5244.675429105759,-0.0033380266,
8340,5245.300206661224,-0.0,
8341,5246.1491005420685,-0.0,
8342,5246.771276950836,-0.15157886,
8343,5247.398049354553,-0.0,
8344,5248.0231692790985,-0.29159877,
8345,5248.64706492424,-0.3628591,
8346,5249.272873401642,-0.05399244,
8347,5249.896785020828,-0.023200057,
8348,5250.523667812347,-0.0,
8349,5251.147882223129,-0.0,
8350,5251.772177696228,-0.08203251,
8351,5252.398436307907,-0.049034,
8352,5253.022334575653,-0.066212185,
8353,5253.649077177048,-0.143986,
8354,5254.274156808853,-0.13772178,
8355,5254.89977812767,-0.0,
8356,5255.525322437286,-6.1659955e-10,
8357,5256.149343967438,-0.0,
8358,5256.736404657364,-0.0,
8359,5257.47453045845,-0.105467536,
8360,5258.103374242783,-0.0,
8361,5258.726022481918,-0.0,
8362,5259.354234457016,-0.0,
8363,5259.979375362396,-0.27684012,
8364,5260.606441736221,-0.03623875,
8365,5261.232529163361,-0.14817491,
8366,5261.8588263988495,-0.04161214,
8367,5262.483908653259,-0.0,
8368,5263.109652519226,-0.0,
8369,5263.7356107234955,-0.0,
8370,5264.3618195056915,-0.22798057,
8371,5264.986903190613,-0.0,
8372,5265.612897157669,-0.0,
8373,5266.238707542419,-0.034624554,
8374,5266.864383935928,-0.00436517,
8375,5267.489800930023,-0.45926183,
8376,5268.116411209106,-0.0,
8377,5268.741120100021,-0.035156555,
8378,5269.366366863251,-0.0,
8379,5269.9527044296265,-0.45355785,
8380,5270.68493771553,-0.0,
8381,5271.310836315155,-0.0,
8382,5271.935368537903,-0.0,
8383,5272.561866760254,-0.00016414662,
8384,5273.187440633774,-0.0,
8385,5273.812956809998,-0.10549301,
8386,5274.438964366913,-0.0,
8387,5275.063918828964,-0.0,
8388,5275.690021753311,-0.0,
8389,5276.316444396973,-0.0,
8390,5276.942230463028,-0.3415184,
8391,5277.56848526001,-0.041785188,
8392,5278.194692850113,-0.03819066,
8393,5278.82010102272,-0.056333542,
8394,5279.445101976395,-0.38467973,
8395,5280.0709545612335,-0.019739514,
8396,5280.69766831398,-0.19844314,
8397,5281.32354927063,-0.31598926,
8398,5281.949633359909,-0.85493046,
8399,5282.575287103653,-0.06293851,
8400,5283.161742448807,-0.0,
8401,5283.914009094238,-0.025586283,
8402,5284.548681259155,-0.0,
8403,5285.1758489608765,-0.0,
8404,5285.803854942322,-0.0276443,
8405,5286.431413650513,-0.0532166,
8406,5287.0551862716675,-0.052148443,
8407,5287.680818796158,-0.27080446,
8408,5288.305912733078,-0.0,
8409,5288.931696176529,-0.0,
8410,5289.558982849121,-0.031706207,
8411,5290.185352802277,-0.0,
8412,5290.812593698502,-0.0,
8413,5291.437247037888,-0.048011728,
8414,5292.064183712006,-0.1431984,
8415,5292.689258813858,-0.05842675,
8416,5293.315014362335,-0.28875205,
8417,5293.940815210342,-0.063257456,
8418,5294.565383672714,-0.0,
8419,5295.191254377365,-0.0011811478,
8420,5295.815359830856,-0.0,
8421,5296.403139829636,-0.16381049,
8422,5297.141379117966,-0.0,
8423,5297.767431020737,-0.031281415,
8424,5298.389869689941,-0.0,
8425,5299.017883062363,-0.12842315,
8426,5299.641322374344,-0.0,
8427,5300.267444610596,-0.08141032,
8428,5300.892343997955,-0.0,
8429,5301.517115831375,-0.5471651,
8430,5302.14352273941,-0.06399325,
8431,5302.768227815628,-0.046814956,
8432,5303.394809484482,-0.0,
8433,5304.020370006561,-0.13799575,
8434,5304.645770788193,-0.08488084,
8435,5305.2707550525665,-0.0,
8436,5305.895784139633,-0.17317453,
8437,5306.521377801895,-0.0,
8438,5307.146824121475,-0.0,
8439,5307.771304607391,-0.0,
8440,5308.396398067474,-0.0,
8441,5309.022288799286,-9.832646e-05,
8442,5309.607640028,-0.39063177,
8443,5310.353442907333,-8.608022e-08,
8444,5310.981830596924,-0.23369217,
8445,5311.60712146759,-0.0,
8446,5312.236864805222,-0.07941421,
8447,5312.864210367203,-0.3746901,
8448,5313.490087985992,-0.27220595,
8449,5314.11577963829,-0.0,
8450,5314.741843700409,-0.0057967296,
8451,5315.368510007858,-0.048106156,
8452,5315.994685411453,-0.0,
8453,5316.623112678528,-0.0,
8454,5317.248636960983,-0.4252182,
8455,5317.875876665115,-0.034571607,
8456,5318.50176692009,-0.0,
8457,5319.127823591232,-0.0,
8458,5319.754189014435,-0.12114348,
8459,5320.3809514045715,-0.042460516,
8460,5321.005719900131,-0.0,
8461,5321.629910945892,-1.9612146e-07,
8462,5322.254368305206,-0.19982398,
8463,5322.840408563614,-0.0,
8464,5323.568943977356,-0.059848916,
8465,5324.196597337723,-0.30328965,
8466,5324.818691253662,-0.1073218,
8467,5325.446051836014,-0.0,
8468,5326.06990146637,-0.0,
8469,5326.6956651210785,-0.0,
8470,5327.320781946182,-0.0,
8471,5327.945589542389,-0.17809659,
8472,5328.571857452393,-0.19558872,
8473,5329.1965935230255,-0.51273763,
8474,5329.821692705154,-0.33955032,
8475,5330.446451663971,-0.007973777,
8476,5331.073128461838,-1.5153709e-09,
8477,5331.6977915763855,-0.0,
8478,5332.324046134949,-0.0,
8479,5332.9485676288605,-0.08439638,
8480,5333.574367284775,-0.053623237,
8481,5334.200170278549,-0.12688091,
8482,5334.824516773224,-0.13368504,
8483,5335.450077295303,-0.0,
8484,5336.03563785553,-0.06496936,
8485,5336.7654941082,-0.003351443,
8486,5337.392828464508,-0.0,
8487,5338.015422105789,-0.0,
8488,5338.642497062683,-2.0204963e-10,
8489,5339.266967535019,-0.38873935,
8490,5339.8923432827,-0.0846204,
8491,5340.516770362854,-0.00011631136,
8492,5341.142383337021,-0.0,
8493,5341.769590616226,-0.040915992,
8494,5342.394273757935,-1.1314705e-08,
8495,5343.020378112793,-0.0,
8496,5343.646282672882,-0.020302963,
8497,5344.272172451019,-0.0,
8498,5344.89750957489,-0.0,
8499,5345.523020029068,-0.2057416,
8500,5346.148426532745,-0.52290404,
8501,5346.774781227112,-0.0,
8502,5347.400336027145,-0.0030215376,
8503,5348.026015996933,-0.0,
8504,5348.65149140358,-0.0,
8505,5349.237957954407,-0.12407665,
8506,5349.968191385269,-0.030933237,
8507,5350.594395637512,-0.0,
8508,5351.216844797134,-0.12489823,
8509,5351.8434801101685,-0.0,
8510,5352.4685754776,-0.033973463,
8511,5353.093947887421,-0.0,
8512,5353.71998333931,-0.0,
8513,5354.344580173492,-0.0,
8514,5354.971884727478,-0.3265261,
8515,5355.596118688583,-0.36676037,
8516,5356.221415281296,-0.0,
8517,5356.846866607666,-0.1541836,
8518,5357.472463846207,-0.20122883,
8519,5358.09859752655,-0.0,
8520,5358.7243621349335,-0.0,
8521,5359.349045991898,-0.077486016,
8522,5359.975496530533,-0.0,
8523,5360.60090637207,-0.0,
8524,5361.225907802582,-0.010401057,
8525,5361.85164809227,-0.0,
8526,5362.437873125076,-0.079444915,
8527,5363.156039476395,-0.044853352,
8528,5363.783771038055,-0.1737403,
8529,5364.406542539597,-0.0,
8530,5365.03454709053,-0.0485872,
8531,5365.659054994583,-0.11232034,
8532,5366.284952402115,-0.0,
8533,5366.910704374313,-0.0,
8534,5367.534967422485,-0.21670413,
8535,5368.160257577896,-0.5644466,
8536,5368.786109447479,-0.0,
8537,5369.411517620087,-0.0,
8538,5370.04651093483,-0.12948465,
8539,5370.675422906876,-0.0,
8540,5371.299941539764,-0.0,
8541,5371.926533937454,-1.02766615e-10,
8542,5372.551466226578,-0.10139774,
8543,5373.1769099235535,-0.0,
8544,5373.805241584778,-0.20079896,
8545,5374.430292367935,-0.0,
8546,5375.056054115295,-0.0,
8547,5375.642625570297,-0.019652996,
8548,5376.3762855529785,-0.0,
8549,5377.004878282547,-0.0,
8550,5377.626828432083,-0.0,
8551,5378.254925727844,-0.33100727,
8552,5378.880276441574,-0.17192662,
8553,5379.504816532135,-0.07378425,
8554,5380.131247997284,-0.0,
8555,5380.755832433701,-0.0,
8556,5381.382080316544,-0.025183076,
8557,5382.007820367813,-0.021194708,
8558,5382.632524251938,-0.032597702,
8559,5383.258715867996,-0.43389663,
8560,5383.883512496948,-0.10560743,
8561,5384.5096826553345,-0.16727477,
8562,5385.134647369385,-0.02269489,
8563,5385.760851621628,-0.0,
8564,5386.38695192337,-0.0,
8565,5387.011897563934,-2.907543e-10,
8566,5387.637469291687,-0.3881882,
8567,5388.262117385864,-0.0059033944,
8568,5388.848741054535,-0.5442936,
8569,5389.588858366013,-0.104105614,
8570,5390.215463876724,-0.0,
8571,5390.839045524597,-0.0,
8572,5391.466812849045,-0.0,
8573,5392.091444969177,-0.0,
8574,5392.716906547546,-0.0,
8575,5393.342415809631,-0.07937915,
8576,5393.967235803604,-0.0,
8577,5394.596174240112,-0.052149605,
8578,5395.221467018127,-0.22365801,
8579,5395.846448421478,-0.13942769,
8580,5396.472105026245,-0.0,
8581,5397.097808122635,-0.0,
8582,5397.723530292511,-0.0,
8583,5398.348364114761,-0.117876515,
8584,5398.974507570267,-0.0,
8585,5399.59911942482,-0.0,
8586,5400.22559928894,-0.0,
8587,5400.850466012955,-7.193634e-09,
8588,5401.476608514786,-0.08611925,
8589,5402.061912536621,-0.23484513,
8590,5402.785628318787,-0.046327706,
8591,5403.412165641785,-0.2678167,
8592,5404.036851167679,-0.0,
8593,5404.664071083069,-0.0,
8594,5405.292553901672,-0.26517996,
8595,5405.917353391647,-0.035250172,
8596,5406.542868852615,-0.0054861787,
8597,5407.1687271595,-0.09240487,
8598,5407.795116662979,-0.16035275,
8599,5408.422327756882,-0.0,
8600,5409.048491477966,-0.0,
8601,5409.675314903259,-5.4536468e-08,
8602,5410.3014142513275,-0.0,
8603,5410.928255319595,-0.1431858,
8604,5411.554074287415,-1.9256667e-08,
8605,5412.180473566055,-0.064427964,
8606,5412.806863069534,-0.0,
8607,5413.433389902115,-0.0,
8608,5414.060902357101,-0.15136775,
8609,5414.686675310135,-0.0,
8610,5415.272635221481,-0.42990583,
8611,5416.00372004509,-0.0,
8612,5416.632673501968,-1.01888276e-10,
8613,5417.255247592926,-0.0,
8614,5417.882727861404,-0.002510801,
8615,5418.508951663971,-0.0,
8616,5419.13546538353,-0.0,
8617,5419.7620232105255,-0.02966308,
8618,5420.387849330902,-0.0,
8619,5421.013918161392,-0.0,
8620,5421.639877319336,-0.22398555,
8621,5422.266207695007,-0.04968603,
8622,5422.893207073212,-0.0,
8623,5423.518809080124,-0.0,
8624,5424.1451580524445,-0.0002618601,
8625,5424.7705409526825,-0.0,
8626,5425.395125389099,-0.0,
8627,5426.02046084404,-0.0,
8628,5426.645614862442,-0.14950773,
8629,5427.270890951157,-0.04777123,
8630,5427.89571595192,-0.0,
8631,5428.482183456421,-0.11018552,
8632,5429.2113301754,-0.047082663,
8633,5429.838840961456,-0.06006264,
8634,5430.466638326645,-0.07416947,
8635,5431.094465494156,-0.36955208,
8636,5431.720941781998,-0.0,
8637,5432.348054647446,-0.0,
8638,5432.975754499435,-4.6231243e-08,
8639,5433.602401971817,-0.35829443,
8640,5434.229803562164,-0.0,
8641,5434.855607748032,-0.03386231,
8642,5435.482526063919,-0.0,
8643,5436.108868598938,-0.21767862,
8644,5436.734977245331,-0.13793436,
8645,5437.36154794693,-0.12973706,
8646,5437.9868376255035,-0.0,
8647,5438.613659620285,-0.2262657,
8648,5439.239542722702,-0.09436907,
8649,5439.864491939545,-0.0,
8650,5440.490190505981,-0.007135016,
8651,5441.115303516388,-0.100923724,
8652,5441.701638460159,-0.03799176,
8653,5442.437388420105,-0.38536078,
8654,5443.063982009888,-0.0,
8655,5443.688632249832,-0.056275,
8656,5444.315018415451,-0.073808454,
8657,5444.941703796387,-0.37915534,
8658,5445.567715644836,-0.54296446,
8659,5446.193623304367,-0.0,
8660,5446.8180866241455,-0.0,
8661,5447.443939447403,-0.0,
8662,5448.069414615631,-1.8226013e-08,
8663,5448.6943509578705,-0.5590667,
8664,5449.320134878159,-0.00043143643,
8665,5449.944950580597,-0.0,
8666,5450.570721387863,-0.029295748,
8667,5451.195255756378,-0.0,
8668,5451.8202702999115,-0.0,
8669,5452.445308685303,-0.0,
8670,5453.070708274841,-0.0,
8671,5453.696499109268,-0.07722904,
8672,5454.320532798767,-0.0,
8673,5454.9077479839325,-0.0,
8674,5455.625880718231,-0.0,
8675,5456.253076314926,-0.8668637,
8676,5456.877247333527,-0.0,
8677,5457.503719568253,-0.20756297,
8678,5458.128290653229,-0.061385892,
8679,5458.753616094589,-0.023472939,
8680,5459.379318714142,-0.035207078,
8681,5460.004200458527,-0.36160216,
8682,5460.630397558212,-0.0,
8683,5461.257110595703,-0.0,
8684,5461.883459806442,-0.44589645,
8685,5462.509569644928,-0.0,
8686,5463.135650396347,-0.075032815,
8687,5463.761335849762,-0.0,
8688,5464.386902093887,-0.27143982,
8689,5465.01317024231,-0.22240324,
8690,5465.639454364777,-0.0,
8691,5466.266122102737,-0.0,
8692,5466.891486167908,-0.10217278,
8693,5467.517067670822,-0.12327252,
8694,5468.102054595947,-0.0,
8695,5468.843058586121,-2.1364337e-06,
8696,5469.470769405365,-0.0,
8697,5470.092948436737,-0.0,
8698,5470.719831943512,-0.0,
8699,5471.343461036682,-0.31659746,
8700,5471.969099998474,-1.0660985e-09,
8701,5472.593982934952,-0.08432184,
8702,5473.218005180359,-0.16668192,
8703,5473.843631505966,-0.1234019,
8704,5474.469361305237,-0.037023894,
8705,5475.094328403473,-0.0,
8706,5475.720939874649,-0.0,
8707,5476.3471829891205,-0.19612908,
8708,5476.971700191498,-0.0,
8709,5477.597172260284,-0.0,
8710,5478.2212591171265,-0.24883965,
8711,5478.847441911697,-0.12481125,
8712,5479.471904993057,-0.038536556,
8713,5480.097008943558,-0.0,
8714,5480.721909999847,-6.830642e-06,
8715,5481.30775141716,-4.5945145e-09,
8716,5482.030828952789,-0.08306162,
8717,5482.65850687027,-0.10638729,
8718,5483.279688835144,-0.0,
8719,5483.906992435455,-0.06235293,
8720,5484.531071424484,-0.04261566,
8721,5485.1574029922485,-0.0,
8722,5485.782495737076,-0.023618314,
8723,5486.407858610153,-6.9538725e-10,
8724,5487.032899618149,-0.0,
8725,5487.658418178558,-0.12958156,
8726,5488.283004760742,-0.02616565,
8727,5488.908613443375,-0.0,
8728,5489.532931804657,-0.0,
8729,5490.1574447155,-0.060896926,
8730,5490.78303027153,-0.12776715,
8731,5491.408052682877,-0.0,
8732,5492.03288269043,-0.07011159,
8733,5492.657555341721,-0.022657366,
8734,5493.283193826675,-0.0,
8735,5493.90790605545,-0.03799523,
8736,5494.493622541428,-0.13144718,
8737,5495.224348306656,-0.0,
8738,5495.852704048157,-1.0650506,
8739,5496.478008747101,-0.0,
8740,5497.107143163681,-0.0,
8741,5497.729977846146,-0.24202809,
8742,5498.35648727417,-0.025305277,
8743,5498.982230424881,-0.03773469,
8744,5499.607296705246,-0.0,
8745,5500.233624219894,-0.0,
8746,5500.859119176865,-0.0,
8747,5501.485215425491,-0.0,
8748,5502.1118450164795,-3.0973478e-08,
8749,5502.737498521805,-0.121683635,
8750,5503.364350557327,-0.03245025,
8751,5503.9890832901,-0.0,
8752,5504.6146104335785,-0.0,
8753,5505.240447282791,-0.0,
8754,5505.866195201874,-0.0,
8755,5506.492064237595,-0.021956097,
8756,5507.117988586426,-0.079531886,
8757,5507.703055858612,-0.0,
8758,5508.425227642059,-0.0054938598,
8759,5509.053333282471,-0.0,
8760,5509.680136919022,-0.0,
8761,5510.313299417496,-0.06716891,
8762,5510.941367864609,-0.19359152,
8763,5511.566955089569,-0.0,
8764,5512.1935567855835,-0.0,
8765,5512.821335077286,-0.0,
8766,5513.448287725449,-0.060700167,
8767,5514.076442718506,-0.15588465,
8768,5514.702013254166,-0.0009833734,
8769,5515.327619314194,-0.0,
8770,5515.952925920486,-0.0,
8771,5516.580332994461,-0.0,
8772,5517.2078058719635,-0.25209627,
8773,5517.83411860466,-0.096669935,
8774,5518.460424900055,-0.35905188,
8775,5519.085844278336,-0.0,
8776,5519.711726903915,-0.18003668,
8777,5520.336793422699,-0.0,
8778,5520.924350976944,-0.46550488,
8779,5521.665603399277,-0.0,
8780,5522.291452169418,-0.32368928,
8781,5522.9160592556,-0.0,
8782,5523.5426733493805,-0.23857173,
8783,5524.16716170311,-0.14164507,
8784,5524.7929010391235,-9.934107e-11,
8785,5525.417812347412,-0.0,
8786,5526.043119430542,-0.14512801,
8787,5526.668694496155,-0.19002792,
8788,5527.295491695404,-0.46424827,
8789,5527.921358585358,-0.25115663,
8790,5528.546107530594,-0.19162959,
8791,5529.17250919342,-0.0,
8792,5529.798132419586,-0.0,
8793,5530.424107313156,-0.14841563,
8794,5531.0504422187805,-0.02904246,
8795,5531.675715684891,-0.0,
8796,5532.301469326019,-0.07329723,
8797,5532.927387952805,-0.0,
8798,5533.553149938583,-0.0,
8799,5534.13934469223,-0.0,
8800,5534.880879878998,-0.0,
8801,5535.507940292358,-0.2567027,
8802,5536.131661653519,-0.42108843,
8803,5536.760337591171,-0.6110981,
8804,5537.385466098785,-0.0,
8805,5538.013368844986,-0.0,
8806,5538.641398668289,-0.078567885,
8807,5539.268887519836,-0.0,
8808,5539.895175933838,-0.0,
8809,5540.520037412643,-0.112832665,
8810,5541.145889520645,-0.17497163,
8811,5541.771128177643,-0.0,
8812,5542.396985054016,-0.41285458,
8813,5543.020969152451,-0.0,
8814,5543.646353960037,-0.09884431,
8815,5544.271673202515,-0.085345306,
8816,5544.896929502487,-0.0,
8817,5545.522925376892,-0.09482443,
8818,5546.147970199585,-0.021884562,
8819,5546.773048400879,-0.59683955,
8820,5547.359689712524,-0.0,
8821,5548.083938598633,-0.0,
8822,5548.710518121719,-0.0,
8823,5549.333965063095,-0.0,
8824,5549.961270570755,-0.0,
8825,5550.589506864548,-0.078615874,
8826,5551.216522455215,-0.0061914003,
8827,5551.845752954483,-0.0,
8828,5552.469679355621,-0.0,
8829,5553.097237110138,-0.0,
8830,5553.723109483719,-0.15337668,
8831,5554.34872341156,-0.0,
8832,5554.97376036644,-0.0,
8833,5555.59889626503,-0.0,
8834,5556.225859880447,-0.0,
8835,5556.8531148433685,-0.0,
8836,5557.478649377823,-0.0,
8837,5558.106189966202,-0.0,
8838,5558.73291349411,-0.0,
8839,5559.358796834946,-0.0,
8840,5559.985375881195,-0.023201074,
8841,5560.571833848953,-0.0,
8842,5561.29896402359,-0.0,
8843,5561.925845146179,-0.0,
8844,5562.548538446426,-0.73866725,
8845,5563.175461053848,-0.0,
8846,5563.799834728241,-0.0,
8847,5564.4242033958435,-0.17635015,
8848,5565.050093173981,-7.3112255e-06,
8849,5565.673695325851,-0.0433263,
8850,5566.300039768219,-0.0,
8851,5566.92448425293,-0.0,
8852,5567.550480365753,-0.038131166,
8853,5568.176260471344,-0.029256755,
8854,5568.80181312561,-0.0,
8855,5569.427036762238,-0.0,
8856,5570.051746606827,-0.11155314,
8857,5570.678036928177,-0.0,
8858,5571.302790403366,-0.0,
8859,5571.929189443588,-0.0,
8860,5572.554210424423,-0.0,
8861,5573.17987537384,-0.18723334,
8862,5573.766154766083,-0.0,
8863,5574.499609947205,-0.043317616,
8864,5575.1260278224945,-0.058155052,
8865,5575.7501430511475,-0.0,
8866,5576.377820253372,-0.0,
8867,5577.001863002777,-0.0,
8868,5577.627779960632,-0.25446412,
8869,5578.252991676331,-0.27792928,
8870,5578.878877162933,-0.29384062,
8871,5579.504822015762,-0.0,
8872,5580.130147218704,-0.0,
8873,5580.7554433345795,-0.057308532,
8874,5581.380473136902,-5.178933e-08,
8875,5582.006050348282,-0.0,
8876,5582.630875349045,-0.07370329,
8877,5583.257030010223,-0.5043882,
8878,5583.883218288422,-0.0,
8879,5584.507019042969,-0.0,
8880,5585.13316655159,-0.0,
8881,5585.7578246593475,-0.5862962,
8882,5586.383999586105,-0.0,
8883,5586.970674037933,-0.0,
8884,5587.703835010529,-0.22628805,
8885,5588.331061840057,-0.38410273,
8886,5588.954555749893,-0.0,
8887,5589.580615520477,-0.33369592,
8888,5590.205482244492,-0.03636104,
8889,5590.83046579361,-0.28589067,
8890,5591.456235170364,-0.0059441933,
8891,5592.081116676331,-0.23393095,
8892,5592.706775903702,-0.023648478,
8893,5593.3320252895355,-0.13506135,
8894,5593.956411600113,-0.13344082,
8895,5594.582604885101,-0.7988243,
8896,5595.206970453262,-0.0,
8897,5595.832654476166,-0.0,
8898,5596.45898771286,-0.23928633,
8899,5597.083570480347,-0.06552325,
8900,5597.709767580032,-0.0,
8901,5598.334203720093,-0.4948433,
8902,5598.960168838501,-0.07980944,
8903,5599.584745645523,-0.06780674,
8904,5600.170038700104,-0.0,
8905,5600.915153264999,-0.0,
8906,5601.541617631912,-0.0,
8907,5602.16438126564,-0.0,
8908,5602.791406393051,-0.008828213,
8909,5603.41454911232,-0.0,
8910,5604.042707443237,-0.0,
8911,5604.668016195297,-0.0,
8912,5605.292151927948,-0.029759858,
8913,5605.91886639595,-0.0,
8914,5606.542942523956,-0.0,
8915,5607.168661355972,-0.0,
8916,5607.794183731079,-0.0085427165,
8917,5608.418363809586,-0.55170965,
8918,5609.044901371002,-0.0,
8919,5609.668896913528,-0.07468059,
8920,5610.294615030289,-0.02381826,
8921,5610.918989658356,-0.0,
8922,5611.543697595596,-0.0,
8923,5612.168121337891,-0.0,
8924,5612.79322552681,-0.629114,
8925,5613.377924919128,-0.0,
8926,5614.126917362213,-0.0,
8927,5614.75715303421,-0.6133655,
8928,5615.381261348724,-0.0,
8929,5616.0096843242645,-0.09394799,
8930,5616.634806632996,-0.008922452,
8931,5617.260045528412,-0.0,
8932,5617.89219212532,-0.023840524,
8933,5618.517794370651,-0.06340178,
8934,5619.144614458084,-0.0,
8935,5619.76872754097,-0.18539354,
8936,5620.393741607666,-0.0,
8937,5621.020212888718,-0.36922693,
8938,5621.643838405609,-0.0,
8939,5622.270898103714,-0.0,
8940,5622.894093036652,-0.46471483,
8941,5623.519213914871,-0.0,
8942,5624.144326448441,-0.0,
8943,5624.76940369606,-0.3525695,
8944,5625.392776489258,-2.3858754e-06,
8945,5626.018833637238,-0.0,
8946,5626.604021549225,-0.11818522,
8947,5627.319436788559,-0.0590977,
8948,5627.94525718689,-0.06013105,
8949,5628.567059278488,-0.0,
8950,5629.19295167923,-0.0,
8951,5629.818118572235,-0.11524031,
8952,5630.442636489868,-0.0,
8953,5631.068443775177,-0.0,
8954,5631.693356513977,-0.0,
8955,5632.320224046707,-0.12127121,
8956,5632.943800210953,-0.0,
8957,5633.570230722427,-0.0,
8958,5634.19532084465,-0.3144645,
8959,5634.8207087516785,-0.024374789,
8960,5635.446630716324,-0.09377711,
8961,5636.0708796978,-0.0,
8962,5636.696996212006,-0.51139,
8963,5637.321467638016,-0.0,
8964,5637.9476408958435,-0.0,
8965,5638.572688341141,-0.0,
8966,5639.198580741882,-0.01142561,
8967,5639.785900354385,-0.3291698,
8968,5640.547925710678,-0.038423236,
8969,5641.175659656525,-0.023830209,
8970,5641.797114372253,-0.0,
8971,5642.424915552139,-0.2906307,
8972,5643.047369718552,-0.0,
8973,5643.674145936966,-0.19806886,
8974,5644.299260854721,-0.25076252,
8975,5644.923973798752,-0.040457986,
8976,5645.549401521683,-0.013178026,
8977,5646.173436641693,-0.0062940344,
8978,5646.797657966614,-0.05713115,
8979,5647.422043085098,-0.24190298,
8980,5648.045595884323,-0.0,
8981,5648.670329332352,-0.13451758,
8982,5649.295031309128,-0.097824946,
8983,5649.9192044734955,-0.0,
8984,5650.543509483337,-0.0,
8985,5651.169205665588,-0.0,
8986,5651.793222904205,-0.014631413,
8987,5652.416925907135,-6.8853367e-09,
8988,5653.0020315647125,-0.022080813,
8989,5653.727174282074,-0.0,
8990,5654.354364871979,-0.018013056,
8991,5654.979286432266,-0.06153182,
8992,5655.606194496155,-0.06526489,
8993,5656.231422662735,-0.13656142,
8994,5656.855859041214,-0.0,
8995,5657.481074333191,-0.10253591,
8996,5658.106009483337,-0.07292437,
8997,5658.73065662384,-0.0,
8998,5659.355696439743,-0.0,
8999,5659.980546236038,-0.0,
9000,5660.606093645096,-0.0,
9001,5661.231610774994,-0.2905092,
9002,5661.85453414917,-0.01774571,
9003,5662.480046749115,-0.0,
9004,5663.104897737503,-0.027993247,
9005,5663.729342222214,-0.0,
9006,5664.353839874268,-0.00711542,
9007,5664.977296590805,-0.0028127662,
9008,5665.601420879364,-0.0,
9009,5666.187896966934,-0.09968929,
9010,5666.92088842392,-0.19030096,
9011,5667.550287485123,-0.51364934,
9012,5668.171931743622,-0.26901683,
9013,5668.798935413361,-0.06506363,
9014,5669.422969818115,-0.045586906,
9015,5670.048644542694,-0.106121644,
9016,5670.673687458038,-0.0,
9017,5671.298427820206,-0.10246984,
9018,5671.9231560230255,-0.33218884,
9019,5672.548214673996,-0.032128148,
9020,5673.171857357025,-0.21859401,
9021,5673.796001911163,-0.36676645,
9022,5674.41902589798,-0.018214667,
9023,5675.04457783699,-0.0,
9024,5675.668385267258,-0.25838095,
9025,5676.292866230011,-0.090329155,
9026,5676.916145086288,-0.0,
9027,5677.540808916092,-0.16656531,
9028,5678.165571689606,-0.0,
9029,5678.789036273956,-0.0015343331,
9030,5679.373653411865,-0.0,
9031,5680.108451843262,-0.0,
9032,5680.734676361084,-0.0,
9033,5681.359432935715,-0.0284436,
9034,5681.986927509308,-0.0,
9035,5682.6107568740845,-0.0,
9036,5683.234921216965,-0.0,
9037,5683.861000299454,-0.22656246,
9038,5684.485365152359,-0.010086529,
9039,5685.110658168793,-0.0,
9040,5685.7358021736145,-0.0054104845,
9041,5686.360523223877,-0.25604185,
9042,5686.984185218811,-0.0,
9043,5687.608019113541,-0.0,
9044,5688.232203960419,-0.043969195,
9045,5688.856559276581,-0.0,
9046,5689.481776714325,-0.09087794,
9047,5690.1060473918915,-0.08011013,
9048,5690.731215953827,-0.0,
9049,5691.354979991913,-0.14624502,
9050,5691.980015039444,-0.08525486,
9051,5692.563930749893,-0.0,
9052,5693.300574064255,-0.6250522,
9053,5693.926164150238,-0.0,
9054,5694.54908156395,-0.0,
9055,5695.174481153488,-0.0,
9056,5695.798910140991,-0.4168147,
9057,5696.423650503159,-0.0,
9058,5697.049250125885,-0.0,
9059,5697.6743223667145,-0.0,
9060,5698.299476385117,-0.0,
9061,5698.923910856247,-0.0,
9062,5699.548970460892,-0.18651184,
9063,5700.173491716385,-0.0,
9064,5700.800358057022,-0.0,
9065,5701.4250111579895,-0.0,
9066,5702.050359010696,-0.028107429,
9067,5702.676073312759,-1.3358627e-07,
9068,5703.299973964691,-0.26270443,
9069,5703.9263072013855,-0.3845389,
9070,5704.55012512207,-0.011381188,
9071,5705.174727201462,-6.105374e-08,
9072,5705.76061463356,-0.03736136,
9073,5706.4999215602875,-0.23165756,
9074,5707.125891923904,-0.6686051,
9075,5707.74786901474,-0.0,
9076,5708.37326335907,-0.0,
9077,5708.997804641724,-0.0,
9078,5709.620919466019,-0.0,
9079,5710.246619224548,-0.0,
9080,5710.87008523941,-0.25454804,
9081,5711.4958527088165,-0.0,
9082,5712.12050318718,-0.77277017,
9083,5712.745596408844,-0.13886762,
9084,5713.369831323624,-0.0,
9085,5713.995058774948,-0.017962582,
9086,5714.619054317474,-0.22369786,
9087,5715.243756532669,-0.0,
9088,5715.867989063263,-0.15585274,
9089,5716.4941194057465,-0.45564264,
9090,5717.118422269821,-0.00029861822,
9091,5717.742967844009,-0.21349154,
9092,5718.367844343185,-0.0,
9093,5718.953230142593,-0.18341406,
9094,5719.689686059952,-8.549896e-06,
9095,5720.317017555237,-0.0,
9096,5720.938706636429,-0.01809278,
9097,5721.564929962158,-0.0,
9098,5722.188605308533,-1.6028124e-09,
9099,5722.8124127388,-0.0,
9100,5723.436484098434,-0.0,
9101,5724.060131788254,-0.061568506,
9102,5724.684611320496,-0.11684883,
9103,5725.309045314789,-0.15464014,
9104,5725.932958364487,-0.0051171854,
9105,5726.557816982269,-2.04735e-06,
9106,5727.183171987534,-0.0,
9107,5727.808451890945,-0.0,
9108,5728.432840824127,-0.1260523,
9109,5729.0569796562195,-0.069904774,
9110,5729.682013034821,-0.032904685,
9111,5730.306388139725,-0.0,
9112,5730.9327044487,-0.0,
9113,5731.557135343552,-0.15869758,
9114,5732.144098520279,-0.0,
9115,5732.85905790329,-0.40973714,
9116,5733.484381914139,-0.0,
9117,5734.108410358429,-0.04941977,
9118,5734.733400583267,-0.0,
9119,5735.358294248581,-0.4374395,
9120,5735.982779979706,-0.0065280846,
9121,5736.608311891556,-0.08091323,
9122,5737.233607292175,-0.0,
9123,5737.858035802841,-0.0,
9124,5738.484359264374,-0.0,
9125,5739.10862827301,-0.054523088,
9126,5739.734922409058,-0.0,
9127,5740.359968185425,-0.0,
9128,5740.985000610352,-4.279297e-09,
9129,5741.612388134003,-0.0,
9130,5742.236034870148,-0.06132223,
9131,5742.861592769623,-0.08193176,
9132,5743.485963106155,-0.0,
9133,5744.110454082489,-0.0029502138,
9134,5744.734306573868,-0.017916985,
9135,5745.319074630737,-0.0,
9136,5746.048569917679,-0.0,
9137,5746.673904180527,-0.049774043,
9138,5747.29812502861,-0.0,
9139,5747.926352262497,-0.06424882,
9140,5748.551688671112,-0.056530856,
9141,5749.1783401966095,-0.0016205909,
9142,5749.802933216095,-0.0,
9143,5750.426274299622,-0.05962919,
9144,5751.051640033722,-0.041982163,
9145,5751.67400765419,-0.0,
9146,5752.299632549286,-0.3057939,
9147,5752.9238717556,-0.13851856,
9148,5753.547408819199,-0.0,
9149,5754.171535730362,-0.0,
9150,5754.795908212662,-0.0,
9151,5755.421082735062,-0.0,
9152,5756.044387578964,-0.04935729,
9153,5756.669686079025,-0.0,
9154,5757.292748451233,-9.225614e-07,
9155,5757.917955875397,-0.0004093494,
9156,5758.502616405487,-0.0,
9157,5759.235845327377,-0.0,
9158,5759.862582683563,-0.0,
9159,5760.484606266022,-0.0,
9160,5761.110939979553,-0.0,
9161,5761.7343673706055,-0.4190481,
9162,5762.359701395035,-1.0491722e-07,
9163,5762.984459877014,-0.0,
9164,5763.608637571335,-3.9085002e-10,
9165,5764.233762979507,-0.03943331,
9166,5764.8594579696655,-0.0,
9167,5765.484770774841,-0.0,
9168,5766.109064102173,-0.0,
9169,5766.73405957222,-0.0,
9170,5767.363113164902,-0.0,
9171,5767.987932682037,-0.26054677,
9172,5768.613048791885,-0.0,
9173,5769.236995220184,-0.0,
9174,5769.862601518631,-0.0,
9175,5770.486246109009,-0.0,
9176,5771.110629081726,-0.008452589,
9177,5771.697335243225,-7.4859694e-05,
9178,5772.4217166900635,-0.021720001,
9179,5773.048406362534,-0.013263924,
9180,5773.671786546707,-0.0,
9181,5774.298117876053,-0.17404518,
9182,5774.924010276794,-0.0,
9183,5775.548154592514,-0.09634765,
9184,5776.174358129501,-0.0,
9185,5776.798043966293,-0.0,
9186,5777.423019170761,-0.0,
9187,5778.047093868256,-0.0154336495,
9188,5778.671600580215,-0.2600973,
9189,5779.295801639557,-0.0,
9190,5779.921560525894,-0.0,
9191,5780.545106649399,-0.090331286,
9192,5781.170008182526,-0.0,
9193,5781.794009447098,-0.0,
9194,5782.418266773224,-0.3416723,
9195,5783.0426371097565,-0.0,
9196,5783.667607784271,-0.25550616,
9197,5784.299018383026,-0.059227824,
9198,5784.88560628891,-0.0,
9199,5785.622708082199,-0.0,
9200,5786.249301433563,-0.0,
9201,5786.871583938599,-0.0,
9202,5787.498472929001,-0.0,
9203,5788.122533082962,-0.24415667,
9204,5788.747325658798,-0.0047784867,
9205,5789.371634483337,-0.0,
9206,5789.996065855026,-0.0,
9207,5790.619948148727,-0.059906732,
9208,5791.244904518127,-0.081230685,
9209,5791.870614528656,-0.13823825,
9210,5792.494742870331,-0.12533666,
9211,5793.119465112686,-0.06644617,
9212,5793.743306159973,-0.0,
9213,5794.369210958481,-0.037916858,
9214,5794.9940774440765,-0.0,
9215,5795.619031429291,-0.043588784,
9216,5796.243878602982,-0.0,
9217,5796.869183540344,-0.03320645,
9218,5797.494394779205,-0.0,
9219,5798.079315185547,-0.0,
9220,5798.815579175949,-0.0,
9221,5799.441635131836,-0.050365277,
9222,5800.065357685089,-0.0,
9223,5800.690925836563,-0.105769195,
9224,5801.3137819767,-0.0,
9225,5801.938775539398,-0.023382679,
9226,5802.563831090927,-0.0,
9227,5803.187696456909,-0.0,
9228,5803.81356883049,-0.031652957,
9229,5804.436901807785,-0.0,
9230,5805.062702178955,-0.0,
9231,5805.686594963074,-0.5698528,
9232,5806.310985088348,-0.24411461,
9233,5806.935099124908,-0.0,
9234,5807.559051990509,-0.0,
9235,5808.184560537338,-1.2948497e-08,
9236,5808.81280374527,-0.33658245,
9237,5809.439620256424,-0.02039763,
9238,5810.066104412079,-0.002209613,
9239,5810.689986944199,-0.0,
9240,5811.277028560638,-0.040002037,
9241,5811.9919011592865,-6.7246e-09,
9242,5812.616187095642,-0.04717114,
9243,5813.240531206131,-0.0052619604,
9244,5813.869653463364,-0.0,
9245,5814.4977860450745,-0.0,
9246,5815.125435352325,-0.19012116,
9247,5815.749595880508,-0.1973344,
9248,5816.373330831528,-0.0,
9249,5816.998363494873,-0.032214835,
9250,5817.62108039856,-0.0,
9251,5818.246784448624,-0.062267855,
9252,5818.870318651199,-0.0,
9253,5819.495560407639,-0.0,
9254,5820.120499134064,-0.44448113,
9255,5820.7444524765015,-0.027858365,
9256,5821.368768692017,-0.0,
9257,5821.99299120903,-0.0,
9258,5822.617667913437,-0.0,
9259,5823.2422387599945,-0.04319322,
9260,5823.868366718292,-0.0,
9261,5824.45383143425,-0.0,
9262,5825.186895847321,-0.08972408,
9263,5825.811443805695,-0.23018126,
9264,5826.433879375458,-0.3855561,
9265,5827.060797452927,-0.0,
9266,5827.68323802948,-0.0,
9267,5828.308315038681,-0.0058673294,
9268,5828.932638168335,-0.0,
9269,5829.556853055954,-0.0,
9270,5830.182015180588,-0.120526895,
9271,5830.806602239609,-0.11638488,
9272,5831.431753396988,-0.1798962,
9273,5832.056139707565,-0.09195594,
9274,5832.680957078934,-0.0,
9275,5833.305467128754,-0.20670085,
9276,5833.92986536026,-0.33684236,
9277,5834.554257154465,-0.41066465,
9278,5835.178425073624,-0.0,
9279,5835.804210424423,-0.0,
9280,5836.427480697632,-0.0,
9281,5837.052748918533,-0.0,
9282,5837.63795208931,-0.018826004,
9283,5838.359066724777,-0.45546967,
9284,5838.984782934189,-0.0,
9285,5839.607187747955,-0.0,
9286,5840.2339017391205,-0.0,
9287,5840.8575320243835,-0.0,
9288,5841.482155561447,-8.822981e-08,
9289,5842.106285810471,-0.0,
9290,5842.730216026306,-0.0,
9291,5843.354774951935,-0.0,
9292,5843.978980541229,-0.13422805,
9293,5844.602911472321,-0.0012871893,
9294,5845.227535486221,-0.19844353,
9295,5845.853006601334,-0.0,
9296,5846.4766483306885,-0.0,
9297,5847.100671052933,-0.003082937,
9298,5847.725098371506,-0.33551067,
9299,5848.349446058273,-0.1485005,
9300,5848.9733765125275,-0.10778846,
9301,5849.59775018692,-0.45642963,
9302,5850.221674442291,-0.057681546,
9303,5850.8072028160095,-0.0,
9304,5851.521995782852,-0.13733461,
9305,5852.146989822388,-0.0,
9306,5852.769423007965,-0.44740754,
9307,5853.394768714905,-0.14276023,
9308,5854.019318342209,-0.0,
9309,5854.644258260727,-0.10151899,
9310,5855.270794630051,-0.0,
9311,5855.895049333572,-0.2876403,
9312,5856.518894910812,-0.0,
9313,5857.143465995789,-0.14823186,
9314,5857.76736998558,-0.0,
9315,5858.392339706421,-0.0,
9316,5859.016553640366,-0.24104258,
9317,5859.640260696411,-0.45441222,
9318,5860.266486644745,-0.13321778,
9319,5860.889304637909,-0.09091797,
9320,5861.516065597534,-0.0,
9321,5862.139439582825,-0.17801458,
9322,5862.764437675476,-0.0,
9323,5863.389358758926,-0.0,
9324,5863.975196838379,-0.4694848,
9325,5864.711114883423,-0.1300296,
9326,5865.337133407593,-0.019665068,
9327,5865.959259271622,-0.34150687,
9328,5866.585767745972,-0.0,
9329,5867.208791971207,-0.05818959,
9330,5867.834061861038,-0.0,
9331,5868.458724498749,-0.35781997,
9332,5869.083035945892,-0.0,
9333,5869.707443237305,-0.06303431,
9334,5870.331077814102,-0.0,
9335,5870.955350160599,-0.12523572,
9336,5871.58046746254,-0.0,
9337,5872.204616308212,-0.086343005,
9338,5872.830605268478,-0.0,
9339,5873.453687429428,-0.0,
9340,5874.078715085983,-0.0,
9341,5874.703758239746,-0.18939075,
9342,5875.329005479813,-0.029149055,
9343,5875.954881191254,-0.056760155,
9344,5876.580473899841,-0.0,
9345,5877.16925907135,-0.0,
9346,5877.899369001389,-0.06435414,
9347,5878.525450229645,-0.11149342,
9348,5879.146194934845,-0.0,
9349,5879.771891117096,-0.0,
9350,5880.395782232285,-0.0,
9351,5881.020346164703,-0.0,
9352,5881.646380186081,-0.12674537,
9353,5882.272435426712,-0.0,
9354,5882.897755146027,-0.0,
9355,5883.52113699913,-0.0,
9356,5884.146133184433,-8.252207e-06,
9357,5884.76985502243,-0.014284383,
9358,5885.394590616226,-0.0,
9359,5886.019668102264,-0.2620241,
9360,5886.643565654755,-0.0,
9361,5887.267955541611,-0.0,
9362,5887.892554998398,-0.22036448,
9363,5888.51735663414,-0.25676906,
9364,5889.141437768936,-0.45756617,
9365,5889.767022371292,-0.16730082,
9366,5890.352944612503,-0.30862194,
9367,5891.084998130798,-0.0023764486,
9368,5891.709541320801,-0.5443388,
9369,5892.332060337067,-0.0,
9370,5892.958158254623,-0.01606315,
9371,5893.582680940628,-0.17538036,
9372,5894.206665277481,-0.042831674,
9373,5894.831621170044,-0.005873207,
9374,5895.456325769424,-0.0104260575,
9375,5896.0807428359985,-0.08997075,
9376,5896.7044241428375,-0.0,
9377,5897.329386234283,-0.0,
9378,5897.95364356041,-0.064266816,
9379,5898.577986717224,-0.0,
9380,5899.202838182449,-0.0,
9381,5899.826307296753,-0.22750804,
9382,5900.4517703056335,-0.0,
9383,5901.075934171677,-0.0,
9384,5901.70077419281,-0.0024302665,
9385,5902.324662208557,-0.4256254,
9386,5902.948569774628,-0.0,
9387,5903.535032749176,-0.0,
9388,5904.280563592911,-0.0,
9389,5904.9076907634735,-0.32359153,
9390,5905.530576705933,-0.07896323,
9391,5906.157636165619,-0.0003433972,
9392,5906.78177690506,-0.0,
9393,5907.406568527222,-0.07006858,
9394,5908.034274339676,-0.0,
9395,5908.658910274506,-0.077101685,
9396,5909.283133268356,-0.0,
9397,5909.907119035721,-0.055760372,
9398,5910.532193899155,-0.0,
9399,5911.1565198898315,-0.09663382,
9400,5911.780804872513,-0.07081665,
9401,5912.404819488525,-0.107366584,
9402,5913.029276847839,-0.20366836,
9403,5913.6536774635315,-0.2326283,
9404,5914.2783942222595,-0.0,
9405,5914.902741909027,-0.0,
9406,5915.527039527893,-0.0,
9407,5916.15135717392,-0.25829768,
9408,5916.736874341965,-0.0,
9409,5917.463752746582,-0.01921103,
9410,5918.089119434357,-0.0,
9411,5918.711098194122,-0.270428,
9412,5919.336483240128,-0.0,
9413,5919.959837913513,-0.030601835,
9414,5920.586300134659,-0.0,
9415,5921.21219086647,-0.06703812,
9416,5921.836872816086,-0.0006318406,
9417,5922.460799455643,-0.0,
9418,5923.085047960281,-0.0,
9419,5923.710330724716,-0.13327907,
9420,5924.333696365356,-0.07060464,
9421,5924.958524227142,-0.0,
9422,5925.583603858948,-0.12864485,
9423,5926.20764040947,-0.0,
9424,5926.8329911231995,-0.304619,
9425,5927.456480979919,-0.2898122,
9426,5928.081467866898,-0.0,
9427,5928.705840587616,-0.0,
9428,5929.330619335175,-0.4161744,
9429,5929.915933132172,-0.0,
9430,5930.662756443024,-0.00919664,
9431,5931.290404558182,-0.13203192,
9432,5931.912890672684,-0.0,
9433,5932.538810014725,-4.040992e-10,
9434,5933.162349224091,-0.04187913,
9435,5933.788264036179,-0.0,
9436,5934.412306547165,-0.3588754,
9437,5935.037338972092,-0.0,
9438,5935.664382696152,-0.0,
9439,5936.288581371307,-0.0,
9440,5936.91409277916,-0.11155943,
9441,5937.53885269165,-0.14814022,
9442,5938.1647408008575,-0.0,
9443,5938.789300918579,-0.0,
9444,5939.4139540195465,-0.086223066,
9445,5940.038625240326,-0.1170515,
9446,5940.662880182266,-0.016688393,
9447,5941.288452386856,-0.1425451,
9448,5941.913956403732,-0.14552829,
9449,5942.541235208511,-0.0,
9450,5943.128648757935,-0.0,
9451,5943.875237941742,-0.086718604,
9452,5944.502649068832,-0.10860435,
9453,5945.1238033771515,-0.059104968,
9454,5945.750561475754,-0.08184077,
9455,5946.373311758041,-0.31512165,
9456,5946.99930357933,-0.039939888,
9457,5947.624164819717,-0.59489304,
9458,5948.248344421387,-0.079394564,
9459,5948.873301744461,-0.0,
9460,5949.496353149414,-0.0108638955,
9461,5950.121846914291,-0.0,
9462,5950.745941162109,-3.0286745e-05,
9463,5951.369294166565,-0.0,
9464,5951.993700027466,-0.0,
9465,5952.6197164058685,-0.12979648,
9466,5953.244077205658,-0.075705715,
9467,5953.867775440216,-0.045950264,
9468,5954.492551326752,-0.3978957,
9469,5955.116984844208,-0.0,
9470,5955.741923332214,-0.0,
9471,5956.32740187645,-0.14735672,
9472,5957.056795358658,-0.036366813,
9473,5957.683650493622,-0.31237584,
9474,5958.304582834244,-0.0,
9475,5958.930705308914,-0.0,
9476,5959.5552299022675,-0.0,
9477,5960.17928147316,-0.0,
9478,5960.803308010101,-0.006120497,
9479,5961.425771474838,-0.02185828,
9480,5962.051480054855,-0.016709402,
9481,5962.675905227661,-0.0,
9482,5963.302202701569,-0.20555827,
9483,5963.9266266822815,-0.0,
9484,5964.551550865173,-0.0,
9485,5965.1770396232605,-0.020214459,
9486,5965.803686380386,-0.24673049,
9487,5966.428482055664,-0.0,
9488,5967.054399728775,-0.0,
9489,5967.678945064545,-0.0,
9490,5968.302881717682,-0.054969996,
9491,5968.927308082581,-0.24524288,
9492,5969.513170957565,-0.0,
9493,5970.235178470612,-0.039792158,
9494,5970.861955404282,-0.0,
9495,5971.484987974167,-0.0,
9496,5972.111814022064,-0.0,
9497,5972.735060453415,-0.0,
9498,5973.360511541367,-0.6683834,
9499,5973.984880208969,-0.0,
9500,5974.610314846039,-0.0,
9501,5975.234474182129,-0.012871591,
9502,5975.8594970703125,-0.26536912,
9503,5976.4843027591705,-0.0,
9504,5977.108855962753,-1.3815171e-06,
9505,5977.734005451202,-0.0,
9506,5978.357254743576,-0.0,
9507,5978.981175899506,-0.0,
9508,5979.605386018753,-0.3194946,
9509,5980.229577302933,-0.10575678,
9510,5980.854208946228,-0.12425779,
9511,5981.4783499240875,-0.20089662,
9512,5982.104007482529,-0.0,
9513,5982.689270734787,-0.27645737,
9514,5983.416049480438,-0.07413496,
9515,5984.043211221695,-0.0,
9516,5984.665667295456,-0.0,
9517,5985.292286157608,-0.111920476,
9518,5985.916398525238,-0.0,
9519,5986.541190624237,-0.0034016669,
9520,5987.166086435318,-0.0,
9521,5987.791347026825,-0.0,
9522,5988.416727781296,-0.026985051,
9523,5989.043820381165,-0.0,
9524,5989.669783592224,-0.0,
9525,5990.29568529129,-0.0,
9526,5990.922063827515,-0.103909716,
9527,5991.546982288361,-0.2189375,
9528,5992.172027587891,-0.0,
9529,5992.796677350998,-0.105694756,
9530,5993.422022342682,-0.0,
9531,5994.046664714813,-0.0,
9532,5994.671261072159,-0.25472096,
9533,5995.295788526535,-0.0,
9534,5995.880578041077,-0.0,
9535,5996.619802951813,-0.0,
9536,5997.247829675674,-0.0,
9537,5997.874992847443,-0.08149078,
9538,5998.502206802368,-0.0,
9539,5999.125442028046,-0.14272639,
9540,5999.749754667282,-0.2804979,
9541,6000.375079870224,-0.04189145,
9542,6000.999198675156,-0.0,
9543,6001.625512123108,-0.0,
9544,6002.249572753906,-0.046110798,
9545,6002.875148534775,-0.16578212,
9546,6003.500323057175,-0.0,
9547,6004.126031160355,-0.0,
9548,6004.751873970032,-0.0,
9549,6005.376572132111,-0.51352656,
9550,6006.003173351288,-0.0,
9551,6006.627076148987,-0.0,
9552,6007.251216173172,-0.0,
9553,6007.877396821976,-0.08515459,
9554,6008.502140283585,-0.0,
9555,6009.088894128799,-0.0,
9556,6009.804704427719,-0.0,
9557,6010.431965827942,-0.0,
9558,6011.054075241089,-0.0,
9559,6011.681467056274,-0.0,
9560,6012.306206703186,-0.22778948,
9561,6012.93089389801,-0.0,
9562,6013.556754589081,-0.0,
9563,6014.180656909943,-0.24133219,
9564,6014.805710554123,-0.0,
9565,6015.429504394531,-0.0,
9566,6016.0560567379,-0.0,
9567,6016.680085897446,-0.1312161,
9568,6017.305934429169,-0.08577678,
9569,6017.9303505420685,-0.11041273,
9570,6018.556589126587,-0.08172536,
9571,6019.180902719498,-0.23430061,
9572,6019.8053913116455,-8.342016e-06,
9573,6020.429793596268,-0.0,
9574,6021.0549104213715,-0.0,
9575,6021.679455757141,-0.0,
9576,6022.264841794968,-0.010651181,
9577,6023.027014493942,-0.0,
9578,6023.655239582062,-0.0,
9579,6024.277587413788,-0.00039493633,
9580,6024.905633687973,-0.0,
9581,6025.529311180115,-0.0,
9582,6026.155326366425,-0.34141502,
9583,6026.780599355698,-0.0,
9584,6027.40417766571,-0.0,
9585,6028.028661251068,-0.0069059418,
9586,6028.6544868946075,-0.0,
9587,6029.279777288437,-0.0,
9588,6029.9039006233215,-0.0,
9589,6030.529235601425,-0.25697023,
9590,6031.154393911362,-0.0,
9591,6031.779793739319,-0.22083578,
9592,6032.403769016266,-0.029029116,
9593,6033.0291113853455,-0.0,
9594,6033.65482711792,-0.0,
9595,6034.279432058334,-0.041294947,
9596,6034.905686378479,-0.0,
9597,6035.4916639328,-0.17348184,
9598,6036.228582143784,-0.0,
9599,6036.856036186218,-1.092751e-09,
9600,6037.478903532028,-0.0,
9601,6038.104640007019,-0.31094217,
9602,6038.729470252991,-0.0,
9603,6039.354064464569,-0.0,
9604,6039.979832410812,-0.07013476,
9605,6040.603932619095,-0.0,
9606,6041.2301659584045,-0.0,
9607,6041.854602813721,-0.3868214,
9608,6042.478900194168,-0.32838935,
9609,6043.105456113815,-0.0,
9610,6043.729676246643,-0.27864584,
9611,6044.359672546387,-0.0,
9612,6044.986638069153,-0.011170845,
9613,6045.612052440643,-0.14535607,
9614,6046.238118886948,-0.0,
9615,6046.8636593818665,-2.9493517e-08,
9616,6047.488886594772,-0.07580003,
9617,6048.114785194397,-0.060459834,
9618,6048.700120449066,-0.0,
9619,6049.4260132312775,-0.090691105,
9620,6050.053380250931,-0.0,
9621,6050.675363063812,-0.04454915,
9622,6051.302785158157,-0.0,
9623,6051.927326440811,-0.0,
9624,6052.553006410599,-0.0,
9625,6053.177142620087,-0.08951981,
9626,6053.802927732468,-0.547166,
9627,6054.429256439209,-0.0,
9628,6055.054363965988,-0.0,
9629,6055.679542541504,-0.0063297735,
9630,6056.305744886398,-0.0,
9631,6056.9307076931,-0.018184012,
9632,6057.555967092514,-0.015876908,
9633,6058.1801862716675,-0.0,
9634,6058.805127859116,-2.4749904e-06,
9635,6059.431673049927,-0.08944504,
9636,6060.055230617523,-0.0,
9637,6060.681021928787,-0.031972345,
9638,6061.306060791016,-0.30413228,
9639,6061.892676353455,-0.43359056,
9640,6062.617074251175,-0.0,
9641,6063.2439115047455,-0.3080439,
9642,6063.867752313614,-0.043800723,
9643,6064.49443936348,-0.3067481,
9644,6065.12023973465,-0.0,
9645,6065.745020866394,-0.0,
9646,6066.371812582016,-0.16144109,
9647,6066.995884895325,-0.034560226,
9648,6067.62268447876,-0.0,
9649,6068.246237754822,-0.0,
9650,6068.870084762573,-0.2726791,
9651,6069.495447874069,-0.0,
9652,6070.121144533157,-0.0,
9653,6070.746485233307,-0.0,
9654,6071.371899366379,-0.006786217,
9655,6071.996496677399,-0.0,
9656,6072.621756076813,-0.0,
9657,6073.246834754944,-0.0012378335,
9658,6073.871762275696,-0.05511747,
9659,6074.497167825699,-0.08354176,
9660,6075.082010984421,-0.0,
9661,6075.811340093613,-0.0,
9662,6076.438971281052,-0.0,
9663,6077.061475515366,-0.27989978,
9664,6077.689013719559,-0.0,
9665,6078.313199520111,-0.0,
9666,6078.939119815826,-0.0,
9667,6079.564282178879,-0.123388276,
9668,6080.189056158066,-0.0,
9669,6080.815215110779,-0.0,
9670,6081.439982175827,-0.0,
9671,6082.065418720245,-0.0,
9672,6082.689249753952,-0.1736013,
9673,6083.315584897995,-0.0,
9674,6083.939747333527,-0.0077014924,
9675,6084.565370321274,-0.027205259,
9676,6085.190529346466,-0.0,
9677,6085.814903259277,-0.00964774,
9678,6086.439755439758,-0.0,
9679,6087.06502699852,-0.0,
9680,6087.6899337768555,-0.21723732,
9681,6088.275792598724,-0.69645596,
9682,6089.006375551224,-0.0,
9683,6089.633865594864,-0.0,
9684,6090.25589466095,-0.0,
9685,6090.883746623993,-0.0,
9686,6091.509213924408,-0.0,
9687,6092.134453058243,-0.06922485,
9688,6092.75964641571,-0.105576366,
9689,6093.3836970329285,-7.947248e-09,
9690,6094.008275508881,-0.0103672985,
9691,6094.634675502777,-0.0,
9692,6095.258896589279,-0.0,
9693,6095.882928848267,-0.0021188813,
9694,6096.5082013607025,-2.1909878e-05,
9695,6097.1330642700195,-0.047828928,
9696,6097.7582449913025,-0.0,
9697,6098.382173776627,-0.0,
9698,6099.008021593094,-0.0,
9699,6099.633048057556,-0.0,
9700,6100.258652925491,-0.0,
9701,6100.883158445358,-0.60872346,
9702,6101.469427347183,-0.0,
9703,6102.200740814209,-0.0,
9704,6102.82874751091,-0.0,
9705,6103.453167915344,-8.4266037e-07,
9706,6104.081267118454,-0.0,
9707,6104.705260753632,-0.0,
9708,6105.331122875214,-0.105250224,
9709,6105.9569499492645,-0.0,
9710,6106.580767869949,-0.0,
9711,6107.208117246628,-0.0,
9712,6107.832276344299,-0.51108444,
9713,6108.458621501923,-0.30897775,
9714,6109.083326101303,-0.24820729,
9715,6109.7090084552765,-0.6247963,
9716,6110.334069728851,-0.0,
9717,6110.9593501091,-0.0,
9718,6111.58555150032,-0.120043255,
9719,6112.210042715073,-0.7089647,
9720,6112.836045742035,-0.0,
9721,6113.460924386978,-0.0,
9722,6114.087432384491,-0.0,
9723,6114.673921108246,-0.050697055,
9724,6115.415362596512,-0.0,
9725,6116.04163646698,-0.0,
9726,6116.665632247925,-0.0,
9727,6117.293086528778,-0.0,
9728,6117.917546033859,-0.0,
9729,6118.542382240295,-0.0,
9730,6119.167644262314,-0.0,
9731,6119.793049812317,-0.0494199,
9732,6120.418462753296,-0.0,
9733,6121.044416189194,-0.3642468,
9734,6121.670929193497,-0.2433683,
9735,6122.295704841614,-0.0,
9736,6122.920499324799,-0.16610628,
9737,6123.546025276184,-8.221327e-10,
9738,6124.170699119568,-0.15316291,
9739,6124.7947635650635,-0.0,
9740,6125.420521020889,-0.3138651,
9741,6126.044898271561,-0.027631115,
9742,6126.670934438705,-0.3666184,
9743,6127.294949769974,-0.055522382,
9744,6127.882259607315,-0.43041945,
9745,6128.614913702011,-0.0,
9746,6129.241800069809,-0.035895247,
9747,6129.864453792572,-0.33032507,
9748,6130.490946769714,-0.0,
9749,6131.115149974823,-0.0,
9750,6131.740617513657,-0.0,
9751,6132.36590719223,-0.0,
9752,6132.990636110306,-0.0,
9753,6133.6168031692505,-0.2430929,
9754,6134.243338346481,-0.09182944,
9755,6134.868141174316,-0.41758657,
9756,6135.493139028549,-0.10431305,
9757,6136.120105266571,-0.5534613,
9758,6136.744705200195,-0.0065230974,
9759,6137.374900341034,-0.0021462347,
9760,6138.002197504044,-0.0,
9761,6138.626410484314,-0.591312,
9762,6139.253229856491,-0.2302812,
9763,6139.879161596298,-0.17352538,
9764,6140.504447937012,-0.0,
9765,6141.091547727585,-0.17837277,
9766,6141.820559501648,-0.0,
9767,6142.447882652283,-0.017177328,
9768,6143.0703456401825,-0.0,
9769,6143.69841003418,-0.0,
9770,6144.3234622478485,-0.0,
9771,6144.949376106262,-0.095338196,
9772,6145.575230836868,-0.0,
9773,6146.20050573349,-0.0,
9774,6146.828206539154,-0.0,
9775,6147.456819057465,-0.0,
9776,6148.086580038071,-0.0,
9777,6148.714146375656,-0.0,
9778,6149.342441320419,-0.069373034,
9779,6149.9690952301025,-0.0,
9780,6150.598042964935,-0.3246575,
9781,6151.222448825836,-0.1431914,
9782,6151.849087715149,-0.0,
9783,6152.475134849548,-0.0,
9784,6153.100698471069,-0.0,
9785,6153.726863622665,-0.075671695,
9786,6154.312350273132,-0.0,
9787,6155.046927928925,-0.0,
9788,6155.673518657684,-0.0,
9789,6156.296839237213,-0.21141338,
9790,6156.92401099205,-0.0,
9791,6157.5485663414,-0.032678016,
9792,6158.173507928848,-0.0,
9793,6158.798875331879,-0.16467336,
9794,6159.423436641693,-0.0,
9795,6160.049721240997,-0.007939475,
9796,6160.673482179642,-0.027286276,
9797,6161.299775362015,-0.0,
9798,6161.925092458725,-0.0,
9799,6162.551060199738,-0.15855223,
9800,6163.176105737686,-0.054682005,
9801,6163.800897598267,-0.5344112,
9802,6164.427534341812,-0.07031562,
9803,6165.052856683731,-0.0,
9804,6165.678277492523,-0.00017674058,
9805,6166.3028264045715,-0.33614427,
9806,6166.930427312851,-0.0,
9807,6167.518528223038,-0.11155716,
9808,6168.27209854126,-0.0,
9809,6168.9041657447815,-0.0021238835,
9810,6169.530542373657,-0.0,
9811,6170.157470941544,-0.16862586,
9812,6170.781947135925,-0.0,
9813,6171.408514022827,-0.0,
9814,6172.032878160477,-0.12162542,
9815,6172.658450603485,-0.0,
9816,6173.28533744812,-0.09804661,
9817,6173.910442113876,-0.0,
9818,6174.536614179611,-0.6544589,
9819,6175.161093473434,-0.0,
9820,6175.788154602051,-0.098601066,
9821,6176.414246559143,-0.32559046,
9822,6177.04005074501,-0.0,
9823,6177.666901111603,-0.13813208,
9824,6178.291640043259,-0.0,
9825,6178.918224334717,-0.0,
9826,6179.544946432114,-0.17630959,
9827,6180.168625354767,-0.0,
9828,6180.756807565689,-0.10947352,
9829,6181.497205495834,-0.0,
9830,6182.124265670776,-0.0,
9831,6182.747434139252,-0.0,
9832,6183.374349355698,-0.0,
9833,6183.999675273895,-0.0,
9834,6184.624814033508,-0.075383,
9835,6185.251255512238,-0.0,
9836,6185.875386238098,-0.0,
9837,6186.50301194191,-0.0,
9838,6187.125527381897,-0.0,
9839,6187.752800703049,-0.0,
9840,6188.377400398254,-0.15772101,
9841,6189.00314617157,-0.0,
9842,6189.628454208374,-0.10196573,
9843,6190.253471136093,-0.027692731,
9844,6190.879590749741,-0.0759116,
9845,6191.5035281181335,-0.49634466,
9846,6192.130671977997,-0.0,
9847,6192.755572557449,-1.1304321e-09,
9848,6193.3816702365875,-0.0,
9849,6193.967270374298,-0.40775377,
9850,6194.706154823303,-0.36953822,
9851,6195.333125114441,-0.13752395,
9852,6195.957121133804,-0.0,
9853,6196.585084199905,-0.0,
9854,6197.209220409393,-0.0,
9855,6197.835653066635,-0.020431938,
9856,6198.461429834366,-0.0,
9857,6199.087451457977,-0.42745486,
9858,6199.71275639534,-0.27401417,
9859,6200.337848901749,-0.11276504,
9860,6200.962918758392,-0.0,
9861,6201.5894730091095,-0.27121282,
9862,6202.2145936489105,-0.0,
9863,6202.840818405151,-0.0,
9864,6203.465460062027,-3.6789668e-08,
9865,6204.089851140976,-0.29096383,
9866,6204.715849399567,-0.006130825,
9867,6205.339260339737,-0.3162338,
9868,6205.966014623642,-0.022078382,
9869,6206.590150594711,-0.13531181,
9870,6207.176467180252,-0.61174434,
9871,6207.9062213897705,-0.06562987,
9872,6208.533191919327,-0.0,
9873,6209.156496524811,-0.0,
9874,6209.784579515457,-0.029176459,
9875,6210.408950090408,-0.36506453,
9876,6211.034919977188,-0.0,
9877,6211.659846544266,-0.13522157,
9878,6212.284227371216,-0.0,
9879,6212.909585475922,-0.23020545,
9880,6213.534914970398,-0.0,
9881,6214.159521102905,-0.14194918,
9882,6214.7838633060455,-0.0,
9883,6215.40881228447,-0.0,
9884,6216.034761667252,-0.3200592,
9885,6216.659128904343,-0.0,
9886,6217.28352022171,-0.0,
9887,6217.908643960953,-0.45421547,
9888,6218.534675121307,-0.0,
9889,6219.159613609314,-0.0,
9890,6219.783588409424,-0.04615277,
9891,6220.369779348373,-0.0,
9892,6221.094871997833,-0.0,
9893,6221.7225596904755,-0.061564066,
9894,6222.344547748566,-0.0,
9895,6222.97282242775,-0.03633371,
9896,6223.597497224808,-0.06937579,
9897,6224.222397327423,-0.0,
9898,6224.847452640533,-0.040394302,
9899,6225.472417831421,-0.0,
9900,6226.097723722458,-0.0,
9901,6226.721686601639,-0.083207875,
9902,6227.347276687622,-0.07566111,
9903,6227.972190141678,-0.087561555,
9904,6228.597851037979,-0.0024636155,
9905,6229.222505092621,-0.0,
9906,6229.848077297211,-2.2736115e-06,
9907,6230.472771644592,-0.22564276,
9908,6231.097342252731,-0.19105631,
9909,6231.7224662303925,-0.0,
9910,6232.347552061081,-0.43580627,
9911,6232.97304391861,-0.43316206,
9912,6233.558794975281,-0.0,
9913,6234.28164601326,-1.0587463e-05,
9914,6234.909861087799,-0.0,
9915,6235.532366275787,-4.6291653e-08,
9916,6236.15905046463,-0.012395648,
9917,6236.783336639404,-0.04154121,
9918,6237.408598661423,-0.0,
9919,6238.035488843918,-0.0,
9920,6238.660243272781,-0.00036755035,
9921,6239.287487268448,-0.029327834,
9922,6239.912516832352,-2.6083004e-08,
9923,6240.537999153137,-0.0038394057,
9924,6241.16389632225,-0.14293942,
9925,6241.789293050766,-0.0,
9926,6242.414702415466,-2.3507987e-07,
9927,6243.038355112076,-0.0,
9928,6243.665155410767,-7.761312e-09,
9929,6244.290352106094,-0.1454151,
9930,6244.914505958557,-0.0,
9931,6245.5398042202,-0.0486139,
9932,6246.165771245956,-0.10309656,
9933,6246.751661062241,-0.0,
9934,6247.489988327026,-0.0,
9935,6248.117317676544,-0.39866167,
9936,6248.742764472961,-0.0,
9937,6249.369759082794,-0.0,
9938,6249.997913837433,-0.012700709,
9939,6250.631273031235,-0.19869027,
9940,6251.261047363281,-0.32352597,
9941,6251.887663841248,-0.20756514,
9942,6252.513008594513,-3.4133e-05,
9943,6253.138898611069,-0.13862301,
9944,6253.765354156494,-0.0,
9945,6254.39186835289,-0.149642,
9946,6255.0171365737915,-0.0,
9947,6255.642937898636,-0.0012682526,
9948,6256.267685413361,-0.10369611,
9949,6256.8931765556335,-0.0,
9950,6257.518652200699,-0.17536965,
9951,6258.143773317337,-0.0,
9952,6258.768885135651,-0.4545024,
9953,6259.39747428894,-0.15486506,
9954,6259.986574649811,-0.0,
9955,6260.709984302521,-0.0,
9956,6261.33832526207,-0.0,
9957,6261.962966680527,-0.4420024,
9958,6262.589403867722,-0.0,
9959,6263.213951587677,-0.13433391,
9960,6263.838638782501,-0.13645065,
9961,6264.468321323395,-0.0,
9962,6265.095097541809,-0.6119306,
9963,6265.721790552139,-0.0122989975,
9964,6266.348534107208,-0.36984828,
9965,6266.97540640831,-0.0,
9966,6267.6013815402985,-0.0,
9967,6268.227054834366,-0.077240214,
9968,6268.854062318802,-0.0,
9969,6269.4805364608765,-0.60242826,
9970,6270.1065373420715,-0.107259825,
9971,6270.730909109116,-0.18886778,
9972,6271.356946468353,-0.00810034,
9973,6271.981911659241,-0.081167325,
9974,6272.606412887573,-0.012025496,
9975,6273.1925184726715,-0.0,
9976,6273.916981935501,-0.0,
9977,6274.544876337051,-0.000615121,
9978,6275.168865442276,-0.0,
9979,6275.796684026718,-0.0,
9980,6276.422111272812,-0.10698168,
9981,6277.047597169876,-0.0,
9982,6277.673011302948,-0.018923808,
9983,6278.298717021942,-0.0,
9984,6278.924107789993,-0.85809743,
9985,6279.5502808094025,-0.0,
9986,6280.179004907608,-0.0,
9987,6280.8045473098755,-0.0,
9988,6281.429269552231,-0.0,
9989,6282.05500626564,-0.06800021,
9990,6282.681689500809,-4.446911e-08,
9991,6283.308892250061,-7.952987e-05,
9992,6283.935128688812,-0.15180354,
9993,6284.560636043549,-0.0,
9994,6285.186851024628,-0.0,
9995,6285.81346988678,-0.0,
9996,6286.399177074432,-0.0,
9997,6287.132269382477,-0.49734178,
9998,6287.759366750717,-0.13208506,
9999,6288.382692575455,-0.0,
