step,time_sec,train_neg_log_ppl,val_neg_log_ppl
1,4.462198495864868,-14.181963,
2,4.72066330909729,-14.378153,
3,4.989631175994873,-13.736793,
4,5.259798049926758,-12.757145,
5,5.529829978942871,-11.025522,
6,5.7999022006988525,-9.009828,
7,6.069938898086548,-6.652916,
8,6.34004807472229,-3.9457312,
9,6.609935760498047,-1.6099391,
10,6.880634546279907,-1.187422,
11,7.152252912521362,-1.1828928,
12,7.423643589019775,-1.4039488,
13,7.6958229541778564,-1.6729702,
14,7.967009782791138,-1.6974676,
15,8.237847566604614,-2.0946412,
16,8.509985208511353,-2.3116562,
17,8.780775308609009,-2.1006927,
18,9.053313970565796,-2.6047964,
19,9.324644565582275,-3.122481,
20,9.596385717391968,-3.0461593,
21,9.867317914962769,-3.2574852,
22,10.139485597610474,-3.4049416,
23,10.411890983581543,-3.1535122,
24,10.683735609054565,-3.355106,
25,11.034826755523682,-3.2216418,
26,12.03771185874939,-3.7268615,
27,12.30705738067627,-3.9600582,
28,12.578735828399658,-4.00967,
29,12.851717948913574,-4.4019413,
30,13.125325202941895,-4.37567,
31,13.397738695144653,-3.7261205,
32,13.6698637008667,-4.8339014,
33,13.94288682937622,-4.354564,
34,14.217635154724121,-4.3209686,
35,14.490900993347168,-4.937154,
36,14.764596700668335,-4.795283,
37,15.038247346878052,-4.922913,
38,15.312201738357544,-4.982968,
39,15.586626529693604,-4.4623785,
40,15.860342264175415,-5.010829,
41,16.136584043502808,-5.0027447,
42,16.41033935546875,-4.1346493,
43,16.684672832489014,-4.7222013,
44,16.958877325057983,-5.2340384,
45,17.233914375305176,-4.7185736,
46,17.506975412368774,-4.730515,
47,17.78040337562561,-4.7715073,
48,18.05678391456604,-4.279564,
49,18.333693504333496,-4.440645,
50,18.60536789894104,-4.1638756,
51,19.747488260269165,-4.692512,
52,20.02285647392273,-4.884409,
53,20.299617052078247,-4.8326855,
54,20.576092958450317,-5.181009,
55,20.854153394699097,-4.949586,
56,21.131070613861084,-4.085782,
57,21.406679153442383,-5.219554,
58,21.6812264919281,-4.5858884,
59,21.957937717437744,-4.424065,
60,22.23422408103943,-4.906087,
61,22.51003336906433,-4.6087923,
62,22.785571098327637,-4.641791,
63,23.061251401901245,-4.637863,
64,23.337236166000366,-4.132649,
65,23.61624550819397,-4.6432734,
66,23.892925262451172,-4.5050144,
67,24.1724271774292,-3.7047958,
68,24.45146679878235,-3.6577654,
69,24.73162817955017,-2.083673,
70,25.01179599761963,-2.9056025,
71,25.291913509368896,-1.8745475,
72,25.566814184188843,-1.6899683,
73,25.841898918151855,-1.3361694,
74,26.115992546081543,-0.9459657,
75,26.38878321647644,-1.1006572,
76,27.354812383651733,-1.0040761,
77,27.626863956451416,-0.84734696,
78,27.90211510658264,-0.848783,
79,28.176191329956055,-1.3079308,
80,28.451769828796387,-0.73676515,
81,28.726433992385864,-0.5810904,
82,29.00043535232544,-0.9202619,
83,29.275399446487427,-0.59891224,
84,29.552640199661255,-0.611634,
85,29.82753038406372,-0.95647216,
86,30.10325050354004,-0.7281605,
87,30.384121656417847,-0.8131633,
88,30.66514825820923,-0.5872968,
89,30.945536851882935,-0.56105727,
90,31.224497318267822,-0.97521496,
91,31.50452423095703,-0.7266035,
92,31.784672021865845,-0.5059032,
93,32.06488084793091,-0.96843004,
94,32.34522032737732,-0.9201145,
95,32.62453484535217,-0.6011512,
96,32.90488290786743,-0.6980989,
97,33.18513083457947,-0.8811705,
98,33.46310043334961,-0.62144935,
99,33.74130940437317,-0.7875508,
100,34.20419931411743,-1.1323675,
101,35.23831510543823,-0.6444016,
102,35.513895750045776,-1.8725266,
103,35.79612135887146,-0.79758954,
104,36.07809257507324,-1.246774,
105,36.35972213745117,-0.80168295,
106,36.6411190032959,-0.56844324,
107,36.922096490859985,-0.8331047,
108,37.20107460021973,-0.8074305,
109,37.47772979736328,-0.82310766,
110,37.75435471534729,-1.1716046,
111,38.03251552581787,-0.7592212,
112,38.31279921531677,-0.7908429,
113,38.59120774269104,-0.8397865,
114,38.86996912956238,-0.68839747,
115,39.146926403045654,-0.7671079,
116,39.42328500747681,-0.9135598,
117,39.70057773590088,-0.62038445,
118,39.977428674697876,-0.8231826,
119,40.25431680679321,-0.8226346,
120,40.531816482543945,-0.96958995,
121,40.81194472312927,-0.72484696,
122,41.09029150009155,-0.7201893,
123,41.3687846660614,-0.583269,
124,41.64606475830078,-0.6367505,
125,41.9262158870697,-0.7154827,
126,43.090619802474976,-0.87003744,
127,43.3696722984314,-0.70807195,
128,43.64942717552185,-0.52966857,
129,43.9319064617157,-0.7152282,
130,44.21506094932556,-0.7158799,
131,44.49766445159912,-0.6420142,
132,44.78093242645264,-0.54480034,
133,45.05938172340393,-0.53051317,
134,45.33778929710388,-0.4824125,
135,45.62066030502319,-0.8423672,
136,45.90472364425659,-0.5491559,
137,46.18897581100464,-0.66431296,
138,46.474064111709595,-0.55064774,
139,46.7591769695282,-0.5968218,
140,47.04364800453186,-0.53652465,
141,47.32829546928406,-0.58160985,
142,47.612897634506226,-0.48327398,
143,47.89832258224487,-0.72382593,
144,48.18188261985779,-0.83689535,
145,48.46491527557373,-0.485097,
146,48.74825668334961,-0.5412043,
147,49.03167748451233,-0.64325047,
148,49.31450366973877,-0.5259807,
149,49.59637475013733,-0.38158196,
150,49.87742590904236,-0.5890889,
151,50.968472480773926,-0.50351405,
152,51.248536825180054,-0.47416034,
153,51.52998661994934,-0.59301025,
154,51.8159282207489,-0.85954607,
155,52.09949803352356,-0.5665132,
156,52.38249325752258,-0.40116775,
157,52.66171169281006,-0.518643,
158,52.94096541404724,-0.6683147,
159,53.22035598754883,-0.37458187,
160,53.49982023239136,-0.49306002,
161,53.77825665473938,-0.2526337,
162,54.05869674682617,-0.51079226,
163,54.342480421066284,-0.24855067,
164,54.62569069862366,-0.37620902,
165,54.90951657295227,-0.40747857,
166,55.19397211074829,-0.45672798,
167,55.47814750671387,-0.2588645,
168,55.75723671913147,-0.6860299,
169,56.036327838897705,-0.47946218,
170,56.31467008590698,-0.43943214,
171,56.592252254486084,-0.41490787,
172,56.87147092819214,-0.33729857,
173,57.151559352874756,-0.58384854,
174,57.43106389045715,-0.53996146,
175,57.70631456375122,-0.3490796,
176,58.73513627052307,-0.41825438,
177,59.01125741004944,-0.35742992,
178,59.290072441101074,-0.31191513,
179,59.56943106651306,-0.3108465,
180,59.855451822280884,-0.33179653,
181,60.13897395133972,-0.35759088,
182,60.42280578613281,-0.49376577,
183,60.706135988235474,-0.2509241,
184,60.991703033447266,-0.31746417,
185,61.276339530944824,-0.35573584,
186,61.56005597114563,-0.2952208,
187,61.844520807266235,-0.4848992,
188,62.12961483001709,-0.22178483,
189,62.414510011672974,-0.38854182,
190,62.697901248931885,-0.31000966,
191,62.98022747039795,-0.35278314,
192,63.26336216926575,-0.24365032,
193,63.54911160469055,-0.52823997,
194,63.83397459983826,-0.2913214,
195,64.11663937568665,-0.2876912,
196,64.39594173431396,-0.33325717,
197,64.67551183700562,-0.25328472,
198,64.96060061454773,-0.36227936,
199,65.24505352973938,-0.46206772,
200,65.70154738426208,-0.43595004,
201,66.82106161117554,-0.4061346,
202,67.09774613380432,-0.3536461,
203,67.37724757194519,-0.21051328,
204,67.65672731399536,-0.37349772,
205,67.93703699111938,-0.65756226,
206,68.21693730354309,-0.36514798,
207,68.4973692893982,-0.37374923,
208,68.77743911743164,-0.2602673,
209,69.05775594711304,-0.4053466,
210,69.33793663978577,-0.38542992,
211,69.61867451667786,-0.32808965,
212,69.89814186096191,-0.33734182,
213,70.17790389060974,-0.2676533,
214,70.46385335922241,-0.28328305,
215,70.7504153251648,-0.170637,
216,71.03576397895813,-0.2831065,
217,71.32084059715271,-0.30468062,
218,71.60722208023071,-0.4726761,
219,71.89364576339722,-0.21168377,
220,72.179270029068,-0.36849236,
221,72.4644615650177,-0.4165004,
222,72.75154042243958,-0.3131827,
223,73.03604173660278,-0.22810823,
224,73.32063913345337,-0.29656643,
225,73.60369372367859,-0.5479677,
226,74.7384922504425,-0.36927825,
227,75.02029585838318,-0.36485252,
228,75.30540680885315,-0.29366732,
229,75.5911123752594,-0.1825711,
230,75.875324010849,-0.39847344,
231,76.15989232063293,-0.3404519,
232,76.44549822807312,-0.2683265,
233,76.73103713989258,-0.22363552,
234,77.01508450508118,-0.22620471,
235,77.30083203315735,-0.3879419,
236,77.58751058578491,-0.22427157,
237,77.87349486351013,-0.41420394,
238,78.15926027297974,-0.23953632,
239,78.44563150405884,-0.11763394,
240,78.73212242126465,-0.35010606,
241,79.01736760139465,-0.45860764,
242,79.30295038223267,-0.25711358,
243,79.58997583389282,-0.43116283,
244,79.87537622451782,-0.32968992,
245,80.16081595420837,-0.5388545,
246,80.44775128364563,-0.41635823,
247,80.73367834091187,-0.20527732,
248,81.02012181282043,-0.29946637,
249,81.30746459960938,-0.34567386,
250,81.58876919746399,-0.13569723,
251,82.64838671684265,-0.19751734,
252,82.92710280418396,-0.4750504,
253,83.2084858417511,-0.19722344,
254,83.4907591342926,-0.22732633,
255,83.7737467288971,-0.12666203,
256,84.05539035797119,-0.24519515,
257,84.33885312080383,-0.3768546,
258,84.62230396270752,-0.37036195,
259,84.90654611587524,-0.31974044,
260,85.18864965438843,-0.14599852,
261,85.47183728218079,-0.4140008,
262,85.7544629573822,-0.25065315,
263,86.03678679466248,-0.36329103,
264,86.32050013542175,-0.1759403,
265,86.6040723323822,-0.14875758,
266,86.8882908821106,-0.3180043,
267,87.17130708694458,-0.16038775,
268,87.45401954650879,-0.30193618,
269,87.73833417892456,-0.53177667,
270,88.02311444282532,-0.24168842,
271,88.30814170837402,-0.18387072,
272,88.59269165992737,-0.10339275,
273,88.87670063972473,-0.17013326,
274,89.16234517097473,-0.26434773,
275,89.44511580467224,-0.2500711,
276,90.51350116729736,-0.3187008,
277,90.79584527015686,-0.1678878,
278,91.08181047439575,-0.20458406,
279,91.36498403549194,-0.6143796,
280,91.65083026885986,-0.2316337,
281,91.9349193572998,-0.19443597,
282,92.22093963623047,-0.27774355,
283,92.50669956207275,-0.26471376,
284,92.79290580749512,-0.34584063,
285,93.07939219474792,-0.32081988,
286,93.36743783950806,-0.5634914,
287,93.6543641090393,-0.18471116,
288,93.94062447547913,-0.1271398,
289,94.22754955291748,-0.16034254,
290,94.51097750663757,-0.17701955,
291,94.79331421852112,-0.09760971,
292,95.07523274421692,-0.317932,
293,95.35756778717041,-0.30653885,
294,95.64095640182495,-0.40861577,
295,95.92740321159363,-0.36376473,
296,96.21451687812805,-0.35332787,
297,96.50256180763245,-0.19161004,
298,96.78892064094543,-0.29599705,
299,97.07544875144958,-0.27818146,
300,97.52941799163818,-0.25922075,
301,98.58849334716797,-0.33456224,
302,98.87308192253113,-0.30104995,
303,99.15934038162231,-0.32080385,
304,99.44647455215454,-0.4371647,
305,99.7324571609497,-0.13378032,
306,100.01516509056091,-0.27569747,
307,100.29825401306152,-0.26654112,
308,100.57944846153259,-0.24622896,
309,100.86253356933594,-0.13999286,
310,101.14454460144043,-0.3597558,
311,101.42711043357849,-0.41504785,
312,101.70904755592346,-0.20305824,
313,101.99133706092834,-0.25939643,
314,102.2739565372467,-0.38937134,
315,102.55686402320862,-0.12892157,
316,102.8399293422699,-0.23293965,
317,103.12207341194153,-0.25305897,
318,103.40305376052856,-0.2868871,
319,103.6863420009613,-0.5333016,
320,103.96812534332275,-0.14133735,
321,104.25031805038452,-0.035553798,
322,104.53372073173523,-0.17497897,
323,104.81691479682922,-0.19331513,
324,105.10015749931335,-0.18985027,
325,105.3781898021698,-0.36221957,
326,106.43579745292664,-0.5670603,
327,106.71693205833435,-0.5534144,
328,106.9988214969635,-0.18496782,
329,107.28291463851929,-0.28076905,
330,107.56531643867493,-0.22817962,
331,107.85047388076782,-0.15429562,
332,108.1329894065857,-0.28742328,
333,108.41798400878906,-0.32318634,
334,108.70129990577698,-0.27538186,
335,108.98528122901917,-0.50681955,
336,109.27014064788818,-0.27256775,
337,109.55461502075195,-0.28525865,
338,109.83957123756409,-0.2137911,
339,110.12168502807617,-0.24413164,
340,110.40662360191345,-0.23325974,
341,110.69141006469727,-0.22864465,
342,110.97526407241821,-0.21659988,
343,111.26307940483093,-0.37027603,
344,111.55008363723755,-0.28703707,
345,111.8386754989624,-0.47068712,
346,112.12657237052917,-0.23494887,
347,112.41358423233032,-0.16575354,
348,112.70270442962646,-0.13306463,
349,112.98945426940918,-0.13824885,
350,113.27580165863037,-0.21375892,
351,114.40086102485657,-0.21627164,
352,114.68174338340759,-0.25771427,
353,114.96587228775024,-0.17099722,
354,115.24978518486023,-0.27434754,
355,115.53357553482056,-0.57900184,
356,115.81732439994812,-0.2888885,
357,116.09907007217407,-0.31401828,
358,116.38386273384094,-0.17133164,
359,116.66436576843262,-0.1807096,
360,116.94710993766785,-0.25349128,
361,117.2305600643158,-0.33027878,
362,117.51306819915771,-0.35279617,
363,117.79800319671631,-0.25990686,
364,118.07896327972412,-0.20990588,
365,118.36202597618103,-0.14523557,
366,118.64405822753906,-0.2983381,
367,118.92647743225098,-0.19275832,
368,119.21170020103455,-0.22769827,
369,119.49422240257263,-0.50676405,
370,119.7788438796997,-0.5276263,
371,120.06498289108276,-0.10741283,
372,120.34731459617615,-0.14822854,
373,120.63328814506531,-0.16857453,
374,120.91567659378052,-0.13527867,
375,121.19492840766907,-0.3351553,
376,122.18316316604614,-0.09793255,
377,122.46217799186707,-0.33446258,
378,122.74359011650085,-0.25383896,
379,123.02488327026367,-0.20459515,
380,123.30904817581177,-0.2737549,
381,123.59465193748474,-0.12572181,
382,123.88058376312256,-0.14741379,
383,124.16577553749084,-0.27368346,
384,124.4523274898529,-0.3443038,
385,124.73839235305786,-0.3802952,
386,125.02357482910156,-0.13497311,
387,125.30950498580933,-0.18497072,
388,125.59569954872131,-0.14409798,
389,125.88119721412659,-0.14217925,
390,126.16654372215271,-0.23298165,
391,126.45239925384521,-0.1485308,
392,126.73781251907349,-0.20367636,
393,127.02186393737793,-0.2631142,
394,127.3045563697815,-0.26267883,
395,127.5902988910675,-0.26088494,
396,127.87402725219727,-0.25758883,
397,128.1548137664795,-0.14074692,
398,128.43680882453918,-0.19128345,
399,128.7180619239807,-0.24098714,
400,129.16800045967102,-0.3167437,
401,130.19306683540344,-0.2994275,
402,130.47347831726074,-0.3620128,
403,130.75477528572083,-0.2584852,
404,131.03785037994385,-0.17545141,
405,131.32273125648499,-0.30913496,
406,131.60635137557983,-0.19528718,
407,131.89044618606567,-0.18116514,
408,132.17376923561096,-0.21128146,
409,132.4574851989746,-0.3670249,
410,132.7428321838379,-0.34010342,
411,133.02735209465027,-0.15625411,
412,133.31394124031067,-0.23699062,
413,133.5974681377411,-0.2705534,
414,133.8810966014862,-0.24510324,
415,134.1670618057251,-0.17512603,
416,134.45105004310608,-0.21596631,
417,134.73611569404602,-0.1800294,
418,135.0200457572937,-0.26386577,
419,135.3043029308319,-0.23047367,
420,135.59171509742737,-0.2041119,
421,135.874840259552,-0.2893821,
422,136.15994453430176,-0.16345918,
423,136.44439911842346,-0.10674791,
424,136.7293734550476,-0.24196562,
425,137.0111861228943,-0.24182871,
426,138.07904815673828,-0.23509066,
427,138.36222648620605,-0.43491805,
428,138.64545893669128,-0.19098683,
429,138.93034672737122,-0.2882625,
430,139.2146074771881,-0.16268899,
431,139.500155210495,-0.21980551,
432,139.78702569007874,-0.13244215,
433,140.07198929786682,-0.18329445,
434,140.35653686523438,-0.23277186,
435,140.6424868106842,-0.24450469,
436,140.92694187164307,-0.32627857,
437,141.2106535434723,-0.4046644,
438,141.4910933971405,-0.24694112,
439,141.77339124679565,-0.13523656,
440,142.05683493614197,-0.18198788,
441,142.33792638778687,-0.14906664,
442,142.62257361412048,-0.23133045,
443,142.90379643440247,-0.35439306,
444,143.1882700920105,-0.3644527,
445,143.47087931632996,-0.22875306,
446,143.75213742256165,-0.24010822,
447,144.03572344779968,-0.3003915,
448,144.317058801651,-0.39368093,
449,144.60085821151733,-0.18649903,
450,144.87941789627075,-0.13286403,
451,146.0154185295105,-0.20360571,
452,146.2949504852295,-0.25515315,
453,146.57882046699524,-0.08404376,
454,146.863379240036,-0.31065235,
455,147.14800000190735,-0.19710954,
456,147.43302011489868,-0.15139958,
457,147.71668457984924,-0.24345058,
458,148.00170493125916,-0.23548701,
459,148.28527736663818,-0.061677177,
460,148.56873750686646,-0.17979228,
461,148.85484075546265,-0.13073218,
462,149.13863134384155,-0.26974604,
463,149.42415952682495,-0.34077308,
464,149.70721197128296,-0.18030941,
465,149.9893879890442,-0.38275182,
466,150.27520036697388,-0.16007335,
467,150.55874514579773,-0.16763619,
468,150.84424328804016,-0.18055218,
469,151.12910342216492,-0.2521601,
470,151.412752866745,-0.25416824,
471,151.6991331577301,-0.46611333,
472,151.98865032196045,-0.09873517,
473,152.27652263641357,-0.114113994,
474,152.56520199775696,-0.26031283,
475,152.8495774269104,-0.15246299,
476,154.00876259803772,-0.20354894,
477,154.29200553894043,-0.2186526,
478,154.57772397994995,-0.1772309,
479,154.86617136001587,-0.2503767,
480,155.15107703208923,-0.19913606,
481,155.43608927726746,-0.117620826,
482,155.72136211395264,-0.18201947,
483,156.00727438926697,-0.15219039,
484,156.2904896736145,-0.10170527,
485,156.57447481155396,-0.2798468,
486,156.85842156410217,-0.21565302,
487,157.14207792282104,-0.20183897,
488,157.42847299575806,-0.14054133,
489,157.71039986610413,-0.25577563,
490,157.99387049674988,-0.18428062,
491,158.27777361869812,-0.2714458,
492,158.56193017959595,-0.10949725,
493,158.84699654579163,-0.065778196,
494,159.13087725639343,-0.24011207,
495,159.41502904891968,-0.21652296,
496,159.69814467430115,-0.28429717,
497,159.9823818206787,-0.09665874,
498,160.26744079589844,-0.1007389,
499,160.55078530311584,-0.13347045,
500,161.00125193595886,-0.316549,
501,162.10736989974976,-0.21380797,
502,162.3879578113556,-0.18914527,
503,162.67099332809448,-0.07436478,
504,162.95686507225037,-0.22053269,
505,163.24027490615845,-0.20507407,
506,163.52435159683228,-0.14345942,
507,163.8058967590332,-0.1855906,
508,164.09186697006226,-0.18195383,
509,164.38144183158875,-0.27579644,
510,164.6687798500061,-0.21914932,
511,164.95560097694397,-0.08328442,
512,165.2448079586029,-0.34027258,
513,165.53241848945618,-0.1631641,
514,165.82089805603027,-0.21275866,
515,166.108149766922,-0.49274707,
516,166.39543056488037,-0.28783208,
517,166.6853952407837,-0.20222072,
518,166.97316598892212,-0.15297109,
519,167.26263880729675,-0.20651177,
520,167.54640889167786,-0.48666427,
521,167.83129215240479,-0.14808035,
522,168.11868977546692,-0.18156558,
523,168.40229296684265,-0.18863577,
524,168.6874897480011,-0.25022563,
525,168.96528339385986,-0.37576246,
526,169.96360874176025,-0.17980248,
527,170.24325394630432,-0.13715279,
528,170.52517247200012,-0.14892595,
529,170.8092336654663,-0.17199832,
530,171.09117722511292,-0.17675008,
531,171.3754107952118,-0.14774813,
532,171.65825128555298,-0.1738347,
533,171.94010210037231,-0.23272209,
534,172.22497653961182,-0.11645226,
535,172.50676679611206,-0.2046471,
536,172.79108357429504,-0.3274968,
537,173.0741994380951,-0.10269541,
538,173.35868501663208,-0.2787891,
539,173.6432204246521,-0.07567385,
540,173.92671537399292,-0.16634896,
541,174.21028304100037,-0.3334853,
542,174.49418783187866,-0.1321559,
543,174.77839541435242,-0.34643552,
544,175.06307816505432,-0.20081884,
545,175.3470480442047,-0.13073283,
546,175.63164401054382,-0.18539456,
547,175.9152798652649,-0.15091835,
548,176.19922804832458,-0.14395842,
549,176.48342728614807,-0.17717294,
550,176.7630476951599,-0.20160243,
551,177.95083928108215,-0.30178463,
552,178.23430228233337,-0.23916428,
553,178.5240650177002,-0.3791215,
554,178.81009554862976,-0.26534104,
555,179.09424257278442,-0.2821743,
556,179.37936401367188,-0.089871556,
557,179.66624236106873,-0.18833235,
558,179.9550130367279,-0.18665217,
559,180.2409951686859,-0.14929152,
560,180.52854800224304,-0.3148679,
561,180.81696557998657,-0.3400077,
562,181.10242986679077,-0.25797486,
563,181.39140725135803,-0.25319254,
564,181.68123602867126,-0.12225098,
565,181.96890020370483,-0.10065767,
566,182.2583703994751,-0.16108212,
567,182.54598116874695,-0.15744871,
568,182.83252930641174,-0.32904738,
569,183.11728024482727,-0.1857164,
570,183.40244507789612,-0.20241407,
571,183.68673729896545,-0.14827572,
572,183.9717025756836,-0.17101192,
573,184.25858569145203,-0.2534188,
574,184.54292750358582,-0.3148187,
575,184.82671451568604,-0.25051835,
576,185.82415866851807,-0.3245529,
577,186.10589933395386,-0.25048664,
578,186.39039874076843,-0.21995722,
579,186.67355060577393,-0.16065937,
580,186.95919036865234,-0.12874341,
581,187.24183893203735,-0.1075598,
582,187.52573776245117,-0.2240164,
583,187.80875778198242,-0.12908731,
584,188.09295773506165,-0.2328211,
585,188.3773958683014,-0.24054849,
586,188.66102051734924,-0.18208864,
587,188.94622039794922,-0.20108883,
588,189.22999024391174,-0.11359151,
589,189.51481461524963,-0.15473798,
590,189.79956078529358,-0.24654996,
591,190.08342599868774,-0.14436606,
592,190.37096762657166,-0.2957375,
593,190.65637922286987,-0.1611332,
594,190.94189929962158,-0.4322809,
595,191.22751092910767,-0.30937064,
596,191.51356387138367,-0.2769426,
597,191.8008954524994,-0.2454589,
598,192.08462381362915,-0.15534747,
599,192.37152099609375,-0.1978601,
600,192.82618951797485,-0.16970026,
601,193.89390444755554,-0.21371305,
602,194.17925786972046,-0.20493889,
603,194.4658763408661,-0.2489958,
604,194.75543355941772,-0.70394695,
605,195.04291939735413,-0.19260201,
606,195.33178567886353,-0.18464142,
607,195.6191484928131,-0.1922653,
608,195.90676021575928,-0.13237502,
609,196.1959991455078,-0.19784066,
610,196.48270678520203,-0.11668686,
611,196.7685730457306,-0.10651377,
612,197.05296778678894,-0.39904872,
613,197.33721709251404,-0.2161256,
614,197.62189030647278,-0.14056914,
615,197.9068591594696,-0.32154864,
616,198.19173955917358,-0.34147665,
617,198.4771466255188,-0.1175884,
618,198.76034998893738,-0.3358743,
619,199.04474210739136,-0.34667093,
620,199.3311631679535,-0.19459659,
621,199.61384916305542,-0.39407906,
622,199.90092492103577,-0.2547157,
623,200.18248391151428,-0.23059301,
624,200.46874284744263,-0.13229999,
625,200.74882459640503,-0.21344244,
626,201.8432023525238,-0.18700986,
627,202.1266565322876,-0.22344768,
628,202.41026043891907,-0.371248,
629,202.695170879364,-0.2094006,
630,202.97858834266663,-0.3333035,
631,203.26429438591003,-0.106563896,
632,203.5488727092743,-0.19915257,
633,203.83172345161438,-0.2968498,
634,204.11808109283447,-0.13565582,
635,204.4016411304474,-0.25474393,
636,204.68852353096008,-0.15506192,
637,204.97121500968933,-0.12565976,
638,205.2554965019226,-0.22781274,
639,205.53937315940857,-0.15249476,
640,205.82830953598022,-0.26013407,
641,206.1167073249817,-0.22887287,
642,206.40375876426697,-0.18156067,
643,206.6935911178589,-0.18630648,
644,206.98123693466187,-0.23356742,
645,207.27038836479187,-0.18514848,
646,207.5587375164032,-0.16816732,
647,207.84808826446533,-0.18774205,
648,208.1362783908844,-0.4050401,
649,208.42387866973877,-0.3569623,
650,208.70954871177673,-0.119930476,
651,209.80533289909363,-0.18138957,
652,210.08778524398804,-0.2740726,
653,210.37009978294373,-0.13836089,
654,210.65556240081787,-0.119684316,
655,210.93830633163452,-0.42462945,
656,211.225243806839,-0.108216554,
657,211.50776886940002,-0.19936687,
658,211.79149508476257,-0.18194035,
659,212.07583022117615,-0.14804353,
660,212.3603549003601,-0.077114135,
661,212.64791631698608,-0.32615834,
662,212.93010210990906,-0.13765296,
663,213.21516394615173,-0.32615608,
664,213.49858331680298,-0.11395795,
665,213.78271913528442,-0.16938502,
666,214.06948590278625,-0.17907052,
667,214.3548355102539,-0.19697341,
668,214.64089941978455,-0.095802814,
669,214.9265685081482,-0.32056093,
670,215.21126317977905,-0.17755115,
671,215.496887922287,-0.33229193,
672,215.78256940841675,-0.105387405,
673,216.06996488571167,-0.15875392,
674,216.35398364067078,-0.14816663,
675,216.6366024017334,-0.25918648,
676,217.73257660865784,-0.104619294,
677,218.01557421684265,-0.35620248,
678,218.3010241985321,-0.10989129,
679,218.58607602119446,-0.13909511,
680,218.87349128723145,-0.19743466,
681,219.15840911865234,-0.0880135,
682,219.44649577140808,-0.18837553,
683,219.7320578098297,-0.13221121,
684,220.01853203773499,-0.18244377,
685,220.30711483955383,-0.25948116,
686,220.5926594734192,-0.3033862,
687,220.87850379943848,-0.207321,
688,221.16783738136292,-0.345335,
689,221.45408463478088,-0.08699243,
690,221.74205327033997,-0.07239239,
691,222.02739548683167,-0.101397485,
692,222.31310844421387,-0.26602077,
693,222.59862160682678,-0.11013584,
694,222.88548231124878,-0.15486956,
695,223.172128200531,-0.1287277,
696,223.4575605392456,-0.28610444,
697,223.74508595466614,-0.27479345,
698,224.0305299758911,-0.1317954,
699,224.31511735916138,-0.10521897,
700,224.76896047592163,-0.1893242,
701,225.90093779563904,-0.22770953,
702,226.1822440624237,-0.24930455,
703,226.4663155078888,-0.21364649,
704,226.7512607574463,-0.18006322,
705,227.0353298187256,-0.13752432,
706,227.32205295562744,-0.14940351,
707,227.60525178909302,-0.31173292,
708,227.88949346542358,-0.24839011,
709,228.172860622406,-0.26055056,
710,228.45771288871765,-0.44025975,
711,228.74404191970825,-0.109722465,
712,229.02795338630676,-0.112642035,
713,229.3139886856079,-0.23372616,
714,229.5974862575531,-0.22578314,
715,229.88309383392334,-0.45655036,
716,230.16794896125793,-0.21467376,
717,230.45120096206665,-0.0607049,
718,230.73734331130981,-0.24336293,
719,231.02268052101135,-0.1401576,
720,231.30935883522034,-0.17774154,
721,231.5953404903412,-0.3111263,
722,231.8829367160797,-0.120879844,
723,232.16991758346558,-0.15236965,
724,232.45682668685913,-0.42487398,
725,232.74156832695007,-0.051054224,
726,233.7360897064209,-0.279725,
727,234.02165246009827,-0.25491804,
728,234.30910992622375,-0.28388625,
729,234.59657621383667,-0.24921489,
730,234.88361930847168,-0.22202212,
731,235.1698477268219,-0.10447703,
732,235.45655751228333,-0.15120865,
733,235.74390506744385,-0.111712106,
734,236.03008103370667,-0.076657236,
735,236.3188066482544,-0.22624078,
736,236.60488653182983,-0.2295683,
737,236.89138555526733,-0.37267572,
738,237.1811113357544,-0.16995774,
739,237.46722769737244,-0.20070542,
740,237.7564935684204,-0.2760239,
741,238.046893119812,-0.1463713,
742,238.33589458465576,-0.0974098,
743,238.62552070617676,-0.2390998,
744,238.91471123695374,-0.22767669,
745,239.20555329322815,-0.56400335,
746,239.49429273605347,-0.2443947,
747,239.78439474105835,-0.18386464,
748,240.0739939212799,-0.07474495,
749,240.3640377521515,-0.20486134,
750,240.64963793754578,-0.1256139,
751,241.75635147094727,-0.10020639,
752,242.0439133644104,-0.16584535,
753,242.33198952674866,-0.25030228,
754,242.620836019516,-0.23305944,
755,242.90807843208313,-0.22144076,
756,243.19597601890564,-0.101346105,
757,243.4843487739563,-0.08192637,
758,243.769793510437,-0.10402973,
759,244.05358147621155,-0.2656029,
760,244.3385899066925,-0.18942168,
761,244.62131690979004,-0.11974892,
762,244.90628027915955,-0.12394586,
763,245.19000482559204,-0.24308738,
764,245.47850060462952,-0.1436122,
765,245.7631595134735,-0.2274315,
766,246.04832983016968,-0.11739649,
767,246.3327579498291,-0.08314289,
768,246.62008714675903,-0.15361519,
769,246.9072573184967,-0.22292872,
770,247.19044971466064,-0.15126729,
771,247.4764494895935,-0.094838195,
772,247.76343750953674,-0.21622935,
773,248.04619884490967,-0.097169384,
774,248.3347089290619,-0.17898794,
775,248.61381816864014,-0.108646795,
776,249.73253846168518,-0.24147795,
777,250.0139617919922,-0.19732925,
778,250.30030012130737,-0.23775014,
779,250.5884599685669,-0.37255406,
780,250.8776626586914,-0.14264718,
781,251.16619205474854,-0.14267409,
782,251.45570731163025,-0.18742366,
783,251.74469089508057,-0.12521504,
784,252.0339651107788,-0.25383013,
785,252.32256984710693,-0.4328676,
786,252.61119985580444,-0.46875262,
787,252.90086221694946,-0.21487132,
788,253.18854093551636,-0.19930293,
789,253.4795868396759,-0.1637812,
790,253.76684474945068,-0.10070956,
791,254.05483651161194,-0.023925893,
792,254.34058451652527,-0.090414315,
793,254.62673997879028,-0.13000509,
794,254.91438174247742,-0.2287639,
795,255.1977894306183,-0.1750727,
796,255.48345923423767,-0.28089446,
797,255.76842617988586,-0.08305354,
798,256.0548610687256,-0.27846807,
799,256.34423756599426,-0.18273687,
800,256.8015196323395,-0.13500965,
801,257.713654756546,-0.29942143,
802,257.99175572395325,-0.16441545,
803,258.2752990722656,-0.23788561,
804,258.55729365348816,-0.2547325,
805,258.84068417549133,-0.1838093,
806,259.12661480903625,-0.13493253,
807,259.41050910949707,-0.15647832,
808,259.69499588012695,-0.20780331,
809,259.98066544532776,-0.23807633,
810,260.2662088871002,-0.25282636,
811,260.55290365219116,-0.107666746,
812,260.8355641365051,-0.14699732,
813,261.12003540992737,-0.20915085,
814,261.40466499328613,-0.10420113,
815,261.68972754478455,-0.18267393,
816,261.9755530357361,-0.292636,
817,262.2592062950134,-0.08654705,
818,262.54344964027405,-0.20422235,
819,262.82920694351196,-0.17675273,
820,263.11307644844055,-0.1873165,
821,263.3982689380646,-0.25529367,
822,263.68093633651733,-0.21799065,
823,263.9661684036255,-0.082714885,
824,264.254230260849,-0.13706248,
825,264.5367896556854,-0.13787203,
826,265.68916392326355,-0.24854076,
827,265.9730932712555,-0.30734387,
828,266.2599813938141,-0.15902556,
829,266.54374980926514,-0.120981365,
830,266.83125281333923,-0.15002036,
831,267.1164562702179,-0.34550816,
832,267.39909839630127,-0.22937863,
833,267.6866817474365,-0.11289042,
834,267.97150468826294,-0.29684934,
835,268.26019406318665,-0.23787844,
836,268.5479347705841,-0.23787351,
837,268.8336253166199,-0.2228634,
838,269.11803007125854,-0.16159314,
839,269.4063711166382,-0.15362126,
840,269.6946952342987,-0.2817256,
841,269.98118352890015,-0.15576516,
842,270.26888394355774,-0.10223374,
843,270.55517959594727,-0.2820835,
844,270.84421467781067,-0.10067408,
845,271.133540391922,-0.09404512,
846,271.42129945755005,-0.21662249,
847,271.70968556404114,-0.11880915,
848,271.99600768089294,-0.17692305,
849,272.2830352783203,-0.12891448,
850,272.56628823280334,-0.24848156,
851,273.56033992767334,-0.13017896,
852,273.84247851371765,-0.031241614,
853,274.1277542114258,-0.22608434,
854,274.4135262966156,-0.21002236,
855,274.6991128921509,-0.116889775,
856,274.9863576889038,-0.07662681,
857,275.2697379589081,-0.20777121,
858,275.5541021823883,-0.127354,
859,275.84189319610596,-0.21975875,
860,276.1272122859955,-0.14885467,
861,276.41223311424255,-0.14391276,
862,276.69620966911316,-0.2567813,
863,276.98030066490173,-0.10078071,
864,277.26687932014465,-0.2659763,
865,277.5516149997711,-0.2377373,
866,277.8375926017761,-0.3693459,
867,278.12333488464355,-0.10639557,
868,278.4113702774048,-0.1416455,
869,278.6991481781006,-0.18943343,
870,278.98768520355225,-0.15076928,
871,279.2753188610077,-0.17353788,
872,279.5627267360687,-0.1364746,
873,279.8491425514221,-0.20102158,
874,280.13622760772705,-0.24037907,
875,280.41772842407227,-0.122157544,
876,281.50817584991455,-0.09223215,
877,281.7884831428528,-0.18187359,
878,282.07504415512085,-0.21257877,
879,282.36068892478943,-0.2853774,
880,282.6468677520752,-0.15727049,
881,282.9357838630676,-0.08295698,
882,283.22126626968384,-0.31071746,
883,283.50828433036804,-0.19071458,
884,283.794447183609,-0.10963285,
885,284.0811200141907,-0.088842094,
886,284.36948347091675,-0.18526368,
887,284.6537766456604,-0.1830065,
888,284.9410991668701,-0.11045775,
889,285.22873520851135,-0.29005367,
890,285.51604986190796,-0.28291237,
891,285.8067708015442,-0.23197901,
892,286.0951533317566,-0.091307625,
893,286.38565587997437,-0.17620835,
894,286.675564289093,-0.293362,
895,286.96583247184753,-0.2947629,
896,287.2551443576813,-0.1523734,
897,287.54514026641846,-0.2658353,
898,287.8344261646271,-0.13365299,
899,288.1246249675751,-0.14766891,
900,288.58856868743896,-0.14258826,
901,289.715948343277,-0.17075273,
902,289.99990463256836,-0.16490498,
903,290.28752732276917,-0.29377282,
904,290.5736594200134,-0.16089505,
905,290.86168026924133,-0.21416035,
906,291.14833068847656,-0.20690191,
907,291.43492245674133,-0.20894127,
908,291.72295928001404,-0.082375355,
909,292.0114555358887,-0.25134522,
910,292.3000204563141,-0.20853665,
911,292.5886940956116,-0.08618258,
912,292.87665462493896,-0.19605291,
913,293.166170835495,-0.3003683,
914,293.45327043533325,-0.16762505,
915,293.7417137622833,-0.18545629,
916,294.0277695655823,-0.2704303,
917,294.3135995864868,-0.23099278,
918,294.60056352615356,-0.14699855,
919,294.88635778427124,-0.18284677,
920,295.17440390586853,-0.14831905,
921,295.4602930545807,-0.10740024,
922,295.74709248542786,-0.17617872,
923,296.03231143951416,-0.26010197,
924,296.3180685043335,-0.15605217,
925,296.6027626991272,-0.15874806,
926,297.6835641860962,-0.21043056,
927,297.968718290329,-0.23132235,
928,298.2568166255951,-0.2487404,
929,298.5479664802551,-0.32538402,
930,298.8373713493347,-0.15115502,
931,299.1280016899109,-0.20762204,
932,299.4174931049347,-0.08300643,
933,299.70812702178955,-0.13522458,
934,299.9971489906311,-0.09391962,
935,300.28740191459656,-0.33380717,
936,300.57635378837585,-0.054128543,
937,300.86601662635803,-0.32981783,
938,301.15530824661255,-0.1492016,
939,301.44537591934204,-0.10531475,
940,301.7345230579376,-0.38337713,
941,302.02300333976746,-0.25912172,
942,302.31143522262573,-0.12752396,
943,302.6008548736572,-0.12401034,
944,302.88860535621643,-0.19376117,
945,303.1762762069702,-0.31668413,
946,303.46083760261536,-0.22904567,
947,303.7467939853668,-0.16224337,
948,304.03231739997864,-0.16109459,
949,304.319073677063,-0.15567961,
950,304.6028952598572,-0.2481046,
951,305.6890528202057,-0.22377712,
952,305.97432827949524,-0.1665711,
953,306.2615592479706,-0.07224979,
954,306.5482769012451,-0.124140926,
955,306.837521314621,-0.12662317,
956,307.12402272224426,-0.14943111,
957,307.4105052947998,-0.09235524,
958,307.69931268692017,-0.14451168,
959,307.9855329990387,-0.2572608,
960,308.27242946624756,-0.33929643,
961,308.5613317489624,-0.18696775,
962,308.8494293689728,-0.24664319,
963,309.1389741897583,-0.22731523,
964,309.4266595840454,-0.27724594,
965,309.71598768234253,-0.19262111,
966,310.0035924911499,-0.17617103,
967,310.2907991409302,-0.21850184,
968,310.581259727478,-0.10732448,
969,310.86937403678894,-0.22325274,
970,311.1593527793884,-0.2521332,
971,311.4450161457062,-0.1764021,
972,311.73337173461914,-0.11768098,
973,312.0220959186554,-0.09033544,
974,312.3089780807495,-0.038944773,
975,312.59437441825867,-0.26313597,
976,313.7313048839569,-0.21081018,
977,314.0170388221741,-0.197658,
978,314.303106546402,-0.15841463,
979,314.5888338088989,-0.27518305,
980,314.87645506858826,-0.34886408,
981,315.16362833976746,-0.1305519,
982,315.4497196674347,-0.06733374,
983,315.73809266090393,-0.09531146,
984,316.02476239204407,-0.10454273,
985,316.3120336532593,-0.24940757,
986,316.5994939804077,-0.13173886,
987,316.8853256702423,-0.14748743,
988,317.1736674308777,-0.14943576,
989,317.4585630893707,-0.08480322,
990,317.74385714530945,-0.18264219,
991,318.0304446220398,-0.24716462,
992,318.3175618648529,-0.09406003,
993,318.6039755344391,-0.12556478,
994,318.891179561615,-0.1408791,
995,319.1784348487854,-0.16840369,
996,319.46498107910156,-0.2389876,
997,319.75015234947205,-0.29167193,
998,320.03891944885254,-0.07901179,
999,320.32573556900024,-0.04483112,
1000,320.78172540664673,-0.21335636,
1001,321.9114146232605,-0.13028356,
1002,322.19473099708557,-0.10782975,
1003,322.4811758995056,-0.25787452,
1004,322.7644507884979,-0.26805988,
1005,323.0495035648346,-0.11573705,
1006,323.3352291584015,-0.17485219,
1007,323.61967301368713,-0.19180039,
1008,323.9048476219177,-0.11892708,
1009,324.18923687934875,-0.14773412,
1010,324.47372245788574,-0.24784875,
1011,324.7594156265259,-0.22395428,
1012,325.0430383682251,-0.19323069,
1013,325.3299136161804,-0.13078272,
1014,325.61441135406494,-0.11491516,
1015,325.8985056877136,-0.10830684,
1016,326.18198132514954,-0.2695066,
1017,326.4669783115387,-0.12250152,
1018,326.75328516960144,-0.28588325,
1019,327.0367500782013,-0.069618285,
1020,327.3227434158325,-0.3037035,
1021,327.6072380542755,-0.14728422,
1022,327.89262437820435,-0.14897442,
1023,328.17817902565,-0.16367042,
1024,328.462304353714,-0.12469948,
1025,328.7477102279663,-0.14462946,
1026,329.8385946750641,-0.26750427,
1027,330.1243259906769,-0.2704022,
1028,330.4131317138672,-0.20042357,
1029,330.7013030052185,-0.24202263,
1030,330.9899785518646,-0.19207075,
1031,331.2777774333954,-0.09513253,
1032,331.56587767601013,-0.17455576,
1033,331.8551597595215,-0.24852625,
1034,332.14259696006775,-0.15487318,
1035,332.43195271492004,-0.16048434,
1036,332.7189955711365,-0.32020682,
1037,333.0070230960846,-0.10452079,
1038,333.29485988616943,-0.13865188,
1039,333.5795831680298,-0.33979177,
1040,333.8677568435669,-0.19044739,
1041,334.1533935070038,-0.10806696,
1042,334.43868374824524,-0.21423864,
1043,334.7222695350647,-0.17739159,
1044,335.00728273391724,-0.22422497,
1045,335.2932252883911,-0.08523367,
1046,335.57754826545715,-0.09011109,
1047,335.86431431770325,-0.20838769,
1048,336.14869809150696,-0.10519611,
1049,336.4327039718628,-0.16540007,
1050,336.71308398246765,-0.10334909,
1051,337.7572412490845,-0.24100462,
1052,338.04301261901855,-0.0908743,
1053,338.32912969589233,-0.21680629,
1054,338.6165072917938,-0.4362635,
1055,338.900226354599,-0.15638249,
1056,339.18835854530334,-0.11813392,
1057,339.4733557701111,-0.1715827,
1058,339.7581796646118,-0.20792508,
1059,340.0490047931671,-0.06546194,
1060,340.33364486694336,-0.13380893,
1061,340.61965465545654,-0.12937868,
1062,340.9091727733612,-0.12860247,
1063,341.19512581825256,-0.111886196,
1064,341.48197054862976,-0.066094965,
1065,341.7711844444275,-0.28326863,
1066,342.0563576221466,-0.28511608,
1067,342.3460216522217,-0.19169554,
1068,342.6363537311554,-0.1587151,
1069,342.9285008907318,-0.1398614,
1070,343.21830224990845,-0.18506482,
1071,343.5109353065491,-0.12216521,
1072,343.80142879486084,-0.22240391,
1073,344.09271240234375,-0.32639965,
1074,344.3826587200165,-0.14974135,
1075,344.6711208820343,-0.16442168,
1076,345.81441044807434,-0.07193056,
1077,346.0991048812866,-0.15841289,
1078,346.3870027065277,-0.13953647,
1079,346.6745717525482,-0.097458065,
1080,346.96005392074585,-0.11852553,
1081,347.24799513816833,-0.19578883,
1082,347.53486466407776,-0.14629851,
1083,347.8210184574127,-0.22051987,
1084,348.1103539466858,-0.13692567,
1085,348.39548325538635,-0.21043131,
1086,348.6827144622803,-0.20258445,
1087,348.96790981292725,-0.24450733,
1088,349.25376749038696,-0.13443008,
1089,349.54269790649414,-0.17652655,
1090,349.82880330085754,-0.16909696,
1091,350.1159670352936,-0.13444273,
1092,350.40214800834656,-0.06298161,
1093,350.6888132095337,-0.2440891,
1094,350.9761698246002,-0.17092535,
1095,351.26437544822693,-0.48156875,
1096,351.55338954925537,-0.07734519,
1097,351.83981704711914,-0.2552529,
1098,352.1284041404724,-0.18296999,
1099,352.4158260822296,-0.065465555,
1100,352.8729863166809,-0.09948122,
1101,354.0190725326538,-0.2914675,
1102,354.30376720428467,-0.13316841,
1103,354.588769197464,-0.4135602,
1104,354.874582529068,-0.25955608,
1105,355.1624310016632,-0.17970513,
1106,355.4483046531677,-0.123554185,
1107,355.73530554771423,-0.16144444,
1108,356.02106285095215,-0.113356054,
1109,356.30928778648376,-0.23946476,
1110,356.5937840938568,-0.21457379,
1111,356.88370537757874,-0.14147088,
1112,357.17325472831726,-0.32747692,
1113,357.4580514431,-0.18024206,
1114,357.7459886074066,-0.112735406,
1115,358.0333528518677,-0.15913934,
1116,358.3201518058777,-0.11370354,
1117,358.607519865036,-0.07906626,
1118,358.89133882522583,-0.20967132,
1119,359.17791080474854,-0.4021284,
1120,359.46458673477173,-0.14691791,
1121,359.7498164176941,-0.099011,
1122,360.03849697113037,-0.15817788,
1123,360.3231248855591,-0.1183041,
1124,360.6098954677582,-0.14897923,
1125,360.89188528060913,-0.124034144,
1126,361.89099407196045,-0.11920754,
1127,362.17695021629333,-0.24647677,
1128,362.46462893486023,-0.07160099,
1129,362.75192070007324,-0.37895486,
1130,363.0394616127014,-0.17766394,
1131,363.3253245353699,-0.1288417,
1132,363.61335849761963,-0.086923964,
1133,363.9003794193268,-0.24377099,
1134,364.18684101104736,-0.20828588,
1135,364.4715983867645,-0.17701763,
1136,364.75882625579834,-0.2194798,
1137,365.04549741744995,-0.119944915,
1138,365.3303837776184,-0.15069544,
1139,365.618284702301,-0.09921418,
1140,365.902987241745,-0.19474551,
1141,366.18769693374634,-0.3021372,
1142,366.47266364097595,-0.13856128,
1143,366.7626371383667,-0.18944478,
1144,367.0489251613617,-0.16480374,
1145,367.335378408432,-0.15780516,
1146,367.6257891654968,-0.14236498,
1147,367.90986156463623,-0.2118367,
1148,368.19726824760437,-0.22014616,
1149,368.48393988609314,-0.15492755,
1150,368.76521348953247,-0.09769021,
1151,369.85989570617676,-0.18050513,
1152,370.14593172073364,-0.1269102,
1153,370.435693025589,-0.11841135,
1154,370.723272562027,-0.1174526,
1155,371.01095032691956,-0.33409476,
1156,371.3015866279602,-0.21617144,
1157,371.5891361236572,-0.16903637,
1158,371.8793535232544,-0.17280547,
1159,372.1661448478699,-0.3556013,
1160,372.4547724723816,-0.17844646,
1161,372.74164056777954,-0.056724664,
1162,373.0278830528259,-0.30751973,
1163,373.31688141822815,-0.120145455,
1164,373.60240840911865,-0.12484993,
1165,373.88948345184326,-0.09893602,
1166,374.1764123439789,-0.052082025,
1167,374.4629805088043,-0.22069567,
1168,374.75064849853516,-0.22410743,
1169,375.0397036075592,-0.12788516,
1170,375.32851791381836,-0.1205744,
1171,375.6189410686493,-0.2206294,
1172,375.90660190582275,-0.29434752,
1173,376.1950922012329,-0.1093021,
1174,376.4826443195343,-0.2296592,
1175,376.76903557777405,-0.18526442,
1176,377.90350818634033,-0.15364775,
1177,378.188200712204,-0.15219328,
1178,378.47728157043457,-0.16988912,
1179,378.76413798332214,-0.13897249,
1180,379.05156540870667,-0.06683074,
1181,379.3394079208374,-0.1398273,
1182,379.6276886463165,-0.39585584,
1183,379.91628074645996,-0.1645056,
1184,380.2050983905792,-0.12857048,
1185,380.49057054519653,-0.092223525,
1186,380.7764537334442,-0.20665342,
1187,381.0633690357208,-0.23867124,
1188,381.3482322692871,-0.24090913,
1189,381.63806104660034,-0.4080531,
1190,381.9234392642975,-0.18979637,
1191,382.20986437797546,-0.16981626,
1192,382.49740982055664,-0.2058771,
1193,382.7881953716278,-0.15924443,
1194,383.08021998405457,-0.16944423,
1195,383.3689270019531,-0.16238567,
1196,383.65982365608215,-0.09070646,
1197,383.94903683662415,-0.19219992,
1198,384.24016785621643,-0.12569436,
1199,384.53020691871643,-0.13791496,
1200,384.9917335510254,-0.11550422,
1201,386.1469702720642,-0.18530773,
1202,386.43197679519653,-0.31649044,
1203,386.7191598415375,-0.124669835,
1204,387.0033528804779,-0.5510626,
1205,387.2894651889801,-0.15088075,
1206,387.5766885280609,-0.080148235,
1207,387.8620512485504,-0.14140707,
1208,388.1502571105957,-0.11763727,
1209,388.43498396873474,-0.24902683,
1210,388.7212436199188,-0.15621924,
1211,389.0075113773346,-0.20801103,
1212,389.2933580875397,-0.3924392,
1213,389.5791690349579,-0.1466177,
1214,389.8629503250122,-0.14530434,
1215,390.1483495235443,-0.19949797,
1216,390.4333884716034,-0.28603894,
1217,390.71729278564453,-0.19429341,
1218,391.00176548957825,-0.11966484,
1219,391.2897608280182,-0.1066278,
1220,391.57806754112244,-0.15118298,
1221,391.8644585609436,-0.029584572,
1222,392.15147638320923,-0.16170378,
1223,392.43745613098145,-0.0856476,
1224,392.72408294677734,-0.12776856,
1225,393.0063464641571,-0.08897905,
1226,394.02553701400757,-0.18311149,
1227,394.30777192115784,-0.23516634,
1228,394.59323382377625,-0.14835507,
1229,394.8757348060608,-0.20481504,
1230,395.16402864456177,-0.18693326,
1231,395.4542336463928,-0.06879349,
1232,395.7436168193817,-0.15655129,
1233,396.0336766242981,-0.18899095,
1234,396.32189559936523,-0.22752632,
1235,396.61197543144226,-0.15081578,
1236,396.9003002643585,-0.19971833,
1237,397.188871383667,-0.20817934,
1238,397.47707748413086,-0.18627179,
1239,397.7649359703064,-0.12867369,
1240,398.0540602207184,-0.13939725,
1241,398.3418595790863,-0.13176209,
1242,398.6289072036743,-0.27913022,
1243,398.9139287471771,-0.19426265,
1244,399.20022988319397,-0.36042857,
1245,399.48595452308655,-0.11568303,
1246,399.77172088623047,-0.13796687,
1247,400.0556831359863,-0.0937993,
1248,400.339378118515,-0.16077098,
1249,400.62627267837524,-0.17317691,
1250,400.90582966804504,-0.11959204,
1251,402.0144054889679,-0.19239488,
1252,402.29484963417053,-0.08692649,
1253,402.57958483695984,-0.24408811,
1254,402.862158536911,-0.16721496,
1255,403.14526891708374,-0.221613,
1256,403.43301033973694,-0.056402504,
1257,403.71723437309265,-0.078407384,
1258,404.00232005119324,-0.079654574,
1259,404.2867522239685,-0.13819025,
1260,404.5704855918884,-0.23707686,
1261,404.8550691604614,-0.11512983,
1262,405.1385271549225,-0.4469595,
1263,405.4250183105469,-0.15979728,
1264,405.7088506221771,-0.15532103,
1265,405.9929230213165,-0.35383207,
1266,406.27764439582825,-0.12681708,
1267,406.56179761886597,-0.064248346,
1268,406.8485929965973,-0.09186843,
1269,407.13016629219055,-0.14695747,
1270,407.4152977466583,-0.2741385,
1271,407.7006483078003,-0.046062164,
1272,407.98580741882324,-0.2770481,
1273,408.27180528640747,-0.122636944,
1274,408.55567502975464,-0.13880503,
1275,408.84041476249695,-0.12386152,
1276,409.8269929885864,-0.1118879,
1277,410.1077718734741,-0.35196587,
1278,410.39162826538086,-0.25478983,
1279,410.67318081855774,-0.2517289,
1280,410.95792508125305,-0.19541383,
1281,411.24311566352844,-0.15484545,
1282,411.5269179344177,-0.29802847,
1283,411.8109679222107,-0.15978426,
1284,412.0966594219208,-0.061886817,
1285,412.38249135017395,-0.15074451,
1286,412.66658425331116,-0.11572176,
1287,412.9517662525177,-0.15926385,
1288,413.2367889881134,-0.11255153,
1289,413.5226049423218,-0.20012546,
1290,413.8084044456482,-0.17085902,
1291,414.0927495956421,-0.20155618,
1292,414.3759009838104,-0.17238803,
1293,414.65917587280273,-0.1949655,
1294,414.94495940208435,-0.08950106,
1295,415.22827100753784,-0.15997413,
1296,415.5137622356415,-0.21137613,
1297,415.7978677749634,-0.3099875,
1298,416.0843744277954,-0.17805618,
1299,416.36529541015625,-0.06541918,
1300,416.9090781211853,-0.111782715,
1301,417.94972705841064,-0.19768482,
1302,418.2324604988098,-0.23160774,
1303,418.51515674591064,-0.18407731,
1304,418.8015570640564,-0.24087548,
1305,419.08388018608093,-0.12526952,
1306,419.36593985557556,-0.12418271,
1307,419.65023136138916,-0.26514378,
1308,419.9329643249512,-0.05568823,
1309,420.21852254867554,-0.24652022,
1310,420.50171089172363,-0.17078853,
1311,420.7862858772278,-0.16374771,
1312,421.06992650032043,-0.30840564,
1313,421.3532621860504,-0.10048071,
1314,421.63915848731995,-0.09311612,
1315,421.92318844795227,-0.21933378,
1316,422.2081127166748,-0.22453964,
1317,422.4907364845276,-0.08209489,
1318,422.7764892578125,-0.113197654,
1319,423.0608928203583,-0.18672413,
1320,423.34385442733765,-0.1293723,
1321,423.6290273666382,-0.16532639,
1322,423.9119920730591,-0.13692352,
1323,424.1982247829437,-0.19566035,
1324,424.481892824173,-0.07014936,
1325,424.7600746154785,-0.07457743,
1326,425.8866288661957,-0.09966388,
1327,426.164945602417,-0.13628477,
1328,426.4470739364624,-0.2597685,
1329,426.7298254966736,-0.33207366,
1330,427.0154073238373,-0.15772586,
1331,427.3022379875183,-0.21369012,
1332,427.58778142929077,-0.24314779,
1333,427.8734576702118,-0.13119623,
1334,428.1601445674896,-0.22172144,
1335,428.44536447525024,-0.26769617,
1336,428.7309994697571,-0.10297296,
1337,429.0166103839874,-0.17268491,
1338,429.3044226169586,-0.113667555,
1339,429.58918619155884,-0.1619756,
1340,429.8746597766876,-0.14603516,
1341,430.1602530479431,-0.14011392,
1342,430.4427161216736,-0.19730544,
1343,430.72723388671875,-0.1421003,
1344,431.00976395606995,-0.15098026,
1345,431.2918903827667,-0.11866376,
1346,431.57643365859985,-0.2255711,
1347,431.857702255249,-0.21862456,
1348,432.1417157649994,-0.11981106,
1349,432.421763420105,-0.099552445,
1350,432.7005956172943,-0.15063818,
1351,433.74601197242737,-0.087923765,
1352,434.0274546146393,-0.06355043,
1353,434.3149378299713,-0.2316552,
1354,434.5976996421814,-0.06578635,
1355,434.88001561164856,-0.17018294,
1356,435.163547039032,-0.072776295,
1357,435.4466893672943,-0.084996015,
1358,435.7331473827362,-0.061704107,
1359,436.0174388885498,-0.032942053,
1360,436.30154395103455,-0.081192285,
1361,436.58427691459656,-0.18811391,
1362,436.86774802207947,-0.22286218,
1363,437.1525740623474,-0.500028,
1364,437.4369730949402,-0.055237528,
1365,437.7193765640259,-0.20596157,
1366,438.0018129348755,-0.1365266,
1367,438.2850778102875,-0.10454392,
1368,438.5677044391632,-0.043627158,
1369,438.852543592453,-0.1631141,
1370,439.1408450603485,-0.25185913,
1371,439.4294505119324,-0.19159861,
1372,439.7187900543213,-0.1510898,
1373,440.00671648979187,-0.15274064,
1374,440.295184135437,-0.10886076,
1375,440.57999205589294,-0.3628916,
1376,441.6758322715759,-0.27915883,
1377,441.9607927799225,-0.29170585,
1378,442.24762296676636,-0.11699832,
1379,442.53332781791687,-0.2833665,
1380,442.8186504840851,-0.107551694,
1381,443.1050727367401,-0.13400847,
1382,443.38953948020935,-0.23957014,
1383,443.6735737323761,-0.13194081,
1384,443.9583342075348,-0.17209354,
1385,444.241726398468,-0.16387674,
1386,444.52850699424744,-0.16125333,
1387,444.81075954437256,-0.1886974,
1388,445.0969579219818,-0.14610095,
1389,445.38090205192566,-0.12094331,
1390,445.66690039634705,-0.17750603,
1391,445.9558889865875,-0.18531914,
1392,446.2393329143524,-0.08578533,
1393,446.5239975452423,-0.20836806,
1394,446.8083028793335,-0.1256528,
1395,447.09372639656067,-0.13649659,
1396,447.3799033164978,-0.07609671,
1397,447.6651430130005,-0.10848603,
1398,447.9524841308594,-0.10479513,
1399,448.238872051239,-0.07489093,
1400,448.69233560562134,-0.18438438,
1401,449.7740390300751,-0.1445373,
1402,450.057097196579,-0.18497363,
1403,450.34042620658875,-0.17885491,
1404,450.6243100166321,-0.2890673,
1405,450.9115352630615,-0.10640065,
1406,451.19574213027954,-0.069253415,
1407,451.48251605033875,-0.10260239,
1408,451.7656786441803,-0.07656733,
1409,452.0516219139099,-0.10216927,
1410,452.335631608963,-0.12142298,
1411,452.6199038028717,-0.16991767,
1412,452.90705943107605,-0.17496929,
1413,453.1933844089508,-0.1396565,
1414,453.4778621196747,-0.24122003,
1415,453.7637794017792,-0.19999203,
1416,454.04992032051086,-0.101809025,
1417,454.3366663455963,-0.044387534,
1418,454.6222369670868,-0.1993274,
1419,454.9091520309448,-0.049422186,
1420,455.19567918777466,-0.19368199,
1421,455.47986221313477,-0.13144393,
1422,455.7663743495941,-0.10035523,
1423,456.05483412742615,-0.17645952,
1424,456.3410120010376,-0.14322051,
1425,456.62530755996704,-0.18020806,
1426,457.6448211669922,-0.3519322,
1427,457.9309651851654,-0.25563467,
1428,458.2131657600403,-0.09746456,
1429,458.4980764389038,-0.106757015,
1430,458.7797396183014,-0.2049343,
1431,459.064799785614,-0.10104695,
1432,459.3502221107483,-0.15412754,
1433,459.63296842575073,-0.17260101,
1434,459.91859793663025,-0.09273793,
1435,460.20123529434204,-0.20436703,
1436,460.48715710639954,-0.25039488,
1437,460.77074694633484,-0.12595126,
1438,461.05307388305664,-0.14862356,
1439,461.3387565612793,-0.08583342,
1440,461.62191343307495,-0.14475068,
1441,461.9074423313141,-0.06713814,
1442,462.19218730926514,-0.12836379,
1443,462.4763066768646,-0.123059236,
1444,462.76140689849854,-0.16909723,
1445,463.045414686203,-0.14696749,
1446,463.3307144641876,-0.14129503,
1447,463.6129295825958,-0.24402854,
1448,463.8959243297577,-0.12444046,
1449,464.181836605072,-0.19797778,
1450,464.46235513687134,-0.042346112,
1451,465.4342555999756,-0.104404524,
1452,465.7157015800476,-0.24937388,
1453,466.0000774860382,-0.06699491,
1454,466.2855167388916,-0.14029798,
1455,466.56886863708496,-0.10124274,
1456,466.85479164123535,-0.14020939,
1457,467.1388432979584,-0.28068146,
1458,467.42477202415466,-0.11824815,
1459,467.70927715301514,-0.0552722,
1460,467.99308705329895,-0.21503729,
1461,468.27852392196655,-0.20836475,
1462,468.56304931640625,-0.1661587,
1463,468.851845741272,-0.06552113,
1464,469.1397728919983,-0.11170347,
1465,469.4289128780365,-0.22159384,
1466,469.7174005508423,-0.11729477,
1467,470.00645780563354,-0.19978276,
1468,470.2957775592804,-0.085616864,
1469,470.5838449001312,-0.15955943,
1470,470.87408804893494,-0.13908198,
1471,471.1630198955536,-0.16622058,
1472,471.4521059989929,-0.16986224,
1473,471.73996448516846,-0.19042274,
1474,472.02973461151123,-0.11242843,
1475,472.3124976158142,-0.19004121,
1476,473.38773918151855,-0.1688743,
1477,473.66878628730774,-0.22785664,
1478,473.95196437835693,-0.21683481,
1479,474.2344079017639,-0.07281634,
1480,474.51743507385254,-0.13778096,
1481,474.8044059276581,-0.12472614,
1482,475.0876181125641,-0.17527889,
1483,475.3725173473358,-0.10582653,
1484,475.6545605659485,-0.12780747,
1485,475.93816661834717,-0.1936606,
1486,476.22458839416504,-0.22674665,
1487,476.5073735713959,-0.06709372,
1488,476.79402256011963,-0.17134361,
1489,477.0752704143524,-0.12667425,
1490,477.36149501800537,-0.27232382,
1491,477.6467492580414,-0.12037163,
1492,477.9295401573181,-0.1081128,
1493,478.2157747745514,-0.10673473,
1494,478.4998948574066,-0.11865203,
1495,478.7850992679596,-0.19625722,
1496,479.0674476623535,-0.14528397,
1497,479.35121393203735,-0.118940756,
1498,479.6367630958557,-0.24574393,
1499,479.92198944091797,-0.19719657,
1500,480.3736894130707,-0.19690093,
1501,481.35475397109985,-0.0970339,
1502,481.64185094833374,-0.16330001,
1503,481.928786277771,-0.19444248,
1504,482.2167065143585,-0.1798687,
1505,482.5070683956146,-0.17191783,
1506,482.7956368923187,-0.12890191,
1507,483.0852930545807,-0.18661723,
1508,483.3729100227356,-0.1344052,
1509,483.6619849205017,-0.067363515,
1510,483.9504437446594,-0.10552679,
1511,484.2385082244873,-0.081841506,
1512,484.52558183670044,-0.09312761,
1513,484.81402587890625,-0.16726762,
1514,485.10023188591003,-0.111909375,
1515,485.3876700401306,-0.18312219,
1516,485.67223501205444,-0.13017428,
1517,485.9565317630768,-0.14856157,
1518,486.24447870254517,-0.11571241,
1519,486.52833437919617,-0.07411048,
1520,486.81361198425293,-0.059311353,
1521,487.0993535518646,-0.09696297,
1522,487.3839900493622,-0.0852134,
1523,487.67101860046387,-0.19262218,
1524,487.9551799297333,-0.1600115,
1525,488.2390742301941,-0.074986234,
1526,489.3322982788086,-0.12788883,
1527,489.6164982318878,-0.08936113,
1528,489.9013469219208,-0.14618811,
1529,490.1865017414093,-0.26826334,
1530,490.4725375175476,-0.24730591,
1531,490.7594838142395,-0.16334414,
1532,491.0464856624603,-0.21010435,
1533,491.33139300346375,-0.14219816,
1534,491.6188979148865,-0.21060592,
1535,491.905375957489,-0.27026206,
1536,492.19093799591064,-0.13133964,
1537,492.4804365634918,-0.062445994,
1538,492.76649713516235,-0.18957964,
1539,493.05242443084717,-0.19805068,
1540,493.34023904800415,-0.08040988,
1541,493.6282467842102,-0.071992174,
1542,493.9155821800232,-0.16901055,
1543,494.20250415802,-0.16041085,
1544,494.4894483089447,-0.20559698,
1545,494.7773103713989,-0.23624206,
1546,495.0646915435791,-0.16698872,
1547,495.3509831428528,-0.13873743,
1548,495.6388359069824,-0.22484688,
1549,495.9253990650177,-0.0965857,
1550,496.2097339630127,-0.2303665,
1551,497.3271207809448,-0.086214185,
1552,497.61186814308167,-0.16452903,
1553,497.8997800350189,-0.16371897,
1554,498.187992811203,-0.25352514,
1555,498.4746136665344,-0.12250802,
1556,498.76115250587463,-0.17379037,
1557,499.04645919799805,-0.13319123,
1558,499.33526492118835,-0.2759287,
1559,499.62279772758484,-0.058949053,
1560,499.90954542160034,-0.09224569,
1561,500.1990475654602,-0.10672364,
1562,500.4857745170593,-0.05946978,
1563,500.772008895874,-0.2822635,
1564,501.0581305027008,-0.19199099,
1565,501.34164333343506,-0.1382606,
1566,501.62928104400635,-0.08331862,
1567,501.91479086875916,-0.06169433,
1568,502.19966530799866,-0.096598774,
1569,502.48320841789246,-0.13697225,
1570,502.7671945095062,-0.115707345,
1571,503.054967880249,-0.10528752,
1572,503.3396165370941,-0.09416604,
1573,503.62539076805115,-0.0820898,
1574,503.90995168685913,-0.09145833,
1575,504.1924307346344,-0.2079481,
1576,505.21660137176514,-0.12400456,
1577,505.4976394176483,-0.07268433,
1578,505.78472232818604,-0.14628385,
1579,506.0686845779419,-0.19039972,
1580,506.35563135147095,-0.044239134,
1581,506.6381890773773,-0.13296671,
1582,506.92131876945496,-0.35817692,
1583,507.2070894241333,-0.108354904,
1584,507.49221777915955,-0.19276981,
1585,507.778493642807,-0.094859615,
1586,508.06280612945557,-0.114268646,
1587,508.3476469516754,-0.2833081,
1588,508.6357705593109,-0.11450114,
1589,508.9200117588043,-0.12619987,
1590,509.20670652389526,-0.0882716,
1591,509.4908800125122,-0.19215417,
1592,509.777170419693,-0.18323994,
1593,510.0622570514679,-0.13515593,
1594,510.34655952453613,-0.117470816,
1595,510.6343536376953,-0.24082491,
1596,510.9182541370392,-0.10555624,
1597,511.20395827293396,-0.02710601,
1598,511.48951148986816,-0.10039244,
1599,511.7804515361786,-0.13942447,
1600,512.2442562580109,-0.099160574,
1601,513.3653008937836,-0.23096469,
1602,513.6555383205414,-0.11504433,
1603,513.9445514678955,-0.1048872,
1604,514.2347013950348,-0.11933625,
1605,514.5227158069611,-0.17427966,
1606,514.8124616146088,-0.09055184,
1607,515.0994410514832,-0.17910388,
1608,515.3859579563141,-0.12717414,
1609,515.6756746768951,-0.22255395,
1610,515.9607326984406,-0.13851035,
1611,516.2476222515106,-0.08409616,
1612,516.5348093509674,-0.36053175,
1613,516.8208692073822,-0.12839362,
1614,517.1087810993195,-0.07773425,
1615,517.3951508998871,-0.21399993,
1616,517.6816906929016,-0.15683962,
1617,517.9681034088135,-0.09181813,
1618,518.2580335140228,-0.13670377,
1619,518.5456705093384,-0.068151884,
1620,518.8324258327484,-0.29590705,
1621,519.118320941925,-0.20770264,
1622,519.4030086994171,-0.08653447,
1623,519.6894910335541,-0.10704375,
1624,519.9766445159912,-0.10346881,
1625,520.2573137283325,-0.21488924,
1626,521.4459843635559,-0.08208919,
1627,521.7297003269196,-0.065130875,
1628,522.0150117874146,-0.07620554,
1629,522.2986507415771,-0.09717557,
1630,522.584547996521,-0.10313088,
1631,522.8675003051758,-0.15029219,
1632,523.1529786586761,-0.19880009,
1633,523.4380822181702,-0.08593192,
1634,523.721658706665,-0.14095029,
1635,524.0123572349548,-0.27330482,
1636,524.3002665042877,-0.115078926,
1637,524.5896337032318,-0.071124,
1638,524.8780817985535,-0.10707126,
1639,525.1660265922546,-0.10170335,
1640,525.4561624526978,-0.13180502,
1641,525.744179725647,-0.10410106,
1642,526.0342936515808,-0.12244991,
1643,526.3233931064606,-0.11424095,
1644,526.6132988929749,-0.14019817,
1645,526.9014234542847,-0.15287766,
1646,527.1900091171265,-0.1902332,
1647,527.4749174118042,-0.19558097,
1648,527.7621695995331,-0.095851295,
1649,528.0501527786255,-0.12049033,
1650,528.3323414325714,-0.20915526,
1651,529.3735597133636,-0.14067096,
1652,529.6558785438538,-0.066995114,
1653,529.9388828277588,-0.14594564,
1654,530.221263885498,-0.16194206,
1655,530.5043756961823,-0.12630779,
1656,530.7878909111023,-0.2735806,
1657,531.070405960083,-0.19655819,
1658,531.3538045883179,-0.11152136,
1659,531.6371839046478,-0.043746386,
1660,531.9208381175995,-0.16449349,
1661,532.2085311412811,-0.15034299,
1662,532.4927713871002,-0.1214101,
1663,532.7787847518921,-0.12970743,
1664,533.0635328292847,-0.14563103,
1665,533.3492271900177,-0.14650252,
1666,533.6354157924652,-0.114555456,
1667,533.920060634613,-0.20623752,
1668,534.2065608501434,-0.13485578,
1669,534.4904534816742,-0.19997872,
1670,534.7749629020691,-0.12382338,
1671,535.0605137348175,-0.40286827,
1672,535.3459315299988,-0.15770829,
1673,535.6320445537567,-0.04919039,
1674,535.9166738986969,-0.0831583,
1675,536.1990115642548,-0.109799474,
1676,537.2541108131409,-0.16749737,
1677,537.540388584137,-0.1480504,
1678,537.8292856216431,-0.19448349,
1679,538.1171667575836,-0.2505051,
1680,538.4052736759186,-0.12879199,
1681,538.6896324157715,-0.18041688,
1682,538.9759252071381,-0.10264071,
1683,539.2629776000977,-0.11267194,
1684,539.5489671230316,-0.065356925,
1685,539.8372249603271,-0.10025051,
1686,540.1253492832184,-0.23111856,
1687,540.4112133979797,-0.07713604,
1688,540.6996788978577,-0.07129185,
1689,540.9881484508514,-0.21610025,
1690,541.2765567302704,-0.057025377,
1691,541.5644495487213,-0.10539776,
1692,541.8512620925903,-0.1551089,
1693,542.1366653442383,-0.14861354,
1694,542.424816608429,-0.12047881,
1695,542.7115607261658,-0.12180139,
1696,542.9986953735352,-0.21959966,
1697,543.2879123687744,-0.11518876,
1698,543.5752310752869,-0.30879432,
1699,543.8635251522064,-0.08261244,
1700,544.3161346912384,-0.17910792,
1701,545.3692355155945,-0.043622818,
1702,545.6544334888458,-0.07370823,
1703,545.9414339065552,-0.09029212,
1704,546.2273378372192,-0.14481574,
1705,546.5120034217834,-0.25604013,
1706,546.7979519367218,-0.060649678,
1707,547.0838372707367,-0.110599376,
1708,547.3669044971466,-0.14740433,
1709,547.6530025005341,-0.01664265,
1710,547.9378399848938,-0.11939993,
1711,548.2255396842957,-0.34075183,
1712,548.5086662769318,-0.15411702,
1713,548.7939116954803,-0.0992597,
1714,549.0827181339264,-0.118941694,
1715,549.3665235042572,-0.2664457,
1716,549.6533162593842,-0.1178776,
1717,549.9390988349915,-0.12729442,
1718,550.225997209549,-0.069690906,
1719,550.5112018585205,-0.15298711,
1720,550.795450925827,-0.16683911,
1721,551.0836849212646,-0.17180753,
1722,551.3676075935364,-0.1448963,
1723,551.6549146175385,-0.118242815,
1724,551.9394860267639,-0.044905864,
1725,552.2218747138977,-0.08431584,
1726,553.3596839904785,-0.108224705,
1727,553.6427884101868,-0.20102891,
1728,553.9241368770599,-0.025123985,
1729,554.2085542678833,-0.19882187,
1730,554.4921708106995,-0.034050673,
1731,554.7793409824371,-0.048431225,
1732,555.0669546127319,-0.10004208,
1733,555.3540735244751,-0.084949285,
1734,555.6427483558655,-0.050402805,
1735,555.9304790496826,-0.26219973,
1736,556.2183413505554,-0.05575864,
1737,556.5071206092834,-0.110573456,
1738,556.7951240539551,-0.160117,
1739,557.0848858356476,-0.06749843,
1740,557.3734405040741,-0.057001024,
1741,557.662695646286,-0.159298,
1742,557.9499292373657,-0.23397742,
1743,558.2359483242035,-0.078964174,
1744,558.522257566452,-0.11660528,
1745,558.8103451728821,-0.19242854,
1746,559.0946860313416,-0.15342021,
1747,559.3811547756195,-0.07915735,
1748,559.6643946170807,-0.06429433,
1749,559.9481613636017,-0.04935803,
1750,560.229504108429,-0.20282969,
1751,561.3487837314606,-0.14068629,
1752,561.6315505504608,-0.21033077,
1753,561.9144694805145,-0.21446554,
1754,562.1994791030884,-0.39319283,
1755,562.4803624153137,-0.14682887,
1756,562.7629046440125,-0.13344204,
1757,563.0468757152557,-0.21661162,
1758,563.328691482544,-0.119885944,
1759,563.6151645183563,-0.15655318,
1760,563.8986027240753,-0.12200397,
1761,564.1815631389618,-0.10893381,
1762,564.4636800289154,-0.14544614,
1763,564.7459268569946,-0.06697799,
1764,565.0307538509369,-0.14172658,
1765,565.3143095970154,-0.22988331,
1766,565.5980627536774,-0.084144264,
1767,565.8794469833374,-0.18747172,
1768,566.161482334137,-0.11868748,
1769,566.4461977481842,-0.14359382,
1770,566.7286138534546,-0.08105501,
1771,567.0141456127167,-0.20600179,
1772,567.3018176555634,-0.18466273,
1773,567.5888628959656,-0.10183882,
1774,567.8767166137695,-0.21291184,
1775,568.1607644557953,-0.051427267,
1776,569.2109262943268,-0.12983163,
1777,569.5002660751343,-0.05445355,
1778,569.7871673107147,-0.16447411,
1779,570.0760657787323,-0.27549314,
1780,570.361578464508,-0.092048824,
1781,570.6472024917603,-0.107082844,
1782,570.9335789680481,-0.11550991,
1783,571.2197878360748,-0.06863773,
1784,571.5057520866394,-0.101005375,
1785,571.7907409667969,-0.15567556,
1786,572.0768175125122,-0.14227012,
1787,572.3598387241364,-0.119441435,
1788,572.6442272663116,-0.17323558,
1789,572.9312236309052,-0.16253576,
1790,573.2160429954529,-0.17129377,
1791,573.5009624958038,-0.09886242,
1792,573.7840211391449,-0.15105356,
1793,574.0689618587494,-0.21933377,
1794,574.3554577827454,-0.2928432,
1795,574.6377596855164,-0.09599076,
1796,574.9249346256256,-0.12420809,
1797,575.2074365615845,-0.18263721,
1798,575.4937219619751,-0.10081632,
1799,575.7788290977478,-0.1499987,
1800,576.23384308815,-0.18879767,
1801,577.4373424053192,-0.17922553,
1802,577.7190761566162,-0.09121567,
1803,578.0045049190521,-0.15555522,
1804,578.289225101471,-0.09107205,
1805,578.5755624771118,-0.10654432,
1806,578.85720038414,-0.088304915,
1807,579.141294002533,-0.1896049,
1808,579.4262659549713,-0.25923508,
1809,579.7115952968597,-0.14344612,
1810,579.996997833252,-0.17526779,
1811,580.2811999320984,-0.18899423,
1812,580.5661904811859,-0.16668963,
1813,580.8552207946777,-0.085764766,
1814,581.1391177177429,-0.056516655,
1815,581.4259452819824,-0.14921284,
1816,581.7122530937195,-0.1440632,
1817,581.9968419075012,-0.06695685,
1818,582.2836146354675,-0.10978353,
1819,582.5690507888794,-0.2024496,
1820,582.8571093082428,-0.18787234,
1821,583.1406407356262,-0.12168919,
1822,583.425035238266,-0.29449183,
1823,583.7129683494568,-0.10233796,
1824,583.9972069263458,-0.11310901,
1825,584.2801606655121,-0.120208904,
1826,585.3521263599396,-0.09760088,
1827,585.6353487968445,-0.09052232,
1828,585.9208092689514,-0.07175159,
1829,586.2067196369171,-0.18423168,
1830,586.4945724010468,-0.12302978,
1831,586.7802879810333,-0.0741206,
1832,587.0673804283142,-0.08953254,
1833,587.3532249927521,-0.13348016,
1834,587.6375706195831,-0.11560781,
1835,587.9235966205597,-0.18888897,
1836,588.2072327136993,-0.16863587,
1837,588.4906032085419,-0.18282184,
1838,588.772675037384,-0.27119857,
1839,589.0556852817535,-0.12350865,
1840,589.3402857780457,-0.12511373,
1841,589.6241438388824,-0.1648717,
1842,589.9101583957672,-0.09377998,
1843,590.1922912597656,-0.044836268,
1844,590.4755856990814,-0.060333308,
1845,590.76029920578,-0.11462654,
1846,591.0442891120911,-0.08860799,
1847,591.3314735889435,-0.3078477,
1848,591.6141784191132,-0.10453615,
1849,591.8983061313629,-0.11506265,
1850,592.1780560016632,-0.038318317,
1851,593.3239426612854,-0.09549087,
1852,593.607236623764,-0.16067648,
1853,593.8931906223297,-0.117940485,
1854,594.1787781715393,-0.12459299,
1855,594.4649708271027,-0.18843547,
1856,594.7530324459076,-0.06195601,
1857,595.0383379459381,-0.12095194,
1858,595.3260374069214,-0.042833444,
1859,595.6107978820801,-0.052729733,
1860,595.8956482410431,-0.094280906,
1861,596.1840009689331,-0.08469397,
1862,596.4703588485718,-0.10558816,
1863,596.7584216594696,-0.18017015,
1864,597.0428559780121,-0.123884805,
1865,597.3291752338409,-0.0515524,
1866,597.616480588913,-0.12452111,
1867,597.9022033214569,-0.16796443,
1868,598.1912870407104,-0.14587294,
1869,598.4807648658752,-0.10322657,
1870,598.7726047039032,-0.10821474,
1871,599.0618402957916,-0.18347193,
1872,599.3537867069244,-0.23837994,
1873,599.6438481807709,-0.09712115,
1874,599.9348537921906,-0.04234179,
1875,600.2213640213013,-0.07093917,
1876,601.3102521896362,-0.074810304,
1877,601.5951063632965,-0.08529793,
1878,601.8834464550018,-0.11773051,
1879,602.1698243618011,-0.18327111,
1880,602.4573566913605,-0.15610567,
1881,602.7458252906799,-0.11218309,
1882,603.0308344364166,-0.08275157,
1883,603.3171944618225,-0.06870197,
1884,603.6035256385803,-0.13949713,
1885,603.8885753154755,-0.17268498,
1886,604.1757967472076,-0.029666673,
1887,604.4620621204376,-0.18013446,
1888,604.7488303184509,-0.15996397,
1889,605.0341346263885,-0.121209465,
1890,605.3206248283386,-0.07472504,
1891,605.6082298755646,-0.1121281,
1892,605.8932459354401,-0.06413106,
1893,606.1823616027832,-0.13950002,
1894,606.4678111076355,-0.040292002,
1895,606.7541856765747,-0.16860235,
1896,607.0405251979828,-0.15346351,
1897,607.3264901638031,-0.10626076,
1898,607.6142473220825,-0.08869901,
1899,607.9001700878143,-0.043050636,
1900,608.3513894081116,-0.054659583,
1901,609.5052363872528,-0.12566102,
1902,609.7860701084137,-0.11345572,
1903,610.0693061351776,-0.10954606,
1904,610.3546590805054,-0.14784624,
1905,610.642872095108,-0.117098935,
1906,610.9320011138916,-0.14704877,
1907,611.2191298007965,-0.09322563,
1908,611.5082714557648,-0.12110849,
1909,611.7971498966217,-0.3857066,
1910,612.0877425670624,-0.1873146,
1911,612.3764905929565,-0.06920582,
1912,612.6665501594543,-0.06693809,
1913,612.9555521011353,-0.097057424,
1914,613.2456839084625,-0.06697716,
1915,613.5334284305573,-0.055121616,
1916,613.8217923641205,-0.19699268,
1917,614.1077535152435,-0.17137448,
1918,614.3933448791504,-0.11180696,
1919,614.681809425354,-0.082362264,
1920,614.9662883281708,-0.33434415,
1921,615.2512979507446,-0.100449026,
1922,615.5370969772339,-0.1794316,
1923,615.8224124908447,-0.23241359,
1924,616.1093566417694,-0.117703125,
1925,616.3877611160278,-0.16214615,
1926,617.3253202438354,-0.06834495,
1927,617.6097552776337,-0.06435645,
1928,617.8934705257416,-0.12631887,
1929,618.1801717281342,-0.10259156,
1930,618.4637062549591,-0.10413424,
1931,618.7481641769409,-0.13726461,
1932,619.0371630191803,-0.27742723,
1933,619.3247501850128,-0.14886129,
1934,619.6115803718567,-0.12920523,
1935,619.8976922035217,-0.3320837,
1936,620.1844508647919,-0.25126225,
1937,620.471105337143,-0.13153602,
1938,620.7578737735748,-0.20643681,
1939,621.0453634262085,-0.035220202,
1940,621.3307256698608,-0.15579313,
1941,621.6176178455353,-0.04345222,
1942,621.9052476882935,-0.010977041,
1943,622.1925754547119,-0.26426515,
1944,622.4805219173431,-0.074844316,
1945,622.7658591270447,-0.3438508,
1946,623.0519731044769,-0.13190426,
1947,623.339093208313,-0.14815974,
1948,623.6242604255676,-0.087597154,
1949,623.9124083518982,-0.15585664,
1950,624.1973671913147,-0.19363457,
1951,625.2079567909241,-0.065133125,
1952,625.4916937351227,-0.08884857,
1953,625.7773070335388,-0.12100006,
1954,626.0652124881744,-0.07870637,
1955,626.3507609367371,-0.120652676,
1956,626.6370124816895,-0.07756579,
1957,626.9245538711548,-0.23078337,
1958,627.2103886604309,-0.09293625,
1959,627.499208688736,-0.06708608,
1960,627.7839105129242,-0.12582071,
1961,628.0693163871765,-0.083662,
1962,628.3585126399994,-0.24178839,
1963,628.6432104110718,-0.13516662,
1964,628.9303901195526,-0.09862692,
1965,629.2174232006073,-0.06318954,
1966,629.5048172473907,-0.083396375,
1967,629.790610074997,-0.042358924,
1968,630.079351902008,-0.03888312,
1969,630.3675053119659,-0.111167625,
1970,630.6528379917145,-0.10516293,
1971,630.939530134201,-0.13351536,
1972,631.2240614891052,-0.16227059,
1973,631.5075764656067,-0.15528777,
1974,631.7934153079987,-0.3020048,
1975,632.0753631591797,-0.07676572,
1976,633.1584796905518,-0.05419645,
1977,633.4400298595428,-0.13643774,
1978,633.7253398895264,-0.14669235,
1979,634.0088555812836,-0.13165614,
1980,634.2941336631775,-0.11109015,
1981,634.5798215866089,-0.157466,
1982,634.8648793697357,-0.33336404,
1983,635.1519777774811,-0.08829919,
1984,635.4357182979584,-0.02318751,
1985,635.7200858592987,-0.07887962,
1986,636.0049040317535,-0.061641864,
1987,636.2901947498322,-0.13676484,
1988,636.5774667263031,-0.28936195,
1989,636.8623266220093,-0.08083968,
1990,637.1478378772736,-0.108672045,
1991,637.4333112239838,-0.08962576,
1992,637.7188541889191,-0.04383838,
1993,638.0056567192078,-0.19084048,
1994,638.2920920848846,-0.19557957,
1995,638.5796658992767,-0.12314746,
1996,638.8637444972992,-0.09300796,
1997,639.1507260799408,-0.07433837,
1998,639.4366509914398,-0.09871498,
1999,639.7240104675293,-0.17973879,
2000,640.1788392066956,-0.13163602,
2001,641.2694826126099,-0.057472885,
2002,641.5569412708282,-0.06623663,
2003,641.8442001342773,-0.1321795,
2004,642.1334564685822,-0.10393052,
2005,642.4215393066406,-0.171125,
2006,642.7084336280823,-0.054466713,
2007,642.9982891082764,-0.120012544,
2008,643.2863166332245,-0.062226944,
2009,643.5764853954315,-0.17884788,
2010,643.8641631603241,-0.28021663,
2011,644.1528141498566,-0.11612695,
2012,644.4404203891754,-0.07842505,
2013,644.7276408672333,-0.09157242,
2014,645.0175564289093,-0.22594547,
2015,645.3030295372009,-0.13642907,
2016,645.5900239944458,-0.07713017,
2017,645.8772521018982,-0.07632844,
2018,646.1624119281769,-0.09820832,
2019,646.4495384693146,-0.15675066,
2020,646.7347729206085,-0.21936208,
2021,647.0176978111267,-0.08597132,
2022,647.3036677837372,-0.16974081,
2023,647.5894644260406,-0.10353945,
2024,647.8741977214813,-0.1711658,
2025,648.1577882766724,-0.14190093,
2026,649.1737105846405,-0.041200593,
2027,649.4560701847076,-0.0737917,
2028,649.7407832145691,-0.14909476,
2029,650.0253930091858,-0.07081072,
2030,650.312567949295,-0.026702441,
2031,650.5966422557831,-0.10528478,
2032,650.8811476230621,-0.13699625,
2033,651.1676449775696,-0.11991155,
2034,651.452739238739,-0.090623304,
2035,651.7386040687561,-0.13251765,
2036,652.0223522186279,-0.12090904,
2037,652.3085787296295,-0.10229117,
2038,652.5969951152802,-0.17471847,
2039,652.8802080154419,-0.05598125,
2040,653.1655495166779,-0.087467894,
2041,653.4525907039642,-0.1505503,
2042,653.737405538559,-0.08066102,
2043,654.0263657569885,-0.070365325,
2044,654.3152832984924,-0.10443755,
2045,654.6031527519226,-0.06479652,
2046,654.8943438529968,-0.08098519,
2047,655.1832020282745,-0.12798199,
2048,655.4735395908356,-0.3824609,
2049,655.7619805335999,-0.054696444,
2050,656.0490252971649,-0.083274014,
2051,657.1659235954285,-0.17770915,
2052,657.4519159793854,-0.058092184,
2053,657.7362267971039,-0.04968395,
2054,658.0217099189758,-0.16695216,
2055,658.3082151412964,-0.08242087,
2056,658.5943994522095,-0.049665052,
2057,658.878913640976,-0.100924075,
2058,659.1648967266083,-0.08062575,
2059,659.4500033855438,-0.13745028,
2060,659.7357187271118,-0.18150176,
2061,660.0226619243622,-0.10191906,
2062,660.307813167572,-0.07719731,
2063,660.5935454368591,-0.107233,
2064,660.878429889679,-0.020286987,
2065,661.1637790203094,-0.09554067,
2066,661.4512317180634,-0.21796197,
2067,661.7359137535095,-0.09851123,
2068,662.0228011608124,-0.06761448,
2069,662.3083398342133,-0.22025973,
2070,662.5920686721802,-0.08075764,
2071,662.8790316581726,-0.07261082,
2072,663.1653378009796,-0.18027447,
2073,663.4527616500854,-0.07427632,
2074,663.7378852367401,-0.07721442,
2075,664.021398305893,-0.095222205,
2076,665.128381729126,-0.06067479,
2077,665.4096446037292,-0.17849734,
2078,665.6943526268005,-0.10487956,
2079,665.9789760112762,-0.14314929,
2080,666.2651362419128,-0.08525196,
2081,666.5497982501984,-0.10662317,
2082,666.8351247310638,-0.037029766,
2083,667.1217122077942,-0.08319871,
2084,667.4080865383148,-0.22695024,
2085,667.6929695606232,-0.04305511,
2086,667.9770092964172,-0.26491448,
2087,668.2638399600983,-0.18156095,
2088,668.5511305332184,-0.16901496,
2089,668.8372271060944,-0.14051032,
2090,669.1257610321045,-0.062448144,
2091,669.4114153385162,-0.22659431,
2092,669.6978085041046,-0.10153562,
2093,669.9861721992493,-0.089818805,
2094,670.2732701301575,-0.2422626,
2095,670.5584244728088,-0.08715211,
2096,670.8453178405762,-0.13267362,
2097,671.1313490867615,-0.1749872,
2098,671.4172632694244,-0.09174834,
2099,671.7035071849823,-0.0934614,
2100,672.1618149280548,-0.07826686,
2101,673.2959017753601,-0.13207558,
2102,673.5829088687897,-0.12321895,
2103,673.8694536685944,-0.038451914,
2104,674.1579346656799,-0.11189639,
2105,674.4485468864441,-0.12831861,
2106,674.7341918945312,-0.07313377,
2107,675.0194704532623,-0.14118952,
2108,675.3080110549927,-0.10297758,
2109,675.5946707725525,-0.10752398,
2110,675.8842778205872,-0.11115545,
2111,676.1698613166809,-0.09105823,
2112,676.4558777809143,-0.0786235,
2113,676.7434296607971,-0.09130779,
2114,677.0297675132751,-0.17285202,
2115,677.3187119960785,-0.094422944,
2116,677.6061098575592,-0.093750276,
2117,677.893589258194,-0.15082863,
2118,678.1804218292236,-0.2361854,
2119,678.4677832126617,-0.06300975,
2120,678.755241394043,-0.10877992,
2121,679.0429072380066,-0.18784404,
2122,679.3313150405884,-0.16167878,
2123,679.6172904968262,-0.08682565,
2124,679.905513048172,-0.109789446,
2125,680.1902787685394,-0.076084174,
2126,681.1918454170227,-0.3187183,
2127,681.4765396118164,-0.085282594,
2128,681.7619123458862,-0.15028061,
2129,682.0469000339508,-0.31980455,
2130,682.3312745094299,-0.07883188,
2131,682.6158356666565,-0.06428616,
2132,682.9038574695587,-0.1438976,
2133,683.18638920784,-0.09948583,
2134,683.4708623886108,-0.069078475,
2135,683.7573704719543,-0.115984485,
2136,684.0434341430664,-0.106844805,
2137,684.3303337097168,-0.09705348,
2138,684.6145443916321,-0.114895806,
2139,684.9001553058624,-0.1279445,
2140,685.1835412979126,-0.14837264,
2141,685.4713001251221,-0.08865577,
2142,685.7587342262268,-0.08966309,
2143,686.0456295013428,-0.034789894,
2144,686.333300113678,-0.23327778,
2145,686.6222884654999,-0.21535142,
2146,686.9096341133118,-0.23010921,
2147,687.1973595619202,-0.314893,
2148,687.4850554466248,-0.061726328,
2149,687.7726421356201,-0.1290045,
2150,688.0583596229553,-0.08768435,
2151,689.1676752567291,-0.09076146,
2152,689.454761505127,-0.15761098,
2153,689.7426114082336,-0.04670409,
2154,690.0288395881653,-0.13739447,
2155,690.3186531066895,-0.15746814,
2156,690.6045916080475,-0.23397069,
2157,690.8922348022461,-0.31970525,
2158,691.1788182258606,-0.057191573,
2159,691.4658858776093,-0.151961,
2160,691.7536549568176,-0.14065084,
2161,692.040934085846,-0.06254943,
2162,692.3285872936249,-0.080555916,
2163,692.6158766746521,-0.08680892,
2164,692.9006218910217,-0.13950549,
2165,693.1892054080963,-0.16530219,
2166,693.4751136302948,-0.11297557,
2167,693.7612500190735,-0.18567008,
2168,694.0466704368591,-0.079488754,
2169,694.3312132358551,-0.06784882,
2170,694.6166069507599,-0.22186904,
2171,694.9003598690033,-0.124122545,
2172,695.1840312480927,-0.08553222,
2173,695.4696326255798,-0.110092565,
2174,695.7550339698792,-0.043883312,
2175,696.0376932621002,-0.103017256,
2176,697.1039545536041,-0.10793361,
2177,697.3843524456024,-0.10767375,
2178,697.665337562561,-0.32689708,
2179,697.9504888057709,-0.18307132,
2180,698.2388002872467,-0.07661227,
2181,698.5233674049377,-0.12229769,
2182,698.8092794418335,-0.061227042,
2183,699.096572637558,-0.06667757,
2184,699.3829247951508,-0.10119629,
2185,699.6685132980347,-0.05847111,
2186,699.9551122188568,-0.1276254,
2187,700.2412693500519,-0.11806451,
2188,700.5268037319183,-0.0739318,
2189,700.8137848377228,-0.12654866,
2190,701.099725484848,-0.14110519,
2191,701.3829843997955,-0.1415461,
2192,701.665372133255,-0.14388905,
2193,701.9521100521088,-0.10964671,
2194,702.2348253726959,-0.06607947,
2195,702.5167531967163,-0.05525386,
2196,702.7992050647736,-0.13174129,
2197,703.081324338913,-0.09311479,
2198,703.3655385971069,-0.16914752,
2199,703.6482453346252,-0.077834316,
2200,704.0955827236176,-0.07493527,
2201,705.157196521759,-0.21318202,
2202,705.439126253128,-0.2705637,
2203,705.7221033573151,-0.28194472,
2204,706.0060794353485,-0.1574927,
2205,706.2908058166504,-0.21068671,
2206,706.575804233551,-0.1002647,
2207,706.8609836101532,-0.18361393,
2208,707.144980430603,-0.10722642,
2209,707.4310128688812,-0.14308444,
2210,707.7153208255768,-0.12518631,
2211,707.9999129772186,-0.12566207,
2212,708.284610748291,-0.06662613,
2213,708.569242477417,-0.291402,
2214,708.8555779457092,-0.09781013,
2215,709.138573884964,-0.09036405,
2216,709.4225862026215,-0.10809091,
2217,709.7078938484192,-0.028221197,
2218,709.9931828975677,-0.091521546,
2219,710.2793102264404,-0.11726437,
2220,710.5632584095001,-0.24563377,
2221,710.8495795726776,-0.16535422,
2222,711.1351141929626,-0.13616213,
2223,711.420018196106,-0.11718757,
2224,711.7070031166077,-0.14538553,
2225,711.9900326728821,-0.13207294,
2226,713.0319399833679,-0.07631008,
2227,713.3169622421265,-0.19841906,
2228,713.6028306484222,-0.23495868,
2229,713.892017364502,-0.16119428,
2230,714.1787269115448,-0.07889988,
2231,714.4634435176849,-0.06680338,
2232,714.7506515979767,-0.11271626,
2233,715.0362093448639,-0.108016446,
2234,715.3237228393555,-0.08920521,
2235,715.6117830276489,-0.09266016,
2236,715.8979954719543,-0.08141726,
2237,716.1841540336609,-0.12938222,
2238,716.4698185920715,-0.09811333,
2239,716.7558176517487,-0.08856391,
2240,717.0418691635132,-0.24938074,
2241,717.3297028541565,-0.09501928,
2242,717.6138124465942,-0.034904256,
2243,717.8983838558197,-0.07403746,
2244,718.1836621761322,-0.21059279,
2245,718.4697775840759,-0.23282379,
2246,718.7539496421814,-0.08570863,
2247,719.0401303768158,-0.16980359,
2248,719.3253881931305,-0.11936329,
2249,719.6122326850891,-0.073357865,
2250,719.8921165466309,-0.19063236,
2251,721.034916639328,-0.18269086,
2252,721.3168375492096,-0.07102713,
2253,721.6012818813324,-0.19382143,
2254,721.8860714435577,-0.26078773,
2255,722.1700482368469,-0.08011244,
2256,722.4556543827057,-0.0462174,
2257,722.7402322292328,-0.3239126,
2258,723.0265395641327,-0.035163056,
2259,723.3095936775208,-0.041834705,
2260,723.5929729938507,-0.047650713,
2261,723.8789412975311,-0.18640876,
2262,724.1636054515839,-0.072999135,
2263,724.4500336647034,-0.08789807,
2264,724.7319135665894,-0.0874151,
2265,725.0160639286041,-0.08518663,
2266,725.3019163608551,-0.15970048,
2267,725.5867948532104,-0.11624725,
2268,725.872786283493,-0.036271654,
2269,726.1564474105835,-0.313913,
2270,726.440770149231,-0.12276246,
2271,726.7282235622406,-0.08086997,
2272,727.011988401413,-0.12620836,
2273,727.2973766326904,-0.121750996,
2274,727.5813944339752,-0.11659201,
2275,727.8621037006378,-0.056376375,
2276,729.0167062282562,-0.08883052,
2277,729.3025135993958,-0.16371037,
2278,729.5908672809601,-0.031270936,
2279,729.8789551258087,-0.19224125,
2280,730.1672775745392,-0.15634273,
2281,730.4546926021576,-0.091859244,
2282,730.7402579784393,-0.1175843,
2283,731.0287487506866,-0.09061275,
2284,731.3149890899658,-0.16056222,
2285,731.60191822052,-0.104251966,
2286,731.8899779319763,-0.15490428,
2287,732.1771054267883,-0.2894004,
2288,732.4656565189362,-0.12271747,
2289,732.7522687911987,-0.076618165,
2290,733.0373823642731,-0.063367754,
2291,733.3265159130096,-0.104888976,
2292,733.6113750934601,-0.094812445,
2293,733.8972783088684,-0.21584909,
2294,734.1825933456421,-0.13607182,
2295,734.4691634178162,-0.30129516,
2296,734.7550044059753,-0.11853841,
2297,735.0400667190552,-0.1019788,
2298,735.3262040615082,-0.11663708,
2299,735.6101250648499,-0.13287315,
2300,736.0656106472015,-0.015984055,
2301,737.0981698036194,-0.15165466,
2302,737.3838245868683,-0.109340444,
2303,737.6682107448578,-0.16662475,
2304,737.9525289535522,-0.2308978,
2305,738.2368383407593,-0.123078845,
2306,738.5209696292877,-0.08210095,
2307,738.8062400817871,-0.076876715,
2308,739.0927700996399,-0.11598232,
2309,739.3761284351349,-0.103441745,
2310,739.6618506908417,-0.28875098,
2311,739.944926738739,-0.10953355,
2312,740.2290053367615,-0.08216788,
2313,740.5147590637207,-0.07466318,
2314,740.8004715442657,-0.068181634,
2315,741.0846376419067,-0.13425598,
2316,741.3708012104034,-0.11612888,
2317,741.6574387550354,-0.096297376,
2318,741.9466841220856,-0.1481925,
2319,742.2332546710968,-0.17278203,
2320,742.5217454433441,-0.09040983,
2321,742.8096168041229,-0.07075918,
2322,743.0957624912262,-0.06538682,
2323,743.3846011161804,-0.05794688,
2324,743.6716482639313,-0.071050964,
2325,743.9561409950256,-0.061563507,
2326,745.1162476539612,-0.12306766,
2327,745.4024200439453,-0.17085437,
2328,745.6885788440704,-0.10989698,
2329,745.9726150035858,-0.24835035,
2330,746.2592244148254,-0.17965856,
2331,746.5460524559021,-0.09283103,
2332,746.8298127651215,-0.09318107,
2333,747.1162233352661,-0.035169434,
2334,747.4015243053436,-0.08425596,
2335,747.6873614788055,-0.1004004,
2336,747.9726810455322,-0.118397996,
2337,748.2585964202881,-0.1389817,
2338,748.544647693634,-0.1324993,
2339,748.8291809558868,-0.12878525,
2340,749.1155769824982,-0.12981482,
2341,749.4028658866882,-0.2218377,
2342,749.6879425048828,-0.0538468,
2343,749.9729378223419,-0.16017944,
2344,750.2605364322662,-0.07977012,
2345,750.5461030006409,-0.10741794,
2346,750.8313775062561,-0.43457904,
2347,751.1175138950348,-0.03374231,
2348,751.403501033783,-0.074790455,
2349,751.6877641677856,-0.15797237,
2350,751.9716696739197,-0.10514667,
2351,753.0109219551086,-0.07316327,
2352,753.2948753833771,-0.075242594,
2353,753.5819780826569,-0.11241901,
2354,753.8653364181519,-0.16265886,
2355,754.1493906974792,-0.122883394,
2356,754.4349939823151,-0.12666894,
2357,754.7205858230591,-0.14527461,
2358,755.0058064460754,-0.21744424,
2359,755.2913200855255,-0.12165468,
2360,755.5796129703522,-0.21444687,
2361,755.8665981292725,-0.22135031,
2362,756.1516466140747,-0.11179386,
2363,756.4378499984741,-0.16733707,
2364,756.7231783866882,-0.07332489,
2365,757.0081226825714,-0.075595334,
2366,757.2957334518433,-0.18686809,
2367,757.5815386772156,-0.042981975,
2368,757.8679168224335,-0.072086364,
2369,758.1545572280884,-0.17187157,
2370,758.4419982433319,-0.18254644,
2371,758.7272598743439,-0.13180515,
2372,759.0139343738556,-0.2209744,
2373,759.302577495575,-0.21835999,
2374,759.5871214866638,-0.1565595,
2375,759.8668746948242,-0.09256151,
2376,760.9808950424194,-0.11832532,
2377,761.2622277736664,-0.21467721,
2378,761.5452802181244,-0.31094772,
2379,761.8292298316956,-0.09010971,
2380,762.1161935329437,-0.2950738,
2381,762.3998160362244,-0.09280448,
2382,762.6852872371674,-0.14720014,
2383,762.9708187580109,-0.09456784,
2384,763.254921913147,-0.05082523,
2385,763.5403778553009,-0.21125823,
2386,763.8244111537933,-0.09321818,
2387,764.1094014644623,-0.095979005,
2388,764.3928050994873,-0.13817544,
2389,764.6772587299347,-0.028162314,
2390,764.9637274742126,-0.112124324,
2391,765.2479500770569,-0.1481328,
2392,765.5350642204285,-0.12567595,
2393,765.8190240859985,-0.023309838,
2394,766.1047260761261,-0.055796593,
2395,766.3889236450195,-0.048350897,
2396,766.6738390922546,-0.045672663,
2397,766.9596982002258,-0.21856508,
2398,767.2440145015717,-0.041245107,
2399,767.5315608978271,-0.07614316,
2400,767.9766545295715,-0.10169861,
2401,769.2085819244385,-0.11572804,
2402,769.4917900562286,-0.11718942,
2403,769.7736256122589,-0.07329247,
2404,770.054995059967,-0.20889133,
2405,770.3387203216553,-0.22176914,
2406,770.6259324550629,-0.07197356,
2407,770.9137046337128,-0.078444414,
2408,771.2002596855164,-0.066138946,
2409,771.4862303733826,-0.11057445,
2410,771.7746322154999,-0.29223615,
2411,772.062121629715,-0.18994647,
2412,772.3474216461182,-0.05170206,
2413,772.6351594924927,-0.07023615,
2414,772.92254114151,-0.13687557,
2415,773.209730386734,-0.06702334,
2416,773.4974308013916,-0.07334808,
2417,773.7849793434143,-0.07710488,
2418,774.0714776515961,-0.17739119,
2419,774.3556830883026,-0.06656284,
2420,774.6412951946259,-0.13329028,
2421,774.9252178668976,-0.24347581,
2422,775.2092859745026,-0.19751087,
2423,775.4930853843689,-0.08917039,
2424,775.7746844291687,-0.11640967,
2425,776.0578594207764,-0.05493454,
2426,777.1957609653473,-0.15922193,
2427,777.4780650138855,-0.033072148,
2428,777.760270357132,-0.06469269,
2429,778.0436418056488,-0.07283014,
2430,778.3264627456665,-0.11642107,
2431,778.6102268695831,-0.13175438,
2432,778.8947353363037,-0.1087504,
2433,779.1771337985992,-0.07619224,
2434,779.4612205028534,-0.16104329,
2435,779.7429542541504,-0.1462748,
2436,780.0272002220154,-0.17414576,
2437,780.3114368915558,-0.13122168,
2438,780.592720746994,-0.24839352,
2439,780.8788900375366,-0.106948376,
2440,781.160847902298,-0.09263212,
2441,781.4441957473755,-0.10709642,
2442,781.7286376953125,-0.032471634,
2443,782.0117545127869,-0.016263342,
2444,782.295814037323,-0.13350117,
2445,782.5793569087982,-0.14069311,
2446,782.8630194664001,-0.19634956,
2447,783.1457562446594,-0.0891237,
2448,783.435051202774,-0.14406057,
2449,783.7219326496124,-0.06925075,
2450,784.0082266330719,-0.091569304,
2451,785.0679862499237,-0.15761486,
2452,785.3536195755005,-0.025963059,
2453,785.6393582820892,-0.064736575,
2454,785.9265513420105,-0.1613527,
2455,786.2134292125702,-0.17033404,
2456,786.4988870620728,-0.023039643,
2457,786.7834429740906,-0.19957662,
2458,787.068835735321,-0.12122491,
2459,787.3529915809631,-0.058102302,
2460,787.6375925540924,-0.09950369,
2461,787.919126033783,-0.20196582,
2462,788.2025465965271,-0.10002333,
2463,788.4856607913971,-0.15600185,
2464,788.7699534893036,-0.10935988,
2465,789.0518548488617,-0.11161335,
2466,789.3358390331268,-0.13839519,
2467,789.6175935268402,-0.046169836,
2468,789.9007482528687,-0.12767217,
2469,790.186235666275,-0.150466,
2470,790.4684147834778,-0.14240715,
2471,790.7534613609314,-0.12111276,
2472,791.0333023071289,-0.21306266,
2473,791.317540884018,-0.1041905,
2474,791.6011340618134,-0.09799335,
2475,791.8810839653015,-0.0903177,
2476,792.8470315933228,-0.07698686,
2477,793.128956079483,-0.048278008,
2478,793.4121794700623,-0.08631271,
2479,793.6960139274597,-0.17233118,
2480,793.9788694381714,-0.059542987,
2481,794.2655975818634,-0.19248487,
2482,794.5492296218872,-0.051942375,
2483,794.8324971199036,-0.120749295,
2484,795.1154103279114,-0.09022533,
2485,795.399542093277,-0.11279088,
2486,795.6863420009613,-0.10703695,
2487,795.9712603092194,-0.051138617,
2488,796.2558271884918,-0.07456446,
2489,796.5402297973633,-0.102508366,
2490,796.8254761695862,-0.072123796,
2491,797.1123006343842,-0.10000528,
2492,797.3980572223663,-0.0976513,
2493,797.684855222702,-0.19025019,
2494,797.9709756374359,-0.27532533,
2495,798.2574324607849,-0.12680762,
2496,798.5458886623383,-0.11748608,
2497,798.8322548866272,-0.16298532,
2498,799.1155104637146,-0.08006792,
2499,799.4021627902985,-0.05119229,
2500,799.8581962585449,-0.08441363,
2501,800.8743155002594,-0.14697313,
2502,801.1584854125977,-0.083111376,
2503,801.4475240707397,-0.06409235,
2504,801.7297215461731,-0.15256871,
2505,802.012686252594,-0.1592794,
2506,802.2986631393433,-0.07952061,
2507,802.5831835269928,-0.15569577,
2508,802.8693797588348,-0.1260046,
2509,803.152664899826,-0.13047047,
2510,803.4359698295593,-0.155333,
2511,803.7197458744049,-0.05696633,
2512,804.0048084259033,-0.06490418,
2513,804.2896003723145,-0.10854721,
2514,804.5728964805603,-0.13803065,
2515,804.8569586277008,-0.093502395,
2516,805.1416041851044,-0.039697766,
2517,805.4254312515259,-0.0479483,
2518,805.7109446525574,-0.15719627,
2519,805.99431848526,-0.17108318,
2520,806.2816860675812,-0.101826616,
2521,806.5643677711487,-0.13049743,
2522,806.8480412960052,-0.12251291,
2523,807.1316523551941,-0.051266663,
2524,807.4158880710602,-0.029009195,
2525,807.7000894546509,-0.16530909,
2526,808.7339587211609,-0.11271833,
2527,809.0178451538086,-0.328675,
2528,809.299741268158,-0.11743948,
2529,809.5846810340881,-0.14173101,
2530,809.8692469596863,-0.07050501,
2531,810.1519486904144,-0.092285484,
2532,810.4384860992432,-0.04156702,
2533,810.72376704216,-0.077176854,
2534,811.007355928421,-0.042250004,
2535,811.2942006587982,-0.056854054,
2536,811.5780045986176,-0.18413292,
2537,811.8635544776917,-0.043486733,
2538,812.1462118625641,-0.0765794,
2539,812.4327521324158,-0.12459107,
2540,812.723078250885,-0.07037498,
2541,813.0114455223083,-0.15845412,
2542,813.3001713752747,-0.059606377,
2543,813.5884943008423,-0.12617643,
2544,813.8763902187347,-0.1332795,
2545,814.1662142276764,-0.09705576,
2546,814.4544072151184,-0.026368445,
2547,814.7447173595428,-0.05862154,
2548,815.0334343910217,-0.10375351,
2549,815.322553396225,-0.016066471,
2550,815.6071028709412,-0.2216745,
2551,816.7265312671661,-0.15281042,
2552,817.0092346668243,-0.04205478,
2553,817.2917327880859,-0.065134674,
2554,817.5747003555298,-0.12891513,
2555,817.8608062267303,-0.08504596,
2556,818.1430048942566,-0.053049732,
2557,818.4282717704773,-0.11913251,
2558,818.7109179496765,-0.043546915,
2559,818.9953174591064,-0.11288562,
2560,819.2812941074371,-0.14894265,
2561,819.5646820068359,-0.19084175,
2562,819.8496518135071,-0.108070105,
2563,820.1332838535309,-0.1554931,
2564,820.4179999828339,-0.06318327,
2565,820.7012529373169,-0.06274688,
2566,820.9842238426208,-0.10926848,
2567,821.271032333374,-0.11609474,
2568,821.5545520782471,-0.05868153,
2569,821.8389503955841,-0.039476313,
2570,822.1224374771118,-0.30302376,
2571,822.4052910804749,-0.10223207,
2572,822.6904706954956,-0.20065178,
2573,822.9744985103607,-0.07980682,
2574,823.2596719264984,-0.05317255,
2575,823.5366795063019,-0.084378436,
2576,824.6140944957733,-0.015607121,
2577,824.8964855670929,-0.1113611,
2578,825.1817877292633,-0.10177438,
2579,825.4695947170258,-0.064282045,
2580,825.7585453987122,-0.23880902,
2581,826.0458097457886,-0.05782646,
2582,826.332733631134,-0.10370641,
2583,826.6211864948273,-0.077637434,
2584,826.9094412326813,-0.20558643,
2585,827.1979868412018,-0.13238914,
2586,827.4857354164124,-0.10418936,
2587,827.7741463184357,-0.10439007,
2588,828.0606827735901,-0.051762488,
2589,828.3480145931244,-0.03330827,
2590,828.6344468593597,-0.1461063,
2591,828.9192433357239,-0.0898865,
2592,829.2051386833191,-0.11224805,
2593,829.4910244941711,-0.17306569,
2594,829.7764782905579,-0.16555628,
2595,830.0579798221588,-0.14709583,
2596,830.3429455757141,-0.103241384,
2597,830.6268310546875,-0.12234209,
2598,830.9106440544128,-0.05766456,
2599,831.1971480846405,-0.17982757,
2600,831.6420094966888,-0.22621837,
2601,832.8555767536163,-0.16560704,
2602,833.1358394622803,-0.10700595,
2603,833.4161870479584,-0.15240638,
2604,833.6980781555176,-0.08703637,
2605,833.9832904338837,-0.09372173,
2606,834.267338514328,-0.08130907,
2607,834.553751707077,-0.062408898,
2608,834.8371074199677,-0.08432288,
2609,835.1221661567688,-0.05053594,
2610,835.4081220626831,-0.11297828,
2611,835.6935756206512,-0.12521358,
2612,835.9786174297333,-0.24488427,
2613,836.2630996704102,-0.12915197,
2614,836.5471868515015,-0.053713605,
2615,836.8348469734192,-0.11464849,
2616,837.1184706687927,-0.21423906,
2617,837.4041841030121,-0.12201147,
2618,837.6887192726135,-0.08439544,
2619,837.9748713970184,-0.062991574,
2620,838.2603144645691,-0.12859797,
2621,838.5459685325623,-0.29339507,
2622,838.8333899974823,-0.13645422,
2623,839.1183972358704,-0.028865814,
2624,839.4050536155701,-0.12026495,
2625,839.6880941390991,-0.030723969,
2626,840.8080296516418,-0.058496274,
2627,841.0941982269287,-0.16108723,
2628,841.3797163963318,-0.20378996,
2629,841.6632947921753,-0.111096315,
2630,841.9496631622314,-0.087253585,
2631,842.2363328933716,-0.07135931,
2632,842.5218985080719,-0.103313625,
2633,842.8095598220825,-0.09493817,
2634,843.095606803894,-0.070511326,
2635,843.3804574012756,-0.1615359,
2636,843.6664569377899,-0.10932555,
2637,843.9529016017914,-0.18533675,
2638,844.239265203476,-0.11382313,
2639,844.527307510376,-0.03041888,
2640,844.8146507740021,-0.1681544,
2641,845.1004903316498,-0.06903343,
2642,845.3874871730804,-0.11973852,
2643,845.6704986095428,-0.12911302,
2644,845.9530875682831,-0.07182801,
2645,846.2361443042755,-0.19529058,
2646,846.5211095809937,-0.113619655,
2647,846.8046033382416,-0.0976787,
2648,847.0887863636017,-0.17408931,
2649,847.3736917972565,-0.06951783,
2650,847.6533317565918,-0.091268785,
2651,848.6512861251831,-0.23469444,
2652,848.9321501255035,-0.02563234,
2653,849.2161931991577,-0.1279352,
2654,849.4997653961182,-0.16775045,
2655,849.784063577652,-0.013665792,
2656,850.0711796283722,-0.053361155,
2657,850.3541615009308,-0.08039671,
2658,850.639895439148,-0.066334754,
2659,850.9223656654358,-0.13869804,
2660,851.2073876857758,-0.0481957,
2661,851.4951603412628,-0.13593388,
2662,851.7785124778748,-0.16296771,
2663,852.0657184123993,-0.11802226,
2664,852.3494243621826,-0.08056795,
2665,852.6339151859283,-0.16422293,
2666,852.9169845581055,-0.06740529,
2667,853.2000548839569,-0.10110761,
2668,853.4870772361755,-0.09570444,
2669,853.7711884975433,-0.1217369,
2670,854.0571157932281,-0.12366355,
2671,854.3403952121735,-0.03721592,
2672,854.6252627372742,-0.098303154,
2673,854.9100303649902,-0.13443238,
2674,855.1935839653015,-0.080363,
2675,855.4762780666351,-0.051413823,
2676,856.5050799846649,-0.015444655,
2677,856.7922036647797,-0.23789094,
2678,857.0798416137695,-0.11115275,
2679,857.3698363304138,-0.07903831,
2680,857.6578977108002,-0.11992103,
2681,857.9469721317291,-0.0676705,
2682,858.2346439361572,-0.1720208,
2683,858.523282289505,-0.09865622,
2684,858.8124530315399,-0.05711329,
2685,859.1012065410614,-0.06576406,
2686,859.3918061256409,-0.07017276,
2687,859.680276632309,-0.10984577,
2688,859.969123840332,-0.12761167,
2689,860.2564282417297,-0.04229273,
2690,860.5435192584991,-0.0690576,
2691,860.8335962295532,-0.028299168,
2692,861.1190156936646,-0.084911466,
2693,861.4075667858124,-0.09695663,
2694,861.6946499347687,-0.024556847,
2695,861.9803326129913,-0.09516403,
2696,862.2701759338379,-0.15366183,
2697,862.5556988716125,-0.082702704,
2698,862.8436770439148,-0.047705576,
2699,863.1313872337341,-0.140307,
2700,863.5882835388184,-0.11455655,
2701,864.6813464164734,-0.09377473,
2702,864.9671058654785,-0.16344202,
2703,865.2533946037292,-0.08900487,
2704,865.5404217243195,-0.051309317,
2705,865.8279693126678,-0.17080863,
2706,866.1137256622314,-0.073575564,
2707,866.3993892669678,-0.0448552,
2708,866.687385559082,-0.08202571,
2709,866.9734463691711,-0.1595881,
2710,867.2616109848022,-0.10409218,
2711,867.5471303462982,-0.02029358,
2712,867.8337509632111,-0.05441211,
2713,868.1214830875397,-0.07183342,
2714,868.4084770679474,-0.046086468,
2715,868.6976082324982,-0.08879649,
2716,868.9892971515656,-0.062623024,
2717,869.2785089015961,-0.052454755,
2718,869.569920539856,-0.11590788,
2719,869.8594002723694,-0.11175889,
2720,870.1502606868744,-0.075401984,
2721,870.4389712810516,-0.14506239,
2722,870.729514837265,-0.12177724,
2723,871.0183389186859,-0.100403845,
2724,871.3080363273621,-0.08159187,
2725,871.5931913852692,-0.06899995,
2726,872.781487941742,-0.06140276,
2727,873.0655145645142,-0.10928312,
2728,873.3520195484161,-0.09083976,
2729,873.6382668018341,-0.1268342,
2730,873.9264326095581,-0.07717349,
2731,874.2112407684326,-0.013365636,
2732,874.4972233772278,-0.093334384,
2733,874.7871952056885,-0.041515738,
2734,875.0748436450958,-0.092385925,
2735,875.3624584674835,-0.08212206,
2736,875.6487257480621,-0.1576299,
2737,875.9335317611694,-0.05314011,
2738,876.2235636711121,-0.07010432,
2739,876.5103962421417,-0.20481236,
2740,876.7991626262665,-0.092577174,
2741,877.0851013660431,-0.21122257,
2742,877.37122631073,-0.106818944,
2743,877.6599049568176,-0.1261237,
2744,877.9458649158478,-0.288346,
2745,878.2332694530487,-0.014894427,
2746,878.5222606658936,-0.07357964,
2747,878.8080997467041,-0.049431458,
2748,879.0955293178558,-0.2783318,
2749,879.3834538459778,-0.06738713,
2750,879.6673576831818,-0.06422608,
2751,880.8341639041901,-0.21620575,
2752,881.1190061569214,-0.06460565,
2753,881.4019114971161,-0.10105631,
2754,881.6864566802979,-0.008933507,
2755,881.9702095985413,-0.06691012,
2756,882.2561783790588,-0.070278995,
2757,882.5437519550323,-0.14732385,
2758,882.8301041126251,-0.057421282,
2759,883.1163020133972,-0.02725686,
2760,883.4036054611206,-0.06411785,
2761,883.6924562454224,-0.1191733,
2762,883.9805715084076,-0.20758416,
2763,884.2642252445221,-0.085784845,
2764,884.55077958107,-0.04010286,
2765,884.8375670909882,-0.02911934,
2766,885.1227493286133,-0.090174325,
2767,885.4111053943634,-0.09764797,
2768,885.6986382007599,-0.07063067,
2769,885.9846720695496,-0.1347681,
2770,886.2704389095306,-0.06370356,
2771,886.5560722351074,-0.08567016,
2772,886.8432531356812,-0.058131754,
2773,887.1295289993286,-0.09771533,
2774,887.4171121120453,-0.09452447,
2775,887.7008967399597,-0.07373845,
2776,888.8420281410217,-0.13152464,
2777,889.1256983280182,-0.16121316,
2778,889.409440279007,-0.055943236,
2779,889.6962671279907,-0.20477797,
2780,889.9802360534668,-0.06027416,
2781,890.2642984390259,-0.011921147,
2782,890.5475342273712,-0.04380584,
2783,890.8331415653229,-0.047057986,
2784,891.1194529533386,-0.1393948,
2785,891.4038667678833,-0.1258431,
2786,891.6893625259399,-0.10469684,
2787,891.9764430522919,-0.06606688,
2788,892.2627062797546,-0.11442466,
2789,892.5502502918243,-0.11187467,
2790,892.8367264270782,-0.017178161,
2791,893.1219563484192,-0.051287904,
2792,893.405341386795,-0.09518279,
2793,893.6893360614777,-0.04466978,
2794,893.9768495559692,-0.04641735,
2795,894.260311126709,-0.010508819,
2796,894.5470225811005,-0.061651476,
2797,894.8344810009003,-0.11612498,
2798,895.1202127933502,-0.051594153,
2799,895.4061236381531,-0.070747554,
2800,895.8618688583374,-0.067421496,
2801,896.9416534900665,-0.12613674,
2802,897.2245209217072,-0.18566096,
2803,897.5089437961578,-0.10700153,
2804,897.7936143875122,-0.128088,
2805,898.0812368392944,-0.041904144,
2806,898.3669848442078,-0.054864272,
2807,898.6561224460602,-0.2841937,
2808,898.9441931247711,-0.10885152,
2809,899.231926202774,-0.0804525,
2810,899.5193130970001,-0.102724515,
2811,899.8062407970428,-0.1424599,
2812,900.0939807891846,-0.05386208,
2813,900.381133556366,-0.08668569,
2814,900.6674036979675,-0.11742431,
2815,900.9554748535156,-0.03711751,
2816,901.2424294948578,-0.063621685,
2817,901.528706073761,-0.11471404,
2818,901.8179647922516,-0.17220885,
2819,902.1024208068848,-0.07593323,
2820,902.3879888057709,-0.16126055,
2821,902.6747522354126,-0.121760264,
2822,902.9584701061249,-0.19724189,
2823,903.2438244819641,-0.04025722,
2824,903.5270628929138,-0.090288974,
2825,903.8090536594391,-0.047615122,
2826,904.9226734638214,-0.17385915,
2827,905.2076027393341,-0.0575985,
2828,905.4958438873291,-0.08010981,
2829,905.7853338718414,-0.010799541,
2830,906.0757474899292,-0.031656537,
2831,906.3625409603119,-0.07476977,
2832,906.6517870426178,-0.079551816,
2833,906.939658164978,-0.16602264,
2834,907.2244355678558,-0.039578192,
2835,907.5131931304932,-0.13502184,
2836,907.7967658042908,-0.19524628,
2837,908.0821657180786,-0.11500611,
2838,908.3684160709381,-0.08337438,
2839,908.653840303421,-0.026453428,
2840,908.9421715736389,-0.15249248,
2841,909.2265100479126,-0.011657253,
2842,909.5138714313507,-0.027256727,
2843,909.8000271320343,-0.08277118,
2844,910.0863754749298,-0.09644361,
2845,910.3736267089844,-0.17061444,
2846,910.6584796905518,-0.11076832,
2847,910.9442527294159,-0.06352408,
2848,911.2356638908386,-0.07228631,
2849,911.5246646404266,-0.07592511,
2850,911.8121297359467,-0.092277,
2851,913.0422916412354,-0.07952892,
2852,913.3289668560028,-0.030123398,
2853,913.6137697696686,-0.11702446,
2854,913.8997206687927,-0.11386171,
2855,914.1856777667999,-0.22992244,
2856,914.4725461006165,-0.07745896,
2857,914.757978439331,-0.059285164,
2858,915.0426487922668,-0.04419398,
2859,915.3310179710388,-0.06313744,
2860,915.6161844730377,-0.072966024,
2861,915.901579618454,-0.05250067,
2862,916.1880362033844,-0.14303526,
2863,916.4724063873291,-0.05831863,
2864,916.7575070858002,-0.018661814,
2865,917.0436682701111,-0.092399254,
2866,917.3253812789917,-0.1401474,
2867,917.609631061554,-0.03431566,
2868,917.8939166069031,-0.061394442,
2869,918.1777606010437,-0.086171515,
2870,918.4634237289429,-0.050444685,
2871,918.7477810382843,-0.056392,
2872,919.0322618484497,-0.06227903,
2873,919.3167169094086,-0.13348499,
2874,919.602224111557,-0.07956821,
2875,919.8861975669861,-0.16283438,
2876,921.0299909114838,-0.06351867,
2877,921.3149945735931,-0.045837283,
2878,921.5991804599762,-0.057016443,
2879,921.8843972682953,-0.061970726,
2880,922.1700081825256,-0.058071874,
2881,922.4561252593994,-0.03128881,
2882,922.7441673278809,-0.17022847,
2883,923.0293018817902,-0.03514753,
2884,923.3158206939697,-0.1038143,
2885,923.6005463600159,-0.08772071,
2886,923.8864591121674,-0.06251193,
2887,924.172981262207,-0.20830488,
2888,924.4577548503876,-0.1676935,
2889,924.742582321167,-0.15806718,
2890,925.0299184322357,-0.039170716,
2891,925.3172974586487,-0.052018225,
2892,925.6062338352203,-0.10863301,
2893,925.893705368042,-0.04639878,
2894,926.1807055473328,-0.04864265,
2895,926.4703969955444,-0.09104687,
2896,926.7583656311035,-0.05137729,
2897,927.0481624603271,-0.0641792,
2898,927.3351724147797,-0.065450944,
2899,927.6227548122406,-0.018372152,
2900,928.08105635643,-0.033054195,
2901,929.1458649635315,-0.084506884,
2902,929.4256391525269,-0.17694153,
2903,929.7068655490875,-0.3116694,
2904,929.9878332614899,-0.22621533,
2905,930.272732257843,-0.13389882,
2906,930.5553226470947,-0.13000652,
2907,930.840654373169,-0.115277655,
2908,931.1261029243469,-0.034741238,
2909,931.4107229709625,-0.112776816,
2910,931.694447517395,-0.08306159,
2911,931.9772305488586,-0.085336946,
2912,932.2634987831116,-0.028333986,
2913,932.5451028347015,-0.26973528,
2914,932.8271472454071,-0.044197153,
2915,933.1107707023621,-0.047102798,
2916,933.3928606510162,-0.010938988,
2917,933.6781039237976,-0.0859704,
2918,933.9611604213715,-0.035975788,
2919,934.2446777820587,-0.039376803,
2920,934.526079416275,-0.080709584,
2921,934.8088726997375,-0.07892783,
2922,935.0928285121918,-0.08824489,
2923,935.3768930435181,-0.052847926,
2924,935.6633734703064,-0.18541877,
2925,935.9422051906586,-0.10287082,
2926,936.9963800907135,-0.07359034,
2927,937.2816941738129,-0.21835485,
2928,937.56658411026,-0.028498337,
2929,937.853857755661,-0.1338857,
2930,938.140549659729,-0.05218628,
2931,938.4262218475342,-0.12959331,
2932,938.7113935947418,-0.087175734,
2933,938.9974629878998,-0.06056121,
2934,939.284108877182,-0.069303334,
2935,939.5712101459503,-0.06322561,
2936,939.8580267429352,-0.1288355,
2937,940.146856546402,-0.10793661,
2938,940.4333181381226,-0.055798154,
2939,940.7213704586029,-0.049887568,
2940,941.0085327625275,-0.119389206,
2941,941.2950556278229,-0.23775522,
2942,941.5834589004517,-0.09738158,
2943,941.8699946403503,-0.047261246,
2944,942.1571898460388,-0.112028174,
2945,942.445722579956,-0.061036155,
2946,942.7323050498962,-0.04627751,
2947,943.0191614627838,-0.025026722,
2948,943.3045542240143,-0.16117156,
2949,943.5896475315094,-0.06827372,
2950,943.8720197677612,-0.058608152,
2951,944.9869184494019,-0.087294735,
2952,945.2708303928375,-0.1316624,
2953,945.5557222366333,-0.17261197,
2954,945.8410618305206,-0.05447954,
2955,946.1237170696259,-0.058024414,
2956,946.4080255031586,-0.12540315,
2957,946.6944088935852,-0.057794616,
2958,946.9803791046143,-0.08792201,
2959,947.2639544010162,-0.07772725,
2960,947.5462322235107,-0.05704706,
2961,947.8303663730621,-0.029567014,
2962,948.1169483661652,-0.08592638,
2963,948.4027118682861,-0.064654365,
2964,948.6873326301575,-0.10095378,
2965,948.9707109928131,-0.09272328,
2966,949.2539825439453,-0.08602168,
2967,949.5400273799896,-0.11161611,
2968,949.8217928409576,-0.12173949,
2969,950.1065158843994,-0.03519869,
2970,950.3887009620667,-0.14182909,
2971,950.6713578701019,-0.07160534,
2972,950.9577722549438,-0.067346066,
2973,951.2402355670929,-0.022866279,
2974,951.5263693332672,-0.058004484,
2975,951.807265996933,-0.1407708,
2976,952.9801723957062,-0.08335321,
2977,953.2645099163055,-0.09695483,
2978,953.550999879837,-0.02739638,
2979,953.8399114608765,-0.06522381,
2980,954.126959323883,-0.0068863807,
2981,954.4156227111816,-0.0886939,
2982,954.7027513980865,-0.15645033,
2983,954.9904296398163,-0.01541596,
2984,955.2765090465546,-0.1508079,
2985,955.5610795021057,-0.06895994,
2986,955.8489599227905,-0.10477345,
2987,956.1349587440491,-0.013239825,
2988,956.4189848899841,-0.11411315,
2989,956.7029604911804,-0.041596733,
2990,956.9861540794373,-0.11727243,
2991,957.2732393741608,-0.034402564,
2992,957.5566272735596,-0.08040463,
2993,957.8409307003021,-0.088687174,
2994,958.1238956451416,-0.15641521,
2995,958.4070811271667,-0.07387601,
2996,958.6936085224152,-0.040693134,
2997,958.9774131774902,-0.046032712,
2998,959.2624115943909,-0.13166389,
2999,959.5447268486023,-0.056164462,
3000,959.99769282341,-0.04270978,
3001,961.0323312282562,-0.06751869,
3002,961.3157081604004,-0.11243092,
3003,961.598846912384,-0.13818373,
3004,961.8838295936584,-0.03832036,
3005,962.1697714328766,-0.038563296,
3006,962.454375743866,-0.079726234,
3007,962.7392339706421,-0.098365605,
3008,963.023115158081,-0.10382685,
3009,963.3074221611023,-0.09858804,
3010,963.5947260856628,-0.08497046,
3011,963.8789036273956,-0.1071236,
3012,964.1644816398621,-0.15849379,
3013,964.4489977359772,-0.08117379,
3014,964.7340123653412,-0.02556825,
3015,965.0183546543121,-0.027069218,
3016,965.3028564453125,-0.06181386,
3017,965.591598033905,-0.01170339,
3018,965.8749849796295,-0.022382405,
3019,966.1601822376251,-0.04979775,
3020,966.4468793869019,-0.07993272,
3021,966.734283208847,-0.0145785315,
3022,967.0204181671143,-0.10817901,
3023,967.3065044879913,-0.1382952,
3024,967.5929803848267,-0.052580643,
3025,967.8760802745819,-0.14875154,
3026,968.9815127849579,-0.04097452,
3027,969.2658689022064,-0.104128025,
3028,969.5531949996948,-0.022635028,
3029,969.8373680114746,-0.047547348,
3030,970.1225037574768,-0.0422839,
3031,970.4093053340912,-0.05954473,
3032,970.696741104126,-0.12310858,
3033,970.9803419113159,-0.14855734,
3034,971.265692949295,-0.117479704,
3035,971.5508954524994,-0.09995019,
3036,971.8346526622772,-0.031139897,
3037,972.1193499565125,-0.011476209,
3038,972.4030311107635,-0.024779165,
3039,972.6897840499878,-0.103197366,
3040,972.9737241268158,-0.11681701,
3041,973.2580969333649,-0.11435529,
3042,973.5408420562744,-0.14721945,
3043,973.8251094818115,-0.10500449,
3044,974.111724615097,-0.014844945,
3045,974.3950669765472,-0.16006266,
3046,974.6810493469238,-0.095297396,
3047,974.9648544788361,-0.06695724,
3048,975.2511472702026,-0.15411246,
3049,975.5347075462341,-0.03195311,
3050,975.8139445781708,-0.007215859,
3051,976.8404681682587,-0.05255776,
3052,977.122181892395,-0.016300006,
3053,977.4056050777435,-0.056706887,
3054,977.689368724823,-0.063450664,
3055,977.9724187850952,-0.051240444,
3056,978.2555844783783,-0.13718402,
3057,978.5400121212006,-0.1442091,
3058,978.8242897987366,-0.03900939,
3059,979.1115803718567,-0.072837345,
3060,979.3923580646515,-0.12942725,
3061,979.6768474578857,-0.055033073,
3062,979.9608483314514,-0.09102025,
3063,980.245564699173,-0.0763338,
3064,980.531361579895,-0.039196495,
3065,980.814638376236,-0.050317436,
3066,981.0996730327606,-0.12144227,
3067,981.3829991817474,-0.022218669,
3068,981.6734256744385,-0.07973384,
3069,981.9611854553223,-0.015405788,
3070,982.2510242462158,-0.098660916,
3071,982.5391709804535,-0.008207411,
3072,982.8276250362396,-0.13495767,
3073,983.1157205104828,-0.09740209,
3074,983.4036781787872,-0.084974736,
3075,983.6900045871735,-0.0625427,
3076,984.7695293426514,-0.039118297,
3077,985.0524122714996,-0.02788836,
3078,985.3380610942841,-0.1611746,
3079,985.6262054443359,-0.11950545,
3080,985.9099926948547,-0.16630232,
3081,986.195056438446,-0.17231977,
3082,986.4789018630981,-0.07015762,
3083,986.7642011642456,-0.109209746,
3084,987.0511751174927,-0.05513803,
3085,987.3347420692444,-0.08390667,
3086,987.6186654567719,-0.061812736,
3087,987.9030654430389,-0.09361496,
3088,988.1876211166382,-0.047054425,
3089,988.4736065864563,-0.0456114,
3090,988.7570004463196,-0.045180157,
3091,989.0434391498566,-0.050381664,
3092,989.3281772136688,-0.04112108,
3093,989.6117086410522,-0.14895035,
3094,989.8971412181854,-0.15591666,
3095,990.1815087795258,-0.12527056,
3096,990.4693305492401,-0.18919647,
3097,990.7533617019653,-0.047251556,
3098,991.0378928184509,-0.05949283,
3099,991.3237438201904,-0.18287447,
3100,991.7763378620148,-0.061596207,
3101,992.7183005809784,-0.05507597,
3102,992.999240398407,-0.0562432,
3103,993.2861044406891,-0.080559075,
3104,993.5679335594177,-0.05515539,
3105,993.8522362709045,-0.12552103,
3106,994.139358997345,-0.13204432,
3107,994.4281585216522,-0.041396588,
3108,994.7156598567963,-0.047524493,
3109,995.0037581920624,-0.0098539,
3110,995.2918055057526,-0.09117999,
3111,995.5786983966827,-0.091933385,
3112,995.8681004047394,-0.24150127,
3113,996.1556477546692,-0.056996748,
3114,996.443733215332,-0.027246965,
3115,996.7304701805115,-0.059493374,
3116,997.0173614025116,-0.030029899,
3117,997.3035297393799,-0.022626866,
3118,997.590318441391,-0.06433945,
3119,997.8744809627533,-0.032084476,
3120,998.1624779701233,-0.04711213,
3121,998.4483816623688,-0.0611671,
3122,998.7322692871094,-0.03926462,
3123,999.0180847644806,-0.07058757,
3124,999.3047504425049,-0.079000406,
3125,999.5848004817963,-0.20606372,
3126,1000.6657524108887,-0.112847224,
3127,1000.9465894699097,-0.035897247,
3128,1001.2303695678711,-0.10635978,
3129,1001.513370513916,-0.19820386,
3130,1001.7988958358765,-0.041172996,
3131,1002.0840394496918,-0.0068352027,
3132,1002.3685526847839,-0.024458399,
3133,1002.6547224521637,-0.06781211,
3134,1002.9403269290924,-0.0049048797,
3135,1003.2258229255676,-0.14112028,
3136,1003.5106172561646,-0.08087556,
3137,1003.7963111400604,-0.044352464,
3138,1004.0850651264191,-0.042281747,
3139,1004.3699245452881,-0.109464966,
3140,1004.6563756465912,-0.06404386,
3141,1004.9420273303986,-0.0068528233,
3142,1005.2246668338776,-0.04440803,
3143,1005.5106723308563,-0.10799831,
3144,1005.7965078353882,-0.0966256,
3145,1006.0842907428741,-0.056356266,
3146,1006.3696122169495,-0.111668244,
3147,1006.6556475162506,-0.15672791,
3148,1006.9425899982452,-0.07315515,
3149,1007.2268812656403,-0.02031949,
3150,1007.5108797550201,-0.099105686,
3151,1008.5643489360809,-0.056868687,
3152,1008.8465015888214,-0.11693303,
3153,1009.131050825119,-0.059274636,
3154,1009.4169178009033,-0.0052591055,
3155,1009.7027621269226,-0.043719422,
3156,1009.9866380691528,-0.08130111,
3157,1010.2728476524353,-0.05305257,
3158,1010.5600907802582,-0.101248845,
3159,1010.8460328578949,-0.09700416,
3160,1011.1304366588593,-0.056437396,
3161,1011.4143099784851,-0.20166144,
3162,1011.7029476165771,-0.029846143,
3163,1011.9861249923706,-0.025895938,
3164,1012.2726600170135,-0.071251616,
3165,1012.5583174228668,-0.06634578,
3166,1012.8416724205017,-0.1251313,
3167,1013.1280338764191,-0.13011624,
3168,1013.4124195575714,-0.09673237,
3169,1013.7000291347504,-0.10284771,
3170,1013.984493970871,-0.032010388,
3171,1014.2677299976349,-0.02225551,
3172,1014.5539717674255,-0.0437856,
3173,1014.8380272388458,-0.050391383,
3174,1015.123594045639,-0.096824795,
3175,1015.4044623374939,-0.07082775,
3176,1016.5301005840302,-0.03137601,
3177,1016.8136155605316,-0.10600655,
3178,1017.0983369350433,-0.023572862,
3179,1017.383759021759,-0.09077479,
3180,1017.6663093566895,-0.05077891,
3181,1017.949622631073,-0.04992546,
3182,1018.2326009273529,-0.047925532,
3183,1018.5158889293671,-0.05759602,
3184,1018.7991943359375,-0.057539135,
3185,1019.0815887451172,-0.1360068,
3186,1019.367639541626,-0.026367003,
3187,1019.6495261192322,-0.22336659,
3188,1019.934455871582,-0.04139019,
3189,1020.2172646522522,-0.0019975577,
3190,1020.4990599155426,-0.048502177,
3191,1020.7851643562317,-0.055547394,
3192,1021.0673506259918,-0.0064396188,
3193,1021.3518824577332,-0.030594673,
3194,1021.6379933357239,-0.027859792,
3195,1021.9211480617523,-0.17882042,
3196,1022.206475019455,-0.06313794,
3197,1022.4898235797882,-0.13851027,
3198,1022.776645898819,-0.105572775,
3199,1023.0586864948273,-0.037662454,
3200,1023.5082495212555,-0.08506159,
3201,1024.6332364082336,-0.044942517,
3202,1024.9156122207642,-0.03308049,
3203,1025.198923587799,-0.05269211,
3204,1025.4824693202972,-0.06292614,
3205,1025.766963481903,-0.06984098,
3206,1026.050751209259,-0.19875647,
3207,1026.3344280719757,-0.05521701,
3208,1026.6181325912476,-0.019559756,
3209,1026.9024240970612,-0.016712274,
3210,1027.1867291927338,-0.03500364,
3211,1027.4707462787628,-0.11966894,
3212,1027.7560875415802,-0.04295401,
3213,1028.0408806800842,-0.1539247,
3214,1028.3284015655518,-0.11494303,
3215,1028.6189680099487,-0.113905065,
3216,1028.907532453537,-0.008355913,
3217,1029.1972954273224,-0.04829693,
3218,1029.4860758781433,-0.081753135,
3219,1029.7761397361755,-0.07497541,
3220,1030.0648937225342,-0.089038864,
3221,1030.3544220924377,-0.07033306,
3222,1030.6429545879364,-0.060127266,
3223,1030.9324688911438,-0.031757966,
3224,1031.2207634449005,-0.071846634,
3225,1031.505945444107,-0.16498506,
3226,1032.6306691169739,-0.08818125,
3227,1032.912972688675,-0.12047416,
3228,1033.1949260234833,-0.15006684,
3229,1033.476681470871,-0.043075588,
3230,1033.7616727352142,-0.069586396,
3231,1034.0453226566315,-0.076672494,
3232,1034.3308401107788,-0.06317301,
3233,1034.6131558418274,-0.047403984,
3234,1034.8936204910278,-0.033845954,
3235,1035.1781389713287,-0.041811895,
3236,1035.4607462882996,-0.08323634,
3237,1035.7463312149048,-0.020282213,
3238,1036.029366016388,-0.0651958,
3239,1036.3136150836945,-0.04138807,
3240,1036.5983641147614,-0.083735734,
3241,1036.8811223506927,-0.007333099,
3242,1037.1672916412354,-0.062042087,
3243,1037.4503874778748,-0.029626187,
3244,1037.7345004081726,-0.12408198,
3245,1038.0170543193817,-0.07848924,
3246,1038.299836397171,-0.13989615,
3247,1038.5857574939728,-0.0913207,
3248,1038.8701515197754,-0.041624397,
3249,1039.154078245163,-0.114152245,
3250,1039.4336848258972,-0.07052781,
3251,1040.6005673408508,-0.042899232,
3252,1040.8869562149048,-0.13395756,
3253,1041.1758580207825,-0.083264,
3254,1041.4644820690155,-0.07976013,
3255,1041.7549285888672,-0.07939027,
3256,1042.0441472530365,-0.03297117,
3257,1042.3329629898071,-0.14686911,
3258,1042.621832370758,-0.050175317,
3259,1042.9110825061798,-0.053246498,
3260,1043.1992015838623,-0.06495885,
3261,1043.4860346317291,-0.10060873,
3262,1043.774572134018,-0.10268383,
3263,1044.0598709583282,-0.10807431,
3264,1044.3486504554749,-0.020885386,
3265,1044.634226322174,-0.05612944,
3266,1044.9207875728607,-0.045823734,
3267,1045.2053635120392,-0.03625811,
3268,1045.4907114505768,-0.07955198,
3269,1045.776112794876,-0.08593656,
3270,1046.0593538284302,-0.109288394,
3271,1046.3485033512115,-0.077956125,
3272,1046.63121509552,-0.035244662,
3273,1046.9161095619202,-0.11756544,
3274,1047.1993424892426,-0.06405469,
3275,1047.4806501865387,-0.042998876,
3276,1048.657401561737,-0.07183377,
3277,1048.9410622119904,-0.061031066,
3278,1049.2307045459747,-0.011003479,
3279,1049.5154416561127,-0.1104269,
3280,1049.7999730110168,-0.16232711,
3281,1050.0851476192474,-0.026816662,
3282,1050.3696670532227,-0.019414445,
3283,1050.657318353653,-0.04463019,
3284,1050.9445419311523,-0.2274414,
3285,1051.2321376800537,-0.11014511,
3286,1051.5182745456696,-0.1155481,
3287,1051.8062374591827,-0.08424097,
3288,1052.0930705070496,-0.055679604,
3289,1052.378924369812,-0.065068364,
3290,1052.6662993431091,-0.059917986,
3291,1052.9525713920593,-0.085971855,
3292,1053.2385754585266,-0.115272835,
3293,1053.5264995098114,-0.069135025,
3294,1053.8122913837433,-0.1092848,
3295,1054.0988037586212,-0.0011594536,
3296,1054.3850028514862,-0.046934962,
3297,1054.6694481372833,-0.010419393,
3298,1054.956568479538,-0.080792114,
3299,1055.244369506836,-0.14818208,
3300,1055.7052216529846,-0.009241602,
3301,1056.8595995903015,-0.12752825,
3302,1057.1473016738892,-0.17046303,
3303,1057.4339201450348,-0.06415798,
3304,1057.7237813472748,-0.0077985683,
3305,1058.0108511447906,-0.044971585,
3306,1058.297155380249,-0.08289985,
3307,1058.586805820465,-0.07395778,
3308,1058.8740057945251,-0.03492516,
3309,1059.1602928638458,-0.010264507,
3310,1059.4486935138702,-0.047080528,
3311,1059.7349998950958,-0.039717108,
3312,1060.023494720459,-0.12796187,
3313,1060.310507774353,-0.053958744,
3314,1060.5976376533508,-0.02901491,
3315,1060.8854117393494,-0.0050512003,
3316,1061.1737461090088,-0.043568198,
3317,1061.4626121520996,-0.019760042,
3318,1061.749694108963,-0.015116596,
3319,1062.0376408100128,-0.052394234,
3320,1062.3284273147583,-0.067773744,
3321,1062.6158287525177,-0.1234779,
3322,1062.9056034088135,-0.09270564,
3323,1063.1913719177246,-0.07900247,
3324,1063.4775938987732,-0.056102134,
3325,1063.7612810134888,-0.05770959,
3326,1064.9102458953857,-0.08206842,
3327,1065.193879365921,-0.008899543,
3328,1065.479089975357,-0.119070485,
3329,1065.7630414962769,-0.08252217,
3330,1066.0468916893005,-0.04710593,
3331,1066.3312706947327,-0.047161747,
3332,1066.6139466762543,-0.041738372,
3333,1066.899995803833,-0.1061402,
3334,1067.1869196891785,-0.02668541,
3335,1067.4697530269623,-0.068982825,
3336,1067.7548847198486,-0.0778954,
3337,1068.0396757125854,-0.10962132,
3338,1068.325487613678,-0.09106128,
3339,1068.6108310222626,-0.035455845,
3340,1068.8949296474457,-0.078063324,
3341,1069.180689573288,-0.11264243,
3342,1069.4634172916412,-0.058631122,
3343,1069.7489428520203,-0.040751938,
3344,1070.032680273056,-0.06493373,
3345,1070.3195621967316,-0.12875172,
3346,1070.6055178642273,-0.10879144,
3347,1070.889362335205,-0.030800419,
3348,1071.1742134094238,-0.05595403,
3349,1071.4594855308533,-0.08540603,
3350,1071.7386033535004,-0.074709766,
3351,1072.846610546112,-0.07004405,
3352,1073.1309053897858,-0.11629609,
3353,1073.418972492218,-0.02456646,
3354,1073.7023086547852,-0.028575312,
3355,1073.9883697032928,-0.03685796,
3356,1074.273065328598,-0.036647774,
3357,1074.5643906593323,-0.04568568,
3358,1074.853372335434,-0.064134516,
3359,1075.142855167389,-0.0011535214,
3360,1075.4306161403656,-0.09797205,
3361,1075.7197716236115,-0.07156499,
3362,1076.007747888565,-0.04018575,
3363,1076.2967727184296,-0.02434315,
3364,1076.586433172226,-0.049389724,
3365,1076.8745007514954,-0.04581669,
3366,1077.1637225151062,-0.11760214,
3367,1077.4519028663635,-0.010625775,
3368,1077.7414646148682,-0.030329654,
3369,1078.0272376537323,-0.11741386,
3370,1078.3137488365173,-0.023371164,
3371,1078.6016988754272,-0.12646821,
3372,1078.886743068695,-0.12654987,
3373,1079.1752789020538,-0.056289203,
3374,1079.463882446289,-0.060167063,
3375,1079.7485020160675,-0.10025419,
3376,1080.7595257759094,-0.01791963,
3377,1081.0413901805878,-0.05264931,
3378,1081.3287315368652,-0.10496747,
3379,1081.6129312515259,-0.12890162,
3380,1081.899629831314,-0.029589085,
3381,1082.1828322410583,-0.043647446,
3382,1082.467549085617,-0.14823672,
3383,1082.754280090332,-0.09698589,
3384,1083.0394184589386,-0.0962455,
3385,1083.3254654407501,-0.033510763,
3386,1083.609386920929,-0.12181118,
3387,1083.8960025310516,-0.016963104,
3388,1084.1844880580902,-0.14138648,
3389,1084.471936225891,-0.06738268,
3390,1084.7615675926208,-0.11722844,
3391,1085.0476462841034,-0.046286497,
3392,1085.333830356598,-0.013230549,
3393,1085.6210308074951,-0.027969474,
3394,1085.9059867858887,-0.039271668,
3395,1086.1936523914337,-0.14397427,
3396,1086.4778969287872,-0.052604266,
3397,1086.763821363449,-0.119201876,
3398,1087.0527188777924,-0.036380053,
3399,1087.3423762321472,-0.08579573,
3400,1087.802702665329,-0.06490728,
3401,1088.8016312122345,-0.020853534,
3402,1089.0877106189728,-0.10206401,
3403,1089.3766322135925,-0.031238407,
3404,1089.6627390384674,-0.076803826,
3405,1089.9489171504974,-0.101519704,
3406,1090.237247467041,-0.0034956199,
3407,1090.5251891613007,-0.067572236,
3408,1090.812824010849,-0.04399778,
3409,1091.100858449936,-0.065663725,
3410,1091.3864250183105,-0.09126966,
3411,1091.6724772453308,-0.040613394,
3412,1091.959359884262,-0.10768836,
3413,1092.2421329021454,-0.00845224,
3414,1092.5273649692535,-0.036195606,
3415,1092.8121955394745,-0.07494001,
3416,1093.0969305038452,-0.035484746,
3417,1093.3825597763062,-0.12123857,
3418,1093.6657543182373,-0.050309326,
3419,1093.950492143631,-0.13427095,
3420,1094.234500169754,-0.01463341,
3421,1094.5173819065094,-0.047795996,
3422,1094.8012597560883,-0.146518,
3423,1095.0878553390503,-0.114953205,
3424,1095.3734858036041,-0.096719444,
3425,1095.6555016040802,-0.07302888,
3426,1096.6540069580078,-0.048230812,
3427,1096.9374902248383,-0.02274497,
3428,1097.224675655365,-0.046445265,
3429,1097.5122673511505,-0.21635859,
3430,1097.80002450943,-0.0031011472,
3431,1098.0878176689148,-0.074157655,
3432,1098.3769705295563,-0.05875137,
3433,1098.6663126945496,-0.061114132,
3434,1098.9561500549316,-0.068004526,
3435,1099.2448110580444,-0.06590841,
3436,1099.5327036380768,-0.038887396,
3437,1099.8201286792755,-0.0698864,
3438,1100.1073338985443,-0.09993942,
3439,1100.3959851264954,-0.04913651,
3440,1100.683790922165,-0.021777809,
3441,1100.9721014499664,-0.072676726,
3442,1101.2591438293457,-0.018325675,
3443,1101.5459196567535,-0.018454041,
3444,1101.8357672691345,-0.06458955,
3445,1102.1242785453796,-0.08818287,
3446,1102.4120943546295,-0.106954664,
3447,1102.699431180954,-0.03123865,
3448,1102.9862275123596,-0.17303619,
3449,1103.2761447429657,-0.10610666,
3450,1103.5602748394012,-0.05259069,
3451,1104.5969479084015,-0.07738572,
3452,1104.88054561615,-0.05389651,
3453,1105.166836977005,-0.0072859614,
3454,1105.4547033309937,-0.043164797,
3455,1105.7423298358917,-0.0354357,
3456,1106.0307173728943,-0.068035334,
3457,1106.3170800209045,-0.08042483,
3458,1106.6039729118347,-0.017347867,
3459,1106.8931078910828,-0.10197406,
3460,1107.1805891990662,-0.02161839,
3461,1107.4683966636658,-0.11844389,
3462,1107.7559547424316,-0.0440837,
3463,1108.0419464111328,-0.074877754,
3464,1108.328800201416,-0.087444305,
3465,1108.6178154945374,-0.049326442,
3466,1108.902843952179,-0.08458982,
3467,1109.190262079239,-0.020893067,
3468,1109.4788823127747,-0.05843713,
3469,1109.7666628360748,-0.099098794,
3470,1110.0545167922974,-0.15676092,
3471,1110.3419404029846,-0.122187465,
3472,1110.6305589675903,-0.14961648,
3473,1110.9177691936493,-0.056235835,
3474,1111.20494389534,-0.07020302,
3475,1111.4906272888184,-0.04172977,
3476,1112.5563671588898,-0.010034418,
3477,1112.839638710022,-0.045396827,
3478,1113.1249091625214,-0.015155322,
3479,1113.4078052043915,-0.11928083,
3480,1113.692302942276,-0.052723214,
3481,1113.97802400589,-0.04201232,
3482,1114.2653064727783,-0.07578963,
3483,1114.549500465393,-0.06506897,
3484,1114.835114955902,-0.085284434,
3485,1115.119262933731,-0.047205698,
3486,1115.404375553131,-0.07402391,
3487,1115.6908757686615,-0.08444537,
3488,1115.9753613471985,-0.120428786,
3489,1116.2600927352905,-0.037972108,
3490,1116.5443308353424,-0.09208139,
3491,1116.8292155265808,-0.026118856,
3492,1117.1166167259216,-0.011772472,
3493,1117.405408859253,-0.023359388,
3494,1117.6924307346344,-0.042609796,
3495,1117.9785149097443,-0.02096065,
3496,1118.26735496521,-0.07109871,
3497,1118.5549483299255,-0.019834543,
3498,1118.8409740924835,-0.030443445,
3499,1119.126760482788,-0.024052827,
3500,1119.5836265087128,-0.04843015,
3501,1120.689706325531,-0.10414222,
3502,1120.973230600357,-0.054632634,
3503,1121.2576854228973,-0.009217331,
3504,1121.5453062057495,-0.06427074,
3505,1121.8293409347534,-0.15131374,
3506,1122.1167526245117,-0.08926912,
3507,1122.4055445194244,-0.005594301,
3508,1122.6933898925781,-0.0076834424,
3509,1122.980063676834,-0.06497889,
3510,1123.2691297531128,-0.094940305,
3511,1123.5573732852936,-0.03886777,
3512,1123.8467972278595,-0.120241664,
3513,1124.135008096695,-0.07162929,
3514,1124.4239439964294,-0.119103625,
3515,1124.7113122940063,-0.089929186,
3516,1124.998209953308,-0.07367705,
3517,1125.2868320941925,-0.06780845,
3518,1125.5724260807037,-0.055261895,
3519,1125.860135793686,-0.008645737,
3520,1126.1472611427307,-0.033933636,
3521,1126.433517217636,-0.03410218,
3522,1126.7196242809296,-0.017434357,
3523,1127.00581741333,-0.17276412,
3524,1127.2921624183655,-0.07374218,
3525,1127.5766098499298,-0.022995744,
3526,1128.651353597641,-0.009471923,
3527,1128.9343457221985,-0.078844056,
3528,1129.2217099666595,-0.10258308,
3529,1129.5085310935974,-0.048855,
3530,1129.7950348854065,-0.040744223,
3531,1130.08291554451,-0.027144015,
3532,1130.3669106960297,-0.106962934,
3533,1130.652261018753,-0.15593486,
3534,1130.9394760131836,-0.036501102,
3535,1131.2223918437958,-0.24248874,
3536,1131.507987499237,-0.09220096,
3537,1131.7911400794983,-0.21406044,
3538,1132.0770244598389,-0.041746944,
3539,1132.3628106117249,-0.013476138,
3540,1132.6464710235596,-0.11721364,
3541,1132.9328353404999,-0.0071097966,
3542,1133.2182104587555,-0.022450201,
3543,1133.5041208267212,-0.024209209,
3544,1133.7886583805084,-0.16477521,
3545,1134.0726425647736,-0.10519855,
3546,1134.3592982292175,-0.051874693,
3547,1134.6485860347748,-0.083287455,
3548,1134.9367852210999,-0.05896291,
3549,1135.2258818149567,-0.013535458,
3550,1135.5108659267426,-0.028629977,
3551,1136.5750391483307,-0.27877253,
3552,1136.8627121448517,-0.11147484,
3553,1137.1502389907837,-0.0814216,
3554,1137.4377610683441,-0.07870649,
3555,1137.7255308628082,-0.026880298,
3556,1138.0128288269043,-0.11809985,
3557,1138.2999050617218,-0.019088808,
3558,1138.585181236267,-0.080482684,
3559,1138.8711018562317,-0.05214537,
3560,1139.1582627296448,-0.033894245,
3561,1139.4438614845276,-0.09517106,
3562,1139.727455854416,-0.11562683,
3563,1140.0132567882538,-0.021510143,
3564,1140.2959113121033,-0.10748142,
3565,1140.5833675861359,-0.025175735,
3566,1140.8675289154053,-0.08318272,
3567,1141.149884223938,-0.034836937,
3568,1141.4339351654053,-0.08000077,
3569,1141.7187621593475,-0.07279475,
3570,1142.0014324188232,-0.17257337,
3571,1142.2885539531708,-0.11683288,
3572,1142.574467420578,-0.039215,
3573,1142.8606016635895,-0.04262127,
3574,1143.146478176117,-0.07313107,
3575,1143.4269983768463,-0.050746553,
3576,1144.5188336372375,-0.011853984,
3577,1144.801902294159,-0.042215176,
3578,1145.086939573288,-0.029778043,
3579,1145.3733386993408,-0.08662438,
3580,1145.6601498126984,-0.121685326,
3581,1145.9465210437775,-0.08404885,
3582,1146.2304153442383,-0.084458925,
3583,1146.5165741443634,-0.04801549,
3584,1146.8020401000977,-0.03718996,
3585,1147.086093902588,-0.033595115,
3586,1147.3730375766754,-0.04760844,
3587,1147.6597437858582,-0.062375277,
3588,1147.9456741809845,-0.029200383,
3589,1148.2315275669098,-0.0034873863,
3590,1148.519279718399,-0.076397985,
3591,1148.8068692684174,-0.08876716,
3592,1149.094426393509,-0.0154048,
3593,1149.3827052116394,-0.03498593,
3594,1149.6692340373993,-0.06758218,
3595,1149.9568359851837,-0.04859823,
3596,1150.2430698871613,-0.048615646,
3597,1150.5283329486847,-0.059712335,
3598,1150.8176491260529,-0.028825963,
3599,1151.1032485961914,-0.034273587,
3600,1151.561552286148,-0.0722382,
3601,1152.6190276145935,-0.080555946,
3602,1152.9033372402191,-0.16892582,
3603,1153.1870758533478,-0.15729639,
3604,1153.4757018089294,-0.046503454,
3605,1153.763117313385,-0.007366355,
3606,1154.0503284931183,-0.0450826,
3607,1154.3396937847137,-0.20119391,
3608,1154.6257445812225,-0.14353095,
3609,1154.9134142398834,-0.0809811,
3610,1155.2015554904938,-0.11263276,
3611,1155.4884450435638,-0.047447138,
3612,1155.7788937091827,-0.0777394,
3613,1156.0662672519684,-0.099039346,
3614,1156.354513168335,-0.046975583,
3615,1156.639520406723,-0.10565905,
3616,1156.926692724228,-0.0077327564,
3617,1157.2169117927551,-0.032668203,
3618,1157.5042088031769,-0.11688935,
3619,1157.7927784919739,-0.13073823,
3620,1158.0801103115082,-0.09896458,
3621,1158.366898059845,-0.13224402,
3622,1158.655713558197,-0.073920555,
3623,1158.9402565956116,-0.11522485,
3624,1159.2268326282501,-0.022107862,
3625,1159.5080761909485,-0.05682467,
3626,1160.5467619895935,-0.01326844,
3627,1160.8303167819977,-0.024686893,
3628,1161.1148662567139,-0.106420375,
3629,1161.4006562232971,-0.09226708,
3630,1161.6853213310242,-0.04794085,
3631,1161.9730339050293,-0.012649726,
3632,1162.256415605545,-0.21779722,
3633,1162.5424563884735,-0.07497749,
3634,1162.8278155326843,-0.008707008,
3635,1163.1139092445374,-0.052407846,
3636,1163.4002103805542,-0.037412506,
3637,1163.6849083900452,-0.03512402,
3638,1163.9727003574371,-0.01802832,
3639,1164.2555167675018,-0.045986556,
3640,1164.5409326553345,-0.016215382,
3641,1164.8256278038025,-0.06585504,
3642,1165.110852241516,-0.09443928,
3643,1165.3948411941528,-0.071934015,
3644,1165.6802747249603,-0.0927058,
3645,1165.9637160301208,-0.019797917,
3646,1166.2496590614319,-0.03654759,
3647,1166.534447669983,-0.08916258,
3648,1166.8191707134247,-0.068339214,
3649,1167.1070246696472,-0.0427232,
3650,1167.3881158828735,-0.04373623,
3651,1168.4320499897003,-0.037391666,
3652,1168.7132296562195,-0.095447674,
3653,1168.9983127117157,-0.043702222,
3654,1169.2846145629883,-0.06426493,
3655,1169.5754477977753,-0.12231184,
3656,1169.8639421463013,-0.040058497,
3657,1170.1544749736786,-0.009502303,
3658,1170.4427523612976,-0.08103792,
3659,1170.7333533763885,-0.014500155,
3660,1171.0212857723236,-0.026159162,
3661,1171.3110468387604,-0.028592043,
3662,1171.5993978977203,-0.08549102,
3663,1171.889093875885,-0.071334615,
3664,1172.1772594451904,-0.033222444,
3665,1172.4661395549774,-0.06967054,
3666,1172.7550919055939,-0.051318567,
3667,1173.041075706482,-0.099274166,
3668,1173.3294627666473,-0.07053586,
3669,1173.6164853572845,-0.02526325,
3670,1173.9012348651886,-0.07724353,
3671,1174.1892492771149,-0.043194484,
3672,1174.475867509842,-0.088180006,
3673,1174.7604730129242,-0.08183035,
3674,1175.0477952957153,-0.13838324,
3675,1175.328450679779,-0.028900001,
3676,1176.407218694687,-0.053353466,
3677,1176.6891765594482,-0.084810495,
3678,1176.9739272594452,-0.01811496,
3679,1177.2570538520813,-0.021513542,
3680,1177.5420699119568,-0.072259925,
3681,1177.8276979923248,-0.04997587,
3682,1178.1110479831696,-0.07276694,
3683,1178.3971416950226,-0.038622722,
3684,1178.6808483600616,-0.12558168,
3685,1178.9685051441193,-0.016912302,
3686,1179.250748872757,-0.17616683,
3687,1179.5353996753693,-0.034111053,
3688,1179.821192741394,-0.020455724,
3689,1180.106026649475,-0.02791274,
3690,1180.3927896022797,-0.12529844,
3691,1180.6754100322723,-0.023602342,
3692,1180.9593315124512,-0.073734656,
3693,1181.2443749904633,-0.07894931,
3694,1181.5288393497467,-0.112779215,
3695,1181.8179910182953,-0.031046707,
3696,1182.1069180965424,-0.036770128,
3697,1182.395008802414,-0.039961323,
3698,1182.6824243068695,-0.055888437,
3699,1182.9716444015503,-0.024896933,
3700,1183.433631658554,-0.019639468,
3701,1184.5303702354431,-0.10414877,
3702,1184.815404176712,-0.09154935,
3703,1185.1011016368866,-0.05170638,
3704,1185.3888773918152,-0.15091862,
3705,1185.673986673355,-0.19220012,
3706,1185.9605128765106,-0.06351462,
3707,1186.246826171875,-0.069150314,
3708,1186.5305614471436,-0.04675015,
3709,1186.8167071342468,-0.052984446,
3710,1187.1021044254303,-0.06916697,
3711,1187.3885650634766,-0.04385409,
3712,1187.672481060028,-0.07643888,
3713,1187.9560990333557,-0.124572575,
3714,1188.2444791793823,-0.051171277,
3715,1188.5280938148499,-0.020408103,
3716,1188.8136537075043,-0.037781563,
3717,1189.0973718166351,-0.034340348,
3718,1189.381976366043,-0.03682694,
3719,1189.6666498184204,-0.12275704,
3720,1189.9512736797333,-0.09020367,
3721,1190.237815618515,-0.04077342,
3722,1190.5254592895508,-0.021514405,
3723,1190.8117604255676,-0.06588945,
3724,1191.096580028534,-0.0075134495,
3725,1191.3797879219055,-0.10046147,
3726,1192.5041427612305,-0.007052396,
3727,1192.7862386703491,-0.021635003,
3728,1193.0725212097168,-0.060413916,
3729,1193.358660697937,-0.13831502,
3730,1193.6463313102722,-0.061296217,
3731,1193.930573940277,-0.09598618,
3732,1194.2151985168457,-0.11112872,
3733,1194.5016431808472,-0.081082135,
3734,1194.788192987442,-0.00235968,
3735,1195.0752577781677,-0.05592508,
3736,1195.3614220619202,-0.04039205,
3737,1195.6480152606964,-0.051451284,
3738,1195.9338946342468,-0.0389487,
3739,1196.2217288017273,-0.05552002,
3740,1196.5090534687042,-0.11774677,
3741,1196.7946474552155,-0.15881363,
3742,1197.0829105377197,-0.04819121,
3743,1197.3676059246063,-0.113311194,
3744,1197.6534512043,-0.082643405,
3745,1197.9418601989746,-0.092217095,
3746,1198.2278883457184,-0.06228873,
3747,1198.5149528980255,-0.03412178,
3748,1198.8021397590637,-0.04298299,
3749,1199.0872988700867,-0.07961808,
3750,1199.370016336441,-0.016315198,
3751,1200.513879776001,-0.03876665,
3752,1200.8013143539429,-0.13952582,
3753,1201.0861999988556,-0.0916509,
3754,1201.3741645812988,-0.06278159,
3755,1201.6629371643066,-0.02900125,
3756,1201.9488372802734,-0.013883215,
3757,1202.2351620197296,-0.110596515,
3758,1202.5241394042969,-0.051774915,
3759,1202.8118438720703,-0.0635377,
3760,1203.0998015403748,-0.07722342,
3761,1203.3869433403015,-0.10796821,
3762,1203.6735632419586,-0.07047159,
3763,1203.9635837078094,-0.021326859,
3764,1204.2523889541626,-0.031932563,
3765,1204.5397119522095,-0.051043186,
3766,1204.826646566391,-0.0217609,
3767,1205.1122992038727,-0.03621655,
3768,1205.401978969574,-0.11225775,
3769,1205.689789533615,-0.024439894,
3770,1205.9765584468842,-0.0747506,
3771,1206.2667758464813,-0.046695072,
3772,1206.5501999855042,-0.06650788,
3773,1206.8356838226318,-0.081820145,
3774,1207.122761964798,-0.02373188,
3775,1207.4030146598816,-0.07148808,
3776,1208.56299161911,-0.063781686,
3777,1208.8450787067413,-0.01216651,
3778,1209.128698348999,-0.043231003,
3779,1209.4126965999603,-0.012585242,
3780,1209.6991081237793,-0.068063736,
3781,1209.9814524650574,-0.011761492,
3782,1210.2663147449493,-0.06550085,
3783,1210.5497541427612,-0.027322244,
3784,1210.8346383571625,-0.018029993,
3785,1211.1200878620148,-0.05048384,
3786,1211.404036283493,-0.017510561,
3787,1211.6880617141724,-0.020237554,
3788,1211.97208237648,-0.05039316,
3789,1212.2557437419891,-0.026733259,
3790,1212.5389955043793,-0.049487073,
3791,1212.8221991062164,-0.061541423,
3792,1213.1059613227844,-0.030562244,
3793,1213.3917331695557,-0.04326972,
3794,1213.6758978366852,-0.040254682,
3795,1213.9605267047882,-0.13327545,
3796,1214.2447617053986,-0.017176194,
3797,1214.528297662735,-0.029499898,
3798,1214.8153903484344,-0.05653742,
3799,1215.0996360778809,-0.041163538,
3800,1215.5520598888397,-0.0063306177,
3801,1216.7822444438934,-0.13887848,
3802,1217.0631289482117,-0.05765643,
3803,1217.3524849414825,-0.04326377,
3804,1217.641898393631,-0.060621746,
3805,1217.9294500350952,-0.05024504,
3806,1218.2202446460724,-0.042922765,
3807,1218.5084643363953,-0.13919728,
3808,1218.7981581687927,-0.025554635,
3809,1219.086741924286,-0.078010686,
3810,1219.3758735656738,-0.01831873,
3811,1219.6637828350067,-0.09038818,
3812,1219.9509620666504,-0.062102605,
3813,1220.240140914917,-0.03693087,
3814,1220.5263040065765,-0.04493059,
3815,1220.813163280487,-0.06345837,
3816,1221.100379228592,-0.042906687,
3817,1221.3852417469025,-0.02665149,
3818,1221.6712985038757,-0.049142662,
3819,1221.9566009044647,-1.8277471e-10,
3820,1222.240712404251,-0.038917325,
3821,1222.5265100002289,-0.19310407,
3822,1222.81187915802,-0.04484399,
3823,1223.097766160965,-0.10612727,
3824,1223.382081747055,-0.005215803,
3825,1223.666699886322,-0.004436947,
3826,1224.757957458496,-0.018638965,
3827,1225.0416128635406,-0.16892132,
3828,1225.327410697937,-0.042943556,
3829,1225.6115636825562,-0.1818524,
3830,1225.8974406719208,-0.052086525,
3831,1226.1796205043793,-0.059107758,
3832,1226.4647824764252,-0.017609742,
3833,1226.749827861786,-0.013664005,
3834,1227.033920764923,-0.089499176,
3835,1227.3200237751007,-0.0633418,
3836,1227.6033647060394,-0.016647547,
3837,1227.8898403644562,-0.06237479,
3838,1228.1734862327576,-0.0372025,
3839,1228.4574987888336,-0.07178068,
3840,1228.7433326244354,-0.035278086,
3841,1229.0288925170898,-0.05646395,
3842,1229.3155691623688,-0.06280248,
3843,1229.6038489341736,-0.031579014,
3844,1229.8936121463776,-0.013576305,
3845,1230.181624174118,-0.068538345,
3846,1230.4695410728455,-0.056530416,
3847,1230.7592442035675,-0.044439886,
3848,1231.0472087860107,-0.022238161,
3849,1231.337087392807,-0.02112469,
3850,1231.6226234436035,-0.0170086,
3851,1232.6754863262177,-0.080398396,
3852,1232.9618544578552,-0.03430633,
3853,1233.2480313777924,-0.08879347,
3854,1233.5344262123108,-0.06961631,
3855,1233.8208572864532,-0.018997401,
3856,1234.1063749790192,-0.008886784,
3857,1234.39506149292,-0.07665253,
3858,1234.683130979538,-0.05320423,
3859,1234.9712164402008,-0.041887224,
3860,1235.2557337284088,-0.032722164,
3861,1235.540317773819,-0.02130816,
3862,1235.8270745277405,-0.12945464,
3863,1236.1126730442047,-0.0492348,
3864,1236.4007275104523,-0.015381597,
3865,1236.6872067451477,-0.036158934,
3866,1236.9725630283356,-0.03185987,
3867,1237.2607054710388,-0.08219427,
3868,1237.5488064289093,-0.060733087,
3869,1237.8351945877075,-0.016267678,
3870,1238.1210787296295,-0.008009287,
3871,1238.4090127944946,-0.034761496,
3872,1238.6962454319,-0.035868518,
3873,1238.981688261032,-0.034364276,
3874,1239.2710330486298,-0.023908677,
3875,1239.5535292625427,-0.061091833,
3876,1240.5804708003998,-0.0381103,
3877,1240.8650798797607,-0.027729915,
3878,1241.1510500907898,-0.052554116,
3879,1241.4388315677643,-0.037682917,
3880,1241.7261111736298,-0.0770067,
3881,1242.012731552124,-0.05534455,
3882,1242.2991564273834,-0.032060884,
3883,1242.5867176055908,-0.025657346,
3884,1242.8738074302673,-0.10817549,
3885,1243.1607789993286,-0.073792264,
3886,1243.4507904052734,-0.034019504,
3887,1243.7372543811798,-0.030004619,
3888,1244.0258827209473,-0.06877289,
3889,1244.3140218257904,-0.026926106,
3890,1244.6016254425049,-0.035017326,
3891,1244.8925576210022,-0.078863874,
3892,1245.1783030033112,-0.013658928,
3893,1245.467617034912,-0.09093608,
3894,1245.7530262470245,-0.030725189,
3895,1246.038648366928,-0.042762753,
3896,1246.3268077373505,-0.026801929,
3897,1246.6128845214844,-0.012192219,
3898,1246.9017822742462,-0.0017305147,
3899,1247.1892366409302,-0.07004358,
3900,1247.644005537033,-0.13476944,
3901,1248.749234676361,-0.09994175,
3902,1249.0351819992065,-0.06966986,
3903,1249.3203554153442,-0.08808386,
3904,1249.6088511943817,-0.024956953,
3905,1249.8957254886627,-0.06098538,
3906,1250.181052684784,-0.003566728,
3907,1250.4704930782318,-0.036564246,
3908,1250.7554867267609,-0.055587187,
3909,1251.0418574810028,-0.083021685,
3910,1251.3287341594696,-0.011704306,
3911,1251.6133182048798,-0.065238535,
3912,1251.9017236232758,-0.13132542,
3913,1252.1886513233185,-0.018494155,
3914,1252.475257396698,-0.08958866,
3915,1252.7616698741913,-0.06965275,
3916,1253.0486845970154,-0.06531067,
3917,1253.336877822876,-0.014160105,
3918,1253.6244280338287,-0.11207645,
3919,1253.9108564853668,-0.08499471,
3920,1254.1962928771973,-0.064560145,
3921,1254.4850854873657,-0.0720814,
3922,1254.7721605300903,-0.08695169,
3923,1255.0580613613129,-0.089907125,
3924,1255.3469941616058,-0.013792914,
3925,1255.6311469078064,-0.028761312,
3926,1256.7172031402588,-0.019282319,
3927,1257.0012843608856,-0.04629466,
3928,1257.2868967056274,-0.03803774,
3929,1257.573234319687,-0.090352274,
3930,1257.8603057861328,-0.08639048,
3931,1258.1485834121704,-0.032410577,
3932,1258.4337775707245,-0.06532115,
3933,1258.7201828956604,-0.11332494,
3934,1259.0069680213928,-0.025678148,
3935,1259.2911114692688,-0.086354524,
3936,1259.5751643180847,-0.08364732,
3937,1259.8623168468475,-0.010270737,
3938,1260.1465480327606,-0.02388419,
3939,1260.4344396591187,-0.057108536,
3940,1260.7186555862427,-0.0406651,
3941,1261.004565000534,-0.011223128,
3942,1261.2886333465576,-0.03591272,
3943,1261.5729122161865,-0.04505291,
3944,1261.8601984977722,-0.021708898,
3945,1262.145673274994,-0.03925223,
3946,1262.4314081668854,-0.017828152,
3947,1262.7164936065674,-0.063279696,
3948,1263.002272605896,-0.05632938,
3949,1263.2881498336792,-0.09710776,
3950,1263.5690331459045,-0.013705592,
3951,1264.681883096695,-0.07021893,
3952,1264.9638130664825,-0.073433824,
3953,1265.2506523132324,-0.11238762,
3954,1265.5350172519684,-0.07787095,
3955,1265.8223974704742,-0.035101835,
3956,1266.1061260700226,-0.050097913,
3957,1266.3916449546814,-0.07849593,
3958,1266.6805331707,-0.03302489,
3959,1266.9657258987427,-0.021353602,
3960,1267.2525939941406,-0.04658114,
3961,1267.54061961174,-0.08154412,
3962,1267.8253288269043,-0.05917547,
3963,1268.1117312908173,-0.03156,
3964,1268.3979694843292,-0.010998924,
3965,1268.68474817276,-0.025908764,
3966,1268.969200372696,-0.029386196,
3967,1269.2559087276459,-0.049394485,
3968,1269.5422122478485,-0.1023099,
3969,1269.8306775093079,-0.02751639,
3970,1270.1201095581055,-0.0014634605,
3971,1270.408724308014,-0.04910105,
3972,1270.6977698802948,-0.08650681,
3973,1270.9870290756226,-0.037842106,
3974,1271.2758209705353,-0.13056222,
3975,1271.5629897117615,-0.022427142,
3976,1272.750721693039,-0.04033114,
3977,1273.0366489887238,-0.04996313,
3978,1273.3231847286224,-0.022551911,
3979,1273.6091842651367,-0.020802526,
3980,1273.8956062793732,-0.095743746,
3981,1274.1805591583252,-0.01573428,
3982,1274.468228340149,-0.009116632,
3983,1274.753883600235,-0.045228075,
3984,1275.0413286685944,-0.013495034,
3985,1275.3252501487732,-0.14108434,
3986,1275.6088519096375,-0.038576514,
3987,1275.8969583511353,-0.045257248,
3988,1276.1810328960419,-0.05483593,
3989,1276.4666707515717,-3.104408e-11,
3990,1276.7525527477264,-0.02207955,
3991,1277.039127588272,-0.054763205,
3992,1277.3275275230408,-0.035315245,
3993,1277.612943649292,-0.07086055,
3994,1277.8988506793976,-0.04806189,
3995,1278.182532787323,-0.017826665,
3996,1278.4668953418732,-0.009662123,
3997,1278.7543814182281,-0.07004888,
3998,1279.039115190506,-0.010846905,
3999,1279.3269665241241,-0.08289096,
4000,1279.7798566818237,-1.887849e-06,
4001,1280.9558789730072,-0.10177791,
4002,1281.241498708725,-0.034248028,
4003,1281.5254516601562,-0.0077243196,
4004,1281.8103954792023,-0.059844512,
4005,1282.0944695472717,-0.040933684,
4006,1282.383183479309,-0.011873926,
4007,1282.671224117279,-0.028006438,
4008,1282.9604713916779,-0.06341226,
4009,1283.249098777771,-0.011394056,
4010,1283.5392179489136,-0.023966746,
4011,1283.8280355930328,-0.051240377,
4012,1284.1186933517456,-0.0067085205,
4013,1284.4061772823334,-0.016011762,
4014,1284.6959171295166,-0.0075486526,
4015,1284.9835586547852,-0.024983294,
4016,1285.2735178470612,-0.024851441,
4017,1285.5621082782745,-4.8021275e-07,
4018,1285.8469543457031,-0.023167867,
4019,1286.1357851028442,-0.030863222,
4020,1286.423525094986,-0.04912672,
4021,1286.710348367691,-0.03353815,
4022,1286.9953112602234,-0.019453228,
4023,1287.27969789505,-0.05702932,
4024,1287.5651009082794,-0.047355603,
4025,1287.8489832878113,-0.21150702,
4026,1288.8954088687897,-0.049167275,
4027,1289.178167104721,-0.14322896,
4028,1289.4650032520294,-0.0,
4029,1289.7518010139465,-0.0016428424,
4030,1290.038248538971,-0.0038547288,
4031,1290.3254008293152,-0.073408924,
4032,1290.6125988960266,-0.019900393,
4033,1290.8984174728394,-0.0072920118,
4034,1291.1832156181335,-0.016590986,
4035,1291.4712295532227,-0.114523746,
4036,1291.7574944496155,-0.021290502,
4037,1292.0443341732025,-0.023728663,
4038,1292.3340909481049,-0.07976219,
4039,1292.6199831962585,-0.0057245684,
4040,1292.9054758548737,-0.08586529,
4041,1293.1950492858887,-0.11541202,
4042,1293.4812774658203,-0.044007383,
4043,1293.7706153392792,-0.017438252,
4044,1294.0583937168121,-0.03886712,
4045,1294.3445453643799,-0.0067694713,
4046,1294.633463382721,-0.028275426,
4047,1294.9215705394745,-0.07230121,
4048,1295.2102823257446,-0.1440086,
4049,1295.4973521232605,-0.06808234,
4050,1295.7812085151672,-0.021385299,
4051,1296.8006665706635,-0.055239204,
4052,1297.0875098705292,-0.015338086,
4053,1297.3775880336761,-0.07286345,
4054,1297.6637315750122,-0.33518565,
4055,1297.9528527259827,-0.15308301,
4056,1298.2392296791077,-0.04577872,
4057,1298.5258646011353,-0.06964476,
4058,1298.8151412010193,-0.058585573,
4059,1299.1024465560913,-0.13630697,
4060,1299.3916354179382,-0.053355757,
4061,1299.6787912845612,-0.104364045,
4062,1299.9663619995117,-0.07484416,
4063,1300.255474805832,-0.097546,
4064,1300.5424785614014,-0.033485506,
4065,1300.8322427272797,-0.041295275,
4066,1301.1185252666473,-0.018955933,
4067,1301.4063527584076,-0.046248518,
4068,1301.694818019867,-0.05368221,
4069,1301.982370853424,-0.12003975,
4070,1302.2722408771515,-0.0,
4071,1302.560061454773,-0.057051733,
4072,1302.8486728668213,-0.04294795,
4073,1303.135550737381,-0.030213552,
4074,1303.4232594966888,-0.019653676,
4075,1303.710263967514,-0.04447845,
4076,1304.721992969513,-0.0579524,
4077,1305.0079836845398,-0.02537231,
4078,1305.2914335727692,-0.05771881,
4079,1305.5776867866516,-0.10867272,
4080,1305.8643324375153,-0.0069927312,
4081,1306.150874376297,-0.044482067,
4082,1306.4328005313873,-0.07789271,
4083,1306.7159860134125,-0.01766387,
4084,1306.999570608139,-0.017009716,
4085,1307.2845740318298,-0.044401586,
4086,1307.570433139801,-0.103141695,
4087,1307.8544898033142,-0.03531987,
4088,1308.1391427516937,-0.034095537,
4089,1308.4242799282074,-0.13941133,
4090,1308.708791255951,-0.059974678,
4091,1308.9950771331787,-0.029858556,
4092,1309.2783198356628,-5.0480486e-09,
4093,1309.5658264160156,-0.12673695,
4094,1309.8479869365692,-0.019089052,
4095,1310.1333940029144,-0.11698638,
4096,1310.4170184135437,-0.014393851,
4097,1310.699628829956,-0.0017147897,
4098,1310.9865696430206,-0.027843516,
4099,1311.2710287570953,-0.08251986,
4100,1311.7207298278809,-0.060739603,
4101,1312.8889784812927,-0.033708267,
4102,1313.1697523593903,-0.0034206805,
4103,1313.4553084373474,-0.037856907,
4104,1313.741985797882,-0.05970969,
4105,1314.027562379837,-0.05767183,
4106,1314.3131065368652,-0.050473075,
4107,1314.5970678329468,-0.034943707,
4108,1314.8836064338684,-0.032381266,
4109,1315.17023563385,-0.0,
4110,1315.4543373584747,-0.12638184,
4111,1315.7390797138214,-0.018793242,
4112,1316.0243718624115,-0.08387901,
4113,1316.3075840473175,-0.02734201,
4114,1316.5932548046112,-0.07535289,
4115,1316.8761596679688,-0.07490006,
4116,1317.165869474411,-0.02508903,
4117,1317.452978849411,-0.03230554,
4118,1317.7408752441406,-0.008449268,
4119,1318.030003786087,-0.056615856,
4120,1318.3179125785828,-0.056637265,
4121,1318.6085448265076,-0.01236915,
4122,1318.8969702720642,-0.07834667,
4123,1319.1861310005188,-0.00521226,
4124,1319.4743478298187,-0.043427628,
4125,1319.7596333026886,-0.01707184,
4126,1320.9674673080444,-0.048404418,
4127,1321.2523186206818,-0.004039382,
4128,1321.5395743846893,-0.010773931,
4129,1321.8222930431366,-0.11545937,
4130,1322.1081809997559,-0.090462245,
4131,1322.3936855793,-0.017729249,
4132,1322.6800804138184,-0.034340512,
4133,1322.9680290222168,-0.03516186,
4134,1323.253140449524,-0.10001308,
4135,1323.5413420200348,-0.01884395,
4136,1323.8261225223541,-0.054831937,
4137,1324.11283993721,-0.04889008,
4138,1324.3992450237274,-0.08628808,
4139,1324.6846659183502,-0.031352703,
4140,1324.971961259842,-0.052995384,
4141,1325.2575752735138,-0.037914813,
4142,1325.5443494319916,-0.036058526,
4143,1325.8284616470337,-0.0888304,
4144,1326.1144309043884,-0.032656945,
4145,1326.4016127586365,-0.035109486,
4146,1326.685896396637,-0.027985662,
4147,1326.9736366271973,-0.050383978,
4148,1327.2587959766388,-0.037782285,
4149,1327.5451896190643,-0.0031534536,
4150,1327.8260185718536,-0.06659339,
4151,1328.8814175128937,-0.016901957,
4152,1329.16535282135,-0.05352163,
4153,1329.4541850090027,-0.025245199,
4154,1329.7441456317902,-0.023839468,
4155,1330.0323729515076,-0.0057805264,
4156,1330.3225679397583,-0.023173768,
4157,1330.6113324165344,-0.1184965,
4158,1330.9017310142517,-0.052849006,
4159,1331.1908566951752,-0.018171847,
4160,1331.4818375110626,-0.06024901,
4161,1331.7703013420105,-0.026593503,
4162,1332.060248374939,-0.022549674,
4163,1332.3492469787598,-4.063704e-07,
4164,1332.6388561725616,-0.027269486,
4165,1332.926147699356,-0.016933296,
4166,1333.2124600410461,-0.009987526,
4167,1333.5014691352844,-0.110433936,
4168,1333.7873284816742,-0.008032343,
4169,1334.0745568275452,-0.005204891,
4170,1334.3622307777405,-0.017211856,
4171,1334.6470963954926,-2.6484797e-08,
4172,1334.9356112480164,-0.16718304,
4173,1335.2221002578735,-0.040942747,
4174,1335.5082302093506,-0.014246025,
4175,1335.7900462150574,-0.08383621,
4176,1336.887758731842,-0.021990307,
4177,1337.168955564499,-0.01851915,
4178,1337.4539890289307,-0.025157124,
4179,1337.742335319519,-0.07899088,
4180,1338.0278918743134,-0.013830816,
4181,1338.315776348114,-0.0071779652,
4182,1338.601637840271,-0.027159384,
4183,1338.8876633644104,-0.1317208,
4184,1339.1754884719849,-0.03459068,
4185,1339.4618635177612,-0.19180925,
4186,1339.7494649887085,-0.010761454,
4187,1340.0361659526825,-0.042787313,
4188,1340.3234694004059,-0.09298888,
4189,1340.609417438507,-0.03765732,
4190,1340.8976292610168,-0.025276508,
4191,1341.1842060089111,-0.0581889,
4192,1341.4690670967102,-0.0,
4193,1341.7586815357208,-0.06411597,
4194,1342.043702363968,-0.030159006,
4195,1342.329122543335,-0.090156145,
4196,1342.6168899536133,-0.092086665,
4197,1342.9029965400696,-0.037946925,
4198,1343.1910150051117,-0.102139406,
4199,1343.480257987976,-0.007119935,
4200,1343.937863111496,-0.011126963,
4201,1344.9315361976624,-0.0043234862,
4202,1345.2197988033295,-0.048525557,
4203,1345.5071864128113,-0.016750168,
4204,1345.7955627441406,-0.02182395,
4205,1346.0836029052734,-0.032437705,
4206,1346.3703668117523,-0.03579496,
4207,1346.6617619991302,-0.046693932,
4208,1346.948275566101,-0.042505994,
4209,1347.2365102767944,-0.042572565,
4210,1347.5238554477692,-0.10240267,
4211,1347.8121933937073,-0.07330562,
4212,1348.1026508808136,-0.02098285,
4213,1348.389041185379,-0.04028599,
4214,1348.6780142784119,-0.013435115,
4215,1348.9646422863007,-0.043222476,
4216,1349.2533185482025,-0.026296653,
4217,1349.5434951782227,-0.005768157,
4218,1349.8306124210358,-0.015745528,
4219,1350.1200170516968,-0.04932212,
4220,1350.40798163414,-0.055545546,
4221,1350.6970417499542,-0.040920194,
4222,1350.9855439662933,-0.047446717,
4223,1351.274185180664,-0.03252627,
4224,1351.5616238117218,-0.056462977,
4225,1351.8445980548859,-0.050852995,
4226,1352.88347530365,-0.0018730613,
4227,1353.168283700943,-0.021836147,
4228,1353.453033208847,-0.09082712,
4229,1353.736566066742,-0.05671832,
4230,1354.0214569568634,-0.03468956,
4231,1354.3059387207031,-0.1187513,
4232,1354.5944108963013,-0.020498984,
4233,1354.8787868022919,-0.033362575,
4234,1355.1649870872498,-0.059143618,
4235,1355.4504606723785,-0.11967846,
4236,1355.736344575882,-0.06374015,
4237,1356.0218398571014,-0.0004186102,
4238,1356.307059288025,-0.0507204,
4239,1356.5956282615662,-0.040240955,
4240,1356.8801276683807,-0.019509533,
4241,1357.1665587425232,-0.1756379,
4242,1357.4527876377106,-0.020232987,
4243,1357.7377018928528,-0.023834135,
4244,1358.022664308548,-0.09204665,
4245,1358.3083612918854,-0.05505449,
4246,1358.5957565307617,-0.06252495,
4247,1358.880686044693,-0.05861954,
4248,1359.167275428772,-0.05822889,
4249,1359.4529886245728,-0.07070458,
4250,1359.7342653274536,-0.09887152,
4251,1360.753720998764,-0.05049267,
4252,1361.0358228683472,-0.019807968,
4253,1361.3229026794434,-0.034141555,
4254,1361.6082768440247,-0.14542478,
4255,1361.8960480690002,-0.00826467,
4256,1362.180924654007,-0.048311695,
4257,1362.4667737483978,-0.004050072,
4258,1362.7558722496033,-0.06782178,
4259,1363.0433194637299,-0.009240963,
4260,1363.3342623710632,-0.011880915,
4261,1363.6188504695892,-0.004883199,
4262,1363.906261920929,-0.06344127,
4263,1364.1981616020203,-0.026253644,
4264,1364.4875648021698,-0.02189652,
4265,1364.7784535884857,-0.077159025,
4266,1365.0674183368683,-0.09906431,
4267,1365.3584060668945,-0.04006304,
4268,1365.648643732071,-0.04617491,
4269,1365.9391145706177,-0.008348593,
4270,1366.2307875156403,-0.014085982,
4271,1366.5202496051788,-0.010665561,
4272,1366.8110206127167,-0.0871604,
4273,1367.0999555587769,-0.03011872,
4274,1367.3887486457825,-0.02099033,
4275,1367.674620628357,-0.004361964,
4276,1368.7491102218628,-0.011517689,
4277,1369.0353252887726,-0.1168647,
4278,1369.3194143772125,-0.06491604,
4279,1369.6063153743744,-0.01392728,
4280,1369.8926403522491,-0.060752887,
4281,1370.1772720813751,-4.3826873e-10,
4282,1370.4647488594055,-0.14171377,
4283,1370.7510638237,-0.039406326,
4284,1371.0379128456116,-0.039830796,
4285,1371.3229455947876,-0.091839686,
4286,1371.6096768379211,-0.0,
4287,1371.8962383270264,-0.04096754,
4288,1372.1813740730286,-0.012182479,
4289,1372.469780921936,-0.014350517,
4290,1372.7543778419495,-0.102534935,
4291,1373.0401995182037,-0.08106393,
4292,1373.327509880066,-0.034783427,
4293,1373.6119129657745,-0.11983797,
4294,1373.8995778560638,-0.023167558,
4295,1374.1857471466064,-0.083574146,
4296,1374.4724607467651,-0.017353544,
4297,1374.7572872638702,-0.05665484,
4298,1375.0431962013245,-0.02798653,
4299,1375.3306884765625,-0.077618584,
4300,1375.7807521820068,-0.071796596,
4301,1376.8186838626862,-0.08415042,
4302,1377.1053109169006,-0.060536534,
4303,1377.393254518509,-0.018728396,
4304,1377.680870294571,-0.11270815,
4305,1377.970984697342,-0.03392381,
4306,1378.259726524353,-0.039651938,
4307,1378.5500695705414,-0.028616432,
4308,1378.8390815258026,-0.011780138,
4309,1379.1294119358063,-0.00029392348,
4310,1379.4171042442322,-0.039144505,
4311,1379.707504272461,-0.0037011872,
4312,1379.9925220012665,-0.081028044,
4313,1380.2781240940094,-0.057251938,
4314,1380.5679550170898,-0.036572658,
4315,1380.8518929481506,-0.018630711,
4316,1381.1385509967804,-0.022323672,
4317,1381.423151731491,-0.0378429,
4318,1381.7090697288513,-0.0316915,
4319,1381.993721961975,-0.047759145,
4320,1382.281576871872,-0.016180478,
4321,1382.5692539215088,-0.059001364,
4322,1382.8538196086884,-0.0010007422,
4323,1383.1412830352783,-0.007147118,
4324,1383.4283773899078,-0.020855794,
4325,1383.7087516784668,-0.033934224,
4326,1384.6989936828613,-0.043852482,
4327,1384.9830548763275,-0.03833849,
4328,1385.2692968845367,-0.050330777,
4329,1385.5538382530212,-0.008163162,
4330,1385.8389916419983,-0.018045207,
4331,1386.1260967254639,-0.066355124,
4332,1386.4114673137665,-0.0,
4333,1386.698270559311,-0.051074013,
4334,1386.9840161800385,-0.017300809,
4335,1387.2689299583435,-0.12567097,
4336,1387.5538051128387,-0.04581162,
4337,1387.8400475978851,-0.015341245,
4338,1388.1269330978394,-0.0077033206,
4339,1388.4118242263794,-0.0279754,
4340,1388.6977519989014,-0.034698248,
4341,1388.9843697547913,-0.066830285,
4342,1389.2687816619873,-0.021182233,
4343,1389.555804014206,-0.012323781,
4344,1389.841347694397,-0.032741327,
4345,1390.1278586387634,-0.0154871205,
4346,1390.4138779640198,-0.027139256,
4347,1390.7016234397888,-0.030527407,
4348,1390.9883813858032,-0.013944291,
4349,1391.2741131782532,-0.0,
4350,1391.560022354126,-0.022915462,
4351,1392.70729637146,-0.040474184,
4352,1392.9907903671265,-0.22507042,
4353,1393.2770314216614,-0.014403036,
4354,1393.5653004646301,-0.056496426,
4355,1393.851529121399,-0.0129726585,
4356,1394.1402354240417,-0.014926517,
4357,1394.427725315094,-0.028344892,
4358,1394.714596748352,-0.052664496,
4359,1395.003008365631,-0.033402905,
4360,1395.2890350818634,-0.02343777,
4361,1395.5759971141815,-0.080589816,
4362,1395.8661456108093,-0.056636367,
4363,1396.1523652076721,-0.01259315,
4364,1396.4399602413177,-0.013560339,
4365,1396.7263860702515,-0.016507234,
4366,1397.012454032898,-0.032258783,
4367,1397.301889181137,-0.023393668,
4368,1397.5906114578247,-0.023746107,
4369,1397.8788900375366,-0.019586816,
4370,1398.1645998954773,-0.063283846,
4371,1398.4523780345917,-0.019347291,
4372,1398.7422115802765,-0.009481946,
4373,1399.0282578468323,-0.023749176,
4374,1399.3160727024078,-0.043390337,
4375,1399.6012780666351,-0.007372926,
4376,1400.6163992881775,-0.009008104,
4377,1400.9027514457703,-0.019399505,
4378,1401.1879577636719,-0.0160133,
4379,1401.4757196903229,-0.06303243,
4380,1401.7610726356506,-0.051222928,
4381,1402.0447340011597,-0.052331623,
4382,1402.3310902118683,-0.050196,
4383,1402.6142954826355,-0.031659096,
4384,1402.9003670215607,-0.09037958,
4385,1403.1855907440186,-0.0050930646,
4386,1403.4688630104065,-0.01654315,
4387,1403.7560019493103,-0.05314579,
4388,1404.042067527771,-0.0032930064,
4389,1404.3287951946259,-0.049186382,
4390,1404.6123836040497,-0.100380264,
4391,1404.898978471756,-0.036197398,
4392,1405.1835522651672,-0.020990849,
4393,1405.4668366909027,-0.06958839,
4394,1405.7550299167633,-0.047038708,
4395,1406.0411229133606,-0.0567508,
4396,1406.3284966945648,-0.015027619,
4397,1406.6150465011597,-0.027180463,
4398,1406.9017550945282,-0.033800997,
4399,1407.188071489334,-0.020288318,
4400,1407.6428952217102,-0.019136166,
4401,1408.793823480606,-0.06772457,
4402,1409.0791819095612,-0.11526497,
4403,1409.3634324073792,-0.0,
4404,1409.6485691070557,-0.10608697,
4405,1409.9355399608612,-0.109720945,
4406,1410.2194278240204,-0.018620111,
4407,1410.5073709487915,-0.09016446,
4408,1410.7937335968018,-0.074135326,
4409,1411.079519033432,-0.049090415,
4410,1411.3652300834656,-0.018954672,
4411,1411.6515004634857,-0.015070596,
4412,1411.939383983612,-0.025079349,
4413,1412.2272608280182,-0.017134659,
4414,1412.517159461975,-0.0015483478,
4415,1412.8060059547424,-0.032525584,
4416,1413.0954649448395,-0.011616189,
4417,1413.3840520381927,-0.031214066,
4418,1413.672446012497,-0.03759457,
4419,1413.9629459381104,-0.047121592,
4420,1414.2521586418152,-0.04797904,
4421,1414.541377544403,-0.005586725,
4422,1414.8303110599518,-0.037456043,
4423,1415.1200158596039,-0.005927438,
4424,1415.4085426330566,-0.016400797,
4425,1415.696238040924,-0.077321716,
4426,1416.903293132782,-0.022809856,
4427,1417.1883811950684,-0.05859916,
4428,1417.4748768806458,-0.038014617,
4429,1417.7608563899994,-0.0509959,
4430,1418.0456330776215,-0.1427121,
4431,1418.3329637050629,-0.006044161,
4432,1418.618970155716,-0.12588215,
4433,1418.9046308994293,-0.004510199,
4434,1419.1942434310913,-0.026533686,
4435,1419.4781608581543,-0.08022505,
4436,1419.764492034912,-0.017670054,
4437,1420.0515704154968,-0.019116364,
4438,1420.3363921642303,-0.09431273,
4439,1420.6240451335907,-0.04936433,
4440,1420.9098975658417,-0.008667797,
4441,1421.1964032649994,-0.11194088,
4442,1421.4811124801636,-0.019329125,
4443,1421.7651240825653,-0.00024384442,
4444,1422.0533151626587,-0.16430435,
4445,1422.3387386798859,-0.190608,
4446,1422.626062631607,-0.04777021,
4447,1422.9118885993958,-0.024556968,
4448,1423.198246717453,-0.023303635,
4449,1423.483826160431,-0.047988243,
4450,1423.7697999477386,-0.07348306,
4451,1424.9845564365387,-0.071529076,
4452,1425.271960258484,-0.014463516,
4453,1425.5580627918243,-0.005400412,
4454,1425.843825340271,-0.03528329,
4455,1426.1325192451477,-0.05312335,
4456,1426.419142484665,-0.03487652,
4457,1426.705394744873,-0.036198873,
4458,1426.994353055954,-0.027832065,
4459,1427.2815146446228,-0.0,
4460,1427.5695769786835,-0.011600144,
4461,1427.856514930725,-0.016266739,
4462,1428.1422400474548,-0.032489654,
4463,1428.4297423362732,-0.010846624,
4464,1428.7149858474731,-0.030427154,
4465,1429.0018317699432,-0.009103481,
4466,1429.2850942611694,-0.08497968,
4467,1429.5696218013763,-0.060946193,
4468,1429.854861497879,-0.0037671104,
4469,1430.138994693756,-0.0518812,
4470,1430.4241542816162,-0.039246064,
4471,1430.706990480423,-0.05614987,
4472,1430.9920468330383,-0.02542337,
4473,1431.27579164505,-0.04271143,
4474,1431.5584740638733,-0.0080225635,
4475,1431.8413920402527,-0.033958506,
4476,1433.0307199954987,-0.04931893,
4477,1433.3190748691559,-0.06750635,
4478,1433.6094529628754,-0.031835612,
4479,1433.8990550041199,-0.04585319,
4480,1434.188913345337,-0.022635475,
4481,1434.4781448841095,-0.12094,
4482,1434.7684798240662,-0.036471486,
4483,1435.0572957992554,-0.049759503,
4484,1435.3500082492828,-0.04138044,
4485,1435.6382517814636,-0.033016875,
4486,1435.9280369281769,-0.015848538,
4487,1436.2171080112457,-0.045355834,
4488,1436.5064861774445,-0.003229353,
4489,1436.797343492508,-0.01534265,
4490,1437.087461233139,-0.03762921,
4491,1437.3773031234741,-0.025932342,
4492,1437.6683094501495,-0.032034792,
4493,1437.955654144287,-0.024611887,
4494,1438.2456386089325,-0.018427385,
4495,1438.5344896316528,-0.04495183,
4496,1438.8224177360535,-0.012589452,
4497,1439.1122677326202,-0.074057534,
4498,1439.4026064872742,-0.012893556,
4499,1439.6922237873077,-0.05230993,
4500,1440.1509861946106,-0.081327885,
4501,1441.3182489871979,-0.031083694,
4502,1441.6054668426514,-0.049035255,
4503,1441.894020318985,-0.06511834,
4504,1442.1842060089111,-0.025174115,
4505,1442.4745795726776,-0.06551427,
4506,1442.762911081314,-0.023331143,
4507,1443.0522482395172,-0.013657572,
4508,1443.338411808014,-0.016036449,
4509,1443.625194311142,-0.038626418,
4510,1443.9138810634613,-0.008129864,
4511,1444.2015137672424,-0.055608977,
4512,1444.4903678894043,-0.054900903,
4513,1444.7762200832367,-0.029094506,
4514,1445.0645503997803,-0.0210252,
4515,1445.3531572818756,-0.010154464,
4516,1445.6402616500854,-0.036485005,
4517,1445.929262638092,-0.005939422,
4518,1446.2182068824768,-0.013245913,
4519,1446.5067119598389,-0.046142556,
4520,1446.7948172092438,-0.052792642,
4521,1447.0836522579193,-0.017542101,
4522,1447.3712842464447,-0.006387307,
4523,1447.6583800315857,-0.12446955,
4524,1447.9478597640991,-0.020852784,
4525,1448.2334220409393,-0.033654675,
4526,1449.2283728122711,-0.023261901,
4527,1449.5164790153503,-0.055859637,
4528,1449.8060808181763,-0.011458807,
4529,1450.0919048786163,-0.06748292,
4530,1450.3766062259674,-0.10873473,
4531,1450.6620979309082,-0.010762464,
4532,1450.950362920761,-0.12512939,
4533,1451.2354142665863,-0.028718472,
4534,1451.5237801074982,-0.0129274335,
4535,1451.8093860149384,-0.029689245,
4536,1452.0956447124481,-0.017573785,
4537,1452.3849401474,-4.1563613e-05,
4538,1452.6705167293549,-0.026879972,
4539,1452.9586148262024,-0.0056331293,
4540,1453.2437317371368,-0.013490986,
4541,1453.5303823947906,-0.04491287,
4542,1453.8154604434967,-0.00035136944,
4543,1454.104027748108,-0.056846097,
4544,1454.3909621238708,-0.013623205,
4545,1454.6768610477448,-0.020067368,
4546,1454.964340209961,-0.03504381,
4547,1455.2498381137848,-0.06061164,
4548,1455.5352203845978,-0.004614815,
4549,1455.8238687515259,-0.015762601,
4550,1456.1057028770447,-0.036050066,
4551,1457.2176320552826,-0.054147385,
4552,1457.5044844150543,-0.022641957,
4553,1457.7928194999695,-0.004194139,
4554,1458.0800845623016,-0.061721303,
4555,1458.3659136295319,-0.014065607,
4556,1458.652107000351,-0.018246157,
4557,1458.9388844966888,-0.037493598,
4558,1459.2281472682953,-0.031696364,
4559,1459.5124037265778,-0.017502952,
4560,1459.800036430359,-0.063282914,
4561,1460.0860476493835,-0.103949346,
4562,1460.3709604740143,-0.14111319,
4563,1460.660899400711,-0.008769547,
4564,1460.9499855041504,-0.08300465,
4565,1461.2399945259094,-0.078274965,
4566,1461.5296535491943,-0.008327169,
4567,1461.8197598457336,-0.04867173,
4568,1462.1099643707275,-0.02687918,
4569,1462.399836063385,-0.02351265,
4570,1462.6885886192322,-0.015306916,
4571,1462.9767169952393,-0.06323136,
4572,1463.266505241394,-0.0758145,
4573,1463.555379152298,-0.0,
4574,1463.8454322814941,-0.05275296,
4575,1464.1309561729431,-0.024809487,
4576,1465.1344048976898,-0.00883119,
4577,1465.419996023178,-0.0021226127,
4578,1465.7057242393494,-0.03538002,
4579,1465.9905579090118,-0.009070931,
4580,1466.278135061264,-0.06566822,
4581,1466.563871383667,-0.008156019,
4582,1466.849181652069,-0.024526846,
4583,1467.1388363838196,-0.09430198,
4584,1467.4234719276428,-0.20409006,
4585,1467.7100269794464,-0.03740009,
4586,1467.9962096214294,-0.024490865,
4587,1468.2835478782654,-0.04934184,
4588,1468.569679737091,-0.09093195,
4589,1468.8553140163422,-0.007059558,
4590,1469.1416227817535,-0.0073451633,
4591,1469.4262878894806,-0.04816041,
4592,1469.7104678153992,-0.014678513,
4593,1469.9955716133118,-0.033335306,
4594,1470.2794497013092,-0.09052162,
4595,1470.5626413822174,-0.008475302,
4596,1470.8468856811523,-0.12378657,
4597,1471.1326460838318,-0.013079073,
4598,1471.4180891513824,-0.0032073548,
4599,1471.7052986621857,-0.012295013,
4600,1472.1533119678497,-0.022705046,
4601,1473.2170672416687,-0.033797625,
4602,1473.503137588501,-0.08890936,
4603,1473.791580438614,-0.010304733,
4604,1474.0814661979675,-0.006626128,
4605,1474.369381904602,-0.031804796,
4606,1474.6585547924042,-0.03335412,
4607,1474.9460456371307,-4.5981558e-08,
4608,1475.235806941986,-0.043216497,
4609,1475.5233943462372,-0.0030685912,
4610,1475.8103578090668,-0.045774236,
4611,1476.099648475647,-0.051394477,
4612,1476.388123035431,-0.09880885,
4613,1476.6775603294373,-0.030122306,
4614,1476.9616360664368,-0.02584185,
4615,1477.247876882553,-0.047813073,
4616,1477.5343217849731,-0.11621766,
4617,1477.8182590007782,-0.015655229,
4618,1478.104590177536,-0.04489565,
4619,1478.3888175487518,-0.032335117,
4620,1478.6748354434967,-0.06734491,
4621,1478.9573073387146,-0.06856324,
4622,1479.2415697574615,-0.007225865,
4623,1479.5280604362488,-0.03754964,
4624,1479.8127534389496,-0.029711302,
4625,1480.0963225364685,-0.02956633,
4626,1481.2528607845306,-0.042976134,
4627,1481.5387907028198,-0.020580262,
4628,1481.8233499526978,-0.051502094,
4629,1482.1105525493622,-0.034231987,
4630,1482.3967714309692,-0.13237974,
4631,1482.6821534633636,-0.04519872,
4632,1482.9686691761017,-0.03180642,
4633,1483.2555644512177,-0.012633036,
4634,1483.5440483093262,-0.045565806,
4635,1483.8301844596863,-0.08039397,
4636,1484.1178579330444,-0.036323506,
4637,1484.4039528369904,-0.03600517,
4638,1484.6904299259186,-0.01929938,
4639,1484.9786629676819,-0.024082461,
4640,1485.265865802765,-0.06644011,
4641,1485.5555880069733,-0.10228986,
4642,1485.8423607349396,-0.009205311,
4643,1486.129343509674,-0.015288227,
4644,1486.4172399044037,-0.030430045,
4645,1486.7034265995026,-0.02410008,
4646,1486.9934346675873,-0.024710545,
4647,1487.2804946899414,-0.105923295,
4648,1487.567087650299,-0.015989667,
4649,1487.8565502166748,-0.024026997,
4650,1488.139627456665,-0.014799099,
4651,1489.3008012771606,-0.034784332,
4652,1489.5854728221893,-0.059405774,
4653,1489.8740775585175,-0.00074464094,
4654,1490.1610252857208,-0.03876115,
4655,1490.4478125572205,-0.024621837,
4656,1490.7347104549408,-0.028159536,
4657,1491.0221762657166,-0.06596953,
4658,1491.3102579116821,-0.0,
4659,1491.5983817577362,-0.036366835,
4660,1491.8847556114197,-0.033234082,
4661,1492.172488451004,-0.0012575822,
4662,1492.4594671726227,-0.06838895,
4663,1492.7457103729248,-0.08540514,
4664,1493.0334708690643,-0.093876466,
4665,1493.321269750595,-0.02134674,
4666,1493.6075174808502,-0.08819122,
4667,1493.8937494754791,-0.005421935,
4668,1494.1818330287933,-0.074436806,
4669,1494.4704961776733,-0.018384293,
4670,1494.7574100494385,-0.06366405,
4671,1495.0421979427338,-0.04163263,
4672,1495.3296036720276,-0.03488893,
4673,1495.6160280704498,-0.05826499,
4674,1495.9029986858368,-0.020767128,
4675,1496.1905291080475,-0.067121856,
4676,1497.2383649349213,-0.08086258,
4677,1497.5237522125244,-0.07174521,
4678,1497.8104095458984,-0.049587846,
4679,1498.0949511528015,-0.050353717,
4680,1498.3814804553986,-0.031499304,
4681,1498.666645526886,-0.00907128,
4682,1498.952929019928,-0.04045298,
4683,1499.2370262145996,-0.055940267,
4684,1499.5231680870056,-0.036202773,
4685,1499.8106997013092,-0.023905799,
4686,1500.0965960025787,-0.014365715,
4687,1500.3833496570587,-0.022437198,
4688,1500.6683313846588,-0.047117352,
4689,1500.954184770584,-1.3797365e-10,
4690,1501.238032579422,-0.03476286,
4691,1501.5236148834229,-0.091389105,
4692,1501.811892747879,-0.00998784,
4693,1502.098520040512,-0.022787686,
4694,1502.3874695301056,-0.0035084244,
4695,1502.6722903251648,-0.01210542,
4696,1502.9600400924683,-0.047620326,
4697,1503.2465045452118,-0.048172675,
4698,1503.5308027267456,-0.014822664,
4699,1503.8176457881927,-0.03141553,
4700,1504.2696301937103,-0.0676316,
4701,1505.316211938858,-0.07411438,
4702,1505.597626209259,-0.046204403,
4703,1505.8836178779602,-0.025143426,
4704,1506.1677470207214,-0.006877371,
4705,1506.4534690380096,-0.0062954156,
4706,1506.7363159656525,-0.0073906756,
4707,1507.0213282108307,-0.019580403,
4708,1507.3057072162628,-0.011551784,
4709,1507.589391708374,-0.022693207,
4710,1507.8756268024445,-0.012224661,
4711,1508.1607229709625,-0.0,
4712,1508.4470233917236,-0.08755885,
4713,1508.7294495105743,-0.032819208,
4714,1509.0191812515259,-0.086894155,
4715,1509.3100910186768,-0.052459877,
4716,1509.597548007965,-0.112329595,
4717,1509.887387752533,-0.00048899616,
4718,1510.1754796504974,-0.10028897,
4719,1510.463613986969,-0.05293916,
4720,1510.752563238144,-0.027447697,
4721,1511.040565252304,-0.02498238,
4722,1511.3298120498657,-0.04140117,
4723,1511.6174156665802,-0.010094009,
4724,1511.9063203334808,-0.007865995,
4725,1512.1900515556335,-0.04822187,
4726,1513.3650207519531,-2.839739e-09,
4727,1513.6481201648712,-0.01740074,
4728,1513.930965423584,-0.03732267,
4729,1514.2163672447205,-0.06309549,
4730,1514.5006048679352,-0.033375632,
4731,1514.7835063934326,-0.03973516,
4732,1515.065542459488,-0.0,
4733,1515.3481006622314,-1.0207339e-06,
4734,1515.6329967975616,-0.05409108,
4735,1515.9154450893402,-0.07769635,
4736,1516.201907634735,-0.032679826,
4737,1516.4845764636993,-0.08024873,
4738,1516.7665486335754,-0.010162582,
4739,1517.0496516227722,-0.044607528,
4740,1517.3319585323334,-0.03365785,
4741,1517.6149723529816,-0.026850292,
4742,1517.8992865085602,-0.017918512,
4743,1518.1833176612854,-0.0531363,
4744,1518.4662630558014,-0.0024177479,
4745,1518.7504482269287,-0.07069526,
4746,1519.0344157218933,-0.018933337,
4747,1519.3216350078583,-0.0035163027,
4748,1519.6047625541687,-0.0027371673,
4749,1519.8892605304718,-0.04410988,
4750,1520.1668512821198,-0.012603415,
4751,1521.3221974372864,-0.012885193,
4752,1521.609489440918,-0.03109258,
4753,1521.8957102298737,-0.030079473,
4754,1522.1856586933136,-0.04765019,
4755,1522.4736223220825,-0.016260263,
4756,1522.7633955478668,-0.0052714716,
4757,1523.0515797138214,-0.057278633,
4758,1523.3401510715485,-0.05177345,
4759,1523.628407239914,-0.00819828,
4760,1523.915023803711,-0.04595913,
4761,1524.2045454978943,-0.018961472,
4762,1524.4914557933807,-0.020262163,
4763,1524.7771787643433,-0.022775203,
4764,1525.064433336258,-0.015198861,
4765,1525.3500719070435,-0.10543303,
4766,1525.6359505653381,-0.052287303,
4767,1525.9210255146027,-0.053406995,
4768,1526.2048411369324,-0.018751848,
4769,1526.4894478321075,-0.03632864,
4770,1526.7742803096771,-0.009480473,
4771,1527.060996055603,-0.00849035,
4772,1527.3443176746368,-0.0072658444,
4773,1527.6301052570343,-0.01428898,
4774,1527.9142360687256,-0.009491305,
4775,1528.19535779953,-0.028360441,
4776,1529.2612745761871,-0.03393189,
4777,1529.5435025691986,-0.12077062,
4778,1529.8301935195923,-0.02610178,
4779,1530.1150245666504,-0.009097059,
4780,1530.402066230774,-0.0055653783,
4781,1530.6869404315948,-0.0,
4782,1530.9714586734772,-0.093224175,
4783,1531.2600274085999,-0.035356984,
4784,1531.5440139770508,-0.0,
4785,1531.83003115654,-0.07533525,
4786,1532.1150629520416,-0.025021672,
4787,1532.4016482830048,-0.03359524,
4788,1532.6863644123077,-0.0324344,
4789,1532.970868587494,-0.010131796,
4790,1533.2591979503632,-0.06990379,
4791,1533.5441854000092,-0.029354544,
4792,1533.8292565345764,-0.039442547,
4793,1534.1153736114502,-0.05255807,
4794,1534.4008104801178,-0.011222636,
4795,1534.6876058578491,-0.025464512,
4796,1534.9740390777588,-0.034341134,
4797,1535.2623376846313,-0.009565502,
4798,1535.5474922657013,-0.043229725,
4799,1535.8335897922516,-0.02204705,
4800,1536.2893929481506,-0.011102405,
4801,1537.3816933631897,-0.08215849,
4802,1537.6671705245972,-0.012407033,
4803,1537.956025838852,-1.0629634e-07,
4804,1538.2422609329224,-0.22031648,
4805,1538.5283691883087,-0.069600075,
4806,1538.8176963329315,-0.021199198,
4807,1539.1039917469025,-0.058181398,
4808,1539.3917381763458,-0.050965197,
4809,1539.6804687976837,-0.029726885,
4810,1539.9681973457336,-0.024843402,
4811,1540.2560811042786,-0.12112306,
4812,1540.5424621105194,-0.06229001,
4813,1540.8294653892517,-0.044680245,
4814,1541.117126941681,-0.00702551,
4815,1541.4033319950104,-0.043052096,
4816,1541.6898658275604,-0.012428535,
4817,1541.9790687561035,-0.07991199,
4818,1542.2662987709045,-0.039446007,
4819,1542.5552685260773,-0.026543502,
4820,1542.8424654006958,-6.5773886e-05,
4821,1543.1303842067719,-0.0,
4822,1543.4195005893707,-0.025359102,
4823,1543.708467721939,-0.0039671375,
4824,1543.9982452392578,-0.032038286,
4825,1544.2811460494995,-0.02837861,
4826,1545.3180074691772,-0.02468334,
4827,1545.5990080833435,-0.007972858,
4828,1545.8846604824066,-0.029756729,
4829,1546.1695425510406,-0.029135862,
4830,1546.453919172287,-0.015236517,
4831,1546.7392892837524,-0.02428827,
4832,1547.0235657691956,-0.04124321,
4833,1547.3104665279388,-0.01211663,
4834,1547.5944175720215,-0.0433807,
4835,1547.8785226345062,-0.06871286,
4836,1548.1640322208405,-0.03932934,
4837,1548.4488289356232,-0.031393923,
4838,1548.7366976737976,-0.027181506,
4839,1549.0207152366638,-0.015572303,
4840,1549.3060247898102,-0.0013374113,
4841,1549.5910267829895,-0.013886371,
4842,1549.875595331192,-0.060821723,
4843,1550.1619658470154,-0.016645484,
4844,1550.4476408958435,-0.040919293,
4845,1550.735021829605,-0.08452308,
4846,1551.019504070282,-0.032825723,
4847,1551.3051290512085,-0.01947061,
4848,1551.589153289795,-0.04699903,
4849,1551.8736658096313,-0.008707849,
4850,1552.1551797389984,-0.028846957,
4851,1553.304978609085,-0.0054092975,
4852,1553.589806318283,-0.0139497,
4853,1553.876710653305,-0.10504654,
4854,1554.1637256145477,-0.08178143,
4855,1554.4494740962982,-0.019496225,
4856,1554.736264705658,-0.027074914,
4857,1555.0207960605621,-0.08227218,
4858,1555.3072407245636,-0.0012915272,
4859,1555.5940163135529,-0.025277551,
4860,1555.8796360492706,-0.023228733,
4861,1556.1675825119019,-0.019049741,
4862,1556.4543344974518,-0.027593043,
4863,1556.7448213100433,-0.026600607,
4864,1557.037193775177,-0.03317943,
4865,1557.3272774219513,-0.0,
4866,1557.6188325881958,-0.020483404,
4867,1557.908067703247,-0.01069049,
4868,1558.199168920517,-0.035613637,
4869,1558.4892117977142,-0.013871886,
4870,1558.7799670696259,-0.009907627,
4871,1559.0710189342499,-0.031560857,
4872,1559.3597860336304,-0.040595356,
4873,1559.6500000953674,-0.002511786,
4874,1559.9377801418304,-0.03699879,
4875,1560.2210211753845,-0.022386428,
4876,1561.413344860077,-0.048065662,
4877,1561.6994621753693,-0.0048242053,
4878,1561.9878311157227,-0.009425948,
4879,1562.2738816738129,-0.026501888,
4880,1562.5613334178925,-0.0,
4881,1562.8471603393555,-0.0012563169,
4882,1563.1350808143616,-0.061177462,
4883,1563.4214408397675,-0.017584326,
4884,1563.7086727619171,-0.026666116,
4885,1563.9934725761414,-0.029368995,
4886,1564.2789943218231,-0.01123437,
4887,1564.5677919387817,-0.039270893,
4888,1564.8524150848389,-0.015214596,
4889,1565.1373903751373,-0.025777116,
4890,1565.4242630004883,-0.059448965,
4891,1565.7099523544312,-0.09513481,
4892,1565.9984996318817,-0.008669711,
4893,1566.2828822135925,-0.013031114,
4894,1566.5705480575562,-0.034811743,
4895,1566.8561215400696,-0.02268765,
4896,1567.1416132450104,-0.0029092492,
4897,1567.4306581020355,-0.04646654,
4898,1567.7158133983612,-0.050270908,
4899,1568.003502368927,-0.029927423,
4900,1568.451110124588,-0.079444595,
4901,1569.5883331298828,-0.03437972,
4902,1569.8731315135956,-0.03743593,
4903,1570.1617362499237,-0.0023938634,
4904,1570.4517011642456,-0.046826478,
4905,1570.7403500080109,-0.0024973808,
4906,1571.0309433937073,-0.032120325,
4907,1571.3194391727448,-0.10051371,
4908,1571.6092491149902,-0.054149546,
4909,1571.897104024887,-0.06161869,
4910,1572.1864004135132,-0.041488193,
4911,1572.4738669395447,-0.03378711,
4912,1572.7586908340454,-0.08419909,
4913,1573.0459156036377,-0.062491115,
4914,1573.3302829265594,-0.023731485,
4915,1573.615324497223,-0.009468937,
4916,1573.9029557704926,-4.848944e-09,
4917,1574.1876556873322,-0.02072665,
4918,1574.474261522293,-0.010081948,
4919,1574.7586526870728,-0.018161703,
4920,1575.0449979305267,-0.0139386365,
4921,1575.3306295871735,-0.023522414,
4922,1575.6151766777039,-0.009495966,
4923,1575.9028749465942,-0.0010769953,
4924,1576.1876142024994,-0.006546708,
4925,1576.4693732261658,-0.02025976,
4926,1577.6272177696228,-0.075742036,
4927,1577.9111897945404,-0.010319133,
4928,1578.1956572532654,-0.013064172,
4929,1578.4832389354706,-0.03371575,
4930,1578.7696509361267,-0.02290212,
4931,1579.0553770065308,-0.0,
4932,1579.3446400165558,-0.06972814,
4933,1579.6303040981293,-0.025337938,
4934,1579.9160385131836,-0.010933235,
4935,1580.20374751091,-0.010077371,
4936,1580.4899191856384,-0.0,
4937,1580.7777235507965,-0.04697012,
4938,1581.0655431747437,-0.063451216,
4939,1581.3523421287537,-0.0017173449,
4940,1581.638314962387,-0.017766217,
4941,1581.926132440567,-0.06424932,
4942,1582.2135100364685,-0.03139784,
4943,1582.5008537769318,-0.0671992,
4944,1582.7905781269073,-0.012459501,
4945,1583.0772156715393,-0.010835399,
4946,1583.3676135540009,-0.012177902,
4947,1583.654507637024,-0.0,
4948,1583.9441010951996,-0.011294476,
4949,1584.2309875488281,-0.017511096,
4950,1584.5161554813385,-0.06731093,
4951,1585.5456068515778,-0.035890814,
4952,1585.8285677433014,-0.019055212,
4953,1586.1147525310516,-0.0,
4954,1586.4025332927704,-0.02890146,
4955,1586.685777425766,-0.025314258,
4956,1586.9723584651947,-0.015536912,
4957,1587.2593858242035,-0.04335276,
4958,1587.5465803146362,-0.037809253,
4959,1587.8315720558167,-0.01522489,
4960,1588.1180322170258,-0.005802738,
4961,1588.4044144153595,-0.015369004,
4962,1588.6909670829773,-0.07024613,
4963,1588.9774582386017,-0.07465653,
4964,1589.2635860443115,-0.016836105,
4965,1589.551590204239,-0.019845555,
4966,1589.837221622467,-0.067685924,
4967,1590.125468492508,-0.017601656,
4968,1590.4107015132904,-0.021174027,
4969,1590.6996812820435,-0.0023755005,
4970,1590.9853315353394,-0.025743898,
4971,1591.2718741893768,-0.029653065,
4972,1591.5598282814026,-0.05966065,
4973,1591.847455739975,-0.016726188,
4974,1592.1332569122314,-0.021332689,
4975,1592.4176738262177,-0.023724064,
4976,1593.5338366031647,-0.09786166,
4977,1593.815898656845,-0.01458768,
4978,1594.1004645824432,-0.0,
4979,1594.386043548584,-0.061267253,
4980,1594.6709485054016,-0.050276607,
4981,1594.956824541092,-0.016989566,
4982,1595.2383930683136,-0.040970154,
4983,1595.5221536159515,-0.006049336,
4984,1595.8053996562958,-0.0060121263,
4985,1596.0878491401672,-0.019088628,
4986,1596.372632741928,-0.039968885,
4987,1596.6555650234222,-0.09592506,
4988,1596.9405562877655,-0.023601133,
4989,1597.2238898277283,-0.020942245,
4990,1597.5076241493225,-0.029536173,
4991,1597.7925522327423,-0.044857524,
4992,1598.0761723518372,-0.0,
4993,1598.3611419200897,-0.093494914,
4994,1598.6443667411804,-0.060366467,
4995,1598.9281845092773,-0.019410994,
4996,1599.2116556167603,-0.065261886,
4997,1599.496304988861,-0.080990314,
4998,1599.7807643413544,-0.007417244,
4999,1600.0640528202057,-0.015802938,
5000,1600.5158133506775,-0.0049839267,
5001,1601.5850024223328,-0.0395303,
5002,1601.868175983429,-0.0814247,
5003,1602.1522467136383,-0.023844693,
5004,1602.4391524791718,-0.052042097,
5005,1602.7221431732178,-0.057830013,
5006,1603.0079255104065,-0.024090309,
5007,1603.2921693325043,-0.058488443,
5008,1603.5767424106598,-0.034131028,
5009,1603.861810684204,-0.023875903,
5010,1604.1454679965973,-0.0138656115,
5011,1604.4325523376465,-0.0009862308,
5012,1604.7177348136902,-0.08312339,
5013,1605.001743555069,-0.0011882383,
5014,1605.284212589264,-0.020177532,
5015,1605.5708451271057,-0.05892726,
5016,1605.8610999584198,-0.009977753,
5017,1606.1491618156433,-0.022263248,
5018,1606.4388451576233,-0.038344696,
5019,1606.7276854515076,-0.050747454,
5020,1607.0180299282074,-0.08612512,
5021,1607.306351184845,-0.031673748,
5022,1607.5952253341675,-0.15506285,
5023,1607.8839361667633,-0.055438995,
5024,1608.1710739135742,-0.031657096,
5025,1608.456369638443,-0.012193115,
5026,1609.6046450138092,-0.04891925,
5027,1609.8890471458435,-0.10054599,
5028,1610.1776278018951,-0.009355019,
5029,1610.4611239433289,-0.045100786,
5030,1610.7477180957794,-0.02590612,
5031,1611.0341980457306,-0.038905963,
5032,1611.3197786808014,-0.01888764,
5033,1611.606345653534,-0.021669358,
5034,1611.8920471668243,-0.02538579,
5035,1612.1781837940216,-0.016220843,
5036,1612.463670015335,-0.012470651,
5037,1612.750743150711,-0.01890599,
5038,1613.0385448932648,-0.06542589,
5039,1613.326991558075,-0.0,
5040,1613.6182310581207,-0.04715102,
5041,1613.9031887054443,-0.032954656,
5042,1614.1905121803284,-0.013156416,
5043,1614.4760224819183,-0.043694925,
5044,1614.7643191814423,-0.08821901,
5045,1615.0526909828186,-0.0015184667,
5046,1615.33753824234,-0.0009673349,
5047,1615.6258974075317,-0.050317377,
5048,1615.9119184017181,-0.005820112,
5049,1616.1981182098389,-0.026235087,
5050,1616.479485988617,-0.034316257,
5051,1617.5924952030182,-0.066823654,
5052,1617.8784506320953,-0.017141359,
5053,1618.1683702468872,-0.059816636,
5054,1618.4600467681885,-0.0558413,
5055,1618.7472491264343,-0.003752943,
5056,1619.0371525287628,-0.0035119655,
5057,1619.3253173828125,-0.013627929,
5058,1619.6154913902283,-0.021317016,
5059,1619.9043107032776,-0.013235806,
5060,1620.1947033405304,-0.010793,
5061,1620.4826564788818,-0.051346704,
5062,1620.7718760967255,-0.0,
5063,1621.0593123435974,-0.004688515,
5064,1621.3459537029266,-0.0019182832,
5065,1621.6339724063873,-0.0497901,
5066,1621.9197642803192,-0.019663077,
5067,1622.2046880722046,-0.018183196,
5068,1622.4902970790863,-0.01676185,
5069,1622.7752077579498,-0.038163457,
5070,1623.059345960617,-0.07853063,
5071,1623.3465905189514,-0.025596008,
5072,1623.6319568157196,-0.02121259,
5073,1623.9170198440552,-0.016549267,
5074,1624.2003605365753,-0.022701377,
5075,1624.4813032150269,-0.009046753,
5076,1625.6069071292877,-0.03470193,
5077,1625.8925297260284,-0.008214736,
5078,1626.1788446903229,-0.00070266926,
5079,1626.4659278392792,-0.053814493,
5080,1626.7528319358826,-0.053534556,
5081,1627.0386002063751,-0.0020351643,
5082,1627.3253355026245,-0.009326553,
5083,1627.6118867397308,-0.033752292,
5084,1627.8986883163452,-0.062348045,
5085,1628.1884846687317,-0.051700626,
5086,1628.4747114181519,-0.043475386,
5087,1628.7611391544342,-0.08861545,
5088,1629.04829454422,-0.018269338,
5089,1629.3347477912903,-0.0026122574,
5090,1629.6201674938202,-0.027721265,
5091,1629.9065120220184,-0.05006404,
5092,1630.193579673767,-0.028652884,
5093,1630.4787769317627,-0.08533171,
5094,1630.7662715911865,-0.08595795,
5095,1631.0525557994843,-0.034568705,
5096,1631.337504863739,-4.345339e-05,
5097,1631.6256957054138,-0.02067012,
5098,1631.913369178772,-0.017282438,
5099,1632.2000451087952,-0.017551592,
5100,1632.6568336486816,-0.047739673,
5101,1633.8212447166443,-0.017581046,
5102,1634.1034333705902,-0.015273977,
5103,1634.3888924121857,-1.5522042e-11,
5104,1634.6710658073425,-0.04292183,
5105,1634.9542121887207,-0.030681407,
5106,1635.2377715110779,-0.038457885,
5107,1635.522426366806,-0.06491463,
5108,1635.8082566261292,-0.023163302,
5109,1636.094041109085,-0.023001637,
5110,1636.3784806728363,-0.013059054,
5111,1636.6640374660492,-0.0044685923,
5112,1636.948590040207,-0.0059856637,
5113,1637.2339129447937,-0.03229221,
5114,1637.5184605121613,-0.0,
5115,1637.8044791221619,-0.010128663,
5116,1638.090728521347,-0.016688986,
5117,1638.37486577034,-0.084249586,
5118,1638.6595952510834,-0.038921364,
5119,1638.9476454257965,-0.026459381,
5120,1639.2332675457,-0.07948754,
5121,1639.5178909301758,-0.05894963,
5122,1639.8029475212097,-0.008693756,
5123,1640.088796377182,-0.07284347,
5124,1640.3747518062592,-0.046306767,
5125,1640.6571934223175,-0.024500163,
5126,1641.593329668045,-0.012082572,
5127,1641.8744535446167,-2.8534108e-10,
5128,1642.1593463420868,-0.031090125,
5129,1642.4457612037659,-0.03323821,
5130,1642.7299590110779,-0.04646945,
5131,1643.0163130760193,-0.0,
5132,1643.3020141124725,-0.067869045,
5133,1643.5876822471619,-0.11063496,
5134,1643.872760772705,-0.017414907,
5135,1644.1572706699371,-0.038594656,
5136,1644.4451797008514,-0.023362108,
5137,1644.7296619415283,-0.06447669,
5138,1645.0170004367828,-0.011055902,
5139,1645.3024356365204,-0.02131381,
5140,1645.5875194072723,-0.029947551,
5141,1645.872064590454,-0.0,
5142,1646.1561448574066,-0.018992025,
5143,1646.444341659546,-0.0015512557,
5144,1646.7272248268127,-0.033704776,
5145,1647.0128321647644,-0.008079512,
5146,1647.2973840236664,-0.040213514,
5147,1647.5834505558014,-0.00034683917,
5148,1647.8686764240265,-0.01423649,
5149,1648.1528182029724,-0.050712783,
5150,1648.4378633499146,-0.049304023,
5151,1649.4178960323334,-0.002920911,
5152,1649.7019476890564,-0.025597952,
5153,1649.9844045639038,-0.003921742,
5154,1650.2704515457153,-0.019693697,
5155,1650.5549166202545,-0.04676485,
5156,1650.839340686798,-0.046454336,
5157,1651.1251947879791,-0.013543563,
5158,1651.4087731838226,-0.022112189,
5159,1651.6928803920746,-0.0142526645,
5160,1651.9772424697876,-0.0015725249,
5161,1652.2603919506073,-0.006211233,
5162,1652.5489947795868,-0.0657218,
5163,1652.8363711833954,-0.009682025,
5164,1653.1248934268951,-0.08735265,
5165,1653.4126081466675,-0.056386724,
5166,1653.7002458572388,-0.005239827,
5167,1653.9885957241058,-0.019744063,
5168,1654.2756462097168,-8.125691e-06,
5169,1654.564871788025,-0.01334099,
5170,1654.85236120224,-0.05591153,
5171,1655.1410460472107,-0.02664366,
5172,1655.4280819892883,-0.00022250152,
5173,1655.7158877849579,-0.04079953,
5174,1656.0011467933655,-0.039069504,
5175,1656.282769203186,-0.0025036323,
5176,1657.2739808559418,-0.0,
5177,1657.561050415039,-0.0,
5178,1657.843735218048,-0.010042461,
5179,1658.129719734192,-0.008859793,
5180,1658.4147996902466,-0.034397796,
5181,1658.6994500160217,-0.019115519,
5182,1658.9838666915894,-0.076916955,
5183,1659.267376422882,-0.023147644,
5184,1659.5521116256714,-0.018571451,
5185,1659.8396241664886,-0.0307013,
5186,1660.122356414795,-0.030630367,
5187,1660.409576177597,-0.048079085,
5188,1660.6938951015472,-0.0,
5189,1660.979826450348,-0.03657533,
5190,1661.2627317905426,-0.011421859,
5191,1661.5461604595184,-0.021653395,
5192,1661.8319120407104,-0.005791467,
5193,1662.1166903972626,-0.018738106,
5194,1662.4017984867096,-0.03992082,
5195,1662.6850700378418,-0.057739794,
5196,1662.969981431961,-0.012551225,
5197,1663.2564928531647,-0.030237895,
5198,1663.5406568050385,-0.028486688,
5199,1663.8268718719482,-0.06122875,
5200,1664.276470899582,-0.023225319,
5201,1665.449219942093,-0.015961824,
5202,1665.736902475357,-0.0,
5203,1666.0264587402344,-0.016043473,
5204,1666.3149900436401,-0.08031539,
5205,1666.604267835617,-0.036866803,
5206,1666.8919613361359,-0.07714375,
5207,1667.1818788051605,-0.06989081,
5208,1667.4691994190216,-0.016074358,
5209,1667.75812625885,-0.00942871,
5210,1668.0460014343262,-0.04964079,
5211,1668.3303456306458,-0.028175069,
5212,1668.617246389389,-0.012162713,
5213,1668.9039561748505,-0.007949034,
5214,1669.1887097358704,-0.014166752,
5215,1669.4773726463318,-0.056038283,
5216,1669.759647846222,-0.059611037,
5217,1670.0446617603302,-0.01349166,
5218,1670.3290224075317,-0.011795502,
5219,1670.6162960529327,-0.19710182,
5220,1670.9031631946564,-0.037574913,
5221,1671.1865375041962,-0.045134634,
5222,1671.4746675491333,-0.0046251095,
5223,1671.7580502033234,-0.043813255,
5224,1672.0419895648956,-0.051906176,
5225,1672.3237998485565,-0.00088311936,
5226,1673.3995525836945,-0.041755408,
5227,1673.6843202114105,-0.04637179,
5228,1673.9703388214111,-0.0,
5229,1674.2578551769257,-0.018893609,
5230,1674.5428574085236,-0.00394086,
5231,1674.8269340991974,-0.0018897163,
5232,1675.1140766143799,-0.011495909,
5233,1675.3977596759796,-0.04143476,
5234,1675.6839656829834,-0.015826667,
5235,1675.966670036316,-0.0017492127,
5236,1676.2520444393158,-0.03853533,
5237,1676.5368022918701,-0.021069117,
5238,1676.8218524456024,-0.007705912,
5239,1677.10737657547,-0.07336393,
5240,1677.3928554058075,-0.019183908,
5241,1677.677859544754,-0.12730697,
5242,1677.961886882782,-0.034681596,
5243,1678.2465081214905,-0.015086353,
5244,1678.5341420173645,-0.020532709,
5245,1678.819501876831,-0.10607713,
5246,1679.1056163311005,-0.0,
5247,1679.3913683891296,-0.05228406,
5248,1679.6776039600372,-0.010129024,
5249,1679.964170217514,-0.04204298,
5250,1680.247972726822,-0.05074983,
5251,1681.4182262420654,-0.006920714,
5252,1681.6998879909515,-0.028242314,
5253,1681.9818518161774,-0.003971234,
5254,1682.2655086517334,-4.042867e-06,
5255,1682.5494003295898,-0.019450905,
5256,1682.8341212272644,-0.021311594,
5257,1683.119084596634,-0.013104167,
5258,1683.4027194976807,-0.071236394,
5259,1683.6897010803223,-0.019986827,
5260,1683.9735026359558,-0.020092431,
5261,1684.2584640979767,-0.0046358155,
5262,1684.5431439876556,-0.014806026,
5263,1684.8278050422668,-0.04901662,
5264,1685.1125116348267,-0.01919381,
5265,1685.3956434726715,-0.009918802,
5266,1685.6814315319061,-0.06000855,
5267,1685.965556383133,-0.04322583,
5268,1686.2509274482727,-0.04327426,
5269,1686.5361449718475,-0.076449275,
5270,1686.8201582431793,-0.01928807,
5271,1687.1050064563751,-0.0006775088,
5272,1687.3886151313782,-0.026092058,
5273,1687.6733553409576,-0.0,
5274,1687.9595510959625,-0.01084462,
5275,1688.238984823227,-0.0587884,
5276,1689.3680789470673,-0.024382938,
5277,1689.6496379375458,-0.019797096,
5278,1689.9342858791351,-0.04095351,
5279,1690.2177066802979,-0.03296032,
5280,1690.5023112297058,-0.055210225,
5281,1690.7860171794891,-0.0457664,
5282,1691.070044517517,-0.073496066,
5283,1691.3553085327148,-0.026010951,
5284,1691.638414144516,-0.019844182,
5285,1691.924605846405,-0.012092467,
5286,1692.2078421115875,-0.054846,
5287,1692.4922041893005,-0.036623772,
5288,1692.7764523029327,-0.04670324,
5289,1693.0595920085907,-0.05054018,
5290,1693.3461146354675,-0.021576975,
5291,1693.6327939033508,-0.008031121,
5292,1693.9183602333069,-0.027086012,
5293,1694.2011590003967,-0.034580484,
5294,1694.4889669418335,-0.03611464,
5295,1694.7728929519653,-0.008941347,
5296,1695.0567140579224,-0.040260002,
5297,1695.3433697223663,-0.012307264,
5298,1695.6279139518738,-0.027479459,
5299,1695.9137601852417,-0.0025924922,
5300,1696.3632230758667,-0.032139596,
5301,1697.51638007164,-0.028600425,
5302,1697.7964091300964,-0.0053971875,
5303,1698.0814940929413,-0.010753209,
5304,1698.3649616241455,-0.051286533,
5305,1698.6498003005981,-0.0020431748,
5306,1698.9318602085114,-0.017563757,
5307,1699.2145991325378,-0.036649544,
5308,1699.499002456665,-0.0010912113,
5309,1699.7880535125732,-0.00082435296,
5310,1700.0760610103607,-0.022028416,
5311,1700.363092660904,-0.046021532,
5312,1700.6514625549316,-0.057780564,
5313,1700.9386250972748,-0.02037093,
5314,1701.227634191513,-0.05252503,
5315,1701.5143749713898,-0.008966863,
5316,1701.8017377853394,-0.07063157,
5317,1702.090018749237,-0.005202816,
5318,1702.3769595623016,-0.058347832,
5319,1702.6638298034668,-0.04353139,
5320,1702.9496657848358,-0.04495205,
5321,1703.234362602234,-0.023294654,
5322,1703.5200636386871,-0.0384051,
5323,1703.807682275772,-0.003274291,
5324,1704.0902009010315,-0.008407379,
5325,1704.371788263321,-0.01444738,
5326,1705.4205915927887,-0.04021885,
5327,1705.7053861618042,-0.015669098,
5328,1705.9910411834717,-0.003592339,
5329,1706.275051355362,-0.04984302,
5330,1706.5609760284424,-0.040541977,
5331,1706.8443040847778,-0.022042796,
5332,1707.127285003662,-0.01211417,
5333,1707.4123520851135,-0.0585522,
5334,1707.6958510875702,-0.052290827,
5335,1707.9832773208618,-0.0072209416,
5336,1708.2673156261444,-0.03943614,
5337,1708.5515689849854,-0.0024484803,
5338,1708.8341505527496,-4.7247997e-07,
5339,1709.118320465088,-0.03759045,
5340,1709.4061102867126,-0.038506802,
5341,1709.6896126270294,-0.06270418,
5342,1709.975018978119,-0.008636256,
5343,1710.258572101593,-0.0057828655,
5344,1710.5455074310303,-0.03394039,
5345,1710.829232931137,-0.07015292,
5346,1711.1127035617828,-0.07992754,
5347,1711.3999836444855,-0.009374264,
5348,1711.6836514472961,-0.0013362754,
5349,1711.9697682857513,-0.0219917,
5350,1712.2542695999146,-0.00035288092,
5351,1713.3473041057587,-0.05146908,
5352,1713.6327855587006,-0.00095443154,
5353,1713.9208188056946,-0.04146134,
5354,1714.2080504894257,-0.039706185,
5355,1714.4955966472626,-0.011005439,
5356,1714.7840430736542,-0.0,
5357,1715.0712611675262,-0.022738393,
5358,1715.356496810913,-0.025750903,
5359,1715.6437957286835,-0.047811214,
5360,1715.9272673130035,-0.029398413,
5361,1716.2135467529297,-0.15874887,
5362,1716.4989264011383,-0.007785108,
5363,1716.7820844650269,-0.017730094,
5364,1717.0676414966583,-8.3488445e-08,
5365,1717.352980852127,-0.025595516,
5366,1717.6382279396057,-0.0063981754,
5367,1717.9236006736755,-0.032480016,
5368,1718.2093369960785,-0.055516332,
5369,1718.4964287281036,-0.0001810157,
5370,1718.7800686359406,-0.078860246,
5371,1719.0650398731232,-0.012138302,
5372,1719.3495252132416,-0.045377403,
5373,1719.632740020752,-0.045139194,
5374,1719.9202654361725,-0.0412145,
5375,1720.2002074718475,-0.0111976005,
5376,1721.3478825092316,-0.038209725,
5377,1721.6287076473236,-0.008623006,
5378,1721.9138367176056,-0.04993981,
5379,1722.1982686519623,-0.03476339,
5380,1722.4828324317932,-0.011176327,
5381,1722.768152475357,-0.005263765,
5382,1723.0507955551147,-0.022241265,
5383,1723.3374469280243,-0.0,
5384,1723.6209723949432,-0.00838668,
5385,1723.9048418998718,-0.0,
5386,1724.1891584396362,-0.051485404,
5387,1724.474148273468,-0.0056688865,
5388,1724.7618954181671,-0.031107966,
5389,1725.0455329418182,-0.019330692,
5390,1725.3292071819305,-0.016554235,
5391,1725.6142280101776,-0.012418617,
5392,1725.8989832401276,-0.0,
5393,1726.1846539974213,-0.05772585,
5394,1726.468177318573,-0.0065415488,
5395,1726.753341436386,-1.2110969e-09,
5396,1727.0396752357483,-0.05268892,
5397,1727.323227405548,-0.009578823,
5398,1727.6082949638367,-3.3080644e-07,
5399,1727.892608165741,-0.0190179,
5400,1728.3504786491394,-0.003797061,
5401,1729.523252248764,-0.07421984,
5402,1729.8082926273346,-0.028725792,
5403,1730.0944788455963,-0.045474537,
5404,1730.3821485042572,-0.016867891,
5405,1730.666516304016,-0.039641988,
5406,1730.9495947360992,-0.02221017,
5407,1731.2354300022125,-2.7594713e-10,
5408,1731.5185840129852,-0.04193995,
5409,1731.8054206371307,-0.025077322,
5410,1732.089599609375,-0.025734998,
5411,1732.3765096664429,-0.022555618,
5412,1732.659772157669,-4.859649e-09,
5413,1732.9446280002594,-0.06257433,
5414,1733.2302367687225,-0.01864877,
5415,1733.5155029296875,-4.5615792e-11,
5416,1733.8016855716705,-0.013431586,
5417,1734.0855300426483,-0.00305623,
5418,1734.3707964420319,-0.09481427,
5419,1734.6572728157043,-0.03403166,
5420,1734.942709684372,-0.022649737,
5421,1735.2283380031586,-0.0035544878,
5422,1735.514716386795,-0.028881721,
5423,1735.800369977951,-0.005207766,
5424,1736.085150718689,-0.02101521,
5425,1736.366712808609,-0.0034278233,
5426,1737.4154200553894,-0.011469303,
5427,1737.7000317573547,-0.0,
5428,1737.9860172271729,-0.07967485,
5429,1738.2698032855988,-0.06521132,
5430,1738.5555894374847,-0.055751055,
5431,1738.8372933864594,-0.04523611,
5432,1739.121440410614,-0.010773576,
5433,1739.406237602234,-0.014523876,
5434,1739.6905357837677,-0.010751033,
5435,1739.9774117469788,-0.018067295,
5436,1740.2612903118134,-0.066596344,
5437,1740.5458161830902,-0.01865042,
5438,1740.8298647403717,-0.023231093,
5439,1741.1143181324005,-0.001595382,
5440,1741.3990244865417,-0.032083824,
5441,1741.6824831962585,-0.065061316,
5442,1741.9692199230194,-0.009555561,
5443,1742.2526438236237,-0.029248053,
5444,1742.5368959903717,-0.045458786,
5445,1742.8207166194916,-0.022472354,
5446,1743.103603363037,-0.029570179,
5447,1743.3899064064026,-0.020497903,
5448,1743.6737778186798,-0.001293908,
5449,1743.9594104290009,-0.0,
5450,1744.237901687622,-0.0,
5451,1745.2248466014862,-0.01954962,
5452,1745.5076689720154,-0.016772542,
5453,1745.7913932800293,-0.010582818,
5454,1746.07639670372,-0.013923365,
5455,1746.3594233989716,-0.104294255,
5456,1746.644539117813,-0.05394297,
5457,1746.9282653331757,-0.05380025,
5458,1747.2138953208923,-0.0021807111,
5459,1747.4979977607727,-0.0,
5460,1747.7808928489685,-0.027683275,
5461,1748.066269159317,-0.01651702,
5462,1748.349861383438,-0.028061062,
5463,1748.634075641632,-0.0041466192,
5464,1748.9225306510925,-0.0053863176,
5465,1749.2114644050598,-0.01926435,
5466,1749.4995830059052,-0.01902115,
5467,1749.78733420372,-0.0107311625,
5468,1750.0767369270325,-0.041782655,
5469,1750.3642554283142,-0.0450978,
5470,1750.6533222198486,-0.033570018,
5471,1750.9408214092255,-0.0028061168,
5472,1751.2293832302094,-0.034149207,
5473,1751.516695022583,-0.029675743,
5474,1751.804830789566,-0.066381924,
5475,1752.0886175632477,-0.08667074,
5476,1753.239912033081,-0.0031458964,
5477,1753.5215120315552,-0.00028150325,
5478,1753.8072588443756,-0.101642266,
5479,1754.0911612510681,-0.06687522,
5480,1754.3737173080444,-0.03048923,
5481,1754.6601803302765,-0.0,
5482,1754.9431767463684,-0.048937358,
5483,1755.2277686595917,-0.00015996298,
5484,1755.5109345912933,-0.01111816,
5485,1755.79301071167,-1.2630235e-05,
5486,1756.0781426429749,-0.021309827,
5487,1756.3608288764954,-7.463984e-07,
5488,1756.6473591327667,-0.0,
5489,1756.9304509162903,-0.022663865,
5490,1757.2131049633026,-0.08047317,
5491,1757.4981713294983,-2.729529e-10,
5492,1757.7814874649048,-0.0031098782,
5493,1758.069104194641,-0.020446006,
5494,1758.350216627121,-0.038195126,
5495,1758.6343038082123,-0.0,
5496,1758.9177165031433,-0.017912902,
5497,1759.2015192508698,-0.03527169,
5498,1759.4881088733673,-0.0008336989,
5499,1759.7706615924835,-0.01506732,
5500,1760.2201454639435,-0.05861698,
5501,1761.3351039886475,-0.026369944,
5502,1761.621230840683,-0.013918343,
5503,1761.9101185798645,-0.0,
5504,1762.1977171897888,-0.056903303,
5505,1762.4860553741455,-0.01664998,
5506,1762.7738070487976,-0.022013951,
5507,1763.0612833499908,-0.0028817519,
5508,1763.350525379181,-0.001987089,
5509,1763.6377851963043,-0.009829411,
5510,1763.9258124828339,-0.0056859064,
5511,1764.2134311199188,-0.056485176,
5512,1764.4999454021454,-0.038776487,
5513,1764.7892436981201,-0.0077280933,
5514,1765.0753419399261,-0.05312856,
5515,1765.360725402832,-0.02794044,
5516,1765.6455521583557,-0.0,
5517,1765.9309990406036,-0.012320098,
5518,1766.214664697647,-0.03111269,
5519,1766.5008816719055,-0.01856881,
5520,1766.7846162319183,-0.045619287,
5521,1767.0699293613434,-0.035996772,
5522,1767.3557500839233,-0.016264442,
5523,1767.6422877311707,-0.017849036,
5524,1767.9291644096375,-0.014024122,
5525,1768.2108373641968,-0.050350226,
5526,1769.226284980774,-0.020628648,
5527,1769.5105426311493,-0.013336074,
5528,1769.7947115898132,-0.0002818564,
5529,1770.0816226005554,-0.04262571,
5530,1770.3666198253632,-0.06867803,
5531,1770.6531975269318,-0.03161737,
5532,1770.936262845993,-0.03998612,
5533,1771.2222731113434,-0.020434074,
5534,1771.5078208446503,-0.018992834,
5535,1771.7926907539368,-0.016578712,
5536,1772.0782794952393,-0.09368649,
5537,1772.3646275997162,-0.030039057,
5538,1772.6500236988068,-0.006984312,
5539,1772.9346187114716,-0.0075531416,
5540,1773.2213187217712,-0.08861303,
5541,1773.5073504447937,-0.08927226,
5542,1773.7917077541351,-0.0019336328,
5543,1774.0758991241455,-0.04307346,
5544,1774.3629143238068,-0.034697544,
5545,1774.647833108902,-0.013566798,
5546,1774.934187412262,-0.034747444,
5547,1775.2188665866852,-1.0682829e-08,
5548,1775.5044872760773,-0.015231049,
5549,1775.7891981601715,-0.029430699,
5550,1776.069568157196,-0.011129099,
5551,1777.2532832622528,-0.036336854,
5552,1777.538535118103,-0.056139532,
5553,1777.8234388828278,-0.04443216,
5554,1778.106811761856,-0.026699249,
5555,1778.3934395313263,-0.0025340999,
5556,1778.6798088550568,-0.0061413874,
5557,1778.9659090042114,-0.00018253559,
5558,1779.250296831131,-0.012764672,
5559,1779.534325838089,-0.01547036,
5560,1779.822440624237,-0.055890787,
5561,1780.1070477962494,-0.015588636,
5562,1780.3930141925812,-0.07428347,
5563,1780.6781024932861,-0.024931077,
5564,1780.963975429535,-8.026583e-07,
5565,1781.249002456665,-0.043769773,
5566,1781.53302359581,-0.09618906,
5567,1781.8211154937744,-0.024587648,
5568,1782.1056807041168,-0.020982934,
5569,1782.391359090805,-0.037354022,
5570,1782.676688194275,-0.0,
5571,1782.9617626667023,-0.0016843458,
5572,1783.2476723194122,-0.022035923,
5573,1783.532035112381,-0.0,
5574,1783.8175871372223,-0.0,
5575,1784.099895954132,-0.022010878,
5576,1785.1891124248505,-0.004027791,
5577,1785.469609260559,-0.020512275,
5578,1785.7516441345215,-0.006869997,
5579,1786.0380685329437,-0.0,
5580,1786.3206458091736,-0.016763745,
5581,1786.605098247528,-0.068377905,
5582,1786.8873805999756,-0.0,
5583,1787.1713910102844,-0.052759327,
5584,1787.4557180404663,-0.041700594,
5585,1787.738204717636,-0.0019202484,
5586,1788.0233755111694,-4.4499822e-07,
5587,1788.3066592216492,-0.009596033,
5588,1788.5902948379517,-0.0116546415,
5589,1788.8741533756256,-1.5330412e-11,
5590,1789.1583409309387,-0.015382726,
5591,1789.4429893493652,-0.0052569727,
5592,1789.725827217102,-0.015709603,
5593,1790.010127544403,-0.017540509,
5594,1790.293786764145,-0.008013386,
5595,1790.5776591300964,-0.027541544,
5596,1790.86105966568,-0.021374963,
5597,1791.144271850586,-0.0034567777,
5598,1791.4292469024658,-0.0,
5599,1791.7124149799347,-0.041676115,
5600,1792.1616072654724,-0.026613645,
5601,1793.2154619693756,-0.054634284,
5602,1793.4998002052307,-0.034088533,
5603,1793.783015012741,-0.00037601532,
5604,1794.0685844421387,-0.04249944,
5605,1794.355789899826,-3.8520577e-07,
5606,1794.64027261734,-0.032471888,
5607,1794.9253408908844,-0.022238534,
5608,1795.2090175151825,-0.17160918,
5609,1795.4971997737885,-0.06234972,
5610,1795.7816791534424,-0.024114437,
5611,1796.06826877594,-0.08553788,
5612,1796.3575885295868,-0.013167127,
5613,1796.6448302268982,-0.018874172,
5614,1796.9323785305023,-0.0,
5615,1797.221836090088,-0.00086412765,
5616,1797.5096323490143,-0.052462317,
5617,1797.79931473732,-0.020279841,
5618,1798.0875260829926,-0.11295225,
5619,1798.3762836456299,-0.010445081,
5620,1798.6642634868622,-0.046761177,
5621,1798.951182603836,-0.009111156,
5622,1799.240475654602,-0.010590833,
5623,1799.526560306549,-0.023187172,
5624,1799.8138539791107,-0.009777494,
5625,1800.0979585647583,-0.003436392,
5626,1801.1392090320587,-0.0,
5627,1801.424399614334,-0.024368007,
5628,1801.708009004593,-0.028755924,
5629,1801.9945032596588,-0.08535633,
5630,1802.2778644561768,-0.041351568,
5631,1802.561654806137,-0.018145561,
5632,1802.8465807437897,-0.013133004,
5633,1803.131901025772,-0.025312142,
5634,1803.4183123111725,-0.011935415,
5635,1803.7014899253845,-0.047119737,
5636,1803.986769914627,-0.032344013,
5637,1804.271907567978,-0.015882377,
5638,1804.5556104183197,-0.017158216,
5639,1804.841906785965,-0.03654825,
5640,1805.1259281635284,-0.010111385,
5641,1805.412568807602,-5.8273977e-09,
5642,1805.695903301239,-0.034138437,
5643,1805.979098558426,-0.028796371,
5644,1806.2643342018127,-0.012352207,
5645,1806.5487167835236,-0.0027283344,
5646,1806.836552143097,-0.019721774,
5647,1807.1188833713531,-0.03298222,
5648,1807.404626607895,-4.217771e-05,
5649,1807.6901693344116,-0.02035426,
5650,1807.970638036728,-0.047327593,
5651,1809.0734465122223,-0.027930718,
5652,1809.3576347827911,-0.04976075,
5653,1809.6446468830109,-0.012180485,
5654,1809.9307634830475,-0.02311788,
5655,1810.2182214260101,-0.027850654,
5656,1810.5046598911285,-0.04136396,
5657,1810.7921133041382,-0.06923707,
5658,1811.0789234638214,-0.01291969,
5659,1811.3645713329315,-0.028225038,
5660,1811.6523537635803,-0.00037653235,
5661,1811.937851190567,-0.0,
5662,1812.2225396633148,-0.013013377,
5663,1812.508497953415,-0.014424335,
5664,1812.7931270599365,-0.0,
5665,1813.0753462314606,-0.048855945,
5666,1813.3602209091187,-0.0,
5667,1813.642333984375,-0.017739568,
5668,1813.9296493530273,-0.011933627,
5669,1814.211326122284,-0.11158195,
5670,1814.49525308609,-0.031101026,
5671,1814.7791109085083,-0.03814449,
5672,1815.061603307724,-0.026064796,
5673,1815.3480622768402,-0.011449913,
5674,1815.6318757534027,-0.025291294,
5675,1815.9128863811493,-0.0,
5676,1817.0600357055664,-0.08352744,
5677,1817.3423357009888,-0.0035519674,
5678,1817.6255679130554,-6.9223336e-07,
5679,1817.911036491394,-0.05454251,
5680,1818.1939613819122,-0.028499495,
5681,1818.4770784378052,-0.0,
5682,1818.760437488556,-0.058425136,
5683,1819.043484210968,-0.054293916,
5684,1819.327136516571,-0.010686727,
5685,1819.610890865326,-0.033945486,
5686,1819.8943889141083,-0.027903873,
5687,1820.1802003383636,-0.05056482,
5688,1820.4648258686066,-0.011952201,
5689,1820.7500553131104,-0.016515953,
5690,1821.035141468048,-0.10179119,
5691,1821.318897485733,-0.012872358,
5692,1821.6040208339691,-0.0,
5693,1821.8900859355927,-0.031808436,
5694,1822.174552679062,-0.0033178995,
5695,1822.4599132537842,-0.00041740213,
5696,1822.743254184723,-0.01484236,
5697,1823.0285458564758,-0.047640935,
5698,1823.3123316764832,-0.017632887,
5699,1823.5956995487213,-0.030130792,
5700,1824.0491211414337,-0.02156534,
5701,1825.2035586833954,-0.02045501,
5702,1825.4879457950592,-0.017665515,
5703,1825.7729187011719,-4.5494682e-05,
5704,1826.0595455169678,-0.017672932,
5705,1826.3466386795044,-1.9398847e-09,
5706,1826.6350293159485,-0.0029100117,
5707,1826.9191808700562,-0.015583468,
5708,1827.2064492702484,-0.017595418,
5709,1827.4925751686096,-0.011814581,
5710,1827.7779903411865,-0.012002546,
5711,1828.0669395923615,-0.0435273,
5712,1828.3525002002716,-0.0115204565,
5713,1828.638736486435,-0.010002462,
5714,1828.9247617721558,-0.015312792,
5715,1829.211792230606,-0.005038192,
5716,1829.4986760616302,-0.07390014,
5717,1829.7856376171112,-0.006536872,
5718,1830.0744247436523,-0.037218302,
5719,1830.359079360962,-0.013077032,
5720,1830.64626288414,-0.0124733895,
5721,1830.9326212406158,-0.08330349,
5722,1831.2175085544586,-0.016777925,
5723,1831.506865978241,-0.096713044,
5724,1831.7922093868256,-4.780072e-05,
5725,1832.0756657123566,-0.00236727,
5726,1833.043469429016,-9.123157e-11,
5727,1833.3271758556366,-0.0032085287,
5728,1833.613733291626,-0.05275063,
5729,1833.8975455760956,-0.075178415,
5730,1834.186467885971,-0.012090431,
5731,1834.469537973404,-0.057146758,
5732,1834.7554852962494,-0.045039654,
5733,1835.0413353443146,-0.01867118,
5734,1835.3257839679718,-0.0071404176,
5735,1835.6124777793884,-0.0031548413,
5736,1835.8966164588928,-0.038327184,
5737,1836.18541097641,-0.0053226408,
5738,1836.4695129394531,-0.0,
5739,1836.7549138069153,-0.022599256,
5740,1837.0405929088593,-0.009411669,
5741,1837.3257539272308,-0.013644287,
5742,1837.6124889850616,-0.013310273,
5743,1837.89710688591,-0.05440338,
5744,1838.1863706111908,-0.028628659,
5745,1838.4699487686157,-0.032485027,
5746,1838.7556250095367,-0.0112628825,
5747,1839.0405020713806,-0.009506471,
5748,1839.3251960277557,-0.020496506,
5749,1839.611718416214,-0.008583118,
5750,1839.8924582004547,-0.074202724,
5751,1840.9121816158295,-0.043623097,
5752,1841.1945292949677,-0.0,
5753,1841.4806458950043,-0.007988159,
5754,1841.7640392780304,-0.045242663,
5755,1842.0477018356323,-0.06685228,
5756,1842.3333353996277,-0.039441437,
5757,1842.618689775467,-0.010075186,
5758,1842.906065940857,-0.012381071,
5759,1843.1906867027283,-0.07562549,
5760,1843.4819612503052,-0.0,
5761,1843.7716262340546,-0.027057216,
5762,1844.0614190101624,-0.025512101,
5763,1844.351300239563,-0.0,
5764,1844.6416075229645,-0.019954383,
5765,1844.9315288066864,-0.02084717,
5766,1845.221161365509,-0.0069333594,
5767,1845.5107173919678,-0.038446464,
5768,1845.800767660141,-0.026941074,
5769,1846.0895829200745,-0.051397644,
5770,1846.3783791065216,-0.008476331,
5771,1846.667004585266,-0.030068962,
5772,1846.953246831894,-0.043220982,
5773,1847.2428216934204,-0.0,
5774,1847.529356956482,-0.015632862,
5775,1847.8106813430786,-0.014394019,
5776,1849.0067036151886,-0.019570883,
5777,1849.2914378643036,-0.04906503,
5778,1849.5762205123901,-0.0039750715,
5779,1849.8619756698608,-0.043872323,
5780,1850.1487197875977,-0.050668918,
5781,1850.4332196712494,-0.03205029,
5782,1850.7221298217773,-0.007934009,
5783,1851.0061886310577,-0.0035755667,
5784,1851.2923038005829,-0.030089093,
5785,1851.5778543949127,-0.017194716,
5786,1851.8631854057312,-0.021821566,
5787,1852.150648355484,-0.016608134,
5788,1852.4359521865845,-0.03165079,
5789,1852.7234451770782,-0.0038032853,
5790,1853.0082013607025,-0.033649147,
5791,1853.2947037220001,-0.05817108,
5792,1853.581478357315,-0.016829304,
5793,1853.8662152290344,-0.0151594225,
5794,1854.1550459861755,-0.007320783,
5795,1854.4403994083405,-0.017391404,
5796,1854.7249627113342,-0.0042085205,
5797,1855.0090517997742,-0.045772545,
5798,1855.294258594513,-0.0320765,
5799,1855.5820293426514,-0.074799225,
5800,1856.162999868393,-0.029988542,
5801,1857.275846004486,-0.0011168062,
5802,1857.5646352767944,-0.014175412,
5803,1857.8523347377777,-0.0018180563,
5804,1858.141818523407,-0.011994465,
5805,1858.4296622276306,-0.054526217,
5806,1858.7174937725067,-0.030713137,
5807,1859.0048668384552,-0.020624375,
5808,1859.2905786037445,-0.00016600417,
5809,1859.5777037143707,-0.017150907,
5810,1859.8654787540436,-0.020187542,
5811,1860.1485226154327,-0.009540671,
5812,1860.4341418743134,-0.16079725,
5813,1860.7197229862213,-0.06527123,
5814,1861.0066094398499,-0.0429376,
5815,1861.294724702835,-0.078427926,
5816,1861.5793104171753,-0.013905688,
5817,1861.8662021160126,-0.0,
5818,1862.1531703472137,-0.013229483,
5819,1862.4412562847137,-0.0,
5820,1862.7268974781036,-0.014436619,
5821,1863.0121817588806,-5.7780017e-07,
5822,1863.2984952926636,-0.015192736,
5823,1863.5812096595764,-0.0,
5824,1863.864604473114,-0.024738086,
5825,1864.1484200954437,-0.019655032,
5826,1865.3033595085144,-0.002373603,
5827,1865.5855152606964,-0.0066205976,
5828,1865.8697292804718,-0.04369132,
5829,1866.1546442508698,-0.0,
5830,1866.4403874874115,-0.010342068,
5831,1866.7253091335297,-0.009451581,
5832,1867.0117497444153,-0.006954742,
5833,1867.2974123954773,-0.042783998,
5834,1867.5824449062347,-0.004458144,
5835,1867.8685221672058,-0.011735229,
5836,1868.1546664237976,-0.0003687488,
5837,1868.4410436153412,-0.01443437,
5838,1868.7250516414642,-0.022066949,
5839,1869.0116398334503,-0.017050672,
5840,1869.298493385315,-0.05222178,
5841,1869.5829331874847,-0.017548453,
5842,1869.8696146011353,-0.035728265,
5843,1870.1558842658997,-0.050543897,
5844,1870.4405317306519,-0.007991146,
5845,1870.7249677181244,-0.011819282,
5846,1871.009915113449,-0.05500187,
5847,1871.2965981960297,-0.014905453,
5848,1871.581309080124,-0.025636308,
5849,1871.8666944503784,-0.020553177,
5850,1872.1490561962128,-0.041353777,
5851,1873.3537287712097,-0.011573614,
5852,1873.6355519294739,-2.506134e-07,
5853,1873.9210662841797,-0.0,
5854,1874.2049310207367,-0.0024450321,
5855,1874.4898419380188,-0.0,
5856,1874.775916814804,-0.0013159723,
5857,1875.059329032898,-0.030341363,
5858,1875.3457896709442,-0.020014513,
5859,1875.630107164383,-0.01240095,
5860,1875.9156365394592,-0.023917576,
5861,1876.2008638381958,-0.0,
5862,1876.4851098060608,-0.015189917,
5863,1876.7730741500854,-0.021913003,
5864,1877.056203842163,-0.008365303,
5865,1877.3412652015686,-0.03349993,
5866,1877.6256458759308,-0.0,
5867,1877.9115824699402,-0.0015186764,
5868,1878.197722196579,-0.01973288,
5869,1878.4837925434113,-0.021624397,
5870,1878.770606994629,-0.006270064,
5871,1879.055200099945,-0.10285013,
5872,1879.3406894207,-0.06972483,
5873,1879.6268887519836,-0.011482343,
5874,1879.9122653007507,-0.010408361,
5875,1880.1959607601166,-0.040456895,
5876,1881.3103756904602,-0.021750886,
5877,1881.5974807739258,-0.06855905,
5878,1881.8849666118622,-0.036328577,
5879,1882.172728061676,-0.016934041,
5880,1882.457070350647,-0.004976361,
5881,1882.743346452713,-0.034085866,
5882,1883.0321054458618,-0.008640094,
5883,1883.3171281814575,-0.033189345,
5884,1883.6048729419708,-0.019155722,
5885,1883.8905575275421,-0.04711775,
5886,1884.1754050254822,-0.06255423,
5887,1884.460176229477,-0.0070873764,
5888,1884.7465240955353,-0.00989801,
5889,1885.0334825515747,-0.008685754,
5890,1885.317664861679,-0.0006745144,
5891,1885.6052486896515,-0.014291013,
5892,1885.8921926021576,-0.014015016,
5893,1886.1776676177979,-0.05957804,
5894,1886.4622406959534,-0.026713097,
5895,1886.7492470741272,-0.05139214,
5896,1887.035621881485,-0.0,
5897,1887.3201372623444,-0.028033491,
5898,1887.6089925765991,-0.015853329,
5899,1887.892689704895,-0.02308299,
5900,1888.3423306941986,-0.0,
5901,1889.5540204048157,-0.0035675496,
5902,1889.835124015808,-0.017037356,
5903,1890.117331981659,-0.04805427,
5904,1890.4027376174927,-0.016701872,
5905,1890.6862561702728,-0.006238646,
5906,1890.970823764801,-0.0046944395,
5907,1891.2544360160828,-0.014938517,
5908,1891.5435321331024,-0.008604481,
5909,1891.8325371742249,-0.0035028646,
5910,1892.120442867279,-0.024446588,
5911,1892.4097414016724,-0.031481,
5912,1892.6971776485443,-0.04427264,
5913,1892.9855535030365,-0.11860228,
5914,1893.2732264995575,-0.03196068,
5915,1893.5600972175598,-0.021730693,
5916,1893.8494868278503,-0.053578444,
5917,1894.135546207428,-0.012193613,
5918,1894.4230871200562,-0.033194095,
5919,1894.7109036445618,-0.029898647,
5920,1894.9964201450348,-0.15060213,
5921,1895.2826325893402,-0.13331634,
5922,1895.5694642066956,-0.061388746,
5923,1895.8517034053802,-0.02251843,
5924,1896.136703968048,-0.014463221,
5925,1896.4170722961426,-0.040106833,
5926,1897.4739217758179,-0.04379458,
5927,1897.755142211914,-0.0400094,
5928,1898.040517091751,-0.0018765399,
5929,1898.32657122612,-0.018225536,
5930,1898.6100912094116,-0.031920485,
5931,1898.8965616226196,-0.02703481,
5932,1899.182180404663,-0.013921502,
5933,1899.4688336849213,-0.013277779,
5934,1899.7529590129852,-0.08738483,
5935,1900.038313627243,-0.015263915,
5936,1900.3260695934296,-0.015601149,
5937,1900.6105661392212,-0.006275944,
5938,1900.8987085819244,-0.06009372,
5939,1901.183588027954,-0.0025728557,
5940,1901.4686937332153,-0.016449839,
5941,1901.7534546852112,-0.019049985,
5942,1902.0387489795685,-0.011774362,
5943,1902.3263087272644,-0.020621287,
5944,1902.6124255657196,-0.052370016,
5945,1902.8974363803864,-0.0045093577,
5946,1903.18350315094,-0.015757559,
5947,1903.4675920009613,-0.022720922,
5948,1903.7578039169312,-0.018620968,
5949,1904.048749923706,-0.027974792,
5950,1904.3352625370026,-0.0013576912,
5951,1905.4953451156616,-0.049995117,
5952,1905.782598733902,-0.065917,
5953,1906.071234703064,-0.013199638,
5954,1906.3594851493835,-0.0,
5955,1906.6489329338074,-0.008292346,
5956,1906.936917066574,-0.0049804114,
5957,1907.2254416942596,-0.03853651,
5958,1907.5109729766846,-0.018203545,
5959,1907.7968261241913,-0.0019823918,
5960,1908.0840227603912,-0.02944725,
5961,1908.36816740036,-0.022966158,
5962,1908.6541631221771,-0.005311067,
5963,1908.9394459724426,-0.006361824,
5964,1909.226073026657,-0.011019878,
5965,1909.5112509727478,-0.01839725,
5966,1909.7963359355927,-0.010171785,
5967,1910.0845634937286,-0.0064210333,
5968,1910.3694648742676,-0.011586287,
5969,1910.65678024292,-0.029608577,
5970,1910.9428794384003,-0.057211947,
5971,1911.2268018722534,-0.026601166,
5972,1911.5122487545013,-0.014188556,
5973,1911.8012840747833,-0.022782644,
5974,1912.086222410202,-0.028853081,
5975,1912.367486000061,-0.012733428,
5976,1913.4427082538605,-0.039284047,
5977,1913.7253203392029,-0.036222655,
5978,1914.0089831352234,-0.009142615,
5979,1914.2938525676727,-0.06427387,
5980,1914.5802178382874,-0.0080677755,
5981,1914.864009141922,-0.0,
5982,1915.1500623226166,-0.008772159,
5983,1915.4347693920135,-0.022078678,
5984,1915.7210190296173,-0.0045894096,
5985,1916.003963470459,-0.021792673,
5986,1916.2893254756927,-0.0021530152,
5987,1916.5753920078278,-0.005594525,
5988,1916.860726594925,-0.013063559,
5989,1917.1456525325775,-0.031140566,
5990,1917.4304015636444,-0.070005685,
5991,1917.7152440547943,-0.035681568,
5992,1918.001746892929,-0.009886858,
5993,1918.2857859134674,-0.023344308,
5994,1918.571521282196,-0.01856308,
5995,1918.8553886413574,-0.055508,
5996,1919.1416602134705,-0.003236048,
5997,1919.4264168739319,-0.08380924,
5998,1919.7104895114899,-0.0044626,
5999,1919.9981422424316,-0.036509715,
6000,1920.4499497413635,-0.095944256,
6001,1921.5369741916656,-0.016224353,
6002,1921.8209307193756,-0.019140013,
6003,1922.1060993671417,-0.004309086,
6004,1922.390115737915,-0.027778553,
6005,1922.6773476600647,-0.04562007,
6006,1922.9607286453247,-0.0,
6007,1923.2463397979736,-0.025544643,
6008,1923.5310909748077,-0.014294768,
6009,1923.8168234825134,-5.4434878e-08,
6010,1924.1030676364899,-0.02255359,
6011,1924.3871309757233,-0.0065317424,
6012,1924.6724541187286,-0.014768551,
6013,1924.9578471183777,-0.078041,
6014,1925.2413160800934,-0.041844297,
6015,1925.527010679245,-0.0454242,
6016,1925.8125448226929,-0.021905378,
6017,1926.1000137329102,-0.018721433,
6018,1926.3843126296997,-0.055942792,
6019,1926.6681928634644,-0.045340233,
6020,1926.9552385807037,-0.010522122,
6021,1927.2390804290771,-0.006211306,
6022,1927.525498867035,-0.0655994,
6023,1927.8080401420593,-0.002755593,
6024,1928.0928201675415,-0.004001372,
6025,1928.3720581531525,-0.051510558,
6026,1929.4387984275818,-0.01008345,
6027,1929.7186210155487,-0.0011912453,
6028,1930.0012135505676,-0.039435014,
6029,1930.2855620384216,-0.0010021611,
6030,1930.5691833496094,-0.005135462,
6031,1930.8553326129913,-0.0112861125,
6032,1931.13681101799,-0.0,
6033,1931.420238018036,-0.025853273,
6034,1931.70396566391,-0.0023077594,
6035,1931.9872205257416,-0.04614608,
6036,1932.2738745212555,-1.1882698e-08,
6037,1932.5571491718292,-0.025533225,
6038,1932.8413314819336,-0.047902204,
6039,1933.1232953071594,-0.03838512,
6040,1933.4063322544098,-0.028795557,
6041,1933.6921603679657,-0.012673986,
6042,1933.9752917289734,-0.0035603892,
6043,1934.2608711719513,-0.015756907,
6044,1934.542845249176,-0.0005849325,
6045,1934.82772231102,-0.023065824,
6046,1935.113545179367,-0.0,
6047,1935.3956804275513,-0.0022929756,
6048,1935.6802117824554,-0.0,
6049,1935.9637734889984,-0.014907029,
6050,1936.244213104248,-0.029939488,
6051,1937.3397624492645,-0.025734417,
6052,1937.6206262111664,-0.019675089,
6053,1937.9085912704468,-0.0042070206,
6054,1938.1979155540466,-0.022278223,
6055,1938.484961271286,-0.007074832,
6056,1938.772868156433,-0.009154847,
6057,1939.0605416297913,-0.047903255,
6058,1939.3480038642883,-0.021826914,
6059,1939.6369459629059,-0.008530614,
6060,1939.9245462417603,-0.0066295625,
6061,1940.2140500545502,-0.026060393,
6062,1940.5015885829926,-0.0,
6063,1940.7895140647888,-0.0,
6064,1941.0773191452026,-0.025867164,
6065,1941.3629882335663,-0.06945486,
6066,1941.6487913131714,-0.002496188,
6067,1941.934993982315,-0.010972963,
6068,1942.2217042446136,-0.014882716,
6069,1942.5055532455444,-7.966482e-07,
6070,1942.791311264038,-0.023363808,
6071,1943.0739648342133,-0.06272208,
6072,1943.3580293655396,-0.02830567,
6073,1943.64346408844,-6.157503e-11,
6074,1943.9278860092163,-0.0,
6075,1944.2115242481232,-0.044063866,
6076,1945.2953479290009,-0.010722415,
6077,1945.579579591751,-4.6372902e-11,
6078,1945.8645310401917,-0.020574423,
6079,1946.1482005119324,-0.053316776,
6080,1946.431637763977,-0.0023795846,
6081,1946.7132663726807,-0.06626313,
6082,1946.9986906051636,-0.15035002,
6083,1947.2810506820679,-0.064539656,
6084,1947.5673713684082,-0.0,
6085,1947.8506326675415,-0.020699851,
6086,1948.132865190506,-0.012628177,
6087,1948.4176836013794,-0.0,
6088,1948.7001819610596,-0.024255315,
6089,1948.9873723983765,-0.021407021,
6090,1949.2699100971222,-0.007893123,
6091,1949.553851366043,-0.020784352,
6092,1949.8370485305786,-0.07323505,
6093,1950.1197452545166,-0.0063126576,
6094,1950.4099221229553,-0.00889158,
6095,1950.6974649429321,-1.378476e-06,
6096,1950.983617067337,-0.021476977,
6097,1951.2736039161682,-0.0,
6098,1951.561693429947,-0.0074276864,
6099,1951.8513152599335,-0.0025583394,
6100,1952.3127801418304,-0.080159865,
6101,1953.389104127884,-0.016187701,
6102,1953.6738770008087,-0.058672544,
6103,1953.9600117206573,-0.07100007,
6104,1954.2466731071472,-0.038337197,
6105,1954.5311706066132,-0.029351998,
6106,1954.8168799877167,-0.0001319047,
6107,1955.1001994609833,-0.0074090245,
6108,1955.3872230052948,-0.034740835,
6109,1955.6701927185059,-0.004315747,
6110,1955.9542264938354,-0.056564875,
6111,1956.2373549938202,-0.040121324,
6112,1956.5216012001038,-0.0022195708,
6113,1956.809440612793,-0.06896246,
6114,1957.0931539535522,-0.04548629,
6115,1957.3784809112549,-0.008157042,
6116,1957.662675857544,-0.0,
6117,1957.9471294879913,-0.0,
6118,1958.2324340343475,-0.014799999,
6119,1958.516294002533,-0.027682427,
6120,1958.8014678955078,-0.023704462,
6121,1959.0884764194489,-0.03469841,
6122,1959.373658657074,-0.041050695,
6123,1959.6600697040558,-0.010125952,
6124,1959.9452252388,-0.032291368,
6125,1960.2274367809296,-0.0,
6126,1961.3347039222717,-0.0017722724,
6127,1961.6190421581268,-0.05156756,
6128,1961.9048941135406,-0.0009936673,
6129,1962.1894795894623,-0.04287723,
6130,1962.475180387497,-0.020525664,
6131,1962.7596125602722,-0.012585084,
6132,1963.0467858314514,-0.03621286,
6133,1963.3299541473389,-0.061175667,
6134,1963.6152322292328,-0.037986603,
6135,1963.902918100357,-0.008489222,
6136,1964.1879703998566,-0.023402367,
6137,1964.47510099411,-0.0,
6138,1964.7605910301208,-0.0027515525,
6139,1965.0455811023712,-0.0539954,
6140,1965.3300199508667,-0.0,
6141,1965.6148483753204,-0.027478067,
6142,1965.902510881424,-0.0,
6143,1966.1878888607025,-0.010105956,
6144,1966.4739389419556,-0.004124257,
6145,1966.7593705654144,-0.05009869,
6146,1967.046226978302,-0.08836129,
6147,1967.3333117961884,-0.0051429244,
6148,1967.618655204773,-0.015852865,
6149,1967.9063651561737,-0.01895573,
6150,1968.1870877742767,-0.0008571803,
6151,1969.1534633636475,-0.009140945,
6152,1969.4382691383362,-0.061118376,
6153,1969.7248086929321,-0.0,
6154,1970.0112206935883,-0.020695738,
6155,1970.2953593730927,-0.014308878,
6156,1970.5832080841064,-0.008965218,
6157,1970.8695883750916,-0.011547563,
6158,1971.1540536880493,-0.0,
6159,1971.4428265094757,-0.0334808,
6160,1971.7281513214111,-0.010344644,
6161,1972.015213727951,-0.016276734,
6162,1972.301265001297,-0.04951435,
6163,1972.5869419574738,-0.01594705,
6164,1972.874202489853,-0.018127427,
6165,1973.1612794399261,-0.032478437,
6166,1973.4490013122559,-0.01140075,
6167,1973.7342405319214,-0.0,
6168,1974.0227227210999,-0.013097318,
6169,1974.30987906456,-0.029239329,
6170,1974.5960414409637,-0.033514194,
6171,1974.8854146003723,-0.016114352,
6172,1975.1715757846832,-0.016729936,
6173,1975.4594740867615,-0.04478368,
6174,1975.743642091751,-0.009819378,
6175,1976.0263133049011,-0.05077797,
6176,1977.1019594669342,-0.015567038,
6177,1977.3878931999207,-0.022243261,
6178,1977.6733865737915,-0.0030934345,
6179,1977.9587121009827,-0.014436032,
6180,1978.245034456253,-0.026010502,
6181,1978.5289001464844,-0.029773045,
6182,1978.8136637210846,-0.018723065,
6183,1979.1010773181915,-0.011293231,
6184,1979.3854994773865,-0.027758561,
6185,1979.6710340976715,-0.000104469385,
6186,1979.9554040431976,-0.06824386,
6187,1980.2402353286743,-0.0023071028,
6188,1980.524542093277,-0.02332117,
6189,1980.8094255924225,-0.029848294,
6190,1981.096999168396,-0.038416006,
6191,1981.3824968338013,-0.009593189,
6192,1981.6695578098297,-0.02476628,
6193,1981.9532554149628,-0.04202435,
6194,1982.2410774230957,-0.1301288,
6195,1982.525499343872,-0.014766067,
6196,1982.810049533844,-0.041090596,
6197,1983.0975832939148,-0.046597645,
6198,1983.3830749988556,-0.06298509,
6199,1983.6692066192627,-0.024358058,
6200,1984.1212792396545,-0.03589147,
6201,1985.1353056430817,-0.013944776,
6202,1985.4226434230804,-0.02645652,
6203,1985.7108669281006,-0.009338658,
6204,1986.000117778778,-0.0122277625,
6205,1986.2879736423492,-0.0018249219,
6206,1986.5777084827423,-0.009662896,
6207,1986.865939617157,-0.0030251243,
6208,1987.153745174408,-0.024427604,
6209,1987.4439325332642,-0.004171871,
6210,1987.7322790622711,-0.034956355,
6211,1988.0224878787994,-0.005013441,
6212,1988.3093872070312,-0.0,
6213,1988.5960586071014,-0.0,
6214,1988.8821167945862,-0.0023673724,
6215,1989.1676545143127,-0.0,
6216,1989.4562349319458,-0.021144869,
6217,1989.7397782802582,-0.014645821,
6218,1990.025938987732,-0.027956467,
6219,1990.3094282150269,-0.02351255,
6220,1990.5943779945374,-0.027778778,
6221,1990.8801877498627,-0.044712774,
6222,1991.1640985012054,-1.7250343e-08,
6223,1991.4514515399933,-0.0,
6224,1991.7358927726746,-0.0013466644,
6225,1992.0176577568054,-0.020754956,
6226,1993.2034146785736,-0.028244037,
6227,1993.489004611969,-0.0,
6228,1993.7726879119873,-0.014602813,
6229,1994.0591170787811,-0.040414214,
6230,1994.3445298671722,-0.0,
6231,1994.6297845840454,-0.021397352,
6232,1994.9189476966858,-0.02968572,
6233,1995.2039659023285,-0.0,
6234,1995.4906089305878,-0.008335137,
6235,1995.7753612995148,-0.023140457,
6236,1996.0608088970184,-0.024427056,
6237,1996.3468577861786,-0.008159887,
6238,1996.632908821106,-0.012593957,
6239,1996.9214148521423,-0.021117587,
6240,1997.2062516212463,-0.027804386,
6241,1997.496423959732,-0.039184816,
6242,1997.7854852676392,-0.0130719775,
6243,1998.076280593872,-0.02066937,
6244,1998.3655471801758,-0.01658317,
6245,1998.6556131839752,-0.0016646116,
6246,1998.9443655014038,-0.014698607,
6247,1999.2345612049103,-0.022788925,
6248,1999.5237894058228,-0.013686396,
6249,1999.8152451515198,-0.017162563,
6250,2000.1008615493774,-0.017208125,
6251,2001.1894447803497,-0.0,
6252,2001.4739804267883,-0.040460683,
6253,2001.758591890335,-2.0467502e-07,
6254,2002.0443971157074,-0.033158414,
6255,2002.329844713211,-0.021764223,
6256,2002.61670255661,-0.02297025,
6257,2002.9013442993164,-0.00014118229,
6258,2003.1853694915771,-0.031051172,
6259,2003.4705345630646,-0.0024516445,
6260,2003.7545986175537,-0.0,
6261,2004.037923336029,-0.013159022,
6262,2004.3240084648132,-0.052408718,
6263,2004.609440088272,-0.015352069,
6264,2004.8966097831726,-0.0007306421,
6265,2005.180962562561,-0.03900146,
6266,2005.465989112854,-0.01194143,
6267,2005.7565677165985,-0.05858501,
6268,2006.0424547195435,-0.041505333,
6269,2006.3304493427277,-0.055529956,
6270,2006.6162207126617,-0.03109409,
6271,2006.902323961258,-0.0042038746,
6272,2007.190746307373,-0.019407125,
6273,2007.477229833603,-0.0011497708,
6274,2007.7652387619019,-0.008002279,
6275,2008.0480952262878,-0.017853742,
6276,2009.1615736484528,-0.02595083,
6277,2009.444307088852,-0.02175558,
6278,2009.7323756217957,-0.01984666,
6279,2010.0173785686493,-0.0206777,
6280,2010.3022167682648,-0.0025580153,
6281,2010.5905628204346,-0.008958003,
6282,2010.8755378723145,-0.0065766717,
6283,2011.1630291938782,-0.008441832,
6284,2011.4504878520966,-0.0055522355,
6285,2011.7366485595703,-0.0031342017,
6286,2012.0220966339111,-0.08050017,
6287,2012.3088614940643,-0.007737286,
6288,2012.5972454547882,-0.0071666855,
6289,2012.8830535411835,-0.022627627,
6290,2013.171038389206,-8.350591e-09,
6291,2013.4560360908508,-0.0038340737,
6292,2013.7416665554047,-0.0,
6293,2014.0299122333527,-0.014995411,
6294,2014.3151030540466,-0.013369518,
6295,2014.601753950119,-0.04967603,
6296,2014.8888530731201,-0.041147366,
6297,2015.1746089458466,-7.3759955e-05,
6298,2015.4606144428253,-0.00365819,
6299,2015.748724937439,-0.0080191195,
6300,2016.2018043994904,-0.07411358,
6301,2017.2136523723602,-0.04071159,
6302,2017.4975371360779,-0.00965043,
6303,2017.782454252243,-0.0,
6304,2018.0711193084717,-0.016279768,
6305,2018.3553597927094,-0.0,
6306,2018.6407902240753,-0.084247395,
6307,2018.9277529716492,-0.046547268,
6308,2019.212647676468,-0.012385257,
6309,2019.5013689994812,-0.04745372,
6310,2019.7892155647278,-0.0055882623,
6311,2020.073733329773,-0.02862819,
6312,2020.359031200409,-0.007201698,
6313,2020.6460499763489,-0.021913048,
6314,2020.9329311847687,-0.0,
6315,2021.2183811664581,-0.0,
6316,2021.5045757293701,-0.022344444,
6317,2021.788737297058,-0.005067037,
6318,2022.072552204132,-0.019187648,
6319,2022.35839676857,-0.015220761,
6320,2022.6433691978455,-0.013212072,
6321,2022.9310491085052,-0.017197194,
6322,2023.2149958610535,-0.0,
6323,2023.49982047081,-0.026711157,
6324,2023.7847213745117,-0.021372108,
6325,2024.0648806095123,-0.0,
6326,2025.0440204143524,-0.019092659,
6327,2025.328020811081,-0.04448028,
6328,2025.616061925888,-0.01814777,
6329,2025.9006221294403,-0.0074032205,
6330,2026.1864421367645,-0.12419334,
6331,2026.4696695804596,-0.028928014,
6332,2026.753263950348,-0.014366813,
6333,2027.0377116203308,-0.029969491,
6334,2027.3231539726257,-0.024522092,
6335,2027.6088225841522,-0.018781783,
6336,2027.8956537246704,-0.019398905,
6337,2028.1813893318176,-0.034391906,
6338,2028.470165014267,-0.020442203,
6339,2028.7554862499237,-0.0005051445,
6340,2029.0431027412415,-0.029596131,
6341,2029.3278379440308,-0.039679054,
6342,2029.6127347946167,-0.005326291,
6343,2029.900762796402,-0.0,
6344,2030.1861617565155,-0.0460016,
6345,2030.4750027656555,-0.011410918,
6346,2030.758986711502,-0.0067847036,
6347,2031.0459690093994,-0.079265945,
6348,2031.330548286438,-0.012208411,
6349,2031.6154232025146,-0.032613687,
6350,2031.9037728309631,-0.05454618,
6351,2032.9680314064026,-0.05219333,
6352,2033.2549185752869,-0.0041315774,
6353,2033.5444734096527,-0.02428173,
6354,2033.8335626125336,-0.017013809,
6355,2034.1240000724792,-0.04505612,
6356,2034.4123508930206,-3.053516e-11,
6357,2034.7011799812317,-0.02123587,
6358,2034.9901654720306,-1.5008046e-08,
6359,2035.2769367694855,-8.3526665e-11,
6360,2035.5657756328583,-0.0041296748,
6361,2035.8524146080017,-0.024554262,
6362,2036.141771554947,-0.0287508,
6363,2036.4255442619324,-0.0,
6364,2036.7137372493744,-1.5522042e-11,
6365,2037.0008935928345,-0.00082861446,
6366,2037.2870292663574,-0.0,
6367,2037.5763652324677,-0.0036073637,
6368,2037.8624866008759,-0.013937306,
6369,2038.1477558612823,-0.013263474,
6370,2038.4328455924988,-0.0,
6371,2038.7189927101135,-0.012431432,
6372,2039.0069591999054,-0.011437765,
6373,2039.291864156723,-0.006853413,
6374,2039.5808396339417,-0.019122843,
6375,2039.8609867095947,-0.036190476,
6376,2040.9639501571655,-0.01947958,
6377,2041.2472405433655,-0.03197124,
6378,2041.5323157310486,-0.00848863,
6379,2041.8187680244446,-0.013031144,
6380,2042.1035511493683,-0.01637988,
6381,2042.3913490772247,-0.015635254,
6382,2042.6761808395386,-0.0026767086,
6383,2042.9640581607819,-0.019526586,
6384,2043.24960398674,-0.013367614,
6385,2043.5352716445923,-0.040948085,
6386,2043.8238167762756,-0.035090297,
6387,2044.1086020469666,-0.016018419,
6388,2044.400378227234,-0.025777148,
6389,2044.6897778511047,-0.008555649,
6390,2044.9800162315369,-0.022565601,
6391,2045.2696707248688,-0.0016117037,
6392,2045.5600244998932,-0.014490056,
6393,2045.8502428531647,-0.0,
6394,2046.140141248703,-1.1538505e-10,
6395,2046.4296855926514,-0.041507114,
6396,2046.7202596664429,-0.041083176,
6397,2047.009021282196,-0.03223601,
6398,2047.2993502616882,-0.012118549,
6399,2047.5863399505615,-0.012014905,
6400,2048.0469992160797,-0.032548714,
6401,2049.13289642334,-0.027296903,
6402,2049.4227311611176,-0.0,
6403,2049.7068870067596,-0.040512025,
6404,2049.991343021393,-0.026948314,
6405,2050.2763607501984,-0.013043524,
6406,2050.5602650642395,-0.0031727972,
6407,2050.84339094162,-0.0,
6408,2051.1295952796936,-0.015877496,
6409,2051.41459774971,-0.04191631,
6410,2051.701014995575,-0.066751905,
6411,2051.984834909439,-0.003242088,
6412,2052.2691566944122,-0.004205029,
6413,2052.559407711029,-0.06550614,
6414,2052.8445723056793,-0.037874617,
6415,2053.1318118572235,-0.0,
6416,2053.418886423111,-1.3832401e-05,
6417,2053.7058074474335,-0.0,
6418,2053.991705417633,-1.4918466e-10,
6419,2054.280028104782,-0.00579945,
6420,2054.567744255066,-0.011701928,
6421,2054.8545382022858,-0.061550304,
6422,2055.142437696457,-0.040570296,
6423,2055.4280755519867,-9.4311114e-11,
6424,2055.7157566547394,-0.005350756,
6425,2055.9993119239807,-0.0,
6426,2057.141864299774,-0.010089351,
6427,2057.4285991191864,-0.0064820154,
6428,2057.715920686722,-0.02718788,
6429,2058.004731655121,-6.1490306e-09,
6430,2058.292195558548,-0.0,
6431,2058.5804460048676,-0.02972077,
6432,2058.866767168045,-0.03361315,
6433,2059.1552245616913,-0.003014178,
6434,2059.443068265915,-0.014915961,
6435,2059.732018470764,-0.05910306,
6436,2060.0231182575226,-0.0,
6437,2060.3102049827576,-0.045290124,
6438,2060.5997993946075,-0.037209906,
6439,2060.887136697769,-0.0053839493,
6440,2061.1764187812805,-0.022430979,
6441,2061.4647986888885,-0.01688706,
6442,2061.753177165985,-0.0,
6443,2062.0418190956116,-0.019556716,
6444,2062.3287262916565,-0.008970727,
6445,2062.6180291175842,-0.0275412,
6446,2062.9058845043182,-0.0,
6447,2063.1956820487976,-0.06862342,
6448,2063.484572649002,-0.0,
6449,2063.77210187912,-0.01208727,
6450,2064.056443452835,-0.03095053,
6451,2065.226158618927,-0.006359956,
6452,2065.5147535800934,-0.042833354,
6453,2065.8017938137054,-0.014281707,
6454,2066.0899131298065,-0.011658205,
6455,2066.378715991974,-1.7720942e-07,
6456,2066.665148496628,-0.0105424635,
6457,2066.9551751613617,-0.015248254,
6458,2067.241909265518,-0.0,
6459,2067.530237197876,-0.012773089,
6460,2067.8189148902893,-0.041454844,
6461,2068.1059041023254,-0.0052566216,
6462,2068.395493745804,-0.011049206,
6463,2068.6812710762024,-0.02417067,
6464,2068.968841075897,-0.07570089,
6465,2069.2546944618225,-0.020200733,
6466,2069.5410528182983,-0.022161622,
6467,2069.8287937641144,-0.01961032,
6468,2070.1149883270264,-0.010555154,
6469,2070.4027965068817,-0.028629258,
6470,2070.6885924339294,-0.0,
6471,2070.9767718315125,-0.00020599121,
6472,2071.26162648201,-0.004102726,
6473,2071.5484120845795,-0.02532045,
6474,2071.8367648124695,-0.030122854,
6475,2072.118722677231,-0.0028714552,
6476,2073.2884316444397,-0.024319675,
6477,2073.5728414058685,-0.034459233,
6478,2073.85839176178,-0.0,
6479,2074.1406679153442,-0.03387327,
6480,2074.425648212433,-0.004086979,
6481,2074.7118623256683,-6.1321635e-11,
6482,2074.9955072402954,-0.011356169,
6483,2075.2817072868347,-0.017331531,
6484,2075.566622018814,-0.004503568,
6485,2075.853664159775,-0.0236851,
6486,2076.1372356414795,-0.0025177174,
6487,2076.4219303131104,-0.0,
6488,2076.7096140384674,-0.011615171,
6489,2076.9939053058624,-0.029812563,
6490,2077.2809867858887,-0.024460802,
6491,2077.5658860206604,-0.00370087,
6492,2077.851063489914,-3.6407873e-05,
6493,2078.137434720993,-0.012390427,
6494,2078.4206233024597,-0.012007875,
6495,2078.710211753845,-0.0409182,
6496,2078.9980840682983,-0.022569627,
6497,2079.2870905399323,-0.02242111,
6498,2079.5772919654846,-0.015637776,
6499,2079.8661806583405,-0.06083017,
6500,2080.3296234607697,-0.0,
6501,2081.3870565891266,-4.6840394e-09,
6502,2081.6751234531403,-0.01994826,
6503,2081.9619030952454,-0.004512309,
6504,2082.248773574829,-0.022082206,
6505,2082.5326058864594,-0.0029824427,
6506,2082.8187034130096,-5.212817e-08,
6507,2083.1062774658203,-0.016759679,
6508,2083.3905143737793,-0.033149987,
6509,2083.6761107444763,-0.013151486,
6510,2083.9587166309357,-0.008008407,
6511,2084.2441778182983,-0.085969016,
6512,2084.5294880867004,-1.1942816e-05,
6513,2084.8123021125793,-0.0004525392,
6514,2085.0998096466064,-0.022502307,
6515,2085.3839826583862,-0.017071813,
6516,2085.6704890727997,-0.017072445,
6517,2085.9543147087097,-0.03260093,
6518,2086.238034248352,-0.0063647474,
6519,2086.525650501251,-0.0470712,
6520,2086.809572458267,-0.024026157,
6521,2087.0955340862274,-0.04076946,
6522,2087.379260778427,-0.010547547,
6523,2087.6645312309265,-0.030164324,
6524,2087.9491314888,-0.03028876,
6525,2088.2292013168335,-0.0014265241,
6526,2089.2833256721497,-0.002209917,
6527,2089.5670511722565,-0.01339835,
6528,2089.8532524108887,-0.018417072,
6529,2090.13525390625,-0.0030268817,
6530,2090.420863389969,-0.024363454,
6531,2090.706676721573,-0.006095981,
6532,2090.99392414093,-0.0,
6533,2091.2823729515076,-0.0054116123,
6534,2091.5717997550964,-0.03365604,
6535,2091.8594946861267,-0.017130367,
6536,2092.149693250656,-0.027769642,
6537,2092.437917947769,-0.0134514645,
6538,2092.728283882141,-0.0012241582,
6539,2093.016586303711,-0.0,
6540,2093.3050842285156,-0.028219143,
6541,2093.592835664749,-0.0202936,
6542,2093.8798677921295,-0.0047048638,
6543,2094.169377565384,-0.014885085,
6544,2094.4543612003326,-0.0018057046,
6545,2094.7400994300842,-0.014409696,
6546,2095.0270240306854,-0.028887494,
6547,2095.3119161129,-0.019716999,
6548,2095.5972599983215,-0.013896333,
6549,2095.88196516037,-1.5267582e-11,
6550,2096.1614968776703,-0.009799813,
6551,2097.3062365055084,-0.0006135353,
6552,2097.58798623085,-0.0061142254,
6553,2097.8710401058197,-0.014517458,
6554,2098.156669616699,-0.029169053,
6555,2098.440400123596,-0.062678955,
6556,2098.727750301361,-0.008437926,
6557,2099.010551214218,-0.012425473,
6558,2099.295427083969,-0.0,
6559,2099.5822451114655,-0.0068900143,
6560,2099.866681098938,-0.0033258782,
6561,2100.1527264118195,-0.016890135,
6562,2100.4372906684875,-6.2856634e-05,
6563,2100.725888967514,-0.0049611344,
6564,2101.011370897293,-0.02484866,
6565,2101.2964055538177,-0.04081092,
6566,2101.583684682846,-0.00899065,
6567,2101.8678209781647,-0.008289064,
6568,2102.1543383598328,-0.001262981,
6569,2102.4400601387024,-0.0,
6570,2102.725666999817,-0.05559128,
6571,2103.011155605316,-0.005197262,
6572,2103.2957332134247,-0.031380888,
6573,2103.5844905376434,-3.8168899e-10,
6574,2103.868987798691,-0.0,
6575,2104.1503217220306,-0.0054193353,
6576,2105.2355422973633,-0.014615503,
6577,2105.5226826667786,-0.020140676,
6578,2105.812178373337,-0.0045725075,
6579,2106.1010596752167,-1.1957492e-06,
6580,2106.388286113739,-0.044449154,
6581,2106.67249917984,-0.023438036,
6582,2106.960636138916,-0.0,
6583,2107.245444536209,-0.0030630557,
6584,2107.5312855243683,-0.005876541,
6585,2107.8193366527557,-0.00261427,
6586,2108.105247735977,-0.023084365,
6587,2108.3913490772247,-0.0,
6588,2108.67746591568,-0.012581674,
6589,2108.963931083679,-0.00891095,
6590,2109.2484426498413,-0.04763995,
6591,2109.5336871147156,-0.019286456,
6592,2109.822541475296,-0.0,
6593,2110.1083455085754,-0.011244194,
6594,2110.395022392273,-0.0031639584,
6595,2110.6820471286774,-0.0,
6596,2110.9680433273315,-0.0,
6597,2111.2556388378143,-0.012134747,
6598,2111.5417704582214,-0.0068432284,
6599,2111.828995704651,-0.07465038,
6600,2112.2842733860016,-0.014517723,
6601,2113.31028175354,-0.015062493,
6602,2113.595378637314,-0.021124616,
6603,2113.88490152359,-0.021067157,
6604,2114.170842409134,-0.024731468,
6605,2114.456218957901,-0.019835709,
6606,2114.742700815201,-0.0011911095,
6607,2115.0281431674957,-0.036630772,
6608,2115.3166210651398,-0.03885749,
6609,2115.6023981571198,-0.0,
6610,2115.8871014118195,-0.0010774705,
6611,2116.171630859375,-0.05043841,
6612,2116.4568417072296,-0.009120752,
6613,2116.742456674576,-0.0028572485,
6614,2117.0266687870026,-0.017793154,
6615,2117.3123395442963,-0.015074317,
6616,2117.596823692322,-0.000299373,
6617,2117.882153749466,-0.0024067115,
6618,2118.166515111923,-0.0,
6619,2118.450604200363,-0.0030275735,
6620,2118.7384033203125,-0.01644735,
6621,2119.0221123695374,-0.0,
6622,2119.307988166809,-0.02795495,
6623,2119.5911571979523,-0.005092443,
6624,2119.8753542900085,-0.03137991,
6625,2120.154750585556,-0.014843826,
6626,2121.2527644634247,-0.0,
6627,2121.536729335785,-0.0018518706,
6628,2121.8242223262787,-0.009727396,
6629,2122.109409570694,-0.03605733,
6630,2122.3981997966766,-0.0880712,
6631,2122.6809453964233,-0.02103563,
6632,2122.965231180191,-0.028121198,
6633,2123.249269247055,-0.016424038,
6634,2123.534499168396,-0.0,
6635,2123.8206198215485,-0.017742664,
6636,2124.1047768592834,-0.06432332,
6637,2124.390326023102,-0.016895046,
6638,2124.6746068000793,-0.011150379,
6639,2124.959170103073,-0.044946715,
6640,2125.2444891929626,-0.052797228,
6641,2125.528844356537,-0.018060727,
6642,2125.81688952446,-0.02681185,
6643,2126.099411725998,-0.0,
6644,2126.3855862617493,-0.006850046,
6645,2126.674848794937,-0.020698283,
6646,2126.9630637168884,-0.019658964,
6647,2127.2510902881622,-0.0070795147,
6648,2127.5400910377502,-0.024833938,
6649,2127.8283495903015,-0.0013132938,
6650,2128.1157610416412,-0.0,
6651,2129.2723891735077,-0.011837085,
6652,2129.5591530799866,-0.015978614,
6653,2129.8446118831635,-0.0,
6654,2130.132067680359,-0.05672255,
6655,2130.4163677692413,-1.0251725e-05,
6656,2130.7013108730316,-0.0,
6657,2130.9833796024323,-0.007242282,
6658,2131.267348766327,-0.0014599164,
6659,2131.5540537834167,-0.01226871,
6660,2131.8364884853363,-0.0,
6661,2132.12154006958,-0.13897543,
6662,2132.4034752845764,-0.0,
6663,2132.6873393058777,-0.0,
6664,2132.9732189178467,-0.010548959,
6665,2133.254969358444,-0.009168443,
6666,2133.5416662693024,-0.03753251,
6667,2133.8235306739807,-0.050883852,
6668,2134.1079409122467,-0.0039033787,
6669,2134.3917574882507,-0.041484766,
6670,2134.6739299297333,-0.02047288,
6671,2134.958563566208,-0.03289608,
6672,2135.241156578064,-0.004545758,
6673,2135.525465488434,-0.01975725,
6674,2135.809326171875,-0.01425024,
6675,2136.089841604233,-0.00024881607,
6676,2137.2045097351074,-0.04314941,
6677,2137.4897866249084,-3.583816e-05,
6678,2137.776676416397,-0.002954473,
6679,2138.0599138736725,-0.013031302,
6680,2138.346750020981,-0.0,
6681,2138.630960226059,-0.013598969,
6682,2138.919457435608,-0.0012901666,
6683,2139.2073431015015,-0.025832841,
6684,2139.4962587356567,-2.1962915e-08,
6685,2139.7847471237183,-0.014578882,
6686,2140.0751090049744,-0.0062161116,
6687,2140.3631916046143,-0.022528425,
6688,2140.6532990932465,-0.017059788,
6689,2140.940927505493,-0.0,
6690,2141.2309336662292,-5.5564065e-08,
6691,2141.518487215042,-0.02844394,
6692,2141.8059010505676,-0.013464923,
6693,2142.093830347061,-0.026240427,
6694,2142.3793070316315,-0.009276632,
6695,2142.6687874794006,-0.011195215,
6696,2142.9548099040985,-0.016488187,
6697,2143.239233493805,-0.05190082,
6698,2143.5256853103638,-5.283481e-06,
6699,2143.809620141983,-0.010188483,
6700,2144.261998653412,-0.031482052,
6701,2145.2316687107086,-0.060773063,
6702,2145.512060880661,-1.5433316e-07,
6703,2145.7952790260315,-0.011532087,
6704,2146.0802235603333,-0.04756755,
6705,2146.3650419712067,-0.012223157,
6706,2146.6491978168488,-0.012681246,
6707,2146.935177564621,-0.00198515,
6708,2147.2189660072327,-0.03480075,
6709,2147.505501270294,-0.05056725,
6710,2147.7911565303802,-0.017871998,
6711,2148.0763609409332,-0.0091120545,
6712,2148.361962556839,-0.01594307,
6713,2148.6479341983795,-0.0015666025,
6714,2148.9328484535217,-0.04529957,
6715,2149.217646598816,-0.015891135,
6716,2149.503114938736,-0.03664535,
6717,2149.790447950363,-0.0,
6718,2150.075206756592,-0.030333737,
6719,2150.361019849777,-0.06655822,
6720,2150.6477456092834,-0.004281727,
6721,2150.9334015846252,-0.02877944,
6722,2151.218904018402,-1.559423e-10,
6723,2151.5047676563263,-0.010692792,
6724,2151.791427373886,-0.033209942,
6725,2152.072455883026,-0.02838498,
6726,2153.0388803482056,-0.008208157,
6727,2153.3228676319122,-0.021239743,
6728,2153.6076622009277,-0.041106045,
6729,2153.893203020096,-0.018106861,
6730,2154.178550004959,-0.028296763,
6731,2154.465355873108,-0.0,
6732,2154.751075744629,-0.035509314,
6733,2155.0361320972443,-0.015493561,
6734,2155.3242530822754,-0.0045934715,
6735,2155.611085653305,-0.030533586,
6736,2155.896957874298,-0.010587204,
6737,2156.182389974594,-0.007827517,
6738,2156.4683272838593,-0.03787719,
6739,2156.7546525001526,-0.020245247,
6740,2157.039021730423,-0.007556635,
6741,2157.3263540267944,-0.015217939,
6742,2157.6097280979156,-0.0,
6743,2157.8957114219666,-2.3845192e-05,
6744,2158.1819508075714,-0.01027773,
6745,2158.467388153076,-0.01986964,
6746,2158.754340648651,-0.007035848,
6747,2159.038309574127,-0.010127776,
6748,2159.3254680633545,-0.038978595,
6749,2159.6095395088196,-0.006102203,
6750,2159.8904523849487,-0.024793314,
6751,2161.0121805667877,-0.0126540465,
6752,2161.2942271232605,-0.05159813,
6753,2161.5813493728638,-0.01034644,
6754,2161.866719722748,-0.047359016,
6755,2162.150810956955,-0.0032181966,
6756,2162.4334230422974,-0.0,
6757,2162.7180716991425,-0.013044891,
6758,2163.00434422493,-0.002430262,
6759,2163.2876555919647,-0.006078934,
6760,2163.5738563537598,-0.00084667094,
6761,2163.857377052307,-0.015094907,
6762,2164.1430463790894,-0.0,
6763,2164.4261054992676,-0.020951798,
6764,2164.7100672721863,-0.040964864,
6765,2164.995190858841,-0.008663246,
6766,2165.2797906398773,-0.023720445,
6767,2165.5648691654205,-0.06440615,
6768,2165.848695039749,-0.026492553,
6769,2166.1324014663696,-0.0,
6770,2166.4200019836426,-0.005643891,
6771,2166.7043504714966,-0.005922841,
6772,2166.9893271923065,-0.028211106,
6773,2167.272177696228,-0.0032251037,
6774,2167.556725025177,-0.0,
6775,2167.840379714966,-0.0,
6776,2168.910638332367,-0.008267858,
6777,2169.1940653324127,-0.0011738157,
6778,2169.4795184135437,-0.0023534854,
6779,2169.766535758972,-0.06717214,
6780,2170.049165248871,-0.0,
6781,2170.3337473869324,-0.0,
6782,2170.618459224701,-0.003477951,
6783,2170.903391122818,-0.006676615,
6784,2171.189708471298,-0.010101796,
6785,2171.473470211029,-4.0696385e-10,
6786,2171.760473251343,-0.018574953,
6787,2172.0444054603577,-0.007845403,
6788,2172.3294870853424,-0.020559136,
6789,2172.615387916565,-0.012442339,
6790,2172.906490087509,-0.046793677,
6791,2173.195536136627,-0.014990657,
6792,2173.485722064972,-0.010549592,
6793,2173.775061607361,-0.0,
6794,2174.0651619434357,-0.0069351457,
6795,2174.3537397384644,-0.01613625,
6796,2174.645354270935,-0.007850894,
6797,2174.9338462352753,-0.009223079,
6798,2175.2245657444,-0.0,
6799,2175.512899160385,-0.011388288,
6800,2175.975223302841,-0.0,
6801,2177.1727492809296,-0.0014819021,
6802,2177.457753419876,-0.007314315,
6803,2177.740967273712,-0.02584736,
6804,2178.0261516571045,-0.011921519,
6805,2178.311660528183,-0.049350716,
6806,2178.597423553467,-0.022183504,
6807,2178.884890794754,-0.004981045,
6808,2179.1685230731964,-0.022623854,
6809,2179.4555265903473,-0.024131926,
6810,2179.74072098732,-0.101422764,
6811,2180.0256950855255,-0.0024035438,
6812,2180.314063310623,-1.5286528e-06,
6813,2180.600066423416,-0.016672311,
6814,2180.88823056221,-0.023032112,
6815,2181.17139005661,-0.03146901,
6816,2181.461982727051,-0.020133575,
6817,2181.747415304184,-0.03716987,
6818,2182.032224178314,-0.018134413,
6819,2182.3210690021515,-0.009704024,
6820,2182.6048533916473,-0.016948132,
6821,2182.891013145447,-0.0015644925,
6822,2183.1757435798645,-0.022387683,
6823,2183.4605746269226,-0.020142797,
6824,2183.747844696045,-0.012115005,
6825,2184.0296227931976,-0.0127705475,
6826,2185.14901304245,-0.0,
6827,2185.4348034858704,-0.0,
6828,2185.721875190735,-1.3504108e-09,
6829,2186.0091478824615,-0.020376027,
6830,2186.2968640327454,-0.007432781,
6831,2186.5843234062195,-0.015847538,
6832,2186.8703203201294,-0.011929932,
6833,2187.1585721969604,-0.032114085,
6834,2187.4454267024994,-0.012341274,
6835,2187.7317702770233,-0.023815636,
6836,2188.0198686122894,-0.0041347384,
6837,2188.3060739040375,-0.013000867,
6838,2188.5909996032715,-0.0018038275,
6839,2188.876147031784,-0.026303183,
6840,2189.1601169109344,-0.013166041,
6841,2189.4455647468567,-0.019796867,
6842,2189.72895693779,-0.08311022,
6843,2190.0158512592316,-0.04026678,
6844,2190.2977845668793,-0.0,
6845,2190.5814247131348,-0.023854299,
6846,2190.866451740265,-0.02531464,
6847,2191.1504859924316,-0.0025200336,
6848,2191.437985897064,-0.0075656064,
6849,2191.720597743988,-0.04340442,
6850,2192.000475168228,-0.04401392,
6851,2193.1173305511475,-0.0,
6852,2193.4005587100983,-0.020702798,
6853,2193.6851274967194,-0.025047041,
6854,2193.9720299243927,-0.011875846,
6855,2194.2597875595093,-0.026747514,
6856,2194.5451691150665,-0.006378081,
6857,2194.8353130817413,-0.0,
6858,2195.1204750537872,-0.012986017,
6859,2195.4066784381866,-0.0073723225,
6860,2195.694803237915,-0.0049928743,
6861,2195.980612039566,-0.004335156,
6862,2196.270188808441,-0.012710656,
6863,2196.556610584259,-0.028961908,
6864,2196.843269586563,-0.0054037618,
6865,2197.1303238868713,-0.038493987,
6866,2197.416752576828,-0.018229283,
6867,2197.7043702602386,-0.047951028,
6868,2197.9911692142487,-0.03595426,
6869,2198.2790002822876,-0.0,
6870,2198.564744234085,-0.0094043035,
6871,2198.852400302887,-0.021472856,
6872,2199.1379470825195,-0.017669814,
6873,2199.4249064922333,-0.013963979,
6874,2199.714401960373,-0.0172338,
6875,2199.996924161911,-0.025303531,
6876,2201.068093776703,-0.034963906,
6877,2201.352413415909,-0.012844741,
6878,2201.6374855041504,-0.0,
6879,2201.9219686985016,-0.033839043,
6880,2202.2068479061127,-0.055986855,
6881,2202.494973421097,-0.03608349,
6882,2202.78017950058,-0.0113782585,
6883,2203.0659987926483,-0.0028365268,
6884,2203.3513865470886,-0.0032533093,
6885,2203.636953353882,-0.039481014,
6886,2203.9228568077087,-0.07973394,
6887,2204.2091217041016,-0.045521386,
6888,2204.4978194236755,-0.024581531,
6889,2204.781559228897,-0.010082471,
6890,2205.0682537555695,-0.015042119,
6891,2205.3543412685394,-0.05725173,
6892,2205.6402764320374,-0.03997906,
6893,2205.927940607071,-0.08818294,
6894,2206.2133433818817,-0.0,
6895,2206.5000524520874,-0.0061379815,
6896,2206.785903453827,-0.0,
6897,2207.0731530189514,-0.010062244,
6898,2207.3593895435333,-0.0026002135,
6899,2207.6460587978363,-0.024537845,
6900,2208.1026952266693,-0.026404208,
6901,2209.177332878113,-0.011640929,
6902,2209.460025072098,-0.0,
6903,2209.7465994358063,-0.043458257,
6904,2210.03284907341,-0.015979212,
6905,2210.3187272548676,-0.0036778804,
6906,2210.6061680316925,-0.017804256,
6907,2210.8906903266907,-0.0,
6908,2211.173664331436,-0.025688183,
6909,2211.457213163376,-0.065180995,
6910,2211.741759300232,-0.027155153,
6911,2212.0276515483856,-0.028545972,
6912,2212.313721895218,-0.012996799,
6913,2212.5977833271027,-0.017426752,
6914,2212.883062362671,-0.011040302,
6915,2213.169013261795,-0.010008056,
6916,2213.452775001526,-0.010613767,
6917,2213.7389097213745,-0.022722207,
6918,2214.024416446686,-0.01246411,
6919,2214.3119852542877,-0.0052521927,
6920,2214.5963819026947,-0.0,
6921,2214.8815824985504,-0.009800736,
6922,2215.16876578331,-0.0,
6923,2215.452377796173,-1.3107105e-07,
6924,2215.7388536930084,-0.05174851,
6925,2216.0206780433655,-0.008473419,
6926,2217.0728685855865,-0.0,
6927,2217.3573315143585,-1.5988369e-11,
6928,2217.647250890732,-0.009176453,
6929,2217.931961774826,-0.009133385,
6930,2218.2179865837097,-0.020633008,
6931,2218.508892774582,-0.016755661,
6932,2218.7955362796783,-0.14286998,
6933,2219.0848932266235,-0.0,
6934,2219.3702301979065,-0.012508414,
6935,2219.65868806839,-0.023673102,
6936,2219.9493379592896,-0.027132474,
6937,2220.236042022705,-0.0014174373,
6938,2220.528114795685,-0.010662812,
6939,2220.8134315013885,-0.02216096,
6940,2221.1022477149963,-0.010886274,
6941,2221.39435172081,-0.013390339,
6942,2221.6842942237854,-0.00095419027,
6943,2221.975387096405,-0.0,
6944,2222.2670044898987,-0.0,
6945,2222.5577578544617,-0.015208763,
6946,2222.849661588669,-0.019777354,
6947,2223.1395921707153,-0.021731619,
6948,2223.431799888611,-0.0041587474,
6949,2223.721531391144,-0.02805512,
6950,2224.009554386139,-0.016120985,
6951,2225.113254547119,-0.025200762,
6952,2225.3990862369537,-0.0061231386,
6953,2225.686154127121,-0.0,
6954,2225.9713871479034,-0.0035677727,
6955,2226.2587144374847,-0.005738772,
6956,2226.5447957515717,-0.004454397,
6957,2226.8309242725372,-0.0068602953,
6958,2227.1150929927826,-0.018494172,
6959,2227.4012768268585,-0.0,
6960,2227.688048839569,-0.06887719,
6961,2227.973270177841,-0.01938862,
6962,2228.261955022812,-0.07030542,
6963,2228.5463395118713,-0.0,
6964,2228.832632303238,-0.0,
6965,2229.1190955638885,-0.018693976,
6966,2229.4050850868225,-0.070766956,
6967,2229.692543745041,-0.021382064,
6968,2229.9789831638336,-0.011125641,
6969,2230.266656398773,-0.055551197,
6970,2230.5510256290436,-0.0121545745,
6971,2230.8371934890747,-0.0,
6972,2231.124670267105,-0.0,
6973,2231.4099843502045,-0.017455466,
6974,2231.698091030121,-0.019268366,
6975,2231.9817728996277,-0.013824743,
6976,2232.9250798225403,-0.0,
6977,2233.2073328495026,-0.009922413,
6978,2233.4929513931274,-0.0,
6979,2233.7843055725098,-0.020497466,
6980,2234.072709798813,-0.0061912313,
6981,2234.361805200577,-0.0,
6982,2234.6497910022736,-0.022041626,
6983,2234.937051296234,-0.0,
6984,2235.2276763916016,-0.0,
6985,2235.516378879547,-0.008069683,
6986,2235.8067944049835,-0.0515338,
6987,2236.0944628715515,-0.058533847,
6988,2236.3842175006866,-0.003975499,
6989,2236.6726565361023,-0.010605445,
6990,2236.9616417884827,-0.054270722,
6991,2237.247704267502,-0.01369373,
6992,2237.5339047908783,-0.0034147284,
6993,2237.8223400115967,-0.056184307,
6994,2238.1088099479675,-0.0461903,
6995,2238.392800092697,-0.018810138,
6996,2238.6805658340454,-0.036551975,
6997,2238.963791370392,-0.04091534,
6998,2239.2478444576263,-0.0053334963,
6999,2239.533664226532,-0.009956326,
7000,2239.986958026886,-0.014672442,
7001,2241.027560710907,-0.0088636875,
7002,2241.3093333244324,-0.0036924558,
7003,2241.5931208133698,-0.015473591,
7004,2241.8769199848175,-0.023549495,
7005,2242.1629416942596,-0.004225231,
7006,2242.4464852809906,-0.022852927,
7007,2242.7316567897797,-0.0,
7008,2243.0160813331604,-0.01597007,
7009,2243.3011054992676,-0.0062507037,
7010,2243.586813211441,-0.0,
7011,2243.870565891266,-0.0,
7012,2244.156619787216,-0.007713466,
7013,2244.4416992664337,-0.010535095,
7014,2244.7275092601776,-0.0020415888,
7015,2245.0140624046326,-0.04692363,
7016,2245.299220085144,-0.0056671123,
7017,2245.5848305225372,-0.0,
7018,2245.8689093589783,-0.040952794,
7019,2246.154898405075,-0.014940233,
7020,2246.440426826477,-0.0063600694,
7021,2246.725463628769,-0.016956925,
7022,2247.0110177993774,-0.0031793613,
7023,2247.295711517334,-0.02320483,
7024,2247.5816354751587,-0.06540294,
7025,2247.8621628284454,-0.017483583,
7026,2249.031537294388,-0.0011460145,
7027,2249.3137967586517,-0.019483004,
7028,2249.5977771282196,-0.039066795,
7029,2249.8809864521027,-0.012002833,
7030,2250.1656591892242,-3.1704594e-11,
7031,2250.451224088669,-0.043097503,
7032,2250.7364530563354,-0.0020522801,
7033,2251.0230298042297,-0.02184761,
7034,2251.307131052017,-0.0,
7035,2251.5923030376434,-0.04640625,
7036,2251.878606557846,-0.02795591,
7037,2252.1623315811157,-0.112925544,
7038,2252.4474482536316,-6.7869477e-10,
7039,2252.731837272644,-0.025759002,
7040,2253.0171110630035,-0.009178218,
7041,2253.3006677627563,-0.0012715004,
7042,2253.58500957489,-0.0,
7043,2253.872967004776,-0.027407607,
7044,2254.157904148102,-0.007853602,
7045,2254.4413211345673,-0.030734953,
7046,2254.724845647812,-0.0,
7047,2255.009457349777,-0.0033450383,
7048,2255.297159433365,-0.027826805,
7049,2255.581544160843,-0.010360198,
7050,2255.863940000534,-0.036157787,
7051,2256.927426099777,-0.011282243,
7052,2257.2113013267517,-0.0154322125,
7053,2257.494652748108,-0.00010237955,
7054,2257.776861190796,-0.002226864,
7055,2258.060769557953,-0.0018528553,
7056,2258.3447959423065,-0.004754207,
7057,2258.626731157303,-0.015539657,
7058,2258.909994840622,-0.0,
7059,2259.1943719387054,-0.0,
7060,2259.4766857624054,-0.038651466,
7061,2259.7612726688385,-0.0,
7062,2260.0442972183228,-0.0034893786,
7063,2260.3297708034515,-0.034566995,
7064,2260.61248087883,-0.02815733,
7065,2260.8964920043945,-0.011995931,
7066,2261.1801991462708,-0.0,
7067,2261.462877035141,-0.019197868,
7068,2261.748363018036,-0.0,
7069,2262.0320098400116,-0.04944058,
7070,2262.316733121872,-0.030831922,
7071,2262.5994651317596,-0.0,
7072,2262.8827755451202,-0.0038689496,
7073,2263.1673884391785,-0.00209799,
7074,2263.4519147872925,-0.010968187,
7075,2263.733963251114,-0.007685003,
7076,2264.799255847931,-0.0011509465,
7077,2265.0847787857056,-0.0,
7078,2265.369175672531,-0.0,
7079,2265.6557006835938,-0.0,
7080,2265.9395003318787,-0.032902867,
7081,2266.2230191230774,-0.007947111,
7082,2266.510694503784,-0.0069516404,
7083,2266.7952823638916,-0.036295056,
7084,2267.0831310749054,-0.0,
7085,2267.3675248622894,-0.0047326507,
7086,2267.6540789604187,-0.011827827,
7087,2267.939227104187,-0.0048122536,
7088,2268.2242727279663,-0.019093199,
7089,2268.51255607605,-0.02408681,
7090,2268.7964446544647,-0.009646144,
7091,2269.0835382938385,-0.017628621,
7092,2269.3749964237213,-6.6961126e-09,
7093,2269.664843082428,-0.0020734454,
7094,2269.955969810486,-0.016736502,
7095,2270.245101213455,-0.012171785,
7096,2270.5364141464233,-0.0,
7097,2270.825310945511,-0.033848647,
7098,2271.117286682129,-0.009620639,
7099,2271.406081199646,-0.0049139266,
7100,2271.8716673851013,-0.013327084,
7101,2273.061302423477,-0.09739904,
7102,2273.3474929332733,-0.081586964,
7103,2273.631655216217,-0.008138284,
7104,2273.916399002075,-0.01279828,
7105,2274.203145980835,-0.004431505,
7106,2274.4891064167023,-0.03772504,
7107,2274.7763373851776,-0.0043859216,
7108,2275.0638041496277,-0.021747176,
7109,2275.3506078720093,-0.05627376,
7110,2275.636897087097,-0.019452065,
7111,2275.921801805496,-0.026380723,
7112,2276.211190223694,-0.013126938,
7113,2276.4943902492523,-0.0077714063,
7114,2276.7798013687134,-0.0,
7115,2277.0650928020477,-0.0016176127,
7116,2277.350511074066,-0.0,
7117,2277.6370458602905,-0.0068454426,
7118,2277.9226603507996,-0.055652812,
7119,2278.2110493183136,-0.05219821,
7120,2278.4940428733826,-0.0,
7121,2278.7800459861755,-0.047840893,
7122,2279.066200017929,-0.0,
7123,2279.351310968399,-6.311427e-10,
7124,2279.6382973194122,-0.027376197,
7125,2279.9205293655396,-8.683987e-06,
7126,2280.958073616028,-0.06185761,
7127,2281.2408187389374,-0.02754748,
7128,2281.529748439789,-0.007570698,
7129,2281.819761991501,-0.0117574055,
7130,2282.111474752426,-0.056775168,
7131,2282.4012014865875,-0.006971549,
7132,2282.6939265727997,-0.034113444,
7133,2282.983367919922,-5.041893e-09,
7134,2283.275229692459,-0.016225155,
7135,2283.5666501522064,-0.0036276649,
7136,2283.85759806633,-0.030745635,
7137,2284.1489655971527,-0.0068562976,
7138,2284.438835144043,-0.0,
7139,2284.730530023575,-0.0018332867,
7140,2285.0183169841766,-0.0057416908,
7141,2285.309110879898,-0.0,
7142,2285.5966663360596,-0.00400684,
7143,2285.8857474327087,-0.014855498,
7144,2286.171932697296,-0.090895444,
7145,2286.457779407501,-0.0,
7146,2286.746681690216,-0.0,
7147,2287.032955646515,-3.037787e-10,
7148,2287.321814775467,-0.0,
7149,2287.6082322597504,-0.011492417,
7150,2287.891375541687,-0.014272689,
7151,2289.0114920139313,-0.02072037,
7152,2289.2970592975616,-0.013174319,
7153,2289.584496974945,-0.0,
7154,2289.8715810775757,-3.2162693e-06,
7155,2290.160730600357,-0.0,
7156,2290.4499192237854,-0.0,
7157,2290.7383065223694,-0.02066082,
7158,2291.0280153751373,-0.025679203,
7159,2291.3155357837677,-0.013737568,
7160,2291.605155944824,-8.774934e-07,
7161,2291.893434047699,-0.01878308,
7162,2292.184825658798,-2.641604e-06,
7163,2292.4714546203613,-8.144333e-10,
7164,2292.7592079639435,-0.018004857,
7165,2293.048235177994,-0.0,
7166,2293.3360414505005,-0.05268427,
7167,2293.627110004425,-0.011812974,
7168,2293.9155373573303,-0.0,
7169,2294.2069747447968,-0.04434759,
7170,2294.4950320720673,-1.8174558e-07,
7171,2294.7836475372314,-0.015677392,
7172,2295.072248697281,-0.021522807,
7173,2295.3600182533264,-0.017968768,
7174,2295.6489708423615,-5.6612345e-07,
7175,2295.9321627616882,-0.0,
7176,2296.907846212387,-0.015294569,
7177,2297.1929109096527,-0.025322553,
7178,2297.4798686504364,-0.0124858655,
7179,2297.7676618099213,-0.026931029,
7180,2298.0518887043,-0.0,
7181,2298.3390831947327,-0.016360385,
7182,2298.6254377365112,-0.02051277,
7183,2298.911203145981,-0.004235135,
7184,2299.199744939804,-0.016480764,
7185,2299.4856400489807,-0.0,
7186,2299.772312641144,-0.015157095,
7187,2300.058429479599,-0.0,
7188,2300.3442096710205,-0.0097565325,
7189,2300.631241798401,-0.009225351,
7190,2300.917459487915,-0.021419745,
7191,2301.2060799598694,-0.0,
7192,2301.491206884384,-0.0,
7193,2301.7782101631165,-0.02644422,
7194,2302.0649054050446,-0.008651838,
7195,2302.351262807846,-0.0,
7196,2302.6389677524567,-0.010518908,
7197,2302.924734354019,-0.005571083,
7198,2303.211453437805,-0.015517266,
7199,2303.4987382888794,-0.0,
7200,2303.953821182251,-0.0,
7201,2305.0063989162445,-0.0,
7202,2305.290316581726,-0.020447083,
7203,2305.5780370235443,-0.0,
7204,2305.862569332123,-0.06558401,
7205,2306.14750623703,-1.5457627e-10,
7206,2306.435855150223,-0.003516609,
7207,2306.721284866333,-0.0,
7208,2307.0093698501587,-0.024402784,
7209,2307.29510140419,-0.045731585,
7210,2307.5825588703156,-0.013062853,
7211,2307.8675515651703,-0.03634762,
7212,2308.1526141166687,-0.007375133,
7213,2308.4414455890656,-0.0,
7214,2308.726560354233,-0.0,
7215,2309.014282464981,-0.0035642674,
7216,2309.30144071579,-0.016599791,
7217,2309.5880534648895,-0.01034291,
7218,2309.8733818531036,-0.004884014,
7219,2310.159890651703,-0.0,
7220,2310.445400238037,-3.977188e-05,
7221,2310.729927778244,-0.021932255,
7222,2311.0190591812134,-0.009462852,
7223,2311.3035295009613,-0.0056149694,
7224,2311.5905005931854,-0.024715116,
7225,2311.8723475933075,-0.0,
7226,2312.9666500091553,-0.0021804583,
7227,2313.2484645843506,-0.0,
7228,2313.5351915359497,-0.0,
7229,2313.8206055164337,-0.0057159527,
7230,2314.104714870453,-2.2709214e-07,
7231,2314.3919134140015,-0.018819608,
7232,2314.677581310272,-0.046298653,
7233,2314.9636659622192,-0.0,
7234,2315.248190641403,-0.0,
7235,2315.533535003662,-0.023472631,
7236,2315.820538520813,-0.0047377353,
7237,2316.1059064865112,-0.0,
7238,2316.396027326584,-0.0072082854,
7239,2316.6853199005127,-0.04563318,
7240,2316.973730802536,-0.0,
7241,2317.26446557045,-0.021517998,
7242,2317.554083108902,-0.0,
7243,2317.8453497886658,-0.011148221,
7244,2318.1355566978455,-0.05510749,
7245,2318.4245624542236,-0.0,
7246,2318.7151379585266,-0.0,
7247,2319.004310131073,-0.0013374133,
7248,2319.2944917678833,-0.021127481,
7249,2319.583912372589,-0.023112103,
7250,2319.867717027664,-0.008430388,
7251,2320.8925914764404,-0.002979014,
7252,2321.1746413707733,-0.0,
7253,2321.461517095566,-0.0017711454,
7254,2321.746125936508,-0.028487567,
7255,2322.034061908722,-0.0,
7256,2322.3184502124786,-0.013732172,
7257,2322.60275554657,-0.01699653,
7258,2322.8896749019623,-0.025921293,
7259,2323.1756117343903,-6.565044e-10,
7260,2323.463924884796,-1.1112537e-06,
7261,2323.7490651607513,-0.034936637,
7262,2324.0372076034546,-0.02110355,
7263,2324.3232259750366,-0.023728143,
7264,2324.6091017723083,-0.00261123,
7265,2324.897520542145,-0.036545396,
7266,2325.1835100650787,-0.02244036,
7267,2325.4720315933228,-5.479166e-09,
7268,2325.756391763687,-0.02683173,
7269,2326.0421571731567,-0.0014323933,
7270,2326.329605102539,-3.797629e-08,
7271,2326.6147215366364,-0.03301809,
7272,2326.9030561447144,-0.018970795,
7273,2327.1884863376617,-0.017318346,
7274,2327.476422548294,-0.014196252,
7275,2327.755890607834,-0.001211954,
7276,2328.7892270088196,-0.0,
7277,2329.080125808716,-0.002232653,
7278,2329.3692498207092,-0.008242821,
7279,2329.659733772278,-0.0027934867,
7280,2329.9491024017334,-0.024856314,
7281,2330.239109516144,-0.0,
7282,2330.5286145210266,-0.007993237,
7283,2330.819086074829,-0.009301368,
7284,2331.1089758872986,-0.044621892,
7285,2331.3996682167053,-1.1083461e-09,
7286,2331.687479019165,-0.01271252,
7287,2331.978597164154,-0.053405814,
7288,2332.265054702759,-0.006523197,
7289,2332.553867340088,-0.00220911,
7290,2332.8413836956024,-0.0061132857,
7291,2333.128273010254,-0.0013134311,
7292,2333.4162774086,-0.0,
7293,2333.700880050659,-0.026950698,
7294,2333.9908459186554,-0.009420956,
7295,2334.275801181793,-0.040282905,
7296,2334.562151670456,-0.011003882,
7297,2334.8483951091766,-0.00073522853,
7298,2335.134261369705,-0.020346424,
7299,2335.4219658374786,-0.041111294,
7300,2335.8749194145203,-0.011587117,
7301,2336.826434612274,-0.0024841833,
7302,2337.1116828918457,-0.018439798,
7303,2337.398864030838,-0.02233044,
7304,2337.6854729652405,-0.025088968,
7305,2337.972736120224,-0.004860407,
7306,2338.259307861328,-0.055251956,
7307,2338.5466570854187,-0.036009263,
7308,2338.8349068164825,-0.03261047,
7309,2339.1213653087616,-0.07551244,
7310,2339.408534526825,-0.010728029,
7311,2339.6944494247437,-0.0321353,
7312,2339.9808220863342,-0.00938374,
7313,2340.2697834968567,-0.0,
7314,2340.556078195572,-0.020692877,
7315,2340.843163728714,-0.026161667,
7316,2341.1307561397552,-0.011356498,
7317,2341.4176619052887,-0.046641916,
7318,2341.7055854797363,-0.0009750312,
7319,2341.9926147460938,-0.0,
7320,2342.280925512314,-0.0035369499,
7321,2342.5676414966583,-0.0,
7322,2342.8549354076385,-0.00056433125,
7323,2343.140739917755,-0.036255218,
7324,2343.4286348819733,-0.0,
7325,2343.7127933502197,-1.5522042e-11,
7326,2344.8511805534363,-0.014846955,
7327,2345.1351323127747,-0.009380582,
7328,2345.4210481643677,-0.0,
7329,2345.7097606658936,-0.0,
7330,2345.994681119919,-1.5852299e-11,
7331,2346.280060529709,-0.00838767,
7332,2346.5668115615845,-0.0050060423,
7333,2346.8521485328674,-0.007158135,
7334,2347.13916516304,-0.030933063,
7335,2347.4265558719635,-0.04326321,
7336,2347.7130150794983,-0.031763487,
7337,2347.9974768161774,-0.086064376,
7338,2348.285662651062,-0.015524475,
7339,2348.5722024440765,-0.0,
7340,2348.856978416443,-0.06674549,
7341,2349.1452832221985,-1.6674809e-05,
7342,2349.430645942688,-0.0,
7343,2349.717809677124,-0.0,
7344,2350.0039620399475,-0.0,
7345,2350.2898128032684,-0.011532962,
7346,2350.5763993263245,-0.025677722,
7347,2350.8636586666107,-0.032831874,
7348,2351.1503195762634,-0.03163153,
7349,2351.437670946121,-0.0,
7350,2351.721174955368,-0.030554712,
7351,2352.894914150238,-0.029769171,
7352,2353.176966905594,-0.011282649,
7353,2353.4648818969727,-0.03161957,
7354,2353.748641729355,-4.5104345e-10,
7355,2354.034304857254,-0.00061415933,
7356,2354.31863117218,-0.0,
7357,2354.6037294864655,-0.0023218908,
7358,2354.888803243637,-0.04343983,
7359,2355.172793149948,-0.002994367,
7360,2355.4593579769135,-0.0060811974,
7361,2355.7436785697937,-0.000572876,
7362,2356.026861667633,-2.286131e-06,
7363,2356.310619831085,-0.02504989,
7364,2356.594853401184,-0.015692,
7365,2356.8821432590485,-0.0,
7366,2357.1660420894623,-0.004317553,
7367,2357.453113079071,-0.008528665,
7368,2357.7373032569885,-0.0,
7369,2358.023396253586,-0.0054318365,
7370,2358.3064811229706,-0.016796835,
7371,2358.5905227661133,-3.4933785e-09,
7372,2358.8778829574585,-0.011421299,
7373,2359.162969827652,-0.0027596902,
7374,2359.4498541355133,-0.0028107264,
7375,2359.728727579117,-0.0070736436,
7376,2360.7649550437927,-4.6605283e-08,
7377,2361.046956062317,-0.008511994,
7378,2361.333600759506,-0.015015078,
7379,2361.6205644607544,-0.033668645,
7380,2361.90567278862,-0.0060574277,
7381,2362.191799879074,-0.018708307,
7382,2362.476469039917,-0.014824904,
7383,2362.7650787830353,-0.0,
7384,2363.049812555313,-0.0,
7385,2363.335805416107,-0.068741396,
7386,2363.628568172455,-0.02123132,
7387,2363.917840242386,-0.0,
7388,2364.2089290618896,-0.038780436,
7389,2364.4975929260254,-0.012536261,
7390,2364.7886061668396,-0.0,
7391,2365.0779814720154,-0.0,
7392,2365.369961977005,-4.623658e-05,
7393,2365.661302804947,-0.0,
7394,2365.951627969742,-0.029950388,
7395,2366.2426447868347,-0.00031730402,
7396,2366.532674074173,-0.023303168,
7397,2366.8236384391785,-0.018899558,
7398,2367.110671520233,-0.03101436,
7399,2367.398255586624,-0.0,
7400,2367.8568625450134,-4.5111594e-08,
7401,2368.98571062088,-0.0,
7402,2369.2722392082214,-0.0,
7403,2369.5590381622314,-0.0,
7404,2369.845060110092,-0.0,
7405,2370.132001399994,-1.3770263e-06,
7406,2370.418758869171,-1.2998821e-09,
7407,2370.707103252411,-0.0,
7408,2370.99205994606,-0.013311475,
7409,2371.2800641059875,-0.023501998,
7410,2371.565071582794,-0.017644035,
7411,2371.8499479293823,-0.0050222217,
7412,2372.1386256217957,-0.0030827434,
7413,2372.4241111278534,-0.0046148547,
7414,2372.7105536460876,-0.0026939271,
7415,2372.9964742660522,-0.005956649,
7416,2373.282541513443,-0.005444089,
7417,2373.5678215026855,-0.0,
7418,2373.853662252426,-0.008143265,
7419,2374.140085220337,-7.892267e-06,
7420,2374.4264364242554,-0.014145297,
7421,2374.7133474349976,-0.014679863,
7422,2375.001592874527,-0.022156129,
7423,2375.2877089977264,-0.011695613,
7424,2375.5746488571167,-4.6372902e-11,
7425,2375.8625326156616,-0.0,
7426,2377.031570672989,-8.2082413e-10,
7427,2377.3225026130676,-0.0,
7428,2377.6116082668304,-0.010634871,
7429,2377.9030578136444,-0.03335369,
7430,2378.192068338394,-0.041186906,
7431,2378.4823927879333,-0.038596638,
7432,2378.771664619446,-0.008886058,
7433,2379.062544107437,-0.0031748456,
7434,2379.350250720978,-0.0,
7435,2379.638356924057,-0.0,
7436,2379.925093650818,-0.0,
7437,2380.2136635780334,-0.019372419,
7438,2380.5001981258392,-0.011595999,
7439,2380.7874081134796,-0.041344985,
7440,2381.0729410648346,-0.063707426,
7441,2381.3597950935364,-0.0,
7442,2381.645766735077,-0.010590594,
7443,2381.9311816692352,-0.0073928814,
7444,2382.2196424007416,-0.009846097,
7445,2382.5046677589417,-0.013262554,
7446,2382.7916271686554,-0.0,
7447,2383.0775232315063,-0.013389188,
7448,2383.3630590438843,-0.00724746,
7449,2383.6499269008636,-0.05249918,
7450,2383.933271884918,-0.0329268,
7451,2384.9945726394653,-0.022553066,
7452,2385.282228708267,-0.01838398,
7453,2385.5671088695526,-0.0,
7454,2385.852987766266,-0.068292834,
7455,2386.140362739563,-0.07093794,
7456,2386.4274368286133,-0.0,
7457,2386.7145862579346,-0.017890347,
7458,2387.001130580902,-0.0,
7459,2387.286675930023,-0.009979589,
7460,2387.5737533569336,-0.028496703,
7461,2387.8592615127563,-0.024838148,
7462,2388.1451127529144,-0.029807338,
7463,2388.4339361190796,-0.0,
7464,2388.718763113022,-0.014441241,
7465,2389.0051641464233,-0.007978976,
7466,2389.291520833969,-0.02373821,
7467,2389.5778017044067,-0.005521485,
7468,2389.865419626236,-0.0,
7469,2390.1524620056152,-0.0,
7470,2390.439943790436,-0.01610307,
7471,2390.7252411842346,-0.0042147585,
7472,2391.0123608112335,-0.0,
7473,2391.299225330353,-0.008554001,
7474,2391.5848331451416,-0.019031024,
7475,2391.87189745903,-0.01734796,
7476,2392.939734697342,-0.0069161914,
7477,2393.225168466568,-0.0075802775,
7478,2393.5098736286163,-0.008290767,
7479,2393.796100139618,-5.2173905e-06,
7480,2394.081855773926,-0.0,
7481,2394.367769241333,-0.010395055,
7482,2394.6556491851807,-0.020834044,
7483,2394.938348054886,-0.025009025,
7484,2395.22518491745,-0.0132353315,
7485,2395.5106394290924,-0.009712895,
7486,2395.7960529327393,-0.03415162,
7487,2396.0827629566193,-0.0,
7488,2396.3691556453705,-0.038786475,
7489,2396.6560533046722,-0.021124592,
7490,2396.9410099983215,-0.012477006,
7491,2397.2259669303894,-0.033559173,
7492,2397.5140945911407,-6.519241e-10,
7493,2397.797789812088,-0.013476273,
7494,2398.0831599235535,-0.0,
7495,2398.370786190033,-0.031135239,
7496,2398.6556158065796,-0.02398298,
7497,2398.943743944168,-0.0044976077,
7498,2399.2302124500275,-0.018970847,
7499,2399.516572713852,-1.7177195e-05,
7500,2399.9689128398895,-0.022313783,
7501,2401.0243241786957,-0.0,
7502,2401.3070571422577,-0.008778351,
7503,2401.594449043274,-0.018820427,
7504,2401.8796651363373,-0.0012918061,
7505,2402.1679623126984,-0.010190735,
7506,2402.454699754715,-0.0,
7507,2402.7415809631348,-0.0048377914,
7508,2403.0326447486877,-0.008615838,
7509,2403.3172318935394,-0.0073589887,
7510,2403.6029093265533,-0.021106105,
7511,2403.8910851478577,-0.0,
7512,2404.1796939373016,-0.013980631,
7513,2404.4694085121155,-0.077947035,
7514,2404.7538940906525,-0.07728776,
7515,2405.040548801422,-0.0,
7516,2405.3305916786194,-0.0052758856,
7517,2405.6185913085938,-0.0075808773,
7518,2405.9072070121765,-0.022632195,
7519,2406.194508075714,-0.00015990518,
7520,2406.4827587604523,-0.01317836,
7521,2406.7728180885315,-0.014274168,
7522,2407.062178850174,-0.0012237963,
7523,2407.353467464447,-0.010261326,
7524,2407.6425783634186,-0.0,
7525,2407.9304895401,-0.022566207,
7526,2409.0508925914764,-0.006438546,
7527,2409.336053133011,-0.012770749,
7528,2409.620420217514,-0.020582352,
7529,2409.9058723449707,-0.01654325,
7530,2410.1909766197205,-0.00036001927,
7531,2410.4762098789215,-0.0016663612,
7532,2410.7636981010437,-1.0978021e-07,
7533,2411.049283504486,-0.007896627,
7534,2411.335028409958,-0.011128653,
7535,2411.618783712387,-0.004983046,
7536,2411.90455698967,-0.014910095,
7537,2412.189635515213,-0.0,
7538,2412.4734921455383,-0.02010056,
7539,2412.7609915733337,-0.014242741,
7540,2413.050263404846,-0.054242324,
7541,2413.3390295505524,-0.009556299,
7542,2413.629963159561,-0.014398444,
7543,2413.919029712677,-0.026991718,
7544,2414.210501909256,-0.019877179,
7545,2414.4989881515503,-1.2327595e-07,
7546,2414.7895197868347,-0.048950367,
7547,2415.0782086849213,-0.0019841979,
7548,2415.3688881397247,-0.023028703,
7549,2415.658245563507,-0.010436456,
7550,2415.944579601288,-3.5566066e-09,
7551,2416.9528996944427,-0.014894029,
7552,2417.2350459098816,-0.024772156,
7553,2417.520127058029,-0.017377691,
7554,2417.809341907501,-3.070363e-07,
7555,2418.0982899665833,-0.013338272,
7556,2418.3893704414368,-4.722362e-05,
7557,2418.678679227829,-0.0053268936,
7558,2418.9689407348633,-0.039984636,
7559,2419.2578432559967,-0.002395091,
7560,2419.5431609153748,-0.018557783,
7561,2419.827254295349,-0.0043792105,
7562,2420.1114931106567,-5.0799315e-10,
7563,2420.395431280136,-0.0,
7564,2420.6805050373077,-0.022474643,
7565,2420.9660499095917,-0.054636553,
7566,2421.251824617386,-0.085060045,
7567,2421.5386950969696,-0.0,
7568,2421.823539018631,-0.016411226,
7569,2422.1091611385345,-0.013495073,
7570,2422.3940665721893,-0.0,
7571,2422.680148124695,-0.020972569,
7572,2422.9688653945923,-0.025733352,
7573,2423.2536957263947,-0.0,
7574,2423.5437841415405,-0.0,
7575,2423.8288559913635,-6.072381e-09,
7576,2424.9804680347443,-0.012354936,
7577,2425.267525911331,-0.0,
7578,2425.5541112422943,-0.0010435745,
7579,2425.842136621475,-0.009531647,
7580,2426.129184484482,-0.0071827145,
7581,2426.4155538082123,-0.009351968,
7582,2426.7033655643463,-0.0,
7583,2426.9916372299194,-0.004047273,
7584,2427.2794139385223,-0.0023727391,
7585,2427.5679960250854,-3.8201702e-05,
7586,2427.8559374809265,-0.006140614,
7587,2428.144788980484,-0.0,
7588,2428.4323439598083,-0.020641798,
7589,2428.721122980118,-0.0024171197,
7590,2429.0101437568665,-0.0,
7591,2429.2978599071503,-0.0045957267,
7592,2429.5865519046783,-0.011586051,
7593,2429.874784708023,-0.018966153,
7594,2430.1647515296936,-0.016456794,
7595,2430.452488899231,-0.015505534,
7596,2430.7411770820618,-0.015111373,
7597,2431.0284600257874,-0.019461077,
7598,2431.315324783325,-0.008142117,
7599,2431.6052911281586,-0.018013416,
7600,2432.0669775009155,-0.017205564,
7601,2433.1944675445557,-0.005018138,
7602,2433.4811227321625,-0.022380875,
7603,2433.7667334079742,-0.018603217,
7604,2434.049995660782,-0.0023717217,
7605,2434.334285259247,-0.039467882,
7606,2434.619631767273,-0.017668173,
7607,2434.9074046611786,-0.011268615,
7608,2435.195631980896,-0.022648709,
7609,2435.484682559967,-0.045134425,
7610,2435.772072792053,-0.061508458,
7611,2436.061979532242,-0.016144702,
7612,2436.3481929302216,-0.009798479,
7613,2436.6329901218414,-0.0,
7614,2436.9173691272736,-0.009506799,
7615,2437.2025861740112,-0.0,
7616,2437.4861323833466,-0.0,
7617,2437.7693989276886,-0.012658547,
7618,2438.0560100078583,-0.04183974,
7619,2438.3399217128754,-0.029635975,
7620,2438.626538038254,-0.010961568,
7621,2438.9089782238007,-0.0,
7622,2439.193945646286,-0.009881237,
7623,2439.478933095932,-0.0,
7624,2439.761859893799,-0.0,
7625,2440.045638561249,-0.011199677,
7626,2441.066562652588,-0.008487366,
7627,2441.355204820633,-0.00372575,
7628,2441.6453256607056,-0.015133859,
7629,2441.9343094825745,-0.0077929255,
7630,2442.224758386612,-0.012466653,
7631,2442.5134675502777,-0.03884148,
7632,2442.8037407398224,-0.007968361,
7633,2443.0919847488403,-0.026551511,
7634,2443.38277387619,-0.015972758,
7635,2443.6717054843903,-0.0,
7636,2443.9615716934204,-0.0035378593,
7637,2444.250462293625,-0.0,
7638,2444.5367381572723,-0.006418629,
7639,2444.820883512497,-0.012252944,
7640,2445.1097700595856,-0.0,
7641,2445.4005982875824,-0.010913467,
7642,2445.6893153190613,-0.013614079,
7643,2445.9808418750763,-0.03000155,
7644,2446.2700271606445,-0.057605796,
7645,2446.561385154724,-0.031481188,
7646,2446.846115589142,-0.05484508,
7647,2447.134894132614,-0.013948355,
7648,2447.418634414673,-0.0,
7649,2447.7050671577454,-0.047883514,
7650,2447.9874868392944,-8.648424e-06,
7651,2449.062135219574,-0.0,
7652,2449.345819234848,-0.0076588457,
7653,2449.6301770210266,-0.0003447433,
7654,2449.9184041023254,-0.00091869134,
7655,2450.2023355960846,-0.0,
7656,2450.487566947937,-0.002831423,
7657,2450.7774777412415,-0.0,
7658,2451.0661776065826,-0.022045057,
7659,2451.356591463089,-0.0,
7660,2451.645191192627,-0.0,
7661,2451.9343292713165,-0.051581573,
7662,2452.2230887413025,-0.0,
7663,2452.5131628513336,-0.0,
7664,2452.8026435375214,-0.0,
7665,2453.0913310050964,-0.0034254703,
7666,2453.3818390369415,-0.025210101,
7667,2453.669511795044,-0.0077352845,
7668,2453.95898938179,-0.03434586,
7669,2454.2466773986816,-0.008316113,
7670,2454.537073612213,-0.02325671,
7671,2454.8263218402863,-0.0022654838,
7672,2455.1179237365723,-0.004064226,
7673,2455.4083712100983,-1.5161966e-08,
7674,2455.7000069618225,-0.0,
7675,2455.9866518974304,-0.0,
7676,2457.0872864723206,-0.026417606,
7677,2457.375166654587,-0.012116481,
7678,2457.6635735034943,-0.0,
7679,2457.9520647525787,-0.021744002,
7680,2458.240548849106,-0.022309136,
7681,2458.527886867523,-0.019085797,
7682,2458.817715406418,-0.0,
7683,2459.10524392128,-1.10849065e-07,
7684,2459.394680261612,-0.00545791,
7685,2459.682288169861,-0.0,
7686,2459.971657514572,-0.0010302372,
7687,2460.2597873210907,-0.0056466917,
7688,2460.546705722809,-0.0,
7689,2460.8361275196075,-0.0,
7690,2461.122088909149,-0.0,
7691,2461.410840034485,-0.041293897,
7692,2461.6955440044403,-0.017631596,
7693,2461.980479955673,-0.02662611,
7694,2462.266527414322,-0.015173653,
7695,2462.5528445243835,-0.0040308554,
7696,2462.839498281479,-0.008578895,
7697,2463.1248712539673,-0.0076195532,
7698,2463.412617444992,-0.0,
7699,2463.6960904598236,-0.0,
7700,2464.151534318924,-0.006711322,
7701,2465.281354188919,-0.0,
7702,2465.567258119583,-0.05957411,
7703,2465.8527925014496,-0.0,
7704,2466.137686729431,-0.06127842,
7705,2466.421068429947,-6.340918e-11,
7706,2466.706691980362,-0.0,
7707,2466.9920802116394,-0.011543641,
7708,2467.276024580002,-4.82812e-08,
7709,2467.559642791748,-0.0052036797,
7710,2467.8445467948914,-0.0,
7711,2468.129913330078,-0.004907126,
7712,2468.4126245975494,-0.009570161,
7713,2468.6975610256195,-0.0,
7714,2468.9809970855713,-0.037043314,
7715,2469.2683522701263,-0.01947164,
7716,2469.552138566971,-0.036646254,
7717,2469.837520837784,-0.0,
7718,2470.1232130527496,-0.009940098,
7719,2470.408833503723,-0.0049285903,
7720,2470.6961154937744,-0.008496178,
7721,2470.980392932892,-0.0020009251,
7722,2471.266377687454,-0.022738202,
7723,2471.55127453804,-0.01844059,
7724,2471.8364453315735,-0.01184387,
7725,2472.118200302124,-0.008727048,
7726,2473.180840730667,-0.0,
7727,2473.4680507183075,-0.016392278,
7728,2473.7542221546173,-0.0025769735,
7729,2474.0403637886047,-0.011192435,
7730,2474.326237678528,-0.010366051,
7731,2474.6117820739746,-0.0,
7732,2474.8978118896484,-0.037168946,
7733,2475.1840069293976,-0.0368707,
7734,2475.4715144634247,-4.4275916e-10,
7735,2475.756881713867,-0.0,
7736,2476.0440826416016,-0.0,
7737,2476.3305900096893,-0.04193107,
7738,2476.6167442798615,-0.0071225003,
7739,2476.9053461551666,-0.015826909,
7740,2477.1905019283295,-0.012803566,
7741,2477.477185487747,-0.0,
7742,2477.768331050873,-5.1909677e-10,
7743,2478.0568652153015,-0.013820268,
7744,2478.3471574783325,-0.036339033,
7745,2478.6351816654205,-0.017847646,
7746,2478.9229233264923,-0.0012277279,
7747,2479.210321187973,-0.0,
7748,2479.494052171707,-0.043630112,
7749,2479.7804641723633,-0.025155623,
7750,2480.0612111091614,-0.038118012,
7751,2481.226683616638,-0.036149167,
7752,2481.516078710556,-0.020122696,
7753,2481.807324886322,-9.2936636e-05,
7754,2482.0949187278748,-0.0060854335,
7755,2482.3843886852264,-0.025199099,
7756,2482.669587612152,-0.012345114,
7757,2482.9542021751404,-0.0,
7758,2483.242283344269,-0.021336086,
7759,2483.5265226364136,-0.0,
7760,2483.811775445938,-0.015895989,
7761,2484.096125125885,-0.0139785595,
7762,2484.3821547031403,-0.025803123,
7763,2484.672658443451,-0.0038199236,
7764,2484.961149930954,-0.028146563,
7765,2485.2507779598236,-0.0020691892,
7766,2485.5392775535583,-0.017202575,
7767,2485.8293538093567,-0.0,
7768,2486.117110967636,-0.0,
7769,2486.4025099277496,-0.0036303557,
7770,2486.6891338825226,-0.017286848,
7771,2486.973930835724,-0.054834906,
7772,2487.261254310608,-0.010652296,
7773,2487.547362089157,-0.00942734,
7774,2487.8325645923615,-0.0,
7775,2488.1220684051514,-0.012041614,
7776,2489.2103712558746,-2.1845809e-08,
7777,2489.49596619606,-0.018818947,
7778,2489.7811002731323,-0.0,
7779,2490.0648198127747,-0.011386273,
7780,2490.351083755493,-0.06554865,
7781,2490.635557413101,-0.016860161,
7782,2490.923005580902,-0.0,
7783,2491.2051026821136,-0.02392726,
7784,2491.489224433899,-0.038525652,
7785,2491.7806947231293,-0.0,
7786,2492.069783449173,-0.0192598,
7787,2492.3590581417084,-0.005436469,
7788,2492.648764371872,-0.018188147,
7789,2492.9371263980865,-0.009931016,
7790,2493.2243070602417,-0.00014589602,
7791,2493.5094044208527,-0.012579265,
7792,2493.795693397522,-0.018233493,
7793,2494.0813932418823,-0.06821833,
7794,2494.3676574230194,-0.0,
7795,2494.650857925415,-0.0013192022,
7796,2494.938026189804,-0.011578785,
7797,2495.2267940044403,-0.001266097,
7798,2495.515843629837,-0.011135488,
7799,2495.807165145874,-0.013051598,
7800,2496.2685282230377,-0.005179992,
7801,2497.2811303138733,-0.012481632,
7802,2497.5626146793365,-0.044467364,
7803,2497.849522590637,-0.018347453,
7804,2498.1321351528168,-0.011169695,
7805,2498.417837381363,-0.018220566,
7806,2498.7067515850067,-0.017102988,
7807,2498.995533466339,-0.021872547,
7808,2499.286076068878,-0.005480952,
7809,2499.574318885803,-0.004692599,
7810,2499.864644050598,-0.02603938,
7811,2500.1518366336823,-0.0016631224,
7812,2500.436684370041,-0.017544117,
7813,2500.7230381965637,-0.0070860367,
7814,2501.0079016685486,-0.0012285828,
7815,2501.2940146923065,-0.0,
7816,2501.5801527500153,-0.0,
7817,2501.86310839653,-0.0,
7818,2502.151962995529,-0.0025835354,
7819,2502.4426424503326,-1.0947746e-09,
7820,2502.7319507598877,-0.020335007,
7821,2503.0225234031677,-0.010190856,
7822,2503.310236930847,-0.03553626,
7823,2503.6018242836,-0.0,
7824,2503.8866968154907,-0.017301675,
7825,2504.1717913150787,-0.010754427,
7826,2505.3145287036896,-0.012048119,
7827,2505.6009283065796,-0.0,
7828,2505.8897387981415,-0.003666658,
7829,2506.1797993183136,-0.0025191347,
7830,2506.468752384186,-0.020708479,
7831,2506.75897359848,-0.0,
7832,2507.04745554924,-0.04468657,
7833,2507.333904504776,-0.036319118,
7834,2507.6207795143127,-0.0,
7835,2507.904145717621,-0.05316343,
7836,2508.190106153488,-0.011932878,
7837,2508.4766767024994,-0.0,
7838,2508.761179447174,-0.02528006,
7839,2509.048094034195,-1.03141225e-07,
7840,2509.33909034729,-0.02674114,
7841,2509.6272048950195,-0.0,
7842,2509.9166831970215,-0.011969577,
7843,2510.205551624298,-0.014117303,
7844,2510.4958593845367,-0.009262269,
7845,2510.7828392982483,-0.048080582,
7846,2511.0694737434387,-0.014403449,
7847,2511.353798389435,-0.0062093986,
7848,2511.6399936676025,-0.01241899,
7849,2511.9256744384766,-0.0,
7850,2512.206835746765,-0.012672368,
7851,2513.244918346405,-0.07331647,
7852,2513.531566143036,-0.031950697,
7853,2513.8214857578278,-0.020777958,
7854,2514.109776735306,-0.0,
7855,2514.396551847458,-0.0,
7856,2514.680003643036,-1.9847703e-09,
7857,2514.9642174243927,-0.007556021,
7858,2515.249498128891,-0.014529892,
7859,2515.535106897354,-0.04884492,
7860,2515.8192172050476,-0.0,
7861,2516.1041996479034,-0.042413373,
7862,2516.3957488536835,-0.044037163,
7863,2516.684815645218,-0.009876243,
7864,2516.9754548072815,-0.0019353561,
7865,2517.2640450000763,-0.013698117,
7866,2517.554080247879,-0.0,
7867,2517.8417444229126,-0.0,
7868,2518.1263298988342,-0.018360708,
7869,2518.415693759918,-0.00461044,
7870,2518.6993577480316,-0.0012612732,
7871,2518.9854650497437,-0.029359851,
7872,2519.270918607712,-0.03515961,
7873,2519.5565214157104,-0.015731748,
7874,2519.8468544483185,-0.0027955906,
7875,2520.1346254348755,-0.0,
7876,2521.2867279052734,-0.026146311,
7877,2521.571077108383,-0.033059012,
7878,2521.8578658103943,-0.0,
7879,2522.1417768001556,-0.01441368,
7880,2522.4279959201813,-0.018931234,
7881,2522.714228630066,-0.0050499407,
7882,2522.9969384670258,-0.0018857298,
7883,2523.2852976322174,-0.031216126,
7884,2523.5757853984833,-0.0,
7885,2523.865594148636,-0.0027307426,
7886,2524.1571056842804,-0.00074634305,
7887,2524.4457194805145,-0.02486923,
7888,2524.736813545227,-0.0,
7889,2525.0213441848755,-0.0,
7890,2525.3089582920074,-0.065212555,
7891,2525.59343290329,-0.04798495,
7892,2525.878597974777,-0.011047317,
7893,2526.1641061306,-0.054995604,
7894,2526.4497232437134,-0.028287675,
7895,2526.7364506721497,-0.008354578,
7896,2527.027244091034,-0.006121507,
7897,2527.3184933662415,-0.011029506,
7898,2527.607053756714,-0.003966776,
7899,2527.8983960151672,-0.041316442,
7900,2528.358328819275,-0.02723348,
7901,2529.511220216751,-0.0069852215,
7902,2529.79283118248,-0.0,
7903,2530.0772309303284,-0.0,
7904,2530.3617329597473,-0.03075616,
7905,2530.6509726047516,-0.0,
7906,2530.9387476444244,-0.023576593,
7907,2531.2262303829193,-0.0048674066,
7908,2531.5169553756714,-0.001090683,
7909,2531.804214000702,-0.011911328,
7910,2532.0884387493134,-0.008572218,
7911,2532.372712135315,-0.024644298,
7912,2532.656969308853,-0.014735371,
7913,2532.9423258304596,-0.019363068,
7914,2533.2271456718445,-0.038574934,
7915,2533.51500082016,-0.007969375,
7916,2533.8011071681976,-0.00092527067,
7917,2534.092039346695,-0.0111816125,
7918,2534.381256341934,-0.013236052,
7919,2534.671211242676,-0.020161733,
7920,2534.9599232673645,-0.008405858,
7921,2535.249128818512,-0.023053514,
7922,2535.532749891281,-0.00031949911,
7923,2535.8187403678894,-0.037768796,
7924,2536.1036541461945,-0.004314136,
7925,2536.388370513916,-0.022738269,
7926,2537.3726563453674,-0.0,
7927,2537.658603668213,-0.0,
7928,2537.9485948085785,-3.6774085e-07,
7929,2538.236770629883,-0.028208734,
7930,2538.5269918441772,-0.018468259,
7931,2538.816482782364,-0.011649579,
7932,2539.1003193855286,-0.0012256961,
7933,2539.388018131256,-0.009987835,
7934,2539.672048330307,-0.017831203,
7935,2539.9589965343475,-0.015149379,
7936,2540.244383096695,-0.03769787,
7937,2540.530844449997,-0.014751374,
7938,2540.8162021636963,-0.015151806,
7939,2541.106210708618,-0.003424942,
7940,2541.396432876587,-0.035393983,
7941,2541.686391353607,-0.0,
7942,2541.9759590625763,-0.0,
7943,2542.265227794647,-0.056156106,
7944,2542.550188064575,-0.019087534,
7945,2542.8372116088867,-0.0009549024,
7946,2543.1232430934906,-0.01930373,
7947,2543.4118790626526,-0.015329137,
7948,2543.6969480514526,-0.0,
7949,2543.9836587905884,-0.0102871945,
7950,2544.264342069626,-0.013584672,
7951,2545.332930326462,-0.010836622,
7952,2545.6194808483124,-0.00666733,
7953,2545.909172296524,-0.0,
7954,2546.194835662842,-0.060721546,
7955,2546.4806077480316,-0.0,
7956,2546.7662496566772,-0.00043360732,
7957,2547.0512051582336,-0.0,
7958,2547.335207223892,-1.7181186e-09,
7959,2547.6229677200317,-0.0,
7960,2547.910249710083,-0.010704682,
7961,2548.19997382164,-0.03248325,
7962,2548.4900546073914,-0.010188613,
7963,2548.779786348343,-0.028275281,
7964,2549.0706765651703,-0.01604162,
7965,2549.359184741974,-0.0,
7966,2549.6469860076904,-2.0535451e-07,
7967,2549.9302117824554,-0.0,
7968,2550.215584754944,-0.0027118719,
7969,2550.5030829906464,-0.0154788345,
7970,2550.788012742996,-0.0,
7971,2551.0770399570465,-0.0,
7972,2551.3642661571503,-0.048989788,
7973,2551.653722524643,-0.011609675,
7974,2551.94358587265,-0.0,
7975,2552.22927570343,-0.015941253,
7976,2553.255895614624,-4.1392048e-10,
7977,2553.5447237491608,-0.010082239,
7978,2553.833662509918,-0.015591839,
7979,2554.1229128837585,-0.024450447,
7980,2554.411069869995,-0.0,
7981,2554.6984117031097,-0.0053582997,
7982,2554.9827280044556,-0.040169824,
7983,2555.2692482471466,-0.015298564,
7984,2555.55189037323,-0.00022202244,
7985,2555.8382997512817,-0.035075027,
7986,2556.12380027771,-0.01624549,
7987,2556.4077665805817,-0.013405993,
7988,2556.69371676445,-0.0,
7989,2556.9789547920227,-0.028913325,
7990,2557.2660055160522,-0.0030314347,
7991,2557.549457550049,-0.0,
7992,2557.8347034454346,-0.017657796,
7993,2558.120790719986,-0.0,
7994,2558.4049413204193,-0.03706409,
7995,2558.6916625499725,-0.021621801,
7996,2558.976893901825,-0.012159493,
7997,2559.2643547058105,-0.037541457,
7998,2559.548152923584,-0.011360182,
7999,2559.8321986198425,-0.0,
8000,2560.2861626148224,-0.05239858,
8001,2561.2705199718475,-0.0,
8002,2561.5595076084137,-0.014580849,
8003,2561.8499088287354,-0.0,
8004,2562.140445947647,-0.021397255,
8005,2562.431018590927,-0.019518033,
8006,2562.722433567047,-0.0,
8007,2563.0105423927307,-0.04245113,
8008,2563.2963647842407,-0.062455058,
8009,2563.586183786392,-0.008053858,
8010,2563.8764560222626,-0.020044208,
8011,2564.1675279140472,-0.03355728,
8012,2564.459059238434,-0.020989174,
8013,2564.7491106987,-1.47343995e-08,
8014,2565.040703058243,-0.022810144,
8015,2565.326327562332,-0.0039053576,
8016,2565.6130888462067,-0.018746864,
8017,2565.905454158783,-0.007979042,
8018,2566.1948285102844,-0.03806744,
8019,2566.4864535331726,-0.0,
8020,2566.777332305908,-0.024715677,
8021,2567.0681262016296,-0.022577766,
8022,2567.3604819774628,-0.019218989,
8023,2567.6485936641693,-0.0,
8024,2567.9404690265656,-0.001482187,
8025,2568.227417945862,-0.011371481,
8026,2569.373211622238,-0.0,
8027,2569.6593148708344,-0.04882689,
8028,2569.9447824954987,-0.0,
8029,2570.234126329422,-0.006192474,
8030,2570.52369761467,-0.017090209,
8031,2570.812979698181,-0.03147129,
8032,2571.1028175354004,-0.0017744964,
8033,2571.392189025879,-0.0,
8034,2571.6813383102417,-0.005710416,
8035,2571.9658811092377,-0.03735581,
8036,2572.25310254097,-0.049726505,
8037,2572.539587020874,-0.014050376,
8038,2572.8292055130005,-0.0,
8039,2573.1202216148376,-0.012519063,
8040,2573.410491466522,-0.010393928,
8041,2573.7025072574615,-0.01757453,
8042,2573.991106748581,-0.01032569,
8043,2574.2797017097473,-0.024735402,
8044,2574.5688710212708,-0.0017291019,
8045,2574.8592817783356,-0.015914842,
8046,2575.149796962738,-0.020057637,
8047,2575.4402256011963,-0.027848262,
8048,2575.728882074356,-0.016307166,
8049,2576.019288778305,-0.010023112,
8050,2576.3045296669006,-0.0026802346,
8051,2577.4605321884155,-0.0,
8052,2577.7447435855865,-0.008304626,
8053,2578.0341458320618,-0.019860277,
8054,2578.318315267563,-0.032301776,
8055,2578.604396343231,-0.03896068,
8056,2578.8915886878967,-0.013151634,
8057,2579.1777613162994,-0.030116258,
8058,2579.46546792984,-0.03533349,
8059,2579.751675605774,-0.029777557,
8060,2580.0390458106995,-0.023308158,
8061,2580.324809551239,-0.009921411,
8062,2580.611581802368,-0.015857393,
8063,2580.9000940322876,-0.0073115104,
8064,2581.1855216026306,-0.003355367,
8065,2581.4735980033875,-0.0041964306,
8066,2581.759098291397,-0.011985353,
8067,2582.044584274292,-0.0003983461,
8068,2582.331451892853,-1.5267582e-11,
8069,2582.617510318756,-0.016655594,
8070,2582.905493736267,-0.019415611,
8071,2583.1918065547943,-0.008541837,
8072,2583.478488922119,-2.7121476e-07,
8073,2583.7648084163666,-0.019205755,
8074,2584.0515019893646,-1.1997741e-06,
8075,2584.3353185653687,-0.0,
8076,2585.4552619457245,-0.010687466,
8077,2585.7393617630005,-0.0,
8078,2586.0245611667633,-0.0,
8079,2586.3140726089478,-0.02410681,
8080,2586.599307537079,-0.020804958,
8081,2586.8852977752686,-0.012152233,
8082,2587.1719307899475,-0.0025512748,
8083,2587.457414865494,-0.019866552,
8084,2587.745478630066,-0.0,
8085,2588.032861471176,-0.024922285,
8086,2588.3190801143646,-0.015689552,
8087,2588.605236530304,-0.0008003291,
8088,2588.893207550049,-0.0,
8089,2589.180745124817,-5.4148608e-05,
8090,2589.4661028385162,-0.0047580106,
8091,2589.7542383670807,-0.0246761,
8092,2590.0398848056793,-0.021779677,
8093,2590.326388835907,-0.0,
8094,2590.6153485774994,-0.055212177,
8095,2590.9017238616943,-0.0,
8096,2591.191066265106,-0.04496342,
8097,2591.4769175052643,-0.00047621937,
8098,2591.7637791633606,-0.004647505,
8099,2592.0516221523285,-0.0005168371,
8100,2592.5112397670746,-0.0,
8101,2593.703367948532,-0.0,
8102,2593.992651462555,-0.011598968,
8103,2594.2811419963837,-0.0015905234,
8104,2594.570008993149,-0.010603499,
8105,2594.859075307846,-0.033588007,
8106,2595.1467723846436,-0.021921258,
8107,2595.4360513687134,-0.073069975,
8108,2595.7244000434875,-0.012310047,
8109,2596.015152454376,-0.0,
8110,2596.3041093349457,-0.0030252528,
8111,2596.5947773456573,-0.00549609,
8112,2596.8821976184845,-0.0017457993,
8113,2597.1686952114105,-0.0069109257,
8114,2597.453624486923,-0.0,
8115,2597.7387385368347,-0.008597979,
8116,2598.0238766670227,-0.0008925057,
8117,2598.3115775585175,-1.1869635e-06,
8118,2598.595249414444,-0.0071181254,
8119,2598.8811118602753,-0.009827335,
8120,2599.1654703617096,-0.0,
8121,2599.4505681991577,-0.0069976836,
8122,2599.7364478111267,-0.0,
8123,2600.020314693451,-0.030612536,
8124,2600.308387041092,-0.031897467,
8125,2600.589351415634,-0.027194241,
8126,2601.7574424743652,-8.346124e-08,
8127,2602.040578842163,-0.014818958,
8128,2602.328968524933,-0.016021261,
8129,2602.6119809150696,-0.015844898,
8130,2602.8971586227417,-0.09095831,
8131,2603.1808290481567,-0.0,
8132,2603.4658341407776,-0.020244796,
8133,2603.7516820430756,-0.015439443,
8134,2604.0353031158447,-0.0,
8135,2604.3216733932495,-0.0030323807,
8136,2604.6065051555634,-0.013453874,
8137,2604.8917713165283,-0.0,
8138,2605.1758053302765,-0.010266936,
8139,2605.4609355926514,-0.0,
8140,2605.7480795383453,-0.013007598,
8141,2606.031567335129,-0.02499143,
8142,2606.3193795681,-0.02608787,
8143,2606.6036372184753,-0.01452993,
8144,2606.889599084854,-9.803392e-11,
8145,2607.1739778518677,-0.0,
8146,2607.458159685135,-0.06806165,
8147,2607.7444310188293,-0.034201726,
8148,2608.0278153419495,-0.058476817,
8149,2608.3130354881287,-0.04231337,
8150,2608.5919942855835,-0.024891678,
8151,2609.6000742912292,-0.0013694254,
8152,2609.8844163417816,-0.0,
8153,2610.1692678928375,-0.010232403,
8154,2610.4570536613464,-0.01531888,
8155,2610.7420632839203,-0.0,
8156,2611.0286321640015,-0.009063754,
8157,2611.3115377426147,-0.019195078,
8158,2611.596333503723,-0.00014475301,
8159,2611.8804721832275,-0.16777618,
8160,2612.1659660339355,-0.0177515,
8161,2612.451844215393,-0.03631082,
8162,2612.7358815670013,-0.006038487,
8163,2613.0234038829803,-0.0060278936,
8164,2613.307373046875,-0.021091642,
8165,2613.593058824539,-0.021155508,
8166,2613.877584695816,-0.060335413,
8167,2614.1633927822113,-0.0058184844,
8168,2614.4469332695007,-0.019549822,
8169,2614.730485200882,-0.0020862664,
8170,2615.016240119934,-0.0,
8171,2615.300177335739,-0.0,
8172,2615.5865466594696,-0.006526858,
8173,2615.871360063553,-0.02200348,
8174,2616.1551282405853,-0.025024535,
8175,2616.439329624176,-0.000761957,
8176,2617.474855899811,-0.018878598,
8177,2617.7600560188293,-1.7086963e-09,
8178,2618.045648574829,-0.0,
8179,2618.3321969509125,-0.0010330193,
8180,2618.6166818141937,-0.014877411,
8181,2618.9011294841766,-0.011973038,
8182,2619.186136484146,-2.6617e-09,
8183,2619.4698362350464,-0.023525884,
8184,2619.754953622818,-0.029914603,
8185,2620.0399961471558,-0.014316046,
8186,2620.32537651062,-0.030014299,
8187,2620.608335018158,-0.0030026159,
8188,2620.8922815322876,-0.0,
8189,2621.178501367569,-0.019152826,
8190,2621.463145971298,-0.004799183,
8191,2621.748681783676,-0.013066912,
8192,2622.0317533016205,-0.014570098,
8193,2622.3172969818115,-0.015212201,
8194,2622.603765487671,-0.0,
8195,2622.887192249298,-0.032829903,
8196,2623.172925233841,-0.014206456,
8197,2623.4575428962708,-0.024703655,
8198,2623.743485927582,-0.0,
8199,2624.0272567272186,-0.012285146,
8200,2624.482971429825,-0.0,
8201,2625.534567832947,-0.04216614,
8202,2625.8220794200897,-0.06348605,
8203,2626.1039896011353,-0.003617032,
8204,2626.3895773887634,-0.018296456,
8205,2626.672712802887,-0.0,
8206,2626.9566469192505,-0.011567648,
8207,2627.242155313492,-0.0014809631,
8208,2627.525143146515,-0.016486725,
8209,2627.8109917640686,-0.0100711025,
8210,2628.094603061676,-1.8076179e-09,
8211,2628.379056453705,-0.0,
8212,2628.6641194820404,-0.021007651,
8213,2628.947683572769,-0.03584031,
8214,2629.233147382736,-0.0,
8215,2629.517459154129,-0.0061181593,
8216,2629.80326962471,-0.030434297,
8217,2630.089154958725,-0.007192464,
8218,2630.3723011016846,-0.0029092478,
8219,2630.6571905612946,-0.006079477,
8220,2630.9413986206055,-0.011396957,
8221,2631.224578142166,-0.080404006,
8222,2631.5098025798798,-0.038672768,
8223,2631.7940604686737,-0.025811682,
8224,2632.081117630005,-0.00083832705,
8225,2632.3587975502014,-0.0,
8226,2633.3932468891144,-0.015711604,
8227,2633.675348997116,-0.0013341667,
8228,2633.960223674774,-0.002368864,
8229,2634.2443442344666,-0.013691303,
8230,2634.5273118019104,-0.028289082,
8231,2634.8144183158875,-3.053516e-11,
8232,2635.098774433136,-0.009784171,
8233,2635.3837673664093,-0.0074524335,
8234,2635.6665136814117,-0.025159568,
8235,2635.9511501789093,-0.01137942,
8236,2636.237628698349,-0.017331053,
8237,2636.5206739902496,-0.015695343,
8238,2636.8073070049286,-0.019056506,
8239,2637.0902683734894,-0.0015664754,
8240,2637.375771999359,-0.020557284,
8241,2637.6598885059357,-0.009385133,
8242,2637.944395542145,-1.4766234e-06,
8243,2638.22989153862,-0.0,
8244,2638.5153295993805,-3.1195423e-06,
8245,2638.8014273643494,-0.0,
8246,2639.0843110084534,-0.018675262,
8247,2639.368759393692,-0.0,
8248,2639.6546478271484,-0.024138022,
8249,2639.9394340515137,-0.031423084,
8250,2640.2215752601624,-0.012254912,
8251,2641.2804849147797,-0.012612209,
8252,2641.5638530254364,-0.012846475,
8253,2641.845838546753,-0.021492014,
8254,2642.1307780742645,-0.023062792,
8255,2642.4125385284424,-0.014060642,
8256,2642.697080373764,-0.024402076,
8257,2642.97998380661,-0.008554109,
8258,2643.2633748054504,-0.0,
8259,2643.5478072166443,-0.015297704,
8260,2643.831952571869,-0.025091745,
8261,2644.1180164813995,-0.017652476,
8262,2644.4002463817596,-0.009148736,
8263,2644.6843547821045,-0.011902089,
8264,2644.9691109657288,-0.010606366,
8265,2645.252361536026,-3.4290926e-09,
8266,2645.538507461548,-0.0,
8267,2645.822538614273,-0.007306665,
8268,2646.1070952415466,-0.0039556758,
8269,2646.3919389247894,-0.037102573,
8270,2646.676012992859,-0.008270367,
8271,2646.9615881443024,-0.0058797807,
8272,2647.2456579208374,-0.0,
8273,2647.534243822098,-0.043720946,
8274,2647.816775083542,-0.0,
8275,2648.095934152603,-0.005496615,
8276,2649.2570230960846,-0.0,
8277,2649.540838241577,-0.0144869,
8278,2649.821696281433,-0.016920468,
8279,2650.105217218399,-0.0,
8280,2650.3894963264465,-0.027167192,
8281,2650.674162387848,-0.07611942,
8282,2650.9583542346954,-0.008279509,
8283,2651.241715669632,-0.03591387,
8284,2651.5253744125366,-0.00475217,
8285,2651.8079895973206,-0.001560034,
8286,2652.091198205948,-0.0,
8287,2652.373706102371,-0.0105216745,
8288,2652.6549229621887,-0.00044776726,
8289,2652.937427520752,-0.024113286,
8290,2653.220482110977,-0.011040129,
8291,2653.503655195236,-0.010908286,
8292,2653.788927078247,-0.020358674,
8293,2654.0731036663055,-0.02226611,
8294,2654.355722427368,-0.035703428,
8295,2654.640419483185,-0.00631167,
8296,2654.923431158066,-0.0023047272,
8297,2655.209526538849,-0.011947969,
8298,2655.49302983284,-0.011271551,
8299,2655.774933576584,-0.018364247,
8300,2656.228539943695,-2.564346e-08,
8301,2657.3556246757507,-0.008737232,
8302,2657.6351339817047,-0.0,
8303,2657.9213201999664,-0.03446371,
8304,2658.207260131836,-0.005078418,
8305,2658.493230342865,-0.015843267,
8306,2658.7803087234497,-0.04254384,
8307,2659.0649931430817,-2.5067088e-06,
8308,2659.3524775505066,-0.0,
8309,2659.6371443271637,-0.0009145178,
8310,2659.923577785492,-0.011061881,
8311,2660.2117924690247,-0.0,
8312,2660.495705604553,-0.0052528707,
8313,2660.7824170589447,-0.00023133641,
8314,2661.070213317871,-0.062435813,
8315,2661.357750892639,-0.03586393,
8316,2661.642586708069,-0.0,
8317,2661.92955493927,-0.015789831,
8318,2662.2174496650696,-0.0,
8319,2662.50550198555,-0.059188325,
8320,2662.7945482730865,-0.007990486,
8321,2663.0797493457794,-0.0119957905,
8322,2663.3666405677795,-0.0,
8323,2663.6524538993835,-0.0482448,
8324,2663.9375410079956,-0.01583807,
8325,2664.22204041481,-1.5143456e-11,
8326,2665.410770177841,-0.029996566,
8327,2665.6912808418274,-0.014653401,
8328,2665.973480463028,-0.018812995,
8329,2666.257024049759,-0.0,
8330,2666.5394859313965,-0.014455527,
8331,2666.825583457947,-0.0069968947,
8332,2667.1085860729218,-0.016137494,
8333,2667.3923172950745,-0.0,
8334,2667.674325942993,-0.0,
8335,2667.9564485549927,-0.0,
8336,2668.241071462631,-0.007936178,
8337,2668.5250573158264,-0.0061187246,
8338,2668.812061071396,-0.015196214,
8339,2669.095729112625,-0.0,
8340,2669.379208087921,-0.0,
8341,2669.6632540225983,-4.002316e-09,
8342,2669.947861433029,-0.014448881,
8343,2670.2314143180847,-0.005910452,
8344,2670.5139355659485,-0.013127802,
8345,2670.7988352775574,-0.04046924,
8346,2671.0826709270477,-0.018933767,
8347,2671.367157936096,-0.0,
8348,2671.6504328250885,-0.0,
8349,2671.9337906837463,-0.0024591978,
8350,2672.216830968857,-0.0015849621,
8351,2673.272983789444,-0.0,
8352,2673.5575647354126,-0.022064889,
8353,2673.8405220508575,-0.011778347,
8354,2674.126275062561,-0.015093115,
8355,2674.4092152118683,-0.0124795595,
8356,2674.693253993988,-0.019134186,
8357,2674.97820687294,-0.0,
8358,2675.2646214962006,-0.0,
8359,2675.548815727234,-0.0,
8360,2675.8347775936127,-0.0050689913,
8361,2676.1189477443695,-0.012126826,
8362,2676.406196117401,-0.03427213,
8363,2676.6894063949585,-0.004881956,
8364,2676.9747829437256,-0.007741476,
8365,2677.259746313095,-0.04384531,
8366,2677.544767856598,-0.0,
8367,2677.830127954483,-0.0,
8368,2678.114785194397,-0.006354234,
8369,2678.4015605449677,-0.0,
8370,2678.6858026981354,-0.0030230214,
8371,2678.9701261520386,-0.008834463,
8372,2679.2552573680878,-0.007429665,
8373,2679.540599822998,-0.025103312,
8374,2679.827792406082,-0.049388595,
8375,2680.1091256141663,-0.014356748,
8376,2681.2526874542236,-0.0,
8377,2681.5350692272186,-0.014264746,
8378,2681.823167324066,-2.493916e-10,
8379,2682.10729265213,-0.015178465,
8380,2682.3933284282684,-0.013480757,
8381,2682.679507493973,-0.0,
8382,2682.9652976989746,-0.0,
8383,2683.2525634765625,-0.012564831,
8384,2683.5373718738556,-0.013369823,
8385,2683.8251106739044,-0.009993664,
8386,2684.1099190711975,-0.021762606,
8387,2684.3962495326996,-0.019239321,
8388,2684.684241294861,-0.015919201,
8389,2684.969132900238,-0.0,
8390,2685.255406141281,-0.06881293,
8391,2685.541708946228,-0.00041385935,
8392,2685.8278675079346,-0.02017989,
8393,2686.1123008728027,-0.012116715,
8394,2686.398638486862,-0.030832302,
8395,2686.685495853424,-0.040471572,
8396,2686.970428466797,-0.01161147,
8397,2687.2591512203217,-0.007599039,
8398,2687.5451576709747,-0.0,
8399,2687.8317654132843,-0.008551032,
8400,2688.282454967499,-0.04790657,
8401,2689.3308877944946,-0.001222469,
8402,2689.6113843917847,-0.013266905,
8403,2689.8993809223175,-0.0077400394,
8404,2690.1834461688995,-0.010457144,
8405,2690.467178583145,-0.03539766,
8406,2690.750523328781,-0.019819155,
8407,2691.034376144409,-0.03903619,
8408,2691.323301553726,-0.011111834,
8409,2691.605729341507,-0.050176866,
8410,2691.8920226097107,-0.007054625,
8411,2692.176094055176,-0.043349177,
8412,2692.461053133011,-0.023347631,
8413,2692.7460033893585,-0.018927889,
8414,2693.0302674770355,-0.0021471186,
8415,2693.317225217819,-0.04840743,
8416,2693.602200269699,-0.031421475,
8417,2693.8864839076996,-0.053785652,
8418,2694.169922351837,-0.014524179,
8419,2694.454726457596,-0.0135785,
8420,2694.7414305210114,-0.015272478,
8421,2695.0259580612183,-0.021961613,
8422,2695.311916589737,-0.019566726,
8423,2695.5983505249023,-0.0038553474,
8424,2695.8855810165405,-0.02635395,
8425,2696.1682171821594,-0.04690268,
8426,2697.2512040138245,-0.012497548,
8427,2697.5337612628937,-0.028379891,
8428,2697.8192460536957,-0.011950661,
8429,2698.1023378372192,-0.017032202,
8430,2698.3871128559113,-0.013200471,
8431,2698.672604560852,-0.015766239,
8432,2698.9596650600433,-0.019851647,
8433,2699.2456469535828,-0.017847972,
8434,2699.5308990478516,-0.0,
8435,2699.8201224803925,-0.00069135136,
8436,2700.1037521362305,-0.050736688,
8437,2700.3893201351166,-0.016953222,
8438,2700.676349878311,-0.034206495,
8439,2700.961276769638,-0.013548094,
8440,2701.248364686966,-0.020424314,
8441,2701.534701347351,-0.0,
8442,2701.823042869568,-0.009388381,
8443,2702.1079201698303,-0.008703124,
8444,2702.395325422287,-0.017247189,
8445,2702.6807968616486,-0.021880189,
8446,2702.966961145401,-0.0,
8447,2703.2546503543854,-0.0028801488,
8448,2703.540732860565,-0.0024509053,
8449,2703.8288114070892,-5.829266e-06,
8450,2704.110297679901,-0.009083136,
8451,2705.215939760208,-0.027710794,
8452,2705.498254776001,-0.0020749806,
8453,2705.7829933166504,-4.599123e-11,
8454,2706.065479516983,-0.00080608716,
8455,2706.350989341736,-0.0010539955,
8456,2706.6375341415405,-0.034048587,
8457,2706.9203407764435,-0.0,
8458,2707.2066032886505,-0.0,
8459,2707.4903087615967,-0.06007661,
8460,2707.776000022888,-0.017382551,
8461,2708.059412956238,-0.0,
8462,2708.343629837036,-0.0050341673,
8463,2708.630382537842,-0.017904948,
8464,2708.9149940013885,-0.009436368,
8465,2709.2019321918488,-0.014907522,
8466,2709.4846618175507,-0.012638053,
8467,2709.771468400955,-3.640568e-07,
8468,2710.05761885643,-1.5267582e-11,
8469,2710.342064857483,-6.311568e-07,
8470,2710.6282153129578,-0.08104672,
8471,2710.914469718933,-0.0098413285,
8472,2711.2007462978363,-0.004612455,
8473,2711.484971523285,-0.0,
8474,2711.771579027176,-0.0,
8475,2712.054000377655,-0.033607814,
8476,2713.1075208187103,-0.032839064,
8477,2713.392910003662,-0.0,
8478,2713.6772751808167,-0.008877179,
8479,2713.9640872478485,-0.016358934,
8480,2714.2489771842957,-0.025855944,
8481,2714.5348641872406,-0.010672963,
8482,2714.8191270828247,-0.012036398,
8483,2715.1038415431976,-0.004225143,
8484,2715.3909668922424,-2.4941533e-08,
8485,2715.675134897232,-0.013706773,
8486,2715.9630200862885,-0.013980202,
8487,2716.2460951805115,-0.0067535997,
8488,2716.5322036743164,-0.0066758306,
8489,2716.8163392543793,-0.030656006,
8490,2717.1018171310425,-0.014890957,
8491,2717.3892056941986,-0.012972126,
8492,2717.6743874549866,-0.0,
8493,2717.961642742157,-0.0,
8494,2718.245272874832,-0.012324111,
8495,2718.5322365760803,-0.0056816367,
8496,2718.8169038295746,-0.007365412,
8497,2719.102113008499,-0.0,
8498,2719.3893485069275,-0.01758464,
8499,2719.6741721630096,-0.0,
8500,2720.12624669075,-0.023613714,
8501,2721.181944847107,-0.0,
8502,2721.4640028476715,-0.0,
8503,2721.7479288578033,-0.045882657,
8504,2722.0346541404724,-0.021596208,
8505,2722.3187782764435,-0.028786894,
8506,2722.6036207675934,-0.0,
8507,2722.887454032898,-0.0,
8508,2723.17374253273,-0.019015528,
8509,2723.460637331009,-0.012671812,
8510,2723.7447788715363,-0.010094362,
8511,2724.033774137497,-0.0,
8512,2724.317643880844,-0.001748413,
8513,2724.604114294052,-0.0004446105,
8514,2724.890656232834,-0.0,
8515,2725.1742041110992,-0.06503,
8516,2725.4616186618805,-0.009368417,
8517,2725.7480750083923,-0.0007971027,
8518,2726.0341420173645,-0.049157143,
8519,2726.318144798279,-2.0874455e-10,
8520,2726.6025729179382,-9.538244e-06,
8521,2726.8896028995514,-0.010446701,
8522,2727.172966003418,-0.01230745,
8523,2727.460193872452,-0.030412018,
8524,2727.744927406311,-2.3462441e-07,
8525,2728.0278668403625,-0.0,
8526,2729.1009924411774,-0.016666481,
8527,2729.3848106861115,-0.009080989,
8528,2729.671157836914,-0.011096604,
8529,2729.9557468891144,-0.018557569,
8530,2730.2425038814545,-0.028532794,
8531,2730.5272319316864,-0.051840045,
8532,2730.813182115555,-0.0,
8533,2731.096923351288,-0.0,
8534,2731.381198167801,-0.0033011183,
8535,2731.670096874237,-2.6284238e-06,
8536,2731.953970193863,-0.010020233,
8537,2732.2414960861206,-0.004304206,
8538,2732.5268216133118,-0.040422082,
8539,2732.81316781044,-1.4136986e-05,
8540,2733.097672224045,-0.0007404729,
8541,2733.384443998337,-0.042229876,
8542,2733.672029018402,-0.0,
8543,2733.957010984421,-0.007994634,
8544,2734.2454092502594,-0.0,
8545,2734.5304939746857,-0.021029634,
8546,2734.816186904907,-0.0,
8547,2735.099653482437,-0.0,
8548,2735.386260032654,-7.696858e-10,
8549,2735.672380208969,-0.023061454,
8550,2735.9527549743652,-2.5391586e-08,
8551,2737.03337931633,-0.026263554,
8552,2737.316400051117,-7.0864024e-07,
8553,2737.6046483516693,-0.016676718,
8554,2737.8907566070557,-0.005034045,
8555,2738.177898645401,-0.0,
8556,2738.4638550281525,-0.0,
8557,2738.749786376953,-0.0008716861,
8558,2739.0406947135925,-0.0,
8559,2739.331291913986,-0.026672997,
8560,2739.6201598644257,-0.006379977,
8561,2739.9080131053925,-0.0033912098,
8562,2740.197402715683,-0.004042904,
8563,2740.4842681884766,-0.0,
8564,2740.7693672180176,-0.0028912572,
8565,2741.0581510066986,-0.005546488,
8566,2741.348820924759,-6.575864e-05,
8567,2741.636255264282,-0.017516388,
8568,2741.925240278244,-0.0,
8569,2742.2114083766937,-0.003039357,
8570,2742.4984006881714,-0.029603692,
8571,2742.788290500641,-4.5473806e-07,
8572,2743.073886156082,-0.0,
8573,2743.3628318309784,-0.01451863,
8574,2743.6500148773193,-0.008060107,
8575,2743.930453300476,-0.023765739,
8576,2745.114339828491,-0.002671183,
8577,2745.3984763622284,-0.006146355,
8578,2745.6824100017548,-0.0,
8579,2745.9686267375946,-0.0028890902,
8580,2746.252695798874,-0.033089448,
8581,2746.537506580353,-0.007102852,
8582,2746.825545310974,-0.025463512,
8583,2747.109169483185,-0.0,
8584,2747.396293401718,-0.0,
8585,2747.682354450226,-0.0,
8586,2747.9703583717346,-0.0,
8587,2748.2558047771454,-2.057801e-08,
8588,2748.543011903763,-0.002516007,
8589,2748.831178188324,-0.0,
8590,2749.1159284114838,-0.0040461165,
8591,2749.403482198715,-0.014412465,
8592,2749.6895020008087,-0.0,
8593,2749.976324081421,-0.012720548,
8594,2750.2651484012604,-0.067048326,
8595,2750.550276041031,-0.0,
8596,2750.8370077610016,-0.0,
8597,2751.122209072113,-0.0022537452,
8598,2751.406868457794,-0.0,
8599,2751.6931302547455,-0.010072712,
8600,2752.1461017131805,-0.035093755,
8601,2753.1897037029266,-0.00249342,
8602,2753.4722492694855,-0.010264715,
8603,2753.7558352947235,-0.027557328,
8604,2754.040442466736,-0.0,
8605,2754.32724070549,-0.012636187,
8606,2754.611067533493,-0.0,
8607,2754.896600484848,-0.0033240002,
8608,2755.1815814971924,-0.0,
8609,2755.4643392562866,-0.0,
8610,2755.7520320415497,-0.0035746212,
8611,2756.036762714386,-0.010999881,
8612,2756.323689222336,-0.05729763,
8613,2756.6087346076965,-0.009316869,
8614,2756.894266843796,-0.0,
8615,2757.1821937561035,-0.010499319,
8616,2757.4662160873413,-0.001024701,
8617,2757.752966403961,-0.0,
8618,2758.0384800434113,-0.0,
8619,2758.323664665222,-0.008119324,
8620,2758.6074481010437,-0.008102556,
8621,2758.891350030899,-0.016496839,
8622,2759.178357362747,-0.0056785154,
8623,2759.4617562294006,-0.021517353,
8624,2759.7483167648315,-0.010200645,
8625,2760.0269343852997,-0.0,
8626,2761.078781604767,-0.003145462,
8627,2761.3600659370422,-0.012645792,
8628,2761.6442608833313,-0.0,
8629,2761.9295494556427,-0.0,
8630,2762.214772462845,-0.0,
8631,2762.5021319389343,-9.946129e-05,
8632,2762.7862496376038,-0.021234322,
8633,2763.0717284679413,-0.012431175,
8634,2763.357260465622,-0.0,
8635,2763.6414816379547,-0.000113718444,
8636,2763.9289886951447,-0.0,
8637,2764.214069366455,-0.0291311,
8638,2764.5002188682556,-0.0014492765,
8639,2764.7837750911713,-0.009792121,
8640,2765.0683784484863,-0.0,
8641,2765.355907678604,-0.0057008187,
8642,2765.6404571533203,-0.012146894,
8643,2765.9264018535614,-0.0054518664,
8644,2766.211210012436,-0.0020083867,
8645,2766.4966390132904,-0.014816888,
8646,2766.7838983535767,-0.0,
8647,2767.0679042339325,-0.0439327,
8648,2767.355017900467,-0.0,
8649,2767.639379262924,-0.017739289,
8650,2767.9199023246765,-7.541071e-11,
8651,2769.102541923523,-0.006417189,
8652,2769.386845588684,-0.019958898,
8653,2769.6707582473755,-0.014786121,
8654,2769.956052303314,-8.6815344e-05,
8655,2770.2410748004913,-0.018383814,
8656,2770.5261750221252,-0.0039540487,
8657,2770.8132524490356,-0.0,
8658,2771.0983295440674,-0.019572293,
8659,2771.3831918239594,-0.0,
8660,2771.6668581962585,-5.79129e-09,
8661,2771.952282190323,-0.08439329,
8662,2772.2405047416687,-0.029755855,
8663,2772.5258915424347,-0.0003581041,
8664,2772.813677549362,-0.02259776,
8665,2773.098349094391,-0.0014856714,
8666,2773.3853697776794,-0.035991624,
8667,2773.6702251434326,-0.0,
8668,2773.956845998764,-0.007083111,
8669,2774.2448489665985,-0.007605128,
8670,2774.530644416809,-0.0,
8671,2774.8209278583527,-0.027812457,
8672,2775.108128786087,-2.7658492e-05,
8673,2775.397625207901,-0.020295497,
8674,2775.6830315589905,-0.044860173,
8675,2775.962617635727,-0.0,
8676,2776.914213657379,-0.016221568,
8677,2777.196563720703,-0.013413723,
8678,2777.4834172725677,-3.0547753e-10,
8679,2777.7676570415497,-0.016909746,
8680,2778.0541694164276,-0.0041526626,
8681,2778.3409407138824,-0.0020628113,
8682,2778.6251549720764,-0.0057786233,
8683,2778.914495229721,-0.023037337,
8684,2779.1985070705414,-0.0,
8685,2779.484545469284,-0.008306778,
8686,2779.7703626155853,-0.0,
8687,2780.0582633018494,-0.0,
8688,2780.345871925354,-0.010205077,
8689,2780.631798505783,-0.0,
8690,2780.9193024635315,-0.03965511,
8691,2781.204388141632,-0.008567141,
8692,2781.4949111938477,-0.039485026,
8693,2781.7812213897705,-0.015425412,
8694,2782.067461490631,-0.004852775,
8695,2782.358023405075,-0.0,
8696,2782.6447150707245,-0.0136040915,
8697,2782.932814836502,-0.022275083,
8698,2783.219790697098,-0.008180926,
8699,2783.504688024521,-0.067254305,
8700,2783.95773935318,-0.007686555,
8701,2785.0516550540924,-0.017685128,
8702,2785.334725856781,-0.0,
8703,2785.617951631546,-0.0037915588,
8704,2785.9021456241608,-0.00955046,
8705,2786.1869645118713,-0.02829397,
8706,2786.474407672882,-0.0,
8707,2786.7582337856293,-0.0009399403,
8708,2787.0432784557343,-0.0,
8709,2787.329178094864,-0.0072242757,
8710,2787.613492012024,-0.027158557,
8711,2787.8984887599945,-0.0024555265,
8712,2788.181888818741,-0.00079424714,
8713,2788.4669148921967,-0.012145796,
8714,2788.7523334026337,-0.013410498,
8715,2789.036819934845,-0.0063484856,
8716,2789.3211357593536,-0.0,
8717,2789.605815887451,-0.0,
8718,2789.8932795524597,-9.4929254e-07,
8719,2790.1777963638306,-0.0009504487,
8720,2790.4631803035736,-0.00078984373,
8721,2790.7487382888794,-0.0,
8722,2791.0337755680084,-0.0,
8723,2791.321035861969,-0.0,
8724,2791.6061840057373,-0.01317693,
8725,2791.8898124694824,-0.008673059,
8726,2793.015051841736,-0.0,
8727,2793.300999879837,-0.011624983,
8728,2793.5860278606415,-4.7535963e-07,
8729,2793.871820449829,-0.00382824,
8730,2794.156393289566,-0.010802307,
8731,2794.4397900104523,-0.0,
8732,2794.726884365082,-0.015250556,
8733,2795.0136637687683,-0.019230025,
8734,2795.3003010749817,-0.0,
8735,2795.5844502449036,-0.0,
8736,2795.8707916736603,-0.026281154,
8737,2796.155035972595,-0.025002405,
8738,2796.4392964839935,-0.014419913,
8739,2796.7277817726135,-0.0,
8740,2797.0122570991516,-0.028228566,
8741,2797.2979345321655,-0.0075137597,
8742,2797.582942008972,-0.03991116,
8743,2797.869567155838,-0.019417664,
8744,2798.1553280353546,-0.015678767,
8745,2798.4385883808136,-0.004865362,
8746,2798.72660279274,-0.0,
8747,2799.0110535621643,-0.015094729,
8748,2799.29634475708,-0.0,
8749,2799.5809075832367,-0.0,
8750,2799.862651824951,-0.00832391,
8751,2800.95511674881,-0.028800441,
8752,2801.236503601074,-0.009192209,
8753,2801.523616552353,-0.00075484253,
8754,2801.8072588443756,-0.006959383,
8755,2802.0927469730377,-0.010227637,
8756,2802.376876115799,-0.033601254,
8757,2802.663500547409,-0.0007464401,
8758,2802.950590610504,-0.016288115,
8759,2803.234621286392,-0.0,
8760,2803.5219588279724,-0.0,
8761,2803.806134223938,-9.27458e-11,
8762,2804.090541601181,-0.0016757053,
8763,2804.375138282776,-0.000744984,
8764,2804.659364461899,-0.0010966369,
8765,2804.9461641311646,-0.0049966495,
8766,2805.2297570705414,-0.007315934,
8767,2805.515154361725,-0.0,
8768,2805.8012311458588,-2.229147e-05,
8769,2806.086629152298,-0.0,
8770,2806.3716440200806,-0.0,
8771,2806.655376434326,-0.0,
8772,2806.942072868347,-0.0027915998,
8773,2807.2266566753387,-0.0,
8774,2807.5113866329193,-0.0019417438,
8775,2807.7902619838715,-0.0067567597,
8776,2808.8488099575043,-0.016683267,
8777,2809.130838871002,-0.0,
8778,2809.413704395294,-0.0,
8779,2809.7000529766083,-0.032766975,
8780,2809.985772371292,-0.010102923,
8781,2810.271047592163,-0.005762391,
8782,2810.5542356967926,-0.017982304,
8783,2810.8395433425903,-0.0052816207,
8784,2811.127501487732,-0.0,
8785,2811.415815114975,-0.040424906,
8786,2811.7051050662994,-0.045057632,
8787,2811.992000102997,-0.0146721415,
8788,2812.2828199863434,-1.4125019e-09,
8789,2812.5685143470764,-0.009567649,
8790,2812.8534750938416,-0.0,
8791,2813.1403958797455,-0.008306904,
8792,2813.4272906780243,-0.010614739,
8793,2813.7140684127808,-0.0,
8794,2813.9999029636383,-0.0019970795,
8795,2814.2869906425476,-0.01640129,
8796,2814.5723102092743,-0.014906439,
8797,2814.857345342636,-0.010457642,
8798,2815.1448271274567,-0.0023405899,
8799,2815.430314540863,-6.5693286e-09,
8800,2815.88201713562,-0.0,
8801,2817.0169587135315,-0.017424075,
8802,2817.3027629852295,-0.018282065,
8803,2817.5897533893585,-0.0,
8804,2817.8749964237213,-0.0070582307,
8805,2818.160861968994,-0.031454682,
8806,2818.446309328079,-0.005927553,
8807,2818.7308292388916,-0.0,
8808,2819.0171632766724,-0.0,
8809,2819.303069114685,-0.04615415,
8810,2819.5886187553406,-0.0415407,
8811,2819.874525785446,-0.010675044,
8812,2820.160478115082,-0.0029050242,
8813,2820.4473083019257,-0.0,
8814,2820.7320635318756,-0.0,
8815,2821.0197718143463,-0.020332068,
8816,2821.304188966751,-0.014848059,
8817,2821.5906176567078,-0.02422494,
8818,2821.880298137665,-0.011400584,
8819,2822.164828300476,-0.016117482,
8820,2822.45272898674,-0.0,
8821,2822.7392399311066,-0.0531665,
8822,2823.029330253601,-0.047187854,
8823,2823.317414999008,-0.010397445,
8824,2823.604671239853,-2.9688678e-07,
8825,2823.891265630722,-0.032483842,
8826,2824.9187812805176,-0.005264559,
8827,2825.207036972046,-0.021410964,
8828,2825.490303039551,-0.013747086,
8829,2825.776952981949,-0.00856532,
8830,2826.0623178482056,-0.023143098,
8831,2826.3467407226562,-0.0,
8832,2826.633584499359,-0.011648202,
8833,2826.9184699058533,-0.0036176702,
8834,2827.204814195633,-0.0,
8835,2827.4888677597046,-0.0122624,
8836,2827.775154352188,-0.0,
8837,2828.060759305954,-0.009808277,
8838,2828.3462748527527,-0.011797288,
8839,2828.633571624756,-0.007545042,
8840,2828.921449661255,-0.014180977,
8841,2829.208081960678,-0.0,
8842,2829.4932906627655,-0.0,
8843,2829.7794439792633,-0.0015591371,
8844,2830.064043045044,-0.019378029,
8845,2830.3484551906586,-0.0,
8846,2830.635585784912,-0.02436456,
8847,2830.9198925495148,-0.0,
8848,2831.205932378769,-0.01359413,
8849,2831.4901378154755,-0.017640531,
8850,2831.772485971451,-0.016130563,
8851,2832.884916782379,-0.033570092,
8852,2833.165530204773,-3.053516e-11,
8853,2833.4501492977142,-0.0,
8854,2833.734943151474,-0.0,
8855,2834.022035598755,-0.027078252,
8856,2834.30615735054,-0.0016821376,
8857,2834.5906105041504,-0.002045514,
8858,2834.876100063324,-0.0,
8859,2835.159683704376,-0.011581496,
8860,2835.447263479233,-0.016183868,
8861,2835.7332258224487,-0.00058248936,
8862,2836.021798849106,-0.0,
8863,2836.3085849285126,-0.0,
8864,2836.596175670624,-0.0032810618,
8865,2836.8835258483887,-0.0007579896,
8866,2837.1664624214172,-0.0071324855,
8867,2837.4541413784027,-0.00062826177,
8868,2837.7379825115204,-0.0,
8869,2838.0229411125183,-0.0,
8870,2838.306040763855,-0.004937506,
8871,2838.59143781662,-0.0,
8872,2838.877809047699,-0.0008762249,
8873,2839.1624212265015,-0.002816079,
8874,2839.447916030884,-0.0,
8875,2839.729568004608,-1.6237489e-10,
8876,2840.7841894626617,-0.017708065,
8877,2841.0677518844604,-6.6188404e-06,
8878,2841.35648560524,-0.0,
8879,2841.6448364257812,-0.0,
8880,2841.9305346012115,-0.011385249,
8881,2842.2177567481995,-0.001643324,
8882,2842.502004146576,-0.00017712548,
8883,2842.7880957126617,-2.6043617e-08,
8884,2843.0727665424347,-0.0040370985,
8885,2843.3568160533905,-9.861025e-10,
8886,2843.6435902118683,-0.008585987,
8887,2843.92812871933,-0.0,
8888,2844.2161927223206,-0.0,
8889,2844.5001080036163,-0.0,
8890,2844.7847084999084,-0.0,
8891,2845.0701456069946,-0.0,
8892,2845.3552062511444,-0.044675797,
8893,2845.6415016651154,-0.01509952,
8894,2845.925459623337,-0.0,
8895,2846.214549779892,-0.03450715,
8896,2846.4983155727386,-0.0,
8897,2846.7838361263275,-0.0074638724,
8898,2847.0725724697113,-0.009055753,
8899,2847.3566060066223,-0.0062746503,
8900,2847.812882900238,-1.7225872e-06,
8901,2848.8262836933136,-0.0030161925,
8902,2849.110247373581,-0.0,
8903,2849.3952996730804,-0.012603901,
8904,2849.6812205314636,-0.0072745173,
8905,2849.966347694397,-0.0,
8906,2850.254738330841,-0.0,
8907,2850.536929368973,-0.008689106,
8908,2850.821419239044,-0.013405698,
8909,2851.1057579517365,-0.0,
8910,2851.3909196853638,-0.01747767,
8911,2851.676368713379,-0.0,
8912,2851.9603312015533,-0.017382432,
8913,2852.246640920639,-0.0,
8914,2852.531042575836,-0.0053873044,
8915,2852.8157205581665,-0.0,
8916,2853.1000583171844,-0.019695776,
8917,2853.3849692344666,-0.0,
8918,2853.67244720459,-0.061508697,
8919,2853.9570338726044,-0.0,
8920,2854.2425088882446,-0.006284188,
8921,2854.527257204056,-0.0,
8922,2854.8132112026215,-0.019815855,
8923,2855.0977745056152,-0.0,
8924,2855.3810410499573,-0.0,
8925,2855.6612956523895,-0.0058775665,
8926,2856.655421257019,-0.008952343,
8927,2856.93740940094,-0.012327477,
8928,2857.221522331238,-0.009285184,
8929,2857.505437850952,-0.014049835,
8930,2857.7891561985016,-0.019445432,
8931,2858.073753118515,-0.041909672,
8932,2858.356457710266,-0.010122594,
8933,2858.6420176029205,-0.0,
8934,2858.926236152649,-0.00094272,
8935,2859.2107338905334,-0.0,
8936,2859.492814540863,-0.0,
8937,2859.7760891914368,-0.026000675,
8938,2860.0613815784454,-0.0,
8939,2860.3456692695618,-1.2883231e-09,
8940,2860.631761074066,-0.016058339,
8941,2860.9144246578217,-0.0,
8942,2861.1988451480865,-0.0,
8943,2861.483590364456,-1.1458055e-06,
8944,2861.7684462070465,-0.010730309,
8945,2862.0535655021667,-0.0,
8946,2862.3362741470337,-0.0,
8947,2862.6211099624634,-0.012191224,
8948,2862.9045803546906,-0.0130507,
8949,2863.1893718242645,-0.006774523,
8950,2863.470183134079,-0.0,
8951,2864.4373836517334,-0.006967118,
8952,2864.719736814499,-0.012565067,
8953,2865.0029969215393,-0.010694484,
8954,2865.286898612976,-0.021279851,
8955,2865.5688049793243,-0.004823309,
8956,2865.8507990837097,-0.02070193,
8957,2866.1348276138306,-1.0974875e-09,
8958,2866.4165754318237,-0.0013826272,
8959,2866.701999902725,-0.0,
8960,2866.9858243465424,-0.015379304,
8961,2867.269535779953,-0.010448659,
8962,2867.5546357631683,-0.04047993,
8963,2867.8391966819763,-0.040153023,
8964,2868.125979423523,-2.1640673e-10,
8965,2868.409574985504,-0.0,
8966,2868.693566799164,-0.010773459,
8967,2868.9761645793915,-0.0072255596,
8968,2869.260286092758,-0.0,
8969,2869.5459101200104,-0.02002769,
8970,2869.8288345336914,-2.032809e-05,
8971,2870.1142950057983,-0.0,
8972,2870.396838903427,-0.004875691,
8973,2870.680903196335,-0.0037924226,
8974,2870.966109275818,-8.727839e-06,
8975,2871.244603872299,-0.016748117,
8976,2872.2869231700897,-0.013435342,
8977,2872.5676980018616,-0.0,
8978,2872.8554921150208,-5.029452e-06,
8979,2873.1404268741608,-0.044791173,
8980,2873.425919532776,-0.0055612545,
8981,2873.7087445259094,-3.172211e-08,
8982,2873.9929609298706,-0.0053334977,
8983,2874.280116558075,-0.006065369,
8984,2874.5657002925873,-0.027287267,
8985,2874.8524618148804,-0.027102042,
8986,2875.135390996933,-0.039066628,
8987,2875.4221370220184,-0.011489312,
8988,2875.706711292267,-0.001493021,
8989,2875.990864276886,-0.019559165,
8990,2876.2766695022583,-0.0,
8991,2876.5626289844513,-0.0,
8992,2876.8495643138885,-0.011780166,
8993,2877.1327493190765,-0.0,
8994,2877.419209718704,-0.0,
8995,2877.7047975063324,-0.0,
8996,2877.9887578487396,-0.0,
8997,2878.273957014084,-3.6561083e-05,
8998,2878.55899810791,-0.011154163,
8999,2878.8449177742004,-0.0,
9000,2879.2962453365326,-0.012327534,
9001,2880.385025501251,-0.0,
9002,2880.669354200363,-0.0025457041,
9003,2880.9578948020935,-0.012005093,
9004,2881.246197462082,-0.016244354,
9005,2881.5326714515686,-1.6863443e-10,
9006,2881.8174166679382,-0.014968495,
9007,2882.1033596992493,-0.0,
9008,2882.3903839588165,-0.017147891,
9009,2882.675190925598,-0.000878151,
9010,2882.9633684158325,-0.010610289,
9011,2883.2466473579407,-0.0036508555,
9012,2883.5320563316345,-0.0,
9013,2883.817834854126,-0.0,
9014,2884.1033461093903,-0.0,
9015,2884.3897528648376,-0.011893613,
9016,2884.6755878925323,-0.008898274,
9017,2884.964343547821,-0.018182233,
9018,2885.2476336956024,-0.00061211473,
9019,2885.532944202423,-0.003911746,
9020,2885.8196980953217,-0.009729364,
9021,2886.1070716381073,-0.012228429,
9022,2886.3948662281036,-0.0065825065,
9023,2886.6807675361633,-0.0,
9024,2886.9665331840515,-0.013191395,
9025,2887.2463731765747,-0.002780999,
9026,2888.3319606781006,-0.0,
9027,2888.616048336029,-0.008766352,
9028,2888.9007833004,-0.011497242,
9029,2889.1834247112274,-0.015471409,
9030,2889.467554330826,-0.0,
9031,2889.752956867218,-0.011114153,
9032,2890.037914276123,-0.0,
9033,2890.321448802948,-0.019952245,
9034,2890.60732626915,-0.005235694,
9035,2890.890347480774,-0.0015116498,
9036,2891.1783401966095,-0.012418566,
9037,2891.4612879753113,-0.00041685792,
9038,2891.7452640533447,-0.009061706,
9039,2892.028955221176,-0.043107167,
9040,2892.3123548030853,-1.4019924e-06,
9041,2892.5987730026245,-0.00865579,
9042,2892.882304430008,-0.0,
9043,2893.1686565876007,-0.043334723,
9044,2893.452250957489,-0.03591044,
9045,2893.7382509708405,-0.023584923,
9046,2894.022042989731,-0.0030459685,
9047,2894.305900812149,-0.03182156,
9048,2894.5909757614136,-0.02391892,
9049,2894.875309944153,-0.011771965,
9050,2895.1576828956604,-0.0,
9051,2896.206762313843,-0.0035173902,
9052,2896.4909875392914,-0.02197834,
9053,2896.7756333351135,-0.024933072,
9054,2897.0595347881317,-0.030416561,
9055,2897.3452723026276,-0.017269997,
9056,2897.6288356781006,-0.0043684887,
9057,2897.91663146019,-0.0,
9058,2898.200756549835,-0.0,
9059,2898.4865024089813,-0.0,
9060,2898.7717711925507,-0.02663142,
9061,2899.056633234024,-0.008572587,
9062,2899.3419229984283,-0.0,
9063,2899.6259891986847,-0.0,
9064,2899.913742542267,-1.7779024e-09,
9065,2900.1982691287994,-0.012577525,
9066,2900.4826414585114,-0.0,
9067,2900.7653839588165,-0.0,
9068,2901.0502066612244,-0.0,
9069,2901.334827184677,-0.016280515,
9070,2901.619111776352,-0.0011012452,
9071,2901.9029836654663,-1.8720631e-07,
9072,2902.1875970363617,-0.0,
9073,2902.4761538505554,-0.012131644,
9074,2902.761752128601,-0.0050849565,
9075,2903.0400812625885,-0.06606507,
9076,2904.2589659690857,-0.046075244,
9077,2904.540822505951,-0.0,
9078,2904.824061870575,-0.01601798,
9079,2905.1063051223755,-0.021041919,
9080,2905.390248775482,-0.0,
9081,2905.6737937927246,-0.0,
9082,2905.9568150043488,-0.030604739,
9083,2906.2399291992188,-0.07110951,
9084,2906.522477388382,-0.0,
9085,2906.804446697235,-0.0075165937,
9086,2907.087752342224,-0.03268642,
9087,2907.371415376663,-0.018647274,
9088,2907.653838157654,-0.0,
9089,2907.9362239837646,-0.0,
9090,2908.2193717956543,-0.066157624,
9091,2908.5027029514313,-0.00554689,
9092,2908.7862384319305,-0.008735126,
9093,2909.0703961849213,-0.0028699227,
9094,2909.354099035263,-0.022501264,
9095,2909.6363501548767,-0.031576056,
9096,2909.9204318523407,-0.018179711,
9097,2910.203418970108,-0.010649016,
9098,2910.488362312317,-0.000798922,
9099,2910.775643825531,-0.0,
9100,2911.2253057956696,-0.03237712,
9101,2912.2346880435944,-0.0027566305,
9102,2912.5147058963776,-0.0,
9103,2912.796139717102,-0.016186649,
9104,2913.078062772751,-0.033127956,
9105,2913.3607635498047,-0.008994145,
9106,2913.6423711776733,-0.0,
9107,2913.9246299266815,-0.012959107,
9108,2914.208403110504,-0.0057640886,
9109,2914.490720510483,-0.06766407,
9110,2914.772536754608,-0.014246636,
9111,2915.054309606552,-0.014069037,
9112,2915.3373136520386,-0.0032650575,
9113,2915.620499610901,-0.0,
9114,2915.9039096832275,-0.025849158,
9115,2916.187422990799,-0.066559345,
9116,2916.471004486084,-0.0,
9117,2916.7529604434967,-0.0,
9118,2917.034548997879,-0.019465953,
9119,2917.316425561905,-0.047221944,
9120,2917.599471092224,-0.004682556,
9121,2917.8820400238037,-0.01680953,
9122,2918.1656081676483,-0.0,
9123,2918.450011253357,-0.010086259,
9124,2918.7329564094543,-0.00047331458,
9125,2919.0122253894806,-0.004199704,
9126,2920.071813106537,-1.944205e-07,
9127,2920.351893901825,-0.014397481,
9128,2920.6338472366333,-0.0,
9129,2920.9168379306793,-0.019824767,
9130,2921.1989302635193,-0.017076012,
9131,2921.48113822937,-0.013563426,
9132,2921.7643806934357,-0.018930102,
9133,2922.048453807831,-0.0,
9134,2922.3312895298004,-0.006628754,
9135,2922.6121079921722,-0.019579295,
9136,2922.89443898201,-0.022419896,
9137,2923.1771030426025,-0.0,
9138,2923.4596672058105,-0.011779297,
9139,2923.7434878349304,-0.0,
9140,2924.027634382248,-0.040953938,
9141,2924.3108723163605,-0.003112994,
9142,2924.5930807590485,-0.030269183,
9143,2924.8755898475647,-0.014118287,
9144,2925.1580233573914,-0.025347535,
9145,2925.441431760788,-0.012260513,
9146,2925.7247211933136,-0.0123224165,
9147,2926.0072255134583,-0.010380713,
9148,2926.2896740436554,-0.0026887434,
9149,2926.5719685554504,-0.0010405725,
9150,2926.851037979126,-0.045611445,
9151,2927.9640855789185,-6.422899e-10,
9152,2928.244770526886,-0.0,
9153,2928.528086900711,-0.008198549,
9154,2928.8104605674744,-0.004875053,
9155,2929.094293832779,-0.0068517174,
9156,2929.377044439316,-0.00037394656,
9157,2929.6603593826294,-0.0,
9158,2929.94442820549,-0.0088102855,
9159,2930.2282497882843,-0.019693062,
9160,2930.5108349323273,-0.004226475,
9161,2930.7940735816956,-0.0019924864,
9162,2931.0768146514893,-0.0,
9163,2931.360249042511,-0.012241598,
9164,2931.644649744034,-0.0,
9165,2931.9278876781464,-0.0796252,
9166,2932.210386991501,-0.018214427,
9167,2932.494127511978,-0.0,
9168,2932.777039051056,-0.00032723366,
9169,2933.0608699321747,-0.0,
9170,2933.343900203705,-1.5718524e-11,
9171,2933.6274304389954,-0.0,
9172,2933.9102437496185,-0.0,
9173,2934.1941192150116,-0.0,
9174,2934.477554321289,-0.0,
9175,2934.7578003406525,-0.0021724973,
9176,2935.9294719696045,-0.0,
9177,2936.209002017975,-0.028877895,
9178,2936.491208076477,-0.0,
9179,2936.7735884189606,-0.031906366,
9180,2937.0552451610565,-0.0073250346,
9181,2937.3376367092133,-0.012543927,
9182,2937.621091604233,-0.0021345692,
9183,2937.9040293693542,-0.0011925197,
9184,2938.185938835144,-0.0,
9185,2938.468058824539,-0.03727452,
9186,2938.750504255295,-0.004779403,
9187,2939.032863855362,-0.0,
9188,2939.3146884441376,-0.0,
9189,2939.598208427429,-0.038630884,
9190,2939.881487607956,-0.006929558,
9191,2940.16419005394,-0.010825445,
9192,2940.446540594101,-0.0,
9193,2940.7288506031036,-0.0,
9194,2941.011310815811,-0.0,
9195,2941.2939414978027,-0.0,
9196,2941.5779786109924,-0.0,
9197,2941.8607790470123,-0.04356751,
9198,2942.14554977417,-0.013855865,
9199,2942.4271895885468,-0.008054768,
9200,2942.8751718997955,-0.0,
9201,2943.8518164157867,-0.004480529,
9202,2944.1316998004913,-0.010282075,
9203,2944.414712667465,-0.0047369413,
9204,2944.698838710785,-0.0,
9205,2944.983655691147,-0.025309185,
9206,2945.2658998966217,-0.0,
9207,2945.549101114273,-0.008004023,
9208,2945.831089735031,-0.016703598,
9209,2946.114218711853,-0.004143338,
9210,2946.3986644744873,-0.013326358,
9211,2946.6826980113983,-0.023623988,
9212,2946.96519446373,-0.006351728,
9213,2947.2485625743866,-0.014447623,
9214,2947.5315232276917,-0.0,
9215,2947.814817428589,-0.0,
9216,2948.098955631256,-0.08219223,
9217,2948.3823063373566,-0.008658927,
9218,2948.664639234543,-0.0,
9219,2948.9476339817047,-0.010765269,
9220,2949.2309868335724,-0.009773714,
9221,2949.5141677856445,-0.03963667,
9222,2949.797918319702,-0.0,
9223,2950.081883430481,-0.0005587474,
9224,2950.3645408153534,-9.1167124e-10,
9225,2950.643920660019,-0.0,
9226,2951.6335310935974,-0.0,
9227,2951.915185213089,-0.010429835,
9228,2952.1992514133453,-0.0,
9229,2952.4826998710632,-0.0020397613,
9230,2952.7656660079956,-0.0025704089,
9231,2953.0496592521667,-0.0,
9232,2953.333928346634,-0.0,
9233,2953.6176958084106,-0.0003058153,
9234,2953.9014246463776,-0.01076939,
9235,2954.184727907181,-0.027843794,
9236,2954.468604326248,-0.0025183607,
9237,2954.7531259059906,-0.022283114,
9238,2955.0378711223602,-0.015614289,
9239,2955.3216664791107,-0.010162413,
9240,2955.605048894882,-0.003073289,
9241,2955.8893551826477,-0.011520047,
9242,2956.1735877990723,-0.006878797,
9243,2956.4579451084137,-0.038646564,
9244,2956.741537809372,-0.015699225,
9245,2957.0258543491364,-0.0,
9246,2957.308328151703,-0.054923378,
9247,2957.5925040245056,-0.00016714448,
9248,2957.8771092891693,-1.0865426e-10,
9249,2958.1606364250183,-1.546374e-08,
9250,2958.439924955368,-9.945437e-05,
9251,2959.435393333435,-4.6372902e-11,
9252,2959.719044446945,-0.012927233,
9253,2960.004892349243,-0.0,
9254,2960.2880895137787,-0.007358552,
9255,2960.5725741386414,-1.1278093e-05,
9256,2960.856414794922,-0.020279884,
9257,2961.1417479515076,-0.009425018,
9258,2961.426642179489,-0.006112693,
9259,2961.711738586426,-0.015660325,
9260,2961.998139858246,-3.9478962e-08,
9261,2962.2832522392273,-0.0,
9262,2962.5667552948,-0.0,
9263,2962.851183652878,-0.007614471,
9264,2963.134949684143,-0.00977124,
9265,2963.4192309379578,-3.4799568e-09,
9266,2963.703609228134,-0.0,
9267,2963.9866955280304,-0.0013788237,
9268,2964.2709708213806,-0.037809692,
9269,2964.555270910263,-0.0,
9270,2964.8383123874664,-0.018928286,
9271,2965.121736764908,-0.025808962,
9272,2965.404934644699,-0.0,
9273,2965.688841819763,-0.032424662,
9274,2965.973589658737,-0.0,
9275,2966.253077030182,-0.016961142,
9276,2967.3072457313538,-0.0,
9277,2967.58683013916,-0.0,
9278,2967.8689997196198,-0.0,
9279,2968.1517457962036,-0.0,
9280,2968.432949066162,-0.0019366841,
9281,2968.7140028476715,-0.0,
9282,2968.9956407546997,-0.011134346,
9283,2969.277081012726,-0.020513797,
9284,2969.55877494812,-0.0011944865,
9285,2969.840523004532,-0.018024946,
9286,2970.121856689453,-0.0,
9287,2970.403066635132,-0.025262149,
9288,2970.684510946274,-0.0,
9289,2970.9669947624207,-2.2552879e-06,
9290,2971.249575138092,-0.026215808,
9291,2971.5320522785187,-0.0067100883,
9292,2971.814662218094,-0.0043674265,
9293,2972.09610748291,-0.0,
9294,2972.377163887024,-0.0,
9295,2972.6586170196533,-0.0,
9296,2972.940150499344,-0.022722196,
9297,2973.221855163574,-0.0,
9298,2973.503660917282,-0.006151683,
9299,2973.7875487804413,-0.00687466,
9300,2974.2369861602783,-0.014525858,
9301,2975.2602767944336,-0.010261614,
9302,2975.541063308716,-0.01485985,
9303,2975.8237719535828,-0.033958487,
9304,2976.107613325119,-0.0035421716,
9305,2976.391978263855,-0.024975289,
9306,2976.6745026111603,-0.047334477,
9307,2976.9572932720184,-0.013586637,
9308,2977.241431951523,-0.0,
9309,2977.5247271060944,-0.008412335,
9310,2977.8084926605225,-0.02508141,
9311,2978.0932540893555,-0.0060750823,
9312,2978.3754453659058,-1.5330412e-11,
9313,2978.6589550971985,-0.0,
9314,2978.9423859119415,-0.0063047153,
9315,2979.2258009910583,-0.003982297,
9316,2979.5090873241425,-0.0,
9317,2979.791782140732,-0.0,
9318,2980.0747442245483,-0.017485676,
9319,2980.358644962311,-2.4508467e-10,
9320,2980.6411213874817,-0.022014288,
9321,2980.925486803055,-0.013109387,
9322,2981.210189819336,-0.011662748,
9323,2981.4936215877533,-0.016143095,
9324,2981.7765159606934,-0.00889491,
9325,2982.055900812149,-0.009827062,
9326,2983.0690677165985,-0.016917683,
9327,2983.351731777191,-0.0,
9328,2983.6337213516235,-0.0102374405,
9329,2983.919142961502,-0.018651,
9330,2984.203945875168,-0.0,
9331,2984.489659309387,-0.0,
9332,2984.7720992565155,-0.0047638356,
9333,2985.0546448230743,-0.013402542,
9334,2985.3378033638,-0.0026044138,
9335,2985.6205158233643,-0.017703328,
9336,2985.904007911682,-0.0,
9337,2986.1870889663696,-6.234794e-11,
9338,2986.4708654880524,-0.0,
9339,2986.753094434738,-0.0143833915,
9340,2987.0357024669647,-0.0,
9341,2987.3191492557526,-0.02782817,
9342,2987.6022906303406,-0.0059141014,
9343,2987.8862195014954,-0.017059041,
9344,2988.169851064682,-0.013798979,
9345,2988.4520874023438,-0.0,
9346,2988.734869480133,-0.015110788,
9347,2989.017744541168,-0.0,
9348,2989.3008835315704,-0.02072531,
9349,2989.5833687782288,-0.029697612,
9350,2989.8627665042877,-0.0,
9351,2990.9485399723053,-0.0,
9352,2991.2282767295837,-0.0024060218,
9353,2991.510281562805,-0.020633992,
9354,2991.7929015159607,-0.0012413121,
9355,2992.0757184028625,-0.0,
9356,2992.357985973358,-0.0,
9357,2992.640920162201,-0.0,
9358,2992.9241302013397,-0.013415415,
9359,2993.207297563553,-0.0023890077,
9360,2993.4897401332855,-0.012645743,
9361,2993.7723841667175,-0.0,
9362,2994.05598115921,-0.0,
9363,2994.3389348983765,-0.0,
9364,2994.622797727585,-0.0,
9365,2994.9066712856293,-0.0,
9366,2995.189375638962,-0.0018678771,
9367,2995.4721660614014,-0.0,
9368,2995.7555017471313,-0.030101603,
9369,2996.0388371944427,-0.0,
9370,2996.3231148719788,-1.3164765e-07,
9371,2996.607229948044,-0.015425143,
9372,2996.889402151108,-0.0089591015,
9373,2997.173349380493,-0.029160758,
9374,2997.4560718536377,-0.0,
9375,2997.7368547916412,-0.060802173,
9376,2998.890687227249,-0.00015966664,
9377,2999.1716973781586,-0.016586274,
9378,2999.4552204608917,-1.6863443e-10,
9379,2999.7383885383606,-0.01110032,
9380,3000.0237917900085,-7.450154e-05,
9381,3000.3072032928467,-0.0,
9382,3000.590381860733,-0.015064232,
9383,3000.8738601207733,-0.0014136716,
9384,3001.157318353653,-0.0021873994,
9385,3001.4418139457703,-0.0026594624,
9386,3001.7262799739838,-0.0,
9387,3002.008688688278,-0.029403323,
9388,3002.292199611664,-0.024011249,
9389,3002.57520198822,-0.015707092,
9390,3002.8601970672607,-0.03399898,
9391,3003.1455023288727,-0.015303117,
9392,3003.4275736808777,-0.03889093,
9393,3003.711769104004,-0.0124867,
9394,3003.994806289673,-0.01417627,
9395,3004.2794563770294,-2.6550945e-06,
9396,3004.5641479492188,-0.012586271,
9397,3004.8480014801025,-0.0,
9398,3005.1312453746796,-0.022031888,
9399,3005.4141767024994,-0.009302428,
9400,3005.864258289337,-0.0,
9401,3006.9862287044525,-0.002123653,
9402,3007.266803264618,-0.0088601615,
9403,3007.550074338913,-0.0077817403,
9404,3007.8331594467163,-0.0071420902,
9405,3008.1161761283875,-0.010839045,
9406,3008.400004863739,-0.0,
9407,3008.683962583542,-0.0,
9408,3008.965144634247,-0.0024164082,
9409,3009.247698545456,-3.0676445e-06,
9410,3009.5313782691956,-0.008934452,
9411,3009.8145756721497,-0.007777411,
9412,3010.0985338687897,-0.004535578,
9413,3010.383079767227,-0.0,
9414,3010.66535282135,-0.0,
9415,3010.948523759842,-0.027349632,
9416,3011.2314689159393,-0.0,
9417,3011.514801979065,-0.014426981,
9418,3011.8005743026733,-0.0,
9419,3012.085271835327,-0.0028335215,
9420,3012.369248867035,-0.0058082202,
9421,3012.6520116329193,-0.023432914,
9422,3012.9366772174835,-0.014847713,
9423,3013.2241592407227,-0.0,
9424,3013.5106658935547,-0.034971606,
9425,3013.7957417964935,-3.599314e-11,
9426,3014.8517084121704,-0.015396826,
9427,3015.1332671642303,-0.006762644,
9428,3015.421560049057,-0.0,
9429,3015.702124118805,-0.016738465,
9430,3015.9846844673157,-1.3293502e-09,
9431,3016.2679314613342,-0.014507615,
9432,3016.550801038742,-0.0,
9433,3016.8348710536957,-0.018366124,
9434,3017.11892080307,-0.021379644,
9435,3017.402931690216,-3.9932093e-08,
9436,3017.6865680217743,-0.0,
9437,3017.9702427387238,-0.0048948443,
9438,3018.2548155784607,-0.0,
9439,3018.539529323578,-0.024046095,
9440,3018.8253672122955,-0.0,
9441,3019.1095616817474,-0.0,
9442,3019.3941040039062,-0.0,
9443,3019.6782631874084,-0.053311776,
9444,3019.961979866028,-0.0,
9445,3020.245428800583,-0.0,
9446,3020.5284254550934,-0.0,
9447,3020.812376976013,-0.0,
9448,3021.0965945720673,-2.664219e-07,
9449,3021.380609035492,-4.190652e-08,
9450,3021.659615278244,-0.016167482,
9451,3022.7641406059265,-0.0,
9452,3023.0441942214966,-0.014707675,
9453,3023.3270235061646,-0.0,
9454,3023.609895467758,-0.004316552,
9455,3023.893678665161,-0.0041838903,
9456,3024.1783759593964,-0.017395305,
9457,3024.461090326309,-0.013731406,
9458,3024.7445709705353,-0.0076617803,
9459,3025.027327775955,-0.0,
9460,3025.3107850551605,-0.0,
9461,3025.5950813293457,-0.01593433,
9462,3025.879014492035,-0.01347027,
9463,3026.1620078086853,-0.025692234,
9464,3026.4455173015594,-0.0,
9465,3026.7286512851715,-0.0059454227,
9466,3027.0128355026245,-0.0,
9467,3027.2977986335754,-0.000709698,
9468,3027.5797221660614,-0.012113896,
9469,3027.862902879715,-0.014992685,
9470,3028.145742416382,-0.0,
9471,3028.429191827774,-0.008549079,
9472,3028.713549375534,-0.0071374415,
9473,3028.9970273971558,-2.633602e-06,
9474,3029.279394865036,-0.015051763,
9475,3029.5577528476715,-0.013954983,
9476,3030.672833442688,-0.007217228,
9477,3030.954009771347,-0.0,
9478,3031.2377021312714,-0.039296106,
9479,3031.5190303325653,-0.007845769,
9480,3031.8023903369904,-0.011218836,
9481,3032.085265636444,-0.024395365,
9482,3032.3690688610077,-0.0,
9483,3032.653701066971,-0.029781915,
9484,3032.9386270046234,-0.020178532,
9485,3033.2248272895813,-0.042833403,
9486,3033.510943174362,-0.0,
9487,3033.7971155643463,-0.0,
9488,3034.0838792324066,-1.159445e-08,
9489,3034.366209745407,-0.017807718,
9490,3034.6510467529297,-0.0014179208,
9491,3034.9354090690613,-0.013480942,
9492,3035.217788219452,-0.025586033,
9493,3035.50164103508,-0.010046723,
9494,3035.784785747528,-0.004584586,
9495,3036.0688495635986,-0.0,
9496,3036.3534903526306,-0.021929298,
9497,3036.636669397354,-0.036612857,
9498,3036.920667886734,-0.0,
9499,3037.204269886017,-0.0,
9500,3037.6527676582336,-0.009037991,
9501,3038.724860906601,-0.014495681,
9502,3039.0059876441956,-0.0,
9503,3039.2900671958923,-0.0025719986,
9504,3039.5743567943573,-0.010779168,
9505,3039.8556764125824,-0.0076948227,
9506,3040.139765024185,-0.02183444,
9507,3040.4231131076813,-0.0,
9508,3040.7071101665497,-9.136304e-08,
9509,3040.9911093711853,-0.0,
9510,3041.274645805359,-0.0,
9511,3041.557883501053,-0.013667224,
9512,3041.8417620658875,-0.00022138204,
9513,3042.1259264945984,-0.011321534,
9514,3042.4101815223694,-0.012322945,
9515,3042.6939203739166,-0.0,
9516,3042.9771382808685,-0.0,
9517,3043.260922193527,-0.0,
9518,3043.5446016788483,-2.6187368e-05,
9519,3043.829053878784,-0.007737537,
9520,3044.11350440979,-0.0018146602,
9521,3044.3970515727997,-0.035857257,
9522,3044.6813583374023,-0.0,
9523,3044.9660935401917,-0.0152775645,
9524,3045.2511188983917,-0.0,
9525,3045.530597925186,-0.0,
9526,3046.5523960590363,-0.031622242,
9527,3046.8327684402466,-0.004991361,
9528,3047.1160776615143,-0.0,
9529,3047.399778842926,-0.072265014,
9530,3047.6834745407104,-0.016078101,
9531,3047.9668815135956,-0.0,
9532,3048.2518498897552,-0.024690092,
9533,3048.5339906215668,-0.036048867,
9534,3048.8174765110016,-0.0,
9535,3049.1007101535797,-0.0,
9536,3049.384766101837,-0.013367597,
9537,3049.6689796447754,-3.6313493e-06,
9538,3049.9524676799774,-0.005647469,
9539,3050.237860441208,-0.0,
9540,3050.521533727646,-2.5422185e-07,
9541,3050.806182384491,-0.0,
9542,3051.090461730957,-0.011901857,
9543,3051.3732357025146,-0.012183314,
9544,3051.656845331192,-0.0058514075,
9545,3051.9403986930847,-0.016386203,
9546,3052.2252402305603,-4.2359445e-09,
9547,3052.5104265213013,-0.0,
9548,3052.7932183742523,-0.01273773,
9549,3053.0775406360626,-0.004032951,
9550,3053.3574528694153,-0.018141113,
9551,3054.3979890346527,-0.0017033743,
9552,3054.67897105217,-0.00085537607,
9553,3054.9630932807922,-0.0,
9554,3055.2484846115112,-3.952976e-08,
9555,3055.5306248664856,-0.0,
9556,3055.813754081726,-0.03323387,
9557,3056.0978977680206,-0.0,
9558,3056.3828296661377,-0.008153039,
9559,3056.6689982414246,-0.027039105,
9560,3056.952206850052,-0.013114512,
9561,3057.236105442047,-0.025635403,
9562,3057.5202593803406,-0.053887915,
9563,3057.8059833049774,-0.014159189,
9564,3058.089863538742,-0.025458222,
9565,3058.372978925705,-0.014200376,
9566,3058.657554626465,-0.01956247,
9567,3058.942286491394,-0.0,
9568,3059.2279222011566,-0.0,
9569,3059.511433839798,-0.0071831006,
9570,3059.795604467392,-0.024518166,
9571,3060.0801527500153,-0.017602298,
9572,3060.3652012348175,-1.5143456e-11,
9573,3060.64999127388,-0.00996789,
9574,3060.934630870819,-0.0,
9575,3061.21572470665,-0.014626721,
9576,3062.2642765045166,-0.025654405,
9577,3062.545541524887,-0.008096773,
9578,3062.8290362358093,-0.024712715,
9579,3063.112232685089,-0.01636585,
9580,3063.3957731723785,-0.020106832,
9581,3063.6802320480347,-0.02475935,
9582,3063.9643852710724,-2.8831295e-07,
9583,3064.2484571933746,-0.0,
9584,3064.532218694687,-0.028698575,
9585,3064.81582903862,-0.0,
9586,3065.1008353233337,-0.020416614,
9587,3065.3861997127533,-0.032565184,
9588,3065.6691410541534,-2.284856e-05,
9589,3065.9538612365723,-0.041398454,
9590,3066.2380928993225,-0.0,
9591,3066.523159265518,-0.037996404,
9592,3066.8067173957825,-0.014401942,
9593,3067.0901312828064,-0.000150041,
9594,3067.3743908405304,-0.016297009,
9595,3067.6593663692474,-0.022143893,
9596,3067.943870782852,-0.009932932,
9597,3068.228155374527,-0.009796961,
9598,3068.5125262737274,-0.011375272,
9599,3068.7971999645233,-0.008093298,
9600,3069.2472701072693,-0.0133070955,
9601,3070.3685069084167,-0.012443003,
9602,3070.6506745815277,-0.0,
9603,3070.933697462082,-0.012812362,
9604,3071.217891216278,-0.0,
9605,3071.500753879547,-0.025779745,
9606,3071.784327507019,-0.0,
9607,3072.066724061966,-0.037759017,
9608,3072.350512981415,-0.014699525,
9609,3072.633020401001,-0.0041412916,
9610,3072.9169301986694,-0.018627554,
9611,3073.201340198517,-0.007935032,
9612,3073.485326528549,-0.016334837,
9613,3073.7698760032654,-0.013027534,
9614,3074.0545337200165,-0.01906259,
9615,3074.3392717838287,-0.017101329,
9616,3074.6241302490234,-0.0011508438,
9617,3074.9075717926025,-0.0,
9618,3075.193384408951,-0.020898513,
9619,3075.4818267822266,-0.0,
9620,3075.768783569336,-1.6932129e-08,
9621,3076.0537440776825,-0.026252333,
9622,3076.3381435871124,-0.018364374,
9623,3076.622219324112,-0.028284524,
9624,3076.9055075645447,-0.022461385,
9625,3077.185255765915,-0.003456715,
9626,3078.2237644195557,-0.0,
9627,3078.5050899982452,-1.6240994e-06,
9628,3078.789548397064,-0.0,
9629,3079.073626279831,-4.442216e-09,
9630,3079.359650850296,-0.009982774,
9631,3079.642545223236,-0.014182557,
9632,3079.926610469818,-0.011499452,
9633,3080.21062874794,-0.011389193,
9634,3080.4967756271362,-0.02646533,
9635,3080.783420562744,-0.0069337343,
9636,3081.0696041584015,-0.0,
9637,3081.3552706241608,-0.0,
9638,3081.640158176422,-0.0,
9639,3081.9237990379333,-0.003778459,
9640,3082.208678483963,-9.3068934e-07,
9641,3082.4930486679077,-0.021810155,
9642,3082.7788379192352,-0.007190327,
9643,3083.0630671977997,-6.234794e-11,
9644,3083.348007917404,-0.0016707977,
9645,3083.632915019989,-0.014773764,
9646,3083.9178614616394,-0.0,
9647,3084.202128648758,-0.0007233745,
9648,3084.4871113300323,-0.0,
9649,3084.7708311080933,-0.0,
9650,3085.052324771881,-0.0,
9651,3086.0999054908752,-0.0,
9652,3086.3831086158752,-0.0,
9653,3086.668044090271,-0.01598188,
9654,3086.953877210617,-0.014295944,
9655,3087.240381002426,-0.0,
9656,3087.5255796909332,-0.0,
9657,3087.8098318576813,-0.049810123,
9658,3088.0960154533386,-0.0,
9659,3088.3813729286194,-0.0,
9660,3088.6659409999847,-0.032764852,
9661,3088.9513194561005,-0.0,
9662,3089.236994743347,-0.0,
9663,3089.522392272949,-0.0,
9664,3089.8075749874115,-0.0,
9665,3090.0935339927673,-0.026760407,
9666,3090.37926030159,-0.002732812,
9667,3090.6644492149353,-0.0,
9668,3090.94992852211,-0.0027918958,
9669,3091.237197637558,-0.0,
9670,3091.522164583206,-0.0,
9671,3091.8074254989624,-0.0031603614,
9672,3092.09344124794,-0.024832502,
9673,3092.3799154758453,-0.015543619,
9674,3092.6650390625,-0.015374759,
9675,3092.945887565613,-0.03574535,
9676,3093.987161874771,-0.0,
9677,3094.271921634674,-0.0051434776,
9678,3094.558347225189,-0.0072230953,
9679,3094.8447728157043,-0.014478077,
9680,3095.130849123001,-0.012533896,
9681,3095.415510892868,-0.004074085,
9682,3095.699212551117,-0.009130706,
9683,3095.9856193065643,-0.012594433,
9684,3096.272294998169,-0.0,
9685,3096.558084964752,-0.0,
9686,3096.8415989875793,-0.032882303,
9687,3097.125441789627,-0.010214381,
9688,3097.4103491306305,-0.0,
9689,3097.695149898529,-0.03294528,
9690,3097.978556871414,-0.03306994,
9691,3098.262006998062,-0.004909257,
9692,3098.545387029648,-0.0,
9693,3098.829425096512,-0.01059556,
9694,3099.1136949062347,-0.016735066,
9695,3099.3972194194794,-0.0058336495,
9696,3099.681398868561,-0.0030674033,
9697,3099.9649085998535,-0.017308343,
9698,3100.2499055862427,-0.0066070133,
9699,3100.5353095531464,-0.008850804,
9700,3100.983715772629,-0.021976177,
9701,3102.1299057006836,-0.02453026,
9702,3102.413876771927,-0.03881374,
9703,3102.696934938431,-0.01048777,
9704,3102.9813508987427,-0.007479518,
9705,3103.2649528980255,-0.0079853125,
9706,3103.5499126911163,-0.037962753,
9707,3103.834728002548,-0.0034399873,
9708,3104.1173148155212,-0.025414864,
9709,3104.4006571769714,-0.044757687,
9710,3104.6845755577087,-0.0,
9711,3104.9692463874817,-0.0018391794,
9712,3105.254330396652,-0.015805313,
9713,3105.53795337677,-2.6456308e-07,
9714,3105.822203874588,-5.469873e-06,
9715,3106.1075053215027,-0.0,
9716,3106.3927009105682,-0.005224074,
9717,3106.6754269599915,-0.0,
9718,3106.9597840309143,-0.001057099,
9719,3107.243725538254,-0.06731972,
9720,3107.5290558338165,-0.0,
9721,3107.8138539791107,-0.0,
9722,3108.0979738235474,-0.031955674,
9723,3108.3820145130157,-1.2811508e-05,
9724,3108.6666345596313,-0.009077547,
9725,3108.9475796222687,-0.013518776,
9726,3109.9692487716675,-0.016137557,
9727,3110.2496254444122,-0.0010010578,
9728,3110.5322971343994,-0.026449144,
9729,3110.8127887248993,-0.006114432,
9730,3111.0951673984528,-0.022548782,
9731,3111.3779566287994,-0.0,
9732,3111.660724401474,-0.0,
9733,3111.9442472457886,-0.009145358,
9734,3112.2279150485992,-0.0,
9735,3112.5113892555237,-0.02288704,
9736,3112.7934103012085,-0.0,
9737,3113.075557947159,-9.4311114e-11,
9738,3113.358648300171,-0.00035099484,
9739,3113.6412587165833,-0.0137092145,
9740,3113.9253187179565,-0.0,
9741,3114.2085676193237,-0.016815418,
9742,3114.4916336536407,-0.0,
9743,3114.773459672928,-0.014489455,
9744,3115.057407140732,-0.0,
9745,3115.340605735779,-0.0,
9746,3115.624834060669,-0.0,
9747,3115.908961057663,-0.011941202,
9748,3116.1918902397156,-0.0,
9749,3116.475647687912,-0.03794081,
9750,3116.7545981407166,-0.021834724,
9751,3117.786685705185,-0.020203322,
9752,3118.069807767868,-0.01105608,
9753,3118.3519520759583,-0.023252526,
9754,3118.6352927684784,-0.008212808,
9755,3118.918310880661,-0.0042423946,
9756,3119.200675010681,-0.001577085,
9757,3119.484872817993,-0.0,
9758,3119.768660068512,-1.7745882e-07,
9759,3120.051343679428,-0.0,
9760,3120.3350265026093,-0.025737189,
9761,3120.6180341243744,-0.015503865,
9762,3120.9019107818604,-0.0035697154,
9763,3121.1854825019836,-0.0,
9764,3121.468852519989,-0.024257876,
9765,3121.7509512901306,-0.0043116054,
9766,3122.034482717514,-0.008820448,
9767,3122.317149400711,-0.0,
9768,3122.601360797882,-0.010874577,
9769,3122.885092020035,-0.0,
9770,3123.1681804656982,-0.02539362,
9771,3123.450448989868,-0.0050953757,
9772,3123.7334158420563,-1.36641365e-08,
9773,3124.017058134079,-0.0,
9774,3124.300926208496,-0.0065920064,
9775,3124.58088350296,-6.322727e-10,
9776,3125.6245143413544,-0.0038272894,
9777,3125.9062745571136,-0.081971355,
9778,3126.1883285045624,-0.04847711,
9779,3126.473112821579,-0.032815356,
9780,3126.755966901779,-0.0,
9781,3127.0394377708435,-0.0,
9782,3127.32284617424,-2.1517028e-08,
9783,3127.6058802604675,-0.003220774,
9784,3127.888742208481,-0.015863577,
9785,3128.171585083008,-0.0001617402,
9786,3128.4545238018036,-0.0,
9787,3128.7388932704926,-0.019056138,
9788,3129.0228810310364,-0.03782407,
9789,3129.3062682151794,-0.02303472,
9790,3129.588404417038,-0.03973533,
9791,3129.872423887253,-0.019285277,
9792,3130.155324935913,-0.0,
9793,3130.439106464386,-0.03414251,
9794,3130.7225737571716,-0.009116609,
9795,3131.005971431732,-0.010863134,
9796,3131.288043498993,-0.0058934498,
9797,3131.571921825409,-0.012435848,
9798,3131.854686021805,-0.0,
9799,3132.1379339694977,-0.010777537,
9800,3132.5844116210938,-0.0,
9801,3133.7495605945587,-0.003533245,
9802,3134.0330402851105,-0.012784467,
9803,3134.3173537254333,-0.021177905,
9804,3134.603125333786,-0.008682351,
9805,3134.887164592743,-0.012160972,
9806,3135.1714930534363,-5.978847e-10,
9807,3135.456536769867,-0.0058827796,
9808,3135.7427842617035,-0.0,
9809,3136.0269763469696,-0.0,
9810,3136.3113849163055,-0.037343245,
9811,3136.596352815628,-0.0,
9812,3136.8826775550842,-0.010322521,
9813,3137.1660301685333,-2.8859013e-06,
9814,3137.4502489566803,-0.013745211,
9815,3137.7348322868347,-0.044535235,
9816,3138.0204677581787,-0.0,
9817,3138.304860830307,-0.0,
9818,3138.589744091034,-0.007231868,
9819,3138.8745744228363,-0.0,
9820,3139.161180496216,-0.02362009,
9821,3139.4456100463867,-0.0,
9822,3139.730108499527,-0.013406805,
9823,3140.0150299072266,-0.009145583,
9824,3140.301119327545,-0.011271311,
9825,3140.5819494724274,-0.004753966,
9826,3141.628737449646,-0.012193783,
9827,3141.910135269165,-0.0064061685,
9828,3142.1931002140045,-2.729553e-08,
9829,3142.477218389511,-0.002169004,
9830,3142.7623064517975,-0.0033464052,
9831,3143.0446960926056,-0.0,
9832,3143.327926635742,-0.006422304,
9833,3143.61159157753,-3.818265e-06,
9834,3143.895682811737,-0.024259675,
9835,3144.1808598041534,-0.013178376,
9836,3144.464145898819,-0.0,
9837,3144.7481451034546,-0.0,
9838,3145.031409263611,-0.01694282,
9839,3145.3159098625183,-0.0,
9840,3145.60138964653,-0.0,
9841,3145.884225130081,-0.0,
9842,3146.1684436798096,-3.0200558e-09,
9843,3146.452073574066,-0.0028389643,
9844,3146.736876487732,-0.014948005,
9845,3147.02006816864,-0.0014774218,
9846,3147.3036937713623,-0.005925692,
9847,3147.5878059864044,-0.010435864,
9848,3147.87100481987,-0.007446233,
9849,3148.156204223633,-0.01968972,
9850,3148.437150001526,-0.0,
9851,3149.3846945762634,-0.018093666,
9852,3149.666192293167,-0.011923924,
9853,3149.9489784240723,-0.01528221,
9854,3150.23321390152,-0.0022550717,
9855,3150.517856359482,-0.0229727,
9856,3150.801466703415,-0.0,
9857,3151.0848774909973,-0.0,
9858,3151.3684635162354,-0.004867829,
9859,3151.651584625244,-0.028918985,
9860,3151.9352073669434,-0.0007726995,
9861,3152.219251394272,-0.03367996,
9862,3152.5024189949036,-0.035460338,
9863,3152.7859902381897,-0.008974123,
9864,3153.068836450577,-0.0050864466,
9865,3153.35298037529,-0.012500196,
9866,3153.636986017227,-0.021995373,
9867,3153.9204907417297,-0.00013615754,
9868,3154.2040424346924,-0.007126611,
9869,3154.4883728027344,-0.014551295,
9870,3154.7722969055176,-0.0,
9871,3155.056396961212,-0.01368838,
9872,3155.3400344848633,-0.01707512,
9873,3155.6245970726013,-0.009257126,
9874,3155.907821416855,-0.00023963608,
9875,3156.188581466675,-0.00019024854,
9876,3157.1959657669067,-0.0,
9877,3157.478415250778,-0.0015564708,
9878,3157.760593652725,-0.0,
9879,3158.044222354889,-0.020161102,
9880,3158.327003479004,-0.00981817,
9881,3158.6108260154724,-0.02153649,
9882,3158.895167350769,-0.0,
9883,3159.1785836219788,-0.020609723,
9884,3159.461655855179,-0.009968643,
9885,3159.7454142570496,-0.036958057,
9886,3160.03010225296,-0.021058392,
9887,3160.3145089149475,-0.0,
9888,3160.597970724106,-0.030496262,
9889,3160.881281852722,-0.020924713,
9890,3161.1651377677917,-0.027177712,
9891,3161.448901414871,-0.0,
9892,3161.7335562705994,-0.05630752,
9893,3162.017124891281,-0.026812345,
9894,3162.3006658554077,-0.014854182,
9895,3162.5842616558075,-0.018571084,
9896,3162.868411064148,-0.011859522,
9897,3163.1537322998047,-0.0064156894,
9898,3163.4374766349792,-0.018792726,
9899,3163.7218561172485,-0.0,
9900,3164.1691913604736,-0.0,
9901,3165.1788470745087,-0.0,
9902,3165.460119009018,-0.011825944,
9903,3165.7431066036224,-0.010699095,
9904,3166.0268943309784,-0.016014755,
9905,3166.3117382526398,-0.0,
9906,3166.5951011180878,-0.007987836,
9907,3166.877665281296,-0.005167159,
9908,3167.1616740226746,-0.018833805,
9909,3167.4444019794464,-0.0,
9910,3167.7289838790894,-0.017776892,
9911,3168.013730764389,-0.0064461534,
9912,3168.296388864517,-0.019061275,
9913,3168.5803215503693,-0.016428249,
9914,3168.863870382309,-0.0050217,
9915,3169.1488053798676,-0.013309026,
9916,3169.434189558029,-0.0,
9917,3169.716672182083,-0.08991822,
9918,3170.000262260437,-0.020034801,
9919,3170.2836129665375,-0.0,
9920,3170.568244457245,-0.02450232,
9921,3170.856880903244,-0.032025393,
9922,3171.140116930008,-0.016524598,
9923,3171.423450231552,-0.023145119,
9924,3171.7080969810486,-0.0047880462,
9925,3171.988933801651,-0.0017334763,
9926,3172.9612429142,-0.0,
9927,3173.2403564453125,-0.0,
9928,3173.5230779647827,-0.0026168148,
9929,3173.806956768036,-0.0034965505,
9930,3174.0904076099396,-2.0482869e-08,
9931,3174.3740162849426,-0.07115568,
9932,3174.6577219963074,-0.011972945,
9933,3174.940671682358,-0.042042278,
9934,3175.224838256836,-0.0,
9935,3175.508868932724,-0.03508021,
9936,3175.7926063537598,-0.0021188676,
9937,3176.075162410736,-0.0,
9938,3176.3587834835052,-4.1190738e-06,
9939,3176.641644716263,-0.0,
9940,3176.9261116981506,-0.01850949,
9941,3177.211673974991,-0.016773676,
9942,3177.4941976070404,-0.02624124,
9943,3177.7782633304596,-0.0,
9944,3178.0613317489624,-0.0017139877,
9945,3178.3454480171204,-0.026663855,
9946,3178.6301140785217,-0.0,
9947,3178.9131383895874,-0.012452979,
9948,3179.197237253189,-0.0117145805,
9949,3179.4795870780945,-0.0,
9950,3179.760351419449,-0.003828185,
9951,3180.8246896266937,-0.01113458,
9952,3181.107882499695,-0.021642307,
9953,3181.3905036449432,-0.008608711,
9954,3181.6753799915314,-0.0,
9955,3181.9608414173126,-0.009382646,
9956,3182.2473108768463,-0.029713847,
9957,3182.53013420105,-0.010301993,
9958,3182.8128278255463,-0.01636602,
9959,3183.0968561172485,-0.013451042,
9960,3183.380218029022,-0.0,
9961,3183.6645770072937,-0.0,
9962,3183.9527492523193,-0.0,
9963,3184.2367825508118,-0.0,
9964,3184.5200095176697,-0.0,
9965,3184.804574728012,-0.00019573,
9966,3185.0896797180176,-0.0,
9967,3185.372227668762,-0.025830887,
9968,3185.6560604572296,-0.005035657,
9969,3185.9390144348145,-0.044451155,
9970,3186.223648548126,-0.0,
9971,3186.508563518524,-0.0,
9972,3186.7913007736206,-0.0038518137,
9973,3187.074743747711,-0.010404179,
9974,3187.3577892780304,-1.9389683e-09,
9975,3187.6379787921906,-0.008584637,
9976,3188.6696903705597,-0.014317165,
9977,3188.949036359787,-0.0,
9978,3189.2298781871796,-0.0,
9979,3189.512494325638,-5.930674e-07,
9980,3189.795254945755,-0.0020506408,
9981,3190.078473329544,-0.010920019,
9982,3190.3619878292084,-1.0775588e-09,
9983,3190.6453013420105,-0.0,
9984,3190.9279265403748,-0.0,
9985,3191.2099833488464,-0.0,
9986,3191.493430376053,-0.00023366905,
9987,3191.776072740555,-0.018348115,
9988,3192.059406042099,-0.0,
9989,3192.3431606292725,-1.5586988e-11,
9990,3192.6268215179443,-0.003962027,
9991,3192.908950328827,-0.0,
9992,3193.1927003860474,-0.0057324665,
9993,3193.4752826690674,-0.003994978,
9994,3193.7584631443024,-0.031708222,
9995,3194.042760848999,-4.098754e-07,
9996,3194.3264186382294,-1.3986252e-07,
9997,3194.6084649562836,-0.0,
9998,3194.8923859596252,-0.01004164,
9999,3195.175184249878,-0.0,
10000,3195.621650695801,-0.0036918265,
10001,3196.5957114696503,-0.0037042894,
10002,3196.878040790558,-0.0,
10003,3197.1630322933197,-0.0,
10004,3197.4471843242645,-0.033890337,
10005,3197.731107234955,-0.0060297986,
10006,3198.014867544174,-0.006733366,
10007,3198.2993743419647,-0.0,
10008,3198.5839455127716,-0.03896693,
10009,3198.8678221702576,-0.0096997935,
10010,3199.1524963378906,-0.023773076,
10011,3199.4367051124573,-0.01143888,
10012,3199.722001552582,-0.00993278,
10013,3200.0092549324036,-0.050193768,
10014,3200.2932517528534,-0.01923466,
10015,3200.5783081054688,-0.014664974,
10016,3200.863669157028,-0.06832564,
10017,3201.14995098114,-7.2156604e-06,
10018,3201.435387134552,-0.016435882,
10019,3201.722023963928,-0.00065190217,
10020,3202.009660243988,-0.0,
10021,3202.2935433387756,-0.014867604,
10022,3202.579317331314,-0.012979829,
10023,3202.8645668029785,-0.02870173,
10024,3203.1493146419525,-0.0,
10025,3203.4294826984406,-0.014375989,
10026,3204.488026857376,-0.0,
10027,3204.771807909012,-0.0,
10028,3205.054972887039,-0.0,
10029,3205.339584350586,-0.022019882,
10030,3205.622305870056,-0.0,
10031,3205.905143737793,-0.08940847,
10032,3206.188488006592,-0.01421329,
10033,3206.4716958999634,-0.017806264,
10034,3206.7559847831726,-0.020379689,
10035,3207.041582584381,-0.013979932,
10036,3207.324582338333,-0.0,
10037,3207.6091599464417,-0.0,
10038,3207.8927595615387,-0.02146847,
10039,3208.177587032318,-0.0,
10040,3208.4613835811615,-0.0,
10041,3208.74467754364,-0.0012484968,
10042,3209.027998685837,-0.004931801,
10043,3209.3117525577545,-0.019039275,
10044,3209.596295118332,-0.011713528,
10045,3209.8807425498962,-0.0,
10046,3210.1642515659332,-0.0,
10047,3210.448301076889,-0.016561948,
10048,3210.732084751129,-0.034626305,
10049,3211.01717543602,-0.015548762,
10050,3211.297973394394,-0.0043968945,
10051,3212.3690314292908,-0.0065634386,
10052,3212.6498692035675,-0.039331473,
10053,3212.9345483779907,-0.018551001,
10054,3213.2203748226166,-0.0023886666,
10055,3213.5029470920563,-0.0,
10056,3213.7862124443054,-0.022985324,
10057,3214.0699338912964,-0.013828561,
10058,3214.354658842087,-0.0044901837,
10059,3214.639358997345,-0.018541051,
10060,3214.923308134079,-0.0034387861,
10061,3215.2076122760773,-0.011685196,
10062,3215.4920525550842,-0.035322305,
10063,3215.7767674922943,-0.014081329,
10064,3216.0610687732697,-0.0,
10065,3216.3447296619415,-0.023728639,
10066,3216.6291270256042,-0.010654454,
10067,3216.9136683940887,-0.03503284,
10068,3217.1983177661896,-0.012942793,
10069,3217.482592821121,-0.07539458,
10070,3217.767775297165,-0.017896045,
10071,3218.0533990859985,-0.045419957,
10072,3218.338659763336,-0.063122,
10073,3218.622074842453,-0.049705863,
10074,3218.9064795970917,-0.0,
10075,3219.1881370544434,-0.0701723,
10076,3220.291493177414,-0.03895703,
10077,3220.575145959854,-0.024193717,
10078,3220.8618502616882,-0.008794187,
10079,3221.1478242874146,-0.019805834,
10080,3221.4315690994263,-0.0,
10081,3221.71634888649,-0.007891074,
10082,3221.998663663864,-0.013951,
10083,3222.281801223755,-9.982074e-08,
10084,3222.566167831421,-0.0065507567,
10085,3222.851499557495,-0.014938809,
10086,3223.1356751918793,-0.011979052,
10087,3223.419767141342,-0.0,
10088,3223.703849554062,-0.017527042,
10089,3223.987814426422,-0.0,
10090,3224.2726922035217,-0.02548702,
10091,3224.5580542087555,-0.012459967,
10092,3224.8411586284637,-0.014749699,
10093,3225.1244349479675,-0.030263212,
10094,3225.4080760478973,-0.0,
10095,3225.6929852962494,-0.0,
10096,3225.9774298667908,-0.0,
10097,3226.260976076126,-0.0055057663,
10098,3226.54505777359,-0.0044063823,
10099,3226.8293731212616,-0.0,
10100,3227.281009197235,-0.039005674,
10101,3228.3432137966156,-0.0043374524,
10102,3228.6246750354767,-0.010393306,
10103,3228.907582759857,-0.027549539,
10104,3229.1905450820923,-0.0031199055,
10105,3229.473719358444,-0.012263926,
10106,3229.7560789585114,-0.0054606237,
10107,3230.0373573303223,-0.013591806,
10108,3230.320325613022,-0.043379843,
10109,3230.602637052536,-0.0,
10110,3230.885197162628,-0.005881213,
10111,3231.168429374695,-0.0,
10112,3231.4520301818848,-0.019826096,
10113,3231.7349219322205,-0.021256924,
10114,3232.016437768936,-0.0,
10115,3232.299473762512,-0.019691393,
10116,3232.582051515579,-0.013704423,
10117,3232.865409374237,-0.008279276,
10118,3233.1487975120544,-0.012790248,
10119,3233.432058572769,-0.009625099,
10120,3233.7147619724274,-0.005224535,
10121,3233.9965472221375,-3.078752e-11,
10122,3234.279629945755,-0.018851392,
10123,3234.56219124794,-0.0064504794,
10124,3234.844608068466,-0.045676693,
10125,3235.1242468357086,-0.0,
10126,3236.335595369339,-0.032614317,
10127,3236.6164376735687,-0.026374007,
10128,3236.8998234272003,-0.030425686,
10129,3237.1818792819977,-0.0,
10130,3237.4647109508514,-0.007971625,
10131,3237.7482435703278,-0.0091781225,
10132,3238.031530380249,-0.011302957,
10133,3238.3135981559753,-0.024197122,
10134,3238.5952475070953,-0.0,
10135,3238.8774695396423,-0.05620474,
10136,3239.1599781513214,-0.014601141,
10137,3239.442302465439,-0.0,
10138,3239.725828886032,-0.0031098493,
10139,3240.0084595680237,-0.0,
10140,3240.2912967205048,-3.2596248e-10,
10141,3240.573584794998,-0.0,
10142,3240.856081008911,-0.0,
10143,3241.1384546756744,-0.0,
10144,3241.4202222824097,-0.009905761,
10145,3241.703218460083,-0.009782718,
10146,3241.9867599010468,-0.0,
10147,3242.271171808243,-0.0028969904,
10148,3242.552814245224,-0.014359554,
10149,3242.8345277309418,-0.035149314,
10150,3243.1138122081757,-0.0024495993,
10151,3244.086498737335,-0.0043807155,
10152,3244.369033575058,-0.0,
10153,3244.651017189026,-0.0,
10154,3244.9323179721832,-0.0068660695,
10155,3245.2138664722443,-0.014902537,
10156,3245.495851993561,-0.024683338,
10157,3245.7779698371887,-0.0,
10158,3246.0594663619995,-0.041312482,
10159,3246.341758966446,-0.0,
10160,3246.6248869895935,-0.017901823,
10161,3246.908017396927,-0.015136796,
10162,3247.1898000240326,-0.0,
10163,3247.471223115921,-0.004610425,
10164,3247.7527992725372,-0.004097191,
10165,3248.0347826480865,-0.011031636,
10166,3248.3171582221985,-0.013282849,
10167,3248.5991353988647,-0.015429566,
10168,3248.8823540210724,-0.008008861,
10169,3249.164975643158,-0.012511398,
10170,3249.4479475021362,-0.00013083726,
10171,3249.730390548706,-0.00010948711,
10172,3250.0121898651123,-0.0,
10173,3250.2947759628296,-0.019140257,
10174,3250.576751947403,-0.034936495,
10175,3250.855540037155,-0.0,
10176,3252.017516374588,-0.0,
10177,3252.2969291210175,-0.027772192,
10178,3252.5773363113403,-0.030841779,
10179,3252.858143568039,-0.063753486,
10180,3253.1396095752716,-0.027375903,
10181,3253.42182970047,-0.0020291356,
10182,3253.702999830246,-0.03942744,
10183,3253.983591079712,-0.0,
10184,3254.2642052173615,-0.00033909848,
10185,3254.5463416576385,-0.0,
10186,3254.8277225494385,-0.006729087,
10187,3255.108628988266,-0.034558937,
10188,3255.388093471527,-0.032045346,
10189,3255.6685078144073,-0.016370054,
10190,3255.94926404953,-0.045074504,
10191,3256.230664253235,-0.017485052,
10192,3256.511383533478,-0.004483553,
10193,3256.793356657028,-0.030453896,
10194,3257.074441432953,-0.0077547105,
10195,3257.355327606201,-0.00985861,
10196,3257.636926651001,-0.0,
10197,3257.918623685837,-0.009942306,
10198,3258.2014281749725,-0.007458014,
10199,3258.4828135967255,-0.032992676,
10200,3258.9332349300385,-0.012805081,
10201,3260.0432648658752,-0.005032397,
10202,3260.326387166977,-0.0,
10203,3260.610751390457,-0.0026212148,
10204,3260.895284175873,-0.0,
10205,3261.1807432174683,-0.0002026654,
10206,3261.466248512268,-0.0,
10207,3261.7483026981354,-0.0,
10208,3262.032199859619,-0.018735854,
10209,3262.3148863315582,-0.022821132,
10210,3262.5986218452454,-0.015763106,
10211,3262.881587743759,-0.0,
10212,3263.1655535697937,-0.0,
10213,3263.4476034641266,-0.017492827,
10214,3263.7314252853394,-0.0066304975,
10215,3264.0144488811493,-0.07920784,
10216,3264.2986364364624,-3.2366867e-09,
10217,3264.582574367523,-0.010219066,
10218,3264.865937232971,-0.0,
10219,3265.150136947632,-6.157503e-11,
10220,3265.4335873126984,-0.0,
10221,3265.7171754837036,-0.01672874,
10222,3266.001408100128,-0.015048069,
10223,3266.284413099289,-0.01890645,
10224,3266.5679354667664,-0.00734174,
10225,3266.847242832184,-0.0007123581,
10226,3267.9339170455933,-0.007579561,
10227,3268.2157275676727,-0.010024824,
10228,3268.499976158142,-0.0,
10229,3268.786112308502,-0.013357537,
10230,3269.068947792053,-0.014586318,
10231,3269.3514652252197,-0.034459755,
10232,3269.633198738098,-0.0006514465,
10233,3269.9206709861755,-0.0013063932,
10234,3270.20356464386,-0.021716807,
10235,3270.48957490921,-0.012834441,
10236,3270.7748789787292,-0.0105672665,
10237,3271.060031890869,-0.0165321,
10238,3271.3429985046387,-6.403646e-09,
10239,3271.6255497932434,-0.0,
10240,3271.908987760544,-0.0061069992,
10241,3272.1915385723114,-0.012690295,
10242,3272.4752123355865,-0.0,
10243,3272.7580800056458,-0.0,
10244,3273.0419096946716,-0.006973209,
10245,3273.324386358261,-0.014798576,
10246,3273.6066539287567,-0.0,
10247,3273.889775276184,-0.003172141,
10248,3274.1721529960632,-0.029860081,
10249,3274.4562385082245,-0.0027312106,
10250,3274.7354242801666,-0.007944497,
10251,3275.914764404297,-0.0,
10252,3276.1972036361694,-0.0,
10253,3276.4806213378906,-0.0010241672,
10254,3276.762321949005,-0.03163809,
10255,3277.044457435608,-0.012633295,
10256,3277.3272926807404,-0.0019423884,
10257,3277.6096246242523,-0.008335213,
10258,3277.89213848114,-0.008993963,
10259,3278.1828429698944,-0.008297672,
10260,3278.4701285362244,-0.02694026,
10261,3278.7552013397217,-0.0019687947,
10262,3279.0425777435303,-0.025739022,
10263,3279.3269143104553,-0.010363477,
10264,3279.6086716651917,-0.020977285,
10265,3279.8913724422455,-0.003908811,
10266,3280.1778769493103,-0.013007203,
10267,3280.4625239372253,-0.012055054,
10268,3280.747005701065,-0.0008634117,
10269,3281.0326149463654,-0.02148219,
10270,3281.316829442978,-0.023016714,
10271,3281.6026611328125,-0.0,
10272,3281.88618516922,-0.0049086693,
10273,3282.172507762909,-0.0,
10274,3282.4582345485687,-0.01592294,
10275,3282.7366664409637,-1.6202899e-06,
10276,3283.800187110901,-0.0004581583,
10277,3284.0835547447205,-0.008563569,
10278,3284.3676402568817,-0.010056642,
10279,3284.6525003910065,-0.0006573779,
10280,3284.9373450279236,-0.014555251,
10281,3285.222576856613,-4.7030153e-06,
10282,3285.5068533420563,-0.0008333936,
10283,3285.791907310486,-0.0,
10284,3286.077307701111,-0.019252155,
10285,3286.3613839149475,-0.0,
10286,3286.6477193832397,-0.023001675,
10287,3286.935462474823,-0.01628879,
10288,3287.2232887744904,-0.012661226,
10289,3287.5080494880676,-0.0,
10290,3287.7949872016907,-0.011187414,
10291,3288.0796451568604,-0.0,
10292,3288.3639585971832,-0.017580077,
10293,3288.650160074234,-0.0375264,
10294,3288.9357419013977,-0.0,
10295,3289.2199442386627,-0.031495683,
10296,3289.5052008628845,-0.014242506,
10297,3289.789350748062,-0.024264641,
10298,3290.074947834015,-0.037451833,
10299,3290.359117269516,-0.01392243,
10300,3290.8101568222046,-0.0052376976,
10301,3291.913719892502,-0.0,
10302,3292.1948552131653,-0.004408473,
10303,3292.478114128113,-0.00929311,
10304,3292.7604551315308,-0.017538903,
10305,3293.0435259342194,-1.5718524e-11,
10306,3293.3280880451202,-0.0245796,
10307,3293.6125111579895,-0.016382733,
10308,3293.898984193802,-0.010768367,
10309,3294.1816749572754,-0.014053471,
10310,3294.465822696686,-0.0,
10311,3294.751186132431,-0.015283801,
10312,3295.0356731414795,-0.033895053,
10313,3295.317643880844,-0.0,
10314,3295.601397037506,-1.4257204e-09,
10315,3295.884489774704,-0.0,
10316,3296.170027732849,-0.015016932,
10317,3296.453474998474,-0.031181782,
10318,3296.73686671257,-2.3404995e-05,
10319,3297.019110918045,-0.00082769716,
10320,3297.3024983406067,-0.0,
10321,3297.5851912498474,-0.038978495,
10322,3297.8690354824066,-0.0026196428,
10323,3298.1528871059418,-0.0073415493,
10324,3298.43559384346,-0.008705546,
10325,3298.713791847229,-0.0,
10326,3299.787668466568,-0.0,
10327,3300.0712230205536,-0.011890379,
10328,3300.354738473892,-0.035070516,
10329,3300.6379091739655,-0.0049113836,
10330,3300.921552658081,-0.0010516207,
10331,3301.205535173416,-0.013568693,
10332,3301.4901237487793,-0.012099328,
10333,3301.7739956378937,-0.047462083,
10334,3302.0554852485657,-0.01961682,
10335,3302.3391213417053,-0.0,
10336,3302.6242451667786,-0.019636294,
10337,3302.9088118076324,-0.024218053,
10338,3303.1938314437866,-0.011990594,
10339,3303.476813554764,-0.0047988985,
10340,3303.761239528656,-0.0,
10341,3304.04523396492,-0.00558565,
10342,3304.3296358585358,-0.0,
10343,3304.612954854965,-4.6981753e-05,
10344,3304.896238088608,-0.0026301583,
10345,3305.1800191402435,-0.0,
10346,3305.464156627655,-0.0,
10347,3305.7494926452637,-0.0017955397,
10348,3306.033284187317,-0.0,
10349,3306.3164863586426,-0.0,
10350,3306.59618639946,-0.0,
10351,3307.697872877121,-0.0,
10352,3307.9806015491486,-0.027212884,
10353,3308.2649426460266,-0.0,
10354,3308.549170255661,-0.020004895,
10355,3308.832434654236,-0.00041456323,
10356,3309.115337371826,-0.0,
10357,3309.3989839553833,-0.003761544,
10358,3309.6821205615997,-0.0226692,
10359,3309.9663076400757,-0.0,
10360,3310.2503769397736,-0.0,
10361,3310.5329353809357,-0.011263366,
10362,3310.8168556690216,-0.0,
10363,3311.1001958847046,-0.0019723072,
10364,3311.3838951587677,-0.0,
10365,3311.6692821979523,-0.010512001,
10366,3311.9548983573914,-0.009218782,
10367,3312.238349676132,-0.0,
10368,3312.5227904319763,-5.645034e-07,
10369,3312.8072612285614,-0.011975536,
10370,3313.0906178951263,-0.009236097,
10371,3313.3729054927826,-0.0,
10372,3313.6570200920105,-0.0041766353,
10373,3313.9401862621307,-0.0039909775,
10374,3314.2246804237366,-0.00038202357,
10375,3314.5048830509186,-0.012296783,
10376,3315.515264749527,-0.023352321,
10377,3315.7966644763947,-0.030177085,
10378,3316.079503059387,-0.0484678,
10379,3316.363479614258,-0.0,
10380,3316.6466295719147,-0.0,
10381,3316.9293212890625,-0.021455538,
10382,3317.2115998268127,-0.0,
10383,3317.494368314743,-0.005960127,
10384,3317.776804447174,-0.015782863,
10385,3318.0597066879272,-0.016234564,
10386,3318.3432478904724,-0.006946253,
10387,3318.628091096878,-0.0,
10388,3318.9101490974426,-0.0,
10389,3319.193334579468,-0.0,
10390,3319.4759407043457,-0.013540242,
10391,3319.758553504944,-0.02373086,
10392,3320.042915582657,-0.008335413,
10393,3320.326335668564,-0.0,
10394,3320.609027147293,-0.025918905,
10395,3320.891368627548,-0.0,
10396,3321.1740911006927,-0.0,
10397,3321.4578769207,-0.0114826225,
10398,3321.7443833351135,-0.00033264898,
10399,3322.0291345119476,-0.0,
10400,3322.477988243103,-0.015384311,
10401,3323.456986427307,-0.0,
10402,3323.7383227348328,-0.0,
10403,3324.021215200424,-0.0014777466,
10404,3324.304742336273,-0.0,
10405,3324.585282802582,-0.0029911064,
10406,3324.8679707050323,-0.0,
10407,3325.1519491672516,-0.046131764,
10408,3325.4352979660034,-0.009088062,
10409,3325.719212770462,-0.0,
10410,3326.003531932831,-0.02280612,
10411,3326.2864940166473,-0.0,
10412,3326.5697968006134,-0.015273962,
10413,3326.8533079624176,-0.011090648,
10414,3327.136729955673,-0.012714458,
10415,3327.4211044311523,-0.0,
10416,3327.705493450165,-0.0,
10417,3327.9875795841217,-0.0042034043,
10418,3328.271574497223,-0.0028171903,
10419,3328.554667234421,-5.007192e-05,
10420,3328.8390378952026,-0.0,
10421,3329.1230669021606,-0.03379092,
10422,3329.406200647354,-0.04375528,
10423,3329.6889638900757,-3.3257668e-09,
10424,3329.972555875778,-0.0118134525,
10425,3330.251725912094,-0.009028245,
10426,3331.3535532951355,-0.028443076,
10427,3331.6356744766235,-0.0137802875,
10428,3331.9189307689667,-0.0061754845,
10429,3332.2036147117615,-0.0,
10430,3332.4846732616425,-0.025242299,
10431,3332.771632194519,-0.010251195,
10432,3333.055431365967,-0.0073225996,
10433,3333.340829372406,-0.008651531,
10434,3333.6241493225098,-0.0,
10435,3333.9070904254913,-0.0,
10436,3334.194132089615,-0.009399282,
10437,3334.479190349579,-1.3057393e-06,
10438,3334.7631413936615,-0.0,
10439,3335.0462975502014,-0.0,
10440,3335.329535007477,-0.05041554,
10441,3335.613612651825,-0.0053254687,
10442,3335.8981533050537,-2.7304268e-06,
10443,3336.1814336776733,-0.0,
10444,3336.464424610138,-0.029708764,
10445,3336.748188972473,-0.0,
10446,3337.0319633483887,-0.012281695,
10447,3337.316392660141,-0.006105236,
10448,3337.6015758514404,-0.025237536,
10449,3337.8845188617706,-0.0,
10450,3338.165011405945,-0.0020307244,
10451,3339.207649707794,-0.0068451036,
10452,3339.4892122745514,-0.015446212,
10453,3339.7714462280273,-0.016712695,
10454,3340.0551981925964,-1.1413607e-09,
10455,3340.3386101722717,-1.8179453e-08,
10456,3340.6212124824524,-0.0,
10457,3340.9033098220825,-0.0,
10458,3341.186165332794,-0.0044896035,
10459,3341.468806028366,-0.0,
10460,3341.7525959014893,-0.0,
10461,3342.0369350910187,-0.0,
10462,3342.3206446170807,-0.00803736,
10463,3342.603029727936,-0.006286822,
10464,3342.8868560791016,-0.0,
10465,3343.1697425842285,-0.017547412,
10466,3343.4538974761963,-0.0057177814,
10467,3343.738537311554,-0.012694629,
10468,3344.0213420391083,-0.019807797,
10469,3344.303676366806,-0.012663888,
10470,3344.5868549346924,-0.0,
10471,3344.8697068691254,-0.010746243,
10472,3345.1542177200317,-0.0,
10473,3345.4393105506897,-0.0260193,
10474,3345.721900701523,-0.012793868,
10475,3346.0018181800842,-0.008945495,
10476,3347.0300784111023,-0.0012060168,
10477,3347.3121824264526,-0.034821637,
10478,3347.594829559326,-0.016183604,
10479,3347.8774995803833,-0.0,
10480,3348.1599068641663,-0.0041753277,
10481,3348.4417111873627,-0.0,
10482,3348.724098920822,-0.0,
10483,3349.006219148636,-0.0071549555,
10484,3349.288814306259,-0.0,
10485,3349.572503089905,-0.0041433023,
10486,3349.8565356731415,-0.0,
10487,3350.1393580436707,-0.0,
10488,3350.4217567443848,-0.006462593,
10489,3350.704770565033,-0.0,
10490,3350.986874818802,-0.0,
10491,3351.2697446346283,-0.0034656785,
10492,3351.553551673889,-0.0,
10493,3351.837586402893,-0.0,
10494,3352.1195392608643,-0.0010714039,
10495,3352.4026634693146,-0.0,
10496,3352.6851592063904,-0.01290018,
10497,3352.9678959846497,-0.010068113,
10498,3353.252146959305,-0.02849096,
10499,3353.5364785194397,-0.0,
10500,3353.9815900325775,-0.021078821,
10501,3355.0033478736877,-0.013544871,
10502,3355.283168077469,-0.023393152,
10503,3355.5655992031097,-1.5393761e-11,
10504,3355.849027633667,-5.1318075e-05,
10505,3356.132166147232,-0.004882068,
10506,3356.4159195423126,-0.00087293156,
10507,3356.6983294487,-0.027254881,
10508,3356.98090672493,-0.0,
10509,3357.2636213302612,-0.014066719,
10510,3357.5459258556366,-0.0014029732,
10511,3357.8304920196533,-0.0028604069,
10512,3358.114734649658,-0.011114531,
10513,3358.3975653648376,-0.0,
10514,3358.681592941284,-0.002711205,
10515,3358.9648113250732,-0.0,
10516,3359.247930288315,-0.015712192,
10517,3359.532799243927,-0.0,
10518,3359.8156814575195,-0.007874951,
10519,3360.0985510349274,-0.0,
10520,3360.3821926116943,-0.002637507,
10521,3360.665050983429,-0.0152900815,
10522,3360.9495193958282,-0.0,
10523,3361.23473238945,-0.0,
10524,3361.5172789096832,-0.014325765,
10525,3361.796864748001,-0.0,
10526,3362.803946495056,-0.014033116,
10527,3363.084016084671,-0.011713019,
10528,3363.366522550583,-0.0,
10529,3363.650340795517,-0.0018348788,
10530,3363.934597969055,-0.013205278,
10531,3364.2174146175385,-0.011064541,
10532,3364.5007038116455,-0.004921934,
10533,3364.783249616623,-0.0,
10534,3365.0674085617065,-0.0034655826,
10535,3365.3516190052032,-0.012775474,
10536,3365.6346611976624,-0.0,
10537,3365.9179611206055,-0.0,
10538,3366.2010731697083,-0.024540577,
10539,3366.484439134598,-0.021934936,
10540,3366.768859386444,-0.0,
10541,3367.0532581806183,-0.055505484,
10542,3367.335755586624,-0.011571012,
10543,3367.619392156601,-3.053516e-11,
10544,3367.902441740036,-1.6614174e-06,
10545,3368.1865475177765,-0.0,
10546,3368.470605134964,-0.0,
10547,3368.753906726837,-0.0,
10548,3369.0383286476135,-0.0,
10549,3369.32156085968,-0.031486813,
10550,3369.6019723415375,-1.0990285e-05,
10551,3370.732695579529,-2.5018807e-08,
10552,3371.0131192207336,-0.013542386,
10553,3371.2956273555756,-0.01789444,
10554,3371.5773463249207,-0.0,
10555,3371.8601026535034,-0.0039454717,
10556,3372.143001317978,-0.010857452,
10557,3372.4265735149384,-0.007807029,
10558,3372.7109422683716,-0.044780865,
10559,3372.9933886528015,-0.0,
10560,3373.2757501602173,-0.0038818624,
10561,3373.5588884353638,-0.0,
10562,3373.8417897224426,-3.865652e-05,
10563,3374.1258006095886,-0.0,
10564,3374.4132516384125,-0.019064728,
10565,3374.6972439289093,-0.00015297657,
10566,3374.9806632995605,-0.028817153,
10567,3375.2652292251587,-0.0,
10568,3375.5496351718903,-0.0,
10569,3375.8351986408234,-0.013706778,
10570,3376.1196525096893,-0.0062397127,
10571,3376.404104948044,-0.0064896783,
10572,3376.688349723816,-0.0,
10573,3376.9717264175415,-0.013079181,
10574,3377.2545750141144,-0.0,
10575,3377.533836364746,-0.007105506,
10576,3378.5672800540924,-0.020436233,
10577,3378.849688053131,-0.0069111097,
10578,3379.1333723068237,-0.0,
10579,3379.4164609909058,-0.0050051394,
10580,3379.7003378868103,-0.041120872,
10581,3379.9857025146484,-0.0,
10582,3380.2696990966797,-0.0072598406,
10583,3380.553601026535,-0.01578773,
10584,3380.838105201721,-0.0,
10585,3381.1234974861145,-0.0013335298,
10586,3381.408488035202,-0.018360581,
10587,3381.6919395923615,-0.0,
10588,3381.9766590595245,-0.0,
10589,3382.2622170448303,-0.009498744,
10590,3382.5471279621124,-0.003098804,
10591,3382.8312582969666,-0.0,
10592,3383.1161415576935,-0.0,
10593,3383.400570869446,-0.00017634478,
10594,3383.686458826065,-0.0,
10595,3383.970742225647,-0.022110336,
10596,3384.255008459091,-0.01775788,
10597,3384.539642572403,-0.008432188,
10598,3384.8248360157013,-0.008202836,
10599,3385.10919213295,-0.019029673,
10600,3385.5579442977905,-0.02937368,
10601,3386.5405638217926,-0.0,
10602,3386.822723865509,-0.048170023,
10603,3387.1070914268494,-0.0,
10604,3387.3910388946533,-0.0047985367,
10605,3387.6734614372253,-0.012039936,
10606,3387.9570372104645,-0.0075670965,
10607,3388.241646528244,-0.0,
10608,3388.5264019966125,-0.0,
10609,3388.8093132972717,-0.0,
10610,3389.093429327011,-0.008616129,
10611,3389.3770797252655,-0.011079678,
10612,3389.6621356010437,-0.0012751734,
10613,3389.9472444057465,-0.003171465,
10614,3390.230486392975,-0.022664063,
10615,3390.5142769813538,-0.0,
10616,3390.7981486320496,-0.0,
10617,3391.0830969810486,-0.0013724442,
10618,3391.367284297943,-0.0,
10619,3391.652190208435,-0.0,
10620,3391.936240673065,-0.0014337915,
10621,3392.2212088108063,-0.026463976,
10622,3392.5059752464294,-6.157503e-11,
10623,3392.789471387863,-0.0,
10624,3393.073496580124,-0.0,
10625,3393.3545479774475,-0.0,
10626,3394.4316141605377,-0.014313277,
10627,3394.713517665863,-0.010285936,
10628,3395.0009446144104,-0.004280749,
10629,3395.285245656967,-0.0006430595,
10630,3395.568319797516,-0.045178633,
10631,3395.8533086776733,-0.0028857305,
10632,3396.1405816078186,-0.0039408607,
10633,3396.425838947296,-0.029102214,
10634,3396.7087931632996,-0.030118002,
10635,3396.992671728134,-0.0,
10636,3397.2774834632874,-0.010727724,
10637,3397.562537908554,-0.0064020297,
10638,3397.845961332321,-0.0,
10639,3398.130104780197,-0.009284506,
10640,3398.413727760315,-0.059019633,
10641,3398.698839902878,-0.012918961,
10642,3398.9843215942383,-1.7710274e-09,
10643,3399.269034385681,-0.012068461,
10644,3399.5528638362885,-0.014541319,
10645,3399.8382363319397,-0.00831622,
10646,3400.126760482788,-2.1314116e-07,
10647,3400.4115290641785,-0.0,
10648,3400.6965761184692,-0.023401935,
10649,3400.981688976288,-0.0,
10650,3401.260647535324,-0.0050203167,
10651,3402.2844512462616,-0.0,
10652,3402.563882827759,-0.016995253,
10653,3402.84569644928,-0.0,
10654,3403.1280941963196,-0.017255241,
10655,3403.410570383072,-0.013581814,
10656,3403.6939659118652,-0.00027756335,
10657,3403.9768764972687,-0.004787736,
10658,3404.259901046753,-0.0,
10659,3404.5430953502655,-0.0021231577,
10660,3404.8266468048096,-0.010665407,
10661,3405.1094114780426,-0.0,
10662,3405.392044067383,-0.0,
10663,3405.6763594150543,-0.0,
10664,3405.960888147354,-0.0,
10665,3406.243188858032,-0.024122184,
10666,3406.5264279842377,-0.037670884,
10667,3406.8094301223755,-0.0,
10668,3407.0928568840027,-0.0,
10669,3407.376423597336,-0.022747995,
10670,3407.6601157188416,-0.044627447,
10671,3407.94234085083,-0.008049388,
10672,3408.2263193130493,-0.0067040245,
10673,3408.509181022644,-0.0080846995,
10674,3408.793523788452,-0.0,
10675,3409.0735759735107,-0.0,
10676,3410.3762772083282,-0.019228274,
10677,3410.6495304107666,-0.0058744596,
10678,3410.9335510730743,-0.004059726,
10679,3411.2176542282104,-3.371697e-06,
10680,3411.4995872974396,-0.0,
10681,3411.781794309616,-0.0,
10682,3412.0658700466156,-0.0,
10683,3412.350873231888,-0.015381963,
10684,3412.6352953910828,-0.005751678,
10685,3412.919549703598,-0.0003930173,
10686,3413.203237056732,-0.0,
10687,3413.486708164215,-0.0,
10688,3413.7702872753143,-0.0,
10689,3414.0557227134705,-1.0687304e-10,
10690,3414.3389377593994,-0.0,
10691,3414.622307538986,-0.006010337,
10692,3414.908665418625,-0.0,
10693,3415.1932067871094,-0.008731284,
10694,3415.4795382022858,-0.0,
10695,3415.7666935920715,-0.0184773,
10696,3416.0517086982727,-0.0,
10697,3416.33540391922,-0.0,
10698,3416.6204013824463,-0.002018125,
10699,3416.90411567688,-0.012265644,
10700,3417.352928876877,-0.0,
10701,3418.5445539951324,-0.0,
10702,3418.825900554657,-0.013879251,
10703,3419.1105217933655,-5.288884e-09,
10704,3419.3942341804504,-0.0,
10705,3419.679328918457,-0.0,
10706,3419.9647493362427,-0.0081360545,
10707,3420.248528242111,-0.016213676,
10708,3420.532267808914,-0.014087819,
10709,3420.8156464099884,-0.019709405,
10710,3421.098680496216,-0.0,
10711,3421.3823521137238,-0.0,
10712,3421.6656246185303,-0.0,
10713,3421.9498739242554,-0.0,
10714,3422.2346951961517,-0.008842003,
10715,3422.517467021942,-0.0,
10716,3422.801893234253,-0.008890702,
10717,3423.084848165512,-0.0,
10718,3423.369108438492,-0.035675354,
10719,3423.6532583236694,-0.0,
10720,3423.93740773201,-0.0,
10721,3424.2204468250275,-0.0,
10722,3424.502975463867,-0.0,
10723,3424.7864825725555,-0.0050543565,
10724,3425.071079492569,-0.0,
10725,3425.3512721061707,-0.0,
10726,3426.301646709442,-0.0,
10727,3426.581838607788,-0.02401096,
10728,3426.864543199539,-0.0,
10729,3427.1483809947968,-0.0056026997,
10730,3427.431213617325,-0.02404657,
10731,3427.71466422081,-0.002113041,
10732,3427.996911048889,-0.00027231596,
10733,3428.2803468704224,-0.0,
10734,3428.5633132457733,-0.0,
10735,3428.8474445343018,-0.032867353,
10736,3429.1316151618958,-0.01594789,
10737,3429.4142916202545,-0.016379623,
10738,3429.697049856186,-0.0041935616,
10739,3429.9803059101105,-0.0,
10740,3430.2630631923676,-0.016497504,
10741,3430.5463371276855,-0.0,
10742,3430.8303005695343,-0.021050354,
10743,3431.112993001938,-0.012584334,
10744,3431.3956027030945,-0.018022947,
10745,3431.6796452999115,-0.017487142,
10746,3431.962641954422,-0.0,
10747,3432.2465567588806,-0.0,
10748,3432.530195236206,-0.0,
10749,3432.8134112358093,-0.0,
10750,3433.0920333862305,-0.010645591,
10751,3434.125402212143,-0.0010813633,
10752,3434.4091305732727,-0.0,
10753,3434.6928312778473,-0.0,
10754,3434.9753975868225,-0.011859589,
10755,3435.2583158016205,-0.0,
10756,3435.541133403778,-0.016732639,
10757,3435.8252432346344,-0.011947685,
10758,3436.10946559906,-0.015414951,
10759,3436.392611503601,-0.0,
10760,3436.67528796196,-0.000451136,
10761,3436.958347797394,-0.0,
10762,3437.2414803504944,-0.0,
10763,3437.526272058487,-0.022910379,
10764,3437.811247110367,-0.0,
10765,3438.0939009189606,-0.019060593,
10766,3438.3773279190063,-0.021002479,
10767,3438.660421848297,-0.02517782,
10768,3438.9452283382416,-0.0,
10769,3439.2304735183716,-0.010124659,
10770,3439.513179063797,-0.03624854,
10771,3439.79714179039,-0.0,
10772,3440.080984354019,-0.0,
10773,3440.365838766098,-0.0,
10774,3440.650970697403,-0.027895963,
10775,3440.9306933879852,-0.017047467,
10776,3441.980083465576,-0.040021103,
10777,3442.261937856674,-0.0,
10778,3442.5468831062317,-0.0,
10779,3442.8295438289642,-0.0,
10780,3443.112850666046,-0.0,
10781,3443.3968789577484,-0.014513489,
10782,3443.680367708206,-0.0,
10783,3443.9647505283356,-0.0,
10784,3444.2492706775665,-0.0,
10785,3444.5320653915405,-0.013610654,
10786,3444.816100358963,-0.0,
10787,3445.099391222,-0.0,
10788,3445.384468793869,-0.017251741,
10789,3445.6691761016846,-0.0,
10790,3445.9515347480774,-0.013221341,
10791,3446.2358055114746,-0.030341778,
10792,3446.518574476242,-0.009139899,
10793,3446.8035440444946,-0.0,
10794,3447.0883145332336,-0.0,
10795,3447.3714287281036,-0.0,
10796,3447.655438899994,-0.0029369912,
10797,3447.939522743225,-0.0,
10798,3448.224766254425,-0.003907526,
10799,3448.508775472641,-0.006653714,
10800,3448.958208799362,-0.0,
10801,3450.0454738140106,-0.0,
10802,3450.328676700592,-0.013217634,
10803,3450.6124351024628,-0.0,
10804,3450.8963482379913,-0.0,
10805,3451.180879354477,-0.0,
10806,3451.4652984142303,-0.014287442,
10807,3451.749365091324,-0.0,
10808,3452.032869577408,-0.0,
10809,3452.316361427307,-0.0,
10810,3452.600418806076,-0.024345443,
10811,3452.88551735878,-0.004947595,
10812,3453.168786764145,-0.00041272462,
10813,3453.453506708145,-0.0,
10814,3453.73769903183,-0.0,
10815,3454.022701025009,-0.0,
10816,3454.3071773052216,-0.010512457,
10817,3454.591384410858,-0.015104363,
10818,3454.8747124671936,-0.03286585,
10819,3455.1593985557556,-0.0,
10820,3455.4448294639587,-0.0143169975,
10821,3455.728665828705,-0.0014901814,
10822,3456.0132224559784,-0.02374446,
10823,3456.297892808914,-0.051044207,
10824,3456.5825419425964,-0.0,
10825,3456.862817764282,-0.016812807,
10826,3457.877671957016,-0.0,
10827,3458.1594955921173,-0.004712983,
10828,3458.4433505535126,-0.020704478,
10829,3458.7259664535522,-0.017642638,
10830,3459.0079443454742,-0.010965563,
10831,3459.2906637191772,-1.8948136e-05,
10832,3459.5729043483734,-0.0,
10833,3459.8560814857483,-0.0,
10834,3460.1395177841187,-0.0,
10835,3460.422909259796,-0.009185103,
10836,3460.7052595615387,-0.009581701,
10837,3460.9877424240112,-0.011112329,
10838,3461.2708485126495,-0.0,
10839,3461.5536715984344,-3.1976737e-11,
10840,3461.837469100952,-0.0,
10841,3462.1208176612854,-0.013797986,
10842,3462.4039545059204,-0.008525734,
10843,3462.686405658722,-0.0028434854,
10844,3462.9689071178436,-0.0,
10845,3463.2517828941345,-0.0107052075,
10846,3463.5346117019653,-0.0,
10847,3463.8184926509857,-0.016667936,
10848,3464.102826833725,-0.0,
10849,3464.3850638866425,-0.0,
10850,3464.6638247966766,-0.025274644,
10851,3465.812427520752,-0.0055071753,
10852,3466.0939643383026,-0.07242726,
10853,3466.37792301178,-0.004482983,
10854,3466.6615393161774,-0.0,
10855,3466.9440162181854,-0.0,
10856,3467.2280933856964,-0.0,
10857,3467.511278629303,-0.007144416,
10858,3467.7949726581573,-0.0,
10859,3468.0800054073334,-0.0,
10860,3468.364242076874,-0.0,
10861,3468.647937297821,-0.0,
10862,3468.931370973587,-0.0,
10863,3469.2151777744293,-0.00034614303,
10864,3469.499038219452,-0.012171885,
10865,3469.7829926013947,-0.0,
10866,3470.066262960434,-0.0,
10867,3470.350124359131,-0.0076448745,
10868,3470.6344680786133,-0.019907663,
10869,3470.918702363968,-0.008174382,
10870,3471.2026138305664,-0.0005182643,
10871,3471.4866750240326,-0.0025521887,
10872,3471.77006149292,-0.008805423,
10873,3472.0543460845947,-0.0,
10874,3472.3389296531677,-0.0042690546,
10875,3472.618004798889,-0.032999206,
10876,3473.664459705353,-0.00024333214,
10877,3473.9456198215485,-0.015475466,
10878,3474.227991580963,-0.005253639,
10879,3474.5103850364685,-0.0091183325,
10880,3474.793876171112,-0.012549647,
10881,3475.077916622162,-0.0,
10882,3475.361356973648,-0.0064178,
10883,3475.6439142227173,-0.015956864,
10884,3475.9268374443054,-0.024067156,
10885,3476.209691762924,-0.010255254,
10886,3476.4938728809357,-0.021966323,
10887,3476.7775201797485,-0.0,
10888,3477.0602185726166,-0.010988062,
10889,3477.3431465625763,-0.0,
10890,3477.6266419887543,-0.0,
10891,3477.909576892853,-0.00029461103,
10892,3478.19357585907,-0.024243783,
10893,3478.4778819084167,-0.0,
10894,3478.7604455947876,-0.0,
10895,3479.0447573661804,-0.0,
10896,3479.3277242183685,-0.010258048,
10897,3479.612129688263,-0.006086561,
10898,3479.8966467380524,-0.0,
10899,3480.179789543152,-0.0,
10900,3480.628350496292,-0.0,
10901,3481.661411046982,-0.0,
10902,3481.9418621063232,-0.0006488946,
10903,3482.2240200042725,-3.053516e-11,
10904,3482.5063667297363,-0.0,
10905,3482.7931463718414,-0.010792418,
10906,3483.0757546424866,-0.024831824,
10907,3483.3569717407227,-0.008461402,
10908,3483.641381263733,-0.0,
10909,3483.925729751587,-0.011241047,
10910,3484.211543083191,-0.0,
10911,3484.495889902115,-0.017926905,
10912,3484.778103351593,-0.0,
10913,3485.0611033439636,-0.009495262,
10914,3485.3438823223114,-0.0033458497,
10915,3485.625895023346,-0.034730263,
10916,3485.9092648029327,-0.01144093,
10917,3486.1922557353973,-0.0032385022,
10918,3486.4755458831787,-2.0257696e-08,
10919,3486.757713317871,-0.0,
10920,3487.040676355362,-0.010028787,
10921,3487.3236167430878,-0.025737831,
10922,3487.6061577796936,-0.00595314,
10923,3487.8924491405487,-0.0,
10924,3488.1766452789307,-0.0,
10925,3488.454442024231,-0.007287502,
10926,3489.4556715488434,-0.0037614687,
10927,3489.734963655472,-0.0,
10928,3490.0164506435394,-0.0,
10929,3490.2990181446075,-0.013288335,
10930,3490.581203222275,-0.0,
10931,3490.8635833263397,-0.0,
10932,3491.1460132598877,-0.0,
10933,3491.4296832084656,-0.0,
10934,3491.7126185894012,-0.0,
10935,3491.9941639900208,-0.0,
10936,3492.2760553359985,-0.0,
10937,3492.5579948425293,-0.0,
10938,3492.8406822681427,-0.0034049503,
10939,3493.122905254364,-0.0070899036,
10940,3493.4064905643463,-0.0072717704,
10941,3493.689270734787,-0.0099527035,
10942,3493.972322702408,-0.0075428975,
10943,3494.2541160583496,-0.04610043,
10944,3494.5355446338654,-0.024574175,
10945,3494.8186452388763,-0.0,
10946,3495.101808786392,-0.014085282,
10947,3495.3844044208527,-0.004044962,
10948,3495.6681599617004,-0.0,
10949,3495.9522562026978,-5.003328e-09,
10950,3496.230383872986,-0.0,
10951,3497.1839668750763,-0.0,
10952,3497.4663667678833,-0.0,
10953,3497.7487461566925,-0.0,
10954,3498.0320041179657,-0.015389306,
10955,3498.3144314289093,-0.0,
10956,3498.5981929302216,-0.00074381847,
10957,3498.880998134613,-0.0069469865,
10958,3499.1633064746857,-0.0,
10959,3499.4475903511047,-0.0,
10960,3499.731074333191,-0.0,
10961,3500.0135612487793,-0.0,
10962,3500.2968225479126,-0.021900915,
10963,3500.5796077251434,-0.0,
10964,3500.862884044647,-0.0,
10965,3501.1468732357025,-0.0,
10966,3501.430066347122,-0.015032932,
10967,3501.7130455970764,-0.0045770467,
10968,3501.99595618248,-0.0,
10969,3502.2791249752045,-0.0077957697,
10970,3502.5616688728333,-0.018059406,
10971,3502.845737695694,-0.0,
10972,3503.130478620529,-4.7355377e-11,
10973,3503.412870168686,-0.0,
10974,3503.695149421692,-0.0,
10975,3503.9740812778473,-0.0,
10976,3505.0089814662933,-0.013587083,
10977,3505.2911252975464,-0.011351221,
10978,3505.5739934444427,-0.0,
10979,3505.8580679893494,-0.01687566,
10980,3506.142553806305,-0.0008487181,
10981,3506.4270486831665,-0.0066408063,
10982,3506.7109582424164,-0.0,
10983,3506.9945476055145,-0.013828646,
10984,3507.278233528137,-0.0072253537,
10985,3507.5627377033234,-0.0,
10986,3507.8493185043335,-0.0,
10987,3508.135895252228,-0.0,
10988,3508.420001745224,-0.0,
10989,3508.7069358825684,-0.0,
10990,3508.993028640747,-0.01662217,
10991,3509.279019355774,-0.0,
10992,3509.564970970154,-0.01800639,
10993,3509.849536418915,-0.0035628227,
10994,3510.133248090744,-0.002210662,
10995,3510.416751384735,-0.0070165554,
10996,3510.7015767097473,-1.5785119e-10,
10997,3510.9863131046295,-0.0,
10998,3511.270535469055,-0.0,
10999,3511.554639816284,-0.0,
11000,3512.0023472309113,-0.0,
11001,3513.0165321826935,-0.0043797824,
11002,3513.2970974445343,-0.0,
11003,3513.5802347660065,-0.0024192266,
11004,3513.863538503647,-0.011581713,
11005,3514.146411180496,-0.016207576,
11006,3514.428462266922,-0.011760132,
11007,3514.710811853409,-0.0,
11008,3514.993485927582,-0.0,
11009,3515.2755115032196,-0.0,
11010,3515.558655500412,-0.0,
11011,3515.8421053886414,-0.0,
11012,3516.1263856887817,-0.0,
11013,3516.408375263214,-0.03154923,
11014,3516.6911759376526,-0.018792633,
11015,3516.9743115901947,-0.0,
11016,3517.2567393779755,-0.0,
11017,3517.5408704280853,-0.043390367,
11018,3517.8248879909515,-2.8244718e-09,
11019,3518.1072051525116,-0.0049552214,
11020,3518.3901267051697,-0.016102258,
11021,3518.6741349697113,-0.0,
11022,3518.9574723243713,-3.028691e-11,
11023,3519.241662502289,-0.02763958,
11024,3519.52574634552,-0.0,
11025,3519.8038489818573,-0.008403251,
11026,3520.843720436096,-0.0,
11027,3521.1251854896545,-0.00848196,
11028,3521.406997680664,-0.02418942,
11029,3521.689225435257,-0.0,
11030,3521.9711451530457,-0.004766753,
11031,3522.253437280655,-0.013134241,
11032,3522.535732269287,-0.0,
11033,3522.819202899933,-0.0,
11034,3523.1024253368378,-0.027842179,
11035,3523.385532140732,-0.0,
11036,3523.6675131320953,-0.0,
11037,3523.950573682785,-0.0,
11038,3524.2333261966705,-0.0,
11039,3524.5165207386017,-0.023878263,
11040,3524.80003285408,-0.0,
11041,3525.0837893486023,-0.0,
11042,3525.365948200226,-0.0004585991,
11043,3525.6483538150787,-0.0,
11044,3525.9311816692352,-0.0,
11045,3526.213854789734,-0.029117677,
11046,3526.4971714019775,-0.0,
11047,3526.7800409793854,-0.014863597,
11048,3527.0634875297546,-0.019932605,
11049,3527.34534239769,-0.0054023294,
11050,3527.624304294586,-0.0,
11051,3528.716148853302,-0.0,
11052,3528.9969625473022,-0.012088109,
11053,3529.2797005176544,-0.0015375719,
11054,3529.562474489212,-0.0,
11055,3529.8441610336304,-0.015225571,
11056,3530.125968694687,-6.556908e-07,
11057,3530.407904148102,-0.0,
11058,3530.689779996872,-0.0,
11059,3530.97137260437,-0.0,
11060,3531.2541773319244,-0.0,
11061,3531.537611722946,-0.030963572,
11062,3531.8219544887543,-0.011612209,
11063,3532.1042585372925,-0.0019249625,
11064,3532.3876729011536,-0.0,
11065,3532.6703295707703,-0.010306377,
11066,3532.953523874283,-0.0,
11067,3533.2372250556946,-0.018871367,
11068,3533.5204820632935,-0.0,
11069,3533.8028271198273,-0.009491621,
11070,3534.0849771499634,-0.0008516284,
11071,3534.367826938629,-0.003646273,
11072,3534.6501598358154,-0.0,
11073,3534.9333980083466,-0.0,
11074,3535.216666698456,-0.0,
11075,3535.4963071346283,-0.008124663,
11076,3536.486236333847,-0.009454254,
11077,3536.767303943634,-0.02957596,
11078,3537.0490176677704,-0.0086475555,
11079,3537.332673072815,-0.007033475,
11080,3537.620680809021,-0.0055878162,
11081,3537.903310775757,-0.036065098,
11082,3538.187307357788,-0.013291067,
11083,3538.4712765216827,-0.0,
11084,3538.755508184433,-0.014534742,
11085,3539.042865753174,-0.0,
11086,3539.326546907425,-0.0022384445,
11087,3539.609227180481,-0.0080929035,
11088,3539.8933248519897,-8.105618e-08,
11089,3540.1772089004517,-0.020521425,
11090,3540.459993124008,-0.0,
11091,3540.7420601844788,-0.0,
11092,3541.02622961998,-0.0,
11093,3541.3092200756073,-0.0,
11094,3541.5940935611725,-0.0117448745,
11095,3541.879250526428,-0.008319642,
11096,3542.161217212677,-0.028587755,
11097,3542.4455530643463,-0.0,
11098,3542.7286837100983,-0.005872048,
11099,3543.013213157654,-0.015478268,
11100,3543.461135864258,-0.0,
11101,3544.486504793167,-0.03333972,
11102,3544.7669038772583,-0.0004367233,
11103,3545.0501339435577,-0.0,
11104,3545.333978652954,-0.0,
11105,3545.617025613785,-0.0,
11106,3545.899448633194,-0.0,
11107,3546.1832044124603,-4.8483344e-08,
11108,3546.4677243232727,-0.00080729503,
11109,3546.751439332962,-0.059436526,
11110,3547.035739660263,-0.008710213,
11111,3547.318815946579,-0.0071864733,
11112,3547.60142326355,-0.014144027,
11113,3547.884730577469,-0.0,
11114,3548.16765165329,-0.013547125,
11115,3548.4520568847656,-0.012141831,
11116,3548.736562013626,-0.005266905,
11117,3549.018914937973,-0.0,
11118,3549.3015854358673,-0.0,
11119,3549.58447766304,-0.00841041,
11120,3549.8681559562683,-0.0,
11121,3550.1514699459076,-0.00347061,
11122,3550.4348514080048,-0.0,
11123,3550.7180519104004,-0.0,
11124,3551.0017137527466,-0.014077446,
11125,3551.280472755432,-0.0,
11126,3552.4322543144226,-0.014036861,
11127,3552.7123568058014,-0.0,
11128,3552.994379043579,-0.016565185,
11129,3553.2755455970764,-6.641991e-08,
11130,3553.557060241699,-0.012449661,
11131,3553.8388690948486,-0.0249281,
11132,3554.1212754249573,-0.0,
11133,3554.4034128189087,-0.0,
11134,3554.684992790222,-0.0,
11135,3554.9685196876526,-0.0017245868,
11136,3555.251284837723,-1.4351613e-07,
11137,3555.5343492031097,-0.0,
11138,3555.8162264823914,-0.0,
11139,3556.09840631485,-0.013377782,
11140,3556.3809316158295,-0.0,
11141,3556.6634089946747,-0.0,
11142,3556.94584441185,-0.032332547,
11143,3557.229220867157,-0.04961037,
11144,3557.513895750046,-8.742728e-09,
11145,3557.796000480652,-0.0,
11146,3558.078541278839,-0.0007558613,
11147,3558.3612656593323,-0.0,
11148,3558.6431937217712,-0.0,
11149,3558.9260308742523,-0.00043403983,
11150,3559.2053616046906,-0.012321753,
11151,3560.237654685974,-0.0,
11152,3560.518075466156,-0.00063359225,
11153,3560.8002173900604,-0.0,
11154,3561.0820829868317,-0.063356906,
11155,3561.364928007126,-0.005110978,
11156,3561.6484932899475,-0.0,
11157,3561.931543111801,-0.0,
11158,3562.213140964508,-1.6210369e-09,
11159,3562.4943623542786,-0.007503091,
11160,3562.7765901088715,-0.0,
11161,3563.05957698822,-0.01590517,
11162,3563.341547012329,-0.0227179,
11163,3563.62504529953,-0.004682661,
11164,3563.9083256721497,-0.0,
11165,3564.1911146640778,-0.0,
11166,3564.472958803177,-0.0,
11167,3564.7546463012695,-0.0,
11168,3565.038049697876,-0.0,
11169,3565.3201134204865,-0.00013414517,
11170,3565.60271191597,-0.0,
11171,3565.886449813843,-0.012471011,
11172,3566.1690549850464,-0.0016444204,
11173,3566.4513280391693,-0.0124358805,
11174,3566.733416557312,-0.008952449,
11175,3567.013032436371,-0.0,
11176,3568.101355075836,-0.0,
11177,3568.38299202919,-0.0,
11178,3568.666249513626,-0.0,
11179,3568.9489374160767,-0.0006246178,
11180,3569.2319242954254,-0.0,
11181,3569.5137293338776,-0.0,
11182,3569.79670214653,-0.0,
11183,3570.079204082489,-0.015936324,
11184,3570.363121509552,-0.0,
11185,3570.646282672882,-0.003950384,
11186,3570.929211139679,-0.0,
11187,3571.2119195461273,-0.0,
11188,3571.4961376190186,-0.0,
11189,3571.778384208679,-0.0,
11190,3572.06142950058,-0.0,
11191,3572.345551967621,-0.0,
11192,3572.628618478775,-0.03213945,
11193,3572.910859107971,-0.0171214,
11194,3573.1946563720703,-0.0,
11195,3573.47757935524,-0.0,
11196,3573.7602310180664,-0.0,
11197,3574.0440666675568,-0.0008650064,
11198,3574.3284249305725,-0.0,
11199,3574.6103613376617,-0.0,
11200,3575.0578258037567,-0.00019812152,
11201,3576.126441717148,-0.000910481,
11202,3576.406013250351,-0.0013501713,
11203,3576.685713529587,-0.007392476,
11204,3576.9650423526764,-0.0,
11205,3577.2453813552856,-0.0,
11206,3577.52622961998,-0.0,
11207,3577.8065824508667,-0.0,
11208,3578.0881645679474,-0.0,
11209,3578.368905067444,-0.0,
11210,3578.6495954990387,-0.009165553,
11211,3578.9314851760864,-0.011748812,
11212,3579.213580608368,-0.005814995,
11213,3579.494768381119,-0.0039084842,
11214,3579.7754335403442,-0.0,
11215,3580.058142900467,-0.0,
11216,3580.3406302928925,-0.0,
11217,3580.623639822006,-0.012637327,
11218,3580.9054794311523,-0.0,
11219,3581.186691761017,-1.4835219e-10,
11220,3581.467578649521,-0.0,
11221,3581.7486684322357,-0.0,
11222,3582.0294890403748,-0.0,
11223,3582.311423301697,-0.0,
11224,3582.5925698280334,-0.0,
11225,3582.869704246521,-0.0,
11226,3583.9352860450745,-0.0,
11227,3584.215642929077,-0.0,
11228,3584.4995908737183,-0.0,
11229,3584.7825934886932,-0.016808975,
11230,3585.065622329712,-0.0,
11231,3585.3477313518524,-0.0,
11232,3585.6304519176483,-0.0,
11233,3585.91317820549,-0.0027083748,
11234,3586.195749282837,-0.0,
11235,3586.4793660640717,-0.0,
11236,3586.763774871826,-0.005340698,
11237,3587.0468418598175,-0.0,
11238,3587.3307127952576,-0.0,
11239,3587.614100456238,-0.0078459,
11240,3587.8975110054016,-0.0,
11241,3588.180927991867,-0.0,
11242,3588.464864015579,-0.0,
11243,3588.74684214592,-0.0064817467,
11244,3589.0295045375824,-0.02127531,
11245,3589.3129029273987,-0.006167233,
11246,3589.5963673591614,-0.01088676,
11247,3589.880290746689,-0.013591833,
11248,3590.163612127304,-0.017485946,
11249,3590.4464886188507,-0.0,
11250,3590.726163625717,-0.0,
11251,3591.712036371231,-0.0,
11252,3591.993757009506,-0.0,
11253,3592.2781727313995,-0.0,
11254,3592.562109231949,-0.0035402717,
11255,3592.8453142642975,-0.0,
11256,3593.1288640499115,-0.0,
11257,3593.412328004837,-0.009447887,
11258,3593.6967709064484,-0.0,
11259,3593.981590270996,-0.030012246,
11260,3594.2645347118378,-0.028052578,
11261,3594.548045873642,-0.0,
11262,3594.8310799598694,-0.012660294,
11263,3595.115471601486,-0.013115423,
11264,3595.4002747535706,-0.0,
11265,3595.6838235855103,-0.0059577874,
11266,3595.967165708542,-0.0010570225,
11267,3596.251631259918,-0.0,
11268,3596.5356545448303,-0.010156061,
11269,3596.820780992508,-0.0,
11270,3597.10480260849,-0.0,
11271,3597.388295650482,-0.0160634,
11272,3597.671813726425,-0.0,
11273,3597.9564864635468,-0.025514387,
11274,3598.241214990616,-0.0,
11275,3598.520030975342,-0.0,
11276,3599.590375185013,-0.0065707383,
11277,3599.874384880066,-0.004796343,
11278,3600.1598834991455,-0.0,
11279,3600.4416041374207,-0.0,
11280,3600.7236948013306,-0.02219164,
11281,3601.0076007843018,-0.008931128,
11282,3601.2908890247345,-0.0,
11283,3601.5758917331696,-0.0,
11284,3601.8606929779053,-0.0035161206,
11285,3602.1438131332397,-0.0,
11286,3602.427889108658,-0.0040701157,
11287,3602.711587667465,-0.0,
11288,3602.9963779449463,-0.0,
11289,3603.2801535129547,-0.018086694,
11290,3603.563123703003,-0.0,
11291,3603.847235441208,-0.0,
11292,3604.1313858032227,-0.0,
11293,3604.415959596634,-0.007940946,
11294,3604.700356245041,-0.0,
11295,3604.983364343643,-0.017113348,
11296,3605.267264842987,-0.013751644,
11297,3605.5512397289276,-0.00019580484,
11298,3605.836489915848,-0.0,
11299,3606.1198258399963,-0.0,
11300,3606.5703263282776,-0.0190783,
11301,3607.5597286224365,-0.0,
11302,3607.840102672577,-0.0068205376,
11303,3608.123272418976,-0.0,
11304,3608.407061100006,-0.0,
11305,3608.6904530525208,-0.0,
11306,3608.9754219055176,-2.9908253e-05,
11307,3609.2591116428375,-0.016761785,
11308,3609.5416934490204,-0.0,
11309,3609.825761795044,-0.0,
11310,3610.1087884902954,-0.0,
11311,3610.3935358524323,-0.011275595,
11312,3610.6777341365814,-0.017132277,
11313,3610.960428237915,-0.010823089,
11314,3611.2444138526917,-0.0,
11315,3611.5281894207,-0.024612464,
11316,3611.812978029251,-0.0,
11317,3612.0984992980957,-0.0,
11318,3612.382523059845,-0.0,
11319,3612.6681241989136,-0.0,
11320,3612.955833673477,-0.010487508,
11321,3613.242510318756,-0.0,
11322,3613.5286679267883,-0.0,
11323,3613.813098192215,-0.00068995124,
11324,3614.0973072052,-0.0,
11325,3614.3761031627655,-0.011682342,
11326,3615.4060249328613,-2.9756437e-05,
11327,3615.6887640953064,-0.0,
11328,3615.973042488098,-0.0,
11329,3616.2567162513733,-0.0,
11330,3616.5391838550568,-0.0,
11331,3616.823263645172,-0.010266518,
11332,3617.107141971588,-0.0,
11333,3617.393216609955,-0.010991938,
11334,3617.6775081157684,-0.02441214,
11335,3617.9659049510956,-0.0,
11336,3618.2526087760925,-0.0,
11337,3618.537212371826,-0.0,
11338,3618.821305036545,-0.016467696,
11339,3619.1049568653107,-0.002798394,
11340,3619.3917152881622,-0.0,
11341,3619.676235437393,-0.0,
11342,3619.9602088928223,-0.0,
11343,3620.244433403015,-0.0,
11344,3620.530569791794,-0.05889117,
11345,3620.8159227371216,-0.0,
11346,3621.1012094020844,-0.007191252,
11347,3621.385599374771,-0.00035291648,
11348,3621.6720645427704,-0.020980323,
11349,3621.9576342105865,-0.0,
11350,3622.2397837638855,-0.0,
11351,3623.363194704056,-0.0053250263,
11352,3623.6458740234375,-0.0,
11353,3623.930215358734,-0.016764076,
11354,3624.2140893936157,-0.0,
11355,3624.496833562851,-0.05047321,
11356,3624.7817754745483,-0.00019645273,
11357,3625.065348148346,-0.0,
11358,3625.3494555950165,-0.00034789564,
11359,3625.633624315262,-0.0,
11360,3625.917069196701,-0.013844668,
11361,3626.2018263339996,-0.0034985149,
11362,3626.4862158298492,-0.030899793,
11363,3626.7709794044495,-0.0,
11364,3627.054371356964,-0.0008898675,
11365,3627.339051961899,-9.443613e-09,
11366,3627.6232447624207,-0.026135024,
11367,3627.908755540848,-0.006448092,
11368,3628.1933884620667,-0.0,
11369,3628.4771568775177,-0.0,
11370,3628.7607526779175,-0.01656873,
11371,3629.047136068344,-0.0,
11372,3629.3322336673737,-0.039164156,
11373,3629.615252971649,-0.00817192,
11374,3629.8996431827545,-0.0,
11375,3630.179978132248,-0.0052450416,
11376,3631.2430317401886,-0.01760829,
11377,3631.5250833034515,-0.015638437,
11378,3631.8078792095184,-0.0052980077,
11379,3632.091983795166,-0.0012042316,
11380,3632.3742237091064,-0.010236332,
11381,3632.6577756404877,-0.0019194161,
11382,3632.9408898353577,-0.012490409,
11383,3633.22491979599,-8.192521e-10,
11384,3633.5090341567993,-0.0,
11385,3633.7924585342407,-0.035028037,
11386,3634.076484441757,-0.010450075,
11387,3634.3601512908936,-0.012082071,
11388,3634.6450986862183,-0.0,
11389,3634.9298634529114,-1.5267582e-11,
11390,3635.2149307727814,-3.2677982e-11,
11391,3635.4992578029633,-0.0,
11392,3635.782915830612,-0.04014855,
11393,3636.0669021606445,-0.0,
11394,3636.351135492325,-0.0016720444,
11395,3636.6345229148865,-0.025574857,
11396,3636.917786359787,-0.0025405884,
11397,3637.2015001773834,-0.0,
11398,3637.4861273765564,-0.010670032,
11399,3637.770386695862,-0.0,
11400,3638.219297170639,-0.0016546206,
11401,3639.283341884613,-0.0,
11402,3639.5671129226685,-0.0035529812,
11403,3639.8504009246826,-0.0064982665,
11404,3640.1339251995087,-1.177419e-09,
11405,3640.4171097278595,-0.0,
11406,3640.702351808548,-0.0050948653,
11407,3640.987413406372,-0.0,
11408,3641.271275281906,-0.008065102,
11409,3641.5551602840424,-0.0,
11410,3641.839535474777,-0.02555577,
11411,3642.1241521835327,-0.0,
11412,3642.408214330673,-0.009825899,
11413,3642.6914381980896,-0.0,
11414,3642.9758632183075,-6.007933e-05,
11415,3643.2600214481354,-0.023732545,
11416,3643.5449011325836,-0.0,
11417,3643.8283445835114,-0.0,
11418,3644.111608505249,-0.014709618,
11419,3644.3962709903717,-0.0,
11420,3644.6812703609467,-0.0,
11421,3644.9658126831055,-0.0,
11422,3645.2508733272552,-0.0110842325,
11423,3645.53711104393,-0.0,
11424,3645.8220460414886,-0.006702209,
11425,3646.1037969589233,-0.016174091,
11426,3647.099143743515,-0.0,
11427,3647.381866455078,-0.0,
11428,3647.6647436618805,-0.001913963,
11429,3647.948021173477,-0.016498143,
11430,3648.2311782836914,-0.0,
11431,3648.5134859085083,-0.010314575,
11432,3648.796087741852,-5.5231233e-08,
11433,3649.079910516739,-0.012511457,
11434,3649.363195180893,-0.0,
11435,3649.645985364914,-0.0,
11436,3649.9283282756805,-0.017732676,
11437,3650.2115874290466,-0.00648809,
11438,3650.4943912029266,-0.0035017596,
11439,3650.7786412239075,-0.0,
11440,3651.062515735626,-0.0,
11441,3651.3456065654755,-0.0,
11442,3651.6287894248962,-0.013273466,
11443,3651.9121568202972,-0.05015938,
11444,3652.1949932575226,-0.011076694,
11445,3652.4790694713593,-0.002131064,
11446,3652.7633471488953,-0.008113616,
11447,3653.0465269088745,-0.016088475,
11448,3653.3299129009247,-0.0,
11449,3653.612951517105,-0.007855836,
11450,3653.8918690681458,-0.015531135,
11451,3654.9851353168488,-0.01345413,
11452,3655.2655448913574,-0.0,
11453,3655.5482552051544,-0.009793184,
11454,3655.8310837745667,-0.0,
11455,3656.1129994392395,-0.0075771343,
11456,3656.396988391876,-0.011688842,
11457,3656.6810131073,-0.0015318117,
11458,3656.9644746780396,-0.0,
11459,3657.24791097641,-0.015598597,
11460,3657.531361579895,-0.0,
11461,3657.814436197281,-0.0068867,
11462,3658.098473548889,-0.0040860297,
11463,3658.383403301239,-0.0032933156,
11464,3658.6660125255585,-0.011548968,
11465,3658.949545145035,-0.0,
11466,3659.23242855072,-0.0001774098,
11467,3659.516777038574,-4.2343086e-06,
11468,3659.8004438877106,-0.012508487,
11469,3660.08354640007,-0.009536344,
11470,3660.3669402599335,-0.016214145,
11471,3660.650436401367,-0.0008996737,
11472,3660.9341020584106,-0.0043796836,
11473,3661.218953847885,-0.010820419,
11474,3661.5028874874115,-0.02279504,
11475,3661.781909942627,-0.0,
11476,3662.861747980118,-0.0026081745,
11477,3663.1437339782715,-0.002341994,
11478,3663.4260787963867,-0.008623617,
11479,3663.7100796699524,-0.016185919,
11480,3663.995216846466,-0.0,
11481,3664.279748439789,-0.0,
11482,3664.5635447502136,-0.018243607,
11483,3664.848021507263,-0.0,
11484,3665.1321773529053,-0.019075524,
11485,3665.417250394821,-0.019503033,
11486,3665.701455116272,-9.7070325e-09,
11487,3665.985277891159,-0.015662948,
11488,3666.269300699234,-0.015144932,
11489,3666.5542283058167,-2.4338513e-07,
11490,3666.8394351005554,-0.007051427,
11491,3667.1233325004578,-0.014107218,
11492,3667.407662630081,-0.017437048,
11493,3667.6918914318085,-0.0031379398,
11494,3667.9771823883057,-0.01110782,
11495,3668.2611565589905,-0.00069798494,
11496,3668.544324874878,-0.0,
11497,3668.82830619812,-0.008280869,
11498,3669.1122438907623,-0.000592047,
11499,3669.39767742157,-0.0,
11500,3669.844387292862,-0.0054866048,
11501,3670.8928871154785,-0.020774549,
11502,3671.174215078354,-0.036996465,
11503,3671.4574563503265,-0.0,
11504,3671.7412502765656,-0.0,
11505,3672.023685693741,-0.0134767,
11506,3672.306821346283,-0.008843801,
11507,3672.5894010066986,-0.011921022,
11508,3672.8738181591034,-0.007961522,
11509,3673.1584322452545,-6.0693867e-07,
11510,3673.4410212039948,-0.0074237105,
11511,3673.724268436432,-0.009590177,
11512,3674.0068361759186,-0.0035953608,
11513,3674.2899940013885,-7.619321e-07,
11514,3674.574326276779,-0.0,
11515,3674.858381509781,-0.010359944,
11516,3675.140407562256,-0.0,
11517,3675.4242100715637,-0.0,
11518,3675.707019329071,-0.008151683,
11519,3675.991114616394,-0.008728362,
11520,3676.274403333664,-0.014043354,
11521,3676.5583696365356,-0.0,
11522,3676.841558933258,-0.0,
11523,3677.1263830661774,-0.0048824702,
11524,3677.4101383686066,-0.0,
11525,3677.690059185028,-0.0,
11526,3678.7136549949646,-0.0,
11527,3678.9952154159546,-0.0,
11528,3679.277101993561,-0.020401083,
11529,3679.559821844101,-0.013368306,
11530,3679.8431091308594,-0.025493167,
11531,3680.1263723373413,-0.0,
11532,3680.4108023643494,-0.021788262,
11533,3680.6953449249268,-0.0,
11534,3680.978120803833,-0.0,
11535,3681.262324810028,-0.0,
11536,3681.545922279358,-1.4328032e-10,
11537,3681.8312397003174,-0.0,
11538,3682.115980863571,-0.032862898,
11539,3682.399999141693,-0.0,
11540,3682.68398976326,-0.027533652,
11541,3682.9688823223114,-0.0,
11542,3683.2537088394165,-0.0,
11543,3683.537056684494,-0.0023116262,
11544,3683.82129406929,-0.0,
11545,3684.104525089264,-0.009519518,
11546,3684.389125108719,-0.010432424,
11547,3684.6738126277924,-0.0,
11548,3684.9571919441223,-0.0,
11549,3685.2453467845917,-0.008645332,
11550,3685.526064634323,-0.041767444,
11551,3686.6334183216095,-7.282365e-07,
11552,3686.915815591812,-3.028691e-11,
11553,3687.19806933403,-0.0,
11554,3687.4808049201965,-2.0935934e-08,
11555,3687.76376748085,-0.024504248,
11556,3688.0476331710815,-0.005057068,
11557,3688.331044435501,-0.028566146,
11558,3688.613832473755,-0.0,
11559,3688.8961329460144,-0.016786661,
11560,3689.179699420929,-0.00040659352,
11561,3689.4624540805817,-0.009945391,
11562,3689.7455730438232,-0.0,
11563,3690.0304725170135,-0.0,
11564,3690.3141672611237,-0.0,
11565,3690.5974164009094,-0.0,
11566,3690.880935907364,-0.007950854,
11567,3691.1645073890686,-0.0016337876,
11568,3691.4485597610474,-0.0,
11569,3691.733025789261,-0.00020117199,
11570,3692.015360355377,-0.0,
11571,3692.2985327243805,-0.0,
11572,3692.5816943645477,-0.0,
11573,3692.865760564804,-0.0,
11574,3693.1507811546326,-0.0,
11575,3693.4297564029694,-0.0,
11576,3694.5126843452454,-0.0,
11577,3694.794037103653,-1.9162874e-09,
11578,3695.0784740448,-0.0,
11579,3695.362692832947,-0.0,
11580,3695.6475756168365,-0.0,
11581,3695.932037591934,-0.014404822,
11582,3696.2148282527924,-0.009074778,
11583,3696.4989454746246,-0.0,
11584,3696.7832720279694,-0.0,
11585,3697.068094730377,-0.0,
11586,3697.353443622589,-0.0,
11587,3697.637588739395,-0.0,
11588,3697.922001838684,-0.0,
11589,3698.206606864929,-0.008195831,
11590,3698.491719484329,-0.0,
11591,3698.775456428528,-0.0,
11592,3699.059426546097,-0.0115209,
11593,3699.3441169261932,-0.0,
11594,3699.6290476322174,-0.00084929744,
11595,3699.9129667282104,-0.0,
11596,3700.1965918540955,-5.307211e-06,
11597,3700.481054544449,-0.0,
11598,3700.766512155533,-0.0,
11599,3701.051195383072,-0.0,
11600,3701.500470638275,-0.003094775,
11601,3702.7369351387024,-0.0040146057,
11602,3703.0187728405,-0.0,
11603,3703.302823781967,-0.016842125,
11604,3703.5871295928955,-0.0057880348,
11605,3703.869140148163,-0.00092362246,
11606,3704.152222633362,-0.0,
11607,3704.4366521835327,-0.017373983,
11608,3704.7207095623016,-0.0105006145,
11609,3705.006033182144,-0.0,
11610,3705.289978981018,-0.012093442,
11611,3705.5751163959503,-0.010451309,
11612,3705.859457015991,-0.0,
11613,3706.1445903778076,-0.0,
11614,3706.429609775543,-0.0,
11615,3706.7132515907288,-0.0,
11616,3706.997309923172,-0.026383447,
11617,3707.282236099243,-0.0,
11618,3707.5670461654663,-0.002933046,
11619,3707.8506002426147,-0.012893477,
11620,3708.137331008911,-0.0,
11621,3708.4225931167603,-0.02890499,
11622,3708.7084860801697,-0.01340195,
11623,3708.9920024871826,-0.0,
11624,3709.277054786682,-0.02315927,
11625,3709.559690475464,-0.01705721,
11626,3710.6533102989197,-0.021195386,
11627,3710.9344143867493,-0.038307052,
11628,3711.219120502472,-0.018902719,
11629,3711.50431060791,-0.00045965565,
11630,3711.7879519462585,-0.011364702,
11631,3712.070665359497,-0.0,
11632,3712.3551540374756,-0.007935295,
11633,3712.640210390091,-0.0,
11634,3712.926506757736,-0.009721565,
11635,3713.210104942322,-0.0,
11636,3713.4949333667755,-0.036294576,
11637,3713.78045129776,-0.008045921,
11638,3714.0663447380066,-0.010367474,
11639,3714.3500604629517,-0.00422067,
11640,3714.6347064971924,-0.0125378,
11641,3714.919859647751,-0.0,
11642,3715.2048008441925,-0.011106001,
11643,3715.488597393036,-0.0,
11644,3715.7733628749847,-0.015011475,
11645,3716.0581862926483,-0.0,
11646,3716.343529701233,-0.0,
11647,3716.627949476242,-0.0,
11648,3716.9131705760956,-0.0,
11649,3717.1981523036957,-0.00866825,
11650,3717.480592727661,-0.0005160386,
11651,3718.635392189026,-0.0,
11652,3718.916817188263,-0.0,
11653,3719.2003111839294,-0.0,
11654,3719.4840734004974,-0.005602517,
11655,3719.7661051750183,-0.0,
11656,3720.049168109894,-0.0,
11657,3720.332197189331,-0.0,
11658,3720.6153173446655,-0.013704994,
11659,3720.899401664734,-0.0,
11660,3721.18376994133,-0.0,
11661,3721.465910434723,-0.0,
11662,3721.749726295471,-0.018466689,
11663,3722.032757997513,-0.0,
11664,3722.3165287971497,-0.0,
11665,3722.600904226303,-0.0014366787,
11666,3722.8843791484833,-0.0,
11667,3723.167340517044,-0.0,
11668,3723.4505083560944,-1.1719053e-06,
11669,3723.733480453491,-0.0,
11670,3724.017272233963,-0.008626786,
11671,3724.3025529384613,-0.0028345399,
11672,3724.585501432419,-0.026338832,
11673,3724.869131088257,-0.01171464,
11674,3725.1523394584656,-0.0,
11675,3725.4323213100433,-0.0,
11676,3726.4394352436066,-0.0,
11677,3726.722158432007,-0.0,
11678,3727.0033407211304,-0.0,
11679,3727.286592721939,-0.018995654,
11680,3727.5698430538177,-0.0,
11681,3727.8537764549255,-0.0,
11682,3728.1381907463074,-0.0013646454,
11683,3728.422043323517,-0.0,
11684,3728.704756498337,-0.0,
11685,3728.9881598949432,-4.104127e-10,
11686,3729.2711610794067,-0.007929387,
11687,3729.5570561885834,-0.0,
11688,3729.840964794159,-0.0,
11689,3730.123531103134,-0.011724751,
11690,3730.40739774704,-0.0,
11691,3730.690902709961,-0.0,
11692,3730.9754173755646,-0.016358485,
11693,3731.2606551647186,-0.0,
11694,3731.543653011322,-0.0,
11695,3731.8273804187775,-0.0,
11696,3732.110952615738,-0.0,
11697,3732.39569067955,-0.0134062525,
11698,3732.6800107955933,-0.0,
11699,3732.9627182483673,-0.0,
11700,3733.410802602768,-0.0037230875,
11701,3734.466558933258,-0.013037422,
11702,3734.7471499443054,-0.026014375,
11703,3735.0301616191864,-0.0,
11704,3735.314219236374,-0.035331734,
11705,3735.5985662937164,-0.0,
11706,3735.881971359253,-0.0,
11707,3736.165506362915,-0.0,
11708,3736.4486920833588,-0.020609662,
11709,3736.732755422592,-0.0,
11710,3737.017337322235,-0.009414541,
11711,3737.3008358478546,-0.0,
11712,3737.58469748497,-0.007802488,
11713,3737.86829161644,-0.0,
11714,3738.15252327919,-0.011507124,
11715,3738.4370019435883,-0.012330873,
11716,3738.7202315330505,-0.0,
11717,3739.0039546489716,-0.0,
11718,3739.2875683307648,-0.01602743,
11719,3739.577225923538,-0.0,
11720,3739.8608191013336,-0.0008980329,
11721,3740.144777774811,-0.013083996,
11722,3740.428205013275,-0.0,
11723,3740.7129151821136,-0.0066945925,
11724,3741.0013978481293,-0.01516149,
11725,3741.2802867889404,-0.0032409395,
11726,3742.268712759018,-8.885165e-05,
11727,3742.548706293106,-0.0023326152,
11728,3742.8318905830383,-0.014666085,
11729,3743.115122318268,-0.0,
11730,3743.397085905075,-0.0,
11731,3743.6790840625763,-0.0,
11732,3743.961995601654,-0.0,
11733,3744.2446007728577,-0.0118166255,
11734,3744.5267791748047,-0.0020290979,
11735,3744.810714483261,-0.0,
11736,3745.0942993164062,-0.0,
11737,3745.3769533634186,-0.0,
11738,3745.659111261368,-0.0032473858,
11739,3745.9415254592896,-0.0,
11740,3746.2238233089447,-0.0,
11741,3746.5063445568085,-0.008970298,
11742,3746.7899906635284,-0.0,
11743,3747.0731275081635,-0.0,
11744,3747.356078863144,-0.0,
11745,3747.6376824378967,-0.0,
11746,3747.920823574066,-0.0,
11747,3748.203738927841,-0.00867588,
11748,3748.4864044189453,-0.0035448293,
11749,3748.7702758312225,-0.0,
11750,3749.0493919849396,-0.0,
11751,3750.0188562870026,-0.006426039,
11752,3750.3006451129913,-0.0,
11753,3750.584670305252,-0.0,
11754,3750.869827270508,-0.0005610937,
11755,3751.154185295105,-0.0,
11756,3751.436202764511,-0.0,
11757,3751.720999479294,-0.0,
11758,3752.0050573349,-0.012213166,
11759,3752.2899277210236,-0.0,
11760,3752.574776649475,-0.00931697,
11761,3752.8583884239197,-0.004410835,
11762,3753.1424930095673,-0.007493916,
11763,3753.4270610809326,-0.02201831,
11764,3753.7117960453033,-0.003231685,
11765,3753.9958431720734,-0.0,
11766,3754.2797527313232,-0.007465834,
11767,3754.5631399154663,-0.009931604,
11768,3754.8478360176086,-0.0,
11769,3755.1333389282227,-0.0,
11770,3755.4175453186035,-0.009166269,
11771,3755.7014484405518,-0.0,
11772,3755.985271692276,-0.046963587,
11773,3756.269978284836,-0.0,
11774,3756.5541653633118,-0.0,
11775,3756.833304643631,-0.0,
11776,3757.925745487213,-0.012215675,
11777,3758.2097318172455,-0.0,
11778,3758.4931375980377,-0.0,
11779,3758.7761154174805,-0.005049556,
11780,3759.0605981349945,-0.0,
11781,3759.345366716385,-0.0031311188,
11782,3759.6295890808105,-0.0,
11783,3759.913727283478,-0.0,
11784,3760.202653646469,-0.0,
11785,3760.4905908107758,-0.0,
11786,3760.7774291038513,-0.00028079993,
11787,3761.0635299682617,-0.0,
11788,3761.352274417877,-0.012549315,
11789,3761.6382551193237,-0.0,
11790,3761.9219534397125,-0.0,
11791,3762.2066164016724,-0.0,
11792,3762.491870164871,-0.008085281,
11793,3762.7758238315582,-0.0,
11794,3763.059177160263,-0.0,
11795,3763.3447365760803,-0.016664196,
11796,3763.629382133484,-0.0,
11797,3763.912943124771,-0.0,
11798,3764.197541952133,-0.0,
11799,3764.480358362198,-4.4762528e-05,
11800,3764.930180311203,-0.0,
11801,3765.9755997657776,-0.0,
11802,3766.2586073875427,-0.0,
11803,3766.542097568512,-0.0,
11804,3766.8258628845215,-0.012117527,
11805,3767.1098086833954,-0.0049043167,
11806,3767.391961336136,-0.0,
11807,3767.676715373993,-0.0,
11808,3767.9611353874207,-2.729736e-10,
11809,3768.2452969551086,-0.0,
11810,3768.5292036533356,-0.033916984,
11811,3768.811740398407,-0.0010129787,
11812,3769.0954401493073,-0.0,
11813,3769.381616830826,-0.000107915905,
11814,3769.668379306793,-0.0,
11815,3769.9509403705597,-0.013271867,
11816,3770.2350404262543,-0.0,
11817,3770.5177145004272,-0.0052135303,
11818,3770.801855325699,-0.010223869,
11819,3771.0857467651367,-0.0,
11820,3771.368617296219,-2.736945e-10,
11821,3771.6505954265594,-0.0,
11822,3771.9342799186707,-0.0,
11823,3772.2175097465515,-0.0,
11824,3772.501522064209,-0.0,
11825,3772.7818331718445,-0.0039338074,
11826,3773.8712742328644,-0.0,
11827,3774.1535658836365,-0.026167735,
11828,3774.438015460968,-0.0,
11829,3774.7218046188354,-0.0,
11830,3775.0054666996,-0.0,
11831,3775.2879428863525,-0.0,
11832,3775.5698471069336,-0.007932617,
11833,3775.853183746338,-0.008018471,
11834,3776.135707616806,-0.00043645853,
11835,3776.4192152023315,-0.0,
11836,3776.7025322914124,-1.39084805e-05,
11837,3776.9866247177124,-0.0,
11838,3777.273629426956,-0.0,
11839,3777.55627989769,-0.0049246014,
11840,3777.8401997089386,-0.0,
11841,3778.1243171691895,-0.0,
11842,3778.40829205513,-1.379967e-07,
11843,3778.693221092224,-0.01832119,
11844,3778.975883960724,-0.0,
11845,3779.2619874477386,-0.01746797,
11846,3779.548074245453,-0.04542028,
11847,3779.833967447281,-0.0,
11848,3780.11682844162,-0.011034945,
11849,3780.400782108307,-0.015456393,
11850,3780.681263446808,-0.014602847,
11851,3781.7612845897675,-0.015232948,
11852,3782.043949365616,-0.0035925447,
11853,3782.3263490200043,-0.0,
11854,3782.609183073044,-0.0,
11855,3782.8917183876038,-0.009761885,
11856,3783.1738469600677,-4.7907733e-08,
11857,3783.4574494361877,-0.02691149,
11858,3783.7410283088684,-0.0,
11859,3784.0242187976837,-0.0,
11860,3784.306256532669,-0.0,
11861,3784.590149641037,-0.0,
11862,3784.8715255260468,-0.0036755977,
11863,3785.1539466381073,-0.03215133,
11864,3785.437925338745,-0.00994713,
11865,3785.720704317093,-0.0,
11866,3786.0039772987366,-0.0064676018,
11867,3786.2863216400146,-0.012911286,
11868,3786.5697236061096,-0.0,
11869,3786.8524100780487,-0.0012229724,
11870,3787.1364159584045,-0.0161041,
11871,3787.4193453788757,-0.032160323,
11872,3787.702648639679,-0.017225776,
11873,3787.985111474991,-0.007610595,
11874,3788.2683539390564,-0.0,
11875,3788.547469854355,-0.0,
11876,3789.60035943985,-0.0,
11877,3789.8823840618134,-0.0,
11878,3790.1643238067627,-3.8920934e-05,
11879,3790.4474668502808,-0.01563398,
11880,3790.7302644252777,-0.011456457,
11881,3791.0137906074524,-0.0,
11882,3791.2980110645294,-0.006069477,
11883,3791.5821449756622,-0.008152783,
11884,3791.864057302475,-0.0,
11885,3792.1472685337067,-0.0,
11886,3792.4287061691284,-0.04152994,
11887,3792.71137547493,-0.035183456,
11888,3792.995527744293,-0.0,
11889,3793.2800526618958,-0.0005899601,
11890,3793.562826395035,-0.0,
11891,3793.845309495926,-0.016213585,
11892,3794.1290731430054,-0.0008442124,
11893,3794.4126119613647,-0.0,
11894,3794.696825027466,-0.0,
11895,3794.9810688495636,-0.0,
11896,3795.263117313385,-0.014370127,
11897,3795.54603266716,-0.02792078,
11898,3795.8290293216705,-0.0,
11899,3796.113607645035,-3.0907733e-05,
11900,3796.563504934311,-0.018839246,
11901,3797.7010486125946,-0.0,
11902,3797.9802000522614,-0.012842491,
11903,3798.262050151825,-0.0,
11904,3798.546595096588,-0.0,
11905,3798.8295624256134,-0.01847119,
11906,3799.1133444309235,-0.010735613,
11907,3799.3978686332703,-3.028691e-11,
11908,3799.681223630905,-0.011559892,
11909,3799.9655232429504,-0.020937804,
11910,3800.2491421699524,-0.005437577,
11911,3800.533727169037,-0.0130303195,
11912,3800.817948579788,-0.0,
11913,3801.1011650562286,-0.011922913,
11914,3801.384579896927,-0.0013787091,
11915,3801.668217897415,-0.0,
11916,3801.9528505802155,-0.015278978,
11917,3802.2372059822083,-0.0050863284,
11918,3802.5209023952484,-0.040094595,
11919,3802.804894208908,-0.0,
11920,3803.0890803337097,-0.0036335352,
11921,3803.3738617897034,-0.01949576,
11922,3803.6580650806427,-0.011793705,
11923,3803.940989255905,-0.0,
11924,3804.225117444992,-0.009011064,
11925,3804.5049397945404,-0.0,
11926,3805.5405855178833,-0.009937678,
11927,3805.823818206787,-0.003757553,
11928,3806.107236146927,-0.0,
11929,3806.392002105713,-0.0043205847,
11930,3806.6771337985992,-0.0,
11931,3806.959858417511,-0.0,
11932,3807.2438929080963,-0.0,
11933,3807.526974916458,-0.0,
11934,3807.812971353531,-0.0048984718,
11935,3808.097227573395,-0.021056207,
11936,3808.3802995681763,-0.00081513403,
11937,3808.664561986923,-0.0,
11938,3808.949449777603,-0.0,
11939,3809.2349479198456,-0.0,
11940,3809.5177578926086,-0.0,
11941,3809.802614212036,-0.0055141184,
11942,3810.086431503296,-0.02363506,
11943,3810.3714957237244,-0.0,
11944,3810.656240463257,-0.00585347,
11945,3810.939004421234,-0.0016056477,
11946,3811.2237555980682,-0.0,
11947,3811.508448600769,-0.0,
11948,3811.7935779094696,-0.0,
11949,3812.0780556201935,-0.0,
11950,3812.3587760925293,-0.0,
11951,3813.5365042686462,-0.006167403,
11952,3813.817329645157,-0.0,
11953,3814.1010913848877,-0.0029937497,
11954,3814.3843700885773,-1.2633959e-07,
11955,3814.6686329841614,-0.0,
11956,3814.952600002289,-0.005183797,
11957,3815.2365262508392,-0.0,
11958,3815.520192861557,-0.0,
11959,3815.803987979889,-0.0,
11960,3816.0891768932343,-0.0,
11961,3816.3742327690125,-0.0,
11962,3816.6576380729675,-0.02499502,
11963,3816.9412620067596,-0.0,
11964,3817.2246005535126,-0.02009792,
11965,3817.509852170944,-0.0014462979,
11966,3817.794459104538,-0.012613138,
11967,3818.0782957077026,-0.0,
11968,3818.3628766536713,-0.014789104,
11969,3818.6469435691833,-0.023356153,
11970,3818.932206392288,-0.00029466333,
11971,3819.216611623764,-0.0,
11972,3819.5007147789,-0.0,
11973,3819.7847344875336,-0.0,
11974,3820.07004570961,-0.014832077,
11975,3820.3508331775665,-0.0,
11976,3821.3446204662323,-0.0,
11977,3821.6258776187897,-0.0,
11978,3821.908983707428,-0.0017286177,
11979,3822.19158911705,-0.02231499,
11980,3822.4734420776367,-0.0016002399,
11981,3822.7549040317535,-0.019016745,
11982,3823.038006067276,-0.0,
11983,3823.3202815055847,-0.020514479,
11984,3823.6025066375732,-2.0178499e-09,
11985,3823.8860247135162,-0.010718236,
11986,3824.169645547867,-0.0,
11987,3824.4508004188538,-0.009126506,
11988,3824.7328984737396,-0.0,
11989,3825.0152781009674,-0.0,
11990,3825.297984600067,-0.0,
11991,3825.5798835754395,-0.0,
11992,3825.8619475364685,-0.0,
11993,3826.1456487178802,-0.0067230393,
11994,3826.428975343704,-0.0005063862,
11995,3826.7119722366333,-1.8298799e-05,
11996,3826.9938752651215,-0.0316717,
11997,3827.277447938919,-0.0052151456,
11998,3827.560389518738,-0.0,
11999,3827.8441095352173,-0.0,
12000,3828.295587539673,-0.0,
12001,3829.3209404945374,-0.016132213,
12002,3829.604425430298,-0.0,
12003,3829.888825416565,-6.1321635e-11,
12004,3830.1724133491516,-0.009913935,
12005,3830.4566090106964,-0.0,
12006,3830.740373134613,-0.0,
12007,3831.0255811214447,-0.0087973755,
12008,3831.310010910034,-0.0,
12009,3831.593497276306,-0.0,
12010,3831.8767993450165,-0.045295928,
12011,3832.1616220474243,-0.0033313853,
12012,3832.446922302246,-0.032461908,
12013,3832.7310309410095,-0.0,
12014,3833.0158836841583,-0.0,
12015,3833.3000712394714,-0.025030162,
12016,3833.586040019989,-0.011456127,
12017,3833.8700144290924,-0.0,
12018,3834.153382062912,-0.022053912,
12019,3834.4372527599335,-0.0,
12020,3834.7214546203613,-0.0,
12021,3835.007077217102,-0.0,
12022,3835.291088104248,-0.018801635,
12023,3835.575690507889,-0.010877609,
12024,3835.8602063655853,-0.0,
12025,3836.141194820404,-0.026785484,
12026,3837.188948392868,-0.010868115,
12027,3837.4732942581177,-0.0057554264,
12028,3837.756315946579,-0.0,
12029,3838.041539669037,-0.0042545167,
12030,3838.3283019065857,-0.045545444,
12031,3838.613142967224,-0.0,
12032,3838.8986480236053,-0.0,
12033,3839.1862490177155,-0.0,
12034,3839.4696538448334,-0.021361124,
12035,3839.75394654274,-2.3003205e-08,
12036,3840.0377991199493,-0.0,
12037,3840.322961807251,-0.014680229,
12038,3840.60777759552,-0.0,
12039,3840.8918471336365,-0.015695892,
12040,3841.1755344867706,-0.027844246,
12041,3841.460310935974,-0.0,
12042,3841.744894504547,-0.0030889444,
12043,3842.0284905433655,-1.4448866e-05,
12044,3842.3117201328278,-0.0,
12045,3842.5959272384644,-0.00013756796,
12046,3842.8812398910522,-0.0,
12047,3843.165924549103,-0.0,
12048,3843.4495720863342,-0.010439829,
12049,3843.7340848445892,-0.008794295,
12050,3844.0152847766876,-0.0,
12051,3845.0660898685455,-0.017212834,
12052,3845.3473284244537,-0.034514528,
12053,3845.6318480968475,-0.005031267,
12054,3845.914890050888,-0.0137848845,
12055,3846.199197769165,-0.014983892,
12056,3846.484806060791,-0.0,
12057,3846.7703959941864,-0.008344377,
12058,3847.0575444698334,-0.0,
12059,3847.3444786071777,-0.0,
12060,3847.630451440811,-0.005683559,
12061,3847.915839910507,-0.034441363,
12062,3848.203532218933,-0.00038198818,
12063,3848.486881494522,-0.0,
12064,3848.7708201408386,-0.013909139,
12065,3849.054347038269,-4.6372902e-11,
12066,3849.338314294815,-0.013287836,
12067,3849.62255692482,-0.015607754,
12068,3849.905945301056,-0.0,
12069,3850.1897921562195,-0.016019557,
12070,3850.4750216007233,-0.0,
12071,3850.7596616744995,-0.0,
12072,3851.044050693512,-0.0074773533,
12073,3851.3269214630127,-0.029321566,
12074,3851.610193490982,-0.0,
12075,3851.889267683029,-0.016694218,
12076,3852.9541532993317,-0.0,
12077,3853.2380921840668,-0.004582314,
12078,3853.5216097831726,-0.0,
12079,3853.8043332099915,-0.00071858586,
12080,3854.088633775711,-0.0,
12081,3854.3718042373657,-0.017656002,
12082,3854.6562728881836,-0.020049928,
12083,3854.9429280757904,-0.000565968,
12084,3855.2256569862366,-0.0,
12085,3855.511260509491,-0.0,
12086,3855.7954761981964,-0.005184575,
12087,3856.081064939499,-0.006294673,
12088,3856.365798473358,-0.0040805866,
12089,3856.6503343582153,-0.018328818,
12090,3856.936149597168,-0.018043304,
12091,3857.2201657295227,-0.014744708,
12092,3857.504204750061,-0.0,
12093,3857.788354873657,-0.0,
12094,3858.0718121528625,-0.025005333,
12095,3858.356328725815,-0.0025442345,
12096,3858.6414341926575,-0.0,
12097,3858.9232766628265,-0.024791636,
12098,3859.2068660259247,-0.0,
12099,3859.493528366089,-0.0,
12100,3859.9465293884277,-0.005375013,
12101,3861.0997292995453,-0.0,
12102,3861.382978916168,-0.016141208,
12103,3861.6676864624023,-0.010451666,
12104,3861.952318906784,-0.0,
12105,3862.2383000850677,-0.0,
12106,3862.5209012031555,-0.0,
12107,3862.8028790950775,-0.014083943,
12108,3863.085884332657,-2.3457652e-08,
12109,3863.3685903549194,-0.0,
12110,3863.6540038585663,-0.022796882,
12111,3863.9378020763397,-0.0,
12112,3864.220245361328,-0.0,
12113,3864.502364873886,-0.009449674,
12114,3864.7854194641113,-0.0018226566,
12115,3865.067750930786,-0.0,
12116,3865.35107922554,-0.028723065,
12117,3865.635133266449,-0.0,
12118,3865.9179186820984,-0.0,
12119,3866.1996450424194,-0.008462882,
12120,3866.4812862873077,-0.0118332235,
12121,3866.7656269073486,-0.0,
12122,3867.047502756119,-0.0,
12123,3867.330906152725,-2.1382596e-07,
12124,3867.614499568939,-0.0010258204,
12125,3867.894326686859,-0.012364011,
12126,3868.893050670624,-0.0,
12127,3869.177124977112,-3.30112e-08,
12128,3869.460251569748,-0.0,
12129,3869.7438039779663,-0.0,
12130,3870.029531478882,-0.0,
12131,3870.315281867981,-3.0535133e-10,
12132,3870.5989508628845,-0.008756114,
12133,3870.8818576335907,-0.0015775908,
12134,3871.166365623474,-0.0,
12135,3871.4512276649475,-0.009528419,
12136,3871.735517024994,-0.0,
12137,3872.019476413727,-0.0,
12138,3872.3030681610107,-0.0,
12139,3872.5866606235504,-0.0,
12140,3872.8712198734283,-0.0,
12141,3873.156059026718,-0.01488388,
12142,3873.4384911060333,-0.0,
12143,3873.722322702408,-0.011348328,
12144,3874.0065591335297,-0.013647922,
12145,3874.291637659073,-0.0,
12146,3874.576687812805,-0.002121996,
12147,3874.86053276062,-0.0009190566,
12148,3875.1445360183716,-0.0,
12149,3875.4299404621124,-0.0034641863,
12150,3875.7109322547913,-0.0,
12151,3876.7959735393524,-0.0,
12152,3877.0766842365265,-0.0058724703,
12153,3877.3601965904236,-0.009573269,
12154,3877.644165277481,-0.005955904,
12155,3877.928748846054,-1.23214295e-05,
12156,3878.2140254974365,-0.0034452113,
12157,3878.4976954460144,-0.011087503,
12158,3878.781658411026,-0.0,
12159,3879.064759492874,-0.0,
12160,3879.349420785904,-0.0005167035,
12161,3879.633291244507,-0.010531135,
12162,3879.917231798172,-0.0,
12163,3880.200846195221,-0.0,
12164,3880.4850244522095,-0.0,
12165,3880.7703263759613,-1.7664516e-07,
12166,3881.055372238159,-0.007149913,
12167,3881.339126110077,-0.0,
12168,3881.623339176178,-0.040935565,
12169,3881.908171415329,-0.018415496,
12170,3882.1935534477234,-0.0072831386,
12171,3882.4765813350677,-0.0,
12172,3882.7611286640167,-0.0016300386,
12173,3883.04575920105,-0.0,
12174,3883.3314270973206,-0.0,
12175,3883.611508846283,-0.0,
12176,3884.635766506195,-0.0,
12177,3884.91801404953,-0.0,
12178,3885.2021145820618,-0.0036232497,
12179,3885.4881615638733,-0.0054272646,
12180,3885.773803949356,-0.011006074,
12181,3886.0619118213654,-0.010686487,
12182,3886.3463101387024,-0.0,
12183,3886.629061937332,-0.011065781,
12184,3886.912290096283,-0.0046552815,
12185,3887.1947252750397,-6.274499e-05,
12186,3887.478531599045,-0.014377123,
12187,3887.7610697746277,-0.0077348882,
12188,3888.0449845790863,-0.0022456064,
12189,3888.3282477855682,-0.012957938,
12190,3888.6121520996094,-3.710031e-09,
12191,3888.8942024707794,-0.0,
12192,3889.1782195568085,-0.0070406124,
12193,3889.4608952999115,-0.0,
12194,3889.7448058128357,-0.0,
12195,3890.0285952091217,-0.0,
12196,3890.311739206314,-0.0,
12197,3890.5942528247833,-0.0059762145,
12198,3890.8777318000793,-0.0,
12199,3891.1604356765747,-0.0,
12200,3891.6089866161346,-0.0039695976,
12201,3892.6687972545624,-0.0031155713,
12202,3892.9509994983673,-0.0005959216,
12203,3893.233538389206,-0.0,
12204,3893.51713347435,-0.0,
12205,3893.800382375717,-0.012134209,
12206,3894.0856289863586,-0.0056884824,
12207,3894.3702676296234,-0.0,
12208,3894.6528129577637,-0.0070181033,
12209,3894.9361412525177,-1.4978295e-06,
12210,3895.2201442718506,-0.0032862688,
12211,3895.504697561264,-0.009250598,
12212,3895.788355588913,-0.0,
12213,3896.071937084198,-0.0,
12214,3896.3564014434814,-0.024550917,
12215,3896.640647172928,-0.026180374,
12216,3896.9250223636627,-0.009278549,
12217,3897.20952129364,-0.0,
12218,3897.4922478199005,-0.006146261,
12219,3897.7770612239838,-0.0047760364,
12220,3898.062586069107,-0.007690736,
12221,3898.3474707603455,-0.0,
12222,3898.631332397461,-0.0,
12223,3898.9147267341614,-0.0054183286,
12224,3899.19837474823,-0.0,
12225,3899.4785935878754,-0.0020842492,
12226,3900.531895637512,-0.003081727,
12227,3900.8134911060333,-0.037397332,
12228,3901.0962903499603,-0.01581798,
12229,3901.378630399704,-0.0,
12230,3901.662698507309,-4.3357386e-06,
12231,3901.947360277176,-0.008808229,
12232,3902.22963142395,-0.05103996,
12233,3902.513633966446,-0.0045484207,
12234,3902.7968270778656,-0.0,
12235,3903.0812463760376,-0.003539616,
12236,3903.366228580475,-0.0119248405,
12237,3903.6493282318115,-9.001933e-08,
12238,3903.9317543506622,-0.011812912,
12239,3904.215073108673,-0.024145234,
12240,3904.498528957367,-0.0002637517,
12241,3904.7823700904846,-0.008847423,
12242,3905.0668852329254,-0.0,
12243,3905.350035905838,-0.0,
12244,3905.6339724063873,-0.013778103,
12245,3905.917238473892,-0.0,
12246,3906.202026128769,-0.04137194,
12247,3906.486586332321,-0.05836342,
12248,3906.7692408561707,-0.007864064,
12249,3907.052987098694,-0.004378482,
12250,3907.3326575756073,-0.0,
12251,3908.4559268951416,-0.01125663,
12252,3908.7413473129272,-0.010393526,
12253,3909.0263381004333,-0.0,
12254,3909.30766248703,-0.00704932,
12255,3909.5914928913116,-0.017631777,
12256,3909.8745851516724,-0.0057573705,
12257,3910.1591894626617,-0.007061238,
12258,3910.4432723522186,-0.022066616,
12259,3910.726499080658,-5.2639975e-06,
12260,3911.009855747223,-0.0,
12261,3911.293056488037,-0.018373467,
12262,3911.575804233551,-0.01400725,
12263,3911.8600718975067,-0.006109846,
12264,3912.146050930023,-0.0,
12265,3912.428321838379,-0.0,
12266,3912.7119019031525,-0.012175014,
12267,3912.995878458023,-0.0,
12268,3913.2804086208344,-0.008930199,
12269,3913.5652210712433,-2.7147837e-10,
12270,3913.8483970165253,-0.0,
12271,3914.1315438747406,-0.0,
12272,3914.4144270420074,-0.0026867967,
12273,3914.699015855789,-0.0,
12274,3914.984155893326,-0.0,
12275,3915.262439727783,-0.0,
12276,3916.3378822803497,-0.0036759784,
12277,3916.6190831661224,-0.0,
12278,3916.9029433727264,-0.00011983779,
12279,3917.1853902339935,-0.0,
12280,3917.46822142601,-0.0,
12281,3917.7516424655914,-0.0,
12282,3918.034428358078,-0.03287514,
12283,3918.3187634944916,-0.011901293,
12284,3918.6034231185913,-0.0,
12285,3918.8869087696075,-0.005789734,
12286,3919.1698842048645,-0.0,
12287,3919.45246219635,-0.008047095,
12288,3919.7369627952576,-0.0,
12289,3920.020989179611,-0.008532524,
12290,3920.304190635681,-0.061507817,
12291,3920.58749461174,-0.0,
12292,3920.871041059494,-0.008690403,
12293,3921.155168533325,-0.0,
12294,3921.4387373924255,-1.7141274e-05,
12295,3921.722825527191,-0.0033800954,
12296,3922.0056886672974,-0.0009460068,
12297,3922.2891550064087,-0.00023974378,
12298,3922.5731506347656,-5.2854834e-06,
12299,3922.857842206955,-0.0,
12300,3923.3070080280304,-0.0,
12301,3924.275188446045,-0.01060698,
12302,3924.5599625110626,-0.014526104,
12303,3924.8425874710083,-0.0,
12304,3925.1257088184357,-0.0,
12305,3925.409456729889,-0.0,
12306,3925.6936745643616,-0.010194623,
12307,3925.9782950878143,-0.0032742063,
12308,3926.2620198726654,-0.025399588,
12309,3926.54651761055,-0.059979264,
12310,3926.8306148052216,-0.0050611044,
12311,3927.115254878998,-0.0,
12312,3927.4002418518066,-0.0,
12313,3927.683620929718,-0.006706739,
12314,3927.968004465103,-7.665204e-11,
12315,3928.252835035324,-0.010705283,
12316,3928.5378391742706,-0.0,
12317,3928.821741580963,-0.0,
12318,3929.105210542679,-0.0,
12319,3929.3886449337006,-0.0,
12320,3929.673838376999,-0.0,
12321,3929.958840370178,-0.0,
12322,3930.2415528297424,-0.0,
12323,3930.5257647037506,-0.0,
12324,3930.8095366954803,-2.8112252e-06,
12325,3931.090600013733,-0.0,
12326,3932.1960051059723,-0.0,
12327,3932.4793713092804,-0.0016795279,
12328,3932.7631549835205,-0.0033288847,
12329,3933.0469675064087,-1.3965836e-06,
12330,3933.3307178020477,-0.0065759947,
12331,3933.615169763565,-0.0,
12332,3933.8989362716675,-0.0,
12333,3934.18128657341,-0.046579227,
12334,3934.4647817611694,-0.019587554,
12335,3934.748754262924,-0.02575068,
12336,3935.0335562229156,-0.0,
12337,3935.3175723552704,-0.0,
12338,3935.6003868579865,-0.029512111,
12339,3935.8842194080353,-0.0,
12340,3936.1674213409424,-0.049994733,
12341,3936.4515550136566,-0.010980297,
12342,3936.7362694740295,-0.033278372,
12343,3937.017926454544,-0.0,
12344,3937.301356077194,-0.04105226,
12345,3937.5855832099915,-0.0,
12346,3937.871762752533,-0.0009577237,
12347,3938.1566441059113,-0.0,
12348,3938.4399724006653,-1.5393761e-11,
12349,3938.7239594459534,-0.0,
12350,3939.0033457279205,-0.01787461,
12351,3939.994172334671,-0.0,
12352,3940.276332616806,-0.025137406,
12353,3940.5589616298676,-0.0,
12354,3940.842610359192,-0.01744622,
12355,3941.126918554306,-0.0,
12356,3941.411488056183,-0.017442437,
12357,3941.6957976818085,-0.0,
12358,3941.9789276123047,-0.041720957,
12359,3942.26348733902,-0.0033896817,
12360,3942.5477583408356,-0.020757081,
12361,3942.8324208259583,-0.0,
12362,3943.116527080536,-0.03447695,
12363,3943.400899410248,-0.006414529,
12364,3943.6849834918976,-0.0,
12365,3943.970068693161,-0.0037703773,
12366,3944.2551040649414,-0.0,
12367,3944.5392410755157,-0.030112464,
12368,3944.823073863983,-0.0,
12369,3945.1085488796234,-0.017501354,
12370,3945.394541978836,-0.012294425,
12371,3945.6781182289124,-0.0,
12372,3945.962872982025,-0.0,
12373,3946.2475764751434,-0.015671179,
12374,3946.5322291851044,-0.0,
12375,3946.8114297389984,-0.0,
12376,3947.8578004837036,-0.00054967584,
12377,3948.1405079364777,-0.0,
12378,3948.4241881370544,-0.0,
12379,3948.7086033821106,-0.003348139,
12380,3948.9935109615326,-0.0,
12381,3949.2771394252777,-0.012338567,
12382,3949.5616471767426,-0.0,
12383,3949.8459873199463,-0.019639652,
12384,3950.13032078743,-3.004266e-11,
12385,3950.4141070842743,-0.0,
12386,3950.6965618133545,-0.0,
12387,3950.980581998825,-0.0,
12388,3951.265492916107,-0.009786606,
12389,3951.551243543625,-0.013296928,
12390,3951.835018157959,-0.0,
12391,3952.119386911392,-0.0005296011,
12392,3952.403817176819,-0.016873617,
12393,3952.688928604126,-0.0,
12394,3952.9731273651123,-0.0,
12395,3953.25723528862,-0.0,
12396,3953.5409817695618,-0.0,
12397,3953.8264288902283,-0.0004759636,
12398,3954.1107094287872,-3.7400914e-05,
12399,3954.3945157527924,-0.0,
12400,3954.8444838523865,-0.0,
12401,3955.835451364517,-0.02369228,
12402,3956.118223428726,-0.028407896,
12403,3956.401300907135,-0.0,
12404,3956.6863782405853,-0.0,
12405,3956.9712903499603,-0.0,
12406,3957.254630088806,-0.0024954078,
12407,3957.5388305187225,-0.0,
12408,3957.823937892914,-1.7035327e-06,
12409,3958.109722852707,-0.0,
12410,3958.3926837444305,-3.1173973e-11,
12411,3958.676221370697,-0.0,
12412,3958.9600620269775,-0.0,
12413,3959.244993209839,-0.002613095,
12414,3959.5304322242737,-0.0,
12415,3959.8142125606537,-0.0,
12416,3960.098301410675,-0.0,
12417,3960.3824079036713,-0.016348537,
12418,3960.6671900749207,-0.0,
12419,3960.9511244297028,-0.0,
12420,3961.236088514328,-0.0,
12421,3961.521162033081,-0.018395219,
12422,3961.806615829468,-0.0,
12423,3962.090700864792,-0.0,
12424,3962.3762390613556,-0.013918781,
12425,3962.656661748886,-0.023469629,
12426,3963.839152097702,-9.7605826e-11,
12427,3964.1261529922485,-0.0,
12428,3964.4147007465363,-0.0066221715,
12429,3964.697727203369,-0.0,
12430,3964.9831717014313,-0.0,
12431,3965.2702996730804,-0.0,
12432,3965.5567893981934,-0.0010590411,
12433,3965.843410015106,-0.0,
12434,3966.127950668335,-0.022317871,
12435,3966.4114825725555,-0.0,
12436,3966.6965849399567,-0.015906224,
12437,3966.981274843216,-0.0,
12438,3967.2660579681396,-0.0,
12439,3967.5501646995544,-0.012718794,
12440,3967.8350324630737,-0.0,
12441,3968.118208169937,-0.015912643,
12442,3968.4031755924225,-0.0,
12443,3968.686995983124,-1.8467665e-07,
12444,3968.9716272354126,-0.027063081,
12445,3969.2579526901245,-0.0,
12446,3969.5447664260864,-0.0,
12447,3969.8292977809906,-0.0,
12448,3970.1135342121124,-6.065238e-05,
12449,3970.397852420807,-0.029433114,
12450,3970.6793007850647,-0.04777968,
12451,3971.746165752411,-4.442722e-05,
12452,3972.0283629894257,-0.0,
12453,3972.3120608329773,-0.0,
12454,3972.595664024353,-0.0,
12455,3972.879785299301,-0.0,
12456,3973.164292573929,-0.0,
12457,3973.447694301605,-0.0,
12458,3973.731700658798,-1.7569258e-07,
12459,3974.015317440033,-0.0,
12460,3974.3004229068756,-0.0,
12461,3974.5854732990265,-0.0,
12462,3974.8688476085663,-0.007342481,
12463,3975.1531162261963,-0.0,
12464,3975.4376213550568,-0.01512357,
12465,3975.7226269245148,-0.015092099,
12466,3976.0070831775665,-0.0014645036,
12467,3976.2912681102753,-1.1547887e-08,
12468,3976.5749423503876,-0.011250303,
12469,3976.8599121570587,-0.020839887,
12470,3977.1437492370605,-0.0,
12471,3977.426863193512,-0.018108431,
12472,3977.7112576961517,-0.0,
12473,3977.9947674274445,-0.0,
12474,3978.280067920685,-0.04040359,
12475,3978.5614264011383,-0.0,
12476,3979.581343650818,-0.041383818,
12477,3979.864678144455,-0.0,
12478,3980.147730588913,-0.0,
12479,3980.4318103790283,-0.0,
12480,3980.7157328128815,-0.0,
12481,3981.0001051425934,-0.007145586,
12482,3981.28413271904,-0.036348,
12483,3981.5678436756134,-0.0,
12484,3981.851955652237,-0.021126926,
12485,3982.13649892807,-0.0,
12486,3982.421122074127,-0.0008909386,
12487,3982.705307483673,-0.0,
12488,3982.989654302597,-0.013430584,
12489,3983.2735550403595,-0.0073541496,
12490,3983.5585854053497,-0.010762903,
12491,3983.843238592148,-0.0,
12492,3984.127104997635,-0.0,
12493,3984.4118003845215,-0.007976006,
12494,3984.6972482204437,-0.011517162,
12495,3984.982029914856,-0.007379508,
12496,3985.2648298740387,-0.021046862,
12497,3985.5493290424347,-0.0,
12498,3985.8360784053802,-2.13746e-10,
12499,3986.122966527939,-0.014390843,
12500,3986.572691679001,-0.011700417,
12501,3987.747726202011,-0.006772563,
12502,3988.029949903488,-0.0,
12503,3988.3141634464264,-0.0,
12504,3988.5984106063843,-0.0068170293,
12505,3988.8819246292114,-0.024507795,
12506,3989.1649808883667,-0.010582668,
12507,3989.4491291046143,-0.0033601327,
12508,3989.734094142914,-0.02360797,
12509,3990.0194017887115,-4.040641e-05,
12510,3990.3044390678406,-0.008786088,
12511,3990.588986635208,-0.001011462,
12512,3990.8741970062256,-3.9943225e-06,
12513,3991.1599175930023,-0.0052851746,
12514,3991.443161010742,-0.0014829297,
12515,3991.727124452591,-0.0,
12516,3992.0108802318573,-0.0,
12517,3992.2960908412933,-0.008665434,
12518,3992.5808687210083,-0.010054244,
12519,3992.864345550537,-0.0,
12520,3993.148121356964,-0.0,
12521,3993.4333374500275,-0.023865305,
12522,3993.717823266983,-0.0,
12523,3994.0017564296722,-0.0,
12524,3994.2863309383392,-0.0,
12525,3994.5664627552032,-0.01806021,
12526,3995.5571825504303,-0.019833552,
12527,3995.8385961055756,-0.038199827,
12528,3996.1216280460358,-0.0,
12529,3996.4055144786835,-0.0,
12530,3996.689207792282,-0.0,
12531,3996.974141359329,-0.002449115,
12532,3997.2586200237274,-0.0001763523,
12533,3997.5411286354065,-0.0,
12534,3997.8249201774597,-0.0,
12535,3998.1081771850586,-0.0,
12536,3998.392421722412,-0.0,
12537,3998.6776518821716,-0.013012505,
12538,3998.960616350174,-0.0,
12539,3999.2444138526917,-0.008392326,
12540,3999.528673887253,-0.0,
12541,3999.8136444091797,-0.0,
12542,4000.0981159210205,-0.0,
12543,4000.381505250931,-0.0,
12544,4000.665473461151,-0.04848638,
12545,4000.949609518051,-0.001130754,
12546,4001.2352380752563,-0.031183807,
12547,4001.519201517105,-0.0,
12548,4001.803927898407,-0.0020979433,
12549,4002.0881679058075,-0.0,
12550,4002.3702750205994,-0.0,
12551,4003.5773198604584,-0.0,
12552,4003.8594348430634,-0.0,
12553,4004.1433646678925,-0.0,
12554,4004.426787853241,-0.011362657,
12555,4004.7115094661713,-0.0002704433,
12556,4004.996940135956,-0.0,
12557,4005.2806339263916,-0.0,
12558,4005.5651984214783,-0.0,
12559,4005.8503124713898,-0.0,
12560,4006.1360404491425,-0.0,
12561,4006.4189462661743,-0.0,
12562,4006.7027127742767,-0.0,
12563,4006.986600637436,-0.0017767322,
12564,4007.2724328041077,-0.009813002,
12565,4007.556736946106,-0.009242777,
12566,4007.841650247574,-0.011633241,
12567,4008.128298997879,-0.0,
12568,4008.4158749580383,-0.0,
12569,4008.6997423171997,-0.019247405,
12570,4008.984140396118,-7.994206e-06,
12571,4009.2692387104034,-0.008824745,
12572,4009.5544719696045,-0.0,
12573,4009.8382551670074,-0.0033987658,
12574,4010.1231410503387,-0.0,
12575,4010.404929637909,-0.009166783,
12576,4011.4901797771454,-1.5267582e-11,
12577,4011.7733178138733,-0.0,
12578,4012.054299592972,-0.002719082,
12579,4012.3362147808075,-0.0112315435,
12580,4012.619616508484,-0.015679747,
12581,4012.902627468109,-0.0,
12582,4013.1866142749786,-0.0,
12583,4013.4703381061554,-0.006548142,
12584,4013.75390124321,-0.030767031,
12585,4014.0365030765533,-0.0,
12586,4014.319855928421,-0.0,
12587,4014.6030988693237,-0.004442369,
12588,4014.8874909877777,-0.014792812,
12589,4015.1714544296265,-1.360328e-05,
12590,4015.4543902873993,-0.0,
12591,4015.737982273102,-0.0,
12592,4016.0210382938385,-0.0,
12593,4016.3056569099426,-0.07327615,
12594,4016.589399576187,-0.0023813264,
12595,4016.8731327056885,-0.0,
12596,4017.1560728549957,-0.031144647,
12597,4017.4395258426666,-0.012670785,
12598,4017.7225749492645,-0.0,
12599,4018.006537914276,-0.0,
12600,4018.4549820423126,-0.0,
12601,4019.516621351242,-0.002947015,
12602,4019.798355817795,-0.0150754275,
12603,4020.0817000865936,-0.0,
12604,4020.3659496307373,-0.0,
12605,4020.651457309723,-0.011431275,
12606,4020.935597896576,-0.002650621,
12607,4021.2196419239044,-0.0,
12608,4021.5046815872192,-0.0061071087,
12609,4021.7899124622345,-0.0,
12610,4022.0735580921173,-0.0,
12611,4022.357562303543,-0.0,
12612,4022.6406769752502,-0.0,
12613,4022.925529718399,-0.0055571287,
12614,4023.2108747959137,-0.011872,
12615,4023.494868993759,-0.023793103,
12616,4023.779133081436,-0.0,
12617,4024.063823699951,-0.0018417899,
12618,4024.3491609096527,-0.015017176,
12619,4024.6328926086426,-0.006225233,
12620,4024.917195081711,-0.0,
12621,4025.200685739517,-0.0049449746,
12622,4025.4865078926086,-0.0,
12623,4025.771197795868,-0.0,
12624,4026.055480480194,-0.0,
12625,4026.3359689712524,-0.0047010942,
12626,4027.3456375598907,-0.0,
12627,4027.6320753097534,-0.027275734,
12628,4027.915222644806,-0.014307085,
12629,4028.202564239502,-0.0,
12630,4028.490653038025,-0.0,
12631,4028.776213169098,-0.0,
12632,4029.0631561279297,-0.0033270614,
12633,4029.350286960602,-0.013725026,
12634,4029.637305021286,-0.008252893,
12635,4029.9262676239014,-0.013465867,
12636,4030.2111434936523,-4.543036e-11,
12637,4030.4953010082245,-0.0058816494,
12638,4030.7798063755035,-0.0,
12639,4031.0653245449066,-1.5122232e-06,
12640,4031.349937438965,-0.0,
12641,4031.63485956192,-0.014930616,
12642,4031.920307636261,-0.0,
12643,4032.2052240371704,-0.020648792,
12644,4032.4895243644714,-0.0,
12645,4032.772691011429,-0.0,
12646,4033.057076692581,-0.0,
12647,4033.3426814079285,-0.021779962,
12648,4033.628234386444,-0.0,
12649,4033.9130716323853,-0.0134948995,
12650,4034.193252325058,-0.0,
12651,4035.214434146881,-0.025444677,
12652,4035.4950098991394,-0.0,
12653,4035.7768330574036,-0.0,
12654,4036.060571908951,-0.0030663437,
12655,4036.3449461460114,-0.0,
12656,4036.628192424774,-0.0071352245,
12657,4036.9113125801086,-0.002423022,
12658,4037.1945044994354,-0.0,
12659,4037.477433681488,-0.0,
12660,4037.761822462082,-0.021440487,
12661,4038.045788049698,-0.0,
12662,4038.328566789627,-0.0048451466,
12663,4038.611769914627,-0.0,
12664,4038.895152568817,-0.013159749,
12665,4039.1799700260162,-0.003116787,
12666,4039.4647464752197,-0.015447829,
12667,4039.7480375766754,-0.0,
12668,4040.0317447185516,-0.008378874,
12669,4040.3150277137756,-0.015864821,
12670,4040.5991172790527,-0.03950083,
12671,4040.8831326961517,-0.0,
12672,4041.1665201187134,-0.00024531136,
12673,4041.450464248657,-0.006844439,
12674,4041.733330011368,-0.0,
12675,4042.0135753154755,-0.0,
12676,4043.108278989792,-0.0,
12677,4043.3906741142273,-0.0,
12678,4043.6750721931458,-0.019058732,
12679,4043.9599940776825,-0.006924095,
12680,4044.245395421982,-0.022543095,
12681,4044.5299293994904,-0.04701208,
12682,4044.814113140106,-0.0,
12683,4045.0997166633606,-0.0097020725,
12684,4045.3844923973083,-0.0,
12685,4045.6690108776093,-0.025332026,
12686,4045.9535953998566,-0.009940968,
12687,4046.2398116588593,-0.008750248,
12688,4046.525752544403,-3.770531e-10,
12689,4046.8123972415924,-0.007905066,
12690,4047.0978968143463,-0.0,
12691,4047.383555173874,-0.035179075,
12692,4047.668205976486,-0.0,
12693,4047.9581015110016,-0.0,
12694,4048.246912240982,-0.0,
12695,4048.534348487854,-0.0,
12696,4048.8225479125977,-0.0044256593,
12697,4049.110132455826,-0.0,
12698,4049.3993258476257,-0.01369507,
12699,4049.6876027584076,-0.0,
12700,4050.1356723308563,-0.0,
12701,4051.251140832901,-0.0,
12702,4051.5340673923492,-0.0,
12703,4051.8181500434875,-0.0213089,
12704,4052.102574825287,-0.0,
12705,4052.3860359191895,-0.0,
12706,4052.669689655304,-0.0021550793,
12707,4052.953908920288,-0.0,
12708,4053.237573862076,-0.008298482,
12709,4053.521852016449,-0.0,
12710,4053.8051002025604,-0.024496518,
12711,4054.089016675949,-0.0,
12712,4054.3736896514893,-0.0,
12713,4054.6582894325256,-0.0,
12714,4054.942204475403,-0.006902647,
12715,4055.2266170978546,-2.669764e-09,
12716,4055.5100753307343,-0.013646081,
12717,4055.7949521541595,-0.0,
12718,4056.082367181778,-0.0,
12719,4056.3674669265747,-0.009718623,
12720,4056.651096343994,-0.0,
12721,4056.9361860752106,-0.0,
12722,4057.2204282283783,-0.002915829,
12723,4057.503769636154,-0.024558436,
12724,4057.786883354187,-1.565248e-11,
12725,4058.066253900528,-0.0,
12726,4059.110296010971,-1.0908472e-05,
12727,4059.394191265106,-0.0,
12728,4059.6780626773834,-0.0002481797,
12729,4059.9609310626984,-0.0074712224,
12730,4060.2444274425507,-0.021694014,
12731,4060.5283806324005,-0.0,
12732,4060.8136053085327,-1.8180584e-08,
12733,4061.098862886429,-0.0,
12734,4061.381875038147,-0.02182954,
12735,4061.66578745842,-0.011228152,
12736,4061.949720621109,-0.017729621,
12737,4062.2348182201385,-0.0,
12738,4062.518964290619,-0.0,
12739,4062.8010630607605,-0.03771183,
12740,4063.085438966751,-0.0027756558,
12741,4063.370018720627,-0.0,
12742,4063.65487575531,-0.0,
12743,4063.9387748241425,-0.011147435,
12744,4064.223270893097,-5.3436433e-10,
12745,4064.5068910121918,-0.0,
12746,4064.791336297989,-0.0,
12747,4065.0771293640137,-2.9568963e-07,
12748,4065.3601722717285,-0.0,
12749,4065.644343137741,-0.0,
12750,4065.924211025238,-0.0006767146,
12751,4067.0414967536926,-0.0,
12752,4067.324516773224,-0.003819653,
12753,4067.6084122657776,-0.013331763,
12754,4067.8933782577515,-0.0,
12755,4068.1774184703827,-0.00077062903,
12756,4068.459761619568,-0.023111403,
12757,4068.745169401169,-0.0,
12758,4069.029477596283,-0.0,
12759,4069.3138620853424,-0.021236828,
12760,4069.5977997779846,-0.0,
12761,4069.882453918457,-0.008737454,
12762,4070.16673207283,-0.0,
12763,4070.4522004127502,-0.014033284,
12764,4070.736759185791,-0.010646031,
12765,4071.020961999893,-0.0,
12766,4071.3048067092896,-0.010640181,
12767,4071.589630842209,-0.0054295757,
12768,4071.8749282360077,-0.0005111638,
12769,4072.15828537941,-0.0018356016,
12770,4072.442188024521,-0.007702793,
12771,4072.7268829345703,-0.0,
12772,4073.0120408535004,-0.0,
12773,4073.299502134323,-0.001204027,
12774,4073.5850718021393,-0.0,
12775,4073.8674659729004,-0.009640788,
12776,4075.0071382522583,-0.0,
12777,4075.2890746593475,-0.0,
12778,4075.572926044464,-0.024448259,
12779,4075.854640722275,-0.0063100522,
12780,4076.1365270614624,-0.0055254065,
12781,4076.4193534851074,-0.012234319,
12782,4076.7019078731537,-0.009145202,
12783,4076.983989238739,-0.0,
12784,4077.267992258072,-0.0,
12785,4077.552553653717,-0.007223222,
12786,4077.835151910782,-0.008418504,
12787,4078.1173796653748,-0.0,
12788,4078.400447845459,-0.0034646494,
12789,4078.6830463409424,-0.0,
12790,4078.9670894145966,-0.0,
12791,4079.2505078315735,-0.0040616123,
12792,4079.5338838100433,-0.0,
12793,4079.8157997131348,-0.00392048,
12794,4080.099088191986,-0.011516344,
12795,4080.3817932605743,-0.0,
12796,4080.6655230522156,-0.02237286,
12797,4080.948977470398,-0.0,
12798,4081.232667207718,-0.0,
12799,4081.5153484344482,-0.0,
12800,4081.9634714126587,-0.014156453,
12801,4082.98411488533,-0.014823591,
12802,4083.2652349472046,-0.0016506641,
12803,4083.548979282379,-0.036769748,
12804,4083.832135438919,-0.0,
12805,4084.114206314087,-0.013141978,
12806,4084.3978679180145,-0.0,
12807,4084.6815164089203,-0.0021100075,
12808,4084.966260433197,-0.0,
12809,4085.2505538463593,-0.0,
12810,4085.5341804027557,-0.0,
12811,4085.8181829452515,-0.022382693,
12812,4086.101726770401,-0.013455018,
12813,4086.386956691742,-0.0023872042,
12814,4086.6713066101074,-0.018179327,
12815,4086.9545800685883,-0.0,
12816,4087.2386751174927,-0.0,
12817,4087.522809743881,-0.0,
12818,4087.807741880417,-0.0,
12819,4088.091512441635,-0.0,
12820,4088.375207901001,-0.0,
12821,4088.659238576889,-0.0,
12822,4088.9439237117767,-0.024870815,
12823,4089.2287998199463,-0.00232564,
12824,4089.512080192566,-0.0,
12825,4089.792661190033,-5.792912e-06,
12826,4090.895627260208,-0.014405512,
12827,4091.1768679618835,-0.0028520513,
12828,4091.4600327014923,-0.013652512,
12829,4091.7450523376465,-0.0,
12830,4092.0290546417236,-0.03055217,
12831,4092.312806367874,-0.017281363,
12832,4092.596947669983,-0.015400911,
12833,4092.8810029029846,-0.0,
12834,4093.1661376953125,-0.0,
12835,4093.4501008987427,-0.0,
12836,4093.7346200942993,-0.0,
12837,4094.018402338028,-0.0027393957,
12838,4094.303408384323,-0.0,
12839,4094.5891995429993,-0.0,
12840,4094.8720786571503,-0.0,
12841,4095.1562054157257,-0.0,
12842,4095.44141292572,-0.0,
12843,4095.725566625595,-0.00529241,
12844,4096.009653568268,-0.016047487,
12845,4096.293203830719,-0.0,
12846,4096.577047109604,-0.0,
12847,4096.862520933151,-0.0077306977,
12848,4097.147603273392,-9.811427e-10,
12849,4097.430753231049,-0.0,
12850,4097.711790084839,-0.0,
12851,4098.877814769745,-0.014612239,
12852,4099.162194252014,-0.0,
12853,4099.447201013565,-0.012287175,
12854,4099.73050403595,-0.00028163468,
12855,4100.015375614166,-0.0,
12856,4100.300498723984,-0.0,
12857,4100.58536028862,-0.0,
12858,4100.868449687958,-0.0032486857,
12859,4101.152006864548,-0.0,
12860,4101.436106920242,-0.0,
12861,4101.720475435257,-0.0,
12862,4102.0055549144745,-0.013505206,
12863,4102.289684295654,-6.057381e-11,
12864,4102.574656009674,-0.0,
12865,4102.85968375206,-0.0,
12866,4103.145268201828,-0.0,
12867,4103.429102897644,-0.0,
12868,4103.713946580887,-0.0,
12869,4103.999086141586,-0.0029779726,
12870,4104.284512281418,-0.0022003425,
12871,4104.568314313889,-0.0,
12872,4104.852533578873,-0.004217133,
12873,4105.137462377548,-0.0011159908,
12874,4105.423243761063,-0.017152432,
12875,4105.70370554924,-0.0,
12876,4106.86964058876,-0.013357569,
12877,4107.152596712112,-0.0018313323,
12878,4107.436082601547,-0.022916712,
12879,4107.720022678375,-0.0,
12880,4108.003451347351,-0.014445537,
12881,4108.286335706711,-0.0,
12882,4108.567467689514,-1.2264324e-10,
12883,4108.85072350502,-0.0,
12884,4109.133586168289,-3.9323568e-05,
12885,4109.418288230896,-0.0,
12886,4109.702133655548,-0.0,
12887,4109.985078573227,-0.0,
12888,4110.268022298813,-0.0,
12889,4110.551625490189,-0.0,
12890,4110.835055589676,-0.013258244,
12891,4111.119928359985,-0.0,
12892,4111.403872728348,-0.0,
12893,4111.688813686371,-0.0,
12894,4111.973528385162,-0.0,
12895,4112.258023738861,-2.1667713e-06,
12896,4112.543160915375,-0.0,
12897,4112.825490951538,-0.0,
12898,4113.108906507492,-0.02680768,
12899,4113.391935586929,-0.03882816,
12900,4113.8398497104645,-0.011019506,
12901,4114.879003047943,-0.0,
12902,4115.160241603851,-0.0,
12903,4115.443625211716,-0.012289648,
12904,4115.727019309998,-0.0021660381,
12905,4116.010429859161,-0.006354472,
12906,4116.294038534164,-0.008536768,
12907,4116.579145908356,-0.0060823746,
12908,4116.86225104332,-0.00011608586,
12909,4117.146154165268,-0.0,
12910,4117.430560350418,-0.0,
12911,4117.714821338654,-0.0,
12912,4117.999755620956,-0.0,
12913,4118.2837870121,-7.864403e-05,
12914,4118.567554235458,-0.0026476951,
12915,4118.850796222687,-3.2368437e-06,
12916,4119.135851383209,-0.0,
12917,4119.42199420929,-0.0,
12918,4119.705103158951,-4.8655924e-09,
12919,4119.989696979523,-1.143729e-10,
12920,4120.274255037308,-0.041390494,
12921,4120.560107946396,-0.0,
12922,4120.844017267227,-0.0,
12923,4121.129414558411,-0.0065289265,
12924,4121.413779973984,-0.0022239527,
12925,4121.694646835327,-0.0038509937,
12926,4122.716927289963,-0.007629548,
12927,4122.999405860901,-0.0,
12928,4123.283927202225,-0.010629628,
12929,4123.569397211075,-0.0,
12930,4123.855062961578,-0.00010687461,
12931,4124.1394419670105,-0.0,
12932,4124.422302007675,-0.012538547,
12933,4124.708730459213,-0.014760984,
12934,4124.993939399719,-0.0056592664,
12935,4125.279240131378,-0.013293637,
12936,4125.564767122269,-0.026114004,
12937,4125.851259946823,-0.0,
12938,4126.137366294861,-6.5851435e-07,
12939,4126.422518491745,-0.00024565548,
12940,4126.706413030624,-0.0,
12941,4126.990650892258,-0.0,
12942,4127.2758049964905,-0.0,
12943,4127.559736251831,-0.023590771,
12944,4127.843770742416,-0.0014144392,
12945,4128.127531290054,-0.0,
12946,4128.412072658539,-0.0018862034,
12947,4128.697546482086,-0.0,
12948,4128.980877161026,-3.95153e-07,
12949,4129.264868974686,-0.0,
12950,4129.543964147568,-0.0150377,
12951,4130.629179477692,-0.016086344,
12952,4130.911319971085,-0.0014783221,
12953,4131.195528745651,-0.044235185,
12954,4131.479286432266,-0.019295001,
12955,4131.7632303237915,-0.0017611674,
12956,4132.046609163284,-4.8241617e-07,
12957,4132.331177473068,-0.0,
12958,4132.615638494492,-0.0,
12959,4132.8994245529175,-2.026701e-08,
12960,4133.183192253113,-7.8007983e-10,
12961,4133.467188119888,-0.0,
12962,4133.752453327179,-0.0,
12963,4134.036834478378,-0.00060826394,
12964,4134.3196058273315,-0.0,
12965,4134.604483366013,-0.0,
12966,4134.889489173889,-0.0,
12967,4135.175462722778,-0.0,
12968,4135.458282232285,-0.0,
12969,4135.742375135422,-0.0,
12970,4136.02627825737,-0.0,
12971,4136.3117554187775,-0.0,
12972,4136.59664940834,-0.0,
12973,4136.881973743439,-0.018873718,
12974,4137.16598033905,-0.0,
12975,4137.446651697159,-0.01617354,
12976,4138.581232309341,-9.4158866e-05,
12977,4138.862585067749,-0.0,
12978,4139.145377635956,-0.011669635,
12979,4139.429622173309,-0.0,
12980,4139.714362859726,-1.2820577e-08,
12981,4139.996945619583,-0.0,
12982,4140.280676603317,-0.016090488,
12983,4140.563987016678,-0.0013813335,
12984,4140.848282814026,-5.273261e-05,
12985,4141.132781267166,-0.0,
12986,4141.415306568146,-0.015568997,
12987,4141.698991775513,-0.0,
12988,4141.982843399048,-0.0,
12989,4142.269309043884,-0.009751363,
12990,4142.555321455002,-0.0,
12991,4142.841843128204,-0.01018026,
12992,4143.129381895065,-0.0,
12993,4143.415011644363,-0.0,
12994,4143.698397636414,-0.0,
12995,4143.982137441635,-0.0,
12996,4144.266689777374,-0.0,
12997,4144.550928592682,-0.02150765,
12998,4144.835271596909,-0.017177433,
12999,4145.118923664093,-0.0040146536,
13000,4145.5686593055725,-0.0,
13001,4146.575031518936,-0.016291678,
13002,4146.857233762741,-0.0,
13003,4147.14178276062,-0.012141573,
13004,4147.426806688309,-0.0,
13005,4147.712158918381,-0.0,
13006,4147.996330022812,-0.004002111,
13007,4148.280601501465,-0.0,
13008,4148.565844297409,-0.0048183147,
13009,4148.850871086121,-0.014501644,
13010,4149.134349346161,-3.066082e-11,
13011,4149.418640375137,-0.0,
13012,4149.703854560852,-0.0,
13013,4149.990324258804,-0.0,
13014,4150.274233341217,-0.0,
13015,4150.559096813202,-0.0,
13016,4150.844027996063,-0.015112195,
13017,4151.1297442913055,-0.0,
13018,4151.413713693619,-0.0021897198,
13019,4151.698301792145,-0.0,
13020,4151.983420133591,-0.010925808,
13021,4152.269246578217,-0.0,
13022,4152.5528819561005,-0.0,
13023,4152.837350606918,-0.006129845,
13024,4153.12239074707,-0.002658438,
13025,4153.403588294983,-0.0,
13026,4154.406491756439,-0.0,
13027,4154.689087152481,-0.0,
13028,4154.972397565842,-0.0,
13029,4155.25644826889,-0.00647889,
13030,4155.540453910828,-0.025578262,
13031,4155.826656579971,-0.0,
13032,4156.11070561409,-0.0,
13033,4156.394501209259,-0.011544417,
13034,4156.678965091705,-0.017265378,
13035,4156.964062213898,-0.03331167,
13036,4157.248382806778,-0.0,
13037,4157.532272577286,-0.0,
13038,4157.8175501823425,-0.0,
13039,4158.101155996323,-0.0,
13040,4158.386701107025,-0.027489137,
13041,4158.671634674072,-0.013502087,
13042,4158.956836462021,-0.013314714,
13043,4159.241810321808,-0.004850568,
13044,4159.527689218521,-0.0,
13045,4159.812481164932,-0.0022824057,
13046,4160.097385644913,-0.0,
13047,4160.384063720703,-0.0,
13048,4160.672297954559,-0.012138072,
13049,4160.957251787186,-0.0,
13050,4161.238841056824,-0.032655902,
13051,4162.3641266822815,-0.015580046,
13052,4162.646127939224,-3.0915237e-10,
13053,4162.929555416107,-0.031624142,
13054,4163.212687253952,-0.021558011,
13055,4163.496059179306,-0.0,
13056,4163.779854774475,-4.6297015e-09,
13057,4164.064311504364,-0.0,
13058,4164.346576690674,-0.014494358,
13059,4164.6290946006775,-0.012259158,
13060,4164.913287162781,-0.0030825126,
13061,4165.196598291397,-0.0,
13062,4165.481153488159,-0.0001223347,
13063,4165.7663497924805,-0.0,
13064,4166.049333333969,-0.0,
13065,4166.333393335342,-0.0,
13066,4166.617067813873,-0.018746627,
13067,4166.9018297195435,-0.0,
13068,4167.186340093613,-0.0,
13069,4167.469509601593,-0.011544578,
13070,4167.753663063049,-0.0,
13071,4168.037122249603,-0.0,
13072,4168.321663141251,-0.0,
13073,4168.606668949127,-0.0043104724,
13074,4168.890020132065,-0.0031982213,
13075,4169.170075416565,-0.0,
13076,4170.218226671219,-0.002141412,
13077,4170.500649213791,-0.0,
13078,4170.785139799118,-0.01181223,
13079,4171.0686202049255,-0.0,
13080,4171.352915048599,-0.0,
13081,4171.638164997101,-0.0,
13082,4171.922514200211,-0.0,
13083,4172.206715583801,-0.0,
13084,4172.491528511047,-7.034408e-08,
13085,4172.776105642319,-0.0,
13086,4173.060555458069,-0.0,
13087,4173.3452088832855,-6.9614034e-06,
13088,4173.630050897598,-0.0057222373,
13089,4173.913724184036,-0.0,
13090,4174.199572563171,-0.0,
13091,4174.48451757431,-3.1030094e-08,
13092,4174.768032312393,-0.01317288,
13093,4175.052647590637,-0.0015960571,
13094,4175.337466955185,-0.0,
13095,4175.622798442841,-0.0,
13096,4175.906311988831,-0.0,
13097,4176.1910881996155,-2.3597364e-08,
13098,4176.4749937057495,-0.0,
13099,4176.7603640556335,-0.002692149,
13100,4177.208203792572,-0.047664963,
13101,4178.272019863129,-0.0,
13102,4178.555500745773,-0.0,
13103,4178.839515686035,-0.0,
13104,4179.123812198639,-2.6361076e-05,
13105,4179.407044172287,-0.0,
13106,4179.691190004349,-0.0,
13107,4179.976198911667,-0.0,
13108,4180.261735916138,-0.0,
13109,4180.544242858887,-0.043906093,
13110,4180.828057050705,-0.0013994897,
13111,4181.112118005753,-0.0,
13112,4181.398269176483,-0.0,
13113,4181.682431459427,-0.0,
13114,4181.966349840164,-0.007771595,
13115,4182.252232313156,-0.0,
13116,4182.539873123169,-0.0,
13117,4182.826480150223,-0.0116848415,
13118,4183.110495328903,-0.011316714,
13119,4183.396015405655,-0.0,
13120,4183.681203365326,-0.065861955,
13121,4183.964788198471,-0.01717427,
13122,4184.249662876129,-0.005646745,
13123,4184.534517765045,-0.009940293,
13124,4184.820851564407,-0.0,
13125,4185.100785732269,-0.0013096046,
13126,4186.176526546478,-0.03850837,
13127,4186.461312294006,-0.0,
13128,4186.747376441956,-0.011186803,
13129,4187.034775972366,-0.0,
13130,4187.323874473572,-0.006067258,
13131,4187.609334230423,-2.9939312e-07,
13132,4187.895646810532,-9.2335933e-10,
13133,4188.180970191956,-0.0033943215,
13134,4188.46689581871,-0.0,
13135,4188.752064943314,-0.050894286,
13136,4189.038622379303,-0.0,
13137,4189.325120449066,-0.030896211,
13138,4189.6084151268005,-0.0,
13139,4189.892972707748,-0.00017061572,
13140,4190.178836345673,-0.0,
13141,4190.461813211441,-0.011237733,
13142,4190.7459025383,-0.0,
13143,4191.029178619385,-0.013080944,
13144,4191.314332962036,-0.0057781124,
13145,4191.5997722148895,-0.0,
13146,4191.8841717243195,-0.010784152,
13147,4192.168317556381,-0.011471361,
13148,4192.452993392944,-0.0,
13149,4192.737994432449,-0.0,
13150,4193.015702009201,-0.0,
13151,4194.070371627808,-0.009403052,
13152,4194.35502076149,-0.0,
13153,4194.638510227203,-0.011396173,
13154,4194.922587156296,-0.007056524,
13155,4195.205849170685,-0.014981795,
13156,4195.490735769272,-0.0,
13157,4195.775819063187,-0.0,
13158,4196.059264421463,-0.0,
13159,4196.343685865402,-0.0,
13160,4196.627526521683,-0.0,
13161,4196.912485837936,-0.0,
13162,4197.197275400162,-0.0,
13163,4197.47922372818,-0.0052101705,
13164,4197.763430356979,-2.5055424e-05,
13165,4198.047379493713,-0.0,
13166,4198.332506418228,-0.0,
13167,4198.616895198822,-0.022591498,
13168,4198.900539159775,-0.0,
13169,4199.184727907181,-0.0,
13170,4199.470433712006,-0.006880223,
13171,4199.755977392197,-0.0,
13172,4200.039388656616,-0.0,
13173,4200.324167728424,-0.0,
13174,4200.608973741531,-0.0,
13175,4200.890583992004,-0.0,
13176,4201.906656742096,-0.005369682,
13177,4202.1885731220245,-0.0,
13178,4202.473031997681,-0.0,
13179,4202.756794214249,-0.0,
13180,4203.040026426315,-0.0,
13181,4203.323835134506,-0.0017409484,
13182,4203.6075875759125,-0.0,
13183,4203.892425537109,-0.0019889453,
13184,4204.1760597229,-0.023057925,
13185,4204.459591388702,-0.0,
13186,4204.74334359169,-0.0,
13187,4205.0280730724335,-5.827745e-05,
13188,4205.31282043457,-3.9685126e-09,
13189,4205.5952343940735,-0.0003994792,
13190,4205.87882566452,-0.0,
13191,4206.162820100784,-0.0,
13192,4206.447632312775,-0.0,
13193,4206.732888460159,-0.0,
13194,4207.020136117935,-0.0,
13195,4207.304044723511,-0.0,
13196,4207.588845014572,-0.0,
13197,4207.874060630798,-0.0,
13198,4208.158515453339,-0.0,
13199,4208.443289756775,-0.0,
13200,4208.898308515549,-0.0,
13201,4209.9304456710815,-0.0,
13202,4210.212038516998,-0.0,
13203,4210.493889808655,-0.0049680355,
13204,4210.776349544525,-0.01851894,
13205,4211.059461116791,-0.0,
13206,4211.341865062714,-3.680038e-07,
13207,4211.625931978226,-0.011552013,
13208,4211.908739566803,-0.018563297,
13209,4212.191298246384,-0.0,
13210,4212.473835706711,-0.0,
13211,4212.757044792175,-2.8688612e-05,
13212,4213.039979219437,-0.0,
13213,4213.323044538498,-0.0,
13214,4213.608074903488,-0.017977264,
13215,4213.891614437103,-0.0031472086,
13216,4214.173959970474,-0.0,
13217,4214.457703590393,-0.0021373034,
13218,4214.7410044670105,-0.013047987,
13219,4215.025296211243,-0.0061470256,
13220,4215.309289216995,-0.02858944,
13221,4215.5923438072205,-0.02341504,
13222,4215.876057386398,-0.0,
13223,4216.159102201462,-0.0,
13224,4216.442476272583,-0.001121512,
13225,4216.721944332123,-0.0,
13226,4217.840978145599,-0.014233751,
13227,4218.123824357986,-0.0,
13228,4218.406612634659,-0.0,
13229,4218.690052032471,-0.007635379,
13230,4218.972406864166,-0.0,
13231,4219.256052732468,-0.0,
13232,4219.538599252701,-0.0,
13233,4219.821568489075,-0.0,
13234,4220.105900526047,-0.0,
13235,4220.3895654678345,-0.017133068,
13236,4220.672069072723,-0.0,
13237,4220.954402446747,-0.0,
13238,4221.237333536148,-0.0,
13239,4221.520497560501,-0.026391407,
13240,4221.80450963974,-0.018907813,
13241,4222.089001655579,-0.016137546,
13242,4222.371656656265,-0.0,
13243,4222.6549599170685,-0.013088707,
13244,4222.937627077103,-0.0,
13245,4223.222060441971,-0.0,
13246,4223.507102966309,-9.0236244e-07,
13247,4223.790035486221,-0.0,
13248,4224.073563814163,-0.014973167,
13249,4224.357046842575,-0.0,
13250,4224.637501478195,-0.0,
13251,4225.730300188065,-0.0,
13252,4226.012775659561,-0.0,
13253,4226.295857906342,-0.025914948,
13254,4226.580356121063,-0.0426965,
13255,4226.868041276932,-0.0,
13256,4227.1510055065155,-0.0,
13257,4227.434804677963,-0.010459658,
13258,4227.719225168228,-0.0050920295,
13259,4228.004946708679,-0.0,
13260,4228.2912611961365,-2.0022765e-07,
13261,4228.575540065765,-0.0113957245,
13262,4228.861508131027,-0.0,
13263,4229.145786046982,-0.0015389177,
13264,4229.432624101639,-0.018983807,
13265,4229.715400218964,-0.013824504,
13266,4229.999577760696,-0.0034817662,
13267,4230.284034013748,-0.0,
13268,4230.567310094833,-0.0,
13269,4230.850776672363,-0.0,
13270,4231.13435459137,-0.019044332,
13271,4231.417711019516,-0.0,
13272,4231.702301979065,-0.0,
13273,4231.98644900322,-0.004689839,
13274,4232.2702469825745,-0.0,
13275,4232.549721240997,-0.0,
13276,4233.729579925537,-0.022822967,
13277,4234.011081457138,-0.0,
13278,4234.293875455856,-0.0116446335,
13279,4234.577499628067,-0.0034666199,
13280,4234.861560821533,-0.03686077,
13281,4235.1452741622925,-0.0,
13282,4235.426242589951,-0.0,
13283,4235.709135770798,-0.0,
13284,4235.992614030838,-0.0,
13285,4236.276471614838,-0.0,
13286,4236.560824632645,-2.789803e-08,
13287,4236.844691753387,-0.0,
13288,4237.127549648285,-0.0,
13289,4237.411307096481,-0.0,
13290,4237.694492340088,-0.0131696,
13291,4237.978670835495,-0.0,
13292,4238.2639265060425,-0.0,
13293,4238.546305656433,-0.0,
13294,4238.830243110657,-0.0,
13295,4239.113042593002,-0.012427107,
13296,4239.397584438324,-0.0,
13297,4239.682051897049,-0.0,
13298,4239.965260744095,-0.0009289566,
13299,4240.248425245285,-0.010194103,
13300,4240.698057889938,-0.0074111056,
13301,4241.7362270355225,-0.0058366493,
13302,4242.021021127701,-0.0,
13303,4242.304446220398,-0.0026477748,
13304,4242.588171958923,-0.0,
13305,4242.872137308121,-0.01185398,
13306,4243.156492471695,-0.0,
13307,4243.441523313522,-0.0049419613,
13308,4243.7245054244995,-0.018619517,
13309,4244.0086488723755,-0.010605562,
13310,4244.291973829269,-0.0,
13311,4244.576565504074,-0.0,
13312,4244.861289739609,-0.0,
13313,4245.145092010498,-0.0028336633,
13314,4245.428830623627,-0.0,
13315,4245.7121160030365,-0.0,
13316,4245.9970190525055,-0.01951576,
13317,4246.281978130341,-0.0,
13318,4246.5643446445465,-0.0,
13319,4246.848379611969,-0.01263702,
13320,4247.131871461868,-0.0,
13321,4247.416418790817,-0.0016357834,
13322,4247.701157569885,-0.0005968695,
13323,4247.983684539795,-0.018843818,
13324,4248.267737865448,-0.01096649,
13325,4248.547002315521,-0.0,
13326,4249.523428678513,-0.0,
13327,4249.805387020111,-0.0005745336,
13328,4250.089205741882,-0.0,
13329,4250.371890544891,-0.0,
13330,4250.654520511627,-0.040628728,
13331,4250.938034296036,-2.5645242e-05,
13332,4251.22077870369,-0.0,
13333,4251.502439022064,-0.0,
13334,4251.785254955292,-0.0,
13335,4252.067674636841,-0.0,
13336,4252.349574327469,-1.6414562e-06,
13337,4252.63364481926,-0.0,
13338,4252.917210817337,-0.007355194,
13339,4253.1998200416565,-0.0,
13340,4253.481845140457,-0.0,
13341,4253.7651081085205,-0.01883885,
13342,4254.047817707062,-0.0059380033,
13343,4254.330059528351,-0.0,
13344,4254.613584280014,-0.008205668,
13345,4254.8972408771515,-0.0,
13346,4255.179641485214,-0.005321513,
13347,4255.461609125137,-0.00030060156,
13348,4255.743904590607,-0.0,
13349,4256.026411056519,-0.021101011,
13350,4256.304537534714,-0.0019325553,
13351,4257.394545555115,-0.0,
13352,4257.678337574005,-0.018804103,
13353,4257.958565950394,-0.0,
13354,4258.240362167358,-0.0,
13355,4258.5233471393585,-0.0,
13356,4258.806141614914,-0.0,
13357,4259.08899641037,-0.027408227,
13358,4259.373064041138,-0.01132785,
13359,4259.656445026398,-0.0,
13360,4259.942045211792,-0.0,
13361,4260.225268363953,-1.2315003e-10,
13362,4260.507520198822,-0.0,
13363,4260.791485071182,-0.0,
13364,4261.075252771378,-0.0,
13365,4261.358081102371,-0.0,
13366,4261.640611410141,-0.0035618364,
13367,4261.9232296943665,-0.0,
13368,4262.205454826355,-0.00065115106,
13369,4262.488913059235,-0.0,
13370,4262.772673606873,-0.0,
13371,4263.056084394455,-0.001747573,
13372,4263.338090181351,-0.0,
13373,4263.620422840118,-0.006484428,
13374,4263.903441667557,-0.0,
13375,4264.18147611618,-0.0,
13376,4265.258991956711,-0.0,
13377,4265.541942834854,-0.0040367544,
13378,4265.826445579529,-0.0,
13379,4266.1114366054535,-0.0,
13380,4266.395105838776,-0.009850985,
13381,4266.677683830261,-0.0,
13382,4266.961576223373,-0.0,
13383,4267.244460821152,-0.0,
13384,4267.528770208359,-0.0,
13385,4267.8129529953,-0.0,
13386,4268.09611415863,-0.0,
13387,4268.379877328873,-5.0342372e-08,
13388,4268.6629230976105,-0.0,
13389,4268.946826696396,-0.0,
13390,4269.231469154358,-0.0021946966,
13391,4269.514864444733,-0.0,
13392,4269.797238349915,-0.0,
13393,4270.080926418304,-0.0,
13394,4270.365698099136,-0.016736932,
13395,4270.652708530426,-0.0,
13396,4270.935731887817,-0.0,
13397,4271.221544981003,-0.0,
13398,4271.506561994553,-0.0020909791,
13399,4271.793740510941,-0.0,
13400,4272.247976303101,-1.34688385e-08,
13401,4273.3842689991,-0.0,
13402,4273.6672348976135,-1.272418e-09,
13403,4273.95192527771,-0.0,
13404,4274.234425544739,-0.0,
13405,4274.516743659973,-0.011258514,
13406,4274.799152851105,-0.004462753,
13407,4275.08228635788,-0.0,
13408,4275.365925312042,-3.0169578e-05,
13409,4275.649445295334,-0.0011414331,
13410,4275.9327890872955,-0.0,
13411,4276.215437173843,-0.0,
13412,4276.499194383621,-0.0,
13413,4276.7813901901245,-0.0,
13414,4277.065380096436,-0.0042972835,
13415,4277.349659204483,-0.0,
13416,4277.634270429611,-0.011197708,
13417,4277.917944908142,-0.0,
13418,4278.200433015823,-0.0,
13419,4278.484432458878,-0.0,
13420,4278.768489360809,-0.012452408,
13421,4279.051945924759,-0.0,
13422,4279.334040641785,-0.0034962299,
13423,4279.617706537247,-0.0,
13424,4279.900665998459,-0.0,
13425,4280.180813789368,-0.0,
13426,4281.288334608078,-0.0,
13427,4281.570177078247,-0.0121679,
13428,4281.852370262146,-0.0,
13429,4282.135698318481,-0.0,
13430,4282.418657302856,-0.025467746,
13431,4282.7016518116,-0.0,
13432,4282.985755443573,-0.0,
13433,4283.2698476314545,-0.0,
13434,4283.552700281143,-0.0,
13435,4283.836420536041,-0.0,
13436,4284.1197600364685,-0.0,
13437,4284.404335260391,-0.0,
13438,4284.689564228058,-0.008029582,
13439,4284.972031831741,-0.0,
13440,4285.255803108215,-0.011143375,
13441,4285.539096593857,-0.0,
13442,4285.823315620422,-0.0,
13443,4286.107464313507,-0.0,
13444,4286.390995264053,-0.0,
13445,4286.678170204163,-0.0053114486,
13446,4286.963415145874,-0.0,
13447,4287.247788190842,-0.0,
13448,4287.5309937000275,-0.01212981,
13449,4287.817148208618,-0.0,
13450,4288.099945306778,-0.0,
13451,4289.165386676788,-0.0,
13452,4289.447080373764,-0.0,
13453,4289.729079008102,-0.0,
13454,4290.012003660202,-0.0,
13455,4290.295676231384,-0.0051093893,
13456,4290.578888177872,-0.0,
13457,4290.863167047501,-0.0034181336,
13458,4291.14671254158,-0.0,
13459,4291.42947936058,-0.0,
13460,4291.713582515717,-0.005825894,
13461,4291.99613070488,-0.0,
13462,4292.280122280121,-0.0,
13463,4292.564868450165,-0.0,
13464,4292.84850859642,-0.0014373309,
13465,4293.131155729294,-0.0,
13466,4293.414859056473,-0.0,
13467,4293.697473287582,-0.0,
13468,4293.981885910034,-0.024580734,
13469,4294.267207860947,-0.010558743,
13470,4294.548975467682,-1.1511578e-09,
13471,4294.831879854202,-0.016494714,
13472,4295.114963769913,-0.0,
13473,4295.3995406627655,-0.0,
13474,4295.684181213379,-0.0,
13475,4295.964067697525,-0.0,
13476,4296.917815208435,-0.0,
13477,4297.201417922974,-0.0,
13478,4297.485840797424,-0.0,
13479,4297.768251419067,-0.0,
13480,4298.0525069236755,-0.0,
13481,4298.335450172424,-0.0,
13482,4298.619843006134,-0.012202222,
13483,4298.905226945877,-0.0,
13484,4299.187714576721,-0.0,
13485,4299.471707105637,-0.0,
13486,4299.754972219467,-0.008391845,
13487,4300.0387716293335,-0.0,
13488,4300.323223114014,-0.0,
13489,4300.607035398483,-0.0,
13490,4300.890861034393,-0.0,
13491,4301.174453496933,-0.0,
13492,4301.459128379822,-0.0,
13493,4301.7472858428955,-0.0,
13494,4302.03135228157,-0.0,
13495,4302.3152577877045,-0.010085432,
13496,4302.60019993782,-0.0,
13497,4302.884337186813,-0.0,
13498,4303.166734695435,-0.0,
13499,4303.452341794968,-0.0,
13500,4303.901647806168,-0.0,
13501,4304.928874492645,-1.6057284e-11,
13502,4305.209654808044,-0.006319118,
13503,4305.491683483124,-0.0,
13504,4305.773961782455,-0.0,
13505,4306.057510137558,-0.014158897,
13506,4306.340742349625,-0.0,
13507,4306.623378038406,-7.176684e-09,
13508,4306.904583692551,-1.3220064e-06,
13509,4307.187527894974,-0.0,
13510,4307.470387935638,-0.0,
13511,4307.752919912338,-0.0,
13512,4308.0364327430725,-0.0060057766,
13513,4308.319100618362,-0.0,
13514,4308.602542877197,-0.0,
13515,4308.884432077408,-0.0,
13516,4309.166363954544,-0.0,
13517,4309.448634386063,-0.0,
13518,4309.73095202446,-0.0,
13519,4310.014881134033,-0.0,
13520,4310.298684835434,-0.0,
13521,4310.581640481949,-0.017018035,
13522,4310.863618135452,-0.0,
13523,4311.147017478943,-0.0001241625,
13524,4311.4296226501465,-0.0,
13525,4311.707874298096,-0.0025273082,
13526,4312.854100227356,-0.011420572,
13527,4313.135700464249,-0.0,
13528,4313.419284820557,-0.0,
13529,4313.70240855217,-0.0,
13530,4313.985734939575,-0.0020326595,
13531,4314.2690308094025,-0.0,
13532,4314.552937984467,-0.0,
13533,4314.837505817413,-0.0,
13534,4315.1205723285675,-0.0,
13535,4315.40341091156,-0.0133899255,
13536,4315.6875104904175,-0.015601713,
13537,4315.970776796341,-0.0,
13538,4316.255738019943,-0.0,
13539,4316.540235757828,-0.0,
13540,4316.822961807251,-0.0151888495,
13541,4317.106593847275,-0.016129654,
13542,4317.389985322952,-0.019830348,
13543,4317.675365924835,-0.0019744881,
13544,4317.959693431854,-0.0,
13545,4318.242701292038,-0.0,
13546,4318.527426242828,-0.035076663,
13547,4318.811218261719,-0.0,
13548,4319.095553398132,-0.0,
13549,4319.379815578461,-5.727508e-09,
13550,4319.65793800354,-0.019329632,
13551,4320.717525959015,-0.0026627686,
13552,4320.999820947647,-0.0,
13553,4321.283054590225,-0.004951696,
13554,4321.567175865173,-0.012261544,
13555,4321.851113319397,-0.0,
13556,4322.1356410980225,-0.0,
13557,4322.419277906418,-0.0,
13558,4322.70251250267,-0.0015825224,
13559,4322.986204624176,-0.010815177,
13560,4323.270401000977,-0.020506615,
13561,4323.555150270462,-0.0,
13562,4323.839554548264,-0.0019212418,
13563,4324.1238713264465,-0.0,
13564,4324.407241106033,-0.0,
13565,4324.691904306412,-0.0,
13566,4324.97642159462,-0.0134925665,
13567,4325.259056806564,-0.0,
13568,4325.543202638626,-0.014448399,
13569,4325.827872991562,-0.012752064,
13570,4326.112576246262,-0.0053687706,
13571,4326.397310733795,-0.0,
13572,4326.680695056915,-0.0,
13573,4326.964107990265,-0.0,
13574,4327.2494032382965,-0.0138542475,
13575,4327.530692577362,-2.9217613e-08,
13576,4328.600327253342,-0.0,
13577,4328.8837196826935,-0.0068918047,
13578,4329.1674382686615,-0.053014882,
13579,4329.451305389404,-0.0,
13580,4329.734560966492,-0.0,
13581,4330.017118692398,-0.014566881,
13582,4330.299723625183,-0.0009037848,
13583,4330.583548784256,-0.0,
13584,4330.865582942963,-0.0,
13585,4331.149878501892,-0.000594351,
13586,4331.4334354400635,-0.0,
13587,4331.716710329056,-0.00298591,
13588,4331.999726057053,-0.0,
13589,4332.283301591873,-0.0,
13590,4332.565717935562,-0.022331335,
13591,4332.849579334259,-0.0073696384,
13592,4333.1327884197235,-0.0,
13593,4333.415105819702,-0.0,
13594,4333.698389530182,-0.005916109,
13595,4333.981096744537,-0.00020467755,
13596,4334.264028310776,-0.0,
13597,4334.5481605529785,-0.0,
13598,4334.831367492676,-1.7486493e-05,
13599,4335.1148846149445,-3.1650518e-07,
13600,4335.5651614665985,-5.477447e-05,
13601,4336.608331203461,-0.0,
13602,4336.890284776688,-0.0043802704,
13603,4337.174360752106,-0.02110336,
13604,4337.457715988159,-0.0,
13605,4337.741892814636,-0.0,
13606,4338.026988267899,-0.0,
13607,4338.311295747757,-0.0,
13608,4338.595426797867,-0.0,
13609,4338.880076408386,-0.0,
13610,4339.163781642914,-0.014074899,
13611,4339.448581457138,-0.0,
13612,4339.7334904670715,-0.0,
13613,4340.017820358276,-0.0,
13614,4340.301640987396,-0.0,
13615,4340.5866413116455,-0.00027695595,
13616,4340.873357057571,-0.0063742544,
13617,4341.157535791397,-0.011201347,
13618,4341.441541671753,-0.0,
13619,4341.7265021800995,-0.0,
13620,4342.011113882065,-0.0,
13621,4342.294561624527,-0.030604891,
13622,4342.579261779785,-3.7331642e-06,
13623,4342.863382101059,-0.021817762,
13624,4343.149582862854,-0.0,
13625,4343.430504560471,-0.0,
13626,4344.609066724777,-0.0,
13627,4344.891165018082,-0.0,
13628,4345.173150062561,-0.00020773619,
13629,4345.457113265991,-0.0,
13630,4345.740243434906,-0.0,
13631,4346.024751424789,-0.0,
13632,4346.309065103531,-0.0011488271,
13633,4346.592825651169,-0.0,
13634,4346.876593351364,-0.0,
13635,4347.159861326218,-0.0,
13636,4347.443936109543,-0.0,
13637,4347.728258132935,-0.0,
13638,4348.011922121048,-0.0,
13639,4348.296151161194,-0.0023806323,
13640,4348.5804443359375,-0.014986523,
13641,4348.865744829178,-0.0,
13642,4349.150389671326,-0.0,
13643,4349.43824839592,-0.012449753,
13644,4349.722495317459,-0.0,
13645,4350.0071849823,-0.0,
13646,4350.2909026145935,-0.0,
13647,4350.5742835998535,-0.0,
13648,4350.857939243317,-0.0,
13649,4351.142120599747,-0.0,
13650,4351.423045873642,-0.0,
13651,4352.525699138641,-0.0,
13652,4352.808839797974,-0.0,
13653,4353.091858863831,-0.0115625635,
13654,4353.376352071762,-0.0,
13655,4353.6609172821045,-0.0,
13656,4353.946217775345,-0.0,
13657,4354.230456352234,-0.0030052287,
13658,4354.514021158218,-0.0,
13659,4354.797865390778,-0.0,
13660,4355.083578109741,-0.0,
13661,4355.368648529053,-0.0018481542,
13662,4355.65226650238,-0.0,
13663,4355.937739849091,-0.0,
13664,4356.223920345306,-0.009411886,
13665,4356.512906551361,-2.82931e-05,
13666,4356.7967648506165,-0.0,
13667,4357.084379196167,-0.0,
13668,4357.370329141617,-0.0,
13669,4357.657991886139,-0.0,
13670,4357.944148540497,-0.0,
13671,4358.2298419475555,-0.0,
13672,4358.514896392822,-0.0,
13673,4358.798534393311,-0.0,
13674,4359.08430814743,-0.0,
13675,4359.36496090889,-0.0,
13676,4360.568115711212,-0.0,
13677,4360.848368406296,-6.157503e-11,
13678,4361.132406949997,-0.0,
13679,4361.416501522064,-0.0,
13680,4361.701354265213,-0.025401846,
13681,4361.986613988876,-0.0,
13682,4362.269165754318,-0.024250379,
13683,4362.554110527039,-0.0,
13684,4362.838128566742,-0.020372992,
13685,4363.1226506233215,-0.0,
13686,4363.407283782959,-0.0,
13687,4363.69207239151,-0.0,
13688,4363.97660779953,-0.0,
13689,4364.262149572372,-0.0,
13690,4364.547209978104,-0.0,
13691,4364.831692695618,-0.0,
13692,4365.115952730179,-0.0075234175,
13693,4365.400330066681,-0.007503787,
13694,4365.68555688858,-0.0,
13695,4365.96924328804,-0.0,
13696,4366.253809928894,-0.0,
13697,4366.539329051971,-0.0,
13698,4366.824550628662,-0.0,
13699,4367.108210802078,-0.0,
13700,4367.557126522064,-0.0,
13701,4368.720588445663,-0.0,
13702,4369.002811193466,-0.0041553746,
13703,4369.2857184410095,-0.0053527546,
13704,4369.569499254227,-0.00034930848,
13705,4369.853057861328,-0.0,
13706,4370.1382093429565,-0.0,
13707,4370.423430919647,-0.0024588509,
13708,4370.707553863525,-1.3740752e-09,
13709,4370.99177479744,-0.0067371326,
13710,4371.276479005814,-3.1437044e-11,
13711,4371.562016487122,-0.011957172,
13712,4371.845708608627,-0.0,
13713,4372.132606983185,-0.0,
13714,4372.420116424561,-0.0,
13715,4372.703841209412,-0.0,
13716,4372.987938165665,-1.2851223e-07,
13717,4373.272505998611,-0.0,
13718,4373.557943344116,-0.0,
13719,4373.843090295792,-0.0,
13720,4374.127806425095,-0.0,
13721,4374.413009405136,-0.0017689175,
13722,4374.698165178299,-0.0,
13723,4374.982670068741,-0.0,
13724,4375.267144203186,-0.0021908125,
13725,4375.547649383545,-0.0,
13726,4376.737725019455,-0.008408037,
13727,4377.020482540131,-0.0,
13728,4377.3038902282715,-0.012108245,
13729,4377.58757185936,-0.0015852187,
13730,4377.870948553085,-0.0,
13731,4378.155935525894,-0.0,
13732,4378.441310882568,-0.0,
13733,4378.723508119583,-0.0,
13734,4379.008280277252,-0.0,
13735,4379.292948484421,-0.010822384,
13736,4379.5778222084045,-0.0,
13737,4379.861377954483,-0.0,
13738,4380.144509553909,-0.0,
13739,4380.428509235382,-0.0,
13740,4380.713212013245,-0.0,
13741,4380.998244762421,-0.0056171827,
13742,4381.282475471497,-1.5457627e-10,
13743,4381.5671010017395,-0.0,
13744,4381.852069854736,-0.0060760714,
13745,4382.136773824692,-0.0,
13746,4382.420990943909,-0.0,
13747,4382.704541444778,-0.017832005,
13748,4382.988320112228,-0.0004142667,
13749,4383.273768186569,-0.0,
13750,4383.555526733398,-0.0,
13751,4384.581255197525,-0.0,
13752,4384.860554218292,-0.0,
13753,4385.144384860992,-0.024389122,
13754,4385.427323818207,-0.01204877,
13755,4385.710827589035,-0.008054768,
13756,4385.994313955307,-0.0,
13757,4386.278322458267,-0.02538967,
13758,4386.55960226059,-0.015886579,
13759,4386.843178033829,-0.0,
13760,4387.126425743103,-0.0,
13761,4387.409633874893,-0.0,
13762,4387.695290088654,-0.0,
13763,4387.981928348541,-0.0,
13764,4388.265387535095,-0.011037531,
13765,4388.548239469528,-0.008459177,
13766,4388.8351221084595,-0.0041967058,
13767,4389.120714902878,-0.0,
13768,4389.406663656235,-0.0,
13769,4389.69277715683,-7.8507945e-10,
13770,4389.977477073669,-0.0,
13771,4390.2598078250885,-0.013842568,
13772,4390.542974948883,-0.00015000332,
13773,4390.825715303421,-0.0,
13774,4391.109618186951,-0.015148922,
13775,4391.388865709305,-0.0,
13776,4392.373750925064,-0.0,
13777,4392.655694961548,-0.0,
13778,4392.938502073288,-0.0,
13779,4393.2217853069305,-0.0,
13780,4393.505091905594,-0.0,
13781,4393.789555549622,-0.004285703,
13782,4394.074036836624,-0.0,
13783,4394.356332540512,-0.023299575,
13784,4394.639182567596,-0.0,
13785,4394.923104047775,-0.0,
13786,4395.2064480781555,-0.03747595,
13787,4395.4908854961395,-0.0,
13788,4395.775035619736,-0.011210689,
13789,4396.0580887794495,-0.0,
13790,4396.341856002808,-0.018089328,
13791,4396.624931097031,-0.0,
13792,4396.9094569683075,-0.029499946,
13793,4397.1941113471985,-0.0,
13794,4397.477039813995,-0.0,
13795,4397.761055231094,-0.0,
13796,4398.044102191925,-0.0038431794,
13797,4398.328564167023,-0.013299477,
13798,4398.61340212822,-0.0,
13799,4398.896543264389,-0.009157282,
13800,4399.3455855846405,-0.026325462,
13801,4400.338343381882,-0.0062904963,
13802,4400.6196575164795,-0.0,
13803,4400.903350114822,-0.0,
13804,4401.1880559921265,-0.0,
13805,4401.472489833832,-0.0,
13806,4401.756281852722,-0.011899899,
13807,4402.039774894714,-0.0,
13808,4402.3239369392395,-0.009063909,
13809,4402.608724117279,-0.0,
13810,4402.893713951111,-0.0,
13811,4403.176865577698,-0.0,
13812,4403.4606347084045,-0.0,
13813,4403.745336294174,-0.004869618,
13814,4404.030071973801,-0.0,
13815,4404.314450740814,-0.025276277,
13816,4404.598479270935,-0.011636488,
13817,4404.882275819778,-0.0,
13818,4405.167122602463,-0.0,
13819,4405.452396631241,-0.010591659,
13820,4405.737591981888,-0.0,
13821,4406.023463964462,-4.4513317e-09,
13822,4406.311673164368,-0.014654717,
13823,4406.5955374240875,-0.0,
13824,4406.880042314529,-0.0,
13825,4407.160289049149,-0.0,
13826,4408.21776342392,-0.0,
13827,4408.4987885952,-0.0,
13828,4408.78085231781,-0.0,
13829,4409.064319849014,-0.0,
13830,4409.348203897476,-0.0,
13831,4409.63179397583,-0.008861723,
13832,4409.913447141647,-0.0,
13833,4410.196816921234,-0.0,
13834,4410.48002409935,-0.0,
13835,4410.764092206955,-0.0,
13836,4411.047808170319,-0.0,
13837,4411.330981969833,-0.0,
13838,4411.613172531128,-0.0,
13839,4411.896725654602,-0.0,
13840,4412.179767847061,-0.0,
13841,4412.46409201622,-0.0,
13842,4412.748852729797,-0.0,
13843,4413.032630443573,-0.0,
13844,4413.315855503082,-0.0,
13845,4413.59873342514,-0.0,
13846,4413.882383823395,-0.0,
13847,4414.165787220001,-0.016975706,
13848,4414.449576616287,-0.007976399,
13849,4414.731877326965,-0.0,
13850,4415.011083364487,-0.0,
13851,4416.085033416748,-0.010659695,
13852,4416.369282007217,-0.0,
13853,4416.651997089386,-0.0,
13854,4416.936001777649,-0.0,
13855,4417.219233751297,-0.009550139,
13856,4417.5043025016785,-0.0,
13857,4417.7890791893005,-0.0,
13858,4418.072023868561,-0.0,
13859,4418.356533288956,-0.0104591055,
13860,4418.640480041504,-0.0,
13861,4418.925203800201,-0.0,
13862,4419.208992958069,-0.023556465,
13863,4419.492392778397,-1.659035e-10,
13864,4419.776527643204,-0.0,
13865,4420.061378479004,-0.0,
13866,4420.346336364746,-0.0,
13867,4420.629836559296,-0.0,
13868,4420.914331674576,-0.0,
13869,4421.197717905045,-0.0,
13870,4421.482823610306,-3.917143e-07,
13871,4421.767554759979,-0.0,
13872,4422.050239086151,-0.0098417085,
13873,4422.333827257156,-1.0607006e-08,
13874,4422.617350578308,-0.0,
13875,4422.898197174072,-0.0,
13876,4423.9830930233,-0.009943944,
13877,4424.265422821045,-0.0,
13878,4424.548525571823,-0.009710314,
13879,4424.832068681717,-0.0,
13880,4425.115501403809,-0.0,
13881,4425.399095058441,-0.0,
13882,4425.683629989624,-6.1335996e-08,
13883,4425.967299222946,-0.00422054,
13884,4426.250214338303,-0.0,
13885,4426.534632921219,-0.005350688,
13886,4426.818406820297,-0.012775203,
13887,4427.103137731552,-0.014153205,
13888,4427.387526035309,-0.0,
13889,4427.671347618103,-0.0,
13890,4427.955007553101,-0.0,
13891,4428.239399909973,-0.0,
13892,4428.523859977722,-0.008553401,
13893,4428.807594299316,-0.008554489,
13894,4429.091352462769,-0.0,
13895,4429.375150442123,-0.0,
13896,4429.660577297211,-0.0,
13897,4429.944997549057,-0.0,
13898,4430.226686000824,-0.0,
13899,4430.511461734772,-0.0,
13900,4430.958714962006,-2.009491e-10,
13901,4432.010059595108,-0.0,
13902,4432.2925317287445,-0.0020759688,
13903,4432.575740337372,-0.01668602,
13904,4432.862583875656,-2.658686e-09,
13905,4433.146267175674,-0.0,
13906,4433.428901910782,-0.0,
13907,4433.711723566055,-0.013286848,
13908,4433.995060682297,-0.0,
13909,4434.279383897781,-0.0152001735,
13910,4434.562220096588,-0.0005430343,
13911,4434.844143152237,-7.763401e-09,
13912,4435.127161026001,-0.012285363,
13913,4435.410105228424,-0.03144245,
13914,4435.693254947662,-0.0,
13915,4435.977275133133,-0.003974212,
13916,4436.260680198669,-0.0077734212,
13917,4436.543772697449,-0.011339058,
13918,4436.825299501419,-0.0,
13919,4437.108899354935,-0.0,
13920,4437.391436338425,-0.0041485094,
13921,4437.675439357758,-0.0,
13922,4437.959006071091,-0.0,
13923,4438.242294073105,-0.0,
13924,4438.524146318436,-2.5767784e-05,
13925,4438.80308508873,-0.0,
13926,4439.930925130844,-0.0,
13927,4440.213737726212,-0.012817066,
13928,4440.497600317001,-0.0,
13929,4440.78243470192,-0.0,
13930,4441.065216064453,-0.0052856873,
13931,4441.348919630051,-0.0,
13932,4441.63210940361,-7.172811e-07,
13933,4441.917029619217,-0.0,
13934,4442.201864719391,-0.0008342249,
13935,4442.485575675964,-0.0044773817,
13936,4442.769815206528,-0.0,
13937,4443.054739713669,-0.0,
13938,4443.339973449707,-0.0,
13939,4443.623392343521,-0.003066443,
13940,4443.907260417938,-8.706265e-06,
13941,4444.19100356102,-3.028691e-11,
13942,4444.476204395294,-0.0,
13943,4444.761172056198,-0.003372785,
13944,4445.04430103302,-0.0030866982,
13945,4445.32821893692,-0.0026717074,
13946,4445.612837314606,-0.0,
13947,4445.897024869919,-0.0,
13948,4446.1815457344055,-0.0,
13949,4446.465732336044,-0.004216098,
13950,4446.745901823044,-9.510654e-06,
13951,4447.7841796875,-0.0,
13952,4448.06818819046,-0.0,
13953,4448.353148698807,-0.0,
13954,4448.637456893921,-0.0,
13955,4448.921028137207,-0.0,
13956,4449.205273389816,-0.0,
13957,4449.4882798194885,-0.0,
13958,4449.772480726242,-0.007344574,
13959,4450.056521654129,-0.0,
13960,4450.340557575226,-0.012750492,
13961,4450.624646663666,-0.0,
13962,4450.9082453250885,-0.015903302,
13963,4451.19232916832,-0.0,
13964,4451.477525949478,-0.0,
13965,4451.76064491272,-0.016069114,
13966,4452.044498682022,-0.009152795,
13967,4452.327855587006,-0.00058955245,
13968,4452.612332820892,-0.015023178,
13969,4452.897573471069,-0.008396607,
13970,4453.180148839951,-0.008079531,
13971,4453.463657617569,-0.0,
13972,4453.747332811356,-0.0,
13973,4454.031383275986,-0.0,
13974,4454.316340923309,-0.0,
13975,4454.5954394340515,-0.0012274568,
13976,4455.717736959457,-0.0,
13977,4455.999757766724,-0.0,
13978,4456.2835829257965,-0.0,
13979,4456.566974401474,-0.0,
13980,4456.850871801376,-0.0,
13981,4457.134623289108,-0.0,
13982,4457.417641401291,-0.0,
13983,4457.701226711273,-0.0,
13984,4457.984719991684,-0.014138208,
13985,4458.268177747726,-0.0,
13986,4458.55203461647,-0.00030952206,
13987,4458.835884332657,-0.011766756,
13988,4459.118187189102,-0.014668376,
13989,4459.401906251907,-0.005546872,
13990,4459.685216188431,-0.0023672981,
13991,4459.970193147659,-0.0,
13992,4460.254660367966,-0.0112526165,
13993,4460.537388086319,-0.0,
13994,4460.821284532547,-0.0,
13995,4461.104589939117,-0.006722395,
13996,4461.389133214951,-0.0,
13997,4461.673684835434,-0.0,
13998,4461.957934379578,-0.0,
13999,4462.244692325592,-0.0,
14000,4462.696152925491,-0.0,
14001,4463.8173043727875,-0.0,
14002,4464.0985424518585,-0.0,
14003,4464.385545492172,-0.0,
14004,4464.669752836227,-0.014064868,
14005,4464.955116987228,-0.015573878,
14006,4465.236868619919,-0.0,
14007,4465.519756793976,-0.0,
14008,4465.802641868591,-0.0,
14009,4466.085962295532,-0.0,
14010,4466.369528532028,-0.0,
14011,4466.652983665466,-0.018877096,
14012,4466.935281991959,-0.0043829246,
14013,4467.218437433243,-0.0,
14014,4467.501545667648,-0.0,
14015,4467.7853462696075,-0.0108573185,
14016,4468.06956577301,-0.0028502012,
14017,4468.352876186371,-0.0,
14018,4468.635036230087,-0.0026473878,
14019,4468.917993783951,-0.006829374,
14020,4469.201282501221,-0.0,
14021,4469.4848074913025,-0.0,
14022,4469.769790887833,-0.0010933668,
14023,4470.052715539932,-0.0,
14024,4470.3351101875305,-0.0,
14025,4470.614816188812,-0.0,
14026,4471.767710924149,-0.025074322,
14027,4472.051254034042,-0.0,
14028,4472.335312843323,-0.0,
14029,4472.6223702430725,-6.5496257e-09,
14030,4472.909170150757,-0.044195235,
14031,4473.19707608223,-0.0,
14032,4473.481099843979,-0.0,
14033,4473.768870830536,-0.0012052584,
14034,4474.0553431510925,-0.0,
14035,4474.339737415314,-0.016756903,
14036,4474.623513460159,-0.0,
14037,4474.908020496368,-0.0,
14038,4475.192540645599,-0.0,
14039,4475.475918769836,-0.015201785,
14040,4475.759115934372,-5.7110583e-06,
14041,4476.042424440384,-0.03834418,
14042,4476.32675409317,-0.0,
14043,4476.611438751221,-0.0,
14044,4476.896682024002,-0.0005539365,
14045,4477.1797704696655,-0.022621147,
14046,4477.464590787888,-0.0072150556,
14047,4477.7491319179535,-0.0,
14048,4478.034320354462,-0.0,
14049,4478.322828531265,-0.0,
14050,4478.60604596138,-0.0,
14051,4479.615061044693,-0.010694348,
14052,4479.8963487148285,-0.0,
14053,4480.179411649704,-0.0,
14054,4480.463658571243,-0.0009799058,
14055,4480.7472541332245,-0.0,
14056,4481.031198501587,-0.0,
14057,4481.314735651016,-0.016450416,
14058,4481.59806394577,-0.0,
14059,4481.881327152252,-0.0,
14060,4482.166031837463,-0.002274571,
14061,4482.449837207794,-0.0,
14062,4482.732980489731,-0.0038147168,
14063,4483.016600847244,-1.3411489e-05,
14064,4483.3006019592285,-0.00688372,
14065,4483.585186719894,-0.029642101,
14066,4483.868401050568,-9.25029e-09,
14067,4484.15149140358,-0.009609715,
14068,4484.434938907623,-0.0023897372,
14069,4484.7188856601715,-0.0,
14070,4485.003599643707,-0.0,
14071,4485.286977291107,-0.0019974748,
14072,4485.570994377136,-0.0,
14073,4485.858945608139,-0.009237904,
14074,4486.144334316254,-0.010478977,
14075,4486.424166202545,-1.12391235e-05,
14076,4487.427973270416,-0.0,
14077,4487.712425231934,-0.0,
14078,4487.9961767196655,-0.0,
14079,4488.2825717926025,-0.0014129148,
14080,4488.5668976306915,-0.0,
14081,4488.849945068359,-0.0,
14082,4489.133370637894,-0.0,
14083,4489.416472911835,-0.0,
14084,4489.700958013535,-0.0,
14085,4489.985069036484,-0.0,
14086,4490.268531799316,-0.0,
14087,4490.5513920784,-0.012019972,
14088,4490.834767580032,-0.0,
14089,4491.118839025497,-0.0,
14090,4491.403562545776,-0.017306011,
14091,4491.687428236008,-0.032096017,
14092,4491.969953775406,-0.0,
14093,4492.253427267075,-0.0,
14094,4492.537309169769,-0.0147112105,
14095,4492.821313619614,-0.0,
14096,4493.10510635376,-0.0,
14097,4493.387577056885,-0.0,
14098,4493.67106628418,-0.027192676,
14099,4493.954141616821,-0.01429111,
14100,4494.403024196625,-0.0,
14101,4495.496572256088,-0.013465753,
14102,4495.780222892761,-3.3866232e-10,
14103,4496.063577413559,-0.0,
14104,4496.346559524536,-0.028439052,
14105,4496.630591630936,-2.2985636e-09,
14106,4496.913806676865,-0.010466336,
14107,4497.198437213898,-0.0,
14108,4497.482191085815,-0.0,
14109,4497.7660982608795,-0.013937689,
14110,4498.049689531326,-0.008983106,
14111,4498.333253145218,-0.0,
14112,4498.617761850357,-0.0,
14113,4498.902463436127,-0.0023754756,
14114,4499.186159849167,-0.0,
14115,4499.469767570496,-0.009638368,
14116,4499.75337600708,-0.0,
14117,4500.037882328033,-0.0,
14118,4500.32316493988,-0.0,
14119,4500.606050014496,-0.0,
14120,4500.890171051025,-0.0,
14121,4501.174900054932,-0.0,
14122,4501.459567785263,-0.0,
14123,4501.744347333908,-0.0,
14124,4502.028408527374,-0.0,
14125,4502.307865619659,-0.0034449755,
14126,4503.452509641647,-0.0022323006,
14127,4503.736267089844,-0.009373235,
14128,4504.020225048065,-0.0058688773,
14129,4504.303530216217,-0.004181525,
14130,4504.5873301029205,-0.0,
14131,4504.870801687241,-0.02769604,
14132,4505.154452562332,-0.0,
14133,4505.4386649131775,-0.0,
14134,4505.72216629982,-0.0,
14135,4506.008021831512,-0.0,
14136,4506.293846845627,-0.0,
14137,4506.579473972321,-0.009195305,
14138,4506.865306377411,-0.0,
14139,4507.149176120758,-0.0,
14140,4507.433136940002,-0.0,
14141,4507.717604398727,-0.009724869,
14142,4508.001507282257,-0.0181962,
14143,4508.283422231674,-0.0021292968,
14144,4508.567036867142,-0.028842352,
14145,4508.85011100769,-0.0038921065,
14146,4509.1349041461945,-0.013573422,
14147,4509.419056415558,-0.0,
14148,4509.701718091965,-0.0,
14149,4509.986287117004,-0.0076463833,
14150,4510.266259908676,-0.0,
14151,4511.413595676422,-1.123425e-07,
14152,4511.698102474213,-0.0,
14153,4511.981735706329,-0.0032785216,
14154,4512.2656853199005,-0.012824219,
14155,4512.550386667252,-0.0,
14156,4512.834767580032,-0.0042930422,
14157,4513.118272781372,-0.012147266,
14158,4513.402307748795,-0.0,
14159,4513.687017440796,-0.0,
14160,4513.971772193909,-0.0,
14161,4514.257186889648,-0.009000492,
14162,4514.541015148163,-0.0,
14163,4514.82501077652,-0.008152231,
14164,4515.109271526337,-0.0,
14165,4515.3928735256195,-0.0,
14166,4515.677435398102,-1.0265685e-05,
14167,4515.961084127426,-0.0,
14168,4516.244765758514,-0.0,
14169,4516.529131412506,-0.0,
14170,4516.813954114914,-0.0,
14171,4517.098727464676,-0.013664134,
14172,4517.382431983948,-0.0,
14173,4517.666078329086,-0.0,
14174,4517.951185703278,-0.0007747984,
14175,4518.23232793808,-0.0,
14176,4519.43185377121,-0.03909196,
14177,4519.713976383209,-6.078078e-08,
14178,4519.996127605438,-8.52252e-07,
14179,4520.278615951538,-0.0,
14180,4520.560830831528,-0.0,
14181,4520.84388923645,-0.0,
14182,4521.1256647109985,-0.010422185,
14183,4521.408966302872,-0.01384953,
14184,4521.6930367946625,-0.0,
14185,4521.9761509895325,-0.0,
14186,4522.258231878281,-0.0,
14187,4522.5415914058685,-0.020433113,
14188,4522.824332952499,-1.7105511e-06,
14189,4523.107760190964,-0.0028054782,
14190,4523.3915412425995,-0.0,
14191,4523.674280881882,-0.0,
14192,4523.956765413284,-0.00092591316,
14193,4524.239418029785,-0.010708512,
14194,4524.522103309631,-0.0016619579,
14195,4524.804897069931,-0.011066151,
14196,4525.088979959488,-0.0014869231,
14197,4525.3725752830505,-0.0,
14198,4525.655301570892,-0.00056216505,
14199,4525.937235116959,-0.013368748,
14200,4526.384999513626,-0.01608896,
14201,4527.430069923401,-0.023328282,
14202,4527.7121913433075,-0.0,
14203,4527.994470834732,-0.000821355,
14204,4528.276024580002,-0.0,
14205,4528.559879541397,-0.011250507,
14206,4528.842257976532,-0.0,
14207,4529.124627113342,-0.0,
14208,4529.408977270126,-0.0014854074,
14209,4529.6934423446655,-0.0,
14210,4529.97562122345,-0.007812821,
14211,4530.258315324783,-0.007769153,
14212,4530.541345834732,-0.011854749,
14213,4530.8243498802185,-0.011934587,
14214,4531.107842206955,-0.008198265,
14215,4531.391164779663,-0.0,
14216,4531.673843860626,-0.0,
14217,4531.955722808838,-0.0,
14218,4532.238888263702,-0.01899906,
14219,4532.521763563156,-0.015187619,
14220,4532.804884433746,-0.0,
14221,4533.088319301605,-0.0,
14222,4533.371891498566,-0.0,
14223,4533.6544008255005,-0.009329257,
14224,4533.937372922897,-0.0,
14225,4534.21644115448,-0.0,
14226,4535.268412828445,-0.0,
14227,4535.549887895584,-0.009195231,
14228,4535.832897186279,-0.0,
14229,4536.117399215698,-4.2609702e-08,
14230,4536.400058507919,-0.032307547,
14231,4536.683970212936,-0.0,
14232,4536.968585014343,-0.005347302,
14233,4537.252110242844,-0.0,
14234,4537.534360408783,-0.0,
14235,4537.817783117294,-0.0,
14236,4538.100802659988,-0.0031579323,
14237,4538.385390758514,-0.011721154,
14238,4538.669468641281,-0.0,
14239,4538.952976465225,-0.0,
14240,4539.236965417862,-0.0,
14241,4539.520046710968,-0.0,
14242,4539.804363012314,-0.0,
14243,4540.088476419449,-0.017079504,
14244,4540.371955156326,-0.0,
14245,4540.6555025577545,-6.7968806e-08,
14246,4540.938545465469,-0.0,
14247,4541.22166633606,-0.006213447,
14248,4541.506322383881,-0.0,
14249,4541.790477991104,-0.0,
14250,4542.069242477417,-0.0,
14251,4543.248265504837,-0.0,
14252,4543.5318167209625,-0.0,
14253,4543.815490245819,-0.002953028,
14254,4544.1000645160675,-0.0,
14255,4544.385357379913,-0.0,
14256,4544.6704704761505,-0.0,
14257,4544.954491138458,-0.0023239325,
14258,4545.239197015762,-0.0,
14259,4545.525449752808,-0.0,
14260,4545.8105618953705,-0.022918072,
14261,4546.0955328941345,-0.01697094,
14262,4546.380524396896,-0.0,
14263,4546.667088031769,-4.0151278e-08,
14264,4546.951531171799,-0.00012540861,
14265,4547.236093521118,-0.0127723,
14266,4547.521423578262,-0.0,
14267,4547.808037996292,-0.0,
14268,4548.092148780823,-0.0001247331,
14269,4548.377504825592,-0.0,
14270,4548.663311481476,-0.0,
14271,4548.948993206024,-0.025500689,
14272,4549.234135866165,-0.0,
14273,4549.519499540329,-0.0,
14274,4549.806137561798,-0.021306787,
14275,4550.086851835251,-0.0,
14276,4551.080755233765,-0.0,
14277,4551.364102602005,-0.0,
14278,4551.648431777954,-0.0,
14279,4551.93154335022,-1.95965e-05,
14280,4552.215864896774,-0.030081518,
14281,4552.501245737076,-0.0057110325,
14282,4552.785211801529,-0.0,
14283,4553.069684743881,-0.0,
14284,4553.35468006134,-0.0,
14285,4553.638653039932,-0.0,
14286,4553.9241626262665,-0.0,
14287,4554.208283662796,-0.0,
14288,4554.491667032242,-0.0,
14289,4554.775761842728,-0.0,
14290,4555.061363935471,-0.035421357,
14291,4555.347088813782,-0.0,
14292,4555.63068652153,-0.0,
14293,4555.915354251862,-0.0,
14294,4556.200714588165,-0.0,
14295,4556.4861125946045,-0.0031711147,
14296,4556.769705533981,-0.0,
14297,4557.054233551025,-0.012213803,
14298,4557.339348316193,-0.0,
14299,4557.624555826187,-0.0,
14300,4558.075067996979,-0.0039138515,
14301,4559.0412719249725,-0.0,
14302,4559.324842214584,-0.002446224,
14303,4559.607352972031,-0.0,
14304,4559.891895771027,-0.016645491,
14305,4560.17617225647,-0.0,
14306,4560.460291862488,-0.0,
14307,4560.744907855988,-0.008395002,
14308,4561.028589248657,-0.0,
14309,4561.312872171402,-0.0,
14310,4561.59769153595,-0.0,
14311,4561.88299703598,-0.0,
14312,4562.166672706604,-0.0,
14313,4562.450757741928,-0.0,
14314,4562.734800815582,-0.002146205,
14315,4563.019766807556,-0.0,
14316,4563.304580688477,-0.017177777,
14317,4563.588632822037,-0.01397157,
14318,4563.872099161148,-0.0,
14319,4564.157929182053,-0.0,
14320,4564.44345164299,-0.0,
14321,4564.726417064667,-0.0052432786,
14322,4565.011432170868,-0.015584708,
14323,4565.2966368198395,-0.0,
14324,4565.5819301605225,-0.0,
14325,4565.8619549274445,-0.005309799,
14326,4566.86102604866,-6.661865e-06,
14327,4567.142560005188,-0.015315926,
14328,4567.425686836243,-0.0,
14329,4567.709463596344,-0.0,
14330,4567.993986129761,-0.012040958,
14331,4568.279097080231,-1.3282728e-09,
14332,4568.562807798386,-0.0,
14333,4568.846590280533,-0.0,
14334,4569.130804300308,-0.0,
14335,4569.415356874466,-0.0,
14336,4569.700382471085,-0.004090921,
14337,4569.984571456909,-4.690135e-08,
14338,4570.269731998444,-0.0,
14339,4570.554944753647,-1.4836367e-05,
14340,4570.8402581214905,-0.0,
14341,4571.124689340591,-0.0,
14342,4571.4132516384125,-0.0026900715,
14343,4571.701702594757,-0.013072943,
14344,4571.987900018692,-0.0,
14345,4572.27415394783,-0.0,
14346,4572.562770605087,-0.0,
14347,4572.848491191864,-0.0,
14348,4573.1322066783905,-0.0,
14349,4573.417849302292,-0.0,
14350,4573.698209524155,-0.0,
14351,4574.711967468262,-0.0009921711,
14352,4574.996546506882,-0.0030804556,
14353,4575.280969142914,-0.0,
14354,4575.564992189407,-0.006700739,
14355,4575.849483966827,-7.602631e-11,
14356,4576.132661581039,-0.025048371,
14357,4576.41733956337,-0.009650867,
14358,4576.701897144318,-0.0,
14359,4576.986294269562,-0.0,
14360,4577.270719051361,-0.0,
14361,4577.556374788284,-0.0,
14362,4577.8410975933075,-0.0,
14363,4578.125826120377,-0.011102127,
14364,4578.409859657288,-0.0,
14365,4578.695630311966,-0.0,
14366,4578.982182264328,-0.0,
14367,4579.267645120621,-0.0,
14368,4579.554409265518,-0.004805989,
14369,4579.839668750763,-0.0,
14370,4580.123328447342,-0.0,
14371,4580.408059835434,-0.0,
14372,4580.693943738937,-0.0,
14373,4580.979447126389,-0.0,
14374,4581.2642550468445,-0.0,
14375,4581.544485092163,-0.0,
14376,4582.577791690826,-0.0,
14377,4582.859773159027,-0.0,
14378,4583.143497228622,-0.0,
14379,4583.427748203278,-0.009091378,
14380,4583.715116262436,-0.003711685,
14381,4584.0004251003265,-8.577858e-06,
14382,4584.286917686462,-5.7291672e-05,
14383,4584.572917938232,-0.034037195,
14384,4584.860462665558,-0.0,
14385,4585.14529466629,-3.141509e-05,
14386,4585.429713726044,-0.0,
14387,4585.715627193451,-0.0,
14388,4585.998965978622,-0.020987427,
14389,4586.283378362656,-0.0,
14390,4586.566913843155,-0.0,
14391,4586.85191988945,-0.0,
14392,4587.136542797089,-0.0,
14393,4587.419712305069,-0.0012479791,
14394,4587.704569339752,-0.0,
14395,4587.989949226379,-0.0,
14396,4588.276230096817,-0.0,
14397,4588.559342384338,-1.6464704e-05,
14398,4588.843988418579,-0.0,
14399,4589.1288805007935,-0.0075189034,
14400,4589.57760477066,-0.0,
14401,4590.600549936295,-0.0,
14402,4590.882303953171,-0.007537974,
14403,4591.165365695953,-0.0,
14404,4591.449838876724,-0.0,
14405,4591.734382390976,-0.010060178,
14406,4592.016159057617,-0.0,
14407,4592.299892663956,-0.0,
14408,4592.583951711655,-0.0,
14409,4592.868932008743,-0.0,
14410,4593.154389858246,-0.0,
14411,4593.43732380867,-0.014895145,
14412,4593.721169710159,-0.0,
14413,4594.004709482193,-0.0,
14414,4594.289608478546,-0.0,
14415,4594.573951005936,-0.003426215,
14416,4594.8568749427795,-0.0,
14417,4595.140914440155,-0.012638559,
14418,4595.42409658432,-0.013498424,
14419,4595.70877456665,-2.0117279e-10,
14420,4595.993580341339,-0.014277239,
14421,4596.276121139526,-0.0,
14422,4596.560438156128,-0.0,
14423,4596.844383239746,-0.0,
14424,4597.129105567932,-0.0,
14425,4597.409450292587,-0.0,
14426,4598.451179265976,-0.0,
14427,4598.733758449554,-0.0045081195,
14428,4599.016807794571,-0.005698948,
14429,4599.299353599548,-0.0,
14430,4599.581584692001,-0.0,
14431,4599.864972114563,-0.0,
14432,4600.148151874542,-0.00807054,
14433,4600.431929826736,-0.014204619,
14434,4600.714245080948,-0.0,
14435,4600.99743771553,-0.0,
14436,4601.280436515808,-0.0,
14437,4601.5633907318115,-0.0,
14438,4601.847017526627,-0.0,
14439,4602.13160276413,-0.0,
14440,4602.413659334183,-0.0,
14441,4602.696620225906,-0.0,
14442,4602.9796352386475,-0.0,
14443,4603.262923002243,-0.012182964,
14444,4603.5464470386505,-0.015548196,
14445,4603.829540252686,-0.0,
14446,4604.11233496666,-0.0,
14447,4604.394571304321,-0.0,
14448,4604.677098751068,-0.0,
14449,4604.959495067596,-0.0035735623,
14450,4605.238045692444,-0.0,
14451,4606.343007802963,-0.0,
14452,4606.627579212189,-0.0,
14453,4606.9132125377655,-0.011616084,
14454,4607.1992700099945,-2.0263069e-10,
14455,4607.486080169678,-0.0,
14456,4607.772230148315,-0.0,
14457,4608.058304548264,-0.0,
14458,4608.344553232193,-0.0,
14459,4608.631779432297,-0.0,
14460,4608.917772769928,-0.0,
14461,4609.2042508125305,-0.0,
14462,4609.490494728088,-0.01272716,
14463,4609.777109861374,-0.0,
14464,4610.064313173294,-0.0,
14465,4610.350734949112,-0.0009690379,
14466,4610.636669158936,-0.0,
14467,4610.924045085907,-0.0,
14468,4611.213761806488,-0.0064390777,
14469,4611.499931335449,-2.0784864e-10,
14470,4611.785101652145,-0.00017036314,
14471,4612.071843862534,-0.0,
14472,4612.3574550151825,-0.0,
14473,4612.645322084427,-0.0,
14474,4612.932134389877,-0.0,
14475,4613.212985038757,-0.0,
14476,4614.395769357681,-0.0033409724,
14477,4614.676761865616,-0.0,
14478,4614.9599232673645,-3.3805128e-07,
14479,4615.241990327835,-0.0,
14480,4615.52352643013,-0.017385883,
14481,4615.806130170822,-0.0,
14482,4616.087427139282,-0.0,
14483,4616.368522405624,-0.00076222245,
14484,4616.651338815689,-0.0,
14485,4616.932778596878,-0.0,
14486,4617.214792251587,-0.011570628,
14487,4617.496017217636,-0.0,
14488,4617.778212070465,-0.0,
14489,4618.061856508255,-0.0,
14490,4618.344208478928,-0.0,
14491,4618.624984264374,-0.0,
14492,4618.90703868866,-0.0,
14493,4619.188518285751,-0.0,
14494,4619.470132112503,-0.0,
14495,4619.7530426979065,-0.0,
14496,4620.03417801857,-9.450581e-06,
14497,4620.316084384918,-0.0,
14498,4620.599750041962,-0.0,
14499,4620.882486581802,-0.0051416233,
14500,4621.332443714142,-0.033853352,
14501,4622.416369199753,-0.0,
14502,4622.697272777557,-0.027544461,
14503,4622.980715274811,-0.0,
14504,4623.264152288437,-0.017668288,
14505,4623.546539068222,-0.0,
14506,4623.829632997513,-0.0,
14507,4624.112404823303,-0.0,
14508,4624.395707607269,-0.015373996,
14509,4624.679957151413,-0.0,
14510,4624.964303970337,-0.0,
14511,4625.246424436569,-0.0044464096,
14512,4625.529402732849,-0.014874453,
14513,4625.81285405159,-0.0,
14514,4626.096632242203,-0.0,
14515,4626.380863666534,-0.0,
14516,4626.664039611816,-0.0,
14517,4626.946472406387,-0.012677909,
14518,4627.2297575473785,-0.0,
14519,4627.513266324997,-0.01688828,
14520,4627.797632217407,-0.0,
14521,4628.081781625748,-0.0,
14522,4628.363639116287,-0.0,
14523,4628.64692735672,-0.0,
14524,4628.930376768112,-0.007504226,
14525,4629.209103107452,-0.0,
14526,4630.185770750046,-0.012757346,
14527,4630.4674780368805,-0.0032304644,
14528,4630.751148700714,-0.0,
14529,4631.034562587738,-0.046072822,
14530,4631.319735527039,-0.0,
14531,4631.606698513031,-0.0,
14532,4631.891171216965,-0.0,
14533,4632.175849914551,-0.014160235,
14534,4632.461191415787,-0.0,
14535,4632.744834423065,-0.0074344375,
14536,4633.029419183731,-0.0,
14537,4633.3165373802185,-0.014073758,
14538,4633.601571559906,-0.015886636,
14539,4633.887830018997,-0.0,
14540,4634.17174077034,-0.0,
14541,4634.457255125046,-0.0,
14542,4634.742126226425,-0.0,
14543,4635.0256559848785,-0.0,
14544,4635.312272787094,-0.013917454,
14545,4635.601312875748,-0.0,
14546,4635.887849569321,-0.0,
14547,4636.173509836197,-0.0,
14548,4636.460294961929,-0.0,
14549,4636.743478059769,-0.013523247,
14550,4637.023394346237,-0.0,
14551,4638.033101797104,-0.00047084884,
14552,4638.3181483745575,-0.0,
14553,4638.6014752388,-0.02452991,
14554,4638.88435459137,-0.015663445,
14555,4639.168184995651,-0.017514074,
14556,4639.451797962189,-0.013473531,
14557,4639.735910177231,-0.0,
14558,4640.020332813263,-0.00055661786,
14559,4640.304961442947,-0.0,
14560,4640.58841753006,-0.0,
14561,4640.873977422714,-0.0012824525,
14562,4641.158951282501,-0.0,
14563,4641.441819667816,-0.0,
14564,4641.72668671608,-0.0,
14565,4642.0101997852325,-0.042521395,
14566,4642.294209957123,-0.0,
14567,4642.580914735794,-0.001375134,
14568,4642.865034818649,-0.00054380845,
14569,4643.149954319,-0.0031353708,
14570,4643.434977769852,-0.0,
14571,4643.720307350159,-0.012233712,
14572,4644.004289627075,-0.0,
14573,4644.289879560471,-0.0,
14574,4644.574626207352,-0.0,
14575,4644.855069637299,-0.0,
14576,4645.880806207657,-0.0,
14577,4646.16317987442,-0.015150732,
14578,4646.4467420578,-0.0,
14579,4646.731476068497,-0.0,
14580,4647.0157063007355,-0.016059082,
14581,4647.298584461212,-0.0,
14582,4647.582400083542,-0.0,
14583,4647.867022275925,-0.0,
14584,4648.152542352676,-0.0,
14585,4648.437155485153,-0.0,
14586,4648.720702648163,-0.0140688075,
14587,4649.004719257355,-2.493916e-10,
14588,4649.289617776871,-0.0,
14589,4649.575461626053,-0.0,
14590,4649.859441995621,-0.0,
14591,4650.143977165222,-0.00018062329,
14592,4650.428926706314,-0.0,
14593,4650.715430736542,-0.015319486,
14594,4650.999595880508,-0.0,
14595,4651.285366773605,-0.011388723,
14596,4651.570244312286,-0.0,
14597,4651.856759309769,-0.0,
14598,4652.14072561264,-0.0,
14599,4652.425590753555,-0.0,
14600,4652.875579595566,-0.008239346,
14601,4653.982366323471,-0.0,
14602,4654.262147426605,-0.02069195,
14603,4654.544258356094,-0.0138481,
14604,4654.827762365341,-0.0,
14605,4655.111983060837,-0.02854314,
14606,4655.395433664322,-0.011461416,
14607,4655.677871465683,-0.0,
14608,4655.96116566658,-0.0018085233,
14609,4656.246046543121,-0.0,
14610,4656.530519247055,-0.0,
14611,4656.81364274025,-0.012144564,
14612,4657.096398591995,-0.0,
14613,4657.380549430847,-5.801668e-10,
14614,4657.663328170776,-0.0,
14615,4657.9468994140625,-0.014977741,
14616,4658.230955123901,-0.022912681,
14617,4658.514917612076,-0.0,
14618,4658.796973228455,-0.0052692336,
14619,4659.081074953079,-0.0,
14620,4659.364161729813,-0.0004390159,
14621,4659.6486349105835,-0.010239046,
14622,4659.93372631073,-0.013973312,
14623,4660.216513872147,-0.0,
14624,4660.5005214214325,-0.012554533,
14625,4660.779766798019,-0.0,
14626,4661.802640199661,-0.0,
14627,4662.084118843079,-0.012476078,
14628,4662.368016242981,-0.0,
14629,4662.651941537857,-0.01630355,
14630,4662.934470653534,-0.00927846,
14631,4663.216979026794,-0.0,
14632,4663.500792980194,-0.0,
14633,4663.784819126129,-0.0,
14634,4664.068952798843,-0.0,
14635,4664.35285615921,-0.0,
14636,4664.636152267456,-0.0,
14637,4664.92045545578,-0.0,
14638,4665.204060792923,-0.0,
14639,4665.489211559296,-0.0,
14640,4665.772730112076,-0.038582165,
14641,4666.055942773819,-0.0,
14642,4666.339742422104,-0.0068518193,
14643,4666.623163938522,-0.014148985,
14644,4666.908012628555,-0.009125763,
14645,4667.192181587219,-0.0,
14646,4667.475086688995,-0.022581417,
14647,4667.759019851685,-0.0033753354,
14648,4668.042429685593,-0.0034603921,
14649,4668.327038049698,-0.0,
14650,4668.607841968536,-0.003536066,
14651,4669.655512094498,-0.0,
14652,4669.93785738945,-0.011532161,
14653,4670.220694065094,-0.0,
14654,4670.505808591843,-0.0113909375,
14655,4670.790580749512,-1.5718524e-11,
14656,4671.072902202606,-0.0,
14657,4671.357315540314,-0.0,
14658,4671.640734672546,-0.007376624,
14659,4671.925834417343,-0.0,
14660,4672.211007118225,-0.0,
14661,4672.495075941086,-0.0,
14662,4672.778963565826,-0.0,
14663,4673.064448833466,-0.008768788,
14664,4673.349799871445,-0.0,
14665,4673.633233785629,-2.6499018e-05,
14666,4673.917630195618,-0.0,
14667,4674.2020807266235,-0.0,
14668,4674.487920284271,-0.014718448,
14669,4674.773887395859,-0.0,
14670,4675.060597658157,-0.022959324,
14671,4675.348379850388,-0.0,
14672,4675.632609128952,-0.0019549872,
14673,4675.917070388794,-0.0,
14674,4676.201135396957,-0.0,
14675,4676.482307434082,-0.0,
14676,4677.533276319504,-0.023225997,
14677,4677.815732240677,-0.010025126,
14678,4678.098276138306,-0.024273142,
14679,4678.3826360702515,-0.010442316,
14680,4678.666701555252,-0.0,
14681,4678.949686527252,-0.0,
14682,4679.233348608017,-0.013693577,
14683,4679.5163633823395,-2.6079664e-05,
14684,4679.799391746521,-0.0,
14685,4680.084425210953,-0.0,
14686,4680.368121623993,-0.001562054,
14687,4680.650721788406,-0.011189947,
14688,4680.934705734253,-0.0,
14689,4681.218047380447,-0.0,
14690,4681.502804279327,-0.0060481355,
14691,4681.788866519928,-0.0,
14692,4682.073308944702,-0.0,
14693,4682.356407880783,-0.0046536084,
14694,4682.640618085861,-0.0,
14695,4682.924518823624,-0.0028427725,
14696,4683.20765542984,-0.0,
14697,4683.490505218506,-0.0,
14698,4683.773831605911,-0.0,
14699,4684.057059764862,-0.054592837,
14700,4684.504773855209,-0.0017412679,
14701,4685.532761096954,-0.011933713,
14702,4685.815558433533,-0.009167015,
14703,4686.101950645447,-0.0,
14704,4686.387344837189,-0.0100467475,
14705,4686.671847581863,-0.0,
14706,4686.956897735596,-0.0,
14707,4687.243923664093,-0.0,
14708,4687.527629613876,-0.0,
14709,4687.812960147858,-0.0,
14710,4688.099570274353,-0.0,
14711,4688.385782957077,-0.0,
14712,4688.671116352081,-0.0013585602,
14713,4688.956320524216,-0.0,
14714,4689.242686033249,-5.034175e-11,
14715,4689.528438568115,-0.035604637,
14716,4689.814308166504,-0.01291553,
14717,4690.100620031357,-0.0,
14718,4690.386465549469,-0.002874601,
14719,4690.671835660934,-0.0,
14720,4690.957252979279,-0.0,
14721,4691.244346618652,-0.0,
14722,4691.528992176056,-0.0,
14723,4691.8138818740845,-0.0,
14724,4692.100362300873,-0.0,
14725,4692.381837844849,-0.005752013,
14726,4693.372998714447,-0.0,
14727,4693.6519610881805,-0.009099146,
14728,4693.933387517929,-0.0,
14729,4694.2171750068665,-0.009081619,
14730,4694.49942612648,-0.0,
14731,4694.781475782394,-0.0,
14732,4695.063096284866,-0.0,
14733,4695.34538936615,-0.0,
14734,4695.626968622208,-0.015203583,
14735,4695.9090530872345,-0.0,
14736,4696.190660715103,-0.0,
14737,4696.473255872726,-0.0,
14738,4696.7563734054565,-0.0,
14739,4697.039994001389,-0.0,
14740,4697.322671175003,-0.0,
14741,4697.604115247726,-0.0,
14742,4697.887016057968,-0.0,
14743,4698.169463396072,-0.0,
14744,4698.4520790576935,-0.0,
14745,4698.735164403915,-0.0149493385,
14746,4699.018980264664,-0.0,
14747,4699.3016839027405,-0.0,
14748,4699.583764076233,-0.0,
14749,4699.866900682449,-0.0,
14750,4700.145081281662,-0.0,
14751,4701.174517393112,-0.0,
14752,4701.456332206726,-0.006744958,
14753,4701.740284442902,-0.0,
14754,4702.021497488022,-0.008356712,
14755,4702.303924798965,-0.0029183666,
14756,4702.587223529816,-0.0,
14757,4702.8703446388245,-0.0,
14758,4703.154320240021,-0.013143065,
14759,4703.439264297485,-0.0,
14760,4703.722252368927,-0.013903458,
14761,4704.005641698837,-0.01323054,
14762,4704.2886118888855,-0.008678243,
14763,4704.571613073349,-0.0,
14764,4704.8559465408325,-0.0,
14765,4705.139563322067,-0.013035282,
14766,4705.422065258026,-0.004989886,
14767,4705.705149173737,-0.0,
14768,4705.987705945969,-0.0,
14769,4706.271058320999,-0.0,
14770,4706.555297136307,-0.00088169466,
14771,4706.839417934418,-0.0,
14772,4707.12163567543,-0.0,
14773,4707.404717206955,-0.0,
14774,4707.68777346611,-0.0,
14775,4707.967789888382,-0.0,
14776,4709.0157833099365,-0.0,
14777,4709.29819393158,-0.0,
14778,4709.58212351799,-0.017257277,
14779,4709.86759519577,-0.0,
14780,4710.1539561748505,-0.0,
14781,4710.439514398575,-0.0,
14782,4710.721565246582,-1.5852299e-11,
14783,4711.0048015117645,-0.021382654,
14784,4711.287775754929,-0.0,
14785,4711.5717532634735,-0.0,
14786,4711.85578751564,-0.028847417,
14787,4712.138808250427,-0.008805863,
14788,4712.422515153885,-0.0,
14789,4712.705860853195,-0.024828043,
14790,4712.989194869995,-0.0016827333,
14791,4713.273500919342,-0.0,
14792,4713.55731511116,-0.0,
14793,4713.839621543884,-0.0,
14794,4714.1227905750275,-0.0,
14795,4714.405531406403,-0.00049605727,
14796,4714.689093828201,-0.0,
14797,4714.97372174263,-0.01562872,
14798,4715.257733345032,-0.0,
14799,4715.540895938873,-0.0,
14800,4715.990166187286,-0.0,
14801,4716.9986481666565,-0.0,
14802,4717.277761220932,-0.0,
14803,4717.560301542282,-0.0,
14804,4717.842975139618,-7.903351e-07,
14805,4718.125034570694,-0.011031062,
14806,4718.408500432968,-0.0,
14807,4718.690776586533,-0.0064359657,
14808,4718.974497795105,-0.029224103,
14809,4719.256948471069,-0.0,
14810,4719.53953909874,-0.00402762,
14811,4719.821880340576,-9.552023e-11,
14812,4720.104281425476,-0.0,
14813,4720.388060092926,-1.1736143e-09,
14814,4720.670943021774,-0.0,
14815,4720.95679974556,-0.0,
14816,4721.239851236343,-0.002799555,
14817,4721.522890090942,-0.0,
14818,4721.805855751038,-0.0,
14819,4722.091059923172,-0.0,
14820,4722.376811265945,-0.0063715484,
14821,4722.662604808807,-1.9686477e-10,
14822,4722.947910070419,-0.0,
14823,4723.2323632240295,-0.0063722706,
14824,4723.515513896942,-0.0,
14825,4723.794996023178,-0.004536305,
14826,4724.944297790527,-0.0,
14827,4725.228931188583,-0.0,
14828,4725.513420343399,-0.0,
14829,4725.79639673233,-0.0,
14830,4726.079862833023,-0.0,
14831,4726.364194154739,-0.011802418,
14832,4726.649476289749,-0.0,
14833,4726.934485912323,-0.0,
14834,4727.218276023865,-0.010866615,
14835,4727.502055644989,-0.0,
14836,4727.787434339523,-0.010654025,
14837,4728.0736219882965,-0.0,
14838,4728.358032941818,-0.0,
14839,4728.641564130783,-0.0,
14840,4728.925908088684,-0.0,
14841,4729.211426496506,-3.3415277e-09,
14842,4729.494176864624,-0.0,
14843,4729.778452157974,-0.01623556,
14844,4730.062183380127,-0.0114501,
14845,4730.347386598587,-0.0,
14846,4730.631991863251,-0.0,
14847,4730.915481328964,-0.0,
14848,4731.200103759766,-0.0,
14849,4731.48509645462,-0.0028444044,
14850,4731.765463352203,-0.0,
14851,4732.868519067764,-0.0,
14852,4733.153391361237,-0.0,
14853,4733.4353132247925,-0.0,
14854,4733.718305587769,-0.01194532,
14855,4734.00127363205,-0.0,
14856,4734.286425590515,-0.0,
14857,4734.5721662044525,-0.0,
14858,4734.856065273285,-0.0021928078,
14859,4735.139595508575,-0.0,
14860,4735.422443151474,-0.0,
14861,4735.70583152771,-0.01661111,
14862,4735.989256858826,-0.004537064,
14863,4736.27134346962,-0.0,
14864,4736.554003000259,-0.0,
14865,4736.837391138077,-0.008082403,
14866,4737.119820356369,-0.0,
14867,4737.403649568558,-0.0,
14868,4737.6869785785675,-0.0,
14869,4737.969939231873,-0.0,
14870,4738.251630783081,-0.0,
14871,4738.53493142128,-0.0,
14872,4738.817528486252,-0.0,
14873,4739.100955486298,-0.0,
14874,4739.384480714798,-0.0,
14875,4739.663943529129,-0.0,
14876,4740.664883375168,-0.0,
14877,4740.9473168849945,-0.0,
14878,4741.229464292526,-0.0,
14879,4741.511124372482,-0.0,
14880,4741.794771671295,-0.0,
14881,4742.077245950699,-0.0,
14882,4742.36049079895,-0.0,
14883,4742.644502878189,-0.0,
14884,4742.926910877228,-0.027190508,
14885,4743.209668159485,-0.0,
14886,4743.493298768997,-0.0,
14887,4743.776040792465,-0.012190578,
14888,4744.058430433273,-0.0,
14889,4744.3423018455505,-0.0,
14890,4744.627395153046,-0.0,
14891,4744.9097554683685,-0.0017202088,
14892,4745.192969799042,-0.0,
14893,4745.475901842117,-0.012620605,
14894,4745.759168148041,-0.0,
14895,4746.042781591415,-0.014306113,
14896,4746.326669216156,-0.0,
14897,4746.608707904816,-0.0,
14898,4746.892430782318,-0.0,
14899,4747.175107240677,-0.0,
14900,4747.623608112335,-0.03392054,
14901,4748.644713640213,-0.0,
14902,4748.926085948944,-0.0,
14903,4749.20893907547,-1.3519127e-09,
14904,4749.492994308472,-0.0,
14905,4749.7763476371765,-0.004635274,
14906,4750.06080198288,-0.0,
14907,4750.3457498550415,-0.0165642,
14908,4750.628628015518,-0.0,
14909,4750.913060903549,-0.0,
14910,4751.196199178696,-0.0,
14911,4751.4811289310455,-0.02493801,
14912,4751.765862464905,-0.029769821,
14913,4752.049845218658,-0.012606979,
14914,4752.334621191025,-0.0,
14915,4752.619811058044,-0.0,
14916,4752.90505695343,-0.0,
14917,4753.187667131424,-0.0,
14918,4753.471524953842,-0.007746942,
14919,4753.755066156387,-0.0,
14920,4754.040484189987,-0.0,
14921,4754.325244665146,-0.0,
14922,4754.609082698822,-0.0,
14923,4754.893694400787,-0.0,
14924,4755.178053617477,-0.0,
14925,4755.4594831466675,-0.0,
14926,4756.346838712692,-0.0,
14927,4756.627807855606,-0.0,
14928,4756.9107401371,-0.0,
14929,4757.192798376083,-0.021234691,
14930,4757.475941419601,-0.0,
14931,4757.758783817291,-0.0,
14932,4758.043130874634,-0.016386472,
14933,4758.325446605682,-0.0,
14934,4758.609072685242,-0.0,
14935,4758.891846656799,-0.0,
14936,4759.174758434296,-7.876177e-05,
14937,4759.458347082138,-0.0,
14938,4759.74302482605,-0.0,
14939,4760.025280714035,-0.018376833,
14940,4760.308503627777,-0.0,
14941,4760.5914306640625,-0.0,
14942,4760.875336647034,-0.0,
14943,4761.159248352051,-0.0,
14944,4761.442710161209,-4.7103305e-05,
14945,4761.726744890213,-0.0,
14946,4762.010015487671,-0.0,
14947,4762.293012142181,-0.0,
14948,4762.576382160187,-0.0,
14949,4762.860439538956,-0.011540166,
14950,4763.139228582382,-0.0,
14951,4764.335063457489,-0.0,
14952,4764.615367412567,-0.0,
14953,4764.898761510849,-0.0,
14954,4765.1814777851105,-0.0,
14955,4765.463495969772,-0.0,
14956,4765.746541023254,-0.0,
14957,4766.029168128967,-0.0,
14958,4766.312046289444,-0.014159923,
14959,4766.596415281296,-0.0,
14960,4766.879305839539,-0.0,
14961,4767.161707878113,-0.0,
14962,4767.448084592819,-0.003936452,
14963,4767.730791568756,-0.014457142,
14964,4768.015151023865,-0.0,
14965,4768.299115419388,-0.0,
14966,4768.583575963974,-0.0,
14967,4768.869222164154,-0.0,
14968,4769.15548157692,-0.00802646,
14969,4769.441421985626,-0.0,
14970,4769.725726366043,-0.009717297,
14971,4770.008350372314,-0.008520762,
14972,4770.29105591774,-0.0,
14973,4770.57524061203,-0.0,
14974,4770.859048604965,-0.0,
14975,4771.136906385422,-0.0,
14976,4772.104337453842,-0.0,
14977,4772.386516332626,-0.0,
14978,4772.669205665588,-0.0,
14979,4772.952970981598,-3.6460238e-10,
14980,4773.2364621162415,-0.0,
14981,4773.521327972412,-0.0,
14982,4773.803560495377,-0.0,
14983,4774.085253238678,-0.0,
14984,4774.36803650856,-0.0013454141,
14985,4774.652115821838,-0.0,
14986,4774.937133073807,-0.0,
14987,4775.220122337341,-0.0,
14988,4775.502602100372,-0.019719575,
14989,4775.785920619965,-0.005076338,
14990,4776.069765806198,-0.012844266,
14991,4776.35459280014,-0.021217618,
14992,4776.6382002830505,-0.0,
14993,4776.921945571899,-0.0,
14994,4777.205340385437,-0.0,
14995,4777.489297151566,-0.0,
14996,4777.7739317417145,-0.0,
14997,4778.057579040527,-0.005882958,
14998,4778.340177059174,-0.0,
14999,4778.623996973038,-0.0,
15000,4779.073917388916,-0.0,
15001,4779.988428115845,-0.0,
15002,4780.273073196411,-0.0,
15003,4780.558129310608,-0.0,
15004,4780.842435836792,-0.0,
15005,4781.127358675003,-0.0,
15006,4781.413109302521,-0.0,
15007,4781.69851398468,-0.0,
15008,4781.983265638351,-6.287408e-11,
15009,4782.268859624863,-0.0,
15010,4782.5550792217255,-0.012905332,
15011,4782.839164972305,-0.006690412,
15012,4783.124422311783,-0.0,
15013,4783.4106414318085,-0.013082912,
15014,4783.696372747421,-0.0028810936,
15015,4783.980758428574,-0.0,
15016,4784.265827894211,-0.0,
15017,4784.552152395248,-0.0,
15018,4784.837586641312,-0.0,
15019,4785.122703552246,-0.0,
15020,4785.4084351062775,-0.0,
15021,4785.694977283478,-0.0,
15022,4785.980120420456,-0.0,
15023,4786.265048265457,-0.0,
15024,4786.551065921783,-0.009745151,
15025,4786.832479953766,-0.0,
15026,4787.808755159378,-0.0,
15027,4788.0903403759,-0.0,
15028,4788.374759197235,-0.0,
15029,4788.657309293747,-0.0,
15030,4788.942419052124,-0.011030777,
15031,4789.227579832077,-0.015705796,
15032,4789.51468873024,-0.0,
15033,4789.8001210689545,-0.0,
15034,4790.084824800491,-0.00011373195,
15035,4790.369282007217,-1.5067839e-07,
15036,4790.653206825256,-0.02280789,
15037,4790.936151504517,-0.0067084758,
15038,4791.220211982727,-0.005817544,
15039,4791.503574132919,-0.0,
15040,4791.788492202759,-0.0,
15041,4792.073296070099,-0.0,
15042,4792.355520248413,-0.0,
15043,4792.6393320560455,-0.014509277,
15044,4792.922939300537,-0.0,
15045,4793.20737695694,-0.04503616,
15046,4793.491879701614,-0.0029336994,
15047,4793.7746431827545,-0.0,
15048,4794.059094429016,-0.0,
15049,4794.342610120773,-0.0,
15050,4794.623704910278,-0.014972717,
15051,4795.621994495392,-0.0,
15052,4795.903797864914,-0.0,
15053,4796.187658786774,-0.0,
15054,4796.471233844757,-0.0,
15055,4796.753756046295,-0.009128048,
15056,4797.037932634354,-0.006552644,
15057,4797.321471452713,-0.0,
15058,4797.606018781662,-0.0,
15059,4797.891334295273,-0.030017357,
15060,4798.1736516952515,-0.005242145,
15061,4798.45747423172,-0.014811618,
15062,4798.740938901901,-1.6196914e-11,
15063,4799.025284528732,-0.0,
15064,4799.311036109924,-0.0,
15065,4799.594301939011,-0.0,
15066,4799.8787677288055,-0.0,
15067,4800.163867712021,-0.0,
15068,4800.448100805283,-0.0,
15069,4800.732002258301,-0.0,
15070,4801.015797615051,-0.0,
15071,4801.29935669899,-0.0,
15072,4801.583854913712,-0.015577331,
15073,4801.868235826492,-0.0,
15074,4802.152054786682,-0.009408864,
15075,4802.4317038059235,-0.0,
15076,4803.586055755615,-0.0,
15077,4803.866124868393,-0.0,
15078,4804.148902893066,-0.0,
15079,4804.430792093277,-0.00063839095,
15080,4804.712954282761,-0.006910851,
15081,4804.995488166809,-0.0,
15082,4805.2776029109955,-0.0,
15083,4805.561182498932,-0.004075144,
15084,4805.844407081604,-0.0023044415,
15085,4806.12792634964,-0.0,
15086,4806.410229444504,-0.0,
15087,4806.693544149399,-0.009656116,
15088,4806.976378917694,-0.000116664254,
15089,4807.25923538208,-0.0,
15090,4807.542994737625,-0.0129342675,
15091,4807.827989578247,-0.0,
15092,4808.109652757645,-0.0,
15093,4808.39303612709,-0.0,
15094,4808.675852775574,-0.0,
15095,4808.961184978485,-0.0,
15096,4809.248749017715,-0.0,
15097,4809.530494451523,-0.0043771337,
15098,4809.814685344696,-1.6267642e-11,
15099,4810.097550868988,-0.0,
15100,4810.552812337875,-0.0,
15101,4811.6841921806335,-0.0,
15102,4811.966078042984,-0.0,
15103,4812.248623847961,-0.0,
15104,4812.531331539154,-0.0,
15105,4812.814319849014,-0.0,
15106,4813.096465349197,-0.0,
15107,4813.3802037239075,-0.0,
15108,4813.663987159729,-0.014664293,
15109,4813.947461128235,-0.0,
15110,4814.229297637939,-0.0020892555,
15111,4814.511937856674,-0.0,
15112,4814.794761657715,-0.0,
15113,4815.077838897705,-0.0,
15114,4815.361782073975,-0.0,
15115,4815.645447254181,-0.0,
15116,4815.927545785904,-0.014427273,
15117,4816.21127986908,-0.0,
15118,4816.493956327438,-0.0011223361,
15119,4816.77779006958,-0.0,
15120,4817.06156373024,-0.0,
15121,4817.34529042244,-0.0,
15122,4817.627980470657,-0.009862057,
15123,4817.911382198334,-0.0,
15124,4818.1939017772675,-0.0,
15125,4818.474211215973,-0.0,
15126,4819.585090398788,-0.0,
15127,4819.86563038826,-0.0,
15128,4820.149104118347,-0.0,
15129,4820.433295726776,-0.0,
15130,4820.718244314194,-0.0,
15131,4821.003000736237,-0.0,
15132,4821.285422563553,-0.0,
15133,4821.569439411163,-0.012742783,
15134,4821.853156805038,-0.0,
15135,4822.138339281082,-0.0,
15136,4822.423331022263,-0.0,
15137,4822.706604957581,-0.0,
15138,4822.990736722946,-0.0,
15139,4823.27435708046,-0.0,
15140,4823.559595346451,-0.0,
15141,4823.844296455383,-0.0,
15142,4824.127723693848,-0.0,
15143,4824.4119510650635,-0.0,
15144,4824.696667432785,-0.0,
15145,4824.981900215149,-0.0,
15146,4825.266117334366,-0.0,
15147,4825.550745010376,-0.011090113,
15148,4825.835809469223,-0.00930502,
15149,4826.122569799423,-0.0,
15150,4826.402323961258,-0.0,
15151,4827.418696880341,-0.0,
15152,4827.701316833496,-0.014416261,
15153,4827.982888698578,-0.0,
15154,4828.266024589539,-0.0,
15155,4828.550075054169,-0.0,
15156,4828.8342118263245,-0.0,
15157,4829.118849277496,-0.0,
15158,4829.4023180007935,-0.008858414,
15159,4829.686267614365,-0.0,
15160,4829.970923423767,-0.0,
15161,4830.2559332847595,-0.0,
15162,4830.541640281677,-0.0,
15163,4830.825372457504,-0.0,
15164,4831.109897375107,-0.0,
15165,4831.394501924515,-0.009571074,
15166,4831.678977251053,-0.0,
15167,4831.96292257309,-0.0,
15168,4832.247471570969,-0.0,
15169,4832.530918836594,-0.0,
15170,4832.816014766693,-0.008627754,
15171,4833.100603818893,-0.0,
15172,4833.384024143219,-0.0,
15173,4833.668257474899,-0.0036454396,
15174,4833.952538251877,-0.0,
15175,4834.233820676804,-0.0,
15176,4835.336756467819,-0.0076013277,
15177,4835.619956493378,-0.0,
15178,4835.903306245804,-0.0,
15179,4836.185721874237,-0.009496816,
15180,4836.467869520187,-0.0,
15181,4836.750149011612,-0.016223283,
15182,4837.033606290817,-0.008425568,
15183,4837.317099809647,-0.0,
15184,4837.598690271378,-0.0,
15185,4837.884631872177,-0.0,
15186,4838.167410850525,-0.0,
15187,4838.450988769531,-0.0,
15188,4838.73684835434,-0.0,
15189,4839.020295143127,-0.0,
15190,4839.306607246399,-0.0,
15191,4839.589775562286,-0.0,
15192,4839.876238822937,-0.0,
15193,4840.159237861633,-0.0068663517,
15194,4840.440645933151,-0.0,
15195,4840.724089384079,-0.0,
15196,4841.00661444664,-0.0,
15197,4841.2896683216095,-0.0,
15198,4841.573197126389,-0.0,
15199,4841.85711979866,-0.0,
15200,4842.300650596619,-0.0,
15201,4843.400557279587,-0.0,
15202,4843.681971549988,-0.011745864,
15203,4843.965034723282,-0.0,
15204,4844.2491364479065,-0.0,
15205,4844.533097267151,-0.0,
15206,4844.817013502121,-0.0,
15207,4845.0994753837585,-0.0,
15208,4845.383334159851,-0.0,
15209,4845.665975093842,-0.0,
15210,4845.950525760651,-0.0,
15211,4846.23522901535,-0.0071531306,
15212,4846.517847061157,-0.012806383,
15213,4846.801008224487,-0.0,
15214,4847.084613323212,-0.0,
15215,4847.369371414185,-0.0,
15216,4847.653980731964,-0.0,
15217,4847.937021970749,-0.0,
15218,4848.220226764679,-0.0,
15219,4848.504180431366,-0.0,
15220,4848.787328958511,-0.0,
15221,4849.071910142899,-0.0,
15222,4849.355985879898,-0.0,
15223,4849.639263391495,-0.0,
15224,4849.923040866852,-0.0070358957,
15225,4850.203759908676,-0.0,
15226,4851.268023490906,-0.016782252,
15227,4851.550854206085,-0.0062838625,
15228,4851.835477352142,-0.016222116,
15229,4852.1172206401825,-0.01063633,
15230,4852.4007222652435,-0.0,
15231,4852.684155702591,-0.0,
15232,4852.971864461899,-0.0,
15233,4853.255069255829,-0.0029638011,
15234,4853.538345336914,-0.0,
15235,4853.822251319885,-0.0,
15236,4854.108146905899,-0.0,
15237,4854.393222332001,-0.01615259,
15238,4854.6779935359955,-0.0,
15239,4854.963088750839,-0.0,
15240,4855.248787403107,-0.0,
15241,4855.53328537941,-0.024220277,
15242,4855.815992355347,-0.0,
15243,4856.099559545517,-0.0,
15244,4856.38264632225,-0.03071205,
15245,4856.6669228076935,-0.0,
15246,4856.95094537735,-0.0,
15247,4857.234568595886,-0.0,
15248,4857.519231081009,-0.0,
15249,4857.801954269409,-0.0,
15250,4858.082023382187,-0.023299193,
15251,4859.179881811142,-0.022136243,
15252,4859.460381269455,-0.0,
15253,4859.742676734924,-0.020071823,
15254,4860.027137041092,-0.0,
15255,4860.311411142349,-0.0,
15256,4860.592556715012,-0.0,
15257,4860.87571978569,-0.0,
15258,4861.159449100494,-0.0,
15259,4861.44216132164,-0.0,
15260,4861.726717948914,-0.0,
15261,4862.011564731598,-0.0,
15262,4862.293782711029,-0.0,
15263,4862.577710390091,-0.0,
15264,4862.860548019409,-0.0,
15265,4863.145317077637,-0.011134752,
15266,4863.429585933685,-0.0,
15267,4863.712990522385,-0.0,
15268,4863.996895074844,-0.0,
15269,4864.280278682709,-0.0,
15270,4864.564480543137,-0.0,
15271,4864.848443031311,-0.0,
15272,4865.131568193436,-0.0,
15273,4865.414981365204,-0.0,
15274,4865.698883533478,-0.018059175,
15275,4865.979405164719,-0.0,
15276,4866.919677257538,-0.0,
15277,4867.199496507645,-0.0,
15278,4867.482291221619,-0.004769824,
15279,4867.765335559845,-0.0,
15280,4868.049003601074,-0.0,
15281,4868.330926895142,-0.0075721145,
15282,4868.612870454788,-0.0,
15283,4868.895405769348,-0.0,
15284,4869.177430868149,-0.0068649543,
15285,4869.461258649826,-0.026592698,
15286,4869.744790792465,-0.00011102021,
15287,4870.028595209122,-0.0010958274,
15288,4870.31071972847,-0.0,
15289,4870.5948605537415,-0.0060611893,
15290,4870.877478122711,-0.0,
15291,4871.160528898239,-0.0,
15292,4871.444555521011,-0.0,
15293,4871.728908777237,-0.0,
15294,4872.011101484299,-0.022237148,
15295,4872.294313907623,-0.007368884,
15296,4872.57684969902,-0.0,
15297,4872.860950231552,-0.0,
15298,4873.1446006298065,-0.0,
15299,4873.427747488022,-0.00027178647,
15300,4873.874258756638,-0.0,
15301,4875.065644264221,-0.014159599,
15302,4875.347880601883,-0.0,
15303,4875.63113117218,-0.018562935,
15304,4875.915828466415,-0.0,
15305,4876.20108962059,-0.0,
15306,4876.487149715424,-0.0,
15307,4876.77126789093,-0.016466504,
15308,4877.055770874023,-0.0,
15309,4877.339629173279,-0.0,
15310,4877.627778768539,-0.014111694,
15311,4877.912574529648,-0.0,
15312,4878.1962740421295,-0.0036527459,
15313,4878.482678890228,-0.0,
15314,4878.768069982529,-0.0057930322,
15315,4879.052829742432,-0.0,
15316,4879.337220430374,-0.010746266,
15317,4879.623939990997,-3.3080582e-08,
15318,4879.908598184586,-0.0,
15319,4880.193706512451,-0.0,
15320,4880.479851007462,-0.010917678,
15321,4880.7661209106445,-0.0,
15322,4881.051766872406,-0.0,
15323,4881.336566448212,-0.0,
15324,4881.622642993927,-0.0,
15325,4881.903460979462,-0.004138211,
15326,4882.867871284485,-0.0,
15327,4883.150506019592,-8.8149136e-05,
15328,4883.434119224548,-0.0,
15329,4883.718265771866,-0.0,
15330,4884.001811027527,-0.0,
15331,4884.284725904465,-0.0046372795,
15332,4884.566689491272,-0.012580837,
15333,4884.85080575943,-0.0,
15334,4885.1342895030975,-0.0,
15335,4885.418310880661,-0.015409949,
15336,4885.702371835709,-0.011620813,
15337,4885.985810756683,-0.009303665,
15338,4886.268985748291,-0.0090545835,
15339,4886.55250787735,-0.010113106,
15340,4886.836849927902,-0.0,
15341,4887.120642900467,-0.0,
15342,4887.4040014743805,-0.0,
15343,4887.688373804092,-0.0038777094,
15344,4887.9720368385315,-0.0029034894,
15345,4888.259995698929,-0.0,
15346,4888.544067144394,-0.0,
15347,4888.826278924942,-0.0,
15348,4889.109751701355,-0.0,
15349,4889.393066167831,-0.0,
15350,4889.675149202347,-0.0,
15351,4890.782623052597,-0.012958056,
15352,4891.064259767532,-0.0,
15353,4891.348748445511,-0.0,
15354,4891.6324031353,-0.0,
15355,4891.916375875473,-0.010234121,
15356,4892.200184583664,-0.0,
15357,4892.483669996262,-0.016407823,
15358,4892.767485380173,-1.4473007e-05,
15359,4893.049261808395,-0.0,
15360,4893.332020044327,-0.0,
15361,4893.616425514221,-1.0089288e-09,
15362,4893.899530649185,-0.004138479,
15363,4894.182560920715,-0.021780761,
15364,4894.46561217308,-0.0,
15365,4894.749749422073,-0.007250622,
15366,4895.034503698349,-0.0,
15367,4895.31800198555,-0.0,
15368,4895.601629018784,-0.0,
15369,4895.883586883545,-0.009098663,
15370,4896.167291402817,-0.0,
15371,4896.450052499771,-0.0,
15372,4896.73445391655,-0.005814772,
15373,4897.0181448459625,-0.0,
15374,4897.301239490509,-0.0,
15375,4897.58007311821,-0.014184337,
15376,4898.654036283493,-0.0,
15377,4898.936096191406,-0.002727874,
15378,4899.218462944031,-0.0,
15379,4899.499214887619,-0.0,
15380,4899.78097653389,-0.0,
15381,4900.062669754028,-0.0,
15382,4900.345112323761,-0.0,
15383,4900.627559661865,-0.0,
15384,4900.909782171249,-0.0,
15385,4901.193047046661,-5.5028013e-09,
15386,4901.475670576096,-0.0,
15387,4901.759148836136,-0.0,
15388,4902.040856838226,-0.0013027549,
15389,4902.323287963867,-0.0,
15390,4902.605931997299,-0.0005987751,
15391,4902.887931108475,-0.0,
15392,4903.171072721481,-0.008949299,
15393,4903.453753709793,-0.008456034,
15394,4903.737059831619,-0.0,
15395,4904.019083738327,-0.0,
15396,4904.302405595779,-0.015244351,
15397,4904.584397554398,-0.0,
15398,4904.866502046585,-0.0,
15399,4905.14873623848,-0.014866,
15400,4905.597258806229,-0.0,
15401,4906.615609169006,-0.00083772716,
15402,4906.896927595139,-0.0,
15403,4907.178585529327,-0.011025865,
15404,4907.4605050086975,-0.0,
15405,4907.743234634399,-0.0,
15406,4908.024636268616,-0.0041403007,
15407,4908.306581735611,-0.0,
15408,4908.589498996735,-0.0,
15409,4908.872582912445,-0.0,
15410,4909.156170129776,-0.042771455,
15411,4909.438392877579,-0.0,
15412,4909.721928358078,-0.0,
15413,4910.004499435425,-0.041137744,
15414,4910.286790132523,-0.0,
15415,4910.570583581924,-0.015372578,
15416,4910.854048013687,-0.0,
15417,4911.136951446533,-0.0,
15418,4911.418946504593,-4.050644e-08,
15419,4911.701771497726,-0.0,
15420,4911.983964443207,-0.0,
15421,4912.266198158264,-0.061058402,
15422,4912.5498259067535,-0.0,
15423,4912.83301782608,-0.0,
15424,4913.115900278091,-0.0,
15425,4913.393187999725,-0.0,
15426,4914.440090894699,-0.019632973,
15427,4914.721312999725,-0.0,
15428,4915.002231121063,-0.0,
15429,4915.28387928009,-0.024286337,
15430,4915.566642999649,-0.0016553678,
15431,4915.85018658638,-0.0,
15432,4916.134260416031,-0.01819475,
15433,4916.416085958481,-4.007482e-05,
15434,4916.698615312576,-0.0,
15435,4916.981602907181,-0.013050416,
15436,4917.263630390167,-0.0,
15437,4917.5466775894165,-0.0,
15438,4917.830244064331,-0.023414785,
15439,4918.1140286922455,-0.0,
15440,4918.395709514618,-0.016245391,
15441,4918.678528547287,-0.003747503,
15442,4918.961337566376,-0.0,
15443,4919.243587732315,-0.005013025,
15444,4919.527285814285,-0.0,
15445,4919.8113052845,-0.03549077,
15446,4920.094272375107,-0.053430345,
15447,4920.3755650520325,-0.00593514,
15448,4920.6586446762085,-0.0,
15449,4920.941794395447,-0.0,
15450,4921.22137093544,-0.0,
15451,4922.234712839127,-0.014238265,
15452,4922.515737295151,-0.0,
15453,4922.799471139908,-0.0,
15454,4923.08221411705,-0.0,
15455,4923.366324901581,-0.0014086032,
15456,4923.650635719299,-0.008622657,
15457,4923.934363126755,-0.004661845,
15458,4924.21875333786,-0.012253596,
15459,4924.502232551575,-0.0020933324,
15460,4924.78740811348,-0.010706447,
15461,4925.072287797928,-0.018303817,
15462,4925.355241060257,-0.0,
15463,4925.639712095261,-0.000718551,
15464,4925.923329114914,-0.022244096,
15465,4926.208110809326,-0.01441922,
15466,4926.492050170898,-0.013478352,
15467,4926.775715827942,-4.2084802e-10,
15468,4927.05930018425,-0.0,
15469,4927.343612194061,-0.013194444,
15470,4927.627967119217,-0.015177564,
15471,4927.911710739136,-0.0,
15472,4928.195241928101,-0.003959279,
15473,4928.4796352386475,-0.011538286,
15474,4928.76424908638,-0.0,
15475,4929.0453634262085,-0.004583091,
15476,4930.1123831272125,-0.013082119,
15477,4930.392366409302,-0.0,
15478,4930.6739547252655,-0.0,
15479,4930.957641363144,-0.003619793,
15480,4931.240645647049,-0.014617029,
15481,4931.525504112244,-8.5496436e-07,
15482,4931.809982299805,-0.0,
15483,4932.092361211777,-0.02042875,
15484,4932.3758289813995,-0.0,
15485,4932.658942937851,-0.0,
15486,4932.943712949753,-0.0,
15487,4933.226878643036,-0.0128896795,
15488,4933.511002063751,-0.0,
15489,4933.794135808945,-0.00071204844,
15490,4934.0772976875305,-0.0,
15491,4934.360688209534,-0.009984782,
15492,4934.646123409271,-0.0,
15493,4934.929802894592,-0.0,
15494,4935.212413549423,-0.0,
15495,4935.495505571365,-0.0,
15496,4935.778514623642,-0.012976554,
15497,4936.062990427017,-1.2521978e-10,
15498,4936.348504066467,-0.0,
15499,4936.6313400268555,-0.0,
15500,4937.080016374588,-0.008134706,
15501,4938.166183233261,-0.0,
15502,4938.448018789291,-0.0,
15503,4938.7304174900055,-1.0570786e-05,
15504,4939.014167547226,-0.00031845257,
15505,4939.297080516815,-0.0010877046,
15506,4939.580739021301,-0.0,
15507,4939.864170789719,-0.0,
15508,4940.148332118988,-0.026690558,
15509,4940.431926727295,-0.013454383,
15510,4940.715571880341,-0.0,
15511,4940.999623537064,-0.0,
15512,4941.284116268158,-0.012149795,
15513,4941.567547559738,-0.0,
15514,4941.851280927658,-0.0,
15515,4942.135151863098,-0.0,
15516,4942.418460607529,-0.008754774,
15517,4942.702682971954,-0.0004154552,
15518,4942.986787557602,-0.0,
15519,4943.2704446315765,-0.013582245,
15520,4943.554313898087,-0.0046133096,
15521,4943.837753772736,-0.0009645428,
15522,4944.121920585632,-0.0,
15523,4944.406365871429,-0.0,
15524,4944.689208030701,-0.0,
15525,4944.969660520554,-0.0,
15526,4945.9558165073395,-0.0,
15527,4946.238780498505,-0.0,
15528,4946.523046731949,-0.0,
15529,4946.8061780929565,-0.0,
15530,4947.089190006256,-0.0,
15531,4947.3729293346405,-0.0,
15532,4947.656738519669,-0.006528384,
15533,4947.941184282303,-0.0,
15534,4948.224814891815,-0.0,
15535,4948.507214307785,-0.0,
15536,4948.791222572327,-0.0,
15537,4949.074422359467,-1.08533904e-07,
15538,4949.359116315842,-0.0,
15539,4949.6439328193665,-0.0,
15540,4949.926585197449,-0.0,
15541,4950.210643529892,-0.0,
15542,4950.494393110275,-0.0,
15543,4950.7797083854675,-0.0032155584,
15544,4951.064260005951,-0.047223013,
15545,4951.346884012222,-0.0,
15546,4951.631411314011,-0.0,
15547,4951.914471387863,-0.011863821,
15548,4952.199227571487,-0.0,
15549,4952.48407292366,-0.012622687,
15550,4952.76332783699,-0.0,
15551,4953.792531967163,-0.0,
15552,4954.071640014648,-0.0,
15553,4954.353222131729,-0.0,
15554,4954.636177062988,-0.0060716458,
15555,4954.918708562851,-0.0,
15556,4955.200312614441,-0.0,
15557,4955.48189663887,-0.010241691,
15558,4955.76319360733,-0.0,
15559,4956.045497179031,-0.00038649366,
15560,4956.327139616013,-0.0,
15561,4956.609555006027,-0.0,
15562,4956.890933275223,-0.0,
15563,4957.173099756241,-0.0,
15564,4957.455643892288,-0.0,
15565,4957.738936662674,-1.281576e-06,
15566,4958.020545959473,-0.0,
15567,4958.302322387695,-0.0,
15568,4958.583085298538,-0.0,
15569,4958.865217208862,-0.015671631,
15570,4959.147405862808,-0.0,
15571,4959.429099321365,-0.0,
15572,4959.710026741028,-0.011691632,
15573,4959.9921016693115,-0.0,
15574,4960.275207519531,-0.0,
15575,4960.553989648819,-0.0,
15576,4961.673332929611,-0.015829671,
15577,4961.959630012512,-0.016277142,
15578,4962.244455337524,-0.00063892745,
15579,4962.530246257782,-0.011024538,
15580,4962.816370725632,-0.0074527566,
15581,4963.099790096283,-0.0,
15582,4963.38254570961,-0.005772771,
15583,4963.666828393936,-0.022665858,
15584,4963.950259447098,-0.0,
15585,4964.234553813934,-0.0,
15586,4964.519454956055,-0.0,
15587,4964.802918434143,-0.0,
15588,4965.086730480194,-0.015421672,
15589,4965.37001657486,-0.0,
15590,4965.654833555222,-0.0,
15591,4965.939300537109,-0.012725264,
15592,4966.222429513931,-0.0,
15593,4966.506238937378,-0.010634649,
15594,4966.789261579514,-0.0,
15595,4967.073952436447,-0.0,
15596,4967.359167337418,-0.009601585,
15597,4967.642249584198,-0.01597941,
15598,4967.926611423492,-0.0,
15599,4968.210456132889,-0.0,
15600,4968.658506155014,-0.0,
15601,4969.780389070511,-0.0,
15602,4970.060158967972,-0.0,
15603,4970.343512535095,-0.0,
15604,4970.626703500748,-0.0,
15605,4970.910130262375,-0.016061785,
15606,4971.1943781375885,-0.03298533,
15607,4971.478255271912,-0.0,
15608,4971.760945320129,-0.0,
15609,4972.044899225235,-0.0,
15610,4972.328071117401,-0.0,
15611,4972.612521886826,-0.0,
15612,4972.897000551224,-0.0,
15613,4973.180908441544,-0.004672943,
15614,4973.465319633484,-0.00010011728,
15615,4973.74969959259,-0.013101915,
15616,4974.033999919891,-0.0,
15617,4974.318267583847,-0.0,
15618,4974.601598262787,-0.0,
15619,4974.885546684265,-0.0,
15620,4975.170212984085,-0.0,
15621,4975.455269098282,-0.0,
15622,4975.739140033722,-0.011346262,
15623,4976.02282166481,-0.0,
15624,4976.306724786758,-0.0,
15625,4976.587506771088,-0.0,
15626,4977.691422700882,-0.0,
15627,4977.9724135398865,-0.0,
15628,4978.254815578461,-0.0,
15629,4978.536655187607,-0.0031333389,
15630,4978.818573474884,-0.006494878,
15631,4979.101047515869,-0.0121962065,
15632,4979.382573604584,-0.0,
15633,4979.66468501091,-0.0,
15634,4979.948407411575,-0.0,
15635,4980.231863021851,-0.0,
15636,4980.514931440353,-0.0,
15637,4980.796835422516,-0.0,
15638,4981.079548358917,-0.013780101,
15639,4981.362407922745,-0.0,
15640,4981.644548654556,-0.0,
15641,4981.927953720093,-0.0,
15642,4982.210615158081,-0.0,
15643,4982.495242357254,-0.0,
15644,4982.77685713768,-0.0,
15645,4983.059998512268,-0.0,
15646,4983.342125415802,-0.01521834,
15647,4983.624840497971,-0.0,
15648,4983.909202337265,-0.0,
15649,4984.193950891495,-0.001898146,
15650,4984.471859455109,-0.0019391412,
15651,4985.642066001892,-0.0,
15652,4985.924320220947,-0.0,
15653,4986.206968545914,-0.0,
15654,4986.490087032318,-0.0073322547,
15655,4986.772654771805,-0.0,
15656,4987.0552525520325,-0.0,
15657,4987.338404417038,-0.0,
15658,4987.620956420898,-0.0,
15659,4987.9024958610535,-0.0,
15660,4988.186094284058,-0.012343807,
15661,4988.468589305878,-0.0,
15662,4988.751003980637,-0.0046841674,
15663,4989.035420656204,-0.0,
15664,4989.318184137344,-0.0,
15665,4989.600381135941,-0.011530213,
15666,4989.882932186127,-0.0,
15667,4990.166503190994,-0.0,
15668,4990.451034545898,-0.0,
15669,4990.733663082123,-0.0,
15670,4991.015787601471,-0.0,
15671,4991.299138069153,-0.001792433,
15672,4991.582255363464,-0.0,
15673,4991.866225004196,-0.0,
15674,4992.151171445847,-0.0,
15675,4992.430601835251,-0.0,
15676,4993.576593160629,-0.0,
15677,4993.858218431473,-0.0,
15678,4994.139900922775,-0.0,
15679,4994.423848867416,-0.0,
15680,4994.706727266312,-0.0,
15681,4994.990469694138,-0.0,
15682,4995.272440910339,-0.0,
15683,4995.554784536362,-0.013620023,
15684,4995.835587501526,-0.002940101,
15685,4996.118144989014,-0.0,
15686,4996.401105642319,-0.012030618,
15687,4996.684036970139,-0.0,
15688,4996.967434644699,-0.0,
15689,4997.250225305557,-0.0,
15690,4997.532146930695,-0.0,
15691,4997.81488609314,-0.009328703,
15692,4998.097368240356,-0.0,
15693,4998.380670547485,-0.03911534,
15694,4998.664536476135,-0.031020386,
15695,4998.947763442993,-0.0,
15696,4999.230178594589,-0.0,
15697,4999.51230931282,-0.0,
15698,4999.795045375824,-3.9717875e-07,
15699,5000.077634096146,-0.0,
15700,5000.525732278824,-0.010326297,
15701,5001.470602273941,-0.0,
15702,5001.754200696945,-0.008396811,
15703,5002.037444114685,-0.0,
15704,5002.321305274963,-0.00015248882,
15705,5002.604948043823,-0.0,
15706,5002.888501167297,-2.1113326e-08,
15707,5003.171067476273,-0.0,
15708,5003.455479383469,-0.0,
15709,5003.738337755203,-0.0,
15710,5004.023131370544,-0.0,
15711,5004.3079969882965,-0.0,
15712,5004.591472387314,-0.0,
15713,5004.875424623489,-1.4834015e-07,
15714,5005.159731626511,-0.0,
15715,5005.444297075272,-0.0,
15716,5005.728302955627,-0.0,
15717,5006.011758804321,-0.0,
15718,5006.2955441474915,-0.0,
15719,5006.579931974411,-0.0,
15720,5006.865431308746,-0.0,
15721,5007.14909362793,-0.0,
15722,5007.433238506317,-0.0,
15723,5007.716253042221,-0.0,
15724,5008.00079369545,-0.0,
15725,5008.28170633316,-0.0152647495,
15726,5009.348115444183,-0.0,
15727,5009.630258798599,-0.0,
15728,5009.911887168884,-0.0,
15729,5010.194971561432,-0.0,
15730,5010.47900724411,-0.0,
15731,5010.763150691986,-0.0,
15732,5011.0461184978485,-0.0,
15733,5011.329231977463,-0.0,
15734,5011.612921953201,-0.0,
15735,5011.8958332538605,-0.0,
15736,5012.180391788483,-0.0,
15737,5012.464464664459,-0.0,
15738,5012.7468819618225,-0.0,
15739,5013.030469894409,-0.0,
15740,5013.313789367676,-0.020850234,
15741,5013.59766125679,-0.0,
15742,5013.8829872608185,-0.0,
15743,5014.166405439377,-0.00085547345,
15744,5014.450540304184,-4.1327134e-08,
15745,5014.733531475067,-1.5988369e-11,
15746,5015.018315553665,-0.0,
15747,5015.303055763245,-0.0,
15748,5015.58559179306,-0.0,
15749,5015.868579387665,-0.0076522008,
15750,5016.147856235504,-1.9019074e-08,
15751,5017.230779647827,-0.0,
15752,5017.512611627579,-0.0,
15753,5017.797235965729,-0.0,
15754,5018.083323717117,-0.0,
15755,5018.367028951645,-0.0036051036,
15756,5018.651834487915,-0.003195204,
15757,5018.93758225441,-0.0,
15758,5019.224895000458,-0.0,
15759,5019.512145519257,-0.0,
15760,5019.797295093536,-1.0590071e-06,
15761,5020.0834403038025,-0.0006364514,
15762,5020.370076417923,-0.01703875,
15763,5020.656980276108,-0.0,
15764,5020.945943117142,-0.013408903,
15765,5021.231712818146,-0.0066995258,
15766,5021.519371271133,-0.0,
15767,5021.804568767548,-0.0,
15768,5022.088958501816,-0.0,
15769,5022.374358415604,-0.0,
15770,5022.660685539246,-0.0,
15771,5022.944854736328,-0.0005789065,
15772,5023.2297995090485,-0.0,
15773,5023.515609025955,-0.0,
15774,5023.802158117294,-0.0,
15775,5024.082884550095,-0.0,
15776,5025.149805307388,-0.0,
15777,5025.430323123932,-0.0,
15778,5025.713951587677,-0.0,
15779,5025.997202157974,-0.0,
15780,5026.2806396484375,-0.027694061,
15781,5026.562845945358,-0.0,
15782,5026.846573591232,-0.0,
15783,5027.129436254501,-0.0,
15784,5027.413462877274,-0.0,
15785,5027.697626829147,-0.0,
15786,5027.981244325638,-0.0,
15787,5028.264734745026,-0.009794216,
15788,5028.548318386078,-0.0,
15789,5028.831688165665,-1.7894396e-10,
15790,5029.1161897182465,-0.029743914,
15791,5029.400119543076,-0.01716734,
15792,5029.68310046196,-0.0,
15793,5029.9674077034,-0.0,
15794,5030.250561237335,-0.006787481,
15795,5030.534943819046,-0.0,
15796,5030.819687128067,-0.0,
15797,5031.1030514240265,-0.0,
15798,5031.386637926102,-0.0,
15799,5031.67081618309,-0.0,
15800,5032.12061214447,-0.0,
15801,5033.1615924835205,-0.0,
15802,5033.442231655121,-0.0,
15803,5033.725431919098,-0.0,
15804,5034.008990287781,-0.0024416745,
15805,5034.293357849121,-0.0,
15806,5034.577399730682,-0.0,
15807,5034.8604691028595,-0.00016567767,
15808,5035.143990039825,-0.0,
15809,5035.428079843521,-0.032662738,
15810,5035.71328163147,-0.017575528,
15811,5035.997659444809,-0.007337689,
15812,5036.280688524246,-0.0,
15813,5036.564870119095,-0.0,
15814,5036.848935365677,-0.0,
15815,5037.134360790253,-0.0,
15816,5037.418984413147,-0.0,
15817,5037.703288078308,-0.0,
15818,5037.986610412598,-0.024402555,
15819,5038.271741390228,-0.0,
15820,5038.557202577591,-0.0024869803,
15821,5038.840300321579,-0.015529637,
15822,5039.124639987946,-0.0,
15823,5039.411110162735,-0.0,
15824,5039.697348356247,-0.0,
15825,5039.977175235748,-0.013377358,
15826,5040.949843406677,-0.0,
15827,5041.237667322159,-0.0,
15828,5041.521442651749,-0.0,
15829,5041.8073518276215,-0.0,
15830,5042.091299295425,-0.0,
15831,5042.376492500305,-0.0,
15832,5042.660288333893,-0.0,
15833,5042.944584608078,-0.0026949772,
15834,5043.22910618782,-0.0,
15835,5043.513937473297,-0.0,
15836,5043.797322750092,-0.0,
15837,5044.081792354584,-0.0,
15838,5044.366138458252,-0.0,
15839,5044.65153837204,-0.009289959,
15840,5044.935703754425,-0.0,
15841,5045.219694375992,-0.0,
15842,5045.503319263458,-0.0,
15843,5045.787892818451,-0.018469919,
15844,5046.07280254364,-0.010587719,
15845,5046.356970071793,-0.0,
15846,5046.64074587822,-0.0,
15847,5046.924924135208,-0.0,
15848,5047.20972943306,-0.0,
15849,5047.49470949173,-0.0,
15850,5047.77397274971,-0.0059080925,
15851,5048.828556776047,-0.0,
15852,5049.113513946533,-0.0,
15853,5049.396404266357,-0.0,
15854,5049.68034696579,-0.0023424346,
15855,5049.964058637619,-0.0,
15856,5050.248808145523,-0.0040177084,
15857,5050.533242940903,-0.0,
15858,5050.817308187485,-0.0,
15859,5051.101225614548,-0.0,
15860,5051.3864114284515,-0.0,
15861,5051.671565771103,-0.0,
15862,5051.955233573914,-0.0,
15863,5052.239269733429,-0.003825257,
15864,5052.52304983139,-0.0,
15865,5052.808319568634,-0.009127533,
15866,5053.092599630356,-0.0033932286,
15867,5053.376332044601,-0.0,
15868,5053.660545825958,-0.0,
15869,5053.945635318756,-0.0,
15870,5054.231209039688,-0.0,
15871,5054.515033960342,-0.032944486,
15872,5054.800101995468,-0.0,
15873,5055.085657835007,-0.0,
15874,5055.372984170914,-0.0,
15875,5055.655078649521,-0.0,
15876,5056.770713806152,-0.0,
15877,5057.054824590683,-0.0,
15878,5057.338377714157,-0.0,
15879,5057.62159204483,-0.0,
15880,5057.90829706192,-0.0,
15881,5058.192811489105,-0.0,
15882,5058.477135181427,-0.005654501,
15883,5058.760426998138,-5.8459376e-05,
15884,5059.044472932816,-0.0,
15885,5059.3287851810455,-0.0012882453,
15886,5059.612035036087,-0.0,
15887,5059.895396471024,-0.0,
15888,5060.178607702255,-0.0,
15889,5060.462149620056,-0.0,
15890,5060.746189594269,-0.02624756,
15891,5061.030078411102,-1.4327476e-07,
15892,5061.313258647919,-0.0,
15893,5061.597109556198,-0.0,
15894,5061.880044221878,-0.0,
15895,5062.16433763504,-0.0,
15896,5062.4486746788025,-1.4250342e-06,
15897,5062.7318477630615,-0.0021240693,
15898,5063.015090703964,-0.0,
15899,5063.297903299332,-0.0,
15900,5063.744381904602,-0.0,
15901,5064.822459220886,-0.0,
15902,5065.106844425201,-0.010294263,
15903,5065.391163110733,-0.015287096,
15904,5065.67594575882,-0.004209173,
15905,5065.960965156555,-3.2533332e-08,
15906,5066.248047590256,-0.0,
15907,5066.53173828125,-0.0,
15908,5066.817179441452,-0.016210059,
15909,5067.103636741638,-0.0,
15910,5067.389347553253,-0.018147161,
15911,5067.674585819244,-0.0,
15912,5067.959154129028,-0.0,
15913,5068.245817899704,-0.0,
15914,5068.532835960388,-0.0,
15915,5068.817980527878,-0.0,
15916,5069.103825330734,-0.0,
15917,5069.389323711395,-4.2130578e-05,
15918,5069.674638271332,-0.0,
15919,5069.959284067154,-0.0,
15920,5070.245161533356,-0.0,
15921,5070.53032541275,-0.0015768304,
15922,5070.816118240356,-0.0,
15923,5071.101650714874,-0.0,
15924,5071.387955904007,-0.0077208076,
15925,5071.669424057007,-0.011016521,
15926,5072.7360916137695,-0.0,
15927,5073.01898598671,-3.078752e-11,
15928,5073.305851459503,-0.0,
15929,5073.592607975006,-0.0,
15930,5073.878455877304,-0.0,
15931,5074.165234804153,-0.0,
15932,5074.44815158844,-0.0066277864,
15933,5074.73251748085,-0.0,
15934,5075.016453266144,-0.0,
15935,5075.30144238472,-0.0003567163,
15936,5075.586376667023,-0.0,
15937,5075.870529651642,-0.0,
15938,5076.154257297516,-0.0,
15939,5076.438946962357,-0.0,
15940,5076.72404551506,-0.0034325002,
15941,5077.0075442790985,-0.0,
15942,5077.291326284409,-0.0,
15943,5077.576108217239,-0.014990598,
15944,5077.860732316971,-0.0,
15945,5078.145570039749,-0.0,
15946,5078.429598093033,-0.0,
15947,5078.713420629501,-0.0,
15948,5078.998569965363,-0.0,
15949,5079.283261299133,-1.5586988e-11,
15950,5079.562865257263,-0.01582327,
15951,5080.603698253632,-0.0,
15952,5080.885852813721,-0.0,
15953,5081.169610261917,-0.0,
15954,5081.452882528305,-2.4907946e-05,
15955,5081.737060070038,-0.0,
15956,5082.021270513535,-0.00582276,
15957,5082.304594278336,-0.0,
15958,5082.5868854522705,-0.0,
15959,5082.869998931885,-0.0046202256,
15960,5083.153027534485,-0.0,
15961,5083.43768453598,-0.0,
15962,5083.7230088710785,-0.0,
15963,5084.006037950516,-0.0,
15964,5084.289612770081,-0.0,
15965,5084.57275056839,-0.011054058,
15966,5084.857224941254,-0.0,
15967,5085.142098665237,-0.0,
15968,5085.425007581711,-0.0,
15969,5085.709118127823,-0.0,
15970,5085.99213051796,-0.0,
15971,5086.276841878891,-0.0,
15972,5086.56188750267,-0.0,
15973,5086.844404220581,-0.009644251,
15974,5087.129847049713,-0.015812377,
15975,5087.40935921669,-0.008979386,
15976,5088.398028612137,-0.0,
15977,5088.6800532341,-0.0,
15978,5088.963308572769,-3.078752e-11,
15979,5089.2453508377075,-0.0,
15980,5089.528997659683,-0.0,
15981,5089.812752485275,-0.007557449,
15982,5090.096995353699,-0.0,
15983,5090.380875587463,-0.00230421,
15984,5090.663369655609,-0.0,
15985,5090.947230577469,-0.0,
15986,5091.2303256988525,-0.0,
15987,5091.514951944351,-0.0,
15988,5091.800146579742,-0.0,
15989,5092.082858324051,-0.008704673,
15990,5092.366501569748,-0.0,
15991,5092.64971446991,-0.0,
15992,5092.9343066215515,-0.0,
15993,5093.219092845917,-0.009083608,
15994,5093.502480983734,-6.2347805e-10,
15995,5093.786272287369,-0.0,
15996,5094.069523572922,-0.004374,
15997,5094.3544726371765,-0.0,
15998,5094.640028715134,-0.0007083991,
15999,5094.923921108246,-0.0,
16000,5095.477648496628,-0.0,
16001,5096.621950864792,-0.0013493174,
16002,5096.90484046936,-0.0,
16003,5097.188313007355,-0.0,
16004,5097.472034215927,-0.0,
16005,5097.756107330322,-0.0,
16006,5098.039488315582,-2.8523879e-09,
16007,5098.322966814041,-0.0,
16008,5098.607095479965,-0.0,
16009,5098.890963792801,-0.0,
16010,5099.1755447387695,-0.0,
16011,5099.459266901016,-0.0026729445,
16012,5099.7431082725525,-0.0,
16013,5100.026879310608,-0.0,
16014,5100.311879634857,-0.0,
16015,5100.59659743309,-0.0,
16016,5100.879996538162,-0.0,
16017,5101.164604187012,-0.0,
16018,5101.448102712631,-0.006883174,
16019,5101.733601570129,-0.0,
16020,5102.01846075058,-0.0,
16021,5102.302152395248,-0.0,
16022,5102.585967302322,-0.0,
16023,5102.870640993118,-0.012223016,
16024,5103.154995441437,-0.0,
16025,5103.43492770195,-0.0,
16026,5104.455162286758,-0.00025896897,
16027,5104.736054420471,-0.0,
16028,5105.017023563385,-0.0,
16029,5105.298675537109,-0.0,
16030,5105.582030057907,-0.0,
16031,5105.864171028137,-0.014336195,
16032,5106.146761417389,-0.01965184,
16033,5106.430755376816,-0.01042898,
16034,5106.715132713318,-0.013500894,
16035,5106.997458219528,-0.0,
16036,5107.280308246613,-0.0,
16037,5107.563405513763,-0.0,
16038,5107.846265077591,-0.0,
16039,5108.13063120842,-0.0,
16040,5108.415318250656,-0.0,
16041,5108.697384357452,-0.0,
16042,5108.980537652969,-0.0,
16043,5109.263095140457,-0.01213352,
16044,5109.545691728592,-0.010377975,
16045,5109.830077648163,-1.263178e-05,
16046,5110.114713430405,-0.0,
16047,5110.397068023682,-0.0,
16048,5110.681169271469,-0.019256137,
16049,5110.964360952377,-0.0,
16050,5111.244370937347,-0.01460873,
16051,5112.241492033005,-0.0,
16052,5112.521755695343,-0.006411714,
16053,5112.80402469635,-0.0,
16054,5113.0877566337585,-0.0,
16055,5113.371960878372,-0.0,
16056,5113.656647443771,-0.0,
16057,5113.939913988113,-0.010432342,
16058,5114.222971916199,-0.0,
16059,5114.507165670395,-0.0,
16060,5114.7919380664825,-0.0,
16061,5115.07524895668,-0.0,
16062,5115.359456539154,-0.00784179,
16063,5115.642548561096,-0.0,
16064,5115.927051544189,-0.0,
16065,5116.211957454681,-0.0,
16066,5116.495041131973,-0.0,
16067,5116.77842259407,-0.0,
16068,5117.061735868454,-0.0,
16069,5117.34611082077,-0.0,
16070,5117.630184412003,-0.0,
16071,5117.913305282593,-0.0,
16072,5118.197226762772,-0.0,
16073,5118.480803012848,-0.0,
16074,5118.765192985535,-0.0,
16075,5119.045095443726,-0.0,
16076,5120.016274213791,-0.0,
16077,5120.298726081848,-0.0,
16078,5120.580878019333,-0.0,
16079,5120.864678144455,-0.0,
16080,5121.148972034454,-0.0,
16081,5121.432334184647,-0.020980285,
16082,5121.715137243271,-0.0,
16083,5121.999053478241,-0.0,
16084,5122.28296995163,-0.0,
16085,5122.56977725029,-0.0,
16086,5122.854867935181,-0.0,
16087,5123.138989210129,-0.0,
16088,5123.424072980881,-0.021920394,
16089,5123.709700345993,-0.0,
16090,5123.994743108749,-0.0,
16091,5124.279639720917,-0.0,
16092,5124.565902709961,-0.0,
16093,5124.850142002106,-0.0019812924,
16094,5125.133214712143,-0.0,
16095,5125.417196273804,-0.0,
16096,5125.700462818146,-0.0,
16097,5125.985127925873,-0.0,
16098,5126.270059585571,-0.0,
16099,5126.55245423317,-0.0,
16100,5127.001460790634,-0.0,
16101,5128.082949399948,-0.0,
16102,5128.366819143295,-0.0,
16103,5128.650756120682,-0.0,
16104,5128.933780193329,-0.0,
16105,5129.2176377773285,-0.0,
16106,5129.501898288727,-0.0,
16107,5129.786128044128,-0.0,
16108,5130.070044994354,-0.011306539,
16109,5130.354044914246,-0.0,
16110,5130.638092756271,-0.0,
16111,5130.922919750214,-0.0,
16112,5131.208673715591,-0.0,
16113,5131.491650819778,-0.0,
16114,5131.775569438934,-0.0,
16115,5132.058893918991,-0.0,
16116,5132.3436641693115,-0.021595294,
16117,5132.6282432079315,-0.0,
16118,5132.911927223206,-0.0,
16119,5133.195580244064,-0.0,
16120,5133.479054927826,-0.015003588,
16121,5133.765292644501,-0.0,
16122,5134.049242973328,-0.0,
16123,5134.3327667713165,-0.0,
16124,5134.6165471076965,-0.0,
16125,5134.897487401962,-0.0,
16126,5136.0833995342255,-0.0,
16127,5136.366723060608,-4.3806263e-06,
16128,5136.649859428406,-0.0,
16129,5136.934021234512,-1.916579e-06,
16130,5137.218344449997,-0.0,
16131,5137.502989053726,-0.011857774,
16132,5137.787343263626,-0.0,
16133,5138.070915699005,-0.016006138,
16134,5138.355007410049,-0.00839858,
16135,5138.639426469803,-0.0,
16136,5138.925102710724,-0.0,
16137,5139.21059012413,-7.695108e-05,
16138,5139.495580673218,-0.0,
16139,5139.78030538559,-0.0030298063,
16140,5140.066641330719,-0.0,
16141,5140.353590488434,-0.0,
16142,5140.640641212463,-0.0,
16143,5140.926194906235,-0.0,
16144,5141.209339857101,-0.0,
16145,5141.493198394775,-0.0,
16146,5141.7786366939545,-0.0,
16147,5142.064420938492,-0.0,
16148,5142.347668170929,-0.008697429,
16149,5142.632607936859,-0.0,
16150,5142.913327932358,-0.0,
16151,5144.080522298813,-0.0,
16152,5144.364519357681,-0.0,
16153,5144.648392677307,-0.0,
16154,5144.932017564774,-0.0,
16155,5145.215631246567,-0.0,
16156,5145.500398874283,-0.0,
16157,5145.783175945282,-0.0,
16158,5146.065782546997,-0.0,
16159,5146.350454330444,-0.0,
16160,5146.634270429611,-0.0,
16161,5146.919238567352,-0.0,
16162,5147.204370498657,-0.0067240186,
16163,5147.488713979721,-0.0,
16164,5147.772691011429,-0.0,
16165,5148.057840585709,-0.0,
16166,5148.343048095703,-0.0,
16167,5148.626657962799,-0.0,
16168,5148.910664558411,-0.0055319224,
16169,5149.1946902275085,-0.0,
16170,5149.4799699783325,-0.0,
16171,5149.763888835907,-1.5567512e-05,
16172,5150.048297166824,-0.0,
16173,5150.332062005997,-0.013013465,
16174,5150.61666059494,-0.0,
16175,5150.89768576622,-0.0,
16176,5152.080248832703,-0.0,
16177,5152.362264871597,-0.029794909,
16178,5152.645055055618,-0.0,
16179,5152.929284334183,-0.0,
16180,5153.212947130203,-0.0,
16181,5153.497368335724,-0.0,
16182,5153.781688928604,-0.0,
16183,5154.065420627594,-0.0,
16184,5154.349573612213,-0.0114866905,
16185,5154.634534835815,-0.0,
16186,5154.918914794922,-0.013324174,
16187,5155.203361988068,-0.00097101124,
16188,5155.4874703884125,-0.0,
16189,5155.771147251129,-0.0,
16190,5156.055880784988,-0.0,
16191,5156.339839220047,-0.009641761,
16192,5156.62343454361,-0.0,
16193,5156.907742500305,-0.0,
16194,5157.191353797913,-0.0,
16195,5157.476582288742,-0.010729787,
16196,5157.7609322071075,-0.0057698544,
16197,5158.04466176033,-0.0034339835,
16198,5158.328943967819,-0.011132756,
16199,5158.613327026367,-0.0,
16200,5159.062077999115,-9.35216e-10,
16201,5160.109993934631,-0.0,
16202,5160.393918037415,-0.0,
16203,5160.679927349091,-0.0,
16204,5160.963087320328,-0.0,
16205,5161.246911764145,-0.0,
16206,5161.532113313675,-7.6337894e-11,
16207,5161.816376686096,-0.00898138,
16208,5162.099765300751,-0.0,
16209,5162.384349346161,-0.015325092,
16210,5162.668095588684,-0.0,
16211,5162.955926895142,-0.0024389373,
16212,5163.241389751434,-0.0,
16213,5163.525582075119,-0.0,
16214,5163.809547424316,-0.0,
16215,5164.096403121948,-0.017932199,
16216,5164.381547451019,-0.0,
16217,5164.668705224991,-0.0,
16218,5164.955680370331,-0.0,
16219,5165.241874694824,-0.0,
16220,5165.526016235352,-0.014834313,
16221,5165.810288190842,-0.0,
16222,5166.0950293540955,-0.0,
16223,5166.379417181015,-0.0,
16224,5166.663313627243,-0.0,
16225,5166.943648099899,-0.0,
16226,5167.910040616989,-0.0,
16227,5168.193266630173,-0.0,
16228,5168.4769551754,-0.0,
16229,5168.759968042374,-0.0,
16230,5169.043678998947,-0.0,
16231,5169.32661652565,-9.76601e-07,
16232,5169.611754655838,-0.0,
16233,5169.895712614059,-0.00012841904,
16234,5170.178916931152,-0.0,
16235,5170.463207244873,-0.0,
16236,5170.746358633041,-0.0,
16237,5171.031054258347,-0.0,
16238,5171.316154003143,-0.0,
16239,5171.599349975586,-0.0,
16240,5171.8834545612335,-0.011915745,
16241,5172.167155742645,-0.0,
16242,5172.452064990997,-0.016047861,
16243,5172.736257314682,-0.0,
16244,5173.019363641739,-0.0,
16245,5173.30338716507,-0.017469577,
16246,5173.588171482086,-0.010127086,
16247,5173.873070478439,-0.0,
16248,5174.156138896942,-0.015817868,
16249,5174.439632892609,-0.011278356,
16250,5174.719434499741,-0.0,
16251,5175.77253651619,-0.0,
16252,5176.054400682449,-0.0,
16253,5176.336617469788,-0.0038478149,
16254,5176.620036125183,-0.0,
16255,5176.903594493866,-0.007970192,
16256,5177.18807888031,-0.014492547,
16257,5177.472778081894,-0.0,
16258,5177.754575252533,-0.0,
16259,5178.038012504578,-0.0,
16260,5178.321856498718,-0.0,
16261,5178.60587143898,-0.0048204795,
16262,5178.890785694122,-0.0014506879,
16263,5179.174942493439,-0.0,
16264,5179.459452867508,-0.0,
16265,5179.743498086929,-0.0,
16266,5180.0285358428955,-0.013391613,
16267,5180.313415765762,-0.0,
16268,5180.596907615662,-0.0,
16269,5180.88063621521,-0.0,
16270,5181.164466142654,-0.0,
16271,5181.449421882629,-0.0,
16272,5181.733206272125,-0.013503024,
16273,5182.016128063202,-0.0,
16274,5182.301610946655,-0.0,
16275,5182.584214687347,-0.0,
16276,5183.641027927399,-4.475633e-07,
16277,5183.922921180725,-0.0,
16278,5184.207619428635,-0.0,
16279,5184.492634534836,-3.066082e-11,
16280,5184.7767453193665,-0.0,
16281,5185.060463666916,-0.003989827,
16282,5185.345089197159,-0.0,
16283,5185.630156755447,-0.0,
16284,5185.913784742355,-0.0,
16285,5186.197913885117,-0.009944524,
16286,5186.482138395309,-0.0,
16287,5186.768990516663,-0.012357314,
16288,5187.054280757904,-0.0,
16289,5187.340631484985,-0.0,
16290,5187.626054286957,-0.0034059163,
16291,5187.913077831268,-0.00030029024,
16292,5188.198954582214,-0.0,
16293,5188.4843719005585,-0.02097351,
16294,5188.769238233566,-0.0,
16295,5189.052921295166,-0.0,
16296,5189.336967945099,-0.0151491845,
16297,5189.621079444885,-0.02091131,
16298,5189.905641078949,-0.0077098813,
16299,5190.190538406372,-0.013853464,
16300,5190.641640901566,-0.0,
16301,5191.636247396469,-0.0,
16302,5191.918267726898,-0.0,
16303,5192.199683189392,-0.0,
16304,5192.483345985413,-0.0,
16305,5192.767450094223,-0.0,
16306,5193.0505385398865,-0.0,
16307,5193.332162857056,-0.0,
16308,5193.615534067154,-0.0,
16309,5193.897839784622,-0.0,
16310,5194.181626081467,-5.3926218e-08,
16311,5194.465796470642,-0.0025372447,
16312,5194.7493891716,-0.0,
16313,5195.032356023788,-0.0,
16314,5195.315434932709,-0.0,
16315,5195.598200559616,-0.0,
16316,5195.882265329361,-0.0,
16317,5196.166208982468,-0.015413923,
16318,5196.449440956116,-0.0,
16319,5196.732407569885,-0.0,
16320,5197.015406847,-0.0,
16321,5197.298140525818,-0.015320377,
16322,5197.582557678223,-0.029514197,
16323,5197.866829633713,-0.0,
16324,5198.149390220642,-0.0002357565,
16325,5198.428081989288,-0.0,
16326,5199.435440540314,-0.005707305,
16327,5199.715792179108,-0.0,
16328,5199.9995193481445,-0.0,
16329,5200.283965349197,-0.0,
16330,5200.568192958832,-0.0,
16331,5200.852244853973,-0.005386084,
16332,5201.135863542557,-0.0023507809,
16333,5201.419537305832,-0.009236045,
16334,5201.7036652565,-0.0,
16335,5201.987251520157,-0.0,
16336,5202.2706480026245,-0.0,
16337,5202.554634332657,-0.0,
16338,5202.838485479355,-0.006230289,
16339,5203.123945474625,-9.100032e-05,
16340,5203.410200119019,-0.006703302,
16341,5203.696548938751,-0.0,
16342,5203.983895778656,-0.0,
16343,5204.267389297485,-0.01163405,
16344,5204.551201105118,-0.00029118295,
16345,5204.834818840027,-0.015700419,
16346,5205.119326353073,-0.0,
16347,5205.404165029526,-0.0,
16348,5205.687792301178,-0.01656844,
16349,5205.971300363541,-0.003618937,
16350,5206.250133037567,-0.0,
16351,5207.369486808777,-0.005221272,
16352,5207.651151895523,-1.8356855e-07,
16353,5207.934254169464,-0.052205235,
16354,5208.218581438065,-0.0020271959,
16355,5208.502651691437,-2.098803e-08,
16356,5208.7856612205505,-0.0,
16357,5209.069211244583,-0.04009913,
16358,5209.3528072834015,-0.0,
16359,5209.637508630753,-0.009478019,
16360,5209.921851158142,-0.0015460873,
16361,5210.205833673477,-0.006181658,
16362,5210.489269733429,-0.0,
16363,5210.774527788162,-0.0,
16364,5211.059801101685,-0.0,
16365,5211.343786478043,-0.033382546,
16366,5211.62734913826,-0.009391198,
16367,5211.9118864536285,-6.675302e-06,
16368,5212.1967940330505,-0.0,
16369,5212.481737136841,-0.0,
16370,5212.7647931575775,-0.01381058,
16371,5213.048238992691,-0.0,
16372,5213.332030296326,-0.017883705,
16373,5213.615923166275,-0.0034174067,
16374,5213.900129079819,-0.023655618,
16375,5214.17964553833,-0.0,
16376,5215.260294437408,-0.0016902601,
16377,5215.54269361496,-0.0024249575,
16378,5215.825969457626,-0.023958646,
16379,5216.109037876129,-0.0,
16380,5216.391992330551,-0.025469687,
16381,5216.675678253174,-0.0,
16382,5216.9585173130035,-0.0124432985,
16383,5217.241416692734,-0.009840428,
16384,5217.523739099503,-0.028929632,
16385,5217.807465314865,-0.0,
16386,5218.089570522308,-0.0,
16387,5218.371938467026,-4.556111e-08,
16388,5218.656436681747,-0.0,
16389,5218.939541816711,-0.010714871,
16390,5219.221961021423,-0.00068321545,
16391,5219.5045692920685,-0.0,
16392,5219.788710594177,-0.017310254,
16393,5220.071738004684,-0.0,
16394,5220.356029748917,-0.008517957,
16395,5220.639110326767,-0.0009525604,
16396,5220.921351909637,-0.0041703526,
16397,5221.204112291336,-0.016302763,
16398,5221.487385749817,-0.01108907,
16399,5221.769564151764,-1.0834366e-07,
16400,5222.2160477638245,-0.0,
16401,5223.2492389678955,-0.0033020193,
16402,5223.5321435928345,-0.011155088,
16403,5223.816896438599,-0.0045874706,
16404,5224.099733829498,-0.0,
16405,5224.382225751877,-0.0,
16406,5224.665320158005,-0.0,
16407,5224.947375535965,-0.0,
16408,5225.22970199585,-0.009703122,
16409,5225.513568878174,-0.0,
16410,5225.798530578613,-0.0,
16411,5226.081152439117,-1.1367075e-07,
16412,5226.365185022354,-0.0,
16413,5226.6481256484985,-0.00022708204,
16414,5226.932315349579,-0.027472062,
16415,5227.216539144516,-0.0030682,
16416,5227.499804973602,-0.014383303,
16417,5227.782418489456,-0.0,
16418,5228.065701723099,-0.0,
16419,5228.348597049713,-0.01536124,
16420,5228.632504463196,-0.0071789464,
16421,5228.917526483536,-3.1801217e-10,
16422,5229.199610710144,-0.0,
16423,5229.48230266571,-0.0,
16424,5229.7651014328,-0.022264792,
16425,5230.044185161591,-0.005461759,
16426,5231.173435926437,-0.013929586,
16427,5231.456125259399,-0.0011878302,
16428,5231.739684820175,-0.0,
16429,5232.023617506027,-0.0,
16430,5232.306296110153,-0.0014707545,
16431,5232.589633464813,-0.014577042,
16432,5232.873010158539,-0.02719335,
16433,5233.155693531036,-0.0,
16434,5233.437612771988,-0.0,
16435,5233.720360279083,-0.0,
16436,5234.00320482254,-0.0,
16437,5234.285881280899,-0.0,
16438,5234.569709539413,-0.004978169,
16439,5234.852890014648,-0.01156209,
16440,5235.135981798172,-0.0134968385,
16441,5235.420136451721,-0.0,
16442,5235.705550193787,-0.0,
16443,5235.989337444305,-0.0,
16444,5236.272169828415,-0.0,
16445,5236.555565834045,-0.0,
16446,5236.837450504303,-0.0,
16447,5237.120389223099,-0.01575378,
16448,5237.403206110001,-0.011022226,
16449,5237.68658041954,-0.012489049,
16450,5237.967399597168,-7.6923454e-05,
16451,5239.15055847168,-0.0030650957,
16452,5239.433085680008,-0.0,
16453,5239.716409444809,-0.0,
16454,5240.001283168793,-0.0,
16455,5240.284138679504,-0.008377526,
16456,5240.567907333374,-0.0,
16457,5240.851279735565,-0.0,
16458,5241.133897304535,-0.0,
16459,5241.416272878647,-0.0,
16460,5241.699120044708,-0.0,
16461,5241.982217788696,-0.0,
16462,5242.265431642532,-0.0,
16463,5242.548959970474,-0.0,
16464,5242.83230137825,-0.0,
16465,5243.114534378052,-0.0,
16466,5243.398457288742,-0.0,
16467,5243.680973768234,-0.0,
16468,5243.963386297226,-0.0,
16469,5244.247359275818,-0.019145982,
16470,5244.531769037247,-0.0,
16471,5244.814348220825,-0.0,
16472,5245.0965921878815,-0.0132990945,
16473,5245.380179166794,-0.0,
16474,5245.662821054459,-0.0,
16475,5245.942967891693,-0.0,
16476,5246.967189788818,-0.0038562496,
16477,5247.2499787807465,-0.0,
16478,5247.5344841480255,-0.0,
16479,5247.8179063797,-0.0,
16480,5248.10013628006,-0.0,
16481,5248.383531332016,-0.006296433,
16482,5248.667458534241,-0.0,
16483,5248.951238155365,-0.0,
16484,5249.233210325241,-0.005556624,
16485,5249.517117738724,-5.7565e-05,
16486,5249.799691200256,-0.0,
16487,5250.083030462265,-0.0,
16488,5250.367072820663,-0.0,
16489,5250.651539564133,-0.0,
16490,5250.933495759964,-0.0,
16491,5251.216736793518,-0.0,
16492,5251.499258518219,-0.0,
16493,5251.782375335693,-0.0087096905,
16494,5252.066496372223,-0.0,
16495,5252.350049495697,-0.0,
16496,5252.632408857346,-0.00421268,
16497,5252.916401863098,-0.0,
16498,5253.199258089066,-0.0,
16499,5253.482000112534,-0.0,
16500,5253.932834863663,-0.0,
16501,5254.947035551071,-0.02535465,
16502,5255.228515863419,-4.9793914e-07,
16503,5255.510562419891,-0.0,
16504,5255.792186260223,-0.0,
16505,5256.074296236038,-0.0,
16506,5256.356320619583,-0.016886812,
16507,5256.637958049774,-0.0,
16508,5256.920941591263,-0.0,
16509,5257.20448923111,-0.0,
16510,5257.486923456192,-0.0,
16511,5257.770008325577,-0.0,
16512,5258.051640748978,-0.0,
16513,5258.334967374802,-0.0,
16514,5258.616838932037,-0.0,
16515,5258.898714065552,-0.0,
16516,5259.181437969208,-0.003145178,
16517,5259.464599370956,-0.0,
16518,5259.748592376709,-0.0,
16519,5260.030027627945,-0.0,
16520,5260.31290602684,-0.0,
16521,5260.5958161354065,-0.0,
16522,5260.878657102585,-0.0,
16523,5261.1614673137665,-0.0,
16524,5261.444323539734,-0.0,
16525,5261.723475456238,-0.0,
16526,5262.73382973671,-0.0,
16527,5263.015718698502,-0.0,
16528,5263.300611257553,-0.0,
16529,5263.583375930786,-0.0,
16530,5263.865923881531,-0.012288348,
16531,5264.148245334625,-0.0,
16532,5264.43288564682,-0.0,
16533,5264.715615034103,-0.0,
16534,5265.001993656158,-0.0,
16535,5265.287702798843,-0.0,
16536,5265.571886301041,-0.0,
16537,5265.85502076149,-0.0,
16538,5266.137772798538,-0.0,
16539,5266.421472787857,-0.0,
16540,5266.705752372742,-0.0,
16541,5266.988210201263,-0.0,
16542,5267.270368814468,-0.0,
16543,5267.553162574768,-0.0,
16544,5267.8357219696045,-0.0,
16545,5268.119697570801,-0.0,
16546,5268.403562307358,-0.0,
16547,5268.686126947403,-0.0,
16548,5268.967812538147,-0.0,
16549,5269.251189947128,-0.0,
16550,5269.530231952667,-0.018076774,
16551,5270.666170835495,-0.0,
16552,5270.945356369019,-0.0,
16553,5271.226647615433,-0.002808925,
16554,5271.508805990219,-0.0,
16555,5271.79221534729,-0.0,
16556,5272.073652267456,-0.0,
16557,5272.356991767883,-0.0,
16558,5272.643260717392,-0.0,
16559,5272.927860021591,-0.0,
16560,5273.209893703461,-0.0,
16561,5273.492216825485,-0.023081388,
16562,5273.7738490104675,-0.0,
16563,5274.057134389877,-0.0030003535,
16564,5274.339640140533,-0.0,
16565,5274.622465610504,-0.002512135,
16566,5274.905056476593,-0.012287058,
16567,5275.186085224152,-0.0,
16568,5275.468194961548,-0.0012158698,
16569,5275.751450538635,-0.0,
16570,5276.033900976181,-0.0,
16571,5276.317968606949,-0.0,
16572,5276.600563764572,-0.0,
16573,5276.882517576218,-0.0,
16574,5277.1642463207245,-0.0,
16575,5277.441025972366,-0.0,
16576,5278.593223333359,-0.0,
16577,5278.872116804123,-0.0056296666,
16578,5279.153617620468,-0.0,
16579,5279.435821056366,-0.0,
16580,5279.719211101532,-0.0,
16581,5280.0017466545105,-0.0,
16582,5280.282585144043,-0.0,
16583,5280.563334941864,-0.0,
16584,5280.8439745903015,-0.0,
16585,5281.12513923645,-0.0,
16586,5281.406591653824,-0.0,
16587,5281.688134670258,-0.0,
16588,5281.969265699387,-0.0,
16589,5282.250107288361,-0.0117815845,
16590,5282.53204369545,-0.0,
16591,5282.814656257629,-0.010288308,
16592,5283.096796751022,-0.0,
16593,5283.378360509872,-0.006473924,
16594,5283.660025835037,-0.0,
16595,5283.941320896149,-0.0,
16596,5284.222013950348,-0.0,
16597,5284.503067970276,-0.0,
16598,5284.7845141887665,-0.0,
16599,5285.066265821457,-0.0,
16600,5285.5116600990295,-0.0,
16601,5286.623997449875,-0.0,
16602,5286.902651309967,-0.0,
16603,5287.184146404266,-0.009427602,
16604,5287.465057611465,-0.0,
16605,5287.746339797974,-0.0,
16606,5288.027210474014,-0.0,
16607,5288.307922363281,-0.013522508,
16608,5288.588237047195,-0.0,
16609,5288.8734312057495,-0.0,
16610,5289.156243085861,-0.0,
16611,5289.4387419223785,-0.0,
16612,5289.720687389374,-0.0,
16613,5290.005152225494,-0.0,
16614,5290.287095546722,-0.0,
16615,5290.569427728653,-0.0,
16616,5290.852059364319,-8.122553e-08,
16617,5291.133843421936,-0.0,
16618,5291.415575742722,-0.0,
16619,5291.698628664017,-0.0,
16620,5291.979188919067,-0.0007811294,
16621,5292.2616720199585,-0.01686963,
16622,5292.5441517829895,-0.0,
16623,5292.827098846436,-0.0,
16624,5293.109308242798,-0.0,
16625,5293.390410900116,-0.0,
16626,5294.537793636322,-0.0,
16627,5294.818542480469,-0.014223544,
16628,5295.099598407745,-0.0,
16629,5295.381014823914,-0.0,
16630,5295.664285898209,-0.0,
16631,5295.9470891952515,-0.019877035,
16632,5296.231079339981,-0.0015329922,
16633,5296.514320611954,-0.0,
16634,5296.798073530197,-0.0010591722,
16635,5297.078931570053,-0.0,
16636,5297.364106416702,-4.989219e-10,
16637,5297.6450045108795,-0.0,
16638,5297.9288210868835,-0.0,
16639,5298.21174120903,-0.0,
16640,5298.494879484177,-0.0,
16641,5298.7762179374695,-0.0,
16642,5299.0599620342255,-0.0,
16643,5299.342107534409,-0.0,
16644,5299.626106023788,-0.0,
16645,5299.909645557404,-0.0,
16646,5300.194620609283,-0.0,
16647,5300.476232290268,-0.0,
16648,5300.75958776474,-0.0,
16649,5301.041478633881,-0.004007006,
16650,5301.321071386337,-0.0,
16651,5302.264093399048,-0.010656351,
16652,5302.543179035187,-0.0,
16653,5302.826031446457,-0.0,
16654,5303.109247922897,-0.004849655,
16655,5303.393368721008,-0.0,
16656,5303.675841331482,-0.0,
16657,5303.95925784111,-0.0,
16658,5304.241930961609,-0.0,
16659,5304.525159835815,-0.02300157,
16660,5304.80885720253,-0.0,
16661,5305.093803405762,-0.0,
16662,5305.376565217972,-0.0,
16663,5305.6609489917755,-0.0,
16664,5305.943144083023,-0.0,
16665,5306.226701974869,-0.0,
16666,5306.510279417038,-0.0,
16667,5306.795467853546,-0.0,
16668,5307.078782558441,-0.0,
16669,5307.363108634949,-0.0,
16670,5307.647066116333,-0.0020236764,
16671,5307.932643175125,-0.012138306,
16672,5308.214752197266,-0.0,
16673,5308.497563838959,-0.0,
16674,5308.780217409134,-0.0,
16675,5309.061461925507,-0.0,
16676,5310.094007015228,-0.0,
16677,5310.373399734497,-0.0,
16678,5310.6557450294495,-0.0,
16679,5310.93795466423,-0.0,
16680,5311.2208824157715,-0.0,
16681,5311.503005981445,-0.0,
16682,5311.787621974945,-0.0,
16683,5312.071082353592,-0.0,
16684,5312.35528421402,-0.0,
16685,5312.640894174576,-0.0,
16686,5312.926356315613,-0.0,
16687,5313.210526704788,-0.0,
16688,5313.495591878891,-0.0,
16689,5313.777779340744,-0.0,
16690,5314.062191963196,-0.0,
16691,5314.345765590668,-0.0,
16692,5314.63088965416,-0.0,
16693,5314.9127423763275,-0.0,
16694,5315.19690155983,-0.0,
16695,5315.478229761124,-0.0,
16696,5315.762182235718,-0.0032247668,
16697,5316.045782566071,-0.0,
16698,5316.331037282944,-0.005049092,
16699,5316.613307952881,-0.00057080504,
16700,5317.061014175415,-0.0,
16701,5318.100852012634,-0.0,
16702,5318.382230520248,-0.016022554,
16703,5318.668510913849,-0.0,
16704,5318.951513767242,-0.0,
16705,5319.235123157501,-0.0,
16706,5319.5176656246185,-0.0014439764,
16707,5319.8019926548,-0.0,
16708,5320.085803747177,-0.011935143,
16709,5320.369256973267,-0.0,
16710,5320.652595996857,-0.0,
16711,5320.935229301453,-0.0,
16712,5321.218625545502,-0.0,
16713,5321.503487586975,-0.0,
16714,5321.786504745483,-0.0,
16715,5322.0715255737305,-0.00035482517,
16716,5322.356090784073,-0.0,
16717,5322.638961553574,-0.0,
16718,5322.924817323685,-0.0,
16719,5323.20752453804,-0.0,
16720,5323.491659164429,-0.011552832,
16721,5323.773977279663,-0.0,
16722,5324.058468580246,-0.0068085804,
16723,5324.341783761978,-0.0,
16724,5324.628371477127,-0.0,
16725,5324.906962633133,-0.0,
16726,5326.01530122757,-0.0,
16727,5326.297056436539,-0.0,
16728,5326.5799016952515,-0.0,
16729,5326.865555763245,-2.061439e-05,
16730,5327.149168729782,-0.0,
16731,5327.433531284332,-0.0,
16732,5327.71607375145,-0.010452993,
16733,5328.002102136612,-0.0,
16734,5328.286803722382,-0.0061364495,
16735,5328.571140527725,-0.0,
16736,5328.85370182991,-0.0,
16737,5329.138445854187,-0.0,
16738,5329.422253847122,-0.0,
16739,5329.707610368729,-0.0,
16740,5329.99040389061,-0.0,
16741,5330.276704072952,-0.0,
16742,5330.560783147812,-0.0,
16743,5330.846111536026,-0.0,
16744,5331.128485918045,-0.0,
16745,5331.413286924362,-0.0,
16746,5331.697222471237,-8.625063e-08,
16747,5331.982617139816,-0.0,
16748,5332.26683306694,-0.015278628,
16749,5332.552221536636,-0.0011675142,
16750,5332.8313574790955,-0.0,
16751,5333.8563005924225,-0.0,
16752,5334.139269113541,-0.0017460798,
16753,5334.423659324646,-0.0,
16754,5334.708371639252,-0.0,
16755,5334.994285821915,-0.0,
16756,5335.280793905258,-0.00048401512,
16757,5335.5657069683075,-0.0,
16758,5335.851408243179,-0.0,
16759,5336.133463144302,-0.0,
16760,5336.418408870697,-0.0,
16761,5336.70365691185,-0.0,
16762,5336.988649129868,-0.0,
16763,5337.274754524231,-0.0,
16764,5337.5602951049805,-0.0,
16765,5337.844908952713,-0.0,
16766,5338.128260850906,-0.020670976,
16767,5338.4122087955475,-0.0,
16768,5338.696622610092,-0.0,
16769,5338.98096036911,-0.0,
16770,5339.264867305756,-3.8363535e-07,
16771,5339.547613620758,-0.0,
16772,5339.832107305527,-0.0,
16773,5340.11510181427,-0.0,
16774,5340.398655653,-0.0,
16775,5340.679725646973,-0.00066009536,
16776,5341.785670042038,-0.0,
16777,5342.066467285156,-0.0,
16778,5342.349722623825,-0.005003503,
16779,5342.632232666016,-0.0,
16780,5342.914994239807,-0.0,
16781,5343.198411464691,-0.0,
16782,5343.48126077652,-0.005952387,
16783,5343.764033317566,-4.15218e-08,
16784,5344.046621799469,-0.00496051,
16785,5344.332078695297,-0.0,
16786,5344.615072011948,-0.0,
16787,5344.89800453186,-0.0,
16788,5345.181560754776,-0.0,
16789,5345.463775634766,-0.0,
16790,5345.746459245682,-6.8875546e-05,
16791,5346.029125928879,-0.0,
16792,5346.311799764633,-0.0,
16793,5346.595347166061,-0.025511736,
16794,5346.879456043243,-0.0,
16795,5347.162363767624,-0.0,
16796,5347.4446766376495,-0.0,
16797,5347.72781085968,-0.0,
16798,5348.010749340057,-0.0,
16799,5348.294579267502,-0.0,
16800,5348.742619037628,-0.0,
16801,5349.715659379959,-0.0,
16802,5349.9965903759,-0.0,
16803,5350.28023982048,-0.0,
16804,5350.563015460968,-1.5267582e-11,
16805,5350.846734762192,-0.0,
16806,5351.129866600037,-0.0,
16807,5351.414510965347,-0.009174823,
16808,5351.700043678284,-0.014910972,
16809,5351.982535123825,-0.0,
16810,5352.265865802765,-3.3459994e-08,
16811,5352.548943758011,-0.0,
16812,5352.833258867264,-0.0,
16813,5353.11730837822,-0.0,
16814,5353.401271104813,-0.0,
16815,5353.685968160629,-0.0,
16816,5353.96911907196,-0.0,
16817,5354.25404214859,-0.0,
16818,5354.539159536362,-0.011960632,
16819,5354.822162389755,-0.023128169,
16820,5355.106050252914,-0.024591736,
16821,5355.390074968338,-0.013788496,
16822,5355.674690008163,-0.0,
16823,5355.958825826645,-0.0,
16824,5356.241524219513,-0.0,
16825,5356.5214557647705,-0.013819736,
16826,5357.568650960922,-0.0,
16827,5357.851746559143,-0.0,
16828,5358.136075973511,-0.0,
16829,5358.419708251953,-0.0029035492,
16830,5358.703990459442,-0.0,
16831,5358.987393140793,-0.0,
16832,5359.272339344025,-0.0,
16833,5359.557628393173,-0.0,
16834,5359.840481042862,-0.0,
16835,5360.12485909462,-0.0,
16836,5360.408467292786,-0.013570898,
16837,5360.6934633255005,-0.0,
16838,5360.9774334430695,-0.0,
16839,5361.260952949524,-0.0,
16840,5361.54505944252,-0.0,
16841,5361.829736471176,-0.0,
16842,5362.114509820938,-0.0,
16843,5362.398558616638,-0.0,
16844,5362.6835501194,-0.0,
16845,5362.9674508571625,-0.0,
16846,5363.252656459808,-0.0,
16847,5363.537625789642,-0.0,
16848,5363.820911884308,-0.0,
16849,5364.105202913284,-0.016218893,
16850,5364.385710954666,-0.0,
16851,5365.500312805176,-0.0,
16852,5365.782486438751,-0.013645712,
16853,5366.065040588379,-0.0,
16854,5366.348820924759,-0.0,
16855,5366.633277893066,-0.0,
16856,5366.9206635952,-0.0,
16857,5367.203782320023,-0.0,
16858,5367.488213300705,-0.0,
16859,5367.773050785065,-0.0,
16860,5368.057426214218,-0.0,
16861,5368.342896938324,-0.0,
16862,5368.628341913223,-0.0,
16863,5368.915803194046,-0.0,
16864,5369.200650215149,-0.0,
16865,5369.486390113831,-0.017443817,
16866,5369.770372867584,-0.0,
16867,5370.054836273193,-0.0,
16868,5370.337368488312,-0.0,
16869,5370.620942592621,-0.0053626937,
16870,5370.904138803482,-0.0033411654,
16871,5371.18862080574,-0.0,
16872,5371.47455406189,-0.0,
16873,5371.757930278778,-0.0,
16874,5372.041587352753,-0.0,
16875,5372.321766138077,-0.0,
16876,5373.378807544708,-0.0,
16877,5373.65890955925,-0.0,
16878,5373.941415071487,-0.0,
16879,5374.223748683929,-0.0,
16880,5374.508566379547,-0.005535383,
16881,5374.792711734772,-0.0,
16882,5375.074746608734,-0.0,
16883,5375.357815504074,-0.0,
16884,5375.640409708023,-0.0005640155,
16885,5375.922733306885,-0.0,
16886,5376.206843137741,-0.0,
16887,5376.490296125412,-0.0,
16888,5376.773492574692,-0.0,
16889,5377.056291818619,-0.0,
16890,5377.339622497559,-0.0,
16891,5377.622184991837,-0.0,
16892,5377.906267881393,-0.0,
16893,5378.190857410431,-0.012513461,
16894,5378.473139047623,-0.0,
16895,5378.755570411682,-0.0041979346,
16896,5379.038853406906,-0.0,
16897,5379.321673631668,-0.0,
16898,5379.605491161346,-0.0,
16899,5379.889680624008,-0.0,
16900,5380.336874485016,-0.0,
16901,5381.449604034424,-0.0,
16902,5381.732306957245,-0.0,
16903,5382.015983581543,-0.0,
16904,5382.299731492996,-0.0224928,
16905,5382.58393073082,-0.0,
16906,5382.867940425873,-0.0,
16907,5383.151886940002,-0.0,
16908,5383.436802625656,-0.0,
16909,5383.720234870911,-2.3383185e-05,
16910,5384.005312919617,-0.0,
16911,5384.289637804031,-0.0,
16912,5384.5726528167725,-0.013872676,
16913,5384.856249094009,-0.0,
16914,5385.140036344528,-0.0,
16915,5385.424880743027,-4.3101594e-05,
16916,5385.710339546204,-0.0,
16917,5385.995177030563,-0.0,
16918,5386.279507637024,-0.0013463395,
16919,5386.56391954422,-0.0,
16920,5386.849390268326,-0.0076906895,
16921,5387.133054733276,-0.0,
16922,5387.417053699493,-0.0,
16923,5387.701638698578,-0.0,
16924,5387.986731052399,-0.0,
16925,5388.267071723938,-0.0,
16926,5389.42772102356,-0.026572865,
16927,5389.7093205451965,-0.0,
16928,5389.991694688797,-0.0,
16929,5390.2748329639435,-0.0,
16930,5390.557439565659,-0.0,
16931,5390.841858386993,-0.0,
16932,5391.125123500824,-0.0,
16933,5391.40816617012,-0.0,
16934,5391.691075086594,-0.013063959,
16935,5391.974955558777,-0.0,
16936,5392.259097099304,-0.0,
16937,5392.543087005615,-0.0,
16938,5392.827700376511,-0.012706513,
16939,5393.110286235809,-0.0,
16940,5393.394005537033,-0.0,
16941,5393.677124500275,-0.0,
16942,5393.962116956711,-0.0,
16943,5394.247481107712,-0.00029714938,
16944,5394.529749393463,-0.0,
16945,5394.813759803772,-0.0,
16946,5395.096582889557,-0.023090445,
16947,5395.381361961365,-0.0,
16948,5395.6662673950195,-0.0,
16949,5395.948793172836,-0.0,
16950,5396.2277500629425,-0.0,
16951,5397.253437280655,-8.896615e-06,
16952,5397.533054351807,-0.022697762,
16953,5397.814117431641,-0.0,
16954,5398.096656799316,-0.0,
16955,5398.379682064056,-0.0,
16956,5398.662403821945,-0.0,
16957,5398.945098638535,-0.006539186,
16958,5399.2272772789,-0.0,
16959,5399.508743524551,-0.009766983,
16960,5399.791453361511,-0.0,
16961,5400.073296546936,-0.0,
16962,5400.35803937912,-0.0,
16963,5400.641244649887,-0.0,
16964,5400.924268484116,-0.0,
16965,5401.206399440765,-0.0,
16966,5401.488833427429,-0.0,
16967,5401.771764278412,-0.0,
16968,5402.053960084915,-0.0,
16969,5402.336477994919,-0.0,
16970,5402.620349407196,-0.0,
16971,5402.903071641922,-0.0,
16972,5403.18598985672,-0.0,
16973,5403.469294786453,-0.0,
16974,5403.751954078674,-0.0,
16975,5404.029632568359,-0.0,
16976,5405.074866771698,-0.0,
16977,5405.358325004578,-0.0,
16978,5405.641893625259,-0.0,
16979,5405.925655841827,-0.012106669,
16980,5406.209746599197,-0.0,
16981,5406.492882490158,-0.0,
16982,5406.777274608612,-0.0,
16983,5407.062122821808,-0.0038110868,
16984,5407.345878839493,-0.0,
16985,5407.629730224609,-0.0,
16986,5407.913819074631,-0.0,
16987,5408.198438405991,-0.0,
16988,5408.483491897583,-0.0,
16989,5408.76763176918,-0.0,
16990,5409.05192232132,-0.0,
16991,5409.33642578125,-0.0,
16992,5409.620981931686,-0.0,
16993,5409.905267953873,-0.0,
16994,5410.189733743668,-0.0,
16995,5410.4751896858215,-0.0,
16996,5410.760410308838,-0.0,
16997,5411.04603934288,-0.0,
16998,5411.33140540123,-0.0,
16999,5411.619710922241,-0.0,
17000,5412.075094938278,-0.0,
17001,5413.0789449214935,-0.0,
17002,5413.359757423401,-0.0,
17003,5413.64049577713,-0.0,
17004,5413.923162460327,-0.0,
17005,5414.206210613251,-0.0,
17006,5414.488808393478,-0.0,
17007,5414.770811080933,-0.0,
17008,5415.054639577866,-0.0,
17009,5415.338011026382,-0.0,
17010,5415.621005058289,-0.0,
17011,5415.902611255646,-0.0,
17012,5416.185713529587,-0.0,
17013,5416.468923807144,-0.007461549,
17014,5416.7528331279755,-0.0,
17015,5417.036304235458,-0.0,
17016,5417.320094585419,-0.0,
17017,5417.602365255356,-0.0,
17018,5417.885680913925,-0.0,
17019,5418.168096065521,-0.0,
17020,5418.451354026794,-0.0,
17021,5418.735694885254,-0.0,
17022,5419.021291971207,-0.012877332,
17023,5419.304974555969,-0.0,
17024,5419.587888479233,-0.0,
17025,5419.86664557457,-0.0,
17026,5420.884641170502,-0.0,
17027,5421.167781829834,-0.0,
17028,5421.452820777893,-0.0,
17029,5421.737001419067,-0.0,
17030,5422.020330429077,-0.0,
17031,5422.304630994797,-0.0,
17032,5422.58777141571,-0.0,
17033,5422.871689558029,-0.0,
17034,5423.155874252319,-0.0,
17035,5423.439151287079,-0.0,
17036,5423.7235424518585,-0.0,
17037,5424.006865501404,-0.005130801,
17038,5424.29105424881,-0.002876321,
17039,5424.575563192368,-0.0016723636,
17040,5424.859011411667,-0.0,
17041,5425.14275765419,-0.0,
17042,5425.4265513420105,-0.0,
17043,5425.710333108902,-0.0,
17044,5425.994096040726,-0.0,
17045,5426.2776527404785,-0.015851824,
17046,5426.559952497482,-0.0,
17047,5426.844312906265,-0.0,
17048,5427.127356529236,-0.0,
17049,5427.411858320236,-0.0,
17050,5427.692119598389,-0.0,
17051,5428.658264875412,-0.0,
17052,5428.939419746399,-0.0,
17053,5429.222453832626,-0.0,
17054,5429.504964590073,-0.0,
17055,5429.787397384644,-0.0,
17056,5430.07105588913,-0.0,
17057,5430.35438990593,-0.0,
17058,5430.636150360107,-0.0,
17059,5430.917724847794,-0.0,
17060,5431.201500892639,-0.0,
17061,5431.484419584274,-6.737097e-05,
17062,5431.7673625946045,-0.0,
17063,5432.050605535507,-0.0,
17064,5432.333889961243,-0.0,
17065,5432.616597175598,-0.0,
17066,5432.899441003799,-0.0,
17067,5433.182610750198,-0.008619692,
17068,5433.4652531147,-0.0,
17069,5433.749248504639,-0.0,
17070,5434.033308982849,-0.0,
17071,5434.315582990646,-1.5021331e-11,
17072,5434.598360776901,-0.0,
17073,5434.880576610565,-0.0,
17074,5435.1627368927,-0.0,
17075,5435.4417498111725,-0.0,
17076,5436.561815500259,-0.0,
17077,5436.841837644577,-0.0,
17078,5437.124769210815,-0.0,
17079,5437.411554813385,-0.007864839,
17080,5437.69576382637,-9.739136e-07,
17081,5437.979568481445,-0.0,
17082,5438.263405561447,-0.015225158,
17083,5438.5488867759705,-0.0,
17084,5438.833673238754,-0.0,
17085,5439.117376327515,-0.008322173,
17086,5439.400257587433,-0.0,
17087,5439.682051181793,-0.0,
17088,5439.964809656143,-0.0,
17089,5440.248908519745,-0.0,
17090,5440.531378746033,-0.0,
17091,5440.813469648361,-0.0,
17092,5441.095419883728,-0.0,
17093,5441.377892494202,-0.0,
17094,5441.660497903824,-0.0,
17095,5441.942880630493,-0.0,
17096,5442.226365327835,-0.0,
17097,5442.509077787399,-0.0,
17098,5442.791640520096,-0.0,
17099,5443.073750495911,-0.0,
17100,5443.521322488785,-0.0,
17101,5444.537179470062,-0.0,
17102,5444.816163778305,-0.005465529,
17103,5445.097684621811,-0.0,
17104,5445.3786907196045,-0.0,
17105,5445.659403800964,-0.0,
17106,5445.941247463226,-0.0,
17107,5446.2238738536835,-0.0,
17108,5446.506163358688,-0.004930912,
17109,5446.787862539291,-0.0,
17110,5447.068195581436,-0.0,
17111,5447.350160121918,-0.0,
17112,5447.6309378147125,-0.0,
17113,5447.911664962769,-0.0,
17114,5448.192107915878,-0.0,
17115,5448.473554134369,-0.0,
17116,5448.75429558754,-0.0,
17117,5449.036439657211,-0.0,
17118,5449.317437410355,-0.0019930867,
17119,5449.598435163498,-0.0,
17120,5449.879897117615,-0.0,
17121,5450.161566257477,-0.0,
17122,5450.444328784943,-0.0,
17123,5450.7267191410065,-0.0,
17124,5451.008106708527,-0.0,
17125,5451.286105632782,-0.0022952103,
17126,5452.402183771133,-0.0,
17127,5452.6859266757965,-5.640927e-05,
17128,5452.968203306198,-0.0,
17129,5453.251053571701,-0.0,
17130,5453.534572601318,-0.0,
17131,5453.817872047424,-0.0,
17132,5454.102006673813,-0.0,
17133,5454.386714220047,-0.0,
17134,5454.669973611832,-0.016180562,
17135,5454.952934265137,-0.0,
17136,5455.236437559128,-0.0043725595,
17137,5455.520044565201,-0.0,
17138,5455.804050207138,-0.0,
17139,5456.087508440018,-0.0,
17140,5456.369895219803,-0.0,
17141,5456.653359651566,-0.0,
17142,5456.936766386032,-0.0127780605,
17143,5457.220869541168,-0.0,
17144,5457.504984617233,-0.0062765004,
17145,5457.78808426857,-0.0062640877,
17146,5458.070994615555,-0.0,
17147,5458.35497045517,-0.0,
17148,5458.63905954361,-0.0,
17149,5458.922975540161,-0.010965291,
17150,5459.202646255493,-0.0,
17151,5460.193758010864,-0.0,
17152,5460.475415468216,-0.0,
17153,5460.759748458862,-0.0,
17154,5461.043502807617,-0.0,
17155,5461.326951265335,-0.011810616,
17156,5461.610007762909,-0.0,
17157,5461.893640756607,-0.0,
17158,5462.177387237549,-0.0,
17159,5462.46163892746,-0.0,
17160,5462.746311187744,-0.0,
17161,5463.028567314148,-0.0,
17162,5463.3123733997345,-0.009512639,
17163,5463.595573663712,-0.0,
17164,5463.880498886108,-0.0,
17165,5464.165437936783,-0.00062284654,
17166,5464.448060750961,-0.0,
17167,5464.731553077698,-0.0,
17168,5465.014912605286,-0.0,
17169,5465.298355340958,-0.0,
17170,5465.583384752274,-0.008743095,
17171,5465.867025852203,-0.0,
17172,5466.151086091995,-0.0,
17173,5466.435388088226,-0.0,
17174,5466.720172405243,-0.0,
17175,5467.001120567322,-0.0,
17176,5468.133736371994,-0.0,
17177,5468.412405967712,-0.0,
17178,5468.694139957428,-0.0,
17179,5468.975803375244,-0.0,
17180,5469.258642673492,-0.0029048466,
17181,5469.540575504303,-0.0,
17182,5469.822576761246,-7.419855e-08,
17183,5470.103311300278,-0.0,
17184,5470.384131669998,-0.0022723472,
17185,5470.665552616119,-0.0,
17186,5470.947036981583,-0.0,
17187,5471.228596687317,-0.0,
17188,5471.510611772537,-0.0,
17189,5471.791602373123,-0.0,
17190,5472.075986146927,-0.0,
17191,5472.359709024429,-0.0,
17192,5472.644248723984,-0.0,
17193,5472.926330804825,-0.0,
17194,5473.209989309311,-0.0,
17195,5473.491990566254,-0.005576584,
17196,5473.773969650269,-5.4255165e-09,
17197,5474.056894540787,-0.0,
17198,5474.340182304382,-0.002138052,
17199,5474.622300863266,-0.0,
17200,5475.073300600052,-0.0,
17201,5476.107032775879,-0.007318498,
17202,5476.389490842819,-0.0,
17203,5476.6729872226715,-0.0,
17204,5476.956457614899,-0.0,
17205,5477.240025043488,-0.0,
17206,5477.522028684616,-0.0,
17207,5477.804515361786,-0.0,
17208,5478.087621450424,-0.013272173,
17209,5478.371309995651,-0.0,
17210,5478.655061244965,-0.0,
17211,5478.938956260681,-0.0075792638,
17212,5479.221659898758,-0.0,
17213,5479.50412774086,-0.0,
17214,5479.787118196487,-0.0,
17215,5480.0698919296265,-0.0,
17216,5480.35378074646,-0.009802604,
17217,5480.636745214462,-0.0,
17218,5480.918879270554,-0.0,
17219,5481.201441287994,-0.0,
17220,5481.4842619895935,-0.010880146,
17221,5481.767143249512,-3.8199457e-09,
17222,5482.050270318985,-0.0,
17223,5482.334010601044,-0.0,
17224,5482.618205785751,-0.0,
17225,5482.897584438324,-0.0,
17226,5483.884042263031,-0.0022973882,
17227,5484.166999101639,-0.0,
17228,5484.450842142105,-0.0,
17229,5484.735320329666,-0.0,
17230,5485.019952058792,-0.000309625,
17231,5485.303608179092,-0.0,
17232,5485.587260961533,-0.0,
17233,5485.87202167511,-0.007875649,
17234,5486.1559891700745,-0.0,
17235,5486.440768241882,-0.0,
17236,5486.7245552539825,-0.0119480565,
17237,5487.008891582489,-0.0,
17238,5487.293210268021,-0.0,
17239,5487.57856464386,-0.0,
17240,5487.861758470535,-0.0,
17241,5488.1457862854,-0.0,
17242,5488.430912017822,-0.011882606,
17243,5488.714991569519,-0.0,
17244,5488.998884439468,-0.0114391595,
17245,5489.28250169754,-0.0,
17246,5489.566479921341,-0.0,
17247,5489.851757049561,-0.0,
17248,5490.136544942856,-0.0074837026,
17249,5490.41889834404,-0.0,
17250,5490.698760986328,-0.0,
17251,5491.6746299266815,-0.0,
17252,5491.957217216492,-0.0,
17253,5492.238237142563,-0.002896878,
17254,5492.521785497665,-0.0,
17255,5492.803936004639,-0.0,
17256,5493.086347818375,-0.0,
17257,5493.370299100876,-6.7817667e-09,
17258,5493.654198646545,-0.0,
17259,5493.937099695206,-0.0,
17260,5494.220021486282,-0.0,
17261,5494.503423452377,-0.0,
17262,5494.785133361816,-0.0,
17263,5495.069156885147,-0.0,
17264,5495.352000951767,-0.0,
17265,5495.635463476181,-0.0,
17266,5495.91718173027,-0.0,
17267,5496.2004137039185,-0.0,
17268,5496.4831466674805,-0.0,
17269,5496.765985250473,-0.0,
17270,5497.050476551056,-0.01111236,
17271,5497.334712505341,-0.0,
17272,5497.61802315712,-0.0,
17273,5497.901451349258,-0.0,
17274,5498.184069156647,-0.0,
17275,5498.463631629944,-0.0,
17276,5499.543081045151,-0.0,
17277,5499.824879169464,-0.0,
17278,5500.110021829605,-6.207102e-07,
17279,5500.393317699432,-8.9753585e-06,
17280,5500.6758642196655,-0.0,
17281,5500.959967374802,-0.0,
17282,5501.242670297623,-0.0,
17283,5501.526206254959,-0.0,
17284,5501.8096575737,-0.0,
17285,5502.094105005264,-0.011839962,
17286,5502.37619972229,-0.0,
17287,5502.659432172775,-0.0,
17288,5502.942420721054,-0.0,
17289,5503.225620746613,-0.0,
17290,5503.510405063629,-0.0,
17291,5503.794128894806,-6.106499e-06,
17292,5504.077354192734,-0.0,
17293,5504.3610689640045,-0.0,
17294,5504.645538568497,-0.0,
17295,5504.931448698044,-0.0,
17296,5505.216880321503,-0.0,
17297,5505.502006530762,-0.0,
17298,5505.786302566528,-0.0,
17299,5506.072607040405,-0.0070059015,
17300,5506.525743722916,-0.0,
17301,5507.566809654236,-0.0,
17302,5507.849367856979,-0.0,
17303,5508.131482839584,-0.0,
17304,5508.413462638855,-0.0,
17305,5508.695271253586,-0.0030743931,
17306,5508.978177070618,-0.0,
17307,5509.260576248169,-0.0,
17308,5509.544441699982,-0.0,
17309,5509.827782392502,-0.0,
17310,5510.11091709137,-0.0099047655,
17311,5510.39303612709,-0.019438917,
17312,5510.675097465515,-0.0,
17313,5510.958356380463,-0.008213507,
17314,5511.241260528564,-0.0,
17315,5511.52561044693,-0.0063547795,
17316,5511.809224128723,-0.0048234337,
17317,5512.091891527176,-0.026707048,
17318,5512.374827384949,-0.0,
17319,5512.658457517624,-0.0067007635,
17320,5512.941601514816,-0.0,
17321,5513.225846529007,-0.0,
17322,5513.510197162628,-0.0,
17323,5513.792205572128,-0.0,
17324,5514.075719118118,-0.0,
17325,5514.354669570923,-0.0,
17326,5515.494361877441,-0.009362941,
17327,5515.77582859993,-0.008860576,
17328,5516.058535337448,-0.0,
17329,5516.342218399048,-0.010859241,
17330,5516.626892328262,-0.020907484,
17331,5516.909535646439,-0.010537096,
17332,5517.192297697067,-0.0,
17333,5517.475715637207,-0.018042687,
17334,5517.758660316467,-0.0,
17335,5518.043449640274,-0.0,
17336,5518.327276706696,-0.0,
17337,5518.610803365707,-0.0,
17338,5518.894860744476,-0.0,
17339,5519.178095817566,-0.0,
17340,5519.462277650833,-0.0038703857,
17341,5519.74720954895,-0.0,
17342,5520.030268192291,-0.0,
17343,5520.314414262772,-0.0,
17344,5520.597334861755,-0.0,
17345,5520.881649494171,-0.0,
17346,5521.165879487991,-0.0,
17347,5521.4502389431,-0.0025894179,
17348,5521.734163284302,-0.010755256,
17349,5522.017577171326,-0.01361672,
17350,5522.298122406006,-0.0,
17351,5523.350915431976,-0.0,
17352,5523.632904052734,-0.0,
17353,5523.915750741959,-0.0,
17354,5524.1993091106415,-0.004039308,
17355,5524.4833743572235,-0.0063295327,
17356,5524.76698923111,-0.0,
17357,5525.049263954163,-0.0,
17358,5525.3330953121185,-0.016568378,
17359,5525.616346120834,-0.00797882,
17360,5525.901033639908,-0.0,
17361,5526.186013460159,-0.0,
17362,5526.469115257263,-0.0,
17363,5526.753516197205,-0.0,
17364,5527.037100553513,-0.0,
17365,5527.321338176727,-0.009146423,
17366,5527.605390787125,-0.01313234,
17367,5527.888088941574,-0.0,
17368,5528.171679735184,-0.0048239487,
17369,5528.4545249938965,-0.0,
17370,5528.739263057709,-0.0,
17371,5529.023234844208,-0.0,
17372,5529.306765556335,-0.0,
17373,5529.589720249176,-0.0,
17374,5529.873493671417,-0.0,
17375,5530.1538252830505,-0.0,
17376,5531.318907022476,-0.0,
17377,5531.600256204605,-2.6256863e-05,
17378,5531.882099151611,-3.4470071e-09,
17379,5532.164427518845,-0.0013833033,
17380,5532.445733785629,-0.0,
17381,5532.728370428085,-0.0,
17382,5533.010458469391,-0.0,
17383,5533.292869567871,-0.0,
17384,5533.575304269791,-0.0,
17385,5533.8578748703,-0.0,
17386,5534.140988111496,-0.0,
17387,5534.422435998917,-0.0,
17388,5534.704150438309,-0.0,
17389,5534.986078977585,-0.0,
17390,5535.268085479736,-0.0,
17391,5535.550507545471,-0.0,
17392,5535.83264374733,-0.0,
17393,5536.1148891448975,-0.014172519,
17394,5536.39804983139,-0.0,
17395,5536.681089878082,-0.0,
17396,5536.963517665863,-0.0,
17397,5537.245534181595,-0.0,
17398,5537.5273950099945,-0.0,
17399,5537.810048818588,-0.0,
17400,5538.257023334503,-0.0,
17401,5539.36733174324,-0.0,
17402,5539.649797677994,-0.005240082,
17403,5539.933017253876,-0.0,
17404,5540.215852975845,-0.0,
17405,5540.499135971069,-0.0,
17406,5540.781921625137,-0.0050262515,
17407,5541.062441587448,-0.0,
17408,5541.344995498657,-0.016427847,
17409,5541.628364801407,-0.0,
17410,5541.9109518527985,-0.0,
17411,5542.194666147232,-0.0,
17412,5542.477920055389,-0.0036589203,
17413,5542.760554552078,-0.0,
17414,5543.043615579605,-0.0,
17415,5543.326338291168,-0.0,
17416,5543.611763238907,-0.0,
17417,5543.895219087601,-0.0053681796,
17418,5544.181241750717,-0.0,
17419,5544.46245765686,-0.0,
17420,5544.747310638428,-0.0,
17421,5545.029691457748,-0.0,
17422,5545.314233541489,-0.0,
17423,5545.598229646683,-0.0,
17424,5545.882558822632,-0.020229308,
17425,5546.161423206329,-0.0,
17426,5547.233971118927,-0.0,
17427,5547.518116950989,-0.0,
17428,5547.8004767894745,-0.0,
17429,5548.083589315414,-0.0056102136,
17430,5548.366213798523,-2.9078948e-09,
17431,5548.650252580643,-0.0,
17432,5548.933349132538,-0.0,
17433,5549.218688488007,-0.014202732,
17434,5549.500135421753,-0.0,
17435,5549.783047676086,-0.0,
17436,5550.0663068294525,-0.0,
17437,5550.350662469864,-0.0,
17438,5550.634072303772,-0.016915634,
17439,5550.919531822205,-0.018701,
17440,5551.201437950134,-0.0,
17441,5551.486101150513,-0.0,
17442,5551.7679188251495,-0.0,
17443,5552.052483797073,-0.0,
17444,5552.336169719696,-0.0,
17445,5552.619922161102,-0.0,
17446,5552.903878927231,-0.0,
17447,5553.187215566635,-0.0,
17448,5553.4699676036835,-0.0,
17449,5553.754515886307,-0.0,
17450,5554.03243470192,-0.0069667576,
17451,5555.027858495712,-0.0,
17452,5555.310201406479,-0.00014455286,
17453,5555.592524528503,-0.0,
17454,5555.875863313675,-0.0,
17455,5556.1571393013,-0.0,
17456,5556.441357374191,-0.0,
17457,5556.722465515137,-0.0,
17458,5557.004561424255,-0.01837169,
17459,5557.2865691185,-0.02348653,
17460,5557.570648431778,-0.0,
17461,5557.853726148605,-0.0,
17462,5558.138722658157,-5.0529966e-08,
17463,5558.420535087585,-0.0,
17464,5558.7060260772705,-0.0,
17465,5558.988102674484,-0.0,
17466,5559.271802186966,-0.0,
17467,5559.554755449295,-0.0,
17468,5559.837744474411,-0.0,
17469,5560.1197509765625,-0.0,
17470,5560.40468788147,-2.009491e-10,
17471,5560.68746471405,-0.0,
17472,5560.9725251197815,-0.0,
17473,5561.255379199982,-0.0,
17474,5561.538517951965,-0.015937822,
17475,5561.817113876343,-0.021943213,
17476,5563.086966753006,-0.012984454,
17477,5563.367977142334,-0.013190027,
17478,5563.651131629944,-0.0,
17479,5563.934245824814,-0.0,
17480,5564.216967344284,-0.012141864,
17481,5564.497965335846,-0.0048398385,
17482,5564.780711889267,-0.0,
17483,5565.061859369278,-0.0,
17484,5565.34586763382,-0.0,
17485,5565.63035941124,-0.0,
17486,5565.913566112518,-0.011383814,
17487,5566.194431781769,-0.0,
17488,5566.47732758522,-0.0,
17489,5566.758825540543,-0.0,
17490,5567.042804956436,-0.0,
17491,5567.326745271683,-0.0,
17492,5567.612481594086,-0.0,
17493,5567.894482851028,-0.0,
17494,5568.176469802856,-0.0,
17495,5568.458908319473,-0.0,
17496,5568.74307179451,-0.0,
17497,5569.024656295776,-0.0,
17498,5569.3087594509125,-0.0,
17499,5569.590801715851,-0.0,
17500,5570.0419273376465,-0.0,
17501,5571.186635017395,-0.0,
17502,5571.469558238983,-0.0,
17503,5571.750770330429,-0.0064409086,
17504,5572.033427000046,-0.0,
17505,5572.3148012161255,-0.0,
17506,5572.598346710205,-0.0,
17507,5572.880056142807,-0.005107237,
17508,5573.164306402206,-2.487044e-08,
17509,5573.448247909546,-0.0,
17510,5573.731644392014,-0.0,
17511,5574.0134336948395,-0.010619231,
17512,5574.297604084015,-0.0,
17513,5574.579385280609,-0.023660176,
17514,5574.862268924713,-0.0,
17515,5575.145125389099,-0.0,
17516,5575.429896354675,-0.0,
17517,5575.711421251297,-0.0,
17518,5575.994288921356,-0.0,
17519,5576.275950670242,-0.0,
17520,5576.55797290802,-0.0,
17521,5576.839407920837,-1.4648851e-08,
17522,5577.122596979141,-0.010591568,
17523,5577.40603017807,-0.0,
17524,5577.688351631165,-0.0,
17525,5577.966250181198,-0.0,
17526,5579.049850940704,-0.0,
17527,5579.33068561554,-0.0,
17528,5579.612181186676,-0.0,
17529,5579.895498514175,-0.0,
17530,5580.176942110062,-0.0,
17531,5580.46088218689,-0.0,
17532,5580.743238687515,-0.0,
17533,5581.026920795441,-3.028691e-11,
17534,5581.308899402618,-0.0,
17535,5581.5920877456665,-0.011343944,
17536,5581.8743352890015,-0.0,
17537,5582.15838932991,-0.0,
17538,5582.440796375275,-0.0,
17539,5582.725132703781,-0.0,
17540,5583.007519483566,-0.0,
17541,5583.2895765304565,-0.00019063115,
17542,5583.572607278824,-0.0,
17543,5583.856680393219,-0.00069441897,
17544,5584.139492034912,-0.0122809345,
17545,5584.4247460365295,-0.0030266433,
17546,5584.70707154274,-0.0,
17547,5584.99218249321,-0.0,
17548,5585.272688865662,-0.0,
17549,5585.55661034584,-0.0,
17550,5585.834990501404,-0.002169278,
17551,5586.944268703461,-0.0,
17552,5587.226536512375,-0.0,
17553,5587.508384227753,-0.0,
17554,5587.791304588318,-0.0,
17555,5588.074175596237,-0.0,
17556,5588.356012582779,-0.0,
17557,5588.6386461257935,-0.0,
17558,5588.9227023124695,-0.0,
17559,5589.205437660217,-0.0,
17560,5589.487147092819,-0.0,
17561,5589.769141674042,-0.009177386,
17562,5590.051971435547,-0.0,
17563,5590.334534168243,-0.0,
17564,5590.617062091827,-0.0,
17565,5590.901122808456,-0.0,
17566,5591.184180021286,-0.0,
17567,5591.467279672623,-0.0,
17568,5591.749830722809,-0.0,
17569,5592.033025979996,-0.0,
17570,5592.315319299698,-0.0,
17571,5592.5994119644165,-0.0,
17572,5592.883831739426,-0.0,
17573,5593.166893005371,-0.0,
17574,5593.4493951797485,-0.0,
17575,5593.728535413742,-0.0,
17576,5594.916157007217,-0.0,
17577,5595.199272155762,-0.0,
17578,5595.48233795166,-0.0,
17579,5595.76499915123,-0.0,
17580,5596.04732131958,-0.0,
17581,5596.329642057419,-0.0,
17582,5596.612008810043,-0.0,
17583,5596.894273757935,-0.0,
17584,5597.177802324295,-0.0,
17585,5597.461482524872,-0.0,
17586,5597.743921041489,-0.0,
17587,5598.025842428207,-0.0,
17588,5598.309741020203,-0.0,
17589,5598.59272313118,-0.0,
17590,5598.875950574875,-0.0014470851,
17591,5599.164329767227,-0.0066887084,
17592,5599.445759296417,-0.0,
17593,5599.728333711624,-0.0,
17594,5600.013385295868,-0.0055225724,
17595,5600.298141002655,-0.0,
17596,5600.584147691727,-0.0,
17597,5600.8676788806915,-0.0044909483,
17598,5601.152079105377,-0.0,
17599,5601.4358830451965,-0.0,
17600,5601.88406920433,-0.0,
17601,5602.965396642685,-0.008262769,
17602,5603.2450387477875,-0.0,
17603,5603.527186155319,-0.0,
17604,5603.8095161914825,-0.0,
17605,5604.091111421585,-0.0,
17606,5604.374217987061,-0.0,
17607,5604.657150268555,-0.014867531,
17608,5604.939734458923,-0.0,
17609,5605.222459554672,-0.0,
17610,5605.50385260582,-0.0,
17611,5605.786929130554,-0.0,
17612,5606.069241523743,-0.01022586,
17613,5606.351269483566,-0.0,
17614,5606.635043144226,-0.0,
17615,5606.918064117432,-0.0,
17616,5607.200213432312,-0.013267333,
17617,5607.4818732738495,-0.0,
17618,5607.764222145081,-0.0,
17619,5608.047041893005,-0.0,
17620,5608.329698085785,-0.0,
17621,5608.612709283829,-0.0,
17622,5608.896053314209,-0.0,
17623,5609.17919421196,-0.0,
17624,5609.46338891983,-0.0,
17625,5609.741664886475,-0.0,
17626,5610.721008062363,-0.0,
17627,5611.0013201236725,-0.0,
17628,5611.283442258835,-0.0064698886,
17629,5611.565863132477,-0.0,
17630,5611.848231315613,-0.0065062684,
17631,5612.130540370941,-0.0,
17632,5612.414279460907,-0.0,
17633,5612.697268486023,-0.0,
17634,5612.980143785477,-0.0,
17635,5613.262102842331,-0.0,
17636,5613.5452473163605,-0.0,
17637,5613.828145742416,-0.0,
17638,5614.111373662949,-0.0,
17639,5614.395743131638,-0.0,
17640,5614.679196834564,-0.0,
17641,5614.961632966995,-0.0,
17642,5615.245307683945,-0.0,
17643,5615.527935743332,-0.0,
17644,5615.812612056732,-0.0,
17645,5616.097240924835,-0.0,
17646,5616.379950761795,-0.0,
17647,5616.662860870361,-1.5522042e-11,
17648,5616.946161985397,-0.0,
17649,5617.229063272476,-0.0,
17650,5617.50937962532,-0.0,
17651,5618.592129468918,-0.0,
17652,5618.871709346771,-0.0,
17653,5619.154434680939,-0.0,
17654,5619.436261177063,-0.0006536704,
17655,5619.717509031296,-0.0,
17656,5619.998841047287,-0.0,
17657,5620.280063152313,-0.0,
17658,5620.562180280685,-0.0,
17659,5620.84442949295,-0.0,
17660,5621.126327991486,-0.0,
17661,5621.408341407776,-0.0,
17662,5621.691521883011,-0.0,
17663,5621.97394824028,-0.0,
17664,5622.256441354752,-0.0,
17665,5622.537884950638,-0.0,
17666,5622.819961547852,-0.0,
17667,5623.101925373077,-0.009299051,
17668,5623.384271860123,-0.0,
17669,5623.665907621384,-1.83865e-09,
17670,5623.948260784149,-0.0,
17671,5624.230882167816,-0.0,
17672,5624.513552188873,-0.0,
17673,5624.7960550785065,-0.0,
17674,5625.077582359314,-0.0,
17675,5625.355289697647,-0.0,
17676,5626.3982191085815,-0.0,
17677,5626.678005933762,-0.0,
17678,5626.95986366272,-0.0,
17679,5627.242052793503,-0.0,
17680,5627.524188995361,-0.0,
17681,5627.8066120147705,-0.0,
17682,5628.089664697647,-0.0,
17683,5628.372267484665,-0.003815774,
17684,5628.653635025024,-0.0,
17685,5628.93582201004,-0.0,
17686,5629.217292070389,-0.0,
17687,5629.500349283218,-0.0,
17688,5629.7820518016815,-0.0,
17689,5630.063647508621,-0.0,
17690,5630.346239805222,-0.0,
17691,5630.629406929016,-0.0,
17692,5630.91305565834,-0.0,
17693,5631.194949388504,-0.0,
17694,5631.476624965668,-0.0,
17695,5631.759121894836,-0.0,
17696,5632.041187763214,-0.004449594,
17697,5632.32287478447,-0.0,
17698,5632.6055274009705,-0.0,
17699,5632.88848733902,-0.0,
17700,5633.337283611298,-0.0,
17701,5634.41565656662,-0.0,
17702,5634.6965663433075,-0.0071757473,
17703,5634.979476928711,-0.0,
17704,5635.2635798454285,-0.0,
17705,5635.547888040543,-0.0,
17706,5635.831527709961,-0.0,
17707,5636.114019393921,-0.0,
17708,5636.398259401321,-0.011310381,
17709,5636.6814057827,-0.0,
17710,5636.96536898613,-1.5267582e-11,
17711,5637.2497391700745,-0.0,
17712,5637.533036231995,-0.0,
17713,5637.816153526306,-0.0,
17714,5638.099911689758,-0.0,
17715,5638.38383769989,-0.0,
17716,5638.6681089401245,-0.0,
17717,5638.951546907425,-0.0,
17718,5639.234834194183,-0.0,
17719,5639.518592834473,-0.0,
17720,5639.8016793727875,-0.0,
17721,5640.086326599121,-0.0,
17722,5640.370506763458,-0.0,
17723,5640.652692317963,-0.0,
17724,5640.936935186386,-0.0,
17725,5641.216077566147,-0.0,
17726,5642.213214874268,-0.0,
17727,5642.493782997131,-0.0,
17728,5642.776622772217,-0.0,
17729,5643.058241844177,-0.0,
17730,5643.340514421463,-0.0,
17731,5643.623883962631,-0.0,
17732,5643.90660405159,-0.0,
17733,5644.189921617508,-0.0,
17734,5644.471753358841,-0.0,
17735,5644.755109548569,-0.0054095765,
17736,5645.037837505341,-0.0,
17737,5645.31976890564,-0.0,
17738,5645.603448390961,-0.0,
17739,5645.8870396614075,-0.0,
17740,5646.16858792305,-0.0,
17741,5646.450638055801,-0.0,
17742,5646.733493566513,-0.0,
17743,5647.016274213791,-0.0,
17744,5647.298697710037,-0.0,
17745,5647.582083940506,-0.0,
17746,5647.866148948669,-0.006338209,
17747,5648.149021148682,-0.0,
17748,5648.4307606220245,-0.0,
17749,5648.71351647377,-0.0,
17750,5648.992566823959,-0.0,
17751,5650.1358325481415,-0.021413865,
17752,5650.414136648178,-0.015724108,
17753,5650.696166753769,-0.0,
17754,5650.978141069412,-0.0,
17755,5651.262766361237,-0.0,
17756,5651.546209096909,-0.014944563,
17757,5651.82979798317,-0.0,
17758,5652.113720417023,-0.0,
17759,5652.396451473236,-0.0,
17760,5652.681240081787,-0.0,
17761,5652.964192867279,-0.0,
17762,5653.246851682663,-0.0,
17763,5653.528334617615,-0.0,
17764,5653.810705661774,-0.0,
17765,5654.093013286591,-0.0,
17766,5654.375332117081,-0.0,
17767,5654.65745806694,-0.0,
17768,5654.9416489601135,-0.0,
17769,5655.223570585251,-0.0,
17770,5655.506041288376,-0.0,
17771,5655.787488222122,-0.0,
17772,5656.069607973099,-0.0,
17773,5656.352132797241,-0.0,
17774,5656.634947776794,-0.0,
17775,5656.912988424301,-0.0,
17776,5657.926032543182,-0.0,
17777,5658.2051203250885,-0.0,
17778,5658.485513925552,-0.0,
17779,5658.766379833221,-0.0017968377,
17780,5659.048820018768,-0.0,
17781,5659.331031560898,-0.0,
17782,5659.6129450798035,-0.0,
17783,5659.8940415382385,-0.0,
17784,5660.176264762878,-0.0,
17785,5660.458807468414,-0.0110664945,
17786,5660.7422387599945,-0.0,
17787,5661.024528026581,-0.0,
17788,5661.305898427963,-0.0,
17789,5661.588052988052,-0.0,
17790,5661.871065378189,-0.0,
17791,5662.153145313263,-0.0,
17792,5662.435463666916,-0.0,
17793,5662.718062639236,-0.0,
17794,5663.001026153564,-0.0,
17795,5663.282923221588,-0.0,
17796,5663.564598321915,-0.0,
17797,5663.845544099808,-0.0,
17798,5664.127584695816,-0.0,
17799,5664.410418510437,-0.0,
17800,5664.8572833538055,-0.0,
17801,5665.940384149551,-0.0,
17802,5666.2223291397095,-0.0,
17803,5666.5039212703705,-0.0,
17804,5666.784856081009,-0.0,
17805,5667.0679886341095,-0.0,
17806,5667.351055622101,-0.0,
17807,5667.633469343185,-0.0,
17808,5667.917064189911,-0.0,
17809,5668.200049638748,-0.008739711,
17810,5668.482978582382,-0.0,
17811,5668.763836622238,-0.0,
17812,5669.046345472336,-0.0,
17813,5669.329019069672,-0.00082372595,
17814,5669.611157655716,-0.0,
17815,5669.894260406494,-0.0,
17816,5670.177805662155,-0.0,
17817,5670.460448026657,-0.0,
17818,5670.742418766022,-0.0,
17819,5671.025287628174,-0.0,
17820,5671.307661294937,-0.0,
17821,5671.593142271042,-0.0,
17822,5671.8781225681305,-0.0,
17823,5672.1611976623535,-0.017267337,
17824,5672.4433171749115,-0.0,
17825,5672.722041130066,-0.0,
17826,5673.779466152191,-0.0,
17827,5674.060138702393,-0.0022420122,
17828,5674.342799663544,-0.0,
17829,5674.626673460007,-0.0,
17830,5674.9096965789795,-0.0,
17831,5675.192822217941,-0.0,
17832,5675.474867343903,-0.0,
17833,5675.757639884949,-0.0,
17834,5676.039841890335,-0.0,
17835,5676.321415901184,-0.0,
17836,5676.602865695953,-0.0,
17837,5676.8856682777405,-0.0,
17838,5677.168116569519,-0.0,
17839,5677.44988656044,-0.0054326993,
17840,5677.732188463211,-0.0,
17841,5678.014697790146,-0.0,
17842,5678.297428846359,-0.0,
17843,5678.57968211174,-0.0,
17844,5678.861931324005,-0.0,
17845,5679.144329071045,-0.0,
17846,5679.426816940308,-0.0,
17847,5679.709009408951,-0.0,
17848,5679.992449045181,-0.0,
17849,5680.275486707687,-0.0016964788,
17850,5680.554101467133,-0.0,
17851,5681.5120322704315,-0.016194297,
17852,5681.794359922409,-0.0,
17853,5682.078130483627,-0.0,
17854,5682.359477758408,-0.0039596325,
17855,5682.643766880035,-0.008869671,
17856,5682.926411151886,-0.0,
17857,5683.208651781082,-0.0,
17858,5683.4925310611725,-0.0,
17859,5683.775804519653,-0.0,
17860,5684.058625936508,-0.0,
17861,5684.341102600098,-0.018218547,
17862,5684.62372136116,-0.0,
17863,5684.906913995743,-0.0,
17864,5685.190729379654,-0.005540306,
17865,5685.473816871643,-0.0,
17866,5685.756782531738,-0.0,
17867,5686.039344787598,-1.2364947e-06,
17868,5686.321898460388,-0.0,
17869,5686.6048974990845,-0.0071438085,
17870,5686.887818098068,-0.0,
17871,5687.171683549881,-0.0,
17872,5687.455134630203,-0.0,
17873,5687.737868070602,-0.0,
17874,5688.022120714188,-0.0,
17875,5688.301273822784,-0.0,
17876,5689.293132066727,-0.0,
17877,5689.5753037929535,-0.0,
17878,5689.855506896973,-0.0,
17879,5690.137364149094,-0.0,
17880,5690.420441627502,-0.011565808,
17881,5690.703202009201,-0.0,
17882,5690.985152482986,-0.0,
17883,5691.269199848175,-0.0,
17884,5691.551997661591,-0.0,
17885,5691.8347289562225,-0.00017598369,
17886,5692.116358995438,-0.0,
17887,5692.399337053299,-0.0,
17888,5692.682235956192,-0.0,
17889,5692.964701890945,-0.0,
17890,5693.248504161835,-0.0,
17891,5693.532241344452,-0.013710003,
17892,5693.814948797226,-0.0,
17893,5694.096619844437,-0.0,
17894,5694.379978895187,-0.0024545162,
17895,5694.662196397781,-0.0,
17896,5694.943961381912,-0.0,
17897,5695.228008508682,-0.0,
17898,5695.511074066162,-0.0,
17899,5695.794046640396,-0.0,
17900,5696.240987062454,-0.0,
17901,5697.305935144424,-0.003707441,
17902,5697.586550235748,-0.0,
17903,5697.868928432465,-0.0063867196,
17904,5698.151856422424,-0.0,
17905,5698.434398889542,-0.0,
17906,5698.716589212418,-0.0016390902,
17907,5698.999644756317,-0.0,
17908,5699.282620191574,-0.0,
17909,5699.566545009613,-0.0,
17910,5699.850790739059,-0.0,
17911,5700.133816003799,-0.0,
17912,5700.416167020798,-0.0,
17913,5700.700222492218,-0.0,
17914,5700.988087415695,-0.0,
17915,5701.27268242836,-0.0,
17916,5701.558594465256,-0.015360916,
17917,5701.842604875565,-0.0,
17918,5702.1298406124115,-0.0,
17919,5702.414179325104,-0.0,
17920,5702.698559999466,-0.0,
17921,5702.981577157974,-0.0,
17922,5703.265449762344,-0.0,
17923,5703.550169229507,-0.010457516,
17924,5703.832738399506,-0.01696302,
17925,5704.111372709274,-0.0,
17926,5705.255182266235,-0.0,
17927,5705.536434173584,-0.0,
17928,5705.818056106567,-0.0,
17929,5706.101189613342,-0.0,
17930,5706.385234594345,-0.0,
17931,5706.668408155441,-0.0,
17932,5706.95134472847,-0.0,
17933,5707.2343056201935,-0.0,
17934,5707.517896652222,-0.0,
17935,5707.801152944565,-0.0,
17936,5708.084887742996,-0.0,
17937,5708.36922621727,-0.0,
17938,5708.652094841003,-0.0,
17939,5708.935410737991,-0.0115793105,
17940,5709.218433856964,-0.01038708,
17941,5709.502125263214,-0.0,
17942,5709.785817146301,-0.010772693,
17943,5710.069243192673,-0.00033326226,
17944,5710.351861476898,-0.0,
17945,5710.6352705955505,-0.011860265,
17946,5710.917668581009,-9.240185e-07,
17947,5711.200734615326,-0.0,
17948,5711.484818935394,-0.0,
17949,5711.767944812775,-0.014648765,
17950,5712.046779632568,-0.0,
17951,5713.149167299271,-0.0,
17952,5713.429909706116,-0.0,
17953,5713.713708400726,-0.0,
17954,5713.996709823608,-0.0,
17955,5714.27884221077,-0.007282278,
17956,5714.56224322319,-0.0,
17957,5714.845650434494,-0.0,
17958,5715.128634929657,-0.0,
17959,5715.411574602127,-0.0,
17960,5715.695237636566,-0.0,
17961,5715.978015422821,-0.0021696184,
17962,5716.261345863342,-0.0,
17963,5716.5458652973175,-0.008965896,
17964,5716.828168392181,-0.0,
17965,5717.110200643539,-0.0,
17966,5717.3934326171875,-0.0,
17967,5717.676250696182,-0.0,
17968,5717.959265470505,-0.0,
17969,5718.243918180466,-0.0,
17970,5718.526540994644,-0.0,
17971,5718.808733463287,-0.0,
17972,5719.090559244156,-0.0,
17973,5719.373669624329,-0.0,
17974,5719.6563329696655,-0.0,
17975,5719.936349630356,-0.0,
17976,5721.087035894394,-0.0,
17977,5721.368434906006,-0.0,
17978,5721.651185750961,-0.0,
17979,5721.933711767197,-0.0,
17980,5722.217200040817,-0.0,
17981,5722.500577449799,-0.0,
17982,5722.787049770355,-0.0,
17983,5723.0706923007965,-0.0,
17984,5723.355165719986,-0.0,
17985,5723.640109300613,-0.0,
17986,5723.925591468811,-0.0,
17987,5724.209012031555,-0.0,
17988,5724.491578578949,-0.0,
17989,5724.774479627609,-0.009092719,
17990,5725.058333873749,-0.0066776956,
17991,5725.341984033585,-0.0,
17992,5725.624852657318,-0.0,
17993,5725.906929254532,-0.0,
17994,5726.191070556641,-0.0,
17995,5726.473422050476,-0.0,
17996,5726.756773471832,-0.0,
17997,5727.0399532318115,-6.222294e-05,
17998,5727.322950601578,-0.0,
17999,5727.605511903763,-0.0,
18000,5728.054970979691,-0.0,
18001,5729.082738161087,-0.0,
18002,5729.3627989292145,-0.0,
18003,5729.644396066666,-0.0072108544,
18004,5729.92599105835,-0.0,
18005,5730.209044456482,-0.0,
18006,5730.491578102112,-0.0,
18007,5730.773424386978,-0.0,
18008,5731.056679010391,-0.0,
18009,5731.3392786979675,-0.0,
18010,5731.622302532196,-0.0,
18011,5731.904236078262,-0.0,
18012,5732.186579704285,-0.0,
18013,5732.469273805618,-0.0,
18014,5732.75159573555,-0.0,
18015,5733.0338225364685,-0.0,
18016,5733.317869901657,-0.015272267,
18017,5733.601726770401,-0.002055207,
18018,5733.884157180786,-0.0,
18019,5734.167758226395,-0.0,
18020,5734.451442718506,-0.0002912225,
18021,5734.737017631531,-0.0,
18022,5735.022894144058,-0.0,
18023,5735.305425643921,-0.0043008006,
18024,5735.588227272034,-0.0,
18025,5735.867026805878,-0.0,
18026,5736.967838048935,-0.0,
18027,5737.24814748764,-7.681296e-08,
18028,5737.531591892242,-0.0,
18029,5737.814410448074,-0.0,
18030,5738.096700429916,-0.0,
18031,5738.379201173782,-0.0,
18032,5738.661074638367,-0.0,
18033,5738.942243099213,-0.0,
18034,5739.223361253738,-0.0,
18035,5739.505387544632,-0.0,
18036,5739.7878510952,-0.0,
18037,5740.069615125656,-0.012323568,
18038,5740.352677106857,-0.0,
18039,5740.637085199356,-0.0,
18040,5740.919782400131,-0.0,
18041,5741.201644659042,-0.0,
18042,5741.48423409462,-0.0,
18043,5741.766736268997,-0.0,
18044,5742.048701286316,-0.0,
18045,5742.331333875656,-4.715549e-10,
18046,5742.61447095871,-0.0,
18047,5742.898078918457,-0.0,
18048,5743.180024385452,-0.0001677473,
18049,5743.461920976639,-0.0,
18050,5743.740777492523,-0.0,
18051,5744.73481631279,-0.0,
18052,5745.015247106552,-0.0,
18053,5745.298048257828,-0.0,
18054,5745.580234050751,-0.0,
18055,5745.863602399826,-0.0,
18056,5746.146263360977,-0.0,
18057,5746.429626941681,-0.0,
18058,5746.713182687759,-0.0050890087,
18059,5746.996904850006,-0.0,
18060,5747.279386997223,-0.0,
18061,5747.561773061752,-0.0,
18062,5747.844864606857,-0.0,
18063,5748.127370357513,-0.0,
18064,5748.411012887955,-0.0,
18065,5748.695025682449,-0.0,
18066,5748.977972984314,-0.0,
18067,5749.259962320328,-0.0,
18068,5749.542865037918,-0.013521524,
18069,5749.826054573059,-0.0,
18070,5750.1096534729,-0.001568795,
18071,5750.393840312958,-0.0,
18072,5750.677686452866,-0.0,
18073,5750.96050453186,-0.0,
18074,5751.243536710739,-0.0,
18075,5751.523045063019,-0.0,
18076,5752.624766111374,-0.009323338,
18077,5752.905907154083,-0.0,
18078,5753.188109397888,-0.0,
18079,5753.471924304962,-0.0,
18080,5753.75550365448,-0.0,
18081,5754.03818655014,-0.0,
18082,5754.321372270584,-0.014904287,
18083,5754.604583024979,-0.0,
18084,5754.8888421058655,-0.0,
18085,5755.172837734222,-0.0049426667,
18086,5755.456087589264,-0.0,
18087,5755.738608121872,-0.0,
18088,5756.0219485759735,-0.0,
18089,5756.304753780365,-0.0,
18090,5756.588850975037,-0.0,
18091,5756.873145580292,-0.0,
18092,5757.156510353088,-0.0,
18093,5757.439502954483,-0.0,
18094,5757.7235560417175,-0.0,
18095,5758.0077266693115,-0.0,
18096,5758.291803359985,-0.0,
18097,5758.57536149025,-0.0,
18098,5758.858921051025,-0.0,
18099,5759.142035245895,-0.0,
18100,5759.592857122421,-0.0,
18101,5760.6711711883545,-0.0,
18102,5760.955366611481,-0.0,
18103,5761.241372823715,-0.0,
18104,5761.524151086807,-0.0,
18105,5761.808133363724,-0.0,
18106,5762.092652797699,-0.0,
18107,5762.375312328339,-0.0,
18108,5762.661975860596,-0.0,
18109,5762.945827245712,-0.0,
18110,5763.232273817062,-0.01625183,
18111,5763.515369653702,-0.012539553,
18112,5763.801007032394,-0.0,
18113,5764.086223363876,-0.0019829718,
18114,5764.371671438217,-0.0,
18115,5764.656388759613,-0.0,
18116,5764.939487934113,-0.0,
18117,5765.222214221954,-0.0,
18118,5765.506676197052,-0.0,
18119,5765.789777040482,-0.0,
18120,5766.073459863663,-0.0,
18121,5766.356454849243,-0.0,
18122,5766.640675544739,-0.0,
18123,5766.924196004868,-0.0,
18124,5767.208220243454,-0.009776283,
18125,5767.488526105881,-0.0,
18126,5768.52529001236,-0.0,
18127,5768.806974172592,-3.028691e-11,
18128,5769.089889526367,-0.0,
18129,5769.373403072357,-0.02371276,
18130,5769.656874418259,-0.0,
18131,5769.940477609634,-0.0,
18132,5770.224351167679,-0.0,
18133,5770.508625268936,-0.0,
18134,5770.792057275772,-0.0,
18135,5771.075097799301,-0.0064089377,
18136,5771.358761787415,-0.0,
18137,5771.643406867981,-0.0,
18138,5771.9280564785,-0.0,
18139,5772.212280511856,-0.0,
18140,5772.496500968933,-0.017857881,
18141,5772.779875278473,-0.0,
18142,5773.064078092575,-0.0,
18143,5773.348983287811,-0.0,
18144,5773.632787704468,-0.012352374,
18145,5773.916726350784,-0.0,
18146,5774.200440406799,-0.0,
18147,5774.485613584518,-0.0,
18148,5774.770103693008,-0.0,
18149,5775.054525136948,-0.0,
18150,5775.334246873856,-0.0,
18151,5776.39318561554,-0.0,
18152,5776.6750502586365,-0.0,
18153,5776.957157611847,-0.0,
18154,5777.2404227256775,-0.0,
18155,5777.524529695511,-0.0,
18156,5777.808515071869,-0.0,
18157,5778.091007471085,-0.0,
18158,5778.375051736832,-0.0,
18159,5778.658265590668,-0.0,
18160,5778.942565202713,-0.0,
18161,5779.227990627289,-0.0,
18162,5779.510886669159,-0.0,
18163,5779.7946882247925,-0.0014052299,
18164,5780.078202962875,-0.0,
18165,5780.3629758358,-0.011636347,
18166,5780.647368192673,-0.0,
18167,5780.929651021957,-0.0,
18168,5781.213665962219,-0.0,
18169,5781.496690273285,-0.0,
18170,5781.7812786102295,-0.0,
18171,5782.065164804459,-0.0,
18172,5782.348904848099,-0.0,
18173,5782.632129430771,-0.0,
18174,5782.91624379158,-0.0,
18175,5783.1964230537415,-0.0,
18176,5784.267202615738,-0.0,
18177,5784.548061609268,-0.0,
18178,5784.832500934601,-0.0,
18179,5785.115898370743,-0.0,
18180,5785.400216817856,-0.0,
18181,5785.684816122055,-0.013430357,
18182,5785.968279123306,-0.0,
18183,5786.252487897873,-0.0,
18184,5786.536024570465,-0.0,
18185,5786.820958614349,-0.018417098,
18186,5787.10628080368,-0.0,
18187,5787.389201164246,-0.0,
18188,5787.67441534996,-0.0,
18189,5787.959321260452,-0.0,
18190,5788.244687318802,-0.0013419155,
18191,5788.528339147568,-0.0,
18192,5788.8140873909,-0.0,
18193,5789.100855588913,-0.0,
18194,5789.387694120407,-0.0,
18195,5789.672295093536,-0.0,
18196,5789.956716537476,-0.0,
18197,5790.244049549103,-0.010588248,
18198,5790.529646158218,-0.0,
18199,5790.8141667842865,-2.7823716e-10,
18200,5791.269186973572,-0.0,
18201,5792.322150707245,-0.024615895,
18202,5792.60418176651,-0.0053969235,
18203,5792.885889530182,-0.0,
18204,5793.169929265976,-2.2480182e-10,
18205,5793.453265666962,-0.0,
18206,5793.738195180893,-0.014734455,
18207,5794.022344350815,-0.0,
18208,5794.305157184601,-0.0,
18209,5794.588432073593,-0.0,
18210,5794.8721244335175,-0.0,
18211,5795.15598487854,-0.0,
18212,5795.441237211227,-0.0,
18213,5795.725448846817,-0.0,
18214,5796.008384227753,-0.0,
18215,5796.292006731033,-0.0,
18216,5796.576479673386,-0.0,
18217,5796.861181497574,-0.0,
18218,5797.143778800964,-0.0,
18219,5797.427217245102,-0.0,
18220,5797.709707975388,-0.0,
18221,5797.993475675583,-0.0,
18222,5798.277575016022,-0.0,
18223,5798.5627727508545,-0.0,
18224,5798.846076250076,-0.0,
18225,5799.1267919540405,-0.0,
18226,5800.227852344513,-0.0,
18227,5800.507995605469,-0.0,
18228,5800.7898144721985,-0.0,
18229,5801.074606895447,-0.0,
18230,5801.357352256775,-0.0,
18231,5801.641194820404,-0.0026961486,
18232,5801.922808647156,-0.0,
18233,5802.206624746323,-0.0,
18234,5802.489511489868,-0.0,
18235,5802.773000001907,-0.0,
18236,5803.056165933609,-0.0,
18237,5803.3393750190735,-0.0,
18238,5803.621954917908,-0.014463446,
18239,5803.904726028442,-0.0,
18240,5804.188297748566,-0.0,
18241,5804.47040605545,-0.0,
18242,5804.754583358765,-0.0,
18243,5805.039004087448,-0.0,
18244,5805.321648359299,-0.00998136,
18245,5805.60495018959,-0.0,
18246,5805.887895822525,-0.0,
18247,5806.171692371368,-0.0,
18248,5806.45562338829,-0.008251073,
18249,5806.738524675369,-0.0,
18250,5807.017502307892,-0.0,
18251,5808.062975406647,-0.0,
18252,5808.347056627274,-0.0,
18253,5808.628425359726,-0.0,
18254,5808.91225361824,-0.0,
18255,5809.19527554512,-0.0032095714,
18256,5809.478317737579,-0.0,
18257,5809.759736537933,-0.0,
18258,5810.044546842575,-0.0,
18259,5810.326683282852,-0.0,
18260,5810.610348701477,-0.009858345,
18261,5810.893926143646,-0.0,
18262,5811.1788721084595,-0.0,
18263,5811.460030555725,-0.0,
18264,5811.744108200073,-0.0,
18265,5812.026280164719,-0.0,
18266,5812.310064792633,-0.0,
18267,5812.593460083008,-0.0,
18268,5812.877776622772,-0.0,
18269,5813.159663915634,-0.0,
18270,5813.445770025253,-0.0,
18271,5813.727529525757,-0.018350204,
18272,5814.012726783752,-0.0,
18273,5814.29615354538,-0.0,
18274,5814.578806638718,-0.0,
18275,5814.8576917648315,-0.0,
18276,5815.919181108475,-0.0,
18277,5816.203848361969,-0.0,
18278,5816.486206769943,-0.0,
18279,5816.771615028381,-0.0,
18280,5817.056048870087,-0.0,
18281,5817.340940952301,-0.0,
18282,5817.624497890472,-0.0,
18283,5817.908455133438,-0.0,
18284,5818.192493915558,-0.0,
18285,5818.4791786670685,-0.0,
18286,5818.762226104736,-0.0,
18287,5819.04731965065,-0.0,
18288,5819.331164121628,-0.0020906609,
18289,5819.618506908417,-0.0,
18290,5819.901753664017,-0.008839885,
18291,5820.185627937317,-0.0,
18292,5820.469980716705,-0.0,
18293,5820.757894515991,-0.0,
18294,5821.039697885513,-0.0,
18295,5821.323936700821,-0.0,
18296,5821.608598470688,-0.038798243,
18297,5821.893280506134,-0.0,
18298,5822.176588058472,-0.0,
18299,5822.460805892944,-0.0,
18300,5822.913630962372,-0.0,
18301,5824.071818351746,-0.0,
18302,5824.355568647385,-0.0,
18303,5824.6403114795685,-0.0,
18304,5824.923615455627,-0.0,
18305,5825.209867477417,-0.0,
18306,5825.492786884308,-0.0,
18307,5825.777406692505,-0.0,
18308,5826.061157464981,-8.3971435e-10,
18309,5826.345618486404,-0.0,
18310,5826.629910469055,-0.0,
18311,5826.915505647659,-0.0,
18312,5827.1997764110565,-0.0,
18313,5827.483743190765,-0.013592213,
18314,5827.767916202545,-0.0,
18315,5828.054715633392,-0.0,
18316,5828.3387496471405,-0.0,
18317,5828.624721765518,-0.0,
18318,5828.909689903259,-0.0,
18319,5829.196697235107,-0.0,
18320,5829.480631113052,-0.0,
18321,5829.766125917435,-0.023047825,
18322,5830.049925804138,-0.0,
18323,5830.335605144501,-0.015556734,
18324,5830.618628501892,-0.0,
18325,5830.898734807968,-0.0,
18326,5831.952220201492,-0.0,
18327,5832.231886148453,-0.0,
18328,5832.515324115753,-0.0,
18329,5832.7982058525085,-0.005308488,
18330,5833.080672979355,-0.0,
18331,5833.363528251648,-0.0,
18332,5833.648996591568,-0.0,
18333,5833.932645082474,-0.015577349,
18334,5834.217001438141,-0.0,
18335,5834.498434305191,-0.0,
18336,5834.782914161682,-0.0,
18337,5835.066286325455,-0.0,
18338,5835.351651668549,-0.0,
18339,5835.632509231567,-0.0,
18340,5835.915807008743,-0.0,
18341,5836.198385715485,-0.0061186855,
18342,5836.48245716095,-0.0,
18343,5836.766101360321,-0.0,
18344,5837.052525758743,-0.0,
18345,5837.333895921707,-0.013728988,
18346,5837.6182696819305,-0.0,
18347,5837.901511669159,-0.0,
18348,5838.185446977615,-0.0,
18349,5838.46942615509,-0.0,
18350,5838.747261285782,-0.0,
18351,5839.843770265579,-0.0,
18352,5840.1242253780365,-0.0,
18353,5840.407438278198,-0.0,
18354,5840.6889770030975,-0.0,
18355,5840.9710195064545,-0.0,
18356,5841.253585577011,-0.0,
18357,5841.536492347717,-0.0,
18358,5841.818429708481,-0.0,
18359,5842.1022918224335,-0.013952442,
18360,5842.385219097137,-0.0,
18361,5842.668643474579,-0.0058363164,
18362,5842.950680017471,-0.0,
18363,5843.233400344849,-0.0,
18364,5843.51651930809,-0.0,
18365,5843.799563407898,-0.0,
18366,5844.083206176758,-0.011269937,
18367,5844.367677688599,-0.0,
18368,5844.650062322617,-0.0032119728,
18369,5844.933523654938,-0.0,
18370,5845.216532468796,-0.0,
18371,5845.50116610527,-2.1841078e-07,
18372,5845.784611225128,-0.0,
18373,5846.067597866058,-0.0,
18374,5846.350024223328,-0.0,
18375,5846.629031181335,-0.0,
18376,5847.673919677734,-0.01103245,
18377,5847.955723762512,-0.0,
18378,5848.2392365932465,-0.0,
18379,5848.5229206085205,-0.0,
18380,5848.8064506053925,-0.0,
18381,5849.088787794113,-0.0,
18382,5849.372895956039,-0.0,
18383,5849.655558347702,-8.118933e-06,
18384,5849.939301967621,-0.0,
18385,5850.223215579987,-0.0,
18386,5850.507371425629,-0.0,
18387,5850.790717840195,-0.0,
18388,5851.073999404907,-0.0,
18389,5851.358043432236,-0.0,
18390,5851.642441272736,-0.0,
18391,5851.926122665405,-0.0,
18392,5852.20730471611,-0.0,
18393,5852.490997314453,-0.0,
18394,5852.775058269501,-0.0,
18395,5853.058720111847,-0.0,
18396,5853.343262672424,-0.0,
18397,5853.626110315323,-0.0,
18398,5853.9097809791565,-0.0,
18399,5854.193265914917,-0.0,
18400,5854.644242525101,-0.0,
18401,5855.663385152817,-0.0,
18402,5855.943601369858,-0.002885718,
18403,5856.225665569305,-0.0,
18404,5856.508286714554,-0.0,
18405,5856.7914083004,-0.008473287,
18406,5857.0737063884735,-0.0,
18407,5857.358150720596,-0.0,
18408,5857.641107559204,-0.0,
18409,5857.923779726028,-0.0,
18410,5858.206069469452,-0.0,
18411,5858.488817214966,-0.0,
18412,5858.771712064743,-0.0,
18413,5859.055004358292,-0.0,
18414,5859.339084386826,-0.015069238,
18415,5859.622960805893,-0.0,
18416,5859.904954433441,-7.6968786e-11,
18417,5860.1888256073,-0.0,
18418,5860.471426010132,-0.0,
18419,5860.753698825836,-0.0,
18420,5861.037569761276,-0.012658086,
18421,5861.32267165184,-0.0,
18422,5861.605095386505,-0.005823762,
18423,5861.888357877731,-0.0,
18424,5862.171471357346,-0.0,
18425,5862.451252937317,-0.0,
18426,5863.490267753601,-0.0,
18427,5863.7705950737,-0.0,
18428,5864.0538494586945,-0.006674513,
18429,5864.3373391628265,-0.0,
18430,5864.621081829071,-0.0,
18431,5864.903849124908,-0.0,
18432,5865.1873598098755,-0.0,
18433,5865.4704213142395,-0.0,
18434,5865.754120349884,-0.011886814,
18435,5866.038116693497,-0.0,
18436,5866.322063207626,-0.0,
18437,5866.605697393417,-0.0,
18438,5866.888803958893,-0.0,
18439,5867.172313451767,-0.0001316193,
18440,5867.456300497055,-0.0,
18441,5867.738744020462,-0.0,
18442,5868.021793842316,-0.0,
18443,5868.305202245712,-0.0,
18444,5868.588345527649,-0.0,
18445,5868.871812820435,-0.0,
18446,5869.156462430954,-0.009773841,
18447,5869.440833091736,-0.0,
18448,5869.723344087601,-0.0,
18449,5870.006503105164,-0.0,
18450,5870.285852193832,-0.0,
18451,5871.260296821594,-0.0,
18452,5871.542410135269,-6.1321635e-11,
18453,5871.8264310359955,-0.013438916,
18454,5872.111889123917,-0.0,
18455,5872.398473739624,-0.0,
18456,5872.6836614608765,-0.0,
18457,5872.969596624374,-0.0,
18458,5873.255447387695,-0.0,
18459,5873.542512178421,-0.0,
18460,5873.825830221176,-0.0,
18461,5874.109293460846,-0.0,
18462,5874.393696069717,-0.0,
18463,5874.678997516632,-0.0,
18464,5874.962167024612,-0.007816054,
18465,5875.246269702911,-0.0111823995,
18466,5875.529992103577,-0.0,
18467,5875.815422534943,-0.0,
18468,5876.099002361298,-0.0,
18469,5876.383109092712,-0.0,
18470,5876.666608095169,-0.0,
18471,5876.951409816742,-0.0,
18472,5877.235867738724,-0.0,
18473,5877.518691778183,-0.0,
18474,5877.802250385284,-0.0,
18475,5878.08188533783,-0.0,
18476,5879.138381719589,-0.0,
18477,5879.4203135967255,-0.0,
18478,5879.703297376633,-0.0,
18479,5879.985781431198,-0.0,
18480,5880.268788814545,-0.0,
18481,5880.55322933197,-0.0,
18482,5880.837027788162,-0.0,
18483,5881.119263648987,-0.0,
18484,5881.403068780899,-0.0,
18485,5881.686415672302,-0.0,
18486,5881.970680236816,-0.0,
18487,5882.254162073135,-0.0,
18488,5882.536937713623,-0.0,
18489,5882.818945169449,-0.0029487256,
18490,5883.102081775665,-0.0,
18491,5883.384976387024,-0.0,
18492,5883.668914318085,-0.0,
18493,5883.953075170517,-0.0,
18494,5884.236712694168,-0.0,
18495,5884.519470453262,-0.0,
18496,5884.803593158722,-0.0,
18497,5885.085939645767,-0.0,
18498,5885.370292186737,-0.006790685,
18499,5885.655051469803,-0.0,
18500,5886.1057822704315,-0.0,
18501,5887.239588022232,-0.0,
18502,5887.519381761551,-0.0,
18503,5887.802325963974,-0.0,
18504,5888.084668636322,-0.0,
18505,5888.368523836136,-0.0,
18506,5888.651786804199,-0.0,
18507,5888.934610366821,-0.0,
18508,5889.216190576553,-7.946034e-09,
18509,5889.49969291687,-0.01330247,
18510,5889.78258895874,-0.0,
18511,5890.065346240997,-0.0,
18512,5890.349212408066,-0.0,
18513,5890.6338748931885,-0.014966971,
18514,5890.916283369064,-0.0,
18515,5891.1994433403015,-0.0,
18516,5891.481785535812,-0.0,
18517,5891.764999866486,-0.0,
18518,5892.0488204956055,-5.7059304e-07,
18519,5892.332273483276,-0.0,
18520,5892.614551067352,-0.0,
18521,5892.897258758545,-0.0,
18522,5893.180830717087,-0.0,
18523,5893.463617563248,-0.0,
18524,5893.747550725937,-0.0,
18525,5894.026435136795,-0.0115769785,
18526,5895.084613800049,-0.0,
18527,5895.367193937302,-0.0,
18528,5895.650470733643,-0.0,
18529,5895.932780504227,-0.0,
18530,5896.215545892715,-0.0,
18531,5896.498716831207,-0.0,
18532,5896.780539035797,-0.0,
18533,5897.064281702042,-0.0,
18534,5897.347584962845,-0.013242084,
18535,5897.6314997673035,-0.0,
18536,5897.914589166641,-0.0,
18537,5898.197603225708,-7.986775e-05,
18538,5898.479893922806,-0.0,
18539,5898.7629981040955,-6.8583367e-06,
18540,5899.046859741211,-0.0,
18541,5899.329371213913,-0.0,
18542,5899.612219333649,-0.0,
18543,5899.895327091217,-0.0,
18544,5900.178074359894,-0.0,
18545,5900.461030721664,-0.0,
18546,5900.74466252327,-0.0057871984,
18547,5901.028881549835,-0.0,
18548,5901.311601400375,-0.0,
18549,5901.594234466553,-0.0,
18550,5901.872378587723,-0.009302142,
18551,5902.828087568283,-0.0,
18552,5903.109022140503,-0.0,
18553,5903.39141869545,-0.0,
18554,5903.674223661423,-0.0,
18555,5903.9574201107025,-0.0,
18556,5904.240400314331,-0.0,
18557,5904.524336099625,-0.0,
18558,5904.808349847794,-0.0,
18559,5905.089476823807,-0.0072208657,
18560,5905.371861934662,-0.0,
18561,5905.6548619270325,-0.0,
18562,5905.937684059143,-0.0,
18563,5906.22120141983,-0.0054681757,
18564,5906.504811525345,-0.0,
18565,5906.78861784935,-0.003108096,
18566,5907.0711579322815,-0.0,
18567,5907.354143857956,-0.0,
18568,5907.6374254226685,-0.013004291,
18569,5907.921236991882,-0.008372153,
18570,5908.205273866653,-0.0,
18571,5908.488366127014,-0.0,
18572,5908.771064758301,-0.0,
18573,5909.05464553833,-0.0,
18574,5909.337828874588,-0.0028667874,
18575,5909.619203329086,-0.0,
18576,5910.659585237503,-5.4042474e-08,
18577,5910.942479133606,-0.0,
18578,5911.229230165482,-0.0,
18579,5911.512329816818,-0.0,
18580,5911.7975816726685,-0.0,
18581,5912.080911874771,-0.0,
18582,5912.363734006882,-1.6142825e-09,
18583,5912.647406101227,-0.0,
18584,5912.929961204529,-0.0122416215,
18585,5913.212684869766,-0.011864013,
18586,5913.495197534561,-0.0,
18587,5913.779325723648,-0.0027564487,
18588,5914.0626475811005,-0.013838973,
18589,5914.345736503601,-0.0,
18590,5914.626348733902,-0.0,
18591,5914.90837597847,-0.0,
18592,5915.192276954651,-0.0,
18593,5915.474855661392,-0.0,
18594,5915.758777141571,-1.6917838e-05,
18595,5916.042841434479,-0.0,
18596,5916.326002597809,-0.0,
18597,5916.608355760574,-0.011854529,
18598,5916.891166687012,-0.0,
18599,5917.174321174622,-0.0,
18600,5917.625260353088,-0.0,
18601,5918.626145601273,-0.0,
18602,5918.906002521515,-0.0,
18603,5919.187522649765,-0.0,
18604,5919.470618963242,-0.0,
18605,5919.753677845001,-0.0,
18606,5920.036942958832,-0.0,
18607,5920.320071935654,-0.0062909843,
18608,5920.6039917469025,-0.0,
18609,5920.885948181152,-0.012353575,
18610,5921.169592380524,-0.009161969,
18611,5921.452594995499,-0.0,
18612,5921.735723018646,-0.0,
18613,5922.019390583038,-0.0,
18614,5922.302571296692,-0.0,
18615,5922.585508346558,-0.011880552,
18616,5922.868767499924,-0.0,
18617,5923.15190076828,-0.0,
18618,5923.434947252274,-0.0,
18619,5923.720314025879,-0.0,
18620,5924.0037631988525,-0.0,
18621,5924.286073446274,-0.0,
18622,5924.568963289261,-0.0,
18623,5924.852017879486,-0.0,
18624,5925.1358597278595,-0.0,
18625,5925.415899276733,-0.0,
18626,5926.561217546463,-0.0,
18627,5926.841575622559,-0.0,
18628,5927.123158454895,-0.0,
18629,5927.404825687408,-0.0,
18630,5927.687506198883,-0.0,
18631,5927.9696180820465,-0.0,
18632,5928.251281738281,-0.0,
18633,5928.534644126892,-0.0,
18634,5928.817831277847,-0.004402335,
18635,5929.1008422374725,-0.0,
18636,5929.383248090744,-0.0,
18637,5929.665360689163,-0.0,
18638,5929.948094367981,-0.0,
18639,5930.230376243591,-0.0,
18640,5930.513809919357,-0.0,
18641,5930.7977385520935,-0.0,
18642,5931.080922365189,-0.0,
18643,5931.362889766693,-0.0,
18644,5931.645980596542,-0.0,
18645,5931.928497076035,-0.0,
18646,5932.210736274719,-0.003922058,
18647,5932.494750261307,-0.0,
18648,5932.779066085815,-0.0,
18649,5933.061745882034,-0.0,
18650,5933.340742588043,-0.0,
18651,5934.46864938736,-0.0,
18652,5934.751510381699,-0.0,
18653,5935.036869287491,-0.01597078,
18654,5935.322158575058,-0.0,
18655,5935.60561132431,-0.0,
18656,5935.888088226318,-0.0,
18657,5936.171244859695,-0.0,
18658,5936.454668998718,-0.0,
18659,5936.737965345383,-0.0,
18660,5937.020228624344,-0.0,
18661,5937.3027992248535,-0.013701227,
18662,5937.585658073425,-0.0,
18663,5937.867536067963,-0.0,
18664,5938.150372266769,-0.0,
18665,5938.433212518692,-0.0,
18666,5938.717073917389,-0.0,
18667,5938.999814748764,-0.0,
18668,5939.282272577286,-0.0,
18669,5939.56564617157,-0.012202086,
18670,5939.848183393478,-0.0,
18671,5940.131393432617,-0.0,
18672,5940.41513633728,-0.0,
18673,5940.698128461838,-0.0,
18674,5940.982589006424,-0.0,
18675,5941.261323451996,-0.0,
18676,5942.329129695892,-0.0,
18677,5942.612892866135,-0.0,
18678,5942.894596338272,-0.0,
18679,5943.178997516632,-0.0,
18680,5943.461774110794,-0.0,
18681,5943.745345592499,-0.0,
18682,5944.0273060798645,-0.0,
18683,5944.312402963638,-0.003828609,
18684,5944.595958471298,-0.0,
18685,5944.880389451981,-0.0,
18686,5945.16236281395,-0.0,
18687,5945.44681096077,-0.0,
18688,5945.730405330658,-0.0,
18689,5946.015350341797,-0.0,
18690,5946.2985627651215,-0.0,
18691,5946.582661390305,-0.0,
18692,5946.864274740219,-0.0,
18693,5947.147905349731,-0.0,
18694,5947.431794643402,-0.0,
18695,5947.716110706329,-0.0,
18696,5947.9978539943695,-0.0,
18697,5948.281269311905,-0.0,
18698,5948.5637357234955,-0.0,
18699,5948.849457740784,-0.0,
18700,5949.29763174057,-0.0,
18701,5950.3285937309265,-0.0,
18702,5950.610488653183,-0.0,
18703,5950.893002986908,-0.0,
18704,5951.176194667816,-0.0068128,
18705,5951.457965135574,-0.0,
18706,5951.7408583164215,-0.0,
18707,5952.023190736771,-0.0,
18708,5952.3067128658295,-0.0,
18709,5952.59096288681,-0.0,
18710,5952.875152826309,-0.0065792813,
18711,5953.156975030899,-0.0,
18712,5953.44082736969,-0.0,
18713,5953.72336435318,-0.0,
18714,5954.009594202042,-0.0,
18715,5954.293258666992,-0.0077539454,
18716,5954.575743436813,-0.0,
18717,5954.85911989212,-0.0,
18718,5955.1420612335205,-0.0,
18719,5955.425200223923,-0.0,
18720,5955.71089720726,-0.0,
18721,5955.994114637375,-0.0,
18722,5956.278374671936,-0.0,
18723,5956.561736345291,-0.002089417,
18724,5956.846433639526,-0.0,
18725,5957.126269340515,-0.0,
18726,5958.361484289169,-0.0,
18727,5958.641637086868,-0.0,
18728,5958.92608332634,-0.011156385,
18729,5959.208077907562,-0.0,
18730,5959.493163824081,-0.0,
18731,5959.773863077164,-0.012898128,
18732,5960.057934761047,-0.022083357,
18733,5960.340498447418,-0.009066196,
18734,5960.624305963516,-0.0,
18735,5960.906912326813,-0.0,
18736,5961.192938089371,-0.0,
18737,5961.476868629456,-0.0062709507,
18738,5961.760805845261,-0.0,
18739,5962.043651103973,-0.0,
18740,5962.328560113907,-0.0,
18741,5962.610911607742,-0.0,
18742,5962.89439034462,-0.0,
18743,5963.179034233093,-0.0,
18744,5963.462196588516,-0.0,
18745,5963.7462294101715,-0.0,
18746,5964.031492471695,-0.0,
18747,5964.312481641769,-0.0,
18748,5964.596389293671,-0.0,
18749,5964.880875349045,-0.0,
18750,5965.162410020828,-0.0,
18751,5966.279239654541,-0.0,
18752,5966.561509847641,-0.0,
18753,5966.845477819443,-0.0,
18754,5967.127557277679,-0.0,
18755,5967.410439014435,-0.0,
18756,5967.691962957382,-0.0,
18757,5967.973677635193,-0.00059177796,
18758,5968.255685091019,-0.017273081,
18759,5968.538335800171,-0.0,
18760,5968.8210709095,-0.0040621697,
18761,5969.104232549667,-0.0,
18762,5969.387504816055,-0.0,
18763,5969.670201778412,-0.0,
18764,5969.952170848846,-0.0,
18765,5970.236288547516,-0.0,
18766,5970.518226385117,-0.0,
18767,5970.801485776901,-2.393605e-09,
18768,5971.085609912872,-0.0,
18769,5971.368645191193,-0.0,
18770,5971.650995016098,-0.0,
18771,5971.934312105179,-0.0,
18772,5972.217287778854,-0.0,
18773,5972.501191616058,-0.0,
18774,5972.783357620239,-0.0,
18775,5973.063679456711,-0.0,
18776,5974.142450094223,-0.0,
18777,5974.425156831741,-0.021870699,
18778,5974.70737695694,-0.0,
18779,5974.989328145981,-0.0,
18780,5975.273908138275,-0.0,
18781,5975.556135177612,-0.0,
18782,5975.839792966843,-0.0,
18783,5976.124237060547,-0.0,
18784,5976.408955335617,-0.0,
18785,5976.692336320877,-0.0,
18786,5976.976251602173,-0.0,
18787,5977.261086940765,-0.0,
18788,5977.545016288757,-0.011185286,
18789,5977.827325582504,-0.0,
18790,5978.110954284668,-0.0,
18791,5978.392863988876,-0.0,
18792,5978.675860404968,-0.011164674,
18793,5978.9588351249695,-0.0,
18794,5979.2426817417145,-0.0,
18795,5979.526510477066,-0.011725953,
18796,5979.810687303543,-0.0038313558,
18797,5980.093221902847,-0.0,
18798,5980.376767158508,-0.0,
18799,5980.661550998688,-0.0,
18800,5981.109790563583,-0.0,
18801,5982.2641677856445,-0.014013989,
18802,5982.545161485672,-0.054058935,
18803,5982.828714132309,-0.0,
18804,5983.111555814743,-0.0,
18805,5983.395217657089,-0.0,
18806,5983.679083585739,-0.0,
18807,5983.962733745575,-0.0,
18808,5984.24552488327,-0.019454828,
18809,5984.52748632431,-0.0,
18810,5984.810681343079,-0.005949388,
18811,5985.093259334564,-0.0,
18812,5985.3782370090485,-0.0,
18813,5985.66278219223,-0.0,
18814,5985.94553232193,-0.0148241585,
18815,5986.228636264801,-0.0,
18816,5986.511906385422,-0.0,
18817,5986.794719219208,-0.0,
18818,5987.078531265259,-0.0,
18819,5987.361728429794,-0.0,
18820,5987.644850492477,-0.0,
18821,5987.928226709366,-0.0,
18822,5988.211146593094,-0.0,
18823,5988.4945063591,-0.0,
18824,5988.77850651741,-0.0,
18825,5989.05849814415,-0.0,
18826,5990.077844381332,-0.0,
18827,5990.357065200806,-3.514596e-07,
18828,5990.6415140628815,-0.0,
18829,5990.922614336014,-0.0,
18830,5991.204358816147,-0.0,
18831,5991.486241102219,-0.0,
18832,5991.768887758255,-0.0,
18833,5992.050452947617,-0.0,
18834,5992.333768367767,-0.0,
18835,5992.61650967598,-0.0,
18836,5992.898389577866,-0.0,
18837,5993.1805629730225,-0.0,
18838,5993.465313911438,-0.0,
18839,5993.746512174606,-0.0,
18840,5994.029770612717,-0.0,
18841,5994.311470508575,-0.0,
18842,5994.594371557236,-0.0115126865,
18843,5994.876818418503,-0.0,
18844,5995.159870147705,-0.0,
18845,5995.442728281021,-0.0,
18846,5995.725081920624,-0.0,
18847,5996.007958889008,-0.0014445763,
18848,5996.2896094322205,-0.013973884,
18849,5996.573614120483,-0.0,
18850,5996.854725599289,-0.0,
18851,5997.978807449341,-0.0,
18852,5998.2598395347595,-0.0,
18853,5998.541397571564,-0.0,
18854,5998.824871778488,-0.0,
18855,5999.106035709381,-0.0,
18856,5999.387822389603,-0.0,
18857,5999.670014381409,-0.0,
18858,5999.954851388931,-0.0,
18859,6000.2379758358,-0.0,
18860,6000.520303964615,-0.0,
18861,6000.802257061005,-0.0,
18862,6001.085000514984,-0.0,
18863,6001.367812156677,-0.0,
18864,6001.650584697723,-0.016754443,
18865,6001.934099435806,-0.0,
18866,6002.216349124908,-0.0,
18867,6002.499673843384,-0.0,
18868,6002.782345056534,-0.016592173,
18869,6003.06670999527,-0.0,
18870,6003.350211381912,-0.0,
18871,6003.634279966354,-0.0,
18872,6003.917877912521,-0.0,
18873,6004.200084924698,-0.0,
18874,6004.483752965927,-0.0,
18875,6004.762989521027,-0.011324422,
18876,6005.895662784576,-0.0,
18877,6006.1749811172485,-0.0032004018,
18878,6006.457414627075,-0.0,
18879,6006.739037036896,-0.0,
18880,6007.021696090698,-0.0,
18881,6007.303737640381,-0.0,
18882,6007.586474895477,-0.0,
18883,6007.868930339813,-0.006877223,
18884,6008.152978897095,-0.0,
18885,6008.435823917389,-0.0,
18886,6008.718237161636,-0.0,
18887,6009.000344514847,-0.0,
18888,6009.282911777496,-0.0,
18889,6009.566815853119,-0.0,
18890,6009.849098682404,-0.0,
18891,6010.133496284485,-0.0,
18892,6010.418108463287,-0.0,
18893,6010.700087308884,-0.0,
18894,6010.982533216476,-0.0,
18895,6011.265091896057,-0.0,
18896,6011.548877000809,-0.0,
18897,6011.832481622696,-0.0,
18898,6012.116765737534,-0.0,
18899,6012.398415327072,-0.0,
18900,6012.846094369888,-0.0,
18901,6014.049533605576,-0.0,
18902,6014.332718133926,-0.0,
18903,6014.617286682129,-0.0,
18904,6014.901201248169,-0.0,
18905,6015.184778690338,-0.0,
18906,6015.469911813736,-0.0,
18907,6015.755433797836,-0.0,
18908,6016.03867650032,-0.0,
18909,6016.322562217712,-0.0,
18910,6016.607191085815,-0.008696584,
18911,6016.892308712006,-0.0,
18912,6017.176706075668,-0.0,
18913,6017.460652112961,-0.0,
18914,6017.744996070862,-0.0,
18915,6018.029869794846,-0.0,
18916,6018.314504623413,-0.0,
18917,6018.5968978405,-0.0,
18918,6018.8804478645325,-0.0,
18919,6019.163408756256,-0.002854827,
18920,6019.448849439621,-0.0,
18921,6019.733109712601,-0.0,
18922,6020.017134428024,-0.0,
18923,6020.300715684891,-0.009148372,
18924,6020.585250854492,-0.0,
18925,6020.865836381912,-0.0,
18926,6022.01339673996,-0.0,
18927,6022.2929129600525,-0.0,
18928,6022.5750942230225,-0.024388611,
18929,6022.859192848206,-0.0,
18930,6023.1423852443695,-0.0,
18931,6023.426648855209,-0.0,
18932,6023.7109978199005,-0.0,
18933,6023.994423151016,-0.0,
18934,6024.278479099274,-0.0,
18935,6024.562530517578,-0.0022662315,
18936,6024.846996545792,-0.0,
18937,6025.133268594742,-0.0050854865,
18938,6025.416304826736,-0.0,
18939,6025.700712680817,-0.0,
18940,6025.985038280487,-0.0,
18941,6026.271205663681,-0.0,
18942,6026.553905725479,-0.0,
18943,6026.837933301926,-0.0,
18944,6027.1214900016785,-0.0,
18945,6027.407045125961,-0.0,
18946,6027.691607952118,-0.0,
18947,6027.975222587585,-0.0,
18948,6028.259802103043,-0.0,
18949,6028.544955730438,-0.0,
18950,6028.826180696487,-0.0,
18951,6029.964591503143,-0.0,
18952,6030.2457439899445,-4.527142e-08,
18953,6030.529361009598,-0.0,
18954,6030.812822818756,-0.0,
18955,6031.096705198288,-0.0,
18956,6031.379695653915,-0.0,
18957,6031.6633450984955,-0.0,
18958,6031.948671340942,-0.0,
18959,6032.232005596161,-0.0,
18960,6032.515213012695,-0.0,
18961,6032.7985327243805,-0.0,
18962,6033.082039117813,-0.0,
18963,6033.366139411926,-0.0,
18964,6033.649876832962,-0.0,
18965,6033.932462692261,-0.0,
18966,6034.216946601868,-0.0,
18967,6034.501039266586,-0.0,
18968,6034.785067558289,-0.0,
18969,6035.068432807922,-0.0,
18970,6035.35066151619,-0.0,
18971,6035.634369850159,-0.0,
18972,6035.917408466339,-0.0,
18973,6036.201262712479,-0.0,
18974,6036.485502958298,-0.0,
18975,6036.764807462692,-0.0,
18976,6037.951046943665,-0.0,
18977,6038.230739116669,-0.0,
18978,6038.514041662216,-0.0,
18979,6038.796530246735,-0.0,
18980,6039.080908060074,-0.0,
18981,6039.364983558655,-0.0,
18982,6039.648354768753,-0.0,
18983,6039.930447816849,-0.0018824221,
18984,6040.213662624359,-0.0,
18985,6040.496517419815,-0.0,
18986,6040.780851602554,-0.0,
18987,6041.064703464508,-0.0,
18988,6041.348428487778,-0.0,
18989,6041.631901502609,-0.0,
18990,6041.9171667099,-0.0,
18991,6042.202120542526,-0.0,
18992,6042.488723516464,-0.0,
18993,6042.771912813187,-0.0108704725,
18994,6043.056447029114,-0.0,
18995,6043.34085893631,-0.0,
18996,6043.625996589661,-0.0,
18997,6043.909305810928,-0.0,
18998,6044.194743156433,-0.0,
18999,6044.478462457657,-0.0,
19000,6044.928687810898,-0.0,
19001,6045.934998512268,-0.0,
19002,6046.218781471252,-0.0052999337,
19003,6046.504970550537,-0.0,
19004,6046.790890932083,-0.0,
19005,6047.076505661011,-0.0,
19006,6047.363083362579,-0.0,
19007,6047.648482084274,-0.0,
19008,6047.934296369553,-0.0,
19009,6048.220336437225,-0.0,
19010,6048.507107257843,-0.0,
19011,6048.792989730835,-0.0,
19012,6049.0804233551025,-0.010326172,
19013,6049.366369724274,-0.0,
19014,6049.652572393417,-0.0,
19015,6049.93954706192,-0.0,
19016,6050.226650714874,-0.0,
19017,6050.512680530548,-0.0,
19018,6050.799604177475,-0.023313906,
19019,6051.085352420807,-0.0,
19020,6051.372349977493,-0.0,
19021,6051.658714532852,-0.0,
19022,6051.946583747864,-0.0,
19023,6052.232283115387,-0.0,
19024,6052.518745660782,-0.0,
19025,6052.801196813583,-0.0,
19026,6053.965982675552,-0.0,
19027,6054.247107505798,-0.0,
19028,6054.530382156372,-0.0,
19029,6054.814105510712,-0.0,
19030,6055.09903383255,-0.0,
19031,6055.383043527603,-0.0,
19032,6055.665235280991,-0.0,
19033,6055.949533939362,-0.0,
19034,6056.233355283737,-0.0,
19035,6056.51929807663,-0.0,
19036,6056.8030564785,-0.0,
19037,6057.087461948395,-0.0,
19038,6057.369967222214,-0.0,
19039,6057.654280662537,-0.0,
19040,6057.938787698746,-0.0,
19041,6058.222416162491,-0.0,
19042,6058.506654500961,-0.0,
19043,6058.790547370911,-0.0,
19044,6059.075237989426,-0.0,
19045,6059.359884262085,-0.0,
19046,6059.643084287643,-0.00075265684,
19047,6059.927294969559,-0.0,
19048,6060.210250139236,-0.0,
19049,6060.495174884796,-0.0,
19050,6060.7754645347595,-0.0,
19051,6061.86697268486,-0.0,
19052,6062.149821996689,-0.0,
19053,6062.434096813202,-0.0,
19054,6062.719328403473,-0.0,
19055,6063.002498865128,-0.0,
19056,6063.285719156265,-0.0,
19057,6063.56925702095,-0.0,
19058,6063.856222629547,-0.0,
19059,6064.139935731888,-0.0,
19060,6064.422585248947,-0.0,
19061,6064.70801782608,-0.0,
19062,6064.993272304535,-0.0,
19063,6065.278447628021,-0.0,
19064,6065.563328742981,-0.0,
19065,6065.847294092178,-0.0,
19066,6066.132497549057,-0.0,
19067,6066.417550563812,-0.0,
19068,6066.701009511948,-0.0058828765,
19069,6066.985563278198,-0.0,
19070,6067.270861625671,-0.0,
19071,6067.556860208511,-0.0,
19072,6067.84007191658,-0.0,
19073,6068.124467372894,-0.0,
19074,6068.409359693527,-0.0,
19075,6068.688413858414,-0.0,
19076,6069.7428612709045,-0.0,
19077,6070.025755167007,-0.0,
19078,6070.310214519501,-0.0,
19079,6070.594880104065,-0.0,
19080,6070.878680467606,-0.01159917,
19081,6071.1626698970795,-0.006514604,
19082,6071.446764469147,-0.010447498,
19083,6071.73304772377,-0.0,
19084,6072.018287658691,-0.0,
19085,6072.302218914032,-0.0,
19086,6072.585911035538,-0.0,
19087,6072.871688365936,-0.0,
19088,6073.156530380249,-0.0,
19089,6073.440147161484,-0.0,
19090,6073.723952054977,-0.0,
19091,6074.008253097534,-0.014167102,
19092,6074.29283118248,-0.0,
19093,6074.578273296356,-0.0,
19094,6074.862091064453,-0.0,
19095,6075.146263599396,-0.0,
19096,6075.430980920792,-0.0,
19097,6075.717441320419,-0.0,
19098,6076.001276254654,-0.0,
19099,6076.285470724106,-0.014091513,
19100,6076.740860939026,-0.0,
19101,6077.851159095764,-0.0,
19102,6078.132686138153,-0.006442698,
19103,6078.415409326553,-0.0,
19104,6078.696925401688,-0.0,
19105,6078.979207754135,-0.0,
19106,6079.261298418045,-0.0073202243,
19107,6079.543208122253,-0.0,
19108,6079.824944019318,-0.0,
19109,6080.109306335449,-0.0,
19110,6080.392565011978,-0.0,
19111,6080.675628662109,-0.0,
19112,6080.956297636032,-0.0,
19113,6081.239569425583,-0.0,
19114,6081.5218052864075,-3.6011166e-08,
19115,6081.803838253021,-0.0,
19116,6082.087441682816,-0.0,
19117,6082.371692657471,-0.0,
19118,6082.653763532639,-0.0,
19119,6082.935169935226,-0.0,
19120,6083.217443943024,-0.0,
19121,6083.501980781555,-0.0,
19122,6083.782734632492,-0.0,
19123,6084.066815137863,-0.0,
19124,6084.3491060733795,-0.006089755,
19125,6084.627359390259,-0.0,
19126,6085.715965509415,-0.0,
19127,6085.997393846512,-0.0,
19128,6086.283395767212,-0.0,
19129,6086.569220066071,-0.0,
19130,6086.852723360062,-0.0,
19131,6087.135210752487,-0.0038657316,
19132,6087.419260263443,-0.0,
19133,6087.702313899994,-0.0,
19134,6087.9860227108,-0.0,
19135,6088.2705664634705,-0.0,
19136,6088.553709745407,-0.0,
19137,6088.837236881256,-0.010122502,
19138,6089.121111154556,-0.0066905236,
19139,6089.405256032944,-0.0,
19140,6089.689830541611,-0.0,
19141,6089.973953008652,-0.0,
19142,6090.257771492004,-0.009670441,
19143,6090.541194200516,-0.0,
19144,6090.825106859207,-0.0,
19145,6091.109352350235,-0.0,
19146,6091.393411397934,-0.0,
19147,6091.676438808441,-0.0,
19148,6091.95982670784,-0.0,
19149,6092.243957042694,-0.0,
19150,6092.525329828262,-0.0,
19151,6093.608322620392,-0.0,
19152,6093.891198158264,-0.0,
19153,6094.173641443253,-0.0,
19154,6094.456290960312,-0.0,
19155,6094.738983392715,-0.0,
19156,6095.022970676422,-9.0682646e-05,
19157,6095.307264089584,-0.0,
19158,6095.590752363205,-0.0,
19159,6095.873276948929,-0.0,
19160,6096.1569039821625,-0.0,
19161,6096.439666032791,-0.0,
19162,6096.724272966385,-0.0,
19163,6097.009994268417,-0.0,
19164,6097.292405366898,-0.0,
19165,6097.5758056640625,-0.0,
19166,6097.858697652817,-0.0,
19167,6098.142008066177,-0.005019846,
19168,6098.4271693229675,-0.006916856,
19169,6098.710782289505,-0.0005448411,
19170,6098.993815898895,-0.0011759831,
19171,6099.277259111404,-0.0,
19172,6099.561524629593,-0.0,
19173,6099.845720767975,-0.0,
19174,6100.129781007767,-0.0,
19175,6100.409059524536,-0.0,
19176,6101.432464599609,-0.0,
19177,6101.714337348938,-4.4663768e-05,
19178,6101.995656490326,-0.0,
19179,6102.279043912888,-0.0,
19180,6102.563469648361,-0.0,
19181,6102.847030878067,-0.0,
19182,6103.13020157814,-0.0,
19183,6103.414048671722,-0.0,
19184,6103.697140693665,-0.0,
19185,6103.981397151947,-0.0,
19186,6104.265573263168,-0.0,
19187,6104.549414634705,-0.0,
19188,6104.833623886108,-0.0,
19189,6105.117519378662,-0.0,
19190,6105.402407169342,-0.0,
19191,6105.687347650528,-0.0,
19192,6105.970087528229,-0.0,
19193,6106.254163742065,-0.0,
19194,6106.537451028824,-0.005816273,
19195,6106.822219371796,-0.0,
19196,6107.10714673996,-0.0,
19197,6107.389668941498,-0.0,
19198,6107.673601388931,-0.0,
19199,6107.958420038223,-0.0,
19200,6108.408355474472,-0.0,
19201,6109.506070613861,-0.0,
19202,6109.78803730011,-0.0,
19203,6110.071879386902,-0.0,
19204,6110.354705095291,-0.0,
19205,6110.637638807297,-0.0,
19206,6110.921536445618,-0.0,
19207,6111.204840898514,-0.0,
19208,6111.48726606369,-0.0,
19209,6111.770244598389,-0.0,
19210,6112.053329229355,-0.0,
19211,6112.336323022842,-0.0,
19212,6112.620476722717,-0.0,
19213,6112.9048092365265,-0.0,
19214,6113.186723232269,-0.0,
19215,6113.469873189926,-0.0,
19216,6113.752772092819,-0.0037250582,
19217,6114.035884857178,-0.0,
19218,6114.320012807846,-0.0,
19219,6114.603724241257,-0.017321346,
19220,6114.885936021805,-0.0,
19221,6115.169405221939,-0.0,
19222,6115.452323436737,-0.0,
19223,6115.735742092133,-0.0,
19224,6116.0198175907135,-0.0,
19225,6116.299849748611,-0.0,
19226,6117.360560417175,-0.0,
19227,6117.644191741943,-0.0,
19228,6117.92750620842,-0.019102866,
19229,6118.210761547089,-0.0001464528,
19230,6118.493116855621,-0.0,
19231,6118.777799367905,-0.0,
19232,6119.062452077866,-0.0005571166,
19233,6119.345271348953,-0.0,
19234,6119.628947257996,-0.0,
19235,6119.912876844406,-0.0,
19236,6120.196561574936,-0.0,
19237,6120.480420351028,-0.001275573,
19238,6120.7631006240845,-0.0,
19239,6121.046434164047,-0.0,
19240,6121.330074310303,-1.1398824e-05,
19241,6121.61354470253,-0.0,
19242,6121.898249387741,-0.0,
19243,6122.182252407074,-0.009972744,
19244,6122.464802265167,-0.0,
19245,6122.748368740082,-0.0,
19246,6123.031645536423,-0.02445629,
19247,6123.316118717194,-0.0,
19248,6123.600544929504,-0.0,
19249,6123.883644580841,-0.0,
19250,6124.1630601882935,-0.0,
19251,6125.133843660355,-0.0,
19252,6125.41615653038,-0.0,
19253,6125.7002630233765,-0.0,
19254,6125.9823207855225,-0.0,
19255,6126.264570951462,-0.0,
19256,6126.547406435013,-0.0,
19257,6126.829567432404,-0.006053127,
19258,6127.111941576004,-0.0,
19259,6127.395924806595,-0.0,
19260,6127.679839849472,-0.0,
19261,6127.961921453476,-0.0,
19262,6128.244379758835,-0.0,
19263,6128.527409076691,-0.011117561,
19264,6128.809415578842,-0.0,
19265,6129.093042850494,-0.0,
19266,6129.376423597336,-0.0,
19267,6129.659085035324,-0.0,
19268,6129.941985607147,-0.0,
19269,6130.225654363632,-0.0,
19270,6130.508060455322,-0.0,
19271,6130.791131496429,-0.0,
19272,6131.074998378754,-0.017913444,
19273,6131.3583862781525,-0.0,
19274,6131.640432357788,-0.0,
19275,6131.919025421143,-0.0,
19276,6132.956248998642,-0.0,
19277,6133.238838672638,-3.9115475e-06,
19278,6133.519171953201,-0.0,
19279,6133.800529003143,-0.0,
19280,6134.082660675049,-0.011311443,
19281,6134.365337610245,-0.0,
19282,6134.647640943527,-0.0,
19283,6134.9298667907715,-0.0,
19284,6135.213555812836,-0.0,
19285,6135.49612569809,-0.0,
19286,6135.778645992279,-0.0,
19287,6136.059943199158,-0.0,
19288,6136.342765569687,-0.005645543,
19289,6136.6253073215485,-0.0,
19290,6136.907611370087,-0.00993396,
19291,6137.191336393356,-0.0,
19292,6137.474263191223,-0.0,
19293,6137.757100820541,-0.0,
19294,6138.038692712784,-0.0,
19295,6138.321313381195,-0.0,
19296,6138.604385375977,-0.0,
19297,6138.885637044907,-0.0,
19298,6139.167909860611,-0.0,
19299,6139.451560020447,-0.0,
19300,6139.9014592170715,-0.0,
19301,6140.9831075668335,-0.0,
19302,6141.26459479332,-1.6641557e-09,
19303,6141.54905629158,-0.0,
19304,6141.834796190262,-0.0,
19305,6142.1177616119385,-0.0,
19306,6142.402303218842,-0.0,
19307,6142.685726881027,-0.0,
19308,6142.969118118286,-0.0,
19309,6143.253095149994,-0.0,
19310,6143.536813259125,-0.0,
19311,6143.819489240646,-0.0,
19312,6144.103956699371,-0.0,
19313,6144.386438369751,-0.0014400935,
19314,6144.672038078308,-0.0,
19315,6144.955858230591,-0.0,
19316,6145.238785743713,-0.0,
19317,6145.52156162262,-0.019148136,
19318,6145.804686307907,-0.0,
19319,6146.088574409485,-0.0,
19320,6146.373639345169,-0.0,
19321,6146.656153202057,-0.0,
19322,6146.940494775772,-0.0,
19323,6147.224493265152,-0.0,
19324,6147.508589506149,-0.0,
19325,6147.789013624191,-0.0,
19326,6148.810990571976,-0.0,
19327,6149.094935655594,-0.0,
19328,6149.380033016205,-0.0,
19329,6149.66516828537,-0.0,
19330,6149.949644565582,-0.0,
19331,6150.234506845474,-0.002404257,
19332,6150.518920183182,-0.0,
19333,6150.805959939957,-0.0,
19334,6151.090651512146,-0.0,
19335,6151.3765461444855,-0.0,
19336,6151.660706758499,-0.0,
19337,6151.943248748779,-0.0,
19338,6152.228604078293,-0.0041000126,
19339,6152.512213945389,-0.0,
19340,6152.796266555786,-0.0,
19341,6153.078455448151,-0.0,
19342,6153.361040592194,-0.012164373,
19343,6153.645926952362,-0.0,
19344,6153.929702758789,-0.0,
19345,6154.213143110275,-0.0,
19346,6154.494782447815,-0.0,
19347,6154.778255939484,-0.0,
19348,6155.060990095139,-0.0,
19349,6155.344236373901,-0.0,
19350,6155.624720096588,-0.0,
19351,6156.702903985977,-0.008425823,
19352,6156.987941741943,-0.0,
19353,6157.273330926895,-0.0,
19354,6157.5579226017,-0.0,
19355,6157.842220783234,-0.0,
19356,6158.1276977062225,-0.0,
19357,6158.413440704346,-0.0,
19358,6158.69761300087,-0.0,
19359,6158.98291015625,-0.0,
19360,6159.268151521683,-0.0,
19361,6159.550932884216,-0.0,
19362,6159.832970380783,-0.0,
19363,6160.115522861481,-0.0,
19364,6160.4004719257355,-0.0,
19365,6160.685133934021,-0.0,
19366,6160.970960617065,-0.015125231,
19367,6161.253956079483,-0.0,
19368,6161.537994146347,-0.0,
19369,6161.8219673633575,-0.0,
19370,6162.105350732803,-0.0,
19371,6162.390121459961,-0.013658792,
19372,6162.672383308411,-0.0,
19373,6162.95713353157,-0.0,
19374,6163.239515304565,-0.0,
19375,6163.519864320755,-0.0,
19376,6164.646965742111,-0.0,
19377,6164.928875684738,-0.0,
19378,6165.211558103561,-0.0,
19379,6165.495816230774,-0.0,
19380,6165.777223110199,-0.0120212175,
19381,6166.059378862381,-0.0,
19382,6166.344543218613,-0.0,
19383,6166.627606630325,-0.0,
19384,6166.910135507584,-0.0,
19385,6167.192437171936,-0.0,
19386,6167.476432085037,-0.0,
19387,6167.7578275203705,-0.0,
19388,6168.042537927628,-0.0,
19389,6168.326273202896,-0.0003445187,
19390,6168.609824419022,-0.0,
19391,6168.892382144928,-0.0,
19392,6169.174790143967,-0.0,
19393,6169.456591129303,-0.0,
19394,6169.740297317505,-0.016072888,
19395,6170.022912740707,-0.0,
19396,6170.306043148041,-0.0,
19397,6170.587987661362,-0.0,
19398,6170.871063232422,-0.0,
19399,6171.154328107834,-0.0,
19400,6171.604038715363,-0.0,
19401,6172.647469043732,-0.0,
19402,6172.929599046707,-0.0,
19403,6173.214139223099,-0.0,
19404,6173.496361017227,-7.571726e-11,
19405,6173.780593395233,-0.0,
19406,6174.064386606216,-0.0,
19407,6174.349611282349,-0.0,
19408,6174.632668972015,-0.0,
19409,6174.916369199753,-0.0,
19410,6175.2009863853455,-0.0,
19411,6175.485750436783,-0.0,
19412,6175.767938137054,-0.0,
19413,6176.052356004715,-0.0,
19414,6176.335579395294,-0.0,
19415,6176.6206386089325,-0.0,
19416,6176.903963088989,-0.0,
19417,6177.187804698944,-0.0,
19418,6177.471530675888,-0.0139296595,
19419,6177.754779577255,-0.0,
19420,6178.039360284805,-0.0,
19421,6178.325333595276,-0.0,
19422,6178.6075048446655,-0.0,
19423,6178.891749620438,-0.0,
19424,6179.174959897995,-0.0,
19425,6179.457811832428,-0.0,
19426,6180.55130314827,-0.0,
19427,6180.832453727722,-0.0,
19428,6181.116745233536,-0.0,
19429,6181.399771928787,-0.0066356347,
19430,6181.683725833893,-0.0,
19431,6181.966450452805,-0.0,
19432,6182.249652385712,-0.0,
19433,6182.532641649246,-0.0,
19434,6182.817566156387,-0.018131193,
19435,6183.101869106293,-0.0066639557,
19436,6183.385548830032,-0.0026755622,
19437,6183.669575691223,-0.016174857,
19438,6183.954357147217,-0.0,
19439,6184.238041639328,-0.0,
19440,6184.523307323456,-0.0,
19441,6184.806597471237,-0.0,
19442,6185.091209411621,-0.0,
19443,6185.37642788887,-0.0,
19444,6185.66171336174,-0.0,
19445,6185.944893121719,-0.0,
19446,6186.230328083038,-0.0,
19447,6186.513205528259,-0.0,
19448,6186.799768924713,-0.0,
19449,6187.084092140198,-0.0,
19450,6187.364271640778,-0.0,
19451,6188.4083597660065,-0.0,
19452,6188.6864721775055,-0.0,
19453,6188.968946218491,-0.0,
19454,6189.249104976654,-0.0,
19455,6189.52894282341,-0.0,
19456,6189.809366703033,-0.0,
19457,6190.090065002441,-0.0,
19458,6190.371880054474,-0.0077320687,
19459,6190.654050350189,-0.0,
19460,6190.936350822449,-0.0,
19461,6191.217705011368,-0.0,
19462,6191.498368501663,-0.0,
19463,6191.779734134674,-0.0,
19464,6192.060843229294,-0.0,
19465,6192.340929746628,-0.0,
19466,6192.621045351028,-0.0,
19467,6192.902433395386,-0.0,
19468,6193.183327436447,-0.0,
19469,6193.46498966217,-0.0028430675,
19470,6193.746114730835,-0.0,
19471,6194.027712106705,-0.0,
19472,6194.308953046799,-0.0,
19473,6194.589728355408,-0.0,
19474,6194.871373414993,-0.0,
19475,6195.1502385139465,-0.0,
19476,6196.089452505112,-0.0,
19477,6196.372323513031,-0.0,
19478,6196.655604839325,-0.0,
19479,6196.9390914440155,-0.008713944,
19480,6197.221421718597,-0.0,
19481,6197.50505566597,-0.0,
19482,6197.787883043289,-0.0,
19483,6198.071731567383,-0.0,
19484,6198.355702638626,-0.0,
19485,6198.639262199402,-0.0,
19486,6198.9217274188995,-0.0,
19487,6199.20468878746,-0.0,
19488,6199.488379240036,-0.0,
19489,6199.7723207473755,-0.0,
19490,6200.055700063705,-0.0,
19491,6200.338475704193,-0.0,
19492,6200.620355129242,-0.0,
19493,6200.903597831726,-0.0,
19494,6201.187213420868,-0.0,
19495,6201.471424341202,-0.0,
19496,6201.7552309036255,-0.0,
19497,6202.037956237793,-0.0,
19498,6202.319633960724,-0.0,
19499,6202.603574752808,-0.0,
19500,6203.055472612381,-0.0,
19501,6204.066544532776,-0.0,
19502,6204.347703695297,-0.0,
19503,6204.630437612534,-0.0,
19504,6204.913192033768,-0.0,
19505,6205.196403503418,-0.0,
19506,6205.477751255035,-0.0,
19507,6205.760089159012,-0.0,
19508,6206.042355298996,-0.0,
19509,6206.324990034103,-0.0,
19510,6206.608122348785,-0.0,
19511,6206.891521692276,-0.0,
19512,6207.17413520813,-0.0,
19513,6207.456979751587,-0.0,
19514,6207.739861011505,-0.0,
19515,6208.023024320602,-0.0,
19516,6208.305247068405,-0.0,
19517,6208.589222192764,-0.0,
19518,6208.872270345688,-0.0,
19519,6209.157450199127,-0.0,
19520,6209.4402096271515,-0.0,
19521,6209.722991943359,-0.0,
19522,6210.006277084351,-0.0,
19523,6210.289985656738,-0.0,
19524,6210.573673725128,-0.0,
19525,6210.852358341217,-0.0,
19526,6211.807634592056,-0.0,
19527,6212.089166641235,-0.0,
19528,6212.371305704117,-0.0,
19529,6212.653637170792,-0.0,
19530,6212.934997558594,-0.0,
19531,6213.21618771553,-0.0,
19532,6213.49985575676,-0.0,
19533,6213.781301021576,-1.3629103e-10,
19534,6214.0629069805145,-0.0,
19535,6214.343483448029,-0.0,
19536,6214.625860214233,-0.0,
19537,6214.908096551895,-9.07876e-08,
19538,6215.1916518211365,-0.0,
19539,6215.473105430603,-0.0,
19540,6215.754433631897,-0.0,
19541,6216.037107229233,-0.0,
19542,6216.320019006729,-0.0019401984,
19543,6216.601549386978,-0.02141091,
19544,6216.883931398392,-0.0,
19545,6217.16684627533,-0.0,
19546,6217.450387716293,-0.0,
19547,6217.7327308654785,-0.0,
19548,6218.014190196991,-0.0,
19549,6218.296283483505,-0.0,
19550,6218.574662923813,-0.0,
19551,6219.7093415260315,-0.0,
19552,6219.9896376132965,-0.0,
19553,6220.272045373917,-0.0,
19554,6220.552138328552,-0.0,
19555,6220.833756446838,-1.5522042e-11,
19556,6221.115807771683,-0.0,
19557,6221.397747039795,-0.0,
19558,6221.679484367371,-0.0,
19559,6221.9611723423,-0.0,
19560,6222.244342088699,-0.0,
19561,6222.527136802673,-0.0,
19562,6222.810039281845,-0.0,
19563,6223.091803312302,-0.0,
19564,6223.373327732086,-0.0,
19565,6223.656834602356,-0.0,
19566,6223.9385397434235,-0.002791461,
19567,6224.220466136932,-0.0,
19568,6224.504144668579,-4.7355377e-11,
19569,6224.787653923035,-0.0,
19570,6225.071749925613,-0.0,
19571,6225.353484630585,-0.0,
19572,6225.636339187622,-0.0,
19573,6225.918459177017,-0.0,
19574,6226.200187206268,-0.0,
19575,6226.479744195938,-0.0,
19576,6227.510459184647,-0.0,
19577,6227.79058098793,-0.0,
19578,6228.072433233261,-0.0,
19579,6228.354876756668,-0.0,
19580,6228.636707305908,-0.0,
19581,6228.918625116348,-0.0,
19582,6229.201778411865,-0.0,
19583,6229.484657764435,-0.0,
19584,6229.767071485519,-0.0,
19585,6230.049956083298,-0.0,
19586,6230.331869125366,-0.0,
19587,6230.61466217041,-0.0,
19588,6230.897344589233,-0.0,
19589,6231.180524110794,-0.0,
19590,6231.464266300201,-0.0,
19591,6231.747636318207,-0.0,
19592,6232.0297338962555,-0.0,
19593,6232.312210321426,-0.0,
19594,6232.594581365585,-0.0,
19595,6232.877371549606,-0.0,
19596,6233.161279678345,-0.0,
19597,6233.444624423981,-0.01316127,
19598,6233.7275269031525,-0.0,
19599,6234.009661436081,-0.0,
19600,6234.458007097244,-0.0,
19601,6235.436249494553,-0.0,
19602,6235.7199721336365,-0.0,
19603,6236.0054087638855,-0.0,
19604,6236.2889568805695,-0.0,
19605,6236.572904109955,-0.0,
19606,6236.857860803604,-0.0,
19607,6237.142774343491,-0.0,
19608,6237.427304506302,-0.0,
19609,6237.71088719368,-0.0,
19610,6237.994996547699,-0.0,
19611,6238.280396699905,-0.0,
19612,6238.568000078201,-0.0,
19613,6238.85261631012,-0.0,
19614,6239.136740684509,-1.0803495e-05,
19615,6239.422588825226,-0.0,
19616,6239.7078511714935,-0.0,
19617,6239.992419958115,-0.0,
19618,6240.27746629715,-0.0,
19619,6240.563271760941,-0.0,
19620,6240.84814453125,-0.0,
19621,6241.133249044418,-0.0,
19622,6241.418178319931,-0.0,
19623,6241.7034249305725,-0.0,
19624,6241.987938404083,-0.0,
19625,6242.26931142807,-0.0,
19626,6243.291680574417,-0.0,
19627,6243.570863723755,-0.0,
19628,6243.85201716423,-0.0,
19629,6244.133202552795,-0.0,
19630,6244.415439605713,-0.0,
19631,6244.698012828827,-0.015476722,
19632,6244.98087310791,-0.0,
19633,6245.2635724544525,-0.0,
19634,6245.545433044434,-0.0,
19635,6245.827055931091,-0.00791853,
19636,6246.108843803406,-0.0,
19637,6246.392203092575,-0.0,
19638,6246.67454457283,-0.0013166443,
19639,6246.960062503815,-0.0,
19640,6247.245416641235,-0.0,
19641,6247.527711629868,-0.0,
19642,6247.809607744217,-0.0,
19643,6248.091481208801,-0.0,
19644,6248.373153686523,-0.0,
19645,6248.65656375885,-0.0,
19646,6248.93918299675,-0.0,
19647,6249.221710920334,-0.0,
19648,6249.503516674042,-0.0,
19649,6249.784689903259,-0.0,
19650,6250.062143325806,-0.0,
19651,6251.090908527374,-0.0,
19652,6251.36890912056,-0.0,
19653,6251.649840593338,-0.0,
19654,6251.93186712265,-0.0,
19655,6252.214395046234,-0.0,
19656,6252.496913909912,-0.0,
19657,6252.779156208038,-0.0,
19658,6253.060914516449,-0.0,
19659,6253.342347860336,-0.0,
19660,6253.623759269714,-0.0,
19661,6253.905481100082,-0.0008142642,
19662,6254.187166213989,-0.0,
19663,6254.468557357788,-0.0,
19664,6254.749314546585,-0.0,
19665,6255.030448436737,-0.0,
19666,6255.312558412552,-0.0,
19667,6255.595662117004,-0.0,
19668,6255.877380847931,-0.0,
19669,6256.160185098648,-0.0,
19670,6256.441139936447,-0.0,
19671,6256.72204375267,-0.0,
19672,6257.004309177399,-0.0,
19673,6257.286473751068,-0.0,
19674,6257.5677580833435,-0.0,
19675,6257.8449602127075,-0.0,
19676,6258.7875146865845,-0.0,
19677,6259.067022800446,-0.0,
19678,6259.348992347717,-0.0,
19679,6259.631383180618,-0.0,
19680,6259.9141228199005,-0.0,
19681,6260.196994066238,-0.0,
19682,6260.478771448135,-0.0,
19683,6260.760179758072,-0.0,
19684,6261.040918588638,-0.0,
19685,6261.322227716446,-0.0,
19686,6261.603588581085,-0.0,
19687,6261.8859350681305,-0.0,
19688,6262.166863441467,-0.0048232214,
19689,6262.448493003845,-0.0,
19690,6262.732129812241,-0.0,
19691,6263.014759540558,-0.0,
19692,6263.297345638275,-0.0,
19693,6263.57834482193,-0.0,
19694,6263.859283924103,-0.0,
19695,6264.141220808029,-0.0025354824,
19696,6264.423092842102,-0.0,
19697,6264.704891204834,-0.0,
19698,6264.986646413803,-0.0,
19699,6265.268903970718,-0.0,
19700,6265.719208955765,-0.0,
19701,6266.903627872467,-0.0,
19702,6267.1835770606995,-0.0,
19703,6267.466073274612,-0.0,
19704,6267.74942111969,-0.0,
19705,6268.032388448715,-0.0,
19706,6268.315429449081,-0.0,
19707,6268.597289562225,-0.0,
19708,6268.878728628159,-0.0,
19709,6269.161892652512,-0.0,
19710,6269.445106983185,-0.0,
19711,6269.72749710083,-0.0,
19712,6270.010474920273,-0.0,
19713,6270.293016672134,-0.0,
19714,6270.575018644333,-0.0,
19715,6270.857828378677,-0.0,
19716,6271.139311075211,-0.0,
19717,6271.422394990921,-0.0,
19718,6271.704844713211,-0.0,
19719,6271.9876618385315,-0.0,
19720,6272.271047115326,-0.0,
19721,6272.553542375565,-0.009461244,
19722,6272.836580276489,-0.024788076,
19723,6273.118480920792,-0.0,
19724,6273.401306629181,-0.0,
19725,6273.679799795151,-0.0,
19726,6274.801777839661,-0.0,
19727,6275.083181381226,-0.0,
19728,6275.365033626556,-0.0,
19729,6275.648187160492,-0.0,
19730,6275.931338787079,-0.0,
19731,6276.214015960693,-0.0,
19732,6276.49574971199,-0.0,
19733,6276.775847673416,-0.0,
19734,6277.058041572571,-0.0,
19735,6277.340915441513,-0.0,
19736,6277.623158454895,-0.0,
19737,6277.9056787490845,-0.0,
19738,6278.188815355301,-0.0,
19739,6278.47209072113,-0.0,
19740,6278.7546043396,-0.0,
19741,6279.036261081696,-0.0,
19742,6279.319299221039,-0.0,
19743,6279.602162122726,-0.0018178568,
19744,6279.883453607559,-0.0,
19745,6280.16717505455,-0.0,
19746,6280.4493906497955,-0.0,
19747,6280.731863260269,-0.0,
19748,6281.013927936554,-0.0,
19749,6281.2960460186005,-0.0,
19750,6281.575135231018,-0.0,
19751,6282.757004261017,-0.0,
19752,6283.037518262863,-0.0,
19753,6283.319482564926,-0.0,
19754,6283.600817203522,-0.0019237025,
19755,6283.88311123848,-0.0,
19756,6284.165990114212,-0.0,
19757,6284.448374032974,-0.0,
19758,6284.730015516281,-0.0,
19759,6285.011937618256,-0.0,
19760,6285.293723344803,-0.0,
19761,6285.576019287109,-0.0,
19762,6285.858976602554,-0.0,
19763,6286.140837192535,-0.0,
19764,6286.423747301102,-0.0,
19765,6286.706918478012,-0.0,
19766,6286.9903111457825,-0.0,
19767,6287.271451473236,-0.0,
19768,6287.553223848343,-0.0,
19769,6287.836507558823,-0.0,
19770,6288.118603944778,-0.0,
19771,6288.400427341461,-0.0,
19772,6288.683298587799,-0.0109400675,
19773,6288.966260910034,-0.0,
19774,6289.249673366547,-0.0,
19775,6289.528214454651,-0.0,
19776,6290.712467432022,-0.0,
19777,6290.992953777313,-0.012608708,
19778,6291.274281263351,-0.0,
19779,6291.556969881058,-0.0,
19780,6291.83984875679,-0.0,
19781,6292.122683286667,-0.0,
19782,6292.405637979507,-0.0,
19783,6292.68834400177,-0.0,
19784,6292.969756126404,-0.0,
19785,6293.2517557144165,-0.0,
19786,6293.533966302872,-0.0,
19787,6293.816090345383,-0.0,
19788,6294.098187923431,-0.0,
19789,6294.380854845047,-0.0,
19790,6294.6640202999115,-0.0,
19791,6294.947703123093,-0.0,
19792,6295.229732751846,-0.0,
19793,6295.51208114624,-0.0,
19794,6295.794841527939,-0.010450785,
19795,6296.076732635498,-0.0,
19796,6296.358127832413,-0.0,
19797,6296.6417117118835,-0.0,
19798,6296.924323558807,-0.0,
19799,6297.206743240356,-0.0,
19800,6297.651784896851,-0.0,
19801,6298.780271530151,-0.0,
19802,6299.061146020889,-0.0,
19803,6299.3426904678345,-0.0,
19804,6299.624533176422,-0.0,
19805,6299.905926942825,-0.0,
19806,6300.187274217606,-0.0,
19807,6300.467727184296,-0.013649453,
19808,6300.748733520508,-0.0,
19809,6301.030278205872,-0.0,
19810,6301.312444448471,-0.0,
19811,6301.594460248947,-0.0,
19812,6301.875294923782,-0.0,
19813,6302.15719294548,-0.0,
19814,6302.440288305283,-0.0,
19815,6302.722370147705,-0.0,
19816,6303.003700494766,-0.0,
19817,6303.285496473312,-0.0,
19818,6303.566995382309,-0.0,
19819,6303.84801197052,-0.0,
19820,6304.130148887634,-0.0,
19821,6304.41191983223,-0.0,
19822,6304.693104028702,-0.0,
19823,6304.974121332169,-0.0,
19824,6305.257252454758,-0.0,
19825,6305.535842895508,-0.0,
19826,6306.55047249794,-0.0,
19827,6306.831392526627,-0.0,
19828,6307.113529920578,-0.0,
19829,6307.396480083466,-0.0,
19830,6307.6798441410065,-0.0066099856,
19831,6307.962618112564,-0.0,
19832,6308.244978189468,-0.0,
19833,6308.526954650879,-0.0028518743,
19834,6308.809677124023,-0.0,
19835,6309.093034744263,-0.010697154,
19836,6309.377060413361,-0.006858272,
19837,6309.6606731414795,-0.0,
19838,6309.942976474762,-0.0,
19839,6310.225084781647,-0.0,
19840,6310.50811624527,-0.0,
19841,6310.79051566124,-0.0,
19842,6311.072823047638,-0.0,
19843,6311.355862379074,-0.0,
19844,6311.639513492584,-0.0073671835,
19845,6311.922762155533,-0.0,
19846,6312.2049877643585,-0.0,
19847,6312.488368034363,-1.0962375e-06,
19848,6312.7714858055115,-0.0,
19849,6313.053595304489,-0.0,
19850,6313.333569765091,-0.0,
19851,6314.331223487854,-0.0,
19852,6314.6113476753235,-0.0,
19853,6314.894454240799,-0.0,
19854,6315.17742061615,-0.0,
19855,6315.460963726044,-0.0,
19856,6315.743580579758,-0.0,
19857,6316.024510383606,-0.0,
19858,6316.307188034058,-0.0,
19859,6316.589244365692,-0.0,
19860,6316.87148976326,-0.0,
19861,6317.1548001766205,-0.0,
19862,6317.437296867371,-0.0140376175,
19863,6317.72149515152,-0.0,
19864,6318.003433942795,-0.0,
19865,6318.285441398621,-0.0,
19866,6318.567701101303,-0.0,
19867,6318.850037097931,-0.0,
19868,6319.131866455078,-0.0,
19869,6319.415408372879,-0.0,
19870,6319.6974012851715,-0.0,
19871,6319.979987859726,-0.0,
19872,6320.261936426163,-0.0,
19873,6320.542727947235,-0.0007968677,
19874,6320.825311660767,-0.006683892,
19875,6321.1040251255035,-0.0,
19876,6322.164353609085,-0.0,
19877,6322.445628643036,-0.0050971205,
19878,6322.728389263153,-0.0,
19879,6323.009937047958,-0.0,
19880,6323.293361902237,-0.0,
19881,6323.575793504715,-0.0,
19882,6323.858465909958,-0.0,
19883,6324.140585899353,-0.020836687,
19884,6324.42151260376,-0.0,
19885,6324.703843355179,-0.0,
19886,6324.986542701721,-0.0,
19887,6325.268620967865,-0.0,
19888,6325.550706624985,-0.0,
19889,6325.833522081375,-0.0,
19890,6326.117077589035,-0.0,
19891,6326.399205446243,-0.0,
19892,6326.680924654007,-0.0,
19893,6326.9628620147705,-0.0,
19894,6327.246027946472,-0.0,
19895,6327.528006315231,-0.0,
19896,6327.810051679611,-0.0,
19897,6328.09318113327,-0.0,
19898,6328.375858783722,-0.0,
19899,6328.6591255664825,-0.0006613257,
19900,6329.106184959412,-0.0,
19901,6330.241680383682,-0.021214822,
19902,6330.523038864136,-0.0,
19903,6330.805040359497,-0.0,
19904,6331.08687376976,-0.0,
19905,6331.369830131531,-0.0,
19906,6331.652656078339,-0.0,
19907,6331.936465501785,-0.0015763708,
19908,6332.218447685242,-0.0,
19909,6332.50014257431,-0.0,
19910,6332.782228469849,-0.0,
19911,6333.064548254013,-0.0,
19912,6333.347765445709,-0.0,
19913,6333.631826877594,-0.0,
19914,6333.915228843689,-0.0,
19915,6334.197446107864,-0.0,
19916,6334.478977680206,-0.0,
19917,6334.7611265182495,-0.0,
19918,6335.043963193893,-0.0,
19919,6335.32564663887,-0.0,
19920,6335.609752893448,-0.0,
19921,6335.894119977951,-0.0,
19922,6336.176829338074,-0.0,
19923,6336.458570718765,-0.0,
19924,6336.741035223007,-0.0,
19925,6337.019512653351,-0.0,
19926,6338.154643058777,-0.0,
19927,6338.435600757599,-0.0,
19928,6338.717211723328,-0.0,
19929,6339.001946210861,-3.54056e-10,
19930,6339.283977508545,-0.0,
19931,6339.567641019821,-0.0,
19932,6339.851114988327,-0.0,
19933,6340.133581638336,-0.0,
19934,6340.417418241501,-0.0,
19935,6340.699557304382,-0.0,
19936,6340.9838445186615,-0.0,
19937,6341.266364336014,-0.015297861,
19938,6341.549942970276,-0.0,
19939,6341.835213422775,-0.0,
19940,6342.1173050403595,-0.0,
19941,6342.401486158371,-0.0,
19942,6342.6836585998535,-0.0,
19943,6342.9673454761505,-0.0,
19944,6343.253144741058,-0.0,
19945,6343.535318851471,-0.0,
19946,6343.820503473282,-0.0,
19947,6344.10231256485,-0.0,
19948,6344.3859622478485,-0.00145751,
19949,6344.671182870865,-0.0059428304,
19950,6344.949831724167,-0.0,
19951,6345.946797132492,-0.0,
19952,6346.226821184158,-0.0,
19953,6346.5101749897,-0.0,
19954,6346.793272256851,-0.0,
19955,6347.07470703125,-0.0,
19956,6347.35991191864,-0.0,
19957,6347.641597032547,-0.0,
19958,6347.9245862960815,-0.0,
19959,6348.209086179733,-0.0,
19960,6348.491872549057,-0.0,
19961,6348.77571105957,-0.0,
19962,6349.057949542999,-0.016042277,
19963,6349.3409633636475,-0.0,
19964,6349.623441696167,-0.0,
19965,6349.906989812851,-0.0,
19966,6350.192727565765,-0.0,
19967,6350.474985837936,-0.0,
19968,6350.758662223816,-0.0,
19969,6351.04069852829,-0.0,
19970,6351.324147939682,-0.0,
19971,6351.609791517258,-0.0,
19972,6351.891943454742,-0.0,
19973,6352.1749613285065,-0.0,
19974,6352.457281827927,-0.0,
19975,6352.7352702617645,-0.0,
19976,6353.927282333374,-0.0,
19977,6354.209145784378,-0.0076874727,
19978,6354.492168903351,-0.0,
19979,6354.775063276291,-0.0,
19980,6355.060437679291,-0.0,
19981,6355.343991994858,-0.0,
19982,6355.627671718597,-0.0,
19983,6355.910608053207,-0.0,
19984,6356.192477941513,-0.0,
19985,6356.4775178432465,-0.0,
19986,6356.76026391983,-0.0,
19987,6357.044530391693,-0.0,
19988,6357.328508138657,-0.0,
19989,6357.610998392105,-0.0,
19990,6357.896031856537,-0.0,
19991,6358.178711652756,-0.0,
19992,6358.463389158249,-0.0,
19993,6358.747758626938,-0.0,
19994,6359.030269861221,-0.0,
19995,6359.315093755722,-0.006522904,
19996,6359.597605705261,-0.0,
19997,6359.8825776577,-0.0,
19998,6360.165182828903,-0.0,
19999,6360.448312044144,-0.0,
20000,6360.899804115295,-0.0,
20001,6361.935912370682,-0.0,
20002,6362.215042591095,-0.0,
20003,6362.496266126633,-0.0,
20004,6362.779730319977,-0.0,
20005,6363.063108921051,-0.0,
20006,6363.347012758255,-0.0,
20007,6363.628658771515,-0.0,
20008,6363.91015958786,-0.0,
20009,6364.1945288181305,-0.0,
20010,6364.476673126221,-0.0041990494,
20011,6364.760932922363,-0.0,
20012,6365.043501615524,-0.0,
20013,6365.325921297073,-0.0,
20014,6365.609895944595,-0.009573046,
20015,6365.892738580704,-0.0,
20016,6366.177063703537,-0.0,
20017,6366.459871768951,-0.0,
20018,6366.743245840073,-0.0,
20019,6367.027490139008,-0.0,
20020,6367.309260845184,-0.0038894285,
20021,6367.595750331879,-0.0,
20022,6367.876336574554,-0.0,
20023,6368.161151885986,-0.0,
20024,6368.445744752884,-0.0,
20025,6368.723496437073,-0.0,
20026,6369.891605854034,-0.0,
20027,6370.172574043274,-0.0,
20028,6370.458878993988,-0.0,
20029,6370.743458986282,-0.009882032,
20030,6371.0284633636475,-0.0,
20031,6371.3132202625275,-0.0,
20032,6371.597939252853,-0.0,
20033,6371.885055303574,-0.0,
20034,6372.168350696564,-0.0,
20035,6372.452894210815,-0.0,
20036,6372.73681807518,-0.0,
20037,6373.021856069565,-0.0,
20038,6373.308821439743,-0.0,
20039,6373.593375682831,-0.0,
20040,6373.880568981171,-0.0,
20041,6374.164632320404,-0.0,
20042,6374.448773622513,-0.0,
20043,6374.734352588654,-0.0,
20044,6375.020360708237,-0.0,
20045,6375.307637691498,-0.0,
20046,6375.591702461243,-0.0,
20047,6375.876450061798,-0.0,
20048,6376.163944244385,-0.0,
20049,6376.44779253006,-0.0,
20050,6376.731453895569,-0.0,
20051,6377.786275625229,-0.0,
20052,6378.068510770798,-0.0,
20053,6378.351655960083,-0.0,
20054,6378.63644695282,-0.0,
20055,6378.922996520996,-0.0,
20056,6379.2062702178955,-0.0,
20057,6379.491559267044,-0.0,
20058,6379.7761034965515,-0.0,
20059,6380.061354398727,-0.0,
20060,6380.346893310547,-0.0,
20061,6380.631520271301,-0.003931254,
20062,6380.918017864227,-0.0,
20063,6381.202141046524,-0.0,
20064,6381.486390352249,-0.0,
20065,6381.771868467331,-0.0,
20066,6382.056693553925,-0.0,
20067,6382.343854665756,-0.0,
20068,6382.6264731884,-0.0027105876,
20069,6382.911606788635,-0.0,
20070,6383.196631669998,-0.0,
20071,6383.481947183609,-0.0,
20072,6383.76508307457,-0.0,
20073,6384.049582481384,-0.0,
20074,6384.3332278728485,-0.0,
20075,6384.614968299866,-1.1476993e-08,
20076,6385.703338384628,-0.0,
20077,6385.983087539673,-0.0,
20078,6386.266864299774,-0.0,
20079,6386.5497624874115,-0.0040946743,
20080,6386.8365070819855,-0.0,
20081,6387.118711233139,-0.0,
20082,6387.401986837387,-0.0,
20083,6387.685920715332,-0.0,
20084,6387.968716144562,-0.0,
20085,6388.254331827164,-0.0,
20086,6388.537830352783,-0.0,
20087,6388.8212695121765,-0.0,
20088,6389.104762554169,-0.0,
20089,6389.387593507767,-0.0,
20090,6389.673069477081,-0.0,
20091,6389.956300020218,-0.0,
20092,6390.240295410156,-0.010729563,
20093,6390.522120952606,-0.0,
20094,6390.804394245148,-0.0,
20095,6391.088872909546,-0.0,
20096,6391.373015403748,-0.011717177,
20097,6391.657068490982,-0.01313388,
20098,6391.940048933029,-0.0,
20099,6392.221752643585,-0.0,
20100,6392.673415899277,-0.0,
20101,6393.739713191986,-0.0,
20102,6394.019351005554,-0.0,
20103,6394.301162481308,-0.0,
20104,6394.585264444351,-0.0070571494,
20105,6394.867620706558,-0.0,
20106,6395.151978969574,-0.0,
20107,6395.434744596481,-0.0,
20108,6395.716833114624,-0.0,
20109,6396.000785827637,-0.0,
20110,6396.282965421677,-0.0,
20111,6396.5675184726715,-0.0,
20112,6396.852303504944,-0.0,
20113,6397.135813474655,-8.862785e-09,
20114,6397.419866800308,-0.0,
20115,6397.702153682709,-0.0,
20116,6397.986477613449,-0.0,
20117,6398.270046949387,-0.0,
20118,6398.55348110199,-0.0,
20119,6398.83787727356,-0.0,
20120,6399.120719909668,-0.0,
20121,6399.406067371368,-0.0,
20122,6399.689423322678,-0.0,
20123,6399.972984075546,-0.0,
20124,6400.257080078125,-0.0,
20125,6400.535171985626,-0.0,
20126,6401.712698459625,-0.0,
20127,6401.993840456009,-0.0,
20128,6402.278190612793,-0.0,
20129,6402.560187339783,-1.5393761e-11,
20130,6402.843150138855,-0.0,
20131,6403.125008821487,-0.0,
20132,6403.408034563065,-0.0,
20133,6403.6937963962555,-0.0,
20134,6403.976516723633,-0.0,
20135,6404.259608030319,-0.0,
20136,6404.5421142578125,-0.0,
20137,6404.824268817902,-0.0,
20138,6405.109935760498,-0.0,
20139,6405.393159151077,-0.0,
20140,6405.677402973175,-0.0,
20141,6405.960228919983,-0.0,
20142,6406.242406845093,-0.0,
20143,6406.526325941086,-0.0,
20144,6406.809819698334,-0.0,
20145,6407.093922138214,-0.0,
20146,6407.374896287918,-0.0,
20147,6407.655730724335,-0.0,
20148,6407.93944644928,-0.0,
20149,6408.221517801285,-0.0,
20150,6408.5025334358215,-0.0,
20151,6409.574372053146,-0.0,
20152,6409.855381011963,-0.0,
20153,6410.139003753662,-0.0,
20154,6410.423281669617,-0.005680683,
20155,6410.711439371109,-0.0,
20156,6410.995738267899,-0.0,
20157,6411.281260728836,-0.010342886,
20158,6411.5654191970825,-0.0,
20159,6411.8513832092285,-0.0,
20160,6412.137389421463,-0.0,
20161,6412.421770095825,-1.5021331e-11,
20162,6412.708928346634,-0.0,
20163,6412.993329524994,-0.0,
20164,6413.278792142868,-0.0,
20165,6413.565435886383,-0.0,
20166,6413.85077381134,-0.0,
20167,6414.138048410416,-0.0,
20168,6414.420657634735,-0.0,
20169,6414.707438707352,-0.0,
20170,6414.993372440338,-0.0,
20171,6415.277818441391,-0.015467545,
20172,6415.564615726471,-0.0,
20173,6415.8500554561615,-0.0,
20174,6416.135737895966,-0.0,
20175,6416.415723562241,-0.0,
20176,6417.567676305771,-0.0,
20177,6417.850980043411,-0.0,
20178,6418.134323596954,-0.0,
20179,6418.42006111145,-0.0,
20180,6418.705041646957,-0.0,
20181,6418.990894317627,-0.0,
20182,6419.274194955826,-0.0,
20183,6419.558572769165,-0.012652265,
20184,6419.845512151718,-0.0,
20185,6420.130741357803,-0.0,
20186,6420.417799949646,-0.0,
20187,6420.6999661922455,-0.0054807975,
20188,6420.986700773239,-0.0,
20189,6421.2725484371185,-0.0,
20190,6421.557552814484,-0.0,
20191,6421.8443338871,-0.0,
20192,6422.12971162796,-0.0,
20193,6422.413496494293,-0.0,
20194,6422.698582172394,-0.0,
20195,6422.984612941742,-0.0,
20196,6423.271628379822,-0.0,
20197,6423.556675434113,-0.0,
20198,6423.842629432678,-0.0,
20199,6424.127985715866,-0.0,
20200,6424.581056833267,-0.0,
20201,6425.7571585178375,-0.0,
20202,6426.03996348381,-0.0,
20203,6426.323716402054,-0.0,
20204,6426.607268571854,-0.0,
20205,6426.889658212662,-0.0,
20206,6427.172579050064,-0.0,
20207,6427.457753658295,-1.6267634e-10,
20208,6427.74219918251,-0.0,
20209,6428.027136325836,-0.0,
20210,6428.309145450592,-1.4124317e-10,
20211,6428.592550039291,-0.0,
20212,6428.877640962601,-0.019353682,
20213,6429.161902427673,-0.0,
20214,6429.446908712387,-0.0,
20215,6429.7291605472565,-0.0,
20216,6430.012407302856,-0.0,
20217,6430.295787572861,-0.0,
20218,6430.578495502472,-0.0,
20219,6430.862134695053,-0.0,
20220,6431.145239114761,-0.0,
20221,6431.427370786667,-0.0,
20222,6431.71018576622,-0.0,
20223,6431.9944570064545,-0.0,
20224,6432.277514219284,-0.0,
20225,6432.5599575042725,-0.0,
20226,6433.708824396133,-0.0,
20227,6433.991241693497,-0.0,
20228,6434.274734735489,-0.0,
20229,6434.558977365494,-0.0,
20230,6434.845449447632,-0.0066565853,
20231,6435.129231214523,-0.0,
20232,6435.415880441666,-0.0,
20233,6435.699479103088,-0.0,
20234,6435.984901666641,-0.0,
20235,6436.2697377204895,-0.0,
20236,6436.554315567017,-0.005794368,
20237,6436.841295003891,-0.0,
20238,6437.125020503998,-0.0019714022,
20239,6437.40979886055,-0.0,
20240,6437.693603038788,-5.2618143e-05,
20241,6437.978602647781,-0.0,
20242,6438.2664959430695,-0.0,
20243,6438.5500729084015,-0.0,
20244,6438.834994316101,-0.0,
20245,6439.119567394257,-0.01190601,
20246,6439.4045152664185,-0.0,
20247,6439.691032648087,-0.0,
20248,6439.975536108017,-0.0,
20249,6440.262088298798,-0.0,
20250,6440.542080879211,-0.0,
20251,6441.725323677063,-0.0,
20252,6442.00451374054,-0.0,
20253,6442.287237882614,-0.0026773463,
20254,6442.570798158646,-0.0,
20255,6442.852502346039,-0.0,
20256,6443.13769865036,-0.0,
20257,6443.420702934265,-0.0,
20258,6443.703508377075,-0.0,
20259,6443.988252401352,-0.0,
20260,6444.270955085754,-0.0,
20261,6444.5554785728455,-0.003598337,
20262,6444.838023424149,-0.0,
20263,6445.121298789978,-0.0,
20264,6445.404242038727,-0.0,
20265,6445.686772823334,-0.0,
20266,6445.972529411316,-0.0,
20267,6446.254285573959,-0.0,
20268,6446.538624286652,-0.0,
20269,6446.822033166885,-0.0,
20270,6447.103673458099,-0.0,
20271,6447.389732599258,-6.503188e-05,
20272,6447.670527219772,-0.0,
20273,6447.954896688461,-0.0,
20274,6448.23956823349,-0.0,
20275,6448.518515110016,-0.0,
20276,6449.645976305008,-0.0,
20277,6449.927234888077,-0.0,
20278,6450.209854364395,-0.0,
20279,6450.491081953049,-0.0,
20280,6450.773776292801,-0.0,
20281,6451.057363271713,-0.0,
20282,6451.338618516922,-0.007575156,
20283,6451.621680498123,-0.0,
20284,6451.902724027634,-0.0,
20285,6452.1842648983,-0.0,
20286,6452.465826034546,-0.0,
20287,6452.747440338135,-0.023085585,
20288,6453.031558513641,-0.0,
20289,6453.3144273757935,-0.0,
20290,6453.598327636719,-0.0,
20291,6453.879884004593,-0.014602979,
20292,6454.161199569702,-0.0,
20293,6454.444330692291,-0.0,
20294,6454.7265021800995,-0.0,
20295,6455.007800102234,-0.0,
20296,6455.291782855988,-0.0,
20297,6455.57427072525,-0.0,
20298,6455.857810020447,-0.0,
20299,6456.13934469223,-0.005877336,
20300,6456.589526414871,-0.0,
20301,6457.663833618164,-2.2807879e-10,
20302,6457.944296121597,-0.0,
20303,6458.224935054779,-0.0,
20304,6458.505918264389,-0.0,
20305,6458.789190292358,-0.0,
20306,6459.071611881256,-0.0,
20307,6459.354919672012,-0.0,
20308,6459.63658952713,-0.0,
20309,6459.918087720871,-0.0,
20310,6460.200759887695,-0.0,
20311,6460.482511281967,-0.0028477288,
20312,6460.765518903732,-0.0,
20313,6461.046532154083,-0.0,
20314,6461.328471183777,-0.0,
20315,6461.613687515259,-0.0,
20316,6461.895987987518,-0.0,
20317,6462.178904056549,-0.0020832547,
20318,6462.460283994675,-0.0,
20319,6462.741766452789,-0.0,
20320,6463.025165081024,-0.0,
20321,6463.306659698486,-0.0,
20322,6463.591267108917,-0.0,
20323,6463.872560977936,-0.0,
20324,6464.15419459343,-0.0,
20325,6464.433166027069,-0.0,
20326,6465.594162464142,-0.0,
20327,6465.877108335495,-0.0,
20328,6466.16099858284,-0.0,
20329,6466.444156169891,-0.0,
20330,6466.726349115372,-0.0,
20331,6467.010549783707,-0.0,
20332,6467.293961286545,-0.0017396357,
20333,6467.576735496521,-0.0,
20334,6467.8619503974915,-0.0,
20335,6468.144054412842,-0.0,
20336,6468.428575992584,-0.0,
20337,6468.711576461792,-0.0,
20338,6468.993955612183,-0.0,
20339,6469.277941942215,-0.0,
20340,6469.560759782791,-0.0,
20341,6469.844632148743,-0.0,
20342,6470.127856016159,-0.0027864971,
20343,6470.411783456802,-0.0,
20344,6470.69531750679,-0.0,
20345,6470.977169752121,-0.0,
20346,6471.262583971024,-0.0,
20347,6471.5437026023865,-0.0,
20348,6471.8279712200165,-0.0,
20349,6472.112625360489,-0.0,
20350,6472.39183306694,-0.0,
20351,6473.572852373123,-0.0,
20352,6473.854909181595,-0.0,
20353,6474.140843153,-0.0,
20354,6474.424395084381,-0.0,
20355,6474.71115064621,-0.0,
20356,6474.993168592453,-0.0,
20357,6475.274665594101,-0.0,
20358,6475.559188842773,-0.0,
20359,6475.841707706451,-0.0,
20360,6476.126397371292,-0.0,
20361,6476.408940792084,-0.0,
20362,6476.692383766174,-0.0,
20363,6476.976258277893,-0.0,
20364,6477.258149385452,-0.0,
20365,6477.542946815491,-0.0,
20366,6477.824624300003,-0.0,
20367,6478.109421491623,-0.0,
20368,6478.393253326416,-0.0,
20369,6478.6754949092865,-0.0,
20370,6478.960729598999,-0.0,
20371,6479.242616415024,-0.0,
20372,6479.526832580566,-0.0,
20373,6479.8116636276245,-0.0,
20374,6480.093622207642,-0.0,
20375,6480.376254558563,-0.0,
20376,6481.592419862747,-0.0,
20377,6481.875475883484,-0.0,
20378,6482.159395694733,-0.0,
20379,6482.444449424744,-0.0,
20380,6482.727140665054,-0.0,
20381,6483.010258436203,-0.0,
20382,6483.2934539318085,-0.0,
20383,6483.575663328171,-0.0,
20384,6483.860242605209,-0.0,
20385,6484.141840219498,-0.0,
20386,6484.426684617996,-0.0,
20387,6484.710557222366,-0.0,
20388,6484.992112398148,-0.0,
20389,6485.277841567993,-0.0,
20390,6485.558332681656,-0.010735308,
20391,6485.842749595642,-0.0,
20392,6486.127055883408,-7.66e-07,
20393,6486.409573554993,-0.0,
20394,6486.694254159927,-0.0,
20395,6486.9768126010895,-0.0,
20396,6487.259313583374,-0.0,
20397,6487.542762517929,-0.0,
20398,6487.826197862625,-0.0,
20399,6488.110677242279,-0.0,
20400,6488.557566404343,-0.0,
20401,6489.6981065273285,-0.0,
20402,6489.980149507523,-0.0,
20403,6490.266620874405,-0.0,
20404,6490.5493087768555,-0.0,
20405,6490.833410739899,-0.0,
20406,6491.115062713623,-0.0,
20407,6491.397178411484,-0.0,
20408,6491.681816577911,-0.0,
20409,6491.965261459351,-0.0,
20410,6492.2504296302795,-0.014102322,
20411,6492.5314354896545,-0.0,
20412,6492.814455509186,-0.002778298,
20413,6493.097893714905,-0.0,
20414,6493.38103556633,-0.0,
20415,6493.667051315308,-0.0,
20416,6493.947700023651,-0.0,
20417,6494.230172157288,-0.0,
20418,6494.513947248459,-0.0,
20419,6494.795990228653,-0.0,
20420,6495.081016540527,-0.0,
20421,6495.363319396973,-0.0,
20422,6495.646368980408,-7.7288155e-11,
20423,6495.929088592529,-0.0,
20424,6496.21190237999,-0.0,
20425,6496.492901325226,-0.0,
20426,6497.5005803108215,-0.0,
20427,6497.784384250641,-0.0,
20428,6498.068011522293,-0.0,
20429,6498.351582765579,-0.0,
20430,6498.636616945267,-0.0,
20431,6498.921653985977,-0.0,
20432,6499.207298517227,-0.0,
20433,6499.490572214127,-0.0,
20434,6499.774353504181,-0.0,
20435,6500.059575557709,-0.0,
20436,6500.344225168228,-0.0,
20437,6500.627018451691,-0.0,
20438,6500.910947084427,-0.007298218,
20439,6501.194477081299,-0.007328626,
20440,6501.479586601257,-0.0,
20441,6501.765546798706,-4.3744373e-09,
20442,6502.049786806107,-0.0,
20443,6502.336900949478,-0.0,
20444,6502.620579242706,-0.0,
20445,6502.905878782272,-0.0,
20446,6503.191522359848,-0.0,
20447,6503.475124597549,-0.0,
20448,6503.763179063797,-0.0,
20449,6504.047536611557,-0.0,
20450,6504.329668521881,-0.0,
20451,6505.4478142261505,-0.0,
20452,6505.729575395584,-0.0,
20453,6506.011083364487,-0.0,
20454,6506.292659521103,-0.0,
20455,6506.577343225479,-0.0,
20456,6506.859811306,-0.0,
20457,6507.143633842468,-0.0,
20458,6507.424731731415,-0.0,
20459,6507.706701040268,-0.0009989935,
20460,6507.990810871124,-0.0,
20461,6508.272838115692,-0.0,
20462,6508.557270288467,-0.0,
20463,6508.840129613876,-0.0,
20464,6509.122735500336,-0.0,
20465,6509.406369447708,-0.0,
20466,6509.688934803009,-0.0,
20467,6509.972378253937,-0.0,
20468,6510.255371570587,-0.0,
20469,6510.538902997971,-0.0,
20470,6510.822728395462,-0.01607135,
20471,6511.104226589203,-0.0,
20472,6511.389224290848,-0.0,
20473,6511.669949293137,-0.0,
20474,6511.953825950623,-0.0,
20475,6512.234011411667,-0.0,
20476,6513.422669649124,-0.0,
20477,6513.702500343323,-0.0,
20478,6513.9846749305725,-0.0,
20479,6514.267870903015,-0.0,
20480,6514.549096822739,-0.0,
20481,6514.831245660782,-0.0,
20482,6515.113003253937,-0.0,
20483,6515.394953727722,-0.0,
20484,6515.680417299271,-0.0,
20485,6515.961450338364,-0.0,
20486,6516.242561817169,-0.0,
20487,6516.524217128754,-0.0,
20488,6516.805939912796,-0.0,
20489,6517.089029073715,-0.0075068106,
20490,6517.371441602707,-0.0,
20491,6517.654680013657,-0.0,
20492,6517.937296867371,-0.0,
20493,6518.2182903289795,-0.0,
20494,6518.501537561417,-0.0,
20495,6518.782902002335,-0.0,
20496,6519.066050291061,-0.0,
20497,6519.34650349617,-0.014175544,
20498,6519.627651691437,-0.0,
20499,6519.9102902412415,-0.0,
20500,6520.357463121414,-1.872005e-11,
20501,6521.518752574921,-0.0,
20502,6521.798732280731,-0.0,
20503,6522.082568883896,-0.0,
20504,6522.365581989288,-3.093755e-08,
20505,6522.651757478714,-0.0,
20506,6522.9337911605835,-0.0046148147,
20507,6523.21923995018,-0.0,
20508,6523.5034964084625,-0.0,
20509,6523.786440849304,-0.0017617951,
20510,6524.071290969849,-0.0,
20511,6524.356222867966,-0.0,
20512,6524.639753103256,-0.0,
20513,6524.92608332634,-0.0,
20514,6525.208826780319,-0.0,
20515,6525.49368929863,-0.0,
20516,6525.778025150299,-0.0,
20517,6526.0617163181305,-0.0,
20518,6526.347442388535,-0.012740666,
20519,6526.632024765015,-0.0,
20520,6526.91686296463,-0.0,
20521,6527.199342489243,-0.0,
20522,6527.483009338379,-0.010049063,
20523,6527.767648458481,-0.0,
20524,6528.052240610123,-0.0,
20525,6528.335602760315,-0.0,
20526,6529.546007394791,-0.0,
20527,6529.829577207565,-0.0,
20528,6530.113745212555,-0.0,
20529,6530.398382425308,-0.0,
20530,6530.683851003647,-0.0,
20531,6530.968552112579,-0.0,
20532,6531.256115436554,-0.0052302256,
20533,6531.539097309113,-0.0,
20534,6531.824128866196,-0.0,
20535,6532.1080067157745,-0.0,
20536,6532.392914772034,-0.0,
20537,6532.678813695908,-0.0,
20538,6532.963318347931,-0.0,
20539,6533.249101161957,-0.0,
20540,6533.535329580307,-0.0,
20541,6533.818971395493,-0.0,
20542,6534.104853153229,-0.0033575452,
20543,6534.390850067139,-0.012913292,
20544,6534.677573919296,-0.0,
20545,6534.962323188782,-0.0,
20546,6535.246971845627,-0.0,
20547,6535.534619808197,-0.0,
20548,6535.818940162659,-0.0,
20549,6536.106062173843,-0.0,
20550,6536.38639831543,-0.0,
20551,6537.559880256653,-0.0,
20552,6537.8407509326935,-0.0,
20553,6538.124807596207,-0.0,
20554,6538.409348011017,-0.0,
20555,6538.693542718887,-0.0,
20556,6538.978552818298,-0.0,
20557,6539.262600183487,-0.0,
20558,6539.548619031906,-0.0,
20559,6539.833755493164,-0.0,
20560,6540.117188215256,-0.0,
20561,6540.402871847153,-0.0,
20562,6540.688134670258,-0.0,
20563,6540.975053548813,-0.0,
20564,6541.25977563858,-0.0,
20565,6541.544063091278,-0.0,
20566,6541.83149933815,-0.0,
20567,6542.115422964096,-0.002313602,
20568,6542.401467323303,-0.0,
20569,6542.685828208923,-0.0,
20570,6542.9725930690765,-0.0,
20571,6543.257781267166,-0.0,
20572,6543.541962862015,-0.0,
20573,6543.830052137375,-0.0,
20574,6544.112684011459,-0.0,
20575,6544.394082069397,-0.0,
20576,6545.559543609619,-0.0,
20577,6545.841580629349,-0.0,
20578,6546.125782966614,-0.0,
20579,6546.410978794098,-0.0,
20580,6546.694604873657,-0.0,
20581,6546.978095293045,-0.016643967,
20582,6547.261096954346,-0.0,
20583,6547.545042514801,-0.0,
20584,6547.829316139221,-0.0,
20585,6548.112521886826,-0.0,
20586,6548.3970901966095,-0.0,
20587,6548.681038141251,-0.0,
20588,6548.969145059586,-0.0,
20589,6549.251911878586,-0.0,
20590,6549.53652381897,-0.0038891654,
20591,6549.822397232056,-0.0,
20592,6550.108081102371,-0.0,
20593,6550.396034002304,-0.0,
20594,6550.678296804428,-0.0,
20595,6550.964731454849,-0.0,
20596,6551.250821828842,-0.0,
20597,6551.534643411636,-0.0,
20598,6551.820688486099,-0.004006081,
20599,6552.105946063995,-0.0,
20600,6552.557603597641,-0.0,
20601,6553.635591268539,-0.0,
20602,6553.916984796524,-0.0,
20603,6554.198600292206,-0.0,
20604,6554.482772827148,-0.0,
20605,6554.768270969391,-0.0,
20606,6555.050574064255,-0.013436293,
20607,6555.335182666779,-0.0,
20608,6555.6166779994965,-0.0,
20609,6555.900498390198,-0.0,
20610,6556.186291217804,-0.0070501165,
20611,6556.469119310379,-0.0,
20612,6556.755544900894,-0.0,
20613,6557.0367958545685,-0.006002124,
20614,6557.321486711502,-0.0,
20615,6557.607055902481,-0.0,
20616,6557.889103889465,-0.011995426,
20617,6558.175466060638,-0.0,
20618,6558.456317186356,-0.0,
20619,6558.740682125092,-0.0022560295,
20620,6559.02482509613,-0.0,
20621,6559.307329177856,-0.0,
20622,6559.592224359512,-0.0,
20623,6559.875379562378,-0.0,
20624,6560.158666133881,-0.0,
20625,6560.438502073288,-0.0,
20626,6561.516373872757,-0.0,
20627,6561.798952817917,-0.0,
20628,6562.082748889923,-0.0,
20629,6562.369287729263,-0.0,
20630,6562.651367425919,-0.0,
20631,6562.93555855751,-0.03510744,
20632,6563.2198140621185,-0.0,
20633,6563.504020452499,-1.2324749e-07,
20634,6563.789645433426,-0.0,
20635,6564.07328414917,-0.0,
20636,6564.356405973434,-0.0,
20637,6564.640984296799,-0.0,
20638,6564.924416303635,-0.0,
20639,6565.2099549770355,-0.0,
20640,6565.493154525757,-0.014835191,
20641,6565.777469396591,-0.0,
20642,6566.0617735385895,-0.0,
20643,6566.345238447189,-0.0,
20644,6566.629679679871,-0.010370461,
20645,6566.913192272186,-0.0,
20646,6567.198783159256,-0.0,
20647,6567.481913328171,-0.0,
20648,6567.765360832214,-0.0,
20649,6568.049998044968,-0.0,
20650,6568.328900575638,-0.0,
20651,6569.401243686676,-0.0,
20652,6569.682276248932,-0.0,
20653,6569.965297460556,-0.0,
20654,6570.247839212418,-0.0,
20655,6570.530710220337,-0.0,
20656,6570.814201831818,-0.0038915763,
20657,6571.097537279129,-0.0058742827,
20658,6571.381071329117,-0.0,
20659,6571.665111780167,-0.0,
20660,6571.94709944725,-0.0,
20661,6572.23096036911,-0.0,
20662,6572.512020111084,-0.0,
20663,6572.794722557068,-0.0,
20664,6573.0811855793,-0.0,
20665,6573.363938093185,-9.429124e-10,
20666,6573.64782333374,-0.0,
20667,6573.930253505707,-0.0,
20668,6574.211699962616,-0.0,
20669,6574.49719619751,-0.018157968,
20670,6574.781142950058,-0.0026135098,
20671,6575.064703941345,-0.0,
20672,6575.347503185272,-0.0,
20673,6575.62987112999,-0.0,
20674,6575.914443969727,-0.0,
20675,6576.194650173187,-0.0,
20676,6577.29109454155,-0.0,
20677,6577.570737361908,-0.0,
20678,6577.854122161865,-0.0,
20679,6578.135626554489,-0.0,
20680,6578.416797637939,-0.0,
20681,6578.700455665588,-0.0,
20682,6578.982072591782,-0.0,
20683,6579.264369010925,-0.0,
20684,6579.544335126877,-0.0,
20685,6579.825859308243,-0.0,
20686,6580.1081528663635,-0.0,
20687,6580.3891043663025,-0.0,
20688,6580.671459436417,-0.0,
20689,6580.9536554813385,-0.0,
20690,6581.235706806183,-0.0,
20691,6581.520001649857,-0.0,
20692,6581.802069187164,-0.0,
20693,6582.084586143494,-0.0,
20694,6582.366494655609,-0.0,
20695,6582.647405385971,-0.0,
20696,6582.930475234985,-0.012862918,
20697,6583.213480949402,-0.0,
20698,6583.498695611954,-0.0,
20699,6583.780159473419,-0.0,
20700,6584.232759237289,-0.0,
20701,6585.342479705811,-0.0,
20702,6585.625665187836,-0.0,
20703,6585.906589984894,-0.0,
20704,6586.191323757172,-0.0,
20705,6586.476494312286,-0.0,
20706,6586.759570598602,-0.0,
20707,6587.044991731644,-0.0076222615,
20708,6587.327945232391,-2.1551248e-10,
20709,6587.610593795776,-0.0,
20710,6587.896462440491,-0.0,
20711,6588.179829597473,-0.0,
20712,6588.46663069725,-0.0,
20713,6588.748220205307,-0.0,
20714,6589.033228635788,-0.0,
20715,6589.318637132645,-6.5077955e-07,
20716,6589.601104736328,-0.0,
20717,6589.887406826019,-0.0,
20718,6590.169253587723,-0.0,
20719,6590.454352855682,-0.0,
20720,6590.739409685135,-0.0,
20721,6591.023491859436,-0.0,
20722,6591.309272527695,-0.0,
20723,6591.593550682068,-0.0,
20724,6591.878675460815,-0.0,
20725,6592.158835172653,-0.0,
20726,6593.124520540237,-0.0,
20727,6593.406795501709,-0.0,
20728,6593.690442562103,-0.0,
20729,6593.975560903549,-0.0,
20730,6594.2571012973785,-0.004448198,
20731,6594.540463924408,-0.0,
20732,6594.826045513153,-0.0001669388,
20733,6595.110664367676,-0.0,
20734,6595.397372484207,-0.0,
20735,6595.679725646973,-0.0,
20736,6595.964050531387,-0.0,
20737,6596.2501010894775,-0.0,
20738,6596.535708665848,-0.0,
20739,6596.820475578308,-0.0,
20740,6597.103460788727,-0.0,
20741,6597.388010263443,-0.0,
20742,6597.67555975914,-0.0,
20743,6597.9583859443665,-0.0,
20744,6598.24545955658,-0.0014970463,
20745,6598.528794765472,-0.0,
20746,6598.814941167831,-0.0,
20747,6599.09873509407,-0.0,
20748,6599.382698774338,-0.0,
20749,6599.6682760715485,-0.0,
20750,6599.948626995087,-0.0,
20751,6601.064992427826,-0.0,
20752,6601.346529960632,-0.0,
20753,6601.631667613983,-0.0,
20754,6601.914858341217,-0.0,
20755,6602.198536396027,-0.0,
20756,6602.483953237534,-0.0,
20757,6602.76785159111,-0.0,
20758,6603.053563833237,-0.0,
20759,6603.337082862854,-0.0,
20760,6603.621349811554,-0.0,
20761,6603.908280134201,-0.0,
20762,6604.193846464157,-0.0,
20763,6604.478767156601,-0.01017919,
20764,6604.7621302604675,-0.0073547303,
20765,6605.04712843895,-0.0,
20766,6605.3335313797,-0.0,
20767,6605.6174783706665,-0.0,
20768,6605.903164863586,-0.0,
20769,6606.187699317932,-0.002376771,
20770,6606.47287106514,-0.0,
20771,6606.757885217667,-0.0,
20772,6607.041743516922,-0.0,
20773,6607.3304307460785,-0.0,
20774,6607.613087654114,-0.0,
20775,6607.894811630249,-0.0,
20776,6609.084436655045,-0.0,
20777,6609.365253210068,-0.0,
20778,6609.648836135864,-0.0,
20779,6609.929616689682,-0.0,
20780,6610.214184045792,-0.0,
20781,6610.495879888535,-0.0,
20782,6610.780188322067,-0.0,
20783,6611.062242746353,-0.0,
20784,6611.346608638763,-0.0,
20785,6611.631649017334,-0.0,
20786,6611.913761854172,-0.0,
20787,6612.198479890823,-0.0,
20788,6612.480454683304,-0.0,
20789,6612.764161109924,-0.0,
20790,6613.050762176514,-0.0,
20791,6613.332647323608,-0.0,
20792,6613.618127584457,-0.013779661,
20793,6613.899671554565,-0.0,
20794,6614.182834148407,-0.0,
20795,6614.468702793121,-0.0,
20796,6614.75111913681,-0.0,
20797,6615.036030054092,-0.0,
20798,6615.317984342575,-0.0,
20799,6615.602108716965,-0.0,
20800,6616.057019948959,-0.0,
20801,6617.236625909805,-0.0,
20802,6617.518138408661,-0.0,
20803,6617.804881095886,-0.0,
20804,6618.088979959488,-0.0,
20805,6618.373620510101,-0.0,
20806,6618.6593515872955,-0.0,
20807,6618.944583415985,-0.0,
20808,6619.232277870178,-0.0072098286,
20809,6619.515318632126,-0.0,
20810,6619.801080226898,-0.015494193,
20811,6620.0872893333435,-0.0,
20812,6620.371154546738,-0.0,
20813,6620.657498121262,-0.0,
20814,6620.942284584045,-0.0041664764,
20815,6621.228085279465,-0.0,
20816,6621.511218547821,-0.0,
20817,6621.795758485794,-0.0,
20818,6622.082529067993,-0.015170259,
20819,6622.368321895599,-0.012237265,
20820,6622.653378009796,-0.0,
20821,6622.936953544617,-0.0,
20822,6623.221879482269,-0.0030508325,
20823,6623.509075880051,-0.0,
20824,6623.79389667511,-0.006955173,
20825,6624.076455593109,-0.0,
20826,6625.217627048492,-0.0,
20827,6625.501037597656,-0.0,
20828,6625.78600692749,-0.0,
20829,6626.069052457809,-0.0,
20830,6626.354954004288,-0.0,
20831,6626.640003442764,-0.0,
20832,6626.92641377449,-0.0,
20833,6627.209149360657,-0.0,
20834,6627.493200540543,-0.0,
20835,6627.780621767044,-0.0,
20836,6628.066816329956,-0.013197693,
20837,6628.3531374931335,-0.0,
20838,6628.63712143898,-0.0,
20839,6628.923136234283,-0.0,
20840,6629.208950042725,-0.0,
20841,6629.493843793869,-0.0,
20842,6629.781003236771,-0.0,
20843,6630.06543135643,-0.0,
20844,6630.3518397808075,-0.0,
20845,6630.636483669281,-0.0010593528,
20846,6630.922120094299,-0.0,
20847,6631.208803653717,-0.0,
20848,6631.494386911392,-0.0,
20849,6631.7804915905,-0.0,
20850,6632.061207771301,-2.3937585e-10,
20851,6633.253150463104,-0.0,
20852,6633.533577680588,-0.0,
20853,6633.8189969062805,-0.0,
20854,6634.105251550674,-0.0,
20855,6634.389338970184,-0.007920529,
20856,6634.676770210266,-0.0,
20857,6634.962825059891,-0.0,
20858,6635.247764825821,-0.009272858,
20859,6635.5328686237335,-0.0,
20860,6635.818190097809,-0.0,
20861,6636.105628728867,-0.035405025,
20862,6636.390265464783,-0.0,
20863,6636.676002979279,-0.0,
20864,6636.962610721588,-0.0,
20865,6637.246048688889,-0.0,
20866,6637.532232999802,-0.0,
20867,6637.817524671555,-0.0,
20868,6638.104616165161,-0.0,
20869,6638.389438390732,-0.0,
20870,6638.674134969711,-0.0,
20871,6638.961890220642,-0.0,
20872,6639.24577832222,-0.0,
20873,6639.532493591309,-0.0,
20874,6639.817627191544,-0.0,
20875,6640.098957538605,-0.0,
20876,6641.136480093002,-0.0,
20877,6641.4208743572235,-0.0,
20878,6641.703184604645,-0.0,
20879,6641.989757537842,-0.0,
20880,6642.274719953537,-0.0,
20881,6642.562033414841,-0.014443444,
20882,6642.8460483551025,-0.0,
20883,6643.130703687668,-0.0,
20884,6643.419322967529,-0.0,
20885,6643.703719377518,-0.0,
20886,6643.990369319916,-0.024268722,
20887,6644.275467634201,-0.0,
20888,6644.561370134354,-0.0,
20889,6644.847421884537,-0.0,
20890,6645.131940364838,-0.0,
20891,6645.420858860016,-0.0,
20892,6645.703334331512,-0.0,
20893,6645.989602804184,-0.0,
20894,6646.27615737915,-0.0,
20895,6646.562216520309,-0.0,
20896,6646.849344491959,-0.0,
20897,6647.135181427002,-0.0,
20898,6647.422271966934,-0.0,
20899,6647.706963062286,-0.0,
20900,6648.161475419998,-0.00872013,
20901,6649.123861074448,-0.0,
20902,6649.406381845474,-0.0,
20903,6649.692008495331,-0.010318717,
20904,6649.977042198181,-0.0,
20905,6650.262192249298,-0.0,
20906,6650.546638250351,-0.0,
20907,6650.830251455307,-0.0,
20908,6651.117755174637,-0.0,
20909,6651.40075969696,-0.0,
20910,6651.686674118042,-0.0,
20911,6651.97128200531,-0.0,
20912,6652.2567546367645,-0.0,
20913,6652.543366193771,-0.0,
20914,6652.827276468277,-0.0070507564,
20915,6653.114280462265,-0.0,
20916,6653.399233818054,-0.0,
20917,6653.684690952301,-0.0,
20918,6653.970544099808,-0.0,
20919,6654.255922317505,-0.0,
20920,6654.543617963791,-0.0,
20921,6654.8263556957245,-0.0,
20922,6655.1132390499115,-0.0,
20923,6655.398667097092,-0.0,
20924,6655.6832411289215,-0.0,
20925,6655.967033147812,-0.0,
20926,6657.042709350586,-0.0,
20927,6657.327116966248,-0.0,
20928,6657.611056089401,-0.0,
20929,6657.896595716476,-0.0,
20930,6658.181276321411,-0.0,
20931,6658.46568274498,-0.0,
20932,6658.753234386444,-0.0,
20933,6659.03692650795,-0.0,
20934,6659.3225684165955,-0.0,
20935,6659.607634544373,-0.0,
20936,6659.893190860748,-0.02130014,
20937,6660.17939043045,-0.0,
20938,6660.465106964111,-0.0,
20939,6660.7503826618195,-0.0,
20940,6661.03738117218,-0.0,
20941,6661.321938991547,-0.0,
20942,6661.609363555908,-0.0,
20943,6661.894329786301,-0.0,
20944,6662.1792781353,-0.0,
20945,6662.464736938477,-0.0,
20946,6662.7512748241425,-0.0,
20947,6663.038686990738,-0.0,
20948,6663.3231155872345,-0.0,
20949,6663.607909440994,-0.0,
20950,6663.889217376709,-0.0,
20951,6664.98285984993,-0.0,
20952,6665.263254642487,-0.0,
20953,6665.546918392181,-0.0,
20954,6665.833695888519,-0.0,
20955,6666.117269039154,-0.0,
20956,6666.402077674866,-0.012642097,
20957,6666.685035228729,-0.0,
20958,6666.9694612026215,-0.0070991903,
20959,6667.255240440369,-0.0,
20960,6667.539058923721,-0.0,
20961,6667.823301553726,-0.0,
20962,6668.107406139374,-0.0,
20963,6668.392478227615,-0.0,
20964,6668.677117109299,-0.0,
20965,6668.961316347122,-0.0,
20966,6669.246784210205,-0.0,
20967,6669.531459569931,-0.007665801,
20968,6669.815021038055,-0.0,
20969,6670.100595474243,-0.0,
20970,6670.384135007858,-0.0,
20971,6670.672077655792,-0.0,
20972,6670.954120159149,-0.0,
20973,6671.239065885544,-0.0,
20974,6671.52400302887,-0.0,
20975,6671.8042948246,-0.0,
20976,6672.865073442459,-0.013497343,
20977,6673.147718667984,-0.0,
20978,6673.433922529221,-0.0,
20979,6673.717465162277,-0.0,
20980,6674.001046419144,-0.0,
20981,6674.286780118942,-0.0,
20982,6674.571425199509,-0.0,
20983,6674.85710811615,-0.0,
20984,6675.1390171051025,-0.011820559,
20985,6675.424764633179,-0.0,
20986,6675.710582971573,-0.021729501,
20987,6675.994034767151,-0.0,
20988,6676.280171632767,-0.0,
20989,6676.564799547195,-0.0,
20990,6676.85072350502,-0.0,
20991,6677.1341688632965,-0.0,
20992,6677.41837477684,-0.0,
20993,6677.704077720642,-0.0,
20994,6677.98845744133,-0.0,
20995,6678.2736485004425,-0.0,
20996,6678.557635307312,-0.0,
20997,6678.841007947922,-0.0041766553,
20998,6679.127598524094,-0.0,
20999,6679.4118711948395,-0.0,
21000,6679.862288236618,-0.0,
21001,6680.960870742798,-0.0,
21002,6681.242688179016,-0.0,
21003,6681.526256084442,-0.0,
21004,6681.810688495636,-0.0,
21005,6682.092290878296,-0.0,
21006,6682.375013589859,-0.0,
21007,6682.658768892288,-0.001071002,
21008,6682.942294836044,-0.0,
21009,6683.228493452072,-0.0,
21010,6683.509712457657,-0.0,
21011,6683.792806386948,-0.0,
21012,6684.076561689377,-0.0,
21013,6684.359288930893,-0.0,
21014,6684.647141933441,-0.0,
21015,6684.928653478622,-0.0,
21016,6685.212094545364,-0.0,
21017,6685.495657205582,-0.0,
21018,6685.778670310974,-0.0,
21019,6686.065500974655,-0.0,
21020,6686.3487894535065,-0.0,
21021,6686.631020069122,-0.0,
21022,6686.913505077362,-0.0,
21023,6687.195758104324,-0.0,
21024,6687.478475809097,-0.0,
21025,6687.757607460022,-0.0,
21026,6688.890032052994,-0.0,
21027,6689.176015853882,-0.0,
21028,6689.460013866425,-0.0,
21029,6689.745679140091,-0.0,
21030,6690.029340267181,-0.0,
21031,6690.313750505447,-0.0,
21032,6690.599418878555,-0.0,
21033,6690.884197950363,-0.0,
21034,6691.170268535614,-0.0,
21035,6691.454544067383,-0.0,
21036,6691.7387952804565,-0.0,
21037,6692.0270709991455,-0.0,
21038,6692.310779809952,-0.0,
21039,6692.596316099167,-0.0,
21040,6692.881261110306,-0.0,
21041,6693.16721868515,-0.0,
21042,6693.453499078751,-0.0,
21043,6693.7375202178955,-0.0,
21044,6694.026704549789,-0.0,
21045,6694.308687448502,-0.0,
21046,6694.5943965911865,-0.00010495663,
21047,6694.88004732132,-0.0,
21048,6695.165419340134,-0.0,
21049,6695.452310085297,-0.01862145,
21050,6695.732521772385,-0.0,
21051,6696.79781627655,-0.0,
21052,6697.081089496613,-0.0,
21053,6697.365588903427,-0.0,
21054,6697.651328086853,-0.0,
21055,6697.935281991959,-0.0,
21056,6698.222486495972,-0.0,
21057,6698.505530595779,-0.0,
21058,6698.789511203766,-0.0,
21059,6699.075045108795,-0.013866732,
21060,6699.360845565796,-0.0,
21061,6699.646991014481,-0.0,
21062,6699.931135177612,-0.0,
21063,6700.216113090515,-0.0,
21064,6700.50393819809,-0.0,
21065,6700.787758588791,-0.0,
21066,6701.074290513992,-0.0,
21067,6701.358561038971,-0.0,
21068,6701.644868850708,-0.0,
21069,6701.931357622147,-0.0,
21070,6702.216389417648,-0.0,
21071,6702.505076169968,-0.0,
21072,6702.789092302322,-0.0,
21073,6703.073967456818,-7.1812617e-10,
21074,6703.360352754593,-0.0,
21075,6703.641485929489,-0.0,
21076,6704.773064613342,-0.0,
21077,6705.056169986725,-0.0,
21078,6705.3435599803925,-0.0,
21079,6705.627579212189,-0.0,
21080,6705.913195610046,-0.0,
21081,6706.1975440979,-0.0,
21082,6706.482099533081,-0.0,
21083,6706.766415119171,-0.0,
21084,6707.0506892204285,-0.001248314,
21085,6707.337494850159,-0.0,
21086,6707.62211728096,-0.0,
21087,6707.906609773636,-0.0,
21088,6708.19269657135,-0.0,
21089,6708.479353904724,-0.0,
21090,6708.76668381691,-0.0,
21091,6709.049327850342,-0.0,
21092,6709.334618806839,-0.0,
21093,6709.621042013168,-0.0,
21094,6709.904843330383,-0.0,
21095,6710.191462755203,-0.0,
21096,6710.47562623024,-0.0,
21097,6710.762496471405,-0.0,
21098,6711.047401666641,-0.0,
21099,6711.33105635643,-0.0,
21100,6711.886291980743,-0.0,
21101,6712.91107916832,-0.0,
21102,6713.193712234497,-7.313897e-05,
21103,6713.478760719299,-0.0,
21104,6713.76410651207,-0.0,
21105,6714.049213171005,-0.0,
21106,6714.335422992706,-0.0,
21107,6714.61973118782,-0.0,
21108,6714.904047012329,-0.0,
21109,6715.190150737762,-0.0,
21110,6715.47571182251,-0.0,
21111,6715.762323379517,-0.0,
21112,6716.046057462692,-0.0,
21113,6716.331138372421,-0.0,
21114,6716.618764400482,-0.0,
21115,6716.902532339096,-0.0,
21116,6717.190468549728,-0.0,
21117,6717.474927186966,-0.0,
21118,6717.760872364044,-0.0,
21119,6718.046401262283,-0.0,
21120,6718.332227468491,-0.0,
21121,6718.619873046875,-0.0,
21122,6718.903505086899,-0.0040478692,
21123,6719.188885211945,-0.0,
21124,6719.474503993988,-0.0,
21125,6719.755487203598,-0.0,
21126,6720.844007253647,-0.0,
21127,6721.125722408295,-0.0,
21128,6721.411889076233,-0.0,
21129,6721.6958203315735,-0.0,
21130,6721.97918844223,-0.0,
21131,6722.262859582901,-0.008673472,
21132,6722.545888185501,-0.0,
21133,6722.831699371338,-0.0,
21134,6723.116704940796,-0.0,
21135,6723.400264501572,-0.0,
21136,6723.684061765671,-0.0,
21137,6723.96733212471,-0.0,
21138,6724.254214286804,-0.0,
21139,6724.537190198898,-0.0,
21140,6724.8218150138855,-0.0,
21141,6725.104189157486,-0.0,
21142,6725.387264490128,-0.0,
21143,6725.673837661743,-0.0,
21144,6725.957108259201,-0.021141017,
21145,6726.241679906845,-0.0,
21146,6726.524149656296,-0.0,
21147,6726.808146238327,-0.0,
21148,6727.09490275383,-0.0,
21149,6727.37836432457,-0.0,
21150,6727.6602919101715,-0.0,
21151,6728.643156051636,-0.0,
21152,6728.923406600952,-0.0,
21153,6729.207970380783,-0.0,
21154,6729.49186706543,-0.0,
21155,6729.777201414108,-0.0,
21156,6730.058479070663,-0.0,
21157,6730.342447519302,-0.0,
21158,6730.627345323563,-9.007843e-10,
21159,6730.910898923874,-0.0,
21160,6731.196955442429,-0.0,
21161,6731.478317499161,-0.0,
21162,6731.76277589798,-0.015230571,
21163,6732.047652959824,-0.0,
21164,6732.331937789917,-0.014142445,
21165,6732.617350816727,-0.004114053,
21166,6732.89926815033,-0.0,
21167,6733.182364702225,-0.0,
21168,6733.466703891754,-0.0,
21169,6733.7497091293335,-0.0,
21170,6734.033970117569,-0.0,
21171,6734.314855098724,-0.0,
21172,6734.597176790237,-0.0,
21173,6734.879937171936,-0.0,
21174,6735.162001132965,-0.0,
21175,6735.440497636795,-0.0,
21176,6736.617133140564,-0.0,
21177,6736.900227069855,-0.0,
21178,6737.187410831451,-0.0,
21179,6737.472672224045,-0.0,
21180,6737.756639003754,-0.0,
21181,6738.040325880051,-0.0,
21182,6738.324519634247,-0.0,
21183,6738.611515045166,-0.0,
21184,6738.894068956375,-0.0,
21185,6739.180442810059,-0.0,
21186,6739.465332984924,-0.0,
21187,6739.75016450882,-0.0,
21188,6740.035438299179,-0.0,
21189,6740.319556951523,-0.013131957,
21190,6740.60547208786,-0.0,
21191,6740.888319730759,-0.0018908603,
21192,6741.173628330231,-0.0,
21193,6741.4579310417175,-0.004922674,
21194,6741.741679430008,-0.0,
21195,6742.028901338577,-0.0,
21196,6742.312294960022,-0.0,
21197,6742.596312046051,-0.0,
21198,6742.879807949066,-0.0,
21199,6743.163847446442,-0.0,
21200,6743.616141319275,-0.018076263,
21201,6744.662746191025,-0.0,
21202,6744.947794914246,-0.0,
21203,6745.232781171799,-0.0,
21204,6745.520445585251,-0.0,
21205,6745.805650472641,-0.016439576,
21206,6746.091742038727,-0.0,
21207,6746.377665281296,-0.0,
21208,6746.663552522659,-0.0,
21209,6746.950465679169,-0.0,
21210,6747.233266830444,-0.0,
21211,6747.517351865768,-0.0,
21212,6747.800874948502,-0.0,
21213,6748.085480213165,-0.0,
21214,6748.371288299561,-0.0,
21215,6748.655346393585,-0.0,
21216,6748.940290927887,-0.0,
21217,6749.224175453186,-0.0,
21218,6749.508382320404,-0.0,
21219,6749.793094873428,-0.0,
21220,6750.076987743378,-0.0,
21221,6750.36287689209,-0.0,
21222,6750.646960735321,-0.012278367,
21223,6750.9299030303955,-0.00595638,
21224,6751.215120315552,-0.0,
21225,6751.49499464035,-0.0,
21226,6752.553386211395,-0.0,
21227,6752.835687160492,-0.0,
21228,6753.122762441635,-0.0,
21229,6753.407565355301,-0.0,
21230,6753.691997289658,-0.014934531,
21231,6753.977509975433,-0.0,
21232,6754.263152837753,-0.0,
21233,6754.550103902817,-0.0,
21234,6754.83403134346,-0.007777,
21235,6755.118213653564,-0.0,
21236,6755.405364513397,-0.0,
21237,6755.689698934555,-0.013161668,
21238,6755.977113008499,-0.0,
21239,6756.259393692017,-0.006443369,
21240,6756.544537782669,-0.0,
21241,6756.828465223312,-0.0,
21242,6757.111994981766,-0.0,
21243,6757.39728307724,-0.0,
21244,6757.682013273239,-0.0,
21245,6757.966015577316,-0.0,
21246,6758.2474360466,-0.0,
21247,6758.529733419418,-0.0,
21248,6758.814356803894,-0.0,
21249,6759.098463058472,-0.0,
21250,6759.3802399635315,-0.0,
21251,6760.330686569214,-0.0,
21252,6760.61442565918,-0.0,
21253,6760.902060508728,-0.0,
21254,6761.187940835953,-0.0,
21255,6761.473237991333,-0.0,
21256,6761.7570860385895,-0.0,
21257,6762.041676282883,-0.0,
21258,6762.327438116074,-0.0,
21259,6762.611674785614,-0.0,
21260,6762.897050619125,-0.0,
21261,6763.181293725967,-0.0,
21262,6763.465222597122,-0.0,
21263,6763.75083565712,-0.0,
21264,6764.0341675281525,-3.3650855e-07,
21265,6764.3207404613495,-0.0,
21266,6764.6045343875885,-0.0,
21267,6764.88824057579,-0.0,
21268,6765.174074649811,-0.0,
21269,6765.459665298462,-0.0,
21270,6765.74675488472,-0.0,
21271,6766.0300414562225,-0.0,
21272,6766.314993858337,-0.0,
21273,6766.600755691528,-0.0,
21274,6766.885210514069,-0.0,
21275,6767.169894218445,-0.0,
21276,6768.090541124344,-0.0,
21277,6768.371897935867,-0.0,
21278,6768.6580674648285,-0.0,
21279,6768.942142486572,-0.0,
21280,6769.22661113739,-0.0,
21281,6769.51048874855,-0.0,
21282,6769.7956573963165,-0.0,
21283,6770.082556247711,-0.0,
21284,6770.366014957428,-0.0,
21285,6770.652421712875,-0.0,
21286,6770.936006307602,-0.0026497426,
21287,6771.221365451813,-0.0,
21288,6771.506272792816,-0.004894814,
21289,6771.790219068527,-0.0,
21290,6772.077132940292,-0.0,
21291,6772.361886978149,-0.0,
21292,6772.645481824875,-0.0,
21293,6772.931151151657,-0.0,
21294,6773.216633081436,-0.0,
21295,6773.503890514374,-0.0,
21296,6773.787383794785,-0.0,
21297,6774.07270693779,-0.0,
21298,6774.359000682831,-0.0,
21299,6774.642759799957,-0.0,
21300,6775.09663772583,-0.0,
21301,6776.318010807037,-0.0,
21302,6776.599657535553,-0.0,
21303,6776.883155107498,-0.0,
21304,6777.167886257172,-0.0,
21305,6777.452461481094,-0.0,
21306,6777.740057706833,-0.0,
21307,6778.0233561992645,-0.0,
21308,6778.307983636856,-0.0,
21309,6778.592134237289,-0.0,
21310,6778.876780986786,-0.0,
21311,6779.1630845069885,-0.0,
21312,6779.447967529297,-1.3720498e-06,
21313,6779.733206510544,-0.0,
21314,6780.017759561539,-0.0,
21315,6780.301407575607,-0.0,
21316,6780.587162256241,-0.0,
21317,6780.871464014053,-0.0005080218,
21318,6781.157640457153,-0.0,
21319,6781.44051861763,-0.0,
21320,6781.724271059036,-0.0,
21321,6782.007937431335,-0.0,
21322,6782.292637586594,-0.0,
21323,6782.578126192093,-0.0,
21324,6782.862831354141,-0.0,
21325,6783.142747163773,-0.0,
21326,6784.331965923309,-0.0,
21327,6784.612629175186,-0.0,
21328,6784.895822525024,-0.0,
21329,6785.178017377853,-0.0,
21330,6785.459253072739,-0.0,
21331,6785.743706941605,-0.0,
21332,6786.026011228561,-0.0,
21333,6786.310102939606,-0.0,
21334,6786.593436002731,-0.0006512092,
21335,6786.87589597702,-0.0,
21336,6787.159429073334,-0.0,
21337,6787.442777872086,-0.0,
21338,6787.726939201355,-0.0,
21339,6788.010474205017,-0.0,
21340,6788.294070959091,-0.0,
21341,6788.5777542591095,-0.0,
21342,6788.860638380051,-0.0,
21343,6789.144776105881,-0.0,
21344,6789.427504301071,-0.0,
21345,6789.710477352142,-0.0,
21346,6789.9948217868805,-0.0,
21347,6790.276945352554,-0.0,
21348,6790.561172485352,-0.0,
21349,6790.843250989914,-0.0,
21350,6791.123126506805,-0.0,
21351,6792.231606245041,-0.0,
21352,6792.515305995941,-0.0,
21353,6792.799684762955,-0.0,
21354,6793.082950115204,-0.0,
21355,6793.367331027985,-0.0,
21356,6793.650889873505,-0.0,
21357,6793.935148477554,-0.0,
21358,6794.218734741211,-0.0,
21359,6794.501513242722,-0.0,
21360,6794.7872269153595,-0.0,
21361,6795.070161342621,-0.0,
21362,6795.354246377945,-0.0,
21363,6795.638865232468,-0.0,
21364,6795.922659397125,-0.012380269,
21365,6796.209646224976,-0.0,
21366,6796.492101192474,-0.0,
21367,6796.77640414238,-0.0,
21368,6797.061332464218,-0.0,
21369,6797.345077753067,-0.0,
21370,6797.63205909729,-0.0,
21371,6797.915567398071,-0.0,
21372,6798.199022769928,-0.0,
21373,6798.482621192932,-0.0,
21374,6798.766599416733,-0.0,
21375,6799.050406455994,-0.0,
21376,6800.147833347321,-0.0,
21377,6800.433073997498,-0.0,
21378,6800.715500593185,-0.0,
21379,6801.000038146973,-0.0,
21380,6801.284578561783,-0.0,
21381,6801.568265914917,-0.0,
21382,6801.854689121246,-0.0,
21383,6802.13850569725,-0.0,
21384,6802.423043012619,-0.0,
21385,6802.70792555809,-0.0,
21386,6802.992231845856,-0.0,
21387,6803.277739048004,-0.0,
21388,6803.561414003372,-0.0,
21389,6803.846981048584,-0.0,
21390,6804.1316130161285,-0.0,
21391,6804.414411067963,-0.01405707,
21392,6804.699582099915,-0.0,
21393,6804.983085155487,-0.0,
21394,6805.26952624321,-0.0,
21395,6805.551735639572,-0.0,
21396,6805.835394859314,-0.0,
21397,6806.119415521622,-0.0,
21398,6806.404051780701,-0.0,
21399,6806.690611124039,-0.0,
21400,6807.136658191681,-0.0010536591,
21401,6808.182024240494,-0.0,
21402,6808.462329149246,-0.0,
21403,6808.747032165527,-0.0,
21404,6809.030123472214,-0.009540498,
21405,6809.312570095062,-0.0,
21406,6809.596836090088,-0.0,
21407,6809.879146575928,-0.0,
21408,6810.164392232895,-0.0,
21409,6810.447623729706,-0.0,
21410,6810.730366945267,-0.0,
21411,6811.015431404114,-0.0,
21412,6811.298454761505,-0.0,
21413,6811.5832352638245,-0.0,
21414,6811.866702079773,-0.0,
21415,6812.149693727493,-0.0,
21416,6812.434003829956,-0.01375628,
21417,6812.716864347458,-0.0,
21418,6813.002727270126,-0.0027582834,
21419,6813.286202430725,-0.0,
21420,6813.570470094681,-0.0,
21421,6813.855335950851,-0.0,
21422,6814.137763500214,-0.0,
21423,6814.425518512726,-0.0,
21424,6814.708139181137,-0.0,
21425,6814.988687038422,-0.0,
21426,6816.079202413559,-0.0,
21427,6816.36080288887,-0.0,
21428,6816.647911787033,-0.0,
21429,6816.930321216583,-0.0,
21430,6817.215888977051,-0.0,
21431,6817.497802257538,-0.0,
21432,6817.783254623413,-0.0,
21433,6818.068779468536,-0.0,
21434,6818.351854801178,-0.0,
21435,6818.638883829117,-0.0,
21436,6818.921701192856,-0.0,
21437,6819.207876443863,-0.0,
21438,6819.492825746536,-0.0,
21439,6819.77671122551,-0.0,
21440,6820.063915252686,-0.0041719093,
21441,6820.347355127335,-0.0134263495,
21442,6820.63174366951,-0.0,
21443,6820.915689229965,-0.0,
21444,6821.199936628342,-0.0,
21445,6821.487377405167,-0.0,
21446,6821.770481109619,-0.0,
21447,6822.055435180664,-0.0,
21448,6822.340038061142,-0.0,
21449,6822.624924182892,-0.008091223,
21450,6822.906143665314,-0.0,
21451,6824.070008516312,-0.0,
21452,6824.354009389877,-0.0,
21453,6824.638029336929,-0.0,
21454,6824.924108028412,-0.0,
21455,6825.2062158584595,-0.0,
21456,6825.489832162857,-0.0,
21457,6825.774725675583,-0.0,
21458,6826.0602605342865,-0.0,
21459,6826.347457170486,-0.0,
21460,6826.629758834839,-0.0,
21461,6826.913680315018,-0.0,
21462,6827.198799371719,-0.0041946117,
21463,6827.483191251755,-0.0,
21464,6827.768599033356,-0.0,
21465,6828.05115032196,-0.0,
21466,6828.335406303406,-0.012833369,
21467,6828.620282649994,-0.0,
21468,6828.904448509216,-0.0,
21469,6829.187124967575,-0.0,
21470,6829.470890045166,-0.007293693,
21471,6829.753650426865,-0.0,
21472,6830.038458108902,-0.0,
21473,6830.323554515839,-0.0,
21474,6830.606003284454,-0.0,
21475,6830.888339996338,-0.0,
21476,6832.025454044342,-0.0,
21477,6832.305679321289,-0.0,
21478,6832.585878133774,-0.0,
21479,6832.867579698563,-0.0,
21480,6833.150192022324,-0.0,
21481,6833.431656599045,-0.0,
21482,6833.716189861298,-0.0,
21483,6833.9979383945465,-0.0,
21484,6834.281031131744,-0.0,
21485,6834.563810110092,-0.0,
21486,6834.8451471328735,-0.0,
21487,6835.129882574081,-0.0,
21488,6835.409891366959,-0.0,
21489,6835.693040847778,-0.0,
21490,6835.976444482803,-0.0,
21491,6836.258576154709,-0.0,
21492,6836.544505119324,-0.0,
21493,6836.824069738388,-0.0,
21494,6837.107395887375,-0.0,
21495,6837.389471292496,-0.0,
21496,6837.672482013702,-0.0,
21497,6837.957812309265,-0.0,
21498,6838.240049600601,-0.0,
21499,6838.5223133563995,-0.0,
21500,6838.973217010498,-0.0,
21501,6839.982048273087,-0.0,
21502,6840.263732433319,-0.0,
21503,6840.547137737274,-0.0,
21504,6840.832875728607,-0.0,
21505,6841.117336511612,-0.0,
21506,6841.402009487152,-0.0,
21507,6841.685478448868,-0.0,
21508,6841.968418598175,-0.01027534,
21509,6842.254157304764,-0.0,
21510,6842.538702487946,-0.0,
21511,6842.824327707291,-0.0,
21512,6843.10705280304,-0.0,
21513,6843.392014503479,-0.0,
21514,6843.679164171219,-0.0,
21515,6843.961906909943,-0.0,
21516,6844.2481899261475,-0.01324412,
21517,6844.531128883362,-0.0,
21518,6844.816935062408,-0.0,
21519,6845.100951910019,-0.0,
21520,6845.385156154633,-0.0,
21521,6845.671313524246,-0.0,
21522,6845.95494890213,-0.0,
21523,6846.240074396133,-0.0,
21524,6846.524777650833,-0.0,
21525,6846.8045129776,-0.018567704,
21526,6847.852931261063,-1.0987798e-05,
21527,6848.136344432831,-0.00044461814,
21528,6848.420083761215,-0.0,
21529,6848.702939033508,-0.0,
21530,6848.986084461212,-0.0,
21531,6849.272833108902,-0.0,
21532,6849.556923389435,-0.0,
21533,6849.841277837753,-0.0,
21534,6850.1250603199005,-0.0,
21535,6850.408907175064,-0.0,
21536,6850.6953938007355,-0.0,
21537,6850.978969335556,-0.0,
21538,6851.264826059341,-0.0,
21539,6851.547106266022,-0.0,
21540,6851.831553936005,-0.0,
21541,6852.116819381714,-0.012553707,
21542,6852.399838924408,-0.0,
21543,6852.684772014618,-0.0,
21544,6852.969130754471,-2.2020611e-05,
21545,6853.253453731537,-0.0,
21546,6853.539410829544,-0.0,
21547,6853.821307659149,-0.0,
21548,6854.104868650436,-0.0,
21549,6854.39039850235,-0.0,
21550,6854.670610189438,-0.0,
21551,6855.647226333618,-0.0,
21552,6855.927854776382,-0.0,
21553,6856.214488983154,-0.0,
21554,6856.500294208527,-0.013863447,
21555,6856.782860994339,-0.0,
21556,6857.068511724472,-0.0,
21557,6857.351461648941,-0.0,
21558,6857.635896682739,-0.0,
21559,6857.9198253154755,-0.0,
21560,6858.202884197235,-0.0,
21561,6858.48956155777,-0.0,
21562,6858.773449897766,-0.00013096827,
21563,6859.057787895203,-0.0,
21564,6859.341086864471,-0.0,
21565,6859.623631477356,-0.0,
21566,6859.909733295441,-0.012707741,
21567,6860.193495988846,-0.0,
21568,6860.4781665802,-0.0,
21569,6860.761219263077,-0.0,
21570,6861.04386138916,-0.0,
21571,6861.329884529114,-0.0,
21572,6861.61452460289,-0.0,
21573,6861.898797273636,-0.0,
21574,6862.181827068329,-0.0,
21575,6862.4618899822235,-0.0,
21576,6863.491013050079,-0.0,
21577,6863.7744216918945,-0.0,
21578,6864.06277680397,-0.0,
21579,6864.346462249756,-0.0,
21580,6864.634092330933,-0.0,
21581,6864.920205354691,-0.0,
21582,6865.205870389938,-0.0,
21583,6865.495091199875,-0.0,
21584,6865.779360532761,-0.0,
21585,6866.0630605220795,-0.0,
21586,6866.347234964371,-0.0,
21587,6866.6310312747955,-0.0,
21588,6866.916218280792,-0.0,
21589,6867.199387311935,-0.0,
21590,6867.483745574951,-0.0,
21591,6867.768375873566,-0.0,
21592,6868.052028894424,-7.602631e-11,
21593,6868.33673453331,-0.0,
21594,6868.62032699585,-0.0,
21595,6868.90638756752,-0.002506056,
21596,6869.19043302536,-0.0,
21597,6869.47332406044,-0.0,
21598,6869.759560108185,-0.0,
21599,6870.044004440308,-0.0,
21600,6870.496118068695,-0.0,
21601,6871.618672132492,-0.0,
21602,6871.900302410126,-0.0,
21603,6872.184504270554,-1.5713669e-06,
21604,6872.472410917282,-0.0,
21605,6872.755614280701,-0.0,
21606,6873.0397028923035,-0.0,
21607,6873.324904918671,-0.0,
21608,6873.609188318253,-0.0,
21609,6873.891639709473,-0.0,
21610,6874.1747097969055,-0.0,
21611,6874.457577228546,-0.0,
21612,6874.740825653076,-0.0,
21613,6875.024219036102,-0.0,
21614,6875.308627128601,-0.0,
21615,6875.590202331543,-0.0,
21616,6875.8714916706085,-0.013228489,
21617,6876.153407335281,-0.0,
21618,6876.435645103455,-0.0,
21619,6876.717921257019,-0.0,
21620,6877.0019998550415,-0.0,
21621,6877.285020112991,-0.0,
21622,6877.569773674011,-0.0,
21623,6877.852652311325,-0.0,
21624,6878.136135101318,-0.0,
21625,6878.417064905167,-0.0,
21626,6879.476661205292,-0.0,
21627,6879.760311603546,-0.0,
21628,6880.045613288879,-0.014658603,
21629,6880.328898191452,-0.0,
21630,6880.610347032547,-0.0,
21631,6880.892840623856,-0.0,
21632,6881.17705655098,-0.0,
21633,6881.460089445114,-0.0,
21634,6881.745618104935,-0.0,
21635,6882.028477430344,-0.0,
21636,6882.3107879161835,-0.0,
21637,6882.596475124359,-0.0,
21638,6882.880419254303,-0.0,
21639,6883.164972782135,-0.0,
21640,6883.447551727295,-0.0017641775,
21641,6883.7301189899445,-0.012553058,
21642,6884.015035152435,-0.0,
21643,6884.29743885994,-0.0,
21644,6884.583389520645,-0.0,
21645,6884.866999864578,-0.0,
21646,6885.14928984642,-0.0,
21647,6885.434207677841,-0.0,
21648,6885.716608762741,-0.0,
21649,6886.002384901047,-0.0133152865,
21650,6886.281985044479,-0.0,
21651,6887.391604185104,-0.0,
21652,6887.673175811768,-0.0,
21653,6887.955743789673,-0.0,
21654,6888.241385221481,-0.0,
21655,6888.524878740311,-0.0063742492,
21656,6888.809177398682,-0.0,
21657,6889.0908007621765,-0.0,
21658,6889.373100757599,-0.0,
21659,6889.657895088196,-0.0,
21660,6889.941705226898,-0.0,
21661,6890.226856231689,-0.0,
21662,6890.507741451263,-0.0,
21663,6890.791393041611,-0.0,
21664,6891.075833082199,-0.0,
21665,6891.360098361969,-0.0,
21666,6891.646132469177,-0.012476119,
21667,6891.926996946335,-0.0,
21668,6892.21151137352,-0.0,
21669,6892.495260715485,-0.0,
21670,6892.7787733078,-0.0,
21671,6893.065647602081,-0.0,
21672,6893.348263025284,-0.0,
21673,6893.632062911987,-0.0,
21674,6893.915246248245,-0.0,
21675,6894.194734334946,-0.0,
21676,6895.293993711472,-0.0,
21677,6895.5756912231445,-0.0,
21678,6895.860721588135,-0.0,
21679,6896.143000602722,-0.0,
21680,6896.425160646439,-0.0,
21681,6896.707159280777,-2.0655374e-08,
21682,6896.989315271378,-0.0017937609,
21683,6897.272599220276,-0.0,
21684,6897.5555510520935,-0.0,
21685,6897.840564727783,-0.0,
21686,6898.123178482056,-0.0,
21687,6898.405860900879,-0.0,
21688,6898.690986871719,-0.0,
21689,6898.974068641663,-0.0,
21690,6899.258766889572,-0.0,
21691,6899.542864084244,-0.0,
21692,6899.823325872421,-0.0,
21693,6900.106519460678,-0.0,
21694,6900.389876842499,-0.0,
21695,6900.672177314758,-0.0,
21696,6900.958012342453,-0.0,
21697,6901.239413022995,-0.0,
21698,6901.523521900177,-0.0,
21699,6901.807063102722,-0.0,
21700,6902.260683059692,-0.0,
21701,6903.274931430817,-0.0,
21702,6903.558694601059,-0.0,
21703,6903.843754529953,-0.0,
21704,6904.127493858337,-0.0,
21705,6904.412062883377,-0.0,
21706,6904.695637226105,-0.0,
21707,6904.9800815582275,-0.0,
21708,6905.265444517136,-0.0,
21709,6905.549034833908,-3.004266e-11,
21710,6905.8348615169525,-0.0,
21711,6906.119780778885,-0.0,
21712,6906.403059244156,-0.010743879,
21713,6906.688368797302,-0.0,
21714,6906.9729726314545,-0.0,
21715,6907.2594928741455,-0.0,
21716,6907.541871070862,-0.012721989,
21717,6907.827146530151,-0.0,
21718,6908.112611293793,-0.0,
21719,6908.397379398346,-0.0,
21720,6908.683835506439,-0.0,
21721,6908.968002319336,-0.0,
21722,6909.253069639206,-0.0,
21723,6909.538062572479,-0.0,
21724,6909.821887016296,-0.0,
21725,6910.104426860809,-0.0,
21726,6911.230713367462,-0.0,
21727,6911.516137123108,-0.0,
21728,6911.800301790237,-0.0,
21729,6912.0862555503845,-0.0,
21730,6912.37114071846,-0.0,
21731,6912.656022310257,-0.0,
21732,6912.941407442093,-0.0,
21733,6913.225881576538,-0.0,
21734,6913.511219024658,-0.0,
21735,6913.79615187645,-0.0,
21736,6914.080555200577,-0.0,
21737,6914.366048574448,-0.0,
21738,6914.651277303696,-0.0,
21739,6914.9390387535095,-0.0,
21740,6915.222205162048,-0.0,
21741,6915.506650686264,-0.012489487,
21742,6915.7928240299225,-0.0,
21743,6916.077870607376,-0.0123654,
21744,6916.365144729614,-0.0031483213,
21745,6916.649840354919,-0.0,
21746,6916.936004400253,-0.0,
21747,6917.220329999924,-0.0,
21748,6917.504723310471,-0.0,
21749,6917.793624639511,-0.0,
21750,6918.073404788971,-0.0,
21751,6919.0692348480225,-0.0,
21752,6919.354467391968,-0.0,
21753,6919.638449430466,-0.0,
21754,6919.924531698227,-0.0,
21755,6920.209151268005,-0.0,
21756,6920.495239019394,-0.0,
21757,6920.7785613536835,-0.0,
21758,6921.063256263733,-0.0,
21759,6921.349179506302,-0.0,
21760,6921.63396191597,-0.0,
21761,6921.920260190964,-0.0051712827,
21762,6922.203711748123,-0.0,
21763,6922.488886117935,-0.0,
21764,6922.774088382721,-0.0,
21765,6923.05797958374,-0.0,
21766,6923.342665433884,-0.012302183,
21767,6923.627217769623,-0.0,
21768,6923.913311719894,-0.0,
21769,6924.197379589081,-0.013102648,
21770,6924.4841132164,-2.9814352e-08,
21771,6924.769380331039,-0.0,
21772,6925.057239294052,-0.0,
21773,6925.340336561203,-0.0,
21774,6925.627071380615,-0.0,
21775,6925.910381793976,-0.0,
21776,6926.911009788513,-0.0,
21777,6927.19641828537,-0.0,
21778,6927.479866981506,-0.0,
21779,6927.76461148262,-0.0,
21780,6928.049350976944,-0.0,
21781,6928.33417057991,-0.0,
21782,6928.620758533478,-0.0,
21783,6928.905237913132,-0.0,
21784,6929.191331148148,-0.005153529,
21785,6929.475243091583,-0.0,
21786,6929.759780883789,-0.0,
21787,6930.045227766037,-0.0,
21788,6930.330629825592,-0.0,
21789,6930.615938663483,-0.0,
21790,6930.899762868881,-0.0,
21791,6931.183734178543,-0.009247412,
21792,6931.471119642258,-0.0,
21793,6931.754842042923,-0.0,
21794,6932.041236639023,-0.00795425,
21795,6932.326412439346,-0.0,
21796,6932.611594200134,-0.0,
21797,6932.896801948547,-0.0,
21798,6933.18114066124,-0.0,
21799,6933.4693257808685,-0.0,
21800,6933.919692277908,-0.0013588547,
21801,6934.934632539749,-0.0,
21802,6935.216453552246,-0.0,
21803,6935.502176523209,-0.0,
21804,6935.786329269409,-0.0,
21805,6936.071178197861,-0.0,
21806,6936.357120513916,-0.0,
21807,6936.641437768936,-0.0,
21808,6936.9287831783295,-0.0,
21809,6937.212461233139,-0.0,
21810,6937.497125148773,-0.0,
21811,6937.782494068146,-0.0,
21812,6938.067989826202,-0.0,
21813,6938.354592323303,-0.0,
21814,6938.637726306915,-0.0,
21815,6938.924103498459,-0.0,
21816,6939.210659742355,-0.00062269147,
21817,6939.494329690933,-0.0,
21818,6939.780936717987,-0.006148004,
21819,6940.06617975235,-0.0,
21820,6940.35197019577,-0.0,
21821,6940.635626792908,-0.0,
21822,6940.919975280762,-0.0,
21823,6941.207391500473,-0.0,
21824,6941.491996526718,-0.0,
21825,6941.774564981461,-0.0,
21826,6942.89032459259,-0.0,
21827,6943.170835018158,-0.0,
21828,6943.454241514206,-0.0,
21829,6943.737363100052,-0.0,
21830,6944.023468017578,-0.0,
21831,6944.308087110519,-0.0,
21832,6944.59246134758,-0.0,
21833,6944.875892162323,-0.0,
21834,6945.160175561905,-3.104408e-11,
21835,6945.447512149811,-0.0,
21836,6945.73054432869,-0.0,
21837,6946.015530347824,-0.0,
21838,6946.297482728958,-0.0,
21839,6946.581877231598,-0.0,
21840,6946.866619825363,-0.0,
21841,6947.150096416473,-0.0,
21842,6947.436034917831,-0.0,
21843,6947.719178438187,-0.0,
21844,6948.004152059555,-0.0,
21845,6948.289117097855,-0.0,
21846,6948.571642637253,-0.0,
21847,6948.857567071915,-0.0,
21848,6949.140768527985,-0.0,
21849,6949.426634311676,-0.0,
21850,6949.707180261612,-0.0,
21851,6950.782902240753,-0.0,
21852,6951.066329240799,-0.0,
21853,6951.348893404007,-0.0,
21854,6951.63445186615,-0.0,
21855,6951.917462587357,-0.0,
21856,6952.201339960098,-0.0,
21857,6952.486544370651,-0.0,
21858,6952.769841194153,-0.0,
21859,6953.056044340134,-0.0,
21860,6953.340294122696,-0.0,
21861,6953.624669551849,-0.0,
21862,6953.908423423767,-6.2375607e-06,
21863,6954.191985368729,-0.0,
21864,6954.4774050712585,-0.0,
21865,6954.762693405151,-0.0,
21866,6955.047675848007,-0.0,
21867,6955.331943273544,-0.0,
21868,6955.614902973175,-0.0,
21869,6955.902998209,-0.009980839,
21870,6956.185647726059,-0.0,
21871,6956.471132516861,-0.0,
21872,6956.755953073502,-0.0,
21873,6957.041485548019,-0.0,
21874,6957.328462123871,-0.0,
21875,6957.608626127243,-0.0,
21876,6958.732436418533,-0.0,
21877,6959.015117406845,-0.0,
21878,6959.301140546799,-0.0,
21879,6959.584640264511,-0.0,
21880,6959.868166685104,-0.0,
21881,6960.153927087784,-0.0,
21882,6960.439310312271,-0.0,
21883,6960.7260620594025,-0.0,
21884,6961.010138511658,-0.0,
21885,6961.294077396393,-0.0,
21886,6961.581408262253,-0.0,
21887,6961.86595416069,-0.0,
21888,6962.151828765869,-0.0,
21889,6962.436316251755,-0.0,
21890,6962.723133087158,-0.0,
21891,6963.008729934692,-0.0,
21892,6963.292658805847,-0.007595891,
21893,6963.580949306488,-0.0,
21894,6963.863942623138,-0.0,
21895,6964.149755477905,-0.0,
21896,6964.434559345245,-0.0,
21897,6964.720541715622,-0.0,
21898,6965.007533788681,-0.0033791112,
21899,6965.291617870331,-0.0,
21900,6965.743547201157,-0.0,
21901,6966.857985973358,-0.0,
21902,6967.143418550491,-0.0,
21903,6967.428234577179,-0.0,
21904,6967.713542699814,-0.0,
21905,6967.998663187027,-0.0,
21906,6968.28289437294,-0.0,
21907,6968.568840742111,-0.0,
21908,6968.853587627411,-0.0,
21909,6969.140317201614,-0.0,
21910,6969.423027276993,-0.0,
21911,6969.707524061203,-0.0,
21912,6969.992183446884,-0.0023093212,
21913,6970.277275085449,-0.0,
21914,6970.561721324921,-0.0,
21915,6970.848014831543,-0.0,
21916,6971.132682085037,-0.0,
21917,6971.418192863464,-0.0,
21918,6971.702539205551,-0.0,
21919,6971.986748933792,-0.0,
21920,6972.273375034332,-0.0,
21921,6972.55929017067,-0.0,
21922,6972.8443303108215,-0.0,
21923,6973.128253221512,-0.0,
21924,6973.413130998611,-0.0,
21925,6973.697618484497,-3.695314e-09,
21926,6974.682229042053,-0.0,
21927,6974.964369058609,-0.0,
21928,6975.246807336807,-0.0,
21929,6975.529998540878,-0.0,
21930,6975.815602064133,-0.0,
21931,6976.098713159561,-0.0,
21932,6976.382668495178,-0.0,
21933,6976.665440320969,-0.0,
21934,6976.94970870018,-0.0,
21935,6977.235803842545,-0.0,
21936,6977.519087076187,-0.0,
21937,6977.804189920425,-0.0,
21938,6978.0861213207245,-0.0,
21939,6978.370886802673,-0.0,
21940,6978.65626001358,-0.0,
21941,6978.938971042633,-0.0,
21942,6979.225437879562,-0.0,
21943,6979.50776219368,-0.0,
21944,6979.79276061058,-0.0,
21945,6980.0782907009125,-0.0,
21946,6980.361758232117,-0.0,
21947,6980.6473689079285,-0.0,
21948,6980.932412385941,-0.0,
21949,6981.218582868576,-0.0,
21950,6981.496824502945,-0.0,
21951,6982.494337558746,-0.0,
21952,6982.778729915619,-0.0,
21953,6983.063490152359,-0.0,
21954,6983.34956240654,-0.0,
21955,6983.635039567947,-0.0,
21956,6983.919392824173,-0.0,
21957,6984.205071210861,-0.0,
21958,6984.49022769928,-0.0,
21959,6984.777361392975,-0.0,
21960,6985.059207439423,-0.00573162,
21961,6985.344651937485,-0.0,
21962,6985.630343437195,-0.0,
21963,6985.914549827576,-0.0,
21964,6986.200926065445,-0.0,
21965,6986.483926296234,-0.0,
21966,6986.7704837322235,-0.0,
21967,6987.056336641312,-0.0,
21968,6987.340557336807,-0.0,
21969,6987.627559423447,-0.0,
21970,6987.91250872612,-0.0,
21971,6988.197676181793,-0.01371975,
21972,6988.48152923584,-0.0,
21973,6988.764892816544,-0.0,
21974,6989.052388906479,-1.231495e-09,
21975,6989.334228515625,-0.0,
21976,6990.447869300842,-0.0,
21977,6990.7308440208435,-0.00063065026,
21978,6991.017288446426,-0.0,
21979,6991.301941156387,-0.0,
21980,6991.586712837219,-0.0,
21981,6991.875341892242,-0.0,
21982,6992.159147977829,-0.0,
21983,6992.444420576096,-0.0,
21984,6992.73001241684,-0.0,
21985,6993.014875173569,-0.0,
21986,6993.300717592239,-0.0,
21987,6993.585587263107,-0.0,
21988,6993.87097287178,-0.0,
21989,6994.157732009888,-0.0,
21990,6994.441764116287,-0.0,
21991,6994.727750778198,-0.0,
21992,6995.012729883194,-0.0,
21993,6995.295718193054,-0.0,
21994,6995.581812620163,-0.0,
21995,6995.867515087128,-0.0,
21996,6996.154692173004,-0.0,
21997,6996.43961930275,-0.0,
21998,6996.724388122559,-0.0008094072,
21999,6997.012509584427,-0.0,
22000,6997.463552474976,-0.0,
22001,6998.671921491623,-0.0,
22002,6998.9542100429535,-0.0,
22003,6999.236278295517,-0.0018741215,
22004,6999.518840312958,-0.0,
22005,6999.802948713303,-0.0,
22006,7000.086640834808,-0.0,
22007,7000.371783733368,-0.0,
22008,7000.65342259407,-0.0,
22009,7000.936745643616,-0.0,
22010,7001.221373558044,-0.0,
22011,7001.50483083725,-0.0,
22012,7001.790838479996,-0.0,
22013,7002.071941137314,-0.0,
22014,7002.35524725914,-0.0,
22015,7002.639265060425,-0.0,
22016,7002.922621488571,-0.0,
22017,7003.209909200668,-0.0,
22018,7003.490485906601,-0.0,
22019,7003.774279356003,-0.0,
22020,7004.057630300522,-0.0,
22021,7004.339959621429,-0.0,
22022,7004.626777648926,-0.017966386,
22023,7004.90997505188,-0.0,
22024,7005.19324016571,-0.0,
22025,7005.472237825394,-0.0,
22026,7006.492885828018,-0.0,
22027,7006.776347398758,-0.0,
22028,7007.059018611908,-0.0,
22029,7007.344529628754,-0.0,
22030,7007.627561330795,-0.0,
22031,7007.9096829891205,-0.0,
22032,7008.194474935532,-0.0,
22033,7008.477197170258,-0.0,
22034,7008.76087141037,-0.0,
22035,7009.044247150421,-0.0,
22036,7009.328112602234,-0.0,
22037,7009.612531423569,-0.0,
22038,7009.8958575725555,-0.0,
22039,7010.18040561676,-0.0,
22040,7010.463354110718,-0.0,
22041,7010.747041225433,-0.0,
22042,7011.030725479126,-0.0,
22043,7011.314016342163,-0.0,
22044,7011.599059820175,-0.0,
22045,7011.88108420372,-0.0,
22046,7012.165246009827,-0.0,
22047,7012.449303388596,-0.0,
22048,7012.732383728027,-0.0,
22049,7013.017621278763,-0.0,
22050,7013.2964198589325,-0.0,
22051,7014.429815292358,-0.0,
22052,7014.711383342743,-0.0,
22053,7014.995059967041,-0.0,
22054,7015.279040336609,-0.0,
22055,7015.564299821854,-8.2964724e-10,
22056,7015.848996162415,-0.0,
22057,7016.131818056107,-0.0,
22058,7016.414936542511,-0.0,
22059,7016.698229551315,-0.0,
22060,7016.981865644455,-0.0,
22061,7017.2656989097595,-0.0,
22062,7017.5482013225555,-0.0,
22063,7017.831923246384,-0.0,
22064,7018.114693880081,-0.0,
22065,7018.397968292236,-0.0,
22066,7018.681769132614,-0.0,
22067,7018.965599775314,-0.0,
22068,7019.247641324997,-0.0,
22069,7019.53075671196,-0.0,
22070,7019.814458370209,-0.0,
22071,7020.097717285156,-0.0,
22072,7020.38231086731,-0.0,
22073,7020.665105104446,-0.0,
22074,7020.947949647903,-0.0,
22075,7021.226877212524,-0.0,
22076,7022.325098991394,-0.0,
22077,7022.606438875198,-0.0,
22078,7022.889067173004,-0.0,
22079,7023.171704530716,-0.0,
22080,7023.456516981125,-0.0,
22081,7023.7403819561005,-0.0,
22082,7024.025106191635,-0.0,
22083,7024.307566404343,-0.0,
22084,7024.591486692429,-0.0,
22085,7024.876425027847,-0.0,
22086,7025.161260843277,-0.0,
22087,7025.447286128998,-0.0,
22088,7025.729032993317,-0.0,
22089,7026.0120351314545,-0.0,
22090,7026.296915531158,-0.0,
22091,7026.581376075745,-0.0,
22092,7026.867426872253,-0.0,
22093,7027.149580478668,-3.1570253e-11,
22094,7027.433919668198,-0.0,
22095,7027.717970132828,-0.0,
22096,7028.001075029373,-0.0,
22097,7028.285907745361,-0.0110732,
22098,7028.569205284119,-0.0,
22099,7028.85276556015,-0.0,
22100,7029.302204608917,-0.0,
22101,7030.421889781952,-0.0,
22102,7030.700786590576,-0.0,
22103,7030.984463691711,-0.0,
22104,7031.267325162888,-0.0,
22105,7031.550204753876,-0.0,
22106,7031.835621356964,-0.0,
22107,7032.119781970978,-0.0,
22108,7032.404370069504,-0.0,
22109,7032.687290430069,-0.0,
22110,7032.970389842987,-0.0,
22111,7033.257305145264,-0.016763585,
22112,7033.541840553284,-0.0,
22113,7033.825180768967,-0.0,
22114,7034.108087778091,-0.0,
22115,7034.391313552856,-0.0,
22116,7034.678057193756,-0.0,
22117,7034.961903333664,-0.0,
22118,7035.247939109802,-0.0,
22119,7035.530592918396,-0.0071495855,
22120,7035.814996480942,-0.0,
22121,7036.101167440414,-0.0,
22122,7036.384118080139,-0.0,
22123,7036.669360160828,-0.0,
22124,7036.953222751617,-0.0,
22125,7037.233690261841,-0.0,
22126,7038.374570846558,-0.0,
22127,7038.6578249931335,-0.0,
22128,7038.9410581588745,-0.0,
22129,7039.225125074387,-0.0,
22130,7039.511205673218,-0.0,
22131,7039.793253421783,-0.0,
22132,7040.078772783279,-0.0,
22133,7040.362478733063,-0.0,
22134,7040.645730495453,-0.0040863794,
22135,7040.931227445602,-0.00085556926,
22136,7041.215349912643,-0.016784072,
22137,7041.499288320541,-0.0,
22138,7041.782811164856,-0.0,
22139,7042.066383600235,-0.016203098,
22140,7042.352594614029,-0.014094938,
22141,7042.638395309448,-0.0,
22142,7042.922022819519,-0.0,
22143,7043.205434799194,-0.0,
22144,7043.488644123077,-0.0,
22145,7043.775393009186,-0.0,
22146,7044.0590806007385,-0.0,
22147,7044.343990325928,-0.0,
22148,7044.625295162201,-0.0,
22149,7044.909931898117,-0.0,
22150,7045.190968513489,-0.0,
22151,7046.259657621384,-0.0,
22152,7046.543114423752,-0.0,
22153,7046.824506044388,-0.0,
22154,7047.108593702316,-0.0,
22155,7047.391211748123,-0.0,
22156,7047.674834489822,-0.0,
22157,7047.958552360535,-0.0,
22158,7048.240388631821,-0.0,
22159,7048.52393746376,-0.0,
22160,7048.80585193634,-0.0,
22161,7049.089818954468,-0.016372092,
22162,7049.375341892242,-0.0,
22163,7049.657197237015,-0.0,
22164,7049.941654205322,-0.014976746,
22165,7050.223241567612,-0.0,
22166,7050.506159067154,-0.0,
22167,7050.790182590485,-0.0,
22168,7051.0737500190735,-0.0,
22169,7051.359290361404,-0.0,
22170,7051.640761613846,-0.0,
22171,7051.924284696579,-0.0,
22172,7052.208611726761,-0.0,
22173,7052.493360757828,-0.0,
22174,7052.779030561447,-0.0,
22175,7053.058143377304,-0.0,
22176,7054.165796279907,-0.0,
22177,7054.4455506801605,-0.0,
22178,7054.730181932449,-0.0,
22179,7055.013880729675,-0.0,
22180,7055.295949220657,-0.0,
22181,7055.581540822983,-0.0,
22182,7055.863518238068,-0.0,
22183,7056.147231340408,-0.0,
22184,7056.432402133942,-0.0,
22185,7056.715282917023,-0.0,
22186,7057.000302314758,-0.0,
22187,7057.282631635666,-0.0,
22188,7057.567356348038,-0.0,
22189,7057.851311206818,-0.0038892615,
22190,7058.134514808655,-0.0,
22191,7058.418969631195,-0.0,
22192,7058.702182292938,-0.0,
22193,7058.985691547394,-0.0,
22194,7059.26881980896,-0.0,
22195,7059.552307128906,-0.0,
22196,7059.837021112442,-0.0,
22197,7060.120313167572,-0.0,
22198,7060.404039859772,-0.0,
22199,7060.687232732773,-0.0,
22200,7061.139081478119,-0.0,
22201,7062.299819231033,-0.0,
22202,7062.582800149918,-0.0017437345,
22203,7062.866850376129,-0.0,
22204,7063.150959014893,-0.0,
22205,7063.43342423439,-0.0,
22206,7063.7165784835815,-0.0,
22207,7064.001520872116,-0.0,
22208,7064.286550760269,-0.0,
22209,7064.570370912552,-0.0,
22210,7064.853700637817,-0.0,
22211,7065.137150764465,-0.0,
22212,7065.422018289566,-0.0,
22213,7065.706618070602,-0.0,
22214,7065.992022037506,-0.0,
22215,7066.274538755417,-0.0,
22216,7066.55823302269,-0.0,
22217,7066.84387087822,-0.0,
22218,7067.128326892853,-0.004565552,
22219,7067.412989139557,-0.0,
22220,7067.697251796722,-0.0,
22221,7067.980140209198,-0.0,
22222,7068.26594376564,-0.0,
22223,7068.549437522888,-0.0,
22224,7068.832211494446,-0.0,
22225,7069.113879442215,-0.0,
22226,7070.103178501129,-0.0,
22227,7070.390380620956,-0.0,
22228,7070.673605918884,-0.0,
22229,7070.957656383514,-0.0,
22230,7071.244379758835,-0.0,
22231,7071.529344558716,-0.0,
22232,7071.814646482468,-0.0,
22233,7072.098980426788,-0.0,
22234,7072.384398937225,-0.0,
22235,7072.670472621918,-0.0,
22236,7072.9546155929565,-0.0,
22237,7073.240961790085,-0.0,
22238,7073.524106025696,-0.0,
22239,7073.809510946274,-0.0,
22240,7074.095269441605,-0.0,
22241,7074.378896713257,-0.0,
22242,7074.666528224945,-0.0,
22243,7074.949846982956,-0.0,
22244,7075.235346078873,-0.0,
22245,7075.52187204361,-0.0,
22246,7075.806277990341,-0.0054218248,
22247,7076.092592954636,-0.0,
22248,7076.376965045929,-0.0,
22249,7076.662432670593,-0.0,
22250,7076.943195581436,-0.0,
22251,7078.009963989258,-0.0,
22252,7078.292483329773,-0.0,
22253,7078.574977874756,-8.303203e-06,
22254,7078.859749555588,-0.0,
22255,7079.141060590744,-0.0,
22256,7079.423930883408,-0.0,
22257,7079.707821369171,-0.0,
22258,7079.990113735199,-0.0,
22259,7080.275505781174,-0.0,
22260,7080.555969715118,-0.0,
22261,7080.839920043945,-0.011887482,
22262,7081.1243143081665,-0.0,
22263,7081.406023263931,-0.0,
22264,7081.690404891968,-0.0,
22265,7081.972788572311,-0.0,
22266,7082.255086660385,-0.0,
22267,7082.538669586182,-0.0,
22268,7082.822165489197,-0.0,
22269,7083.107038736343,-0.0,
22270,7083.389300823212,-0.0,
22271,7083.673268795013,-0.0,
22272,7083.955559253693,-0.0,
22273,7084.238737344742,-0.0,
22274,7084.525609254837,-0.0,
22275,7084.804328680038,-0.0,
22276,7085.750647306442,-0.0,
22277,7086.032700061798,-0.0,
22278,7086.314311504364,-0.0,
22279,7086.600428104401,-0.0,
22280,7086.882012844086,-0.010141398,
22281,7087.165203094482,-0.0,
22282,7087.447843074799,-0.0,
22283,7087.73052573204,-0.0,
22284,7088.0153687000275,-0.0029377074,
22285,7088.298973798752,-0.0,
22286,7088.583307504654,-0.0,
22287,7088.865882873535,-0.0,
22288,7089.148947954178,-0.0,
22289,7089.43362569809,-0.0,
22290,7089.716876745224,-0.0,
22291,7090.001447677612,-0.0,
22292,7090.285990476608,-0.008462021,
22293,7090.567184686661,-0.0,
22294,7090.851251125336,-0.0,
22295,7091.135221242905,-0.0,
22296,7091.419410467148,-0.0,
22297,7091.7057065963745,-0.0,
22298,7091.988696575165,-0.0,
22299,7092.271754741669,-0.0,
22300,7092.723834037781,-0.0,
22301,7093.766654491425,-0.0,
22302,7094.047887086868,-0.00031939015,
22303,7094.331268310547,-0.0,
22304,7094.616242647171,-0.0,
22305,7094.900513648987,-0.0041810866,
22306,7095.186230897903,-0.0,
22307,7095.468648433685,-0.0,
22308,7095.75391960144,-0.0,
22309,7096.039295911789,-0.0,
22310,7096.323041439056,-0.0,
22311,7096.609712600708,-0.0,
22312,7096.893566131592,-0.0,
22313,7097.178158998489,-0.0,
22314,7097.463159322739,-0.0,
22315,7097.747688770294,-0.0,
22316,7098.033101797104,-0.0,
22317,7098.31848859787,-0.0,
22318,7098.603494644165,-0.0,
22319,7098.88689994812,-0.010610602,
22320,7099.170135974884,-0.0,
22321,7099.456629514694,-0.0,
22322,7099.741182804108,-0.0,
22323,7100.026080369949,-0.0,
22324,7100.309906959534,-0.0,
22325,7100.590718507767,-0.0,
22326,7101.626905679703,-0.004631344,
22327,7101.906637430191,-0.0,
22328,7102.189496994019,-0.010208188,
22329,7102.46984744072,-0.0,
22330,7102.752922773361,-0.0,
22331,7103.037291765213,-0.0,
22332,7103.318398714066,-0.0,
22333,7103.602821588516,-0.0,
22334,7103.882453918457,-0.0,
22335,7104.165882825851,-0.0,
22336,7104.4486265182495,-0.0,
22337,7104.731098890305,-0.0,
22338,7105.015608072281,-0.0,
22339,7105.296741724014,-0.0,
22340,7105.578547716141,-0.0,
22341,7105.861592531204,-0.0,
22342,7106.143581390381,-0.0,
22343,7106.427830457687,-0.0,
22344,7106.709911108017,-0.0,
22345,7106.9931852817535,-0.0,
22346,7107.27730512619,-0.0,
22347,7107.558593034744,-0.0,
22348,7107.841996192932,-0.0,
22349,7108.12392616272,-0.0,
22350,7108.401901483536,-0.0,
22351,7109.36084318161,-0.0,
22352,7109.642199277878,-0.0,
22353,7109.927620410919,-0.0,
22354,7110.211734294891,-0.0,
22355,7110.496180534363,-0.0,
22356,7110.781808137894,-0.0,
22357,7111.066051244736,-0.0,
22358,7111.3522737026215,-0.0,
22359,7111.6367473602295,-0.0,
22360,7111.918776512146,-0.0,
22361,7112.204621315002,-0.0,
22362,7112.488970518112,-0.0,
22363,7112.774677276611,-0.0,
22364,7113.057942867279,-0.0,
22365,7113.34193944931,-0.01304964,
22366,7113.625502347946,-0.0110814655,
22367,7113.9097905159,-0.0,
22368,7114.194802522659,-0.0,
22369,7114.478323221207,-0.0,
22370,7114.762243032455,-0.0,
22371,7115.046237707138,-3.8981447e-08,
22372,7115.33141708374,-0.0,
22373,7115.618563652039,-0.0,
22374,7115.902791500092,-0.0,
22375,7116.184100627899,-0.0,
22376,7117.23268198967,-0.0,
22377,7117.5145175457,-0.0,
22378,7117.798367500305,-0.0,
22379,7118.080641746521,-0.0,
22380,7118.365215301514,-0.0,
22381,7118.647954940796,-0.0,
22382,7118.932626247406,-0.0,
22383,7119.216698169708,-0.0,
22384,7119.500154733658,-0.0,
22385,7119.785240888596,-0.0,
22386,7120.068039178848,-0.0,
22387,7120.352778434753,-0.0,
22388,7120.636058092117,-0.0,
22389,7120.919422149658,-0.0,
22390,7121.204643011093,-0.0,
22391,7121.488842487335,-0.0,
22392,7121.774954080582,-0.0,
22393,7122.057876110077,-0.0,
22394,7122.341417551041,-0.0,
22395,7122.6272757053375,-0.0,
22396,7122.9116768836975,-0.0,
22397,7123.196134090424,-0.0,
22398,7123.478712081909,-0.0,
22399,7123.761297225952,-0.0,
22400,7124.211574316025,-0.0,
22401,7125.266425609589,-0.0,
22402,7125.546910524368,-0.0,
22403,7125.830760240555,-0.010012268,
22404,7126.115089178085,-0.0,
22405,7126.397487163544,-0.0,
22406,7126.681790351868,-0.0,
22407,7126.96510052681,-0.0,
22408,7127.248464107513,-0.0,
22409,7127.532421588898,-0.0,
22410,7127.814820289612,-0.0,
22411,7128.098816871643,-0.0,
22412,7128.3814260959625,-0.0,
22413,7128.665684223175,-0.0,
22414,7128.951783657074,-0.0,
22415,7129.234013557434,-0.0035943538,
22416,7129.519259929657,-0.0,
22417,7129.80112361908,-0.0,
22418,7130.0858471393585,-0.0,
22419,7130.370901823044,-0.0,
22420,7130.65311217308,-0.0,
22421,7130.939131975174,-0.0,
22422,7131.2198350429535,-0.0,
22423,7131.504345417023,-0.0,
22424,7131.789797782898,-0.0,
22425,7132.068487167358,-0.0,
22426,7133.115524530411,-0.0,
22427,7133.398055076599,-0.0,
22428,7133.68532037735,-0.0,
22429,7133.97075510025,-4.80328e-07,
22430,7134.2562046051025,-0.0,
22431,7134.5422966480255,-0.0,
22432,7134.82785320282,-0.0,
22433,7135.116358757019,-0.0,
22434,7135.3992738723755,-0.0,
22435,7135.687207937241,-0.0,
22436,7135.974514961243,-0.0,
22437,7136.2607588768005,-0.0,
22438,7136.552264213562,-0.0,
22439,7136.838291168213,-4.085001e-08,
22440,7137.12532377243,-0.0,
22441,7137.410666227341,-0.0,
22442,7137.694458961487,-1.5108469e-07,
22443,7137.978589296341,-0.0,
22444,7138.264205932617,-0.005911044,
22445,7138.549380302429,-0.0,
22446,7138.835245132446,-0.0,
22447,7139.120229005814,-0.0,
22448,7139.40687918663,-0.0,
22449,7139.694114208221,-0.0,
22450,7139.975338459015,-0.0,
22451,7141.08238697052,-0.0,
22452,7141.366566181183,-0.0,
22453,7141.6510055065155,-0.0,
22454,7141.934573888779,-0.0,
22455,7142.217336654663,-0.0,
22456,7142.504008054733,-0.0,
22457,7142.787687540054,-0.0,
22458,7143.071590662003,-0.0,
22459,7143.354699373245,-0.0,
22460,7143.638600587845,-0.0,
22461,7143.926543951035,-0.0,
22462,7144.210239887238,-0.004531528,
22463,7144.494985580444,-0.0,
22464,7144.779162168503,-0.0,
22465,7145.063476324081,-0.0,
22466,7145.349584817886,-0.0,
22467,7145.6335299015045,-0.0,
22468,7145.918580293655,-0.0,
22469,7146.20264673233,-0.0,
22470,7146.486856937408,-0.0,
22471,7146.772212266922,-0.0,
22472,7147.054909706116,-0.0,
22473,7147.340476989746,-0.0,
22474,7147.625130653381,-0.0,
22475,7147.903998374939,-0.0,
22476,7149.053463459015,-0.0,
22477,7149.33679318428,-0.0,
22478,7149.621792793274,-0.0,
22479,7149.905199766159,-0.0,
22480,7150.190929412842,-0.0,
22481,7150.472560167313,-0.0,
22482,7150.757839441299,-0.0,
22483,7151.042196035385,-0.0,
22484,7151.325200557709,-0.01339637,
22485,7151.610064983368,-0.0,
22486,7151.893229007721,-0.0,
22487,7152.177876234055,-0.0,
22488,7152.462961435318,-0.0,
22489,7152.746328353882,-0.0,
22490,7153.031601190567,-0.0,
22491,7153.314824819565,-0.0,
22492,7153.60062456131,-0.0,
22493,7153.884628534317,-0.0,
22494,7154.16804599762,-0.0,
22495,7154.452939033508,-0.0,
22496,7154.737258434296,-0.0,
22497,7155.023115873337,-0.0,
22498,7155.305300951004,-0.0,
22499,7155.589004039764,-0.0,
22500,7156.041688203812,-0.0,
22501,7157.168632745743,-0.0,
22502,7157.449177503586,-0.0,
22503,7157.733293533325,-0.0,
22504,7158.017166852951,-0.0,
22505,7158.3013961315155,-0.0,
22506,7158.58686876297,-0.0,
22507,7158.8704335689545,-0.0,
22508,7159.153757810593,-1.2845823e-10,
22509,7159.438394069672,-0.0,
22510,7159.72256231308,-0.0,
22511,7160.007428884506,-0.0,
22512,7160.291455507278,-0.0,
22513,7160.577489376068,-0.0,
22514,7160.861635923386,-0.0,
22515,7161.144459247589,-0.0,
22516,7161.4297747612,-0.0,
22517,7161.713171005249,-0.0,
22518,7161.998416900635,-0.0,
22519,7162.282759428024,-0.0,
22520,7162.5670483112335,-0.0,
22521,7162.851938724518,-0.0,
22522,7163.136536359787,-0.0,
22523,7163.422207593918,-0.0,
22524,7163.706492424011,-0.0,
22525,7163.9851903915405,-0.0,
22526,7165.18577837944,-0.0,
22527,7165.468544483185,-0.015494867,
22528,7165.753500461578,-0.0,
22529,7166.037532567978,-0.0,
22530,7166.32320189476,-0.0,
22531,7166.607691287994,-0.0,
22532,7166.892680644989,-0.0,
22533,7167.178108692169,-0.0,
22534,7167.461600780487,-0.0,
22535,7167.747714996338,-0.0100947,
22536,7168.031901836395,-0.0,
22537,7168.318664312363,-0.0,
22538,7168.601522922516,-0.0,
22539,7168.885408163071,-0.0,
22540,7169.170869112015,-0.0,
22541,7169.456094264984,-0.0,
22542,7169.74223780632,-0.0,
22543,7170.0249626636505,-0.0,
22544,7170.308854103088,-0.0,
22545,7170.594208478928,-0.0,
22546,7170.87876033783,-0.0,
22547,7171.1652591228485,-0.0,
22548,7171.447089910507,-0.0,
22549,7171.732715129852,-0.0,
22550,7172.014894247055,-0.0,
22551,7173.0138692855835,-0.0,
22552,7173.298413276672,-0.0,
22553,7173.5805122852325,-0.0,
22554,7173.863765716553,-0.0,
22555,7174.14589881897,-0.0,
22556,7174.429102420807,-0.0,
22557,7174.715331315994,-0.0,
22558,7174.998163223267,-0.0,
22559,7175.281315803528,-0.0,
22560,7175.563834190369,-0.0,
22561,7175.846484661102,-0.0,
22562,7176.1330037117,-0.0,
22563,7176.416297912598,-0.0,
22564,7176.699729919434,-0.0,
22565,7176.981981039047,-0.0,
22566,7177.264484167099,-0.0,
22567,7177.549152374268,-0.0,
22568,7177.832706451416,-0.0,
22569,7178.117357969284,-0.0,
22570,7178.3999745845795,-0.0,
22571,7178.683315038681,-0.0,
22572,7178.968432426453,-0.0,
22573,7179.252136230469,-0.002332237,
22574,7179.536993741989,-0.0,
22575,7179.8151252269745,-0.0,
22576,7180.947803497314,-0.0,
22577,7181.229443788528,-0.0,
22578,7181.513116359711,-0.0,
22579,7181.7971367836,-0.0,
22580,7182.080458164215,-0.0,
22581,7182.364707231522,-0.0,
22582,7182.648099660873,-0.013255813,
22583,7182.932332515717,-0.0,
22584,7183.216713428497,-0.0,
22585,7183.499507427216,-0.011027451,
22586,7183.784917593002,-0.0,
22587,7184.068423986435,-0.0,
22588,7184.352792739868,-0.0,
22589,7184.635975122452,-0.0,
22590,7184.918388843536,-0.0,
22591,7185.201320886612,-0.0,
22592,7185.483901023865,-0.0,
22593,7185.767705202103,-0.0,
22594,7186.051377058029,-0.0,
22595,7186.334600687027,-0.0,
22596,7186.617924213409,-0.0,
22597,7186.904191732407,-0.0,
22598,7187.186875343323,-0.0,
22599,7187.473128557205,-0.0,
22600,7187.926190853119,-0.0,
22601,7188.978203058243,-0.0,
22602,7189.258150577545,-0.0,
22603,7189.541776895523,-0.0,
22604,7189.826980829239,-0.0,
22605,7190.111868143082,-0.0,
22606,7190.397856712341,-0.0,
22607,7190.679751873016,-0.0,
22608,7190.964161634445,-0.0,
22609,7191.24996638298,-0.0027136605,
22610,7191.532582044601,-0.0,
22611,7191.817304611206,-0.0,
22612,7192.100630998611,-0.0,
22613,7192.38525056839,-0.0,
22614,7192.6701374053955,-0.0,
22615,7192.953314781189,-0.0,
22616,7193.23832821846,-0.0,
22617,7193.520975589752,-0.0,
22618,7193.8066828250885,-0.0,
22619,7194.091223716736,-0.0,
22620,7194.373411893845,-0.0,
22621,7194.658497810364,-0.0,
22622,7194.940901517868,-0.0,
22623,7195.226779699326,-0.0,
22624,7195.511169433594,-0.0,
22625,7195.79049038887,-0.0,
22626,7196.760223150253,-0.0,
22627,7197.040779590607,-0.0,
22628,7197.326143980026,-0.0,
22629,7197.609544038773,-0.0023977095,
22630,7197.891661405563,-0.0,
22631,7198.176634073257,-0.0,
22632,7198.459479570389,-0.0,
22633,7198.745144844055,-0.0,
22634,7199.029914855957,-0.0,
22635,7199.31231379509,-0.0036122093,
22636,7199.596987724304,-0.0,
22637,7199.879859685898,-0.0,
22638,7200.165723323822,-0.0,
22639,7200.448747873306,-0.0,
22640,7200.7310526371,-0.0,
22641,7201.016129016876,-0.0,
22642,7201.298927783966,-0.0,
22643,7201.58651471138,-0.0,
22644,7201.86911034584,-0.0,
22645,7202.152989864349,-0.0,
22646,7202.437371969223,-0.0,
22647,7202.7204122543335,-0.01004445,
22648,7203.007241010666,-0.005089044,
22649,7203.287898540497,-0.0,
22650,7203.568156003952,-0.0,
22651,7204.66555762291,-0.0,
22652,7204.948807477951,-0.0,
22653,7205.234531879425,-0.0,
22654,7205.519170045853,-0.0,
22655,7205.806927442551,-0.0,
22656,7206.089249134064,-0.0,
22657,7206.375005483627,-0.0,
22658,7206.660631895065,-0.0,
22659,7206.945151805878,-0.0,
22660,7207.2325184345245,-0.0,
22661,7207.517073869705,-0.0,
22662,7207.80287694931,-0.0,
22663,7208.087651729584,-0.0,
22664,7208.3721306324005,-0.0,
22665,7208.657712697983,-0.0,
22666,7208.942488908768,-0.0,
22667,7209.228619813919,-0.0,
22668,7209.5130879879,-6.9159065e-09,
22669,7209.798702001572,-0.0,
22670,7210.085000038147,-0.0,
22671,7210.367724895477,-0.0,
22672,7210.653730392456,-0.0,
22673,7210.9393944740295,-0.0,
22674,7211.226092576981,-0.0,
22675,7211.505909919739,-0.0,
22676,7212.594650745392,-0.0,
22677,7212.877257823944,-0.0,
22678,7213.162890195847,-0.0,
22679,7213.447534561157,-0.0,
22680,7213.727585315704,-0.0,
22681,7214.011373996735,-0.0,
22682,7214.293674945831,-0.0,
22683,7214.576123952866,-0.0,
22684,7214.863116264343,-0.0,
22685,7215.144499063492,-0.0,
22686,7215.4271829128265,-0.0,
22687,7215.710037946701,-0.0,
22688,7215.992850780487,-0.0,
22689,7216.2803609371185,-0.0,
22690,7216.562715291977,-0.0,
22691,7216.844948291779,-0.0,
22692,7217.128524780273,-0.0,
22693,7217.4111268520355,-0.0,
22694,7217.695746898651,-0.0,
22695,7217.978466510773,-0.0,
22696,7218.263669252396,-0.0,
22697,7218.546366214752,-0.0,
22698,7218.8313364982605,-0.0,
22699,7219.117002725601,-0.0,
22700,7219.568238019943,-0.0,
22701,7220.632666826248,-0.0,
22702,7220.916572570801,-0.0018337137,
22703,7221.203325033188,-0.0,
22704,7221.487811803818,-0.0,
22705,7221.771942615509,-0.0,
22706,7222.059255599976,-0.0,
22707,7222.344090461731,-0.0,
22708,7222.63002038002,-0.0,
22709,7222.913469791412,-0.0,
22710,7223.19855093956,-0.0,
22711,7223.483300209045,-0.0,
22712,7223.7687385082245,-0.0,
22713,7224.055634975433,-0.0,
22714,7224.338486433029,-0.0,
22715,7224.623863697052,-0.0,
22716,7224.908873558044,-0.0,
22717,7225.193295478821,-0.0,
22718,7225.481172084808,-0.0,
22719,7225.764585733414,-0.0,
22720,7226.0494639873505,-0.0,
22721,7226.3346445560455,-0.0,
22722,7226.620050430298,-0.0,
22723,7226.905653953552,-0.0,
22724,7227.1900289058685,-0.0,
22725,7227.472414016724,-0.0,
22726,7228.651616811752,-0.0,
22727,7228.93655538559,-0.0,
22728,7229.220520019531,-0.0,
22729,7229.504051923752,-0.0,
22730,7229.789947986603,-0.0,
22731,7230.075326919556,-0.0,
22732,7230.362459421158,-0.0,
22733,7230.645747423172,-0.0,
22734,7230.930302619934,-0.0,
22735,7231.216263771057,-0.0,
22736,7231.50012254715,-0.0,
22737,7231.784479379654,-0.0,
22738,7232.067304611206,-0.0,
22739,7232.351901769638,-0.0,
22740,7232.637811660767,-0.0,
22741,7232.920959472656,-0.0,
22742,7233.206609487534,-0.0,
22743,7233.491158246994,-0.0,
22744,7233.777900695801,-0.0,
22745,7234.062368154526,-0.020278025,
22746,7234.347220420837,-0.0,
22747,7234.6331346035,-0.0,
22748,7234.918475866318,-0.0,
22749,7235.204457044601,-0.0,
22750,7235.482843637466,-0.0,
22751,7236.530815124512,-0.0,
22752,7236.8130667209625,-0.0,
22753,7237.097976207733,-0.0,
22754,7237.382869720459,-0.0,
22755,7237.666825294495,-0.0,
22756,7237.952306032181,-0.0,
22757,7238.235396146774,-0.0,
22758,7238.51891541481,-0.0,
22759,7238.805256128311,-0.0,
22760,7239.089305639267,-0.0,
22761,7239.376685142517,-0.0,
22762,7239.660023450851,-0.0,
22763,7239.945073366165,-0.0,
22764,7240.230931520462,-0.0,
22765,7240.516076803207,-0.0,
22766,7240.802982091904,-0.00692619,
22767,7241.085710525513,-0.0,
22768,7241.371692895889,-0.0,
22769,7241.657880067825,-0.0,
22770,7241.942289590836,-0.0,
22771,7242.229010105133,-0.0,
22772,7242.513889074326,-3.8484346e-10,
22773,7242.799984455109,-0.0,
22774,7243.084969043732,-0.0,
22775,7243.365489721298,-0.0,
22776,7244.455421209335,-0.0,
22777,7244.736843109131,-0.0,
22778,7245.023404598236,-0.0,
22779,7245.30761051178,-0.0,
22780,7245.593858957291,-0.0,
22781,7245.877440690994,-0.0,
22782,7246.162445306778,-0.0,
22783,7246.44851064682,-0.0,
22784,7246.733870267868,-0.0,
22785,7247.019245624542,-0.0,
22786,7247.30357503891,-0.0,
22787,7247.589207649231,-0.0,
22788,7247.876311779022,-0.0,
22789,7248.161221027374,-0.0,
22790,7248.447257041931,-0.0,
22791,7248.732826709747,-0.0,
22792,7249.01717042923,-0.0,
22793,7249.3036069869995,-0.0,
22794,7249.589228153229,-0.0,
22795,7249.877826929092,-0.0,
22796,7250.160701036453,-0.0,
22797,7250.447418689728,-0.0,
22798,7250.734026670456,-0.0,
22799,7251.017741680145,-0.0,
22800,7251.470734119415,-0.0,
22801,7252.623135089874,-0.0,
22802,7252.903195142746,-0.0,
22803,7253.187095880508,-0.0,
22804,7253.474289178848,-0.0,
22805,7253.7581696510315,-0.0,
22806,7254.042548656464,-0.0,
22807,7254.326526880264,-0.0,
22808,7254.611600399017,-0.0,
22809,7254.895864248276,-0.0,
22810,7255.18018913269,-0.0,
22811,7255.464389562607,-0.0,
22812,7255.751310110092,-0.0,
22813,7256.0349090099335,-0.0,
22814,7256.320722103119,-0.00042842736,
22815,7256.60426735878,-0.0,
22816,7256.8903613090515,-0.0,
22817,7257.175374507904,-0.0,
22818,7257.458789110184,-0.0,
22819,7257.744960784912,-0.0,
22820,7258.02796959877,-0.0,
22821,7258.312869310379,-0.0,
22822,7258.598947525024,-0.0,
22823,7258.882882833481,-0.0,
22824,7259.170944452286,-0.0,
22825,7259.449400663376,-0.0,
22826,7260.546557664871,-0.0,
22827,7260.826748371124,-0.0,
22828,7261.111864566803,-0.0,
22829,7261.396507024765,-0.0,
22830,7261.680238246918,-0.0,
22831,7261.96790766716,-0.0,
22832,7262.251087427139,-0.0,
22833,7262.53555226326,-0.0,
22834,7262.819027900696,-0.0,
22835,7263.103342056274,-0.0,
22836,7263.391179800034,-0.0,
22837,7263.6756291389465,-0.0,
22838,7263.960825443268,-0.0,
22839,7264.245583772659,-0.0,
22840,7264.53036236763,-0.0,
22841,7264.816772937775,-3.8711965e-05,
22842,7265.1004548072815,-0.0,
22843,7265.387056112289,-0.0,
22844,7265.670710802078,-0.0,
22845,7265.955498218536,-0.000583947,
22846,7266.241583108902,-0.0,
22847,7266.52580332756,-0.0,
22848,7266.811895132065,-0.016158747,
22849,7267.096075534821,-0.0,
22850,7267.376847267151,-0.0,
22851,7268.473874807358,-0.0,
22852,7268.755315542221,-0.0,
22853,7269.040223121643,-0.0,
22854,7269.324990510941,-0.0,
22855,7269.609587669373,-0.0,
22856,7269.893713474274,-0.0,
22857,7270.1770362854,-4.20356e-06,
22858,7270.463124990463,-0.0,
22859,7270.747909069061,-0.0,
22860,7271.032690286636,-0.0,
22861,7271.315500497818,-0.0,
22862,7271.6000463962555,-0.0,
22863,7271.887069702148,-0.0,
22864,7272.169502019882,-0.0,
22865,7272.456310272217,-0.0,
22866,7272.739324331284,-0.0,
22867,7273.02574634552,-0.0,
22868,7273.309391736984,-0.0,
22869,7273.593294143677,-0.007117994,
22870,7273.878687381744,-0.0,
22871,7274.16316819191,-0.0,
22872,7274.447480678558,-0.0,
22873,7274.732209444046,-0.0,
22874,7275.015179634094,-0.0,
22875,7275.298318386078,-0.0,
22876,7276.329139709473,-0.0,
22877,7276.613637208939,-0.0,
22878,7276.897926807404,-0.0,
22879,7277.183180570602,-0.0,
22880,7277.467558145523,-0.0,
22881,7277.750529050827,-0.0,
22882,7278.034069061279,-0.0,
22883,7278.318265676498,-0.0,
22884,7278.60307598114,-0.0,
22885,7278.886785268784,-0.0,
22886,7279.171228170395,-0.0,
22887,7279.454312086105,-0.0,
22888,7279.740554571152,-0.0,
22889,7280.0250198841095,-0.0,
22890,7280.310036420822,-0.0,
22891,7280.593144655228,-0.0,
22892,7280.878262519836,-0.0,
22893,7281.165612220764,-0.0,
22894,7281.45257973671,-0.0,
22895,7281.741806030273,-0.0,
22896,7282.0245707035065,-0.0,
22897,7282.307852506638,-0.0,
22898,7282.59389257431,-0.0,
22899,7282.879928827286,-0.0,
22900,7283.329859495163,-0.0,
22901,7284.3942811489105,-0.0,
22902,7284.67763209343,-0.0,
22903,7284.963109731674,-0.0,
22904,7285.249890089035,-0.0,
22905,7285.5322234630585,-0.0,
22906,7285.81852388382,-0.0,
22907,7286.1051189899445,-0.0,
22908,7286.3895609378815,-0.0,
22909,7286.675367116928,-0.0,
22910,7286.96120762825,-0.027157685,
22911,7287.247217416763,-0.0,
22912,7287.531091213226,-0.0,
22913,7287.816130161285,-0.0,
22914,7288.103385448456,-0.0,
22915,7288.389007091522,-0.0,
22916,7288.676061153412,-0.0,
22917,7288.963850975037,-0.0,
22918,7289.248025894165,-0.0,
22919,7289.5346920490265,-3.2967167e-11,
22920,7289.820423126221,-0.0,
22921,7290.106494188309,-0.0,
22922,7290.391054153442,-0.0,
22923,7290.676549911499,-0.0,
22924,7290.964250087738,-0.0,
22925,7291.244479894638,-0.0,
22926,7292.311631679535,-0.0,
22927,7292.593642711639,-0.0,
22928,7292.880460977554,-0.0,
22929,7293.164136171341,-0.0,
22930,7293.44832110405,-0.0,
22931,7293.734525680542,-0.0,
22932,7294.019695520401,-0.0,
22933,7294.306411743164,-0.0,
22934,7294.590501070023,-0.0,
22935,7294.876183986664,-0.0,
22936,7295.162031412125,-0.0,
22937,7295.446850538254,-0.0,
22938,7295.73331284523,-0.0,
22939,7296.018629074097,-0.0,
22940,7296.305123567581,-0.0,
22941,7296.589267730713,-0.0,
22942,7296.875404834747,-0.0,
22943,7297.163950681686,-0.0,
22944,7297.44900727272,-0.0,
22945,7297.737435340881,-0.0,
22946,7298.021587133408,-0.0,
22947,7298.308037996292,-0.0,
22948,7298.593998193741,-0.0,
22949,7298.879802942276,-0.0,
22950,7299.163868427277,-0.02889321,
22951,7300.118570327759,-0.0,
22952,7300.401917934418,-0.0,
22953,7300.687450408936,-0.0,
22954,7300.972004890442,-0.0,
22955,7301.259687900543,-0.0,
22956,7301.544221401215,-0.0,
22957,7301.829874038696,-0.0,
22958,7302.116206169128,-0.012959001,
22959,7302.402569770813,-0.0006147254,
22960,7302.687127113342,-0.0,
22961,7302.973299026489,-0.0,
22962,7303.260655164719,-0.0,
22963,7303.545992136002,-0.0,
22964,7303.834730148315,-0.0,
22965,7304.120103120804,-0.0,
22966,7304.4056940078735,-0.0,
22967,7304.6923661231995,-0.0,
22968,7304.978531122208,-0.0,
22969,7305.26590514183,-0.0,
22970,7305.551472425461,-0.012221073,
22971,7305.839337587357,-0.0,
22972,7306.124253749847,-0.0,
22973,7306.410004854202,-0.0,
22974,7306.697782039642,-0.0,
22975,7306.979422092438,-0.0,
22976,7308.0592222213745,-0.0,
22977,7308.342291355133,-0.0,
22978,7308.6293160915375,-0.0,
22979,7308.914413928986,-0.0,
22980,7309.199547290802,-0.0,
22981,7309.485413074493,-0.0,
22982,7309.771044492722,-0.0,
22983,7310.058807134628,-0.0,
22984,7310.344222545624,-0.0,
22985,7310.631216287613,-0.0,
22986,7310.917444705963,-0.0,
22987,7311.202837228775,-0.011686335,
22988,7311.49037027359,-0.016123418,
22989,7311.776689529419,-0.0,
22990,7312.064290046692,-0.0,
22991,7312.349736690521,-0.0,
22992,7312.636710643768,-0.0,
22993,7312.923374891281,-0.0,
22994,7313.210105895996,-0.0,
22995,7313.498717784882,-0.0,
22996,7313.784020900726,-0.0,
22997,7314.07143330574,-0.0,
22998,7314.356664657593,-0.0,
22999,7314.6420023441315,-0.0,
23000,7315.094676733017,-0.006582451,
23001,7316.066335439682,-0.0,
23002,7316.3510892391205,-0.022860333,
23003,7316.636615991592,-0.0,
23004,7316.924569368362,-0.0,
23005,7317.2105667591095,-0.0,
23006,7317.496621131897,-0.0,
23007,7317.781960010529,-0.0,
23008,7318.068362236023,-0.0,
23009,7318.357532978058,-0.0,
23010,7318.6438319683075,-0.0,
23011,7318.932981491089,-0.0,
23012,7319.218816757202,-0.0,
23013,7319.505321025848,-0.0,
23014,7319.794735908508,-0.0,
23015,7320.080317020416,-0.0,
23016,7320.369260549545,-0.0,
23017,7320.654686689377,-0.0,
23018,7320.941277503967,-0.003681443,
23019,7321.228818178177,-0.0,
23020,7321.514441251755,-0.0,
23021,7321.802055120468,-0.0,
23022,7322.089652776718,-0.0,
23023,7322.377607345581,-0.0,
23024,7322.663779020309,-0.0,
23025,7322.948256492615,-0.0,
23026,7324.015145778656,-0.0,
23027,7324.29855799675,-0.0,
23028,7324.586845397949,-0.0,
23029,7324.873788833618,-0.0,
23030,7325.161595821381,-0.0,
23031,7325.449027776718,-0.0,
23032,7325.735389709473,-0.0003636686,
23033,7326.024072408676,-0.0,
23034,7326.311513900757,-0.0,
23035,7326.600734949112,-0.0,
23036,7326.886973619461,-0.0,
23037,7327.174760103226,-0.0,
23038,7327.4604914188385,-0.0,
23039,7327.746695995331,-0.0,
23040,7328.035000801086,-0.0,
23041,7328.320466995239,-0.0,
23042,7328.608642578125,-0.0,
23043,7328.893181324005,-0.0023464223,
23044,7329.178156375885,-0.0,
23045,7329.466181516647,-0.0,
23046,7329.7523419857025,-0.0,
23047,7330.040283203125,-0.0,
23048,7330.326204061508,-0.0,
23049,7330.611973285675,-0.0,
23050,7330.8944482803345,-0.0,
23051,7331.921720266342,-0.0,
23052,7332.209277868271,-0.0,
23053,7332.495298624039,-0.0,
23054,7332.78186583519,-0.0,
23055,7333.069327831268,-0.0,
23056,7333.355260372162,-0.0,
23057,7333.641696929932,-0.0,
23058,7333.928591012955,-0.0,
23059,7334.216315031052,-0.0,
23060,7334.501940727234,-0.0,
23061,7334.789619445801,-0.0,
23062,7335.074419975281,-0.0,
23063,7335.359760284424,-0.01206936,
23064,7335.648923873901,-0.0,
23065,7335.935243844986,-0.0,
23066,7336.222419500351,-0.0,
23067,7336.508209228516,-0.0,
23068,7336.794416189194,-0.0,
23069,7337.082022428513,-0.0,
23070,7337.36834692955,-0.0,
23071,7337.656148195267,-0.0,
23072,7337.9423615932465,-0.0,
23073,7338.229453325272,-0.0,
23074,7338.51478266716,-0.0,
23075,7338.796712398529,-0.0,
23076,7339.898058176041,-0.0,
23077,7340.184267997742,-0.0,
23078,7340.471692085266,-0.0,
23079,7340.756649255753,-0.0,
23080,7341.044404745102,-0.0,
23081,7341.329410791397,-0.0,
23082,7341.615617990494,-0.0,
23083,7341.904485464096,-0.0,
23084,7342.190180063248,-0.0,
23085,7342.478049516678,-0.0,
23086,7342.765246391296,-0.0,
23087,7343.051379919052,-0.0,
23088,7343.337151288986,-0.0,
23089,7343.624165534973,-0.0,
23090,7343.91125869751,-0.0,
23091,7344.196727275848,-0.0,
23092,7344.485491037369,-0.0,
23093,7344.770656585693,-0.005883776,
23094,7345.056500911713,-0.0,
23095,7345.345217466354,-0.0,
23096,7345.631128549576,-0.0,
23097,7345.920317173004,-0.0,
23098,7346.207145452499,-0.0,
23099,7346.494828224182,-0.0,
23100,7346.944465398788,-2.7260385e-05,
23101,7348.050869941711,-0.00017420409,
23102,7348.336880207062,-0.0018352568,
23103,7348.625567674637,-0.0,
23104,7348.914400339127,-0.0,
23105,7349.201381444931,-0.0,
23106,7349.488679409027,-0.0,
23107,7349.776837587357,-0.0,
23108,7350.0648374557495,-0.0,
23109,7350.353360652924,-0.0,
23110,7350.641335248947,-0.0,
23111,7350.930027008057,-0.0,
23112,7351.215732574463,-0.0,
23113,7351.504378557205,-0.0,
23114,7351.793052911758,-0.0,
23115,7352.085777997971,-0.0,
23116,7352.375933170319,-0.0,
23117,7352.66698384285,-0.0,
23118,7352.954034090042,-0.0,
23119,7353.2443153858185,-0.0,
23120,7353.531637907028,-0.0,
23121,7353.823094844818,-3.536881e-05,
23122,7354.110368728638,-0.0,
23123,7354.398164510727,-0.0,
23124,7354.686111211777,-0.0,
23125,7354.9690062999725,-0.0,
23126,7355.968720436096,-0.0,
23127,7356.251112937927,-0.0,
23128,7356.539043426514,-0.0,
23129,7356.823123216629,-0.0,
23130,7357.108720302582,-0.0,
23131,7357.395393371582,-0.0,
23132,7357.682099342346,-0.0,
23133,7357.970756292343,-0.0,
23134,7358.257310152054,-0.0,
23135,7358.543461322784,-0.0,
23136,7358.8290910720825,-0.0,
23137,7359.115816116333,-0.0,
23138,7359.405048131943,-0.0020066397,
23139,7359.692182779312,-0.0,
23140,7359.980963230133,-0.0,
23141,7360.26672410965,-0.0,
23142,7360.553335189819,-0.0,
23143,7360.8427040576935,-0.0,
23144,7361.128237485886,-0.0,
23145,7361.41610622406,-0.0,
23146,7361.701271772385,-0.0,
23147,7361.9873650074005,-0.0,
23148,7362.27543759346,-0.0,
23149,7362.560999393463,-0.0,
23150,7362.846510648727,-0.0,
23151,7363.893982172012,-0.0,
23152,7364.178734302521,-0.0,
23153,7364.463568687439,-0.0,
23154,7364.7501912117,-0.0,
23155,7365.038727283478,-0.0,
23156,7365.323946237564,-0.0,
23157,7365.612260341644,-0.0,
23158,7365.8980078697205,-0.0,
23159,7366.184858560562,-0.0,
23160,7366.472384929657,-0.0,
23161,7366.759155750275,-0.0,
23162,7367.046729803085,-0.0,
23163,7367.333765268326,-0.0,
23164,7367.621572971344,-0.0,
23165,7367.90708899498,-0.0,
23166,7368.193906068802,-0.0,
23167,7368.481691598892,-0.0,
23168,7368.768136501312,-0.0,
23169,7369.057914972305,-0.018246345,
23170,7369.342724084854,-0.0,
23171,7369.629035234451,-0.0,
23172,7369.916522026062,-0.0,
23173,7370.202471733093,-0.0,
23174,7370.490293502808,-0.0,
23175,7370.773938655853,-0.0,
23176,7371.847760438919,-0.0,
23177,7372.130801916122,-0.0,
23178,7372.415244579315,-0.0,
23179,7372.699599504471,-0.0,
23180,7372.984470844269,-0.010983241,
23181,7373.271413803101,-0.0,
23182,7373.5563633441925,-0.0,
23183,7373.839681625366,-0.0,
23184,7374.126072645187,-0.0,
23185,7374.411543369293,-0.0,
23186,7374.699716091156,-0.0,
23187,7374.983262062073,-0.0,
23188,7375.26912522316,-0.0,
23189,7375.556077003479,-0.0,
23190,7375.839649200439,-0.0,
23191,7376.127011299133,-0.0,
23192,7376.412729501724,-0.0,
23193,7376.698848485947,-0.0,
23194,7376.983599424362,-0.0,
23195,7377.269073724747,-0.0,
23196,7377.556478738785,-0.0,
23197,7377.840829610825,-0.0,
23198,7378.127073049545,-0.0,
23199,7378.412657737732,-0.0,
23200,7378.865567922592,-0.0,
23201,7379.860579490662,-0.0,
23202,7380.144226074219,-0.0,
23203,7380.431988477707,-0.0,
23204,7380.71728181839,-0.0061456277,
23205,7381.004603147507,-0.0,
23206,7381.29146361351,-0.0,
23207,7381.579674959183,-0.0,
23208,7381.8642292022705,-0.0,
23209,7382.153037309647,-0.0,
23210,7382.438386917114,-0.0,
23211,7382.723944187164,-0.0,
23212,7383.013502836227,-0.0,
23213,7383.29887008667,-0.0,
23214,7383.58510518074,-0.0,
23215,7383.871716499329,-0.0,
23216,7384.156989097595,-0.0,
23217,7384.44410777092,-0.0,
23218,7384.732197523117,-0.0,
23219,7385.019910573959,-0.0,
23220,7385.305202484131,-0.0,
23221,7385.593669891357,-0.0,
23222,7385.880977153778,-0.0,
23223,7386.167542457581,-0.0,
23224,7386.457351922989,-0.0,
23225,7386.741009235382,-0.0,
23226,7387.811937093735,-0.0,
23227,7388.0947988033295,-0.0,
23228,7388.379714488983,-0.0,
23229,7388.665058851242,-0.009485002,
23230,7388.951674938202,-0.0,
23231,7389.238380432129,-0.0,
23232,7389.523446559906,-0.0,
23233,7389.812126398087,-0.0,
23234,7390.097231388092,-0.0,
23235,7390.382702827454,-0.0,
23236,7390.671344995499,-0.0,
23237,7390.957311630249,-0.0,
23238,7391.246119022369,-0.0,
23239,7391.5310888290405,-0.0,
23240,7391.817832231522,-0.0,
23241,7392.1045553684235,-0.0,
23242,7392.390682220459,-0.0,
23243,7392.676452159882,-0.0,
23244,7392.96110367775,-0.0,
23245,7393.24827003479,-0.0,
23246,7393.533535480499,-0.0,
23247,7393.819138765335,-0.0,
23248,7394.106154680252,-0.0,
23249,7394.393107652664,-0.0,
23250,7394.674441814423,-0.0,
23251,7395.769883394241,-0.0,
23252,7396.053028583527,-0.0,
23253,7396.340705871582,-0.0,
23254,7396.629499197006,-0.0,
23255,7396.916355133057,-0.0,
23256,7397.205440282822,-0.0,
23257,7397.491871833801,-0.0,
23258,7397.779760837555,-0.0,
23259,7398.067659378052,-0.0,
23260,7398.353192090988,-0.0,
23261,7398.641690969467,-0.013413242,
23262,7398.930265188217,-0.0,
23263,7399.219654083252,-0.0,
23264,7399.506207704544,-0.0,
23265,7399.793554782867,-0.0,
23266,7400.080745458603,-0.0,
23267,7400.369242429733,-0.0,
23268,7400.658516168594,-0.0,
23269,7400.946928024292,-3.016429e-11,
23270,7401.234778404236,-0.0,
23271,7401.522261619568,-0.0,
23272,7401.810314178467,-0.0,
23273,7402.0996861457825,-0.0,
23274,7402.388286828995,-0.0,
23275,7402.6743721961975,-0.0,
23276,7403.73633146286,-0.0,
23277,7404.023106098175,-0.0,
23278,7404.306506872177,-0.0,
23279,7404.591621875763,-0.0,
23280,7404.877069234848,-0.0,
23281,7405.163099765778,-0.0,
23282,7405.450391769409,-0.0,
23283,7405.735412597656,-0.0,
23284,7406.022114515305,-0.0,
23285,7406.308370113373,-0.0,
23286,7406.593908786774,-0.0,
23287,7406.882511138916,-0.0,
23288,7407.167850255966,-0.0,
23289,7407.455865859985,-0.0,
23290,7407.741356611252,-0.0,
23291,7408.02773308754,-0.0,
23292,7408.314115047455,-0.0,
23293,7408.600506782532,-0.0,
23294,7408.8891134262085,-0.0,
23295,7409.175048351288,-0.0,
23296,7409.462768793106,-0.0,
23297,7409.748448610306,-0.0,
23298,7410.035236597061,-0.0,
23299,7410.3267340660095,-0.0,
23300,7410.786289215088,-0.0,
23301,7411.880252361298,-0.0,
23302,7412.168177366257,-0.0,
23303,7412.457689523697,-0.0,
23304,7412.747418880463,-0.0,
23305,7413.036403656006,-0.0,
23306,7413.326050758362,-0.0,
23307,7413.6135885715485,-0.0,
23308,7413.904556751251,-0.0,
23309,7414.192118883133,-0.0,
23310,7414.482152700424,-0.0,
23311,7414.768220901489,-0.0,
23312,7415.0568878650665,-0.0,
23313,7415.34695982933,-0.0,
23314,7415.6347324848175,-0.0,
23315,7415.925552845001,-0.0,
23316,7416.2138414382935,-0.0,
23317,7416.502260684967,-0.0,
23318,7416.7917149066925,-0.0057786326,
23319,7417.079423666,-0.0,
23320,7417.369032859802,-2.6076772e-09,
23321,7417.656094789505,-0.0,
23322,7417.944628715515,-0.0,
23323,7418.2347049713135,-0.0,
23324,7418.525881052017,-0.0,
23325,7418.812581062317,-0.0,
23326,7420.008623838425,-0.0,
23327,7420.2957174777985,-0.0,
23328,7420.584604978561,-0.0,
23329,7420.874616861343,-0.0,
23330,7421.163635969162,-0.0,
23331,7421.453325271606,-0.0,
23332,7421.743537425995,-0.0,
23333,7422.032507419586,-0.0,
23334,7422.325475692749,-0.0,
23335,7422.61464548111,-0.0,
23336,7422.9047746658325,-0.0,
23337,7423.192873239517,-2.9054158e-08,
23338,7423.483145236969,-0.0,
23339,7423.772983074188,-0.0,
23340,7424.062675952911,-0.0,
23341,7424.35232925415,-0.0,
23342,7424.6454339027405,-0.0,
23343,7424.935108184814,-0.0,
23344,7425.228393793106,-0.0,
23345,7425.518187761307,-0.0,
23346,7425.809024333954,-0.0,
23347,7426.096581220627,-0.0,
23348,7426.386133670807,-0.0,
23349,7426.674300193787,-0.0,
23350,7426.958736181259,-0.0,
23351,7427.983767986298,-0.0,
23352,7428.2701144218445,-0.0,
23353,7428.5623254776,-0.0,
23354,7428.84889960289,-0.0,
23355,7429.138354063034,-0.0,
23356,7429.425545692444,-0.0,
23357,7429.713842391968,-0.0,
23358,7430.005099058151,-0.0,
23359,7430.29456281662,-0.0,
23360,7430.584757804871,-0.0,
23361,7430.872825860977,-0.0,
23362,7431.161813259125,-0.0,
23363,7431.451244831085,-0.0,
23364,7431.740511417389,-0.0,
23365,7432.030436754227,-0.0,
23366,7432.3192348480225,-0.0,
23367,7432.608015298843,-0.0,
23368,7432.898741483688,-0.0,
23369,7433.186433553696,-0.0,
23370,7433.476852655411,-0.0,
23371,7433.764128684998,-0.0,
23372,7434.053965806961,-0.0,
23373,7434.3434591293335,-0.0,
23374,7434.631794929504,-0.0,
23375,7434.917874097824,-0.0,
23376,7435.989372253418,-0.0,
23377,7436.279981851578,-0.0,
23378,7436.567312955856,-0.0,
23379,7436.857636928558,-0.0,
23380,7437.145281553268,-0.0,
23381,7437.433715343475,-0.0,
23382,7437.722726106644,-0.0,
23383,7438.011425971985,-0.0,
23384,7438.301852226257,-0.0,
23385,7438.588715791702,-0.0,
23386,7438.876838445663,-0.0,
23387,7439.165129899979,-0.0,
23388,7439.45338511467,-0.0,
23389,7439.740455150604,-0.0,
23390,7440.029295682907,-0.0,
23391,7440.318595647812,-0.0,
23392,7440.608458995819,-0.0,
23393,7440.898272752762,-0.0,
23394,7441.185552120209,-0.016636899,
23395,7441.477867603302,-0.0,
23396,7441.765253305435,-0.0,
23397,7442.05739068985,-0.004804708,
23398,7442.345064640045,-0.0,
23399,7442.635296821594,-0.0,
23400,7443.093323707581,-0.0,
23401,7444.175704240799,-0.0,
23402,7444.461208820343,-0.0,
23403,7444.7500512599945,-0.0,
23404,7445.036779642105,-0.0,
23405,7445.324005365372,-0.0,
23406,7445.615745067596,-0.0,
23407,7445.903798341751,-0.0,
23408,7446.194466352463,-0.0,
23409,7446.481475353241,-0.0,
23410,7446.770065307617,-0.0,
23411,7447.059367895126,-0.0,
23412,7447.347099065781,-0.0,
23413,7447.63870882988,-0.0,
23414,7447.924973726273,-0.0,
23415,7448.215567350388,-0.0,
23416,7448.503988027573,-0.0,
23417,7448.794210195541,-0.0,
23418,7449.084673881531,-0.0,
23419,7449.373288154602,-0.0,
23420,7449.662367582321,-0.0,
23421,7449.951545238495,-0.0,
23422,7450.237930297852,-0.0,
23423,7450.528316736221,-0.0,
23424,7450.81619811058,-0.0,
23425,7451.102099180222,-0.0,
23426,7452.266206026077,-0.0,
23427,7452.555124044418,-0.0,
23428,7452.8423891067505,-0.0,
23429,7453.13233089447,-0.0,
23430,7453.419277429581,-0.0,
23431,7453.706933498383,-0.0,
23432,7453.99675154686,-0.0,
23433,7454.284073829651,-0.0,
23434,7454.57422542572,-0.0,
23435,7454.859963417053,-0.0,
23436,7455.149433374405,-0.0,
23437,7455.4375603199005,-0.0,
23438,7455.724606752396,-0.0,
23439,7456.015761852264,-0.0,
23440,7456.302961349487,-0.0,
23441,7456.591597318649,-0.0,
23442,7456.878454446793,-0.0,
23443,7457.166477918625,-0.0,
23444,7457.457260608673,-0.0,
23445,7457.745101928711,-0.0,
23446,7458.034674882889,-0.0,
23447,7458.320649385452,-0.0,
23448,7458.609098911285,-0.0,
23449,7458.897102594376,-0.0,
23450,7459.181157112122,-0.0,
23451,7460.334045886993,-0.0,
23452,7460.618582248688,-0.0,
23453,7460.909685611725,-0.008720689,
23454,7461.195564031601,-0.0,
23455,7461.481823682785,-0.0,
23456,7461.769368171692,-0.0,
23457,7462.0544538497925,-0.0,
23458,7462.341188669205,-0.0,
23459,7462.627024412155,-0.0,
23460,7462.914876937866,-0.011638568,
23461,7463.199321508408,-0.0,
23462,7463.488117694855,-0.0,
23463,7463.774678945541,-0.0,
23464,7464.060310125351,-0.0,
23465,7464.350423812866,-0.0,
23466,7464.635999917984,-0.0,
23467,7464.923877716064,-0.0,
23468,7465.20977306366,-0.0,
23469,7465.495694160461,-0.0,
23470,7465.784140110016,-0.0,
23471,7466.06955575943,-0.0,
23472,7466.356626033783,-0.016319264,
23473,7466.643534183502,-0.0038473264,
23474,7466.92910695076,-0.0,
23475,7467.212938308716,-0.0,
23476,7468.350890636444,-0.0,
23477,7468.639029979706,-0.0,
23478,7468.928426980972,-0.0,
23479,7469.218565225601,-0.0,
23480,7469.507909536362,-0.0,
23481,7469.796352624893,-0.0,
23482,7470.086945295334,-0.0,
23483,7470.374428272247,-0.0,
23484,7470.665011644363,-0.0,
23485,7470.95037484169,-0.0,
23486,7471.237215995789,-0.0,
23487,7471.52502322197,-0.0,
23488,7471.810605049133,-0.0,
23489,7472.098650217056,-0.0,
23490,7472.386538743973,-0.0,
23491,7472.674052238464,-0.0,
23492,7472.960991382599,-0.0,
23493,7473.247976541519,-0.0,
23494,7473.53582406044,-0.0,
23495,7473.823844671249,-0.0,
23496,7474.113214969635,-0.0,
23497,7474.397245883942,-0.0,
23498,7474.686453104019,-0.0,
23499,7474.972851514816,-0.0,
23500,7475.429081201553,-0.0,
23501,7476.642414808273,-0.0,
23502,7476.930192947388,-0.0,
23503,7477.218366622925,-0.0,
23504,7477.508314371109,-0.0,
23505,7477.795034646988,-0.0007292641,
23506,7478.083887577057,-0.0,
23507,7478.370951890945,-0.0,
23508,7478.657253742218,-0.0,
23509,7478.946362733841,-0.0,
23510,7479.23371052742,-0.0,
23511,7479.524185180664,-0.0,
23512,7479.813412904739,-0.0,
23513,7480.099180698395,-0.0,
23514,7480.387902498245,-0.0,
23515,7480.672890424728,-0.0,
23516,7480.961131572723,-0.0,
23517,7481.247665882111,-0.0,
23518,7481.534578084946,-0.0,
23519,7481.825191736221,-0.0,
23520,7482.111573457718,-0.0,
23521,7482.398588418961,-0.0,
23522,7482.685513973236,-0.0,
23523,7482.97137594223,-0.0,
23524,7483.260266304016,-0.0,
23525,7483.543066263199,-0.0,
23526,7484.532715559006,-0.0,
23527,7484.81857585907,-0.0,
23528,7485.104546070099,-0.0,
23529,7485.391799926758,-0.0,
23530,7485.677889823914,-0.0,
23531,7485.96416592598,-0.0,
23532,7486.25208735466,-0.0,
23533,7486.539434671402,-0.0,
23534,7486.826354265213,-0.0,
23535,7487.113080024719,-0.0,
23536,7487.399966001511,-0.0,
23537,7487.688738584518,-0.012240554,
23538,7487.975528717041,-1.2315003e-10,
23539,7488.263834476471,-0.0,
23540,7488.548218727112,-0.0,
23541,7488.832996606827,-0.0,
23542,7489.120740890503,-0.0,
23543,7489.404670953751,-0.010635525,
23544,7489.69019985199,-0.0,
23545,7489.975559949875,-0.0,
23546,7490.260365247726,-0.0,
23547,7490.5470633506775,-0.0,
23548,7490.832152605057,-0.0,
23549,7491.120349884033,-0.0,
23550,7491.399981975555,-0.0,
23551,7492.403171539307,-0.0,
23552,7492.687863588333,-0.0,
23553,7492.973608255386,-3.053516e-11,
23554,7493.260694980621,-0.0,
23555,7493.54470038414,-0.0,
23556,7493.829705715179,-0.0,
23557,7494.115125417709,-0.0,
23558,7494.399760246277,-0.0,
23559,7494.685972929001,-0.0,
23560,7494.970327377319,-0.0,
23561,7495.25790143013,-0.0,
23562,7495.541659355164,-0.0,
23563,7495.826145887375,-0.0,
23564,7496.113548278809,-0.0,
23565,7496.399029970169,-0.0,
23566,7496.685708522797,-0.0,
23567,7496.969478368759,-0.0,
23568,7497.255522966385,-0.0,
23569,7497.540504217148,-0.0,
23570,7497.824593305588,-0.0,
23571,7498.111768484116,-0.0,
23572,7498.39616060257,-0.0,
23573,7498.6807544231415,-0.0,
23574,7498.965568065643,-0.0,
23575,7499.246966838837,-0.0,
23576,7500.225961446762,-0.0,
23577,7500.509274959564,-0.0,
23578,7500.797627449036,-0.0,
23579,7501.082267045975,-0.0,
23580,7501.365196943283,-0.0,
23581,7501.651574134827,-0.0,
23582,7501.9364693164825,-0.0,
23583,7502.221418142319,-0.0,
23584,7502.505437612534,-0.0,
23585,7502.789834022522,-0.0,
23586,7503.077360391617,-0.0,
23587,7503.3615708351135,-0.0,
23588,7503.648435115814,-0.0,
23589,7503.932744979858,-0.0,
23590,7504.217602968216,-0.0,
23591,7504.503379106522,-0.0,
23592,7504.7871725559235,-0.0,
23593,7505.0743951797485,-0.0,
23594,7505.358239412308,-0.0,
23595,7505.6422164440155,-0.0,
23596,7505.928836345673,-0.0,
23597,7506.213253974915,-0.0,
23598,7506.4995374679565,-0.0,
23599,7506.782525777817,-0.0,
23600,7507.237869501114,-0.0,
23601,7508.212244987488,-0.0,
23602,7508.496463775635,-0.0,
23603,7508.780665636063,-0.0,
23604,7509.064948320389,-0.0,
23605,7509.350476741791,-0.0,
23606,7509.635900259018,-0.0,
23607,7509.920597791672,-0.0,
23608,7510.206836700439,-0.0,
23609,7510.493392705917,-0.0,
23610,7510.779299020767,-0.0,
23611,7511.066064834595,-0.0,
23612,7511.351733446121,-0.0,
23613,7511.639983654022,-0.0,
23614,7511.9235236644745,-0.0,
23615,7512.2109978199005,-0.0,
23616,7512.4964435100555,-0.0,
23617,7512.782263994217,-0.0,
23618,7513.070616006851,-0.0,
23619,7513.355525016785,-0.0,
23620,7513.641991138458,-0.0,
23621,7513.928022623062,-0.0,
23622,7514.213723182678,-0.0,
23623,7514.500764846802,-0.0,
23624,7514.785314321518,-0.0,
23625,7515.070115566254,-0.0,
23626,7516.122816562653,-0.0,
23627,7516.405399799347,-0.0,
23628,7516.692302703857,-0.0,
23629,7516.97650718689,-0.0,
23630,7517.262854814529,-0.0,
23631,7517.549105882645,-0.0,
23632,7517.835162639618,-0.0,
23633,7518.119695186615,-0.0,
23634,7518.405038118362,-0.0,
23635,7518.692711353302,-0.0,
23636,7518.978343248367,-0.0,
23637,7519.265506267548,-0.0,
23638,7519.550482273102,-0.0,
23639,7519.83541727066,-0.0,
23640,7520.121721744537,-0.0,
23641,7520.407285451889,-0.0,
23642,7520.694904327393,-0.0,
23643,7520.980379343033,-0.0,
23644,7521.266202449799,-0.0,
23645,7521.552575349808,-0.0,
23646,7521.837915420532,-0.0,
23647,7522.125465869904,-0.0,
23648,7522.411815643311,-0.0,
23649,7522.697578668594,-0.0,
23650,7522.978672504425,-0.0,
23651,7523.9440240859985,-0.0,
23652,7524.231961965561,-0.0,
23653,7524.516464710236,-0.0,
23654,7524.804443359375,-0.0,
23655,7525.090091228485,-0.0,
23656,7525.375604152679,-0.0,
23657,7525.663170099258,-0.0,
23658,7525.950337171555,-0.0,
23659,7526.239581108093,-0.0,
23660,7526.525225639343,-0.0,
23661,7526.810277938843,-0.0,
23662,7527.097048521042,-0.0,
23663,7527.383412599564,-0.0,
23664,7527.6720814704895,-0.0,
23665,7527.95811009407,-0.008868654,
23666,7528.246156454086,-0.0,
23667,7528.531452417374,-0.0,
23668,7528.816979885101,-0.0,
23669,7529.106482505798,-0.0,
23670,7529.392077207565,-0.011431225,
23671,7529.679167509079,-0.0,
23672,7529.966255426407,-0.0,
23673,7530.251229763031,-0.0,
23674,7530.538516521454,-0.0,
23675,7530.820816278458,-0.0,
23676,7531.98680639267,-0.0,
23677,7532.272451162338,-0.0,
23678,7532.559935331345,-0.0,
23679,7532.849024057388,-0.0,
23680,7533.135519981384,-0.0,
23681,7533.425474882126,-0.0,
23682,7533.711811065674,-0.0,
23683,7533.999956846237,-0.0,
23684,7534.288065195084,-0.0,
23685,7534.575034856796,-0.0,
23686,7534.8650023937225,-0.0,
23687,7535.1515436172485,-0.0,
23688,7535.437334537506,-0.0,
23689,7535.723228693008,-0.0,
23690,7536.008456468582,-0.0,
23691,7536.295873880386,-0.0,
23692,7536.582968473434,-0.0,
23693,7536.871898174286,-0.0,
23694,7537.155388355255,-0.0,
23695,7537.442367315292,-0.0,
23696,7537.728662729263,-0.0,
23697,7538.014234781265,-0.0,
23698,7538.302088737488,-0.0,
23699,7538.587545871735,-0.0,
23700,7539.0432205200195,-0.0,
23701,7540.142708301544,-0.0,
23702,7540.428963422775,-0.0,
23703,7540.714469194412,-0.0,
23704,7541.003427743912,-0.0,
23705,7541.287912368774,-0.0,
23706,7541.571994304657,-0.0,
23707,7541.858880519867,-0.0,
23708,7542.144565582275,-0.0,
23709,7542.429929018021,-0.0,
23710,7542.713259935379,-0.0,
23711,7542.998029232025,-0.0,
23712,7543.285566329956,-0.0,
23713,7543.570429801941,-0.0,
23714,7543.856557846069,-0.011332531,
23715,7544.142236471176,-0.0,
23716,7544.426972389221,-0.0,
23717,7544.712828874588,-0.0,
23718,7544.998073577881,-0.0,
23719,7545.2866768836975,-0.0,
23720,7545.569890499115,-0.0,
23721,7545.855210781097,-0.0,
23722,7546.141673564911,-0.0,
23723,7546.426021575928,-0.0,
23724,7546.713101863861,-0.0,
23725,7546.995226144791,-0.0,
23726,7548.1917634010315,-0.0,
23727,7548.474587678909,-0.0,
23728,7548.761789083481,-0.0,
23729,7549.043056488037,-0.0,
23730,7549.326275587082,-0.0,
23731,7549.608960866928,-0.0,
23732,7549.8906490802765,-0.0,
23733,7550.175849199295,-0.0,
23734,7550.459646463394,-0.0,
23735,7550.743543624878,-0.0,
23736,7551.025396823883,-0.0,
23737,7551.308700084686,-0.0,
23738,7551.592943191528,-0.0,
23739,7551.877323627472,-0.0,
23740,7552.162558317184,-0.0,
23741,7552.444566726685,-0.0,
23742,7552.728830099106,-0.0,
23743,7553.0161056518555,-0.0,
23744,7553.301980018616,-0.0,
23745,7553.588504076004,-0.0,
23746,7553.871581077576,-0.0,
23747,7554.155813217163,-0.0,
23748,7554.440586566925,-0.0,
23749,7554.722879886627,-0.0,
23750,7555.004019498825,-0.0,
23751,7556.189654350281,-0.0,
23752,7556.472167730331,-0.0,
23753,7556.759053945541,-0.0,
23754,7557.043235778809,-0.0,
23755,7557.327214479446,-0.0,
23756,7557.609553575516,-0.0,
23757,7557.893223524094,-0.0,
23758,7558.178996801376,-0.0,
23759,7558.461192846298,-0.0,
23760,7558.746094226837,-0.0,
23761,7559.028786420822,-0.0,
23762,7559.312223434448,-0.0,
23763,7559.598340511322,-0.0,
23764,7559.880742073059,-0.0,
23765,7560.165474891663,-0.0,
23766,7560.449266433716,-0.0,
23767,7560.733726739883,-0.0,
23768,7561.018412351608,-0.0,
23769,7561.300800085068,-0.0,
23770,7561.586035728455,-0.0,
23771,7561.86664557457,-0.0,
23772,7562.150798082352,-0.0,
23773,7562.4363560676575,-0.0,
23774,7562.718982934952,-0.0,
23775,7563.00165271759,-0.0,
23776,7564.03092956543,-0.0,
23777,7564.316779613495,-0.0,
23778,7564.600734233856,-0.0,
23779,7564.885583400726,-0.0,
23780,7565.17392706871,-0.0,
23781,7565.457946062088,-0.0,
23782,7565.743613243103,-0.0,
23783,7566.026070594788,-0.0,
23784,7566.311493873596,-0.0,
23785,7566.597879648209,-0.0,
23786,7566.882224321365,-0.0,
23787,7567.168186187744,-0.0,
23788,7567.453026771545,-0.0,
23789,7567.737710237503,-0.0024980516,
23790,7568.021928548813,-0.0,
23791,7568.305526018143,-0.0,
23792,7568.592669963837,-0.0,
23793,7568.877926111221,-0.0,
23794,7569.163920402527,-0.0,
23795,7569.44927072525,-0.0,
23796,7569.7352175712585,-0.0,
23797,7570.021677017212,-0.0,
23798,7570.305176496506,-0.00903269,
23799,7570.5928606987,-0.0,
23800,7571.045430183411,-0.0,
23801,7572.113349437714,-0.0,
23802,7572.3959176540375,-0.0,
23803,7572.6834192276,-0.0011201936,
23804,7572.969082593918,-0.0,
23805,7573.256357192993,-0.0,
23806,7573.543092489243,-0.0,
23807,7573.829607248306,-0.0,
23808,7574.118372678757,-0.0,
23809,7574.403047800064,-0.0,
23810,7574.690065145493,-0.014741288,
23811,7574.976810216904,-0.014873338,
23812,7575.2620232105255,-0.0,
23813,7575.550422430038,-0.0,
23814,7575.836545705795,-0.0,
23815,7576.1227684021,-0.0,
23816,7576.409294843674,-0.0,
23817,7576.69366979599,-0.0,
23818,7576.9795072078705,-0.0,
23819,7577.262480020523,-0.0,
23820,7577.549224853516,-0.0,
23821,7577.8337161540985,-0.0,
23822,7578.117110967636,-0.0,
23823,7578.402481555939,-0.0,
23824,7578.686992645264,-0.0,
23825,7578.969772338867,-0.0,
23826,7580.000970840454,-0.0,
23827,7580.284349679947,-0.0,
23828,7580.571422815323,-0.0,
23829,7580.856500148773,-0.0,
23830,7581.140800476074,-0.0,
23831,7581.425697803497,-0.0,
23832,7581.71063375473,-0.0,
23833,7581.993993997574,-0.0,
23834,7582.279808282852,-0.0,
23835,7582.564710617065,-0.0,
23836,7582.851096391678,-0.0,
23837,7583.13433098793,-0.0,
23838,7583.419060707092,-0.0,
23839,7583.706017255783,-0.0,
23840,7583.991270303726,-0.0,
23841,7584.277318239212,-0.0,
23842,7584.560921430588,-0.0,
23843,7584.846417665482,-0.0,
23844,7585.133099079132,-0.0,
23845,7585.418282985687,-0.0,
23846,7585.704603433609,-0.0,
23847,7585.989880800247,-0.0,
23848,7586.274027585983,-0.0,
23849,7586.559740304947,-0.0,
23850,7586.841578960419,-0.0,
23851,7587.936206817627,-0.0,
23852,7588.219311714172,-0.0,
23853,7588.506880044937,-0.0,
23854,7588.789784669876,-0.0,
23855,7589.072820186615,-0.0,
23856,7589.358471870422,-0.0,
23857,7589.643507003784,-0.0,
23858,7589.929946422577,-0.0,
23859,7590.210885047913,-0.0,
23860,7590.496103525162,-0.0,
23861,7590.780426502228,-0.0,
23862,7591.0659346580505,-0.0,
23863,7591.352250337601,-0.0,
23864,7591.635490894318,-0.0,
23865,7591.919230937958,-0.0,
23866,7592.2052574157715,-0.0,
23867,7592.489092826843,-0.0,
23868,7592.775755882263,-0.0,
23869,7593.0589191913605,-1.01205515e-08,
23870,7593.345024347305,-0.0,
23871,7593.629671573639,-0.0,
23872,7593.914280653,-0.0,
23873,7594.2001893520355,-0.0,
23874,7594.485279560089,-0.0,
23875,7594.767240524292,-0.0,
23876,7595.862310409546,-0.0,
23877,7596.148415565491,-0.0,
23878,7596.430568933487,-0.0,
23879,7596.714736700058,-0.0,
23880,7597.000560998917,-0.0,
23881,7597.285511732101,-0.0,
23882,7597.570797920227,-0.0,
23883,7597.854984521866,-0.0,
23884,7598.140324831009,-0.0,
23885,7598.427897691727,-0.0,
23886,7598.712775230408,-0.0,
23887,7598.999499082565,-0.0,
23888,7599.282996892929,-0.0,
23889,7599.56908082962,-0.0,
23890,7599.854079008102,-0.0,
23891,7600.138401508331,-0.0,
23892,7600.426669359207,-0.0,
23893,7600.710404157639,-0.0,
23894,7600.996369600296,-0.0,
23895,7601.281455516815,-0.0,
23896,7601.56615281105,-0.0,
23897,7601.851992607117,-0.0,
23898,7602.136074304581,-0.0,
23899,7602.42289352417,-0.0,
23900,7602.876010417938,-0.0,
23901,7603.927545547485,-0.0,
23902,7604.211809396744,-0.0,
23903,7604.494137763977,-0.0,
23904,7604.7781574726105,-0.0,
23905,7605.065323352814,-0.0,
23906,7605.3485379219055,-0.0,
23907,7605.634550333023,-0.0,
23908,7605.916729927063,-0.0,
23909,7606.202198982239,-0.0,
23910,7606.486286878586,-0.0,
23911,7606.77003121376,-0.0,
23912,7607.055810213089,-0.0,
23913,7607.340407848358,-0.0,
23914,7607.625483989716,-0.0,
23915,7607.909620285034,-0.0,
23916,7608.1935477256775,-0.0,
23917,7608.480401515961,-0.0,
23918,7608.764800310135,-0.0,
23919,7609.049400568008,-7.298507e-10,
23920,7609.332540512085,-0.0,
23921,7609.617688894272,-0.0,
23922,7609.9043798446655,-0.0,
23923,7610.189304828644,-0.0,
23924,7610.474710702896,-0.0,
23925,7610.754803419113,-0.0,
23926,7611.887418270111,-0.0,
23927,7612.1676371097565,-0.0,
23928,7612.452002286911,-0.0,
23929,7612.7365918159485,-0.0,
23930,7613.021163702011,-0.0,
23931,7613.306773662567,-0.0,
23932,7613.591135978699,-0.0,
23933,7613.874981164932,-0.0,
23934,7614.160878896713,-0.0,
23935,7614.444438934326,-0.0,
23936,7614.731135129929,-0.0,
23937,7615.017155647278,-0.0,
23938,7615.30379652977,-0.0,
23939,7615.591990470886,-0.0,
23940,7615.875994920731,-0.013607919,
23941,7616.162916183472,-0.0,
23942,7616.446013212204,-0.0,
23943,7616.728801488876,-0.0,
23944,7617.014727592468,-0.0,
23945,7617.299923419952,-0.0,
23946,7617.584769487381,-0.0,
23947,7617.868057012558,-0.0,
23948,7618.15181183815,-0.0,
23949,7618.439050197601,-0.0,
23950,7618.718181371689,-0.0,
23951,7619.825457334518,-0.0,
23952,7620.10680437088,-0.0,
23953,7620.392402648926,-0.0,
23954,7620.677547216415,-0.0,
23955,7620.961813926697,-0.0,
23956,7621.247275590897,-0.0,
23957,7621.531600475311,-0.0,
23958,7621.819743394852,-0.0,
23959,7622.1012840271,-0.0,
23960,7622.387933969498,-0.0,
23961,7622.673554897308,-0.0,
23962,7622.958699941635,-0.0,
23963,7623.24464058876,-0.0,
23964,7623.52828335762,-0.0,
23965,7623.812926292419,-0.0,
23966,7624.098288536072,-0.0,
23967,7624.382449865341,-0.0,
23968,7624.668583869934,-0.0,
23969,7624.953697681427,-0.0,
23970,7625.240204334259,-0.0,
23971,7625.522833347321,-0.0,
23972,7625.807013750076,-0.0,
23973,7626.091192245483,-0.01341375,
23974,7626.376303195953,-0.0,
23975,7626.655761957169,-0.0,
23976,7627.704658269882,-0.0,
23977,7627.986710071564,-0.0,
23978,7628.269869327545,-0.0,
23979,7628.556883811951,-0.0,
23980,7628.8389592170715,-0.0,
23981,7629.124119281769,-0.0,
23982,7629.407546043396,-0.0,
23983,7629.692280292511,-0.0,
23984,7629.977476596832,-0.0,
23985,7630.260941505432,-0.0,
23986,7630.547615766525,-0.0,
23987,7630.831235170364,-0.0,
23988,7631.116087436676,-0.0,
23989,7631.400111675262,-0.0,
23990,7631.683705806732,-0.0,
23991,7631.970329999924,-0.0,
23992,7632.255444049835,-0.0,
23993,7632.538379669189,-0.0,
23994,7632.822546005249,-0.0,
23995,7633.105324983597,-0.0,
23996,7633.391439437866,-0.0,
23997,7633.676153659821,-0.0,
23998,7633.960637331009,-0.0,
23999,7634.244068622589,-0.0,
24000,7634.698333263397,-0.0,
24001,7635.8435933589935,-0.0,
24002,7636.128521442413,-0.0,
24003,7636.412230491638,-0.0,
24004,7636.696553230286,-0.0,
24005,7636.981205463409,-0.0,
24006,7637.26403427124,-0.0,
24007,7637.551092147827,-0.0,
24008,7637.835792303085,-0.0,
24009,7638.11932849884,-0.0,
24010,7638.402498006821,-0.0,
24011,7638.685719490051,-0.0,
24012,7638.973162174225,-0.0,
24013,7639.256203174591,-0.0,
24014,7639.542022943497,-0.0,
24015,7639.8250160217285,-0.002342555,
24016,7640.109038352966,-0.0,
24017,7640.395451545715,-0.0,
24018,7640.679710626602,-0.0,
24019,7640.964821338654,-0.0,
24020,7641.249010801315,-0.0,
24021,7641.53352689743,-0.0,
24022,7641.818340778351,-0.0,
24023,7642.102255582809,-0.0,
24024,7642.39001250267,-0.0,
24025,7642.668906450272,-0.0,
24026,7643.7416932582855,-0.0,
24027,7644.024014949799,-0.0,
24028,7644.306978225708,-0.0,
24029,7644.592027187347,-0.0,
24030,7644.873069763184,-0.0,
24031,7645.157993078232,-0.0,
24032,7645.439834833145,-0.0,
24033,7645.721878767014,-0.0,
24034,7646.006421327591,-0.018629901,
24035,7646.289331436157,-0.0,
24036,7646.574192523956,-0.0,
24037,7646.855747699738,-0.0,
24038,7647.139893054962,-0.0,
24039,7647.423815250397,-0.0,
24040,7647.7073884010315,-0.0,
24041,7647.993684053421,-0.0,
24042,7648.276378393173,-0.0,
24043,7648.559687614441,-2.2964437e-05,
24044,7648.843956708908,-0.0,
24045,7649.128482580185,-0.0,
24046,7649.412140846252,-0.0,
24047,7649.695825099945,-0.0,
24048,7649.979027032852,-0.0,
24049,7650.264031410217,-0.0,
24050,7650.541975975037,-0.0,
24051,7651.698286533356,-0.0,
24052,7651.978111028671,-0.0,
24053,7652.260720014572,-0.0,
24054,7652.545662164688,-0.0,
24055,7652.82831287384,-0.0,
24056,7653.111861228943,-0.0,
24057,7653.394048690796,-0.0,
24058,7653.676936388016,-0.0,
24059,7653.960681438446,-0.0,
24060,7654.24455165863,-0.0,
24061,7654.530700206757,-0.0,
24062,7654.812262058258,-0.0,
24063,7655.095875501633,-0.0030648105,
24064,7655.380180835724,-0.0,
24065,7655.664067745209,-0.0,
24066,7655.950284719467,-0.0,
24067,7656.231143712997,-0.0,
24068,7656.514773607254,-0.0,
24069,7656.797495603561,-0.0,
24070,7657.080241680145,-0.0,
24071,7657.366582393646,-0.0,
24072,7657.649399280548,-0.0,
24073,7657.932032585144,-0.0,
24074,7658.2148406505585,-0.0,
24075,7658.4929077625275,-0.0,
24076,7659.6816329956055,-0.0,
24077,7659.964217662811,-0.0,
24078,7660.247728347778,-0.0,
24079,7660.529373168945,-0.0,
24080,7660.814496517181,-0.0,
24081,7661.09574842453,-0.0,
24082,7661.379306554794,-0.0,
24083,7661.664456605911,-0.0,
24084,7661.9469165802,-0.0,
24085,7662.23131275177,-0.0,
24086,7662.512713432312,-0.0,
24087,7662.795415401459,-0.0,
24088,7663.080267429352,-0.0,
24089,7663.363677978516,-0.0,
24090,7663.648841619492,-0.0,
24091,7663.931354045868,-0.0,
24092,7664.214279651642,-0.0,
24093,7664.49785733223,-0.0,
24094,7664.78120136261,-0.0,
24095,7665.0677754879,-0.0,
24096,7665.351348400116,-0.0,
24097,7665.635720014572,-0.0,
24098,7665.919604539871,-0.0,
24099,7666.203063726425,-0.0,
24100,7666.65486741066,-0.0,
24101,7667.716947793961,-0.0,
24102,7667.998436689377,-0.0,
24103,7668.283252954483,-0.0,
24104,7668.566436767578,-0.0022506067,
24105,7668.8496680259705,-0.0,
24106,7669.134264230728,-0.0,
24107,7669.418633699417,-0.0,
24108,7669.704102516174,-0.0,
24109,7669.988448858261,-0.0,
24110,7670.272168636322,-0.0,
24111,7670.558692932129,-0.0,
24112,7670.841933488846,-0.0,
24113,7671.126430511475,-0.0,
24114,7671.4110696315765,-0.0,
24115,7671.694662332535,-0.013031375,
24116,7671.980057954788,-0.0,
24117,7672.263578891754,-0.0,
24118,7672.545902967453,-0.0,
24119,7672.829927682877,-0.0,
24120,7673.11333489418,-0.0,
24121,7673.397458791733,-0.0,
24122,7673.682817935944,-0.0,
24123,7673.96649312973,-0.0,
24124,7674.250996589661,-0.0,
24125,7674.53081035614,-0.0,
24126,7675.645947217941,-0.0,
24127,7675.928125619888,-0.0,
24128,7676.2131469249725,-0.0,
24129,7676.4972059726715,-0.0,
24130,7676.783785104752,-0.0,
24131,7677.068363428116,-0.0,
24132,7677.3527019023895,-0.0,
24133,7677.640092611313,-0.0,
24134,7677.923633575439,-0.0,
24135,7678.210274934769,-0.0,
24136,7678.495412111282,-0.0,
24137,7678.783678531647,-0.0,
24138,7679.07048034668,-0.0,
24139,7679.35676908493,-0.0,
24140,7679.6443428993225,-0.0,
24141,7679.927577495575,-0.0,
24142,7680.212359189987,-0.0,
24143,7680.4970915317535,-0.0,
24144,7680.781139373779,-0.0,
24145,7681.067951202393,-0.0,
24146,7681.351429700851,-0.0,
24147,7681.637080907822,-0.0,
24148,7681.921676635742,-0.0,
24149,7682.207119703293,-0.0,
24150,7682.489569425583,-0.0,
24151,7683.5589854717255,-0.0,
24152,7683.842825889587,-0.0,
24153,7684.12441110611,-0.0,
24154,7684.40653014183,-0.0,
24155,7684.690510511398,-0.0,
24156,7684.974219083786,-0.0,
24157,7685.26155090332,-0.0,
24158,7685.543923377991,-0.0,
24159,7685.827221393585,-0.0,
24160,7686.113423585892,-0.0,
24161,7686.3974051475525,-0.0,
24162,7686.682309389114,-0.0,
24163,7686.966033935547,-6.0035527e-10,
24164,7687.250414609909,-0.0,
24165,7687.534179925919,-0.0,
24166,7687.818577051163,-0.0,
24167,7688.104741096497,-0.0,
24168,7688.387252807617,-0.0,
24169,7688.671468496323,-0.0,
24170,7688.956338405609,-0.0,
24171,7689.240152359009,-0.0,
24172,7689.525867462158,-0.0,
24173,7689.808518886566,-0.0,
24174,7690.093892812729,-0.0,
24175,7690.373458147049,-0.0,
24176,7691.395179510117,-0.0,
24177,7691.678656101227,-0.0,
24178,7691.962713241577,-0.0,
24179,7692.249516963959,-0.0,
24180,7692.532473325729,-0.0,
24181,7692.817408323288,-0.0,
24182,7693.101978302002,-0.0,
24183,7693.386407613754,-0.0,
24184,7693.673540830612,-0.0,
24185,7693.958562374115,-0.0,
24186,7694.242997646332,-0.0,
24187,7694.526245832443,-0.0,
24188,7694.812330245972,-0.0,
24189,7695.099904298782,-0.0,
24190,7695.384373188019,-0.0,
24191,7695.670373439789,-0.0,
24192,7695.955429553986,-0.0,
24193,7696.2383248806,-0.0,
24194,7696.523290157318,-0.0,
24195,7696.806733846664,-0.0,
24196,7697.091631889343,-0.0,
24197,7697.376273393631,-0.0,
24198,7697.658850908279,-0.0,
24199,7697.942595481873,-0.0,
24200,7698.394330263138,-0.0,
24201,7699.412681102753,-0.0,
24202,7699.696542739868,-0.0,
24203,7699.980427503586,-0.0,
24204,7700.266358375549,-0.0,
24205,7700.5492622852325,-0.0,
24206,7700.8362691402435,-0.0,
24207,7701.121297121048,-0.0,
24208,7701.405067205429,-0.0,
24209,7701.692618846893,-5.0179085e-07,
24210,7701.976064443588,-0.0,
24211,7702.260818719864,-0.0,
24212,7702.5448269844055,-0.0,
24213,7702.830389499664,-0.0,
24214,7703.1167232990265,-0.0,
24215,7703.400935411453,-0.0,
24216,7703.685857534409,-0.0,
24217,7703.971918106079,-0.0,
24218,7704.256723642349,-0.0,
24219,7704.542570590973,-0.0,
24220,7704.8282198905945,-0.0,
24221,7705.115347862244,-0.0,
24222,7705.400031089783,-0.0,
24223,7705.68396115303,-0.0,
24224,7705.972437620163,-0.0,
24225,7706.252835273743,-0.0,
24226,7707.369139909744,-0.0,
24227,7707.650162696838,-0.0,
24228,7707.934978961945,-0.0,
24229,7708.218648672104,-0.0,
24230,7708.502490282059,-0.0,
24231,7708.789149284363,-0.0,
24232,7709.072854042053,-0.0,
24233,7709.358119487762,-0.0,
24234,7709.639976024628,-0.0,
24235,7709.92476773262,-0.0,
24236,7710.210768938065,-0.0,
24237,7710.493937492371,-0.0,
24238,7710.780195951462,-0.0,
24239,7711.063907623291,-0.0,
24240,7711.349244356155,-0.0,
24241,7711.632780790329,-0.0,
24242,7711.916575908661,-0.0,
24243,7712.202810525894,-0.0,
24244,7712.4870619773865,-0.016009293,
24245,7712.772990703583,-0.0,
24246,7713.057408571243,-0.0,
24247,7713.341063499451,-0.0016885776,
24248,7713.628268480301,-0.0,
24249,7713.911847352982,-0.0,
24250,7714.193991661072,-0.0,
24251,7715.340391159058,-0.0,
24252,7715.622715473175,-5.3459516e-06,
24253,7715.904715061188,-0.0,
24254,7716.18940615654,-0.0,
24255,7716.47195649147,-0.0,
24256,7716.7557163238525,-0.0,
24257,7717.040477752686,-0.0,
24258,7717.3248109817505,-0.0,
24259,7717.6091566085815,-0.0,
24260,7717.8908751010895,-0.0,
24261,7718.174117326736,-0.0,
24262,7718.4592916965485,-0.0,
24263,7718.744168043137,-0.0,
24264,7719.028749227524,-0.0,
24265,7719.310450792313,-0.0,
24266,7719.592788696289,-0.0,
24267,7719.877179384232,-0.0,
24268,7720.159519910812,-0.0,
24269,7720.444704055786,-0.0,
24270,7720.728447437286,-0.0,
24271,7721.011629581451,-0.0,
24272,7721.294960975647,-0.0,
24273,7721.578113555908,-0.0,
24274,7721.860973358154,-0.0,
24275,7722.144721984863,-0.0,
24276,7723.2454743385315,-0.0,
24277,7723.529879808426,-0.0,
24278,7723.812100410461,-0.0,
24279,7724.094307184219,-0.008843544,
24280,7724.379050731659,-0.0,
24281,7724.663907766342,-0.015873019,
24282,7724.949341535568,-0.0,
24283,7725.233261585236,-0.0,
24284,7725.516076803207,-0.004701703,
24285,7725.802036046982,-0.0,
24286,7726.08634519577,-0.0,
24287,7726.371613502502,-0.0,
24288,7726.653660535812,-0.0,
24289,7726.937538146973,-0.0,
24290,7727.222900629044,-0.0,
24291,7727.506804943085,-0.0,
24292,7727.792793273926,-0.0,
24293,7728.075300455093,-0.0,
24294,7728.360241651535,-0.0,
24295,7728.6465175151825,-0.0,
24296,7728.929760456085,-0.0,
24297,7729.2158806324005,-0.0,
24298,7729.5009179115295,-0.0,
24299,7729.78746342659,-0.0,
24300,7730.23867893219,-0.0,
24301,7731.359454870224,-0.0,
24302,7731.641969680786,-0.0,
24303,7731.928710222244,-0.0,
24304,7732.211428165436,-0.0,
24305,7732.496241807938,-0.0,
24306,7732.782070636749,-0.0,
24307,7733.065197467804,-0.0,
24308,7733.351935386658,-0.0,
24309,7733.6360120773315,-0.0,
24310,7733.922548294067,-0.0,
24311,7734.208557128906,-0.0,
24312,7734.494316339493,-0.0,
24313,7734.783137798309,-0.0,
24314,7735.067954540253,-0.0,
24315,7735.353905200958,-0.0,
24316,7735.639534711838,-0.0,
24317,7735.925563335419,-0.0,
24318,7736.21294260025,-0.0,
24319,7736.499493360519,-0.0,
24320,7736.786890268326,-0.0,
24321,7737.07137298584,-0.0,
24322,7737.357658624649,-0.0,
24323,7737.644565582275,-0.0,
24324,7737.930335998535,-0.0,
24325,7738.214819908142,-0.0,
24326,7739.236431598663,-0.0,
24327,7739.520566225052,-0.0,
24328,7739.8055856227875,-0.0,
24329,7740.0903062820435,-0.0,
24330,7740.377223730087,-0.0,
24331,7740.661518573761,-0.0,
24332,7740.946444988251,-0.0,
24333,7741.230251789093,-0.0,
24334,7741.516041517258,-0.0,
24335,7741.80380654335,-0.0,
24336,7742.088156700134,-0.0,
24337,7742.372807741165,-0.0,
24338,7742.65886926651,-0.0,
24339,7742.942859888077,-0.0,
24340,7743.228600263596,-0.0,
24341,7743.512650966644,-0.0,
24342,7743.79802274704,-0.0,
24343,7744.082505464554,-0.0,
24344,7744.365605831146,-0.0,
24345,7744.65087223053,-0.0,
24346,7744.936721086502,-0.0,
24347,7745.222558021545,-0.0046541602,
24348,7745.509311437607,-0.0,
24349,7745.794212818146,-0.0,
24350,7746.077707767487,-0.0,
24351,7747.121166706085,-0.0,
24352,7747.405118703842,-0.0,
24353,7747.693296432495,-0.0,
24354,7747.981179475784,-0.0,
24355,7748.267666339874,-0.0,
24356,7748.553324699402,-0.0,
24357,7748.841281175613,-0.0,
24358,7749.128571033478,-0.0,
24359,7749.416012048721,-0.0,
24360,7749.703862428665,-0.0,
24361,7749.990560054779,-0.0,
24362,7750.280294418335,-0.0,
24363,7750.568740129471,-0.0,
24364,7750.85654759407,-0.0,
24365,7751.146285772324,-0.0,
24366,7751.435796499252,-0.0,
24367,7751.726103544235,-0.0,
24368,7752.013555526733,-0.0,
24369,7752.301086425781,-0.0,
24370,7752.589798212051,-0.0,
24371,7752.87695813179,-0.0028900972,
24372,7753.163115501404,-0.0,
24373,7753.451918363571,-0.0,
24374,7753.739577770233,-0.0,
24375,7754.024352073669,-0.0,
24376,7755.214872837067,-0.0,
24377,7755.499744415283,-0.0,
24378,7755.784947156906,-0.0,
24379,7756.070650577545,-0.0,
24380,7756.356918334961,-0.0063874424,
24381,7756.640632152557,-0.0,
24382,7756.9269115924835,-0.0,
24383,7757.212514162064,-0.0,
24384,7757.500200510025,-0.0,
24385,7757.785648107529,-0.0,
24386,7758.070347547531,-0.0,
24387,7758.358333349228,-0.0,
24388,7758.644665002823,-0.0,
24389,7758.932693481445,-0.0,
24390,7759.217795610428,-0.0,
24391,7759.503294467926,-0.0,
24392,7759.788785457611,-0.0,
24393,7760.074694633484,-0.0,
24394,7760.361115694046,-0.0,
24395,7760.645184516907,-0.0,
24396,7760.930605649948,-0.0,
24397,7761.2178564071655,-0.0,
24398,7761.503596544266,-0.0,
24399,7761.791031360626,-0.0,
24400,7762.242299079895,-0.0,
24401,7763.296375751495,-0.0,
24402,7763.577587366104,-0.0,
24403,7763.863741397858,-0.0,
24404,7764.1468064785,-0.0,
24405,7764.432718038559,-0.0,
24406,7764.718633890152,-0.0,
24407,7765.0035128593445,-0.0,
24408,7765.2898478508,-0.0,
24409,7765.575389146805,-0.0,
24410,7765.859787464142,-0.0,
24411,7766.144694328308,-0.0,
24412,7766.430015087128,-0.0,
24413,7766.718605518341,-0.0,
24414,7767.001333475113,-0.0,
24415,7767.286445140839,-0.0,
24416,7767.571127414703,-0.0,
24417,7767.855283021927,-0.0,
24418,7768.138665437698,-0.0,
24419,7768.42503285408,-0.0,
24420,7768.7109632492065,-0.0,
24421,7768.996840715408,-0.0,
24422,7769.280940055847,-0.0,
24423,7769.563931465149,-0.0,
24424,7769.852625608444,-0.0,
24425,7770.133726835251,-0.0,
24426,7771.315128087997,-0.0,
24427,7771.598229408264,-0.0,
24428,7771.883696556091,-0.001644132,
24429,7772.168522596359,-0.0,
24430,7772.453351736069,-0.0,
24431,7772.737190246582,-0.0,
24432,7773.0211482048035,-0.0,
24433,7773.307335615158,-0.0,
24434,7773.592608213425,-0.0,
24435,7773.87705039978,-0.0,
24436,7774.161778688431,-0.0,
24437,7774.446331501007,-0.0,
24438,7774.733436346054,-0.0,
24439,7775.018989562988,-0.0,
24440,7775.303566932678,-0.0,
24441,7775.5874807834625,-0.0,
24442,7775.8726353645325,-0.0,
24443,7776.158352851868,-0.0,
24444,7776.442722558975,-0.0,
24445,7776.729420185089,-0.0,
24446,7777.013734817505,-0.0,
24447,7777.298812150955,-0.0,
24448,7777.583763599396,-0.0,
24449,7777.869303703308,-0.0,
24450,7778.151953935623,-0.0,
24451,7779.198533535004,-0.0,
24452,7779.482787847519,-0.0,
24453,7779.767701148987,-0.0,
24454,7780.053053855896,-0.0,
24455,7780.338628768921,-0.0,
24456,7780.623603105545,-0.0,
24457,7780.90953207016,-0.0,
24458,7781.192760229111,-0.0,
24459,7781.476887702942,-0.0,
24460,7781.763739824295,-0.0,
24461,7782.049636602402,-0.0,
24462,7782.3353662490845,-0.0,
24463,7782.619904518127,-0.0,
24464,7782.905102014542,-0.0,
24465,7783.192036151886,-0.0,
24466,7783.477205038071,-0.0066098897,
24467,7783.762885093689,-0.0,
24468,7784.047007799149,-0.0,
24469,7784.332725763321,-0.0,
24470,7784.617938280106,-0.0,
24471,7784.902882575989,-0.0,
24472,7785.191836118698,-0.0,
24473,7785.477464914322,-0.0,
24474,7785.762342453003,-0.0,
24475,7786.044407367706,-0.0,
24476,7787.092997074127,-0.0,
24477,7787.376960277557,-0.0,
24478,7787.662575244904,-0.0,
24479,7787.95075917244,-0.0,
24480,7788.23403096199,-0.0,
24481,7788.5188155174255,-0.0,
24482,7788.806268692017,-0.0,
24483,7789.090636968613,-0.0,
24484,7789.3778393268585,-0.0,
24485,7789.661699295044,-0.0,
24486,7789.949666500092,-0.0,
24487,7790.233727693558,-0.0,
24488,7790.518558979034,-0.0,
24489,7790.8056099414825,-0.0,
24490,7791.090452432632,-0.0,
24491,7791.374388694763,-0.0,
24492,7791.659422636032,-0.0,
24493,7791.946190357208,-0.0,
24494,7792.229501962662,-0.0,
24495,7792.514799833298,-0.0,
24496,7792.799889326096,-0.0,
24497,7793.086790084839,-0.0,
24498,7793.370860338211,-0.0,
24499,7793.655839443207,-1.7773102e-05,
24500,7794.110086679459,-0.0,
24501,7795.185482263565,-0.0,
24502,7795.466447591782,-0.0,
24503,7795.74933552742,-0.0,
24504,7796.0340349674225,-0.0,
24505,7796.318648099899,-0.0,
24506,7796.604988336563,-0.0,
24507,7796.887277603149,-0.0,
24508,7797.171302318573,-0.0,
24509,7797.456563949585,-0.0,
24510,7797.741811037064,-0.0,
24511,7798.027865409851,-0.0,
24512,7798.310972929001,-0.0,
24513,7798.595826148987,-0.0,
24514,7798.880883932114,-0.0,
24515,7799.165477275848,-0.0,
24516,7799.451531171799,-0.0,
24517,7799.734628915787,-0.0,
24518,7800.019577026367,-0.0,
24519,7800.305733919144,-0.0,
24520,7800.590507984161,-0.0,
24521,7800.875732183456,-0.0,
24522,7801.160105705261,-0.0,
24523,7801.445310354233,-0.0,
24524,7801.729603767395,-0.0,
24525,7802.009816169739,-0.0,
24526,7803.015766859055,-0.0,
24527,7803.2959406375885,-0.0,
24528,7803.581967830658,-0.0,
24529,7803.864228725433,-0.0,
24530,7804.147566318512,-0.0,
24531,7804.43456029892,-0.0,
24532,7804.716209411621,-0.0,
24533,7805.001714706421,-0.0,
24534,7805.284454345703,-0.0,
24535,7805.567142486572,-0.0,
24536,7805.8529851436615,-0.0,
24537,7806.135229587555,-0.0,
24538,7806.4200937747955,-0.0,
24539,7806.703572273254,-0.0,
24540,7806.986366987228,-0.0,
24541,7807.272664546967,-0.0,
24542,7807.55500292778,-0.0,
24543,7807.841017961502,-0.0,
24544,7808.12543129921,-0.0,
24545,7808.408780097961,-0.0,
24546,7808.694309949875,-0.0,
24547,7808.978116035461,-0.0,
24548,7809.262461423874,-0.0,
24549,7809.546379804611,-0.0,
24550,7809.825929880142,-0.0,
24551,7810.890515565872,-0.0,
24552,7811.173563241959,-0.0,
24553,7811.4611485004425,-0.0,
24554,7811.744070291519,-0.0,
24555,7812.029557228088,-0.0,
24556,7812.315310955048,-0.006730142,
24557,7812.600703239441,-0.0,
24558,7812.887200832367,-0.0,
24559,7813.17050743103,-0.0,
24560,7813.45844745636,-0.0,
24561,7813.744131326675,-0.0,
24562,7814.02960395813,-0.0,
24563,7814.318506479263,-0.0,
24564,7814.60303902626,-0.0,
24565,7814.888590335846,-0.0,
24566,7815.176599264145,-0.0,
24567,7815.460660934448,-0.0,
24568,7815.747535705566,-0.0,
24569,7816.033684492111,-0.0,
24570,7816.320192337036,-0.0,
24571,7816.607663631439,-0.0,
24572,7816.8930015563965,-0.0,
24573,7817.180459499359,-0.0,
24574,7817.466042518616,-0.0,
24575,7817.747121334076,-0.0,
24576,7818.854270219803,-0.0,
24577,7819.13821554184,-0.0,
24578,7819.423624038696,-0.0,
24579,7819.708058834076,-0.0,
24580,7819.994377374649,-0.0,
24581,7820.279652118683,-0.0,
24582,7820.564969778061,-0.0,
24583,7820.850501298904,-0.0,
24584,7821.135590314865,-0.0,
24585,7821.422505378723,-0.0,
24586,7821.707012653351,-0.0,
24587,7821.992352485657,-0.0,
24588,7822.2795531749725,-0.0,
24589,7822.563935756683,-0.0,
24590,7822.850568056107,-0.0,
24591,7823.135601758957,-0.0,
24592,7823.420783042908,-0.0,
24593,7823.706505060196,-0.0,
24594,7823.992312669754,-0.0,
24595,7824.28028512001,-0.0,
24596,7824.56414103508,-0.0,
24597,7824.850322961807,-0.0,
24598,7825.1364912986755,-0.0,
24599,7825.420730113983,-0.0,
24600,7825.875621318817,-0.0,
24601,7827.040564775467,-0.0,
24602,7827.323659896851,-0.0,
24603,7827.607730150223,-0.0,
24604,7827.8953766822815,-0.0,
24605,7828.177533864975,-0.0,
24606,7828.463028430939,-0.0,
24607,7828.746721506119,-0.0,
24608,7829.031044006348,-0.0,
24609,7829.3165974617,-0.0,
24610,7829.60086274147,-0.0,
24611,7829.885995149612,-0.0,
24612,7830.170652389526,-0.0,
24613,7830.455392837524,-0.0,
24614,7830.741201400757,-0.0,
24615,7831.024776220322,-0.0,
24616,7831.312885522842,-0.0,
24617,7831.594712257385,-0.0,
24618,7831.878485441208,-0.0,
24619,7832.16424202919,-0.0,
24620,7832.448779821396,-0.0,
24621,7832.73793888092,-0.0,
24622,7833.0218188762665,-0.0,
24623,7833.307000637054,-0.0,
24624,7833.593178033829,-0.0,
24625,7833.873801469803,-0.0,
24626,7834.93785572052,-0.0,
24627,7835.220458030701,-0.0,
24628,7835.504749536514,-0.0,
24629,7835.789848089218,-0.0,
24630,7836.074510097504,-0.0,
24631,7836.360294342041,-0.0,
24632,7836.644062995911,-0.0,
24633,7836.931252479553,-0.0,
24634,7837.215206861496,-0.0,
24635,7837.499121427536,-0.0,
24636,7837.784464359283,-0.0,
24637,7838.068856239319,-0.0,
24638,7838.353797912598,-0.0,
24639,7838.638083934784,-0.0,
24640,7838.921306848526,-0.0,
24641,7839.207652568817,-0.0,
24642,7839.492147922516,-0.0,
24643,7839.776887655258,-0.0,
24644,7840.064261674881,-0.0,
24645,7840.348108530045,-0.0,
24646,7840.634348392487,-0.0,
24647,7840.918523788452,-0.0,
24648,7841.203323602676,-0.0,
24649,7841.492216825485,-0.0,
24650,7841.773379087448,-0.0,
24651,7842.934633970261,-0.0,
24652,7843.216842412949,-0.0,
24653,7843.500518798828,-0.0,
24654,7843.784600496292,-0.0,
24655,7844.069402694702,-0.0,
24656,7844.3537838459015,-0.0,
24657,7844.637105703354,-0.0,
24658,7844.9215841293335,-0.0,
24659,7845.205599308014,-0.0,
24660,7845.489580869675,-0.0,
24661,7845.774570465088,-0.0,
24662,7846.059321165085,-0.0,
24663,7846.3442466259,-0.0,
24664,7846.629120111465,-0.0,
24665,7846.913301944733,-2.340075e-08,
24666,7847.197741508484,-0.0,
24667,7847.482368469238,-0.0,
24668,7847.769119501114,-0.0,
24669,7848.051964759827,-0.0,
24670,7848.335935115814,-0.0,
24671,7848.621517658234,-0.0,
24672,7848.906644821167,-0.0,
24673,7849.192251205444,-0.0,
24674,7849.476557254791,-0.0,
24675,7849.758697986603,-0.0,
24676,7850.831904888153,-0.0,
24677,7851.116648674011,-0.0,
24678,7851.405121564865,-0.0,
24679,7851.691750049591,-0.0,
24680,7851.978720664978,-0.0,
24681,7852.265994787216,-0.0,
24682,7852.550696611404,-0.0,
24683,7852.837713718414,-0.0,
24684,7853.124850034714,-0.0,
24685,7853.412814378738,-0.0,
24686,7853.69792675972,-0.0,
24687,7853.985198020935,-0.0,
24688,7854.272206068039,-0.0,
24689,7854.557170391083,-0.0,
24690,7854.845694303513,-0.0,
24691,7855.131849050522,-0.0,
24692,7855.417486667633,-0.0,
24693,7855.705225944519,-0.0,
24694,7855.990592718124,-0.0,
24695,7856.278633356094,-0.0,
24696,7856.56386423111,-0.0,
24697,7856.851142406464,-0.0,
24698,7857.136996507645,-4.9008007e-09,
24699,7857.424199581146,-0.0,
24700,7857.877049922943,-0.0,
24701,7858.9794681072235,-0.0,
24702,7859.263117313385,-0.0,
24703,7859.548396110535,-0.0,
24704,7859.834151029587,-0.014520624,
24705,7860.119057416916,-0.0,
24706,7860.406198501587,-0.0,
24707,7860.690241575241,-0.0,
24708,7860.974777698517,-0.0,
24709,7861.262401580811,-0.0,
24710,7861.548343658447,-0.0,
24711,7861.833877563477,-0.0,
24712,7862.118352890015,-0.0,
24713,7862.405853033066,-0.0,
24714,7862.68959069252,-0.0,
24715,7862.977594137192,-0.0,
24716,7863.26190662384,-0.0,
24717,7863.548076629639,-0.0,
24718,7863.833695888519,-0.0,
24719,7864.119708776474,-0.0,
24720,7864.407184123993,-0.0,
24721,7864.692832708359,-0.0,
24722,7864.979679584503,-0.0,
24723,7865.2659740448,-0.0,
24724,7865.5512137413025,-0.0,
24725,7865.83457493782,-0.0,
24726,7866.870274782181,-0.0,
24727,7867.15450835228,-0.0,
24728,7867.438089132309,-0.0,
24729,7867.724456548691,-0.0,
24730,7868.007922887802,-0.0,
24731,7868.291879892349,-0.0,
24732,7868.579598903656,-0.0,
24733,7868.8652403354645,-0.0,
24734,7869.150156021118,-0.0,
24735,7869.4352440834045,-0.0,
24736,7869.720716953278,-0.0,
24737,7870.00733089447,-0.0,
24738,7870.291498661041,-0.0,
24739,7870.578214406967,-0.0,
24740,7870.863471984863,-0.0,
24741,7871.148297071457,-0.0,
24742,7871.435392618179,-0.0,
24743,7871.722455263138,-0.0,
24744,7872.008600234985,-0.0,
24745,7872.293475389481,-0.0,
24746,7872.580329179764,-0.0,
24747,7872.86643743515,-0.0,
24748,7873.151343822479,-0.0,
24749,7873.439505338669,-0.0,
24750,7873.720732688904,-0.0,
24751,7874.863598585129,-0.0,
24752,7875.142903327942,-0.0,
24753,7875.42844581604,-0.0,
24754,7875.712622880936,-0.0,
24755,7875.9979112148285,-0.0,
24756,7876.2832572460175,-0.0,
24757,7876.567929506302,-0.0,
24758,7876.8521201610565,-0.0,
24759,7877.136882781982,-0.0,
24760,7877.421890735626,-0.0,
24761,7877.707758188248,-0.0,
24762,7877.991726636887,-0.0,
24763,7878.278355360031,-0.0,
24764,7878.562137365341,-0.0,
24765,7878.845928668976,-0.0,
24766,7879.131769895554,-0.0,
24767,7879.4162611961365,-0.0,
24768,7879.702312469482,-0.0,
24769,7879.985994577408,-0.0,
24770,7880.269827127457,-0.0,
24771,7880.556346654892,-0.0,
24772,7880.840245246887,-0.0,
24773,7881.1273827552795,-0.0,
24774,7881.4097735881805,-0.0,
24775,7881.693206310272,-0.0,
24776,7882.752733707428,-0.0,
24777,7883.036767482758,-0.0,
24778,7883.321412801743,-0.0,
24779,7883.605198144913,-0.0,
24780,7883.890779733658,-0.0,
24781,7884.174542427063,-0.0,
24782,7884.459970474243,-0.0,
24783,7884.743318080902,-0.0,
24784,7885.026663780212,-0.0,
24785,7885.310511827469,-0.0,
24786,7885.593558311462,-0.0,
24787,7885.877705812454,-0.0,
24788,7886.160940647125,-0.0,
24789,7886.445536375046,-0.0,
24790,7886.729551076889,-0.0,
24791,7887.016127824783,-0.0,
24792,7887.298993110657,-0.0,
24793,7887.585123300552,-0.0,
24794,7887.868815898895,-0.0,
24795,7888.1544008255005,-0.0,
24796,7888.440873622894,-0.0,
24797,7888.726427316666,-0.0,
24798,7889.013377189636,-0.0,
24799,7889.297282934189,-0.0,
24800,7889.751575469971,-0.0,
24801,7890.791047096252,-0.0,
24802,7891.07634139061,-0.0,
24803,7891.359201908112,-0.0,
24804,7891.644184589386,-0.0,
24805,7891.928276062012,-0.0,
24806,7892.211564064026,-0.0,
24807,7892.498650550842,-0.014684639,
24808,7892.780528783798,-0.0,
24809,7893.06503868103,-0.0,
24810,7893.349901914597,-0.0,
24811,7893.63325548172,-0.0,
24812,7893.92054605484,-0.0,
24813,7894.202615737915,-0.0,
24814,7894.48733997345,-0.0,
24815,7894.77242565155,-0.0,
24816,7895.055042028427,-0.0,
24817,7895.3407480716705,-0.0,
24818,7895.624168872833,-0.0,
24819,7895.9083297252655,-0.0,
24820,7896.193313598633,-0.0,
24821,7896.476517438889,-0.0,
24822,7896.762321233749,-0.0,
24823,7897.045365333557,-0.0,
24824,7897.33019900322,-0.0,
24825,7897.610135555267,-0.0,
24826,7898.6966145038605,-0.0,
24827,7898.9775104522705,-0.0,
24828,7899.260553359985,-0.0,
24829,7899.5441789627075,-0.0,
24830,7899.828206777573,-0.0,
24831,7900.1126363277435,-0.0,
24832,7900.394132137299,-0.0,
24833,7900.67632484436,-0.0,
24834,7900.959711790085,-0.0,
24835,7901.2421770095825,-0.0,
24836,7901.528408527374,-0.0,
24837,7901.811400651932,-0.0,
24838,7902.093660831451,-0.0,
24839,7902.3787615299225,-0.013136199,
24840,7902.66142988205,-0.0,
24841,7902.9462769031525,-0.0,
24842,7903.229350090027,-0.0,
24843,7903.513315439224,-0.0,
24844,7903.796016216278,-0.0,
24845,7904.07951426506,-0.0,
24846,7904.364490270615,-0.0,
24847,7904.647464513779,-0.0,
24848,7904.933250665665,-0.0,
24849,7905.216047525406,-0.0,
24850,7905.495431900024,-0.0,
24851,7906.507848501205,-0.0,
24852,7906.78914809227,-0.0,
24853,7907.073023080826,-0.0,
24854,7907.3556571006775,-0.0,
24855,7907.638751029968,-0.0,
24856,7907.923865556717,-0.0,
24857,7908.206911563873,-0.0,
24858,7908.491790294647,-0.0,
24859,7908.775739192963,-0.0,
24860,7909.05847454071,-0.0,
24861,7909.341341972351,-0.0,
24862,7909.627290010452,-0.0,
24863,7909.911180496216,-0.0,
24864,7910.195792675018,-0.0,
24865,7910.478978872299,-0.0,
24866,7910.763820409775,-0.0,
24867,7911.051385641098,-0.0,
24868,7911.33630156517,-0.0,
24869,7911.624325037003,-0.0,
24870,7911.910394191742,-0.0,
24871,7912.192839622498,-0.0,
24872,7912.476998329163,-0.0,
24873,7912.759694576263,-0.0,
24874,7913.046099901199,-0.0,
24875,7913.325834274292,-0.0,
24876,7914.460561037064,-0.0,
24877,7914.74432349205,-0.0,
24878,7915.029661655426,-0.0,
24879,7915.313740491867,-0.0,
24880,7915.596379995346,-0.0,
24881,7915.882058143616,-0.0,
24882,7916.166192293167,-0.0,
24883,7916.451023101807,-0.0,
24884,7916.734823703766,-0.0,
24885,7917.01775431633,-0.0,
24886,7917.304843664169,-0.0,
24887,7917.588540315628,-0.0,
24888,7917.873284101486,-0.0,
24889,7918.156124830246,-0.0,
24890,7918.44041800499,-0.0,
24891,7918.728549480438,-0.0,
24892,7919.01168179512,-5.722216e-06,
24893,7919.2991580963135,-0.0,
24894,7919.582490205765,-0.0,
24895,7919.867902517319,-0.0,
24896,7920.151132583618,-0.0,
24897,7920.434970378876,-0.0,
24898,7920.721631288528,-0.0,
24899,7921.006238698959,-0.0,
24900,7921.456558942795,-0.0,
24901,7922.476882219315,-0.007869044,
24902,7922.760543346405,-0.0,
24903,7923.041451692581,-0.0,
24904,7923.323308467865,-0.0,
24905,7923.606129407883,-0.0,
24906,7923.887296676636,-0.0,
24907,7924.172763586044,-0.0,
24908,7924.452259778976,-0.0,
24909,7924.734969139099,-0.0,
24910,7925.018797636032,-0.0,
24911,7925.301271438599,-0.0,
24912,7925.58646273613,-0.0,
24913,7925.867835044861,-0.0,
24914,7926.150517702103,-0.0,
24915,7926.432388305664,-0.0,
24916,7926.713748216629,-5.033662e-09,
24917,7926.9987552165985,-0.0,
24918,7927.281859874725,-0.0,
24919,7927.565497875214,-0.0,
24920,7927.8464205265045,-0.0,
24921,7928.129120826721,-0.0,
24922,7928.413340330124,-0.0,
24923,7928.6960237026215,-0.0,
24924,7928.981891870499,-0.0,
24925,7929.260547637939,-0.0,
24926,7930.504012584686,-0.0,
24927,7930.7849333286285,-0.0,
24928,7931.069614887238,-0.0,
24929,7931.35231924057,-0.0,
24930,7931.634932279587,-0.0,
24931,7931.919401407242,-0.0,
24932,7932.203513383865,-0.0,
24933,7932.485944986343,-0.0,
24934,7932.771929264069,-0.0,
24935,7933.0535407066345,-0.0,
24936,7933.339778423309,-0.0,
24937,7933.623518228531,-0.0,
24938,7933.907253265381,-0.0,
24939,7934.193661212921,-0.0,
24940,7934.478805303574,-0.0,
24941,7934.764642715454,-0.0,
24942,7935.048842668533,-0.0,
24943,7935.33281826973,-0.0,
24944,7935.620087862015,-0.0,
24945,7935.903938531876,-0.0,
24946,7936.189641714096,-0.0,
24947,7936.474263191223,-0.0,
24948,7936.761190891266,-0.0,
24949,7937.0461547374725,-0.0,
24950,7937.326179742813,-0.0,
24951,7938.433831691742,-0.0,
24952,7938.716460227966,-0.0,
24953,7939.001788139343,-0.0,
24954,7939.28414773941,-0.0,
24955,7939.5682072639465,-0.0,
24956,7939.853399276733,-0.0,
24957,7940.138562202454,-0.0,
24958,7940.426145076752,-0.0,
24959,7940.709767341614,-0.0,
24960,7940.994837284088,-0.0,
24961,7941.28126335144,-0.0,
24962,7941.56461763382,-0.0,
24963,7941.850612640381,-0.0,
24964,7942.135719060898,-0.0,
24965,7942.421461582184,-0.0,
24966,7942.704947948456,-0.0,
24967,7942.988374710083,-0.0,
24968,7943.275198221207,-0.0,
24969,7943.560781240463,-0.0,
24970,7943.846543312073,-0.0,
24971,7944.130239725113,-0.0,
24972,7944.415436506271,-0.0,
24973,7944.7018530368805,-0.0,
24974,7944.986804485321,-0.0,
24975,7945.2688245773315,-0.0,
24976,7946.30309009552,-0.0,
24977,7946.585870027542,-0.0,
24978,7946.870228290558,-0.0,
24979,7947.154839038849,-1.9302022e-11,
24980,7947.439937591553,-0.0,
24981,7947.722215890884,-1.565248e-11,
24982,7948.006349802017,-0.0,
24983,7948.290979862213,-0.0,
24984,7948.576040267944,-0.0,
24985,7948.862540245056,-0.0,
24986,7949.146766662598,-0.0,
24987,7949.432367563248,-0.0,
24988,7949.716938257217,-0.0044635586,
24989,7949.999763011932,-0.0,
24990,7950.286028385162,-0.0,
24991,7950.5709064006805,-0.0,
24992,7950.857622385025,-0.0,
24993,7951.141127824783,-0.0,
24994,7951.4248831272125,-0.0,
24995,7951.710653781891,-0.0,
24996,7951.995746135712,-0.0,
24997,7952.282696247101,-0.0,
24998,7952.565719366074,-0.0,
24999,7952.8513860702515,-0.0,
25000,7953.306179285049,-0.0,
25001,7954.423884630203,-0.0,
25002,7954.705434322357,-0.0,
25003,7954.9909336566925,-0.0,
25004,7955.2755789756775,-0.0,
25005,7955.55789065361,-0.0,
25006,7955.842475891113,-0.0,
25007,7956.1250212192535,-5.28702e-06,
25008,7956.41185259819,-0.0,
25009,7956.696779727936,-0.0,
25010,7956.9821174144745,-0.0,
25011,7957.26513004303,-0.0,
25012,7957.549505472183,-0.0,
25013,7957.836533784866,-0.0,
25014,7958.1205098629,-0.0,
25015,7958.406270265579,-0.0,
25016,7958.690276622772,-0.0,
25017,7958.975422143936,-0.0,
25018,7959.260862827301,-0.0,
25019,7959.545108556747,-0.0,
25020,7959.834269285202,-0.0,
25021,7960.1177546978,-0.0,
25022,7960.402117967606,-0.0,
25023,7960.686582326889,-0.0,
25024,7960.971952199936,-0.0,
25025,7961.254817485809,-0.0,
25026,7962.368062019348,-0.0,
25027,7962.65284538269,-0.0,
25028,7962.935391902924,-0.0,
25029,7963.220925331116,-0.0,
25030,7963.5034556388855,-0.0,
25031,7963.786510229111,-0.0,
25032,7964.073937416077,-0.0,
25033,7964.356933355331,-0.0,
25034,7964.642619132996,-0.0,
25035,7964.925530433655,-0.0,
25036,7965.209933996201,-0.0,
25037,7965.494886636734,-0.0,
25038,7965.7790241241455,-0.0,
25039,7966.065979957581,-0.0,
25040,7966.348475694656,-0.0,
25041,7966.634648799896,-0.0,
25042,7966.91912317276,-0.0,
25043,7967.202805757523,-0.0,
25044,7967.489658355713,-0.0,
25045,7967.773869514465,-0.0,
25046,7968.0585725307465,-0.0,
25047,7968.341508865356,-0.0,
25048,7968.6260278224945,-0.0,
25049,7968.913661241531,-0.0,
25050,7969.194360494614,-0.0,
25051,7970.343379497528,-0.0,
25052,7970.626962423325,-0.0,
25053,7970.915033817291,-0.0,
25054,7971.198566675186,-0.0,
25055,7971.48406291008,-0.0,
25056,7971.770911931992,-0.0,
25057,7972.054704666138,-0.0,
25058,7972.342098712921,-0.0,
25059,7972.6273946762085,-0.0,
25060,7972.9143533706665,-0.0,
25061,7973.199328422546,-0.0,
25062,7973.486348867416,-0.0,
25063,7973.773957014084,-0.0,
25064,7974.062883853912,-0.0,
25065,7974.351969242096,-0.0,
25066,7974.638699769974,-0.0,
25067,7974.924620628357,-0.0,
25068,7975.212453365326,-0.0,
25069,7975.498236656189,-0.0,
25070,7975.786422967911,-0.0,
25071,7976.071754217148,-0.0,
25072,7976.357749223709,-0.0,
25073,7976.64529967308,-0.0,
25074,7976.931054830551,-0.0,
25075,7977.215405225754,-0.0,
25076,7978.362560749054,-0.0,
25077,7978.644536733627,-0.0,
25078,7978.931494474411,-0.0,
25079,7979.215620279312,-0.0,
25080,7979.499394416809,-0.0,
25081,7979.783217191696,-0.0,
25082,7980.067203998566,-0.0,
25083,7980.352936267853,-0.0,
25084,7980.636470317841,-0.0,
25085,7980.922189712524,-0.0,
25086,7981.207195997238,-0.0,
25087,7981.492789506912,-0.0,
25088,7981.779282808304,-0.0,
25089,7982.063665866852,-0.0,
25090,7982.348030328751,-0.0,
25091,7982.630260229111,-0.0,
25092,7982.914286136627,-0.0,
25093,7983.199532747269,-0.0,
25094,7983.483474969864,-0.0,
25095,7983.769406318665,-0.0,
25096,7984.052323102951,-0.0,
25097,7984.335661649704,-0.0,
25098,7984.6215143203735,-0.0,
25099,7984.906635761261,-0.0,
25100,7985.358706951141,-0.0,
25101,7986.364424943924,-0.0,
25102,7986.6475558280945,-0.0,
25103,7986.930562496185,-0.0,
25104,7987.2146692276,-0.0,
25105,7987.496813058853,-0.0,
25106,7987.780780792236,-0.0,
25107,7988.068482637405,-0.0,
25108,7988.350818634033,-0.0,
25109,7988.635671615601,-0.0,
25110,7988.919142484665,-0.0,
25111,7989.2040140628815,-0.0,
25112,7989.487941741943,-0.0,
25113,7989.772428512573,-0.0,
25114,7990.0582501888275,-0.0,
25115,7990.340847015381,-0.0,
25116,7990.626585006714,-0.0,
25117,7990.910384893417,-0.0,
25118,7991.194212436676,-0.0,
25119,7991.480747938156,-0.0,
25120,7991.765454530716,-0.0,
25121,7992.049540042877,-0.0,
25122,7992.332518577576,-0.0,
25123,7992.616279125214,-0.0,
25124,7992.902963399887,-0.0,
25125,7993.183046102524,-0.0,
25126,7994.217800617218,-0.0,
25127,7994.498176574707,-0.0,
25128,7994.783137798309,-0.0,
25129,7995.06568479538,-0.0,
25130,7995.349756240845,-0.0,
25131,7995.635111093521,-0.0,
25132,7995.919586658478,-0.0,
25133,7996.205198049545,-0.0,
25134,7996.4878532886505,-0.0,
25135,7996.771669387817,-0.0,
25136,7997.058779478073,-0.0,
25137,7997.343622922897,-0.0,
25138,7997.627961397171,-0.0,
25139,7997.910830497742,-0.0,
25140,7998.195053100586,-0.0128586115,
25141,7998.481778144836,-0.0,
25142,7998.764807939529,-0.0,
25143,7999.0507044792175,-0.0,
25144,7999.334088087082,-0.0,
25145,7999.62002491951,-0.0,
25146,7999.904417276382,-0.0,
25147,8000.188977956772,-0.0,
25148,8000.473098278046,-0.0,
25149,8000.75736284256,-0.0,
25150,8001.037885427475,-0.0,
25151,8002.082005023956,-0.0,
25152,8002.36379981041,-0.0,
25153,8002.647103309631,-0.0,
25154,8002.932990789413,-0.0,
25155,8003.2175924777985,-0.0,
25156,8003.5027759075165,-0.0,
25157,8003.7875826358795,-0.0,
25158,8004.071192026138,-0.0,
25159,8004.358164072037,-0.0,
25160,8004.64241194725,-0.0,
25161,8004.928433418274,-0.0,
25162,8005.212063789368,-0.0,
25163,8005.495979547501,-0.0,
25164,8005.782765626907,-0.0,
25165,8006.066905498505,-0.0,
25166,8006.352578878403,-0.0,
25167,8006.637425661087,-0.0,
25168,8006.922258377075,-0.0,
25169,8007.208781003952,-0.0,
25170,8007.493681669235,-0.0,
25171,8007.781828403473,-0.0,
25172,8008.0644862651825,-0.0,
25173,8008.348851442337,-0.0,
25174,8008.634172439575,-0.0,
25175,8008.915323495865,-0.0,
25176,8009.959928750992,-0.0,
25177,8010.240462064743,-0.0,
25178,8010.524842739105,-0.0,
25179,8010.807951927185,-0.0,
25180,8011.09268283844,-0.0,
25181,8011.379408359528,-0.0,
25182,8011.663907051086,-0.0,
25183,8011.94983291626,-0.0,
25184,8012.232887029648,-0.0,
25185,8012.518437623978,-0.0,
25186,8012.8026967048645,-0.0,
25187,8013.086421728134,-0.0,
25188,8013.373061418533,-0.0,
25189,8013.658181190491,-0.0,
25190,8013.942389011383,-0.0,
25191,8014.226630449295,-0.0,
25192,8014.510397672653,-0.0,
25193,8014.798508405685,-0.0,
25194,8015.081820487976,-0.0,
25195,8015.368448019028,-0.0,
25196,8015.65335726738,-0.0,
25197,8015.937689781189,-0.0,
25198,8016.222893714905,-0.0,
25199,8016.505991697311,-0.0,
25200,8016.957013845444,-0.0,
25201,8018.012856721878,-0.0,
25202,8018.299799442291,-0.0,
25203,8018.584440469742,-0.0,
25204,8018.869195461273,-0.0,
25205,8019.154662370682,-0.0,
25206,8019.438357591629,-0.0,
25207,8019.724121809006,-0.0,
25208,8020.008561134338,-0.0,
25209,8020.295367717743,-0.0,
25210,8020.578957796097,-0.0,
25211,8020.863888025284,-0.0,
25212,8021.149776935577,-0.0,
25213,8021.435131788254,-0.0,
25214,8021.721803426743,-0.0011222429,
25215,8022.005050420761,-0.0,
25216,8022.291199684143,-0.0,
25217,8022.577168226242,-0.0,
25218,8022.862124204636,-0.0,
25219,8023.148634195328,-0.0,
25220,8023.434542417526,-0.0,
25221,8023.719316482544,-0.0,
25222,8024.004220485687,-0.0,
25223,8024.289009332657,-0.0,
25224,8024.576654434204,-0.0,
25225,8024.858379125595,-0.0,
25226,8025.993767738342,-0.0,
25227,8026.276151180267,-0.0,
25228,8026.5604956150055,-0.0,
25229,8026.847127914429,-0.0,
25230,8027.131654262543,-0.0,
25231,8027.417469024658,-0.0,
25232,8027.7012712955475,-0.0,
25233,8027.985744714737,-0.0,
25234,8028.2728135585785,-0.0,
25235,8028.556726932526,-0.0,
25236,8028.8425805568695,-0.0,
25237,8029.127141714096,-0.0,
25238,8029.414395093918,-0.0,
25239,8029.700164318085,-0.0,
25240,8029.984621047974,-0.0,
25241,8030.272312641144,-0.0,
25242,8030.555593252182,-0.0,
25243,8030.839634418488,-0.0,
25244,8031.123842716217,-0.0,
25245,8031.409097671509,-0.0,
25246,8031.696209907532,-0.0,
25247,8031.98109459877,-0.0,
25248,8032.2674124240875,-0.0,
25249,8032.5523853302,-0.0,
25250,8032.832388877869,-0.0,
25251,8034.026407718658,-0.0,
25252,8034.312516450882,-0.0,
25253,8034.599207878113,-0.0,
25254,8034.886399030685,-0.0,
25255,8035.173142194748,-0.0,
25256,8035.456074714661,-0.0,
25257,8035.741219997406,-0.0,
25258,8036.025626182556,-0.0,
25259,8036.310314655304,-0.0,
25260,8036.596558570862,-0.0,
25261,8036.880323171616,-0.0,
25262,8037.166299581528,-0.0,
25263,8037.451351881027,-0.0,
25264,8037.733986616135,-0.0,
25265,8038.020077228546,-0.0,
25266,8038.304784297943,-0.0,
25267,8038.592670679092,-0.0,
25268,8038.876816034317,-0.0,
25269,8039.160847187042,-0.0,
25270,8039.447937250137,-0.0,
25271,8039.732529163361,-0.0,
25272,8040.019035816193,-0.0,
25273,8040.302193641663,-0.0,
25274,8040.58927488327,-0.0,
25275,8040.868781089783,-0.0,
25276,8041.896545648575,-0.0,
25277,8042.180060625076,-0.0,
25278,8042.464556217194,-0.0,
25279,8042.750848054886,-0.0,
25280,8043.033248186111,-0.0,
25281,8043.318214893341,-0.0,
25282,8043.6057732105255,-0.00506609,
25283,8043.8902950286865,-0.00017694065,
25284,8044.1777901649475,-0.0,
25285,8044.463757514954,-0.0,
25286,8044.749953985214,-0.0,
25287,8045.035971879959,-0.0,
25288,8045.3207924366,-0.0,
25289,8045.609322786331,-0.0,
25290,8045.892234325409,-0.0,
25291,8046.177314758301,-0.0,
25292,8046.463065862656,-0.0,
25293,8046.749571561813,-0.0,
25294,8047.0342655181885,-0.0,
25295,8047.319403409958,-0.0,
25296,8047.604230642319,-0.0,
25297,8047.888470888138,-0.0,
25298,8048.17226934433,-0.0,
25299,8048.455996274948,-0.0,
25300,8048.908813238144,-0.0,
25301,8050.000119924545,-0.0,
25302,8050.287565469742,-0.0,
25303,8050.572854280472,-0.0,
25304,8050.859201908112,-0.0,
25305,8051.145280838013,-0.0,
25306,8051.43101477623,-0.0,
25307,8051.7173800468445,-0.0,
25308,8052.004056930542,-0.0,
25309,8052.291312217712,-0.0,
25310,8052.575585603714,-0.0,
25311,8052.862259149551,-0.014426183,
25312,8053.150388240814,-0.0,
25313,8053.436244726181,-0.0,
25314,8053.725749969482,-0.0,
25315,8054.008862257004,-0.0,
25316,8054.2962346076965,-0.0,
25317,8054.584962129593,-0.0,
25318,8054.870708227158,-0.0,
25319,8055.159121751785,-0.0,
25320,8055.444221258163,-0.0,
25321,8055.731931209564,-0.0,
25322,8056.019423961639,-0.0,
25323,8056.306515455246,-0.0,
25324,8056.593875646591,-0.0,
25325,8056.8772168159485,-0.0,
25326,8058.054126024246,-0.0,
25327,8058.337574481964,-0.0,
25328,8058.625957489014,-0.0,
25329,8058.908593893051,-0.0,
25330,8059.193407297134,-0.0,
25331,8059.478228569031,-0.0,
25332,8059.763964176178,-0.0,
25333,8060.050108194351,-0.0,
25334,8060.333371162415,-0.0,
25335,8060.617905378342,-0.0,
25336,8060.902962684631,-0.0,
25337,8061.186414241791,-0.0,
25338,8061.472407579422,-0.0,
25339,8061.756987810135,-0.0,
25340,8062.043241977692,-0.0,
25341,8062.326910734177,-0.0,
25342,8062.610941410065,-0.0,
25343,8062.897745609283,-0.0,
25344,8063.183555364609,-0.0,
25345,8063.468592166901,-0.0,
25346,8063.75189781189,-0.0,
25347,8064.036409378052,-0.0,
25348,8064.323424816132,-0.0,
25349,8064.608469963074,-0.0,
25350,8064.8914341926575,-0.0,
25351,8066.045676469803,-0.0,
25352,8066.330379962921,-0.0,
25353,8066.611923217773,-0.0,
25354,8066.898687839508,-0.0,
25355,8067.183233737946,-0.0,
25356,8067.46674489975,-0.0,
25357,8067.751531600952,-0.0,
25358,8068.036441326141,-0.0,
25359,8068.323356389999,-0.0,
25360,8068.60751080513,-0.0,
25361,8068.8914086818695,-0.0,
25362,8069.177573919296,-0.0,
25363,8069.461657047272,-0.0,
25364,8069.747494220734,-0.0,
25365,8070.029930830002,-0.0,
25366,8070.314138412476,-0.0,
25367,8070.599991798401,-0.0,
25368,8070.8831152915955,-0.0,
25369,8071.167996644974,-0.0,
25370,8071.450317144394,-0.0,
25371,8071.735036611557,-0.0,
25372,8072.018866062164,-0.0,
25373,8072.301421880722,-0.0,
25374,8072.584717035294,-0.0,
25375,8072.8637664318085,-0.0,
25376,8073.8869252204895,-0.0,
25377,8074.169463634491,-0.0,
25378,8074.456148386002,-0.0,
25379,8074.740760564804,-0.0,
25380,8075.02694606781,-0.0,
25381,8075.312315702438,-0.0,
25382,8075.598505020142,-0.0,
25383,8075.883266210556,-0.0,
25384,8076.168389797211,-0.0,
25385,8076.456439256668,-0.0,
25386,8076.740060567856,-0.0,
25387,8077.025918006897,-0.0,
25388,8077.310793161392,-0.0,
25389,8077.596470117569,-0.0,
25390,8077.8842985630035,-0.0,
25391,8078.169169425964,-0.0,
25392,8078.455845594406,-0.0,
25393,8078.740708112717,-0.0,
25394,8079.025382518768,-0.0,
25395,8079.312294006348,-0.0,
25396,8079.597798109055,-0.0,
25397,8079.884540557861,-0.0,
25398,8080.17013502121,-0.0,
25399,8080.457295179367,-0.0,
25400,8080.911320924759,-0.0,
25401,8081.986480712891,-0.0,
25402,8082.267852544785,-0.0,
25403,8082.554367303848,-0.0,
25404,8082.84045958519,-0.0,
25405,8083.124382972717,-0.0,
25406,8083.412144899368,-0.0,
25407,8083.69731426239,-0.0,
25408,8083.983291387558,-0.0,
25409,8084.267377853394,-0.0,
25410,8084.55307841301,-0.0,
25411,8084.840881824493,-0.0,
25412,8085.124711751938,-0.0,
25413,8085.410162687302,-0.0,
25414,8085.696505784988,-0.0,
25415,8085.98135972023,-0.0,
25416,8086.268661499023,-0.0,
25417,8086.554845094681,-0.0,
25418,8086.840217590332,-0.0,
25419,8087.124731063843,-0.0,
25420,8087.410696744919,-0.0,
25421,8087.699016332626,-0.0,
25422,8087.984493970871,-0.0,
25423,8088.2724187374115,-0.0,
25424,8088.55663228035,-0.0,
25425,8088.838512659073,-0.0,
25426,8089.931711435318,-0.0024409867,
25427,8090.2147653102875,-0.0,
25428,8090.499722242355,-0.0,
25429,8090.783310413361,-0.0,
25430,8091.069001197815,-0.0,
25431,8091.353633880615,-0.0,
25432,8091.63618016243,-0.0,
25433,8091.922694683075,-0.0,
25434,8092.207023382187,-0.0,
25435,8092.49316072464,-0.0,
25436,8092.776882171631,-0.0,
25437,8093.061772346497,-0.0,
25438,8093.348249197006,-0.0,
25439,8093.632605552673,-0.0,
25440,8093.918113231659,-0.0,
25441,8094.201805830002,-0.0,
25442,8094.487509965897,-0.0,
25443,8094.773858785629,-0.0,
25444,8095.058701515198,-0.0,
25445,8095.342887163162,-0.0,
25446,8095.62797665596,-0.0,
25447,8095.913544654846,-0.0,
25448,8096.199694633484,-0.0,
25449,8096.483301401138,-0.0,
25450,8096.768799781799,-0.0,
25451,8097.810167789459,-0.0,
25452,8098.098323345184,-0.0,
25453,8098.384217500687,-0.0,
25454,8098.669544935226,-0.0,
25455,8098.955210924149,-0.0,
25456,8099.240475893021,-0.0,
25457,8099.526411056519,-0.0,
25458,8099.811566829681,-0.0,
25459,8100.0956881046295,-0.0,
25460,8100.380904197693,-0.0,
25461,8100.666852474213,-0.0,
25462,8100.95512008667,-0.0,
25463,8101.239430189133,-0.0,
25464,8101.523942708969,-0.0,
25465,8101.812517404556,-0.0,
25466,8102.096808195114,-0.0,
25467,8102.383997440338,-0.0,
25468,8102.669026136398,-0.0,
25469,8102.954554319382,-0.0,
25470,8103.239795446396,-0.0,
25471,8103.52631020546,-0.0,
25472,8103.814525842667,-0.0,
25473,8104.100377082825,-0.0,
25474,8104.3863315582275,-0.0,
25475,8104.667347669601,-0.0,
25476,8105.687512397766,-0.0,
25477,8105.972239971161,-0.0,
25478,8106.257614374161,-0.0,
25479,8106.542085170746,-0.0,
25480,8106.828140258789,-0.0,
25481,8107.112418889999,-0.0,
25482,8107.398534297943,-0.0,
25483,8107.682119846344,-0.0,
25484,8107.971841812134,-0.0,
25485,8108.25572180748,-0.0,
25486,8108.541228532791,-0.0,
25487,8108.82692360878,-0.0,
25488,8109.110871315002,-0.0,
25489,8109.397837162018,-0.0,
25490,8109.683333158493,-0.0,
25491,8109.970409631729,-0.0,
25492,8110.255036830902,-0.0,
25493,8110.539292573929,-0.013762337,
25494,8110.82781124115,-0.0,
25495,8111.112736463547,-0.0,
25496,8111.399579286575,-0.0,
25497,8111.685190916061,-0.0,
25498,8111.969301223755,-0.0,
25499,8112.255628824234,-0.0,
25500,8112.708370685577,-0.0,
25501,8113.8813416957855,-0.0,
25502,8114.166215658188,-0.0,
25503,8114.449232578278,-0.0,
25504,8114.732982873917,-0.0,
25505,8115.018679141998,-0.0,
25506,8115.303738594055,-0.0,
25507,8115.589226961136,-0.0,
25508,8115.872815608978,-0.0,
25509,8116.15660572052,-0.0,
25510,8116.442281007767,-0.0,
25511,8116.727523565292,-0.0,
25512,8117.0128338336945,-0.0,
25513,8117.296706914902,-0.0,
25514,8117.582342386246,-0.0,
25515,8117.868693113327,-0.0,
25516,8118.15306687355,-0.0,
25517,8118.437808036804,-0.0,
25518,8118.721250295639,-0.0,
25519,8119.006273269653,-0.0,
25520,8119.290140867233,-0.0,
25521,8119.574536085129,-0.0,
25522,8119.858781814575,-0.0,
25523,8120.143240690231,-0.0,
25524,8120.430757045746,-0.0,
25525,8120.710255861282,-0.0,
25526,8121.802312612534,-0.0,
25527,8122.08430314064,-0.0,
25528,8122.368113040924,-0.0,
25529,8122.652612447739,-0.0,
25530,8122.93613243103,-0.0,
25531,8123.224325656891,-0.0,
25532,8123.508353710175,-0.0,
25533,8123.792564630508,-0.0,
25534,8124.076880693436,-0.0,
25535,8124.361768007278,-0.0,
25536,8124.649019956589,-0.0,
25537,8124.934410810471,-0.0,
25538,8125.219733476639,-0.0,
25539,8125.504332304001,-0.0,
25540,8125.7887942790985,-0.0,
25541,8126.07510638237,-0.0,
25542,8126.360282659531,-0.0,
25543,8126.646461486816,-0.0,
25544,8126.930177688599,-0.0,
25545,8127.214652776718,-0.0,
25546,8127.5022752285,-0.0,
25547,8127.786326169968,-0.0,
25548,8128.072922468185,-0.0,
25549,8128.357298851013,-0.0,
25550,8128.640039682388,-0.0,
25551,8129.702527761459,-0.0,
25552,8129.98425579071,-0.0,
25553,8130.2706508636475,-0.0,
25554,8130.552058935165,-0.0,
25555,8130.838836431503,-0.0,
25556,8131.124378442764,-0.0,
25557,8131.409399032593,-0.0,
25558,8131.695987462997,-0.0,
25559,8131.981114625931,-0.0,
25560,8132.266971826553,-0.0,
25561,8132.550932884216,-0.0,
25562,8132.8371567726135,-0.0,
25563,8133.123792171478,-0.000158761,
25564,8133.408528327942,-0.0,
25565,8133.695265293121,-0.0,
25566,8133.980559587479,-0.0,
25567,8134.2645428180695,-0.0,
25568,8134.551209449768,-0.0,
25569,8134.836966514587,-0.0,
25570,8135.125918149948,-0.0,
25571,8135.409492015839,-0.0,
25572,8135.6959273815155,-0.0,
25573,8135.981687545776,-0.0,
25574,8136.265654563904,-0.0,
25575,8136.549575328827,-0.0,
25576,8137.6200299263,-0.0,
25577,8137.902803659439,-0.0,
25578,8138.1856825351715,-0.0,
25579,8138.46905040741,-0.0,
25580,8138.753324985504,-0.0,
25581,8139.037080526352,-0.0,
25582,8139.324006557465,-0.0,
25583,8139.60612821579,-0.0,
25584,8139.8905482292175,-0.0,
25585,8140.175223350525,-0.0,
25586,8140.4587779045105,-0.0,
25587,8140.744031906128,-0.0,
25588,8141.027611255646,-0.0,
25589,8141.312877178192,-0.0,
25590,8141.598422050476,-0.0,
25591,8141.881000518799,-0.0,
25592,8142.166697978973,-0.0,
25593,8142.451462030411,-0.0,
25594,8142.7382164001465,-0.0,
25595,8143.02001619339,-0.0,
25596,8143.303051710129,-0.0,
25597,8143.585809230804,-0.0,
25598,8143.868453979492,-0.0,
25599,8144.153839111328,-0.007137086,
25600,8144.601841688156,-0.0,
25601,8145.61229133606,-0.0,
25602,8145.8965566158295,-0.0,
25603,8146.181436777115,-0.0,
25604,8146.464169502258,-0.0,
25605,8146.749050140381,-0.0,
25606,8147.034743070602,-0.0,
25607,8147.318649291992,-0.0,
25608,8147.60519528389,-0.0,
25609,8147.888753890991,-0.0,
25610,8148.173452377319,-0.0,
25611,8148.459683895111,-0.0,
25612,8148.743500709534,-0.0,
25613,8149.0295305252075,-0.0,
25614,8149.315094232559,-0.0,
25615,8149.600101947784,-0.0,
25616,8149.884546756744,-0.0,
25617,8150.169786930084,-0.0,
25618,8150.456522464752,-0.0,
25619,8150.741366624832,-0.0,
25620,8151.027220964432,-0.0,
25621,8151.311359405518,-0.0,
25622,8151.595597743988,-0.0,
25623,8151.8823165893555,-0.0,
25624,8152.166662454605,-0.0,
25625,8152.45179605484,-0.0,
25626,8153.640082836151,-0.0,
25627,8153.924339294434,-0.0,
25628,8154.209287405014,-0.0,
25629,8154.496707439423,-0.0,
25630,8154.780499696732,-0.0,
25631,8155.06397652626,-0.0,
25632,8155.35120844841,-0.0,
25633,8155.635427951813,-0.0,
25634,8155.921448230743,-0.0,
25635,8156.205551624298,-0.0,
25636,8156.491377353668,-0.0,
25637,8156.776701927185,-0.0,
25638,8157.061188697815,-0.0,
25639,8157.34747171402,-0.0,
25640,8157.633551359177,-0.0,
25641,8157.917934179306,-0.0,
25642,8158.202830314636,-0.0,
25643,8158.487792730331,-0.0,
25644,8158.774997711182,-0.0,
25645,8159.059769630432,-0.0,
25646,8159.346615791321,-0.0,
25647,8159.632686853409,-0.0,
25648,8159.916137933731,-0.0,
25649,8160.203555345535,-0.0,
25650,8160.4854509830475,-0.0,
25651,8161.604890584946,-0.0,
25652,8161.887694120407,-0.0,
25653,8162.173260211945,-0.0,
25654,8162.456984996796,-0.0,
25655,8162.741283416748,-0.0,
25656,8163.027292966843,-0.0,
25657,8163.311842918396,-0.0,
25658,8163.596930265427,-0.0,
25659,8163.880268096924,-0.0,
25660,8164.164459705353,-0.0,
25661,8164.450465679169,-0.0,
25662,8164.733695030212,-0.0041654194,
25663,8165.021376848221,-0.0,
25664,8165.3048639297485,-0.0,
25665,8165.591208219528,-0.0,
25666,8165.874732494354,-0.0,
25667,8166.158598184586,-0.0,
25668,8166.445467710495,-0.0,
25669,8166.7307641506195,-0.0,
25670,8167.015680551529,-0.0,
25671,8167.299582958221,-0.0,
25672,8167.584344863892,-0.0,
25673,8167.872004508972,-0.0,
25674,8168.154441833496,-0.0,
25675,8168.435331821442,-0.0,
25676,8169.472386598587,-0.0,
25677,8169.756953716278,-0.0,
25678,8170.0439257621765,-0.0,
25679,8170.332402229309,-0.0,
25680,8170.619204282761,-0.0,
25681,8170.908359289169,-0.0,
25682,8171.194293260574,-0.0,
25683,8171.480779886246,-0.0,
25684,8171.7710819244385,-0.0,
25685,8172.058387994766,-0.0,
25686,8172.348155975342,-0.0,
25687,8172.634803056717,-0.0,
25688,8172.921529054642,-0.0,
25689,8173.208924770355,-0.0,
25690,8173.496043682098,-0.0,
25691,8173.786271572113,-0.0,
25692,8174.073117017746,-0.0,
25693,8174.361417770386,-0.0,
25694,8174.649316310883,-0.0,
25695,8174.936239719391,-0.0,
25696,8175.225511312485,-0.0,
25697,8175.513154745102,-0.0,
25698,8175.802054643631,-0.0,
25699,8176.089502096176,-0.0,
25700,8176.546914577484,-0.0,
25701,8177.6778700351715,-0.0,
25702,8177.963927745819,-0.0,
25703,8178.249004840851,-0.0,
25704,8178.535223484039,-0.0,
25705,8178.820095539093,-0.0,
25706,8179.10812664032,-0.0,
25707,8179.394547462463,-0.0,
25708,8179.679972171783,-0.0,
25709,8179.968138933182,-0.0,
25710,8180.252556562424,-0.0,
25711,8180.538330554962,-0.0,
25712,8180.826191902161,-0.0,
25713,8181.111473560333,-0.0,
25714,8181.397840976715,-0.0,
25715,8181.6851325035095,-0.0,
25716,8181.971725225449,-0.0,
25717,8182.257923126221,-0.0,
25718,8182.544629812241,-0.0,
25719,8182.833446502686,-0.0,
25720,8183.117656946182,-0.0,
25721,8183.405286312103,-0.0,
25722,8183.690879583359,-0.0,
25723,8183.975792646408,-0.0,
25724,8184.264790773392,-0.0,
25725,8184.545403242111,-0.0,
25726,8185.572118759155,-0.0,
25727,8185.853412151337,-0.0,
25728,8186.139817237854,-0.0,
25729,8186.425968408585,-0.0,
25730,8186.709625244141,-0.0,
25731,8186.996849775314,-0.0,
25732,8187.282511949539,-0.0,
25733,8187.568439245224,-0.0,
25734,8187.853977203369,-0.0,
25735,8188.140898704529,-0.0,
25736,8188.426958084106,-0.0,
25737,8188.711992025375,-0.0,
25738,8188.999357223511,-0.0,
25739,8189.284847974777,-0.0,
25740,8189.57077050209,-0.0,
25741,8189.857694149017,-0.0,
25742,8190.143891096115,-0.0,
25743,8190.430824041367,-0.0,
25744,8190.715699672699,-0.0033593832,
25745,8191.002682924271,-0.0,
25746,8191.286629676819,-0.0,
25747,8191.574003696442,-0.0,
25748,8191.8652148246765,-0.0,
25749,8192.153009653091,-0.0,
25750,8192.439520835876,-0.0,
25751,8193.540671348572,-0.0,
25752,8193.825755119324,-0.0,
25753,8194.110748529434,-0.0,
25754,8194.396666049957,-0.0,
25755,8194.68540930748,-0.0,
25756,8194.969836473465,-0.0,
25757,8195.25552535057,-0.0,
25758,8195.540635585785,-0.0,
25759,8195.82477259636,-0.010294527,
25760,8196.111587285995,-0.0,
25761,8196.396930217743,-0.0,
25762,8196.684296131134,-0.0,
25763,8196.969758987427,-0.0,
25764,8197.255180597305,-0.0,
25765,8197.543464899063,-0.0,
25766,8197.82919883728,-0.0,
25767,8198.11709690094,-0.0,
25768,8198.402166843414,-0.0,
25769,8198.68739247322,-0.0,
25770,8198.973013877869,-0.0,
25771,8199.259069919586,-0.0,
25772,8199.54589176178,-0.0,
25773,8199.830031633377,-0.0,
25774,8200.114937782288,-0.0,
25775,8200.396017313004,-0.0,
25776,8201.429134607315,-0.0,
25777,8201.712084531784,-0.0,
25778,8202.000356674194,-0.0,
25779,8202.286772727966,-0.0,
25780,8202.572989463806,-0.0,
25781,8202.85860657692,-0.0,
25782,8203.143087148666,-0.0,
25783,8203.428964853287,-0.0,
25784,8203.714726686478,-0.0,
25785,8204.003321170807,-0.0,
25786,8204.286396980286,-0.0,
25787,8204.572105169296,-0.0,
25788,8204.860356330872,-0.0,
25789,8205.146505355835,-0.0,
25790,8205.433484315872,-0.0,
25791,8205.718746423721,-0.0,
25792,8206.003503322601,-0.0,
25793,8206.288828611374,-0.0,
25794,8206.575309515,-0.0,
25795,8206.862829208374,-0.0,
25796,8207.145408153534,-0.0,
25797,8207.430955171585,-0.0,
25798,8207.716631650925,-0.0,
25799,8208.000888347626,-0.0,
25800,8208.453631162643,-0.0,
25801,8209.600742578506,-0.0,
25802,8209.88190460205,-0.0,
25803,8210.165851354599,-0.0,
25804,8210.451102733612,-0.0,
25805,8210.735716342926,-0.0,
25806,8211.021102905273,-0.0,
25807,8211.303755521774,-0.0,
25808,8211.588128089905,-0.0,
25809,8211.873099565506,-0.0,
25810,8212.158435583115,-0.0,
25811,8212.444612503052,-0.0,
25812,8212.728796482086,-0.0,
25813,8213.013591527939,-0.0,
25814,8213.297975301743,-0.0,
25815,8213.582211494446,-0.0,
25816,8213.867598056793,-0.0,
25817,8214.152911663055,-0.0,
25818,8214.439191102982,-0.0,
25819,8214.723670959473,-0.0,
25820,8215.008554935455,-0.0,
25821,8215.296290397644,-0.0,
25822,8215.580447912216,-0.0,
25823,8215.866387367249,-0.0,
25824,8216.151437044144,-0.0,
25825,8216.433347940445,-0.0,
25826,8217.510985136032,-0.0,
25827,8217.795564889908,-0.0,
25828,8218.078728199005,-0.0,
25829,8218.366282463074,-0.0,
25830,8218.651988983154,-0.0,
25831,8218.938924312592,-0.0,
25832,8219.224784374237,-0.0,
25833,8219.51067519188,-0.0,
25834,8219.799547672272,-0.0,
25835,8220.084851264954,-0.0,
25836,8220.372493743896,-0.0,
25837,8220.65785908699,-0.0,
25838,8220.943455457687,-0.0,
25839,8221.232761144638,-0.0,
25840,8221.518936872482,-0.0,
25841,8221.805684804916,-0.0,
25842,8222.092351913452,-0.0,
25843,8222.377273082733,-0.0,
25844,8222.665229558945,-0.0,
25845,8222.9531416893,-0.0,
25846,8223.24038696289,-0.0,
25847,8223.524862289429,-0.0,
25848,8223.81302022934,-0.0,
25849,8224.099858522415,-0.0,
25850,8224.381868839264,-0.0,
25851,8225.465353250504,-0.0,
25852,8225.751792907715,-0.0,
25853,8226.04063129425,-0.0,
25854,8226.325249910355,-0.0,
25855,8226.615267038345,-0.0,
25856,8226.901453733444,-0.0,
25857,8227.189361095428,-0.0,
25858,8227.479159355164,-0.0,
25859,8227.765182256699,-0.0,
25860,8228.053914546967,-0.0,
25861,8228.339919567108,-0.0,
25862,8228.628923416138,-0.0,
25863,8228.917242765427,-0.0,
25864,8229.203243494034,-0.0,
25865,8229.494701385498,-0.0,
25866,8229.779955625534,-0.0,
25867,8230.06799030304,-0.0,
25868,8230.356900691986,-0.0,
25869,8230.642908334732,-0.0,
25870,8230.933791399002,-0.0,
25871,8231.2206594944,-0.0,
25872,8231.510627746582,-0.0,
25873,8231.796242952347,-0.0,
25874,8232.082629442215,-0.0,
25875,8232.368650436401,-0.0,
25876,8233.299786806107,-0.0,
25877,8233.583583831787,-0.0032427453,
25878,8233.86912369728,-0.0,
25879,8234.154507637024,-0.0,
25880,8234.441301107407,-0.0,
25881,8234.727936029434,-0.0,
25882,8235.014453411102,-0.0,
25883,8235.298605680466,-0.0,
25884,8235.584450244904,-0.003679821,
25885,8235.871850013733,-0.0,
25886,8236.156826019287,-0.0,
25887,8236.443745851517,-0.0,
25888,8236.729314804077,-0.0,
25889,8237.016384601593,-0.0,
25890,8237.300911188126,-0.0,
25891,8237.588394165039,-0.0,
25892,8237.87551498413,-0.0,
25893,8238.159923315048,-0.013754961,
25894,8238.44693160057,-0.0,
25895,8238.73126912117,-0.008364523,
25896,8239.016636133194,-0.0,
25897,8239.304256916046,-0.0,
25898,8239.590537309647,-0.0,
25899,8239.877962589264,-0.0,
25900,8240.331182956696,-0.0,
25901,8241.49136042595,-0.0,
25902,8241.772291183472,-0.0,
25903,8242.055359601974,-0.0,
25904,8242.33957195282,-0.0,
25905,8242.625643253326,-0.0,
25906,8242.909368515015,-0.0,
25907,8243.195239067078,-0.0,
25908,8243.480394124985,-0.0,
25909,8243.76679635048,-0.0,
25910,8244.050662517548,-0.0,
25911,8244.335237026215,-0.0,
25912,8244.622262477875,-0.0,
25913,8244.907615184784,-0.0,
25914,8245.193675518036,-0.0,
25915,8245.477571487427,-0.0,
25916,8245.762045383453,-0.0,
25917,8246.048495292664,-0.0,
25918,8246.333495616913,-0.0,
25919,8246.61989068985,-0.0,
25920,8246.905536413193,-0.0,
25921,8247.188967943192,-0.0,
25922,8247.475053548813,-0.0,
25923,8247.760911464691,-0.0,
25924,8248.048842668533,-0.0,
25925,8248.329045057297,-0.0,
25926,8249.5652718544,-0.0,
25927,8249.848071575165,-0.0,
25928,8250.135143995285,-0.0,
25929,8250.419402837753,-0.0,
25930,8250.70698428154,-0.0,
25931,8250.992869377136,-0.0,
25932,8251.278406620026,-0.0,
25933,8251.566516637802,-0.0,
25934,8251.850892066956,-0.0,
25935,8252.13705945015,-0.0,
25936,8252.423696994781,-0.0,
25937,8252.70880150795,-0.0,
25938,8252.995292186737,-0.0,
25939,8253.282016038895,-0.0,
25940,8253.569787979126,-0.0,
25941,8253.854287147522,-0.0,
25942,8254.140307426453,-0.0,
25943,8254.428460359573,-0.0,
25944,8254.713917255402,-0.0,
25945,8255.003289699554,-0.0,
25946,8255.287523269653,-0.0,
25947,8255.57399225235,-0.0,
25948,8255.861671447754,-0.0,
25949,8256.147256612778,-0.0,
25950,8256.431135892868,-0.0,
25951,8257.626554727554,-0.0,
25952,8257.91048169136,-0.0,
25953,8258.195991754532,-0.0,
25954,8258.485837221146,-0.0,
25955,8258.769705533981,-0.0,
25956,8259.055037736893,-0.0,
25957,8259.34211564064,-0.0,
25958,8259.626363754272,-0.0,
25959,8259.914360523224,-0.0,
25960,8260.201351881027,-0.0,
25961,8260.48772931099,-0.0,
25962,8260.772369146347,-0.0,
25963,8261.058951616287,-0.0,
25964,8261.346238613129,-0.0,
25965,8261.631409406662,-0.0,
25966,8261.920567035675,-0.0,
25967,8262.204740047455,-0.0,
25968,8262.491545200348,-0.0,
25969,8262.779493570328,-0.0,
25970,8263.065748929977,-0.0,
25971,8263.352781057358,-0.0,
25972,8263.639937639236,-0.0,
25973,8263.926285028458,-0.0,
25974,8264.210999011993,-0.0,
25975,8264.492966651917,-0.0,
25976,8265.577907800674,-0.0,
25977,8265.860050916672,-0.0,
25978,8266.143219709396,-0.0,
25979,8266.428737401962,-0.0,
25980,8266.714452505112,-0.0,
25981,8267.001078605652,-0.0,
25982,8267.283333778381,-0.0,
25983,8267.568187236786,-0.0,
25984,8267.854336977005,-0.0,
25985,8268.140079975128,-0.0,
25986,8268.427396059036,-0.0,
25987,8268.710319519043,-0.0,
25988,8268.996925115585,-0.0,
25989,8269.282663822174,-0.00049856084,
25990,8269.56754732132,-0.0,
25991,8269.854440450668,-0.0,
25992,8270.140914440155,-0.0,
25993,8270.426753997803,-0.0,
25994,8270.710238218307,-0.0,
25995,8270.996482133865,-0.0018434409,
25996,8271.28222489357,-0.0,
25997,8271.567325592041,-0.0,
25998,8271.854523420334,-0.0,
25999,8272.139111995697,-0.0,
26000,8272.596645355225,-0.0,
26001,8273.745695829391,-0.0,
26002,8274.030126810074,-0.0,
26003,8274.315832614899,-0.0,
26004,8274.60216832161,-0.0,
26005,8274.886644601822,-0.0,
26006,8275.172083854675,-0.0,
26007,8275.460014343262,-0.0,
26008,8275.74497628212,-0.0,
26009,8276.032030820847,-0.0,
26010,8276.31790471077,-0.0,
26011,8276.603729248047,-0.0,
26012,8276.891900777817,-0.0,
26013,8277.177810430527,-0.0,
26014,8277.466136693954,-0.0,
26015,8277.74994802475,-0.0,
26016,8278.038252592087,-0.0,
26017,8278.323463916779,-0.0,
26018,8278.607664346695,-0.0,
26019,8278.89657831192,-0.0,
26020,8279.180669784546,-0.0,
26021,8279.467229604721,-0.0,
26022,8279.753425598145,-0.0,
26023,8280.038947105408,-0.0,
26024,8280.327443122864,-0.0,
26025,8280.610898017883,-0.0,
26026,8281.620228767395,-0.0,
26027,8281.904858827591,-0.013709159,
26028,8282.190851688385,-0.0,
26029,8282.478768348694,-0.0,
26030,8282.763245105743,-0.0,
26031,8283.050168037415,-0.0,
26032,8283.335257291794,-0.0,
26033,8283.619034051895,-0.0,
26034,8283.904944181442,-0.0,
26035,8284.190984249115,-0.0,
26036,8284.479302883148,-0.0,
26037,8284.762956380844,-0.0,
26038,8285.050003528595,-0.0,
26039,8285.336532115936,-0.0,
26040,8285.621472597122,-0.0,
26041,8285.909044027328,-0.0,
26042,8286.195731163025,-0.0,
26043,8286.48217844963,-0.0,
26044,8286.768500089645,-0.0,
26045,8287.054342031479,-0.0,
26046,8287.341606378555,-0.0,
26047,8287.626521587372,-0.0,
26048,8287.914146900177,-0.0,
26049,8288.199584722519,-0.0,
26050,8288.48044347763,-0.0,
26051,8289.570890188217,-0.0,
26052,8289.852229356766,-0.0,
26053,8290.137567520142,-0.0,
26054,8290.421705007553,-0.0,
26055,8290.708636760712,-0.0,
26056,8290.99229335785,-0.0,
26057,8291.276111841202,-0.0,
26058,8291.560876607895,-0.0,
26059,8291.844762802124,-0.0,
26060,8292.132850885391,-0.0,
26061,8292.415124893188,-0.0,
26062,8292.700894355774,-0.0,
26063,8292.986106872559,-0.0,
26064,8293.272007465363,-0.0,
26065,8293.558412313461,-0.0,
26066,8293.842568397522,-0.0,
26067,8294.12880563736,-0.0,
26068,8294.413199663162,-0.0,
26069,8294.697934865952,-0.0,
26070,8294.983215093613,-0.0,
26071,8295.269594192505,-0.0,
26072,8295.555422782898,-0.0,
26073,8295.838262557983,-0.0,
26074,8296.122030496597,-0.0,
26075,8296.40491104126,-0.0,
26076,8297.396788835526,-0.0,
26077,8297.681265115738,-0.0,
26078,8297.9653673172,-0.0,
26079,8298.252798557281,-0.0,
26080,8298.537595510483,-0.0,
26081,8298.823090791702,-0.0,
26082,8299.112266778946,-0.0,
26083,8299.398390054703,-0.0,
26084,8299.684826612473,-0.0,
26085,8299.971550941467,-0.0,
26086,8300.259216070175,-0.0,
26087,8300.548184394836,-0.0008107759,
26088,8300.83377957344,-0.0,
26089,8301.120050668716,-0.0,
26090,8301.40711903572,-0.0,
26091,8301.692858219147,-0.0,
26092,8301.979575872421,-0.0,
26093,8302.266061782837,-0.0,
26094,8302.551942110062,-0.0,
26095,8302.837323188782,-0.0,
26096,8303.123681545258,-0.0,
26097,8303.410634040833,-0.0,
26098,8303.69624042511,-0.0,
26099,8303.983764886856,-0.0,
26100,8304.434243440628,-0.0,
26101,8305.575331926346,-0.0,
26102,8305.857998132706,-0.0,
26103,8306.144472360611,-0.0,
26104,8306.429623365402,-0.0,
26105,8306.71441578865,-0.0,
26106,8306.997846364975,-0.0,
26107,8307.283241033554,-0.0,
26108,8307.569823265076,-0.0,
26109,8307.854571819305,-0.0,
26110,8308.13981461525,-0.0,
26111,8308.425871372223,-0.0,
26112,8308.710072040558,-0.0,
26113,8308.996003627777,-0.0,
26114,8309.281412601471,-0.0,
26115,8309.569581270218,-0.0,
26116,8309.851236581802,-0.0,
26117,8310.136642456055,-0.0,
26118,8310.421867847443,-0.0,
26119,8310.707599401474,-0.0,
26120,8310.99407505989,-0.0,
26121,8311.278386116028,-0.0,
26122,8311.564354419708,-0.0,
26123,8311.847912788391,-0.0,
26124,8312.131974458694,-0.0,
26125,8312.411834478378,-0.0,
26126,8313.381494760513,-0.0,
26127,8313.665724992752,-0.0,
26128,8313.950991868973,-0.0,
26129,8314.23611998558,-0.0,
26130,8314.521667003632,-0.0,
26131,8314.808782100677,-0.0,
26132,8315.094316005707,-0.0,
26133,8315.381380558014,-0.0,
26134,8315.666188240051,-0.0,
26135,8315.950955629349,-0.0,
26136,8316.23879313469,-0.0,
26137,8316.525098085403,-0.0,
26138,8316.81162238121,-0.0,
26139,8317.094738960266,-0.0,
26140,8317.382680892944,-0.0,
26141,8317.668757677078,-0.0,
26142,8317.95375752449,-0.0,
26143,8318.242376089096,-0.0,
26144,8318.526552915573,-0.0,
26145,8318.812345027924,-0.0,
26146,8319.098502635956,-0.0,
26147,8319.38441157341,-0.0,
26148,8319.672140359879,-0.0,
26149,8319.957939386368,-0.0,
26150,8320.242696523666,-0.0,
26151,8321.275069475174,-0.0,
26152,8321.560328006744,-0.0,
26153,8321.847150087357,-0.0,
26154,8322.131932258606,-0.0,
26155,8322.41910815239,-0.0,
26156,8322.704062223434,-0.0,
26157,8322.99034357071,-0.0,
26158,8323.275455474854,-0.0,
26159,8323.562353610992,-0.0,
26160,8323.849621772766,-0.0,
26161,8324.133391857147,-0.0,
26162,8324.42021226883,-0.0,
26163,8324.705411672592,-0.0,
26164,8324.990112066269,-0.0,
26165,8325.277700185776,-0.0,
26166,8325.56368803978,-0.0,
26167,8325.849496126175,-0.0,
26168,8326.13452219963,-0.0,
26169,8326.421022176743,-0.0,
26170,8326.706946134567,-0.0,
26171,8326.992229938507,-0.0,
26172,8327.280058145523,-0.0,
26173,8327.564063549042,-0.0,
26174,8327.849336385727,-0.0,
26175,8328.133309364319,-0.0,
26176,8329.219626665115,-0.0,
26177,8329.504975318909,-0.0,
26178,8329.790230512619,-0.0,
26179,8330.07980465889,-0.0,
26180,8330.364023923874,-0.0,
26181,8330.6510014534,-0.0,
26182,8330.938378572464,-0.0,
26183,8331.22486948967,-0.0,
26184,8331.512182235718,-0.0,
26185,8331.800238609314,-0.0,
26186,8332.086977243423,-0.0,
26187,8332.372642755508,-0.0,
26188,8332.658857107162,-0.0,
26189,8332.946737766266,-0.0,
26190,8333.232592582703,-0.0,
26191,8333.521920442581,-0.0,
26192,8333.807240247726,-0.0,
26193,8334.094033956528,-0.0,
26194,8334.381264448166,-0.0,
26195,8334.66680431366,-0.0,
26196,8334.956530094147,-0.0,
26197,8335.241344451904,-0.0,
26198,8335.528749465942,-0.0,
26199,8335.816809892654,-0.0,
26200,8336.268095254898,-0.0,
26201,8337.383162021637,-0.0,
26202,8337.666260242462,-0.0,
26203,8337.949600219727,-0.0,
26204,8338.23468375206,-0.0,
26205,8338.51982331276,-0.0,
26206,8338.803338766098,-0.0,
26207,8339.089176893234,-0.0,
26208,8339.372564077377,-0.0,
26209,8339.659171581268,-0.0,
26210,8339.943121671677,-0.0,
26211,8340.226586580276,-0.0,
26212,8340.51320552826,-0.0,
26213,8340.798568487167,-0.0,
26214,8341.081530570984,-0.0,
26215,8341.365034103394,-0.0,
26216,8341.648269176483,-0.0,
26217,8341.93518447876,-0.0,
26218,8342.219274044037,-0.0,
26219,8342.505398988724,-0.0,
26220,8342.78993177414,-0.0,
26221,8343.075526714325,-0.0,
26222,8343.360862970352,-0.0,
26223,8343.64482307434,-0.0,
26224,8343.932648181915,-0.0,
26225,8344.212610721588,-0.0,
26226,8345.23674249649,-0.010056141,
26227,8345.518186330795,-0.0,
26228,8345.802008152008,-0.0,
26229,8346.088223695755,-0.0,
26230,8346.373346328735,-0.0,
26231,8346.65929555893,-0.0,
26232,8346.944135904312,-0.0,
26233,8347.230031728745,-0.0,
26234,8347.516395568848,-0.0,
26235,8347.800530433655,-0.0,
26236,8348.088564634323,-0.0,
26237,8348.372557640076,-0.0,
26238,8348.658439159393,-0.0,
26239,8348.944080352783,-0.0,
26240,8349.22978401184,-0.0,
26241,8349.517590284348,-0.0,
26242,8349.802181005478,-0.0,
26243,8350.089023590088,-0.0,
26244,8350.374183893204,-0.0,
26245,8350.657613992691,-0.0,
26246,8350.9445707798,-0.0,
26247,8351.2312541008,-0.0,
26248,8351.519294023514,-0.0,
26249,8351.80253982544,-0.0,
26250,8352.086583137512,-0.0,
26251,8353.123307228088,-0.0,
26252,8353.408905744553,-0.0,
26253,8353.697276115417,-0.0,
26254,8353.983408927917,-0.0,
26255,8354.270072460175,-0.0,
26256,8354.555280208588,-0.0,
26257,8354.841684818268,-0.0,
26258,8355.129338979721,-0.0,
26259,8355.41457748413,-0.0,
26260,8355.702093362808,-0.0,
26261,8355.988767147064,-0.0,
26262,8356.274547815323,-0.0,
26263,8356.562526226044,-0.0,
26264,8356.848271369934,-0.0,
26265,8357.135362148285,-0.0,
26266,8357.419039726257,-0.0,
26267,8357.706244945526,-0.0,
26268,8357.993569612503,-0.0,
26269,8358.27951669693,-0.0,
26270,8358.566722631454,-0.0,
26271,8358.85164475441,-0.0,
26272,8359.135971307755,-0.0,
26273,8359.420830249786,-0.0,
26274,8359.709176778793,-0.0,
26275,8359.991502285004,-0.0,
26276,8361.022322893143,-0.0,
26277,8361.30833363533,-0.0,
26278,8361.593683242798,-0.0,
26279,8361.880417108536,-0.0,
26280,8362.167147874832,-0.0,
26281,8362.453366041183,-0.0,
26282,8362.73764038086,-0.0,
26283,8363.022944927216,-0.0,
26284,8363.311103343964,-0.0,
26285,8363.59523820877,-0.0,
26286,8363.88143324852,-0.0,
26287,8364.166548728943,-0.0006218401,
26288,8364.451629400253,-0.0,
26289,8364.738233566284,-0.0,
26290,8365.024917840958,-0.0,
26291,8365.313524007797,-0.0,
26292,8365.59716129303,-0.0,
26293,8365.885071992874,-0.0,
26294,8366.171334981918,-0.0,
26295,8366.456579685211,-0.0,
26296,8366.743446588516,-0.0,
26297,8367.028632640839,-0.0,
26298,8367.315046548843,-0.0,
26299,8367.600006580353,-0.0,
26300,8368.054385185242,-0.0,
26301,8369.197810411453,-0.0,
26302,8369.484087705612,-0.0,
26303,8369.767793893814,-0.0,
26304,8370.051819086075,-0.0,
26305,8370.335582256317,-0.0,
26306,8370.619458198547,-0.0,
26307,8370.907171726227,-0.0,
26308,8371.191819429398,-0.0,
26309,8371.476490020752,-0.0,
26310,8371.760922193527,-0.0,
26311,8372.046456813812,-0.0,
26312,8372.332984685898,-0.0,
26313,8372.617070198059,-0.0,
26314,8372.90341424942,-0.0,
26315,8373.187876701355,-0.0,
26316,8373.472256422043,-0.0,
26317,8373.758015155792,-0.0,
26318,8374.043940782547,-0.0,
26319,8374.329762935638,-0.0,
26320,8374.613624095917,-0.0,
26321,8374.897660017014,-0.0,
26322,8375.184273719788,-0.0,
26323,8375.469442129135,-0.0,
26324,8375.755823850632,-0.0,
26325,8376.034336090088,-0.0,
26326,8377.17657995224,-0.0,
26327,8377.460292577744,-0.0,
26328,8377.74633193016,-0.0,
26329,8378.029584646225,-0.0,
26330,8378.313898086548,-0.0,
26331,8378.599999427795,-0.0,
26332,8378.8864402771,-0.0,
26333,8379.172602653503,-0.0,
26334,8379.45758986473,-0.0,
26335,8379.742552280426,-0.0,
26336,8380.028503656387,-0.0,
26337,8380.313910961151,-0.0,
26338,8380.602033376694,-0.0,
26339,8380.886710643768,-0.0,
26340,8381.171158313751,-0.0,
26341,8381.45683479309,-0.0,
26342,8381.743288755417,-0.0,
26343,8382.030383110046,-0.0,
26344,8382.31314921379,-0.0,
26345,8382.599377155304,-0.0,
26346,8382.884607553482,-0.0,
26347,8383.167980194092,-0.0,
26348,8383.451595544815,-0.0,
26349,8383.736498594284,-0.0,
26350,8384.01742386818,-0.0,
26351,8385.121923446655,-0.0,
26352,8385.406180620193,-0.0,
26353,8385.693462610245,-0.0,
26354,8385.979559659958,-0.0,
26355,8386.264947652817,-0.0,
26356,8386.551502943039,-0.0,
26357,8386.83836555481,-0.0,
26358,8387.126541376114,-0.0,
26359,8387.41128706932,-0.0,
26360,8387.697751045227,-0.0,
26361,8387.984817743301,-0.0,
26362,8388.271200180054,-0.0,
26363,8388.560431718826,-0.0,
26364,8388.846242189407,-0.0,
26365,8389.132242202759,-0.0,
26366,8389.420404672623,-0.0,
26367,8389.706294059753,-0.0,
26368,8389.99494767189,-0.0,
26369,8390.282619476318,-0.0,
26370,8390.567914009094,-0.0,
26371,8390.853679180145,-0.0,
26372,8391.140563964844,-0.0,
26373,8391.42792224884,-0.0,
26374,8391.71328496933,-0.0,
26375,8391.996903419495,-0.0,
26376,8392.992230176926,-0.0,
26377,8393.27620625496,-0.0,
26378,8393.564090013504,-0.0,
26379,8393.84790635109,-0.0,
26380,8394.132366657257,-0.0,
26381,8394.419536828995,-0.0,
26382,8394.7037088871,-0.0,
26383,8394.990324020386,-0.0,
26384,8395.274462938309,-0.0,
26385,8395.559934139252,-0.0,
26386,8395.845036029816,-0.0,
26387,8396.129390478134,-0.0,
26388,8396.418508768082,-0.0,
26389,8396.702597856522,-0.0,
26390,8396.987894773483,-0.0,
26391,8397.274234771729,-0.0,
26392,8397.559836864471,-0.0,
26393,8397.845512628555,-0.0,
26394,8398.129851579666,-0.0,
26395,8398.417440414429,-0.0,
26396,8398.702011346817,-0.0,
26397,8398.986028432846,-0.0,
26398,8399.274537801743,-0.0,
26399,8399.559706687927,-0.0,
26400,8400.010146141052,-0.0,
26401,8401.116921186447,-0.0,
26402,8401.401966571808,-0.0,
26403,8401.686177253723,-0.0,
26404,8401.975510120392,-0.0,
26405,8402.260135173798,-0.0,
26406,8402.544597625732,-0.0,
26407,8402.828542232513,-0.0,
26408,8403.11333656311,-0.0,
26409,8403.401103973389,-0.0,
26410,8403.685476779938,-0.0,
26411,8403.971265792847,-0.0,
26412,8404.256705760956,-0.0,
26413,8404.540703058243,-0.0,
26414,8404.827051639557,-0.0,
26415,8405.11247086525,-0.0,
26416,8405.400066614151,-0.0,
26417,8405.683147668839,-0.0,
26418,8405.96643948555,-0.0,
26419,8406.252892971039,-0.0,
26420,8406.537791490555,-0.0,
26421,8406.823561668396,-0.0,
26422,8407.108030796051,-0.0,
26423,8407.393941164017,-0.0,
26424,8407.680536746979,-0.0,
26425,8407.961695671082,-0.0,
26426,8409.069653749466,-0.0,
26427,8409.354290246964,-0.0,
26428,8409.63678741455,-0.0,
26429,8409.921157360077,-0.0,
26430,8410.205698013306,-0.0,
26431,8410.492220401764,-0.0,
26432,8410.776072740555,-0.0,
26433,8411.060581922531,-0.0,
26434,8411.346004962921,-0.0,
26435,8411.631613969803,-0.0,
26436,8411.918908596039,-0.0,
26437,8412.201999902725,-0.0,
26438,8412.48661661148,-0.0,
26439,8412.772942304611,-0.0,
26440,8413.057656526566,-0.0,
26441,8413.344249010086,-0.0,
26442,8413.628829479218,-0.0,
26443,8413.915599822998,-0.0,
26444,8414.198634386063,-0.0,
26445,8414.482156515121,-0.0,
26446,8414.770170927048,-0.0,
26447,8415.055830955505,-0.0,
26448,8415.341290473938,-0.0,
26449,8415.62635087967,-0.0,
26450,8415.909209251404,-0.0,
26451,8417.032455682755,-0.0,
26452,8417.316080570221,-0.0,
26453,8417.601450681686,-0.0,
26454,8417.885514736176,-0.0,
26455,8418.174450397491,-0.0,
26456,8418.454778671265,-0.0,
26457,8418.739742517471,-0.0,
26458,8419.021961688995,-0.0,
26459,8419.306277990341,-0.0,
26460,8419.59406542778,-0.0,
26461,8419.875629663467,-0.0,
26462,8420.160223960876,-0.0,
26463,8420.443385362625,-0.0,
26464,8420.727919101715,-0.0,
26465,8421.014741182327,-0.0,
26466,8421.296425580978,-0.0,
26467,8421.580518484116,-0.0,
26468,8421.863167762756,-8.798399e-10,
26469,8422.147735834122,-0.0,
26470,8422.43363404274,-0.0,
26471,8422.71669459343,-0.0,
26472,8423.002088546753,-0.0,
26473,8423.286603927612,-0.0,
26474,8423.571450471878,-0.0,
26475,8423.851573467255,-0.0,
26476,8424.871375083923,-0.0,
26477,8425.156861782074,-0.0,
26478,8425.44220995903,-0.0,
26479,8425.728001117706,-0.0,
26480,8426.012284517288,-0.0,
26481,8426.296315431595,-0.0,
26482,8426.583010673523,-0.0,
26483,8426.867407083511,-0.0,
26484,8427.151664733887,-0.0,
26485,8427.435969352722,-0.0,
26486,8427.719489097595,-0.0,
26487,8428.00672340393,-0.0,
26488,8428.291715860367,-0.0,
26489,8428.577722072601,-0.0,
26490,8428.861939191818,-0.0,
26491,8429.146365880966,-0.0,
26492,8429.430783033371,-0.0,
26493,8429.714270830154,-0.0,
26494,8429.998093366623,-0.0,
26495,8430.280945301056,-0.0,
26496,8430.566111087799,-0.0070613683,
26497,8430.851217985153,-0.0,
26498,8431.134768247604,-0.0,
26499,8431.42047381401,-0.0,
26500,8431.978937149048,-0.0,
26501,8433.052139520645,-0.0,
26502,8433.33511209488,-0.0,
26503,8433.618879795074,-0.0,
26504,8433.903363227844,-0.0,
26505,8434.19088435173,-0.0,
26506,8434.473345279694,-0.0,
26507,8434.7574198246,-0.0,
26508,8435.042445421219,-0.0,
26509,8435.326748132706,-0.014607674,
26510,8435.612622737885,-0.0,
26511,8435.896518230438,-0.0,
26512,8436.18176984787,-0.0,
26513,8436.465856075287,-0.0,
26514,8436.749412536621,-0.0,
26515,8437.036232709885,-0.0,
26516,8437.31847190857,-0.0,
26517,8437.60477757454,-0.0,
26518,8437.887531518936,-0.0,
26519,8438.169864416122,-0.0,
26520,8438.455204248428,-0.0,
26521,8438.740587234497,-0.0,
26522,8439.026780605316,-0.0,
26523,8439.308701992035,-0.0,
26524,8439.59313750267,-0.0,
26525,8439.873082399368,-0.0,
26526,8440.998909235,-0.0,
26527,8441.280361175537,-0.0,
26528,8441.5641207695,-0.0,
26529,8441.849541187286,-0.0,
26530,8442.133523464203,-0.0,
26531,8442.417767763138,-0.01192962,
26532,8442.702020645142,-0.0,
26533,8442.98723268509,-0.0,
26534,8443.273028612137,-0.0,
26535,8443.556850671768,-0.0,
26536,8443.843618869781,-0.0,
26537,8444.126560926437,-0.0,
26538,8444.411147594452,-0.0,
26539,8444.69554567337,-0.0,
26540,8444.980517148972,-0.0,
26541,8445.268126487732,-0.0,
26542,8445.552198171616,-0.0,
26543,8445.836688041687,-0.0,
26544,8446.122653722763,-0.0,
26545,8446.407193183899,-0.0,
26546,8446.693006753922,-0.0,
26547,8446.978811740875,-0.0,
26548,8447.2651450634,-0.0,
26549,8447.548908948898,-0.0,
26550,8447.829215049744,-0.0,
26551,8448.944915056229,-0.0,
26552,8449.225729703903,-0.0,
26553,8449.511521100998,-0.0,
26554,8449.79663515091,-0.0,
26555,8450.084010601044,-0.0,
26556,8450.366430282593,-0.0,
26557,8450.650959014893,-0.0,
26558,8450.936609506607,-0.0,
26559,8451.222009897232,-0.0,
26560,8451.507404565811,-0.0,
26561,8451.791920900345,-0.0,
26562,8452.077439785004,-0.0,
26563,8452.362224817276,-0.0,
26564,8452.646062374115,-0.0,
26565,8452.932073831558,-0.0,
26566,8453.21620464325,-0.0,
26567,8453.501256465912,-0.0,
26568,8453.784946680069,-0.0,
26569,8454.068491458893,-0.0,
26570,8454.352103948593,-0.0,
26571,8454.639606237411,-0.0,
26572,8454.922703504562,-0.0,
26573,8455.207683324814,-0.0,
26574,8455.49254322052,-0.0,
26575,8455.774324655533,-0.0,
26576,8456.928440093994,-0.0,
26577,8457.2095682621,-0.0,
26578,8457.49421286583,-0.0,
26579,8457.778229951859,-0.0,
26580,8458.063071250916,-0.0,
26581,8458.347056150436,-0.0,
26582,8458.630249738693,-0.0,
26583,8458.916166067123,-0.0,
26584,8459.200727701187,-0.0,
26585,8459.486625909805,-0.0,
26586,8459.768477678299,-0.0,
26587,8460.053483963013,-0.0,
26588,8460.338906049728,-0.0,
26589,8460.621911764145,-0.0,
26590,8460.90773677826,-0.0,
26591,8461.191323041916,-0.0,
26592,8461.476320505142,-0.0,
26593,8461.76094007492,-0.0,
26594,8462.04454278946,-0.0,
26595,8462.330039262772,-0.0,
26596,8462.614574193954,-0.0,
26597,8462.900844335556,-0.0,
26598,8463.182866573334,-0.0,
26599,8463.46699666977,-0.0,
26600,8463.921744346619,-0.0,
26601,8465.031206130981,-0.0,
26602,8465.313158988953,-0.0,
26603,8465.59768652916,-0.0,
26604,8465.882784605026,-0.0,
26605,8466.167289018631,-0.0,
26606,8466.45330119133,-0.0,
26607,8466.738229513168,-0.0,
26608,8467.021916389465,-0.0,
26609,8467.308131933212,-0.0,
26610,8467.594518899918,-0.0,
26611,8467.881231307983,-0.0,
26612,8468.165025472641,-0.0,
26613,8468.451630830765,-0.0,
26614,8468.738351106644,-0.0,
26615,8469.022553920746,-0.0,
26616,8469.31008887291,-0.0,
26617,8469.59562420845,-0.0,
26618,8469.88132429123,-0.0,
26619,8470.16597032547,-0.0,
26620,8470.45139503479,-0.0,
26621,8470.739518404007,-0.0,
26622,8471.02472949028,-0.0,
26623,8471.310646057129,-0.0,
26624,8471.596509933472,-0.0,
26625,8471.876516580582,-0.0,
26626,8472.954751491547,-0.0,
26627,8473.237074136734,-0.0,
26628,8473.522613286972,-0.0,
26629,8473.807238340378,-0.0,
26630,8474.093483448029,-0.0,
26631,8474.377189874649,-0.0,
26632,8474.66189622879,-0.0,
26633,8474.948687791824,-0.0,
26634,8475.233816862106,-0.0,
26635,8475.520274877548,-0.0,
26636,8475.804275751114,-0.0,
26637,8476.090327978134,-0.0,
26638,8476.37781381607,-0.0,
26639,8476.662618637085,-0.0,
26640,8476.94876742363,-0.0,
26641,8477.235278129578,-0.0,
26642,8477.519186973572,-0.0,
26643,8477.804748535156,-0.0,
26644,8478.09199333191,-0.0,
26645,8478.376075983047,-0.0,
26646,8478.664010763168,-0.0,
26647,8478.94822382927,-0.0,
26648,8479.234058380127,-0.0,
26649,8479.518836021423,-0.0,
26650,8479.798599004745,-0.0,
26651,8480.90152144432,-0.0,
26652,8481.183588981628,-0.0,
26653,8481.471633911133,-0.0,
26654,8481.756608247757,-0.0,
26655,8482.042634010315,-0.0,
26656,8482.328274965286,-0.0,
26657,8482.614313364029,-0.0,
26658,8482.900279045105,-0.0,
26659,8483.186236143112,-0.0022757945,
26660,8483.474094629288,-0.0,
26661,8483.757554292679,-0.0,
26662,8484.042761564255,-0.0,
26663,8484.329844713211,-0.0,
26664,8484.614774942398,-0.0,
26665,8484.90250301361,-0.0,
26666,8485.187118530273,-0.0,
26667,8485.473621606827,-0.0,
26668,8485.758666276932,-0.0,
26669,8486.043123722076,-0.0,
26670,8486.330779790878,-0.0,
26671,8486.615493535995,-0.0,
26672,8486.902030944824,-0.0,
26673,8487.186797857285,-0.0,
26674,8487.473581790924,-0.0,
26675,8487.75528550148,-0.0,
26676,8488.820326089859,-0.0,
26677,8489.103995800018,-0.0,
26678,8489.388204097748,-0.0,
26679,8489.674283981323,-0.0,
26680,8489.956682443619,-0.0,
26681,8490.240246534348,-0.0,
26682,8490.526272535324,-0.0,
26683,8490.810732126236,-0.0,
26684,8491.095115423203,-0.0,
26685,8491.378774166107,-0.0,
26686,8491.663220405579,-0.0,
26687,8491.949083328247,-0.0,
26688,8492.23311161995,-0.0,
26689,8492.52020406723,-0.0,
26690,8492.802637577057,-0.0,
26691,8493.088453531265,-0.0,
26692,8493.372313022614,-0.0,
26693,8493.656567335129,-0.0,
26694,8493.942549467087,-0.0,
26695,8494.228063821793,-0.0,
26696,8494.513405799866,-0.0,
26697,8494.796376943588,-0.0,
26698,8495.080432891846,-0.0,
26699,8495.367096424103,-0.0,
26700,8495.818547964096,-0.0,
26701,8496.89634013176,-0.0,
26702,8497.17626452446,-0.0,
26703,8497.459938764572,-0.0,
26704,8497.744024276733,-0.0,
26705,8498.028081178665,-0.0,
26706,8498.310207605362,-0.0,
26707,8498.59244465828,-0.0,
26708,8498.877271652222,-0.0,
26709,8499.160422801971,-0.0,
26710,8499.446542263031,-0.0,
26711,8499.729268789291,-0.0,
26712,8500.011752128601,-0.0,
26713,8500.294761896133,-0.0,
26714,8500.57632136345,-0.0,
26715,8500.860097885132,-0.0,
26716,8501.144466876984,-0.0,
26717,8501.427985191345,-0.0,
26718,8501.709710121155,-0.0,
26719,8501.995590925217,-0.0,
26720,8502.277883768082,-0.0,
26721,8502.562026262283,-0.0,
26722,8502.846858501434,-0.0,
26723,8503.12993144989,-0.0,
26724,8503.415082931519,-0.0,
26725,8503.695661783218,-0.0,
26726,8504.865397691727,-0.0,
26727,8505.14851641655,-0.0,
26728,8505.434229850769,-0.0,
26729,8505.716205120087,-0.0,
26730,8506.002257823944,-0.0,
26731,8506.287597417831,-0.0,
26732,8506.571912288666,-0.0,
26733,8506.858664274216,-0.0,
26734,8507.143988370895,-0.0,
26735,8507.429621696472,-0.0,
26736,8507.714041233063,-0.0,
26737,8508.000156641006,-0.0,
26738,8508.28864979744,-0.0,
26739,8508.573029518127,-0.0,
26740,8508.85900592804,-0.0,
26741,8509.144560575485,-0.0,
26742,8509.428179264069,-0.0,
26743,8509.714720964432,-0.0,
26744,8510.000614643097,-0.0,
26745,8510.288339614868,-0.0,
26746,8510.57212471962,-0.0,
26747,8510.857643842697,-0.0,
26748,8511.144984006882,-0.01856045,
26749,8511.429143190384,-0.0,
26750,8511.71337556839,-0.0,
26751,8512.784809112549,-0.0,
26752,8513.069501638412,-0.0,
26753,8513.353330373764,-0.0,
26754,8513.640080690384,-0.0,
26755,8513.925692558289,-0.0,
26756,8514.210483312607,-0.0,
26757,8514.498051404953,-0.0,
26758,8514.783753871918,-0.0,
26759,8515.069279909134,-0.0,
26760,8515.354808330536,-0.0,
26761,8515.640233755112,-0.0,
26762,8515.927527427673,-0.0,
26763,8516.212794303894,-0.0,
26764,8516.500690460205,-0.0,
26765,8516.785759687424,-0.0,
26766,8517.071297168732,-0.0,
26767,8517.357080698013,-0.0,
26768,8517.643040418625,-0.0,
26769,8517.930943250656,-0.0,
26770,8518.21591591835,-0.0,
26771,8518.503468990326,-0.0,
26772,8518.788799285889,-0.0,
26773,8519.074501037598,-0.0,
26774,8519.364046096802,-0.0,
26775,8519.646403312683,-0.0,
26776,8520.713321447372,-0.0,
26777,8520.995462179184,-0.0,
26778,8521.281756401062,-0.0,
26779,8521.566128969193,-0.0,
26780,8521.850675344467,-0.016945913,
26781,8522.138988018036,-0.0,
26782,8522.422981739044,-0.0,
26783,8522.708625555038,-0.0,
26784,8522.993233203888,-0.0,
26785,8523.276968240738,-0.0,
26786,8523.561844110489,-0.0,
26787,8523.845222711563,-0.0,
26788,8524.129188776016,-0.0,
26789,8524.412732362747,-0.0,
26790,8524.697189331055,-0.0,
26791,8524.980795383453,-0.0,
26792,8525.266544103622,-0.0,
26793,8525.550609111786,-0.0042203367,
26794,8525.837606430054,-0.0,
26795,8526.121918678284,-0.0,
26796,8526.405996084213,-0.005292381,
26797,8526.692160367966,-0.0,
26798,8526.977564573288,-0.0,
26799,8527.26391839981,-0.0,
26800,8527.717406272888,-0.0,
26801,8528.806478261948,-0.0,
26802,8529.088904380798,-0.0,
26803,8529.377032995224,-0.0,
26804,8529.659702539444,-0.0,
26805,8529.94437623024,-0.0,
26806,8530.22811460495,-0.0,
26807,8530.512073993683,-0.0,
26808,8530.799942493439,-0.0,
26809,8531.083553552628,-0.0,
26810,8531.36872792244,-0.0,
26811,8531.65352344513,-0.0,
26812,8531.938117265701,-0.0,
26813,8532.224272727966,-0.0,
26814,8532.507892370224,-0.0,
26815,8532.794070243835,-0.0,
26816,8533.078321695328,-0.0,
26817,8533.361821889877,-0.0,
26818,8533.647559165955,-0.0,
26819,8533.932587623596,-0.0,
26820,8534.220326900482,-0.0,
26821,8534.503584623337,-0.0,
26822,8534.788546800613,-0.0,
26823,8535.074676275253,-0.0,
26824,8535.358403682709,-0.0,
26825,8535.641885757446,-0.0,
26826,8536.764927148819,-0.0,
26827,8537.048139810562,-0.0,
26828,8537.33448433876,-0.0,
26829,8537.620043039322,-0.0,
26830,8537.905258655548,-0.0,
26831,8538.190542697906,-0.0,
26832,8538.478589773178,-0.0,
26833,8538.763790607452,-1.7652422e-07,
26834,8539.048959493637,-0.0,
26835,8539.334465503693,-0.0,
26836,8539.61896443367,-0.0,
26837,8539.905506134033,-0.0,
26838,8540.190454244614,-0.0,
26839,8540.47838306427,-0.0,
26840,8540.76299238205,-0.0,
26841,8541.047907114029,-0.0,
26842,8541.335931062698,-0.0,
26843,8541.620573043823,-0.0,
26844,8541.908524036407,-0.0,
26845,8542.19314789772,-0.0,
26846,8542.47951579094,-0.0,
26847,8542.764411449432,-0.0,
26848,8543.050086736679,-0.0,
26849,8543.338413476944,-0.0,
26850,8543.620217323303,-0.0,
26851,8544.684140443802,-0.0,
26852,8544.962236642838,-0.0,
26853,8545.245444059372,-0.0,
26854,8545.528624296188,-0.0,
26855,8545.810570955276,-0.0,
26856,8546.095841646194,-0.0,
26857,8546.378500699997,-0.0,
26858,8546.662671804428,-0.0,
26859,8546.945166349411,-0.0,
26860,8547.22900056839,-0.0,
26861,8547.514453172684,-0.0,
26862,8547.797711849213,-0.0,
26863,8548.080740690231,-0.0,
26864,8548.366091012955,-0.0,
26865,8548.649024486542,-0.0,
26866,8548.932809114456,-0.0,
26867,8549.216278553009,-0.0,
26868,8549.499328613281,-0.0,
26869,8549.784233808517,-0.0,
26870,8550.068155765533,-0.0,
26871,8550.352162122726,-0.0,
26872,8550.634131193161,-0.0,
26873,8550.917958498001,-0.0,
26874,8551.202528238297,-0.0,
26875,8551.481328487396,-0.0,
26876,8552.643514156342,-0.0,
26877,8552.928074359894,-0.0,
26878,8553.214049577713,-0.0,
26879,8553.497990131378,-0.0,
26880,8553.782284021378,-0.0,
26881,8554.069333553314,-0.0,
26882,8554.353622674942,-0.0,
26883,8554.640627622604,-0.0,
26884,8554.923652887344,-0.0,
26885,8555.21037530899,-0.0,
26886,8555.495030879974,-0.0,
26887,8555.77926659584,-0.0,
26888,8556.067039966583,-0.0,
26889,8556.352560281754,-0.0,
26890,8556.638487100601,-0.0,
26891,8556.923144340515,-1.2583589e-08,
26892,8557.208305835724,-0.0,
26893,8557.494505882263,-0.0,
26894,8557.778726100922,-0.0,
26895,8558.065272569656,-0.0,
26896,8558.350420951843,-0.0,
26897,8558.634405851364,-0.0,
26898,8558.919921159744,-0.0,
26899,8559.206159830093,-0.0,
26900,8559.657053232193,-0.0,
26901,8560.700421571732,-0.0,
26902,8560.985492706299,-0.0,
26903,8561.269646644592,-0.0,
26904,8561.556280374527,-0.0,
26905,8561.838305234909,-0.0,
26906,8562.124243974686,-0.0,
26907,8562.410619735718,-0.0,
26908,8562.694754600525,-0.0,
26909,8562.981635093689,-0.0,
26910,8563.26809501648,-0.0,
26911,8563.552537441254,-0.0,
26912,8563.836555957794,-0.0,
26913,8564.12157702446,-0.0,
26914,8564.40915441513,-0.0,
26915,8564.693447589874,-0.0,
26916,8564.978911399841,-0.0,
26917,8565.263665437698,-0.0,
26918,8565.548502206802,-0.0,
26919,8565.83488702774,-0.0,
26920,8566.119047880173,-0.0,
26921,8566.406920671463,-0.0,
26922,8566.690128326416,-0.0,
26923,8566.975729465485,-0.0,
26924,8567.261534452438,-0.0,
26925,8567.543708324432,-0.0,
26926,8568.67406988144,-0.0,
26927,8568.954743862152,-0.0,
26928,8569.238799095154,-0.0,
26929,8569.522794485092,-0.0,
26930,8569.808573007584,-0.0,
26931,8570.09044957161,-0.0,
26932,8570.37225651741,-0.0,
26933,8570.654180526733,-0.0,
26934,8570.936542272568,-0.0,
26935,8571.219794988632,-0.0,
26936,8571.50353193283,-0.0,
26937,8571.786897659302,-0.0,
26938,8572.068688869476,-0.0,
26939,8572.353583097458,-0.0,
26940,8572.636227607727,-0.0,
26941,8572.921823740005,-0.0,
26942,8573.204471826553,-0.0,
26943,8573.487405061722,-0.0,
26944,8573.77233672142,-0.0,
26945,8574.055417060852,-0.0,
26946,8574.343356847763,-0.0,
26947,8574.625345468521,-0.0,
26948,8574.907614707947,-0.0,
26949,8575.193191289902,-0.0,
26950,8575.475202083588,-0.0,
26951,8576.507752418518,-0.0,
26952,8576.789913654327,-0.0,
26953,8577.075386047363,-0.0,
26954,8577.361253261566,-0.0,
26955,8577.646228313446,-0.0,
26956,8577.933145999908,-0.0,
26957,8578.218125104904,-0.0,
26958,8578.50556731224,-0.0,
26959,8578.788810491562,-0.011916744,
26960,8579.074258804321,-0.0,
26961,8579.361581802368,-0.0,
26962,8579.646211624146,-0.0,
26963,8579.933534383774,-0.0,
26964,8580.21911239624,-0.0,
26965,8580.505820989609,-0.0,
26966,8580.790334701538,-0.0,
26967,8581.075945615768,-0.0,
26968,8581.364590644836,-0.0,
26969,8581.648423194885,-0.0,
26970,8581.935285329819,-0.0,
26971,8582.22015953064,-0.0,
26972,8582.504937648773,-0.0,
26973,8582.791871786118,-0.0,
26974,8583.07717013359,-0.0,
26975,8583.36197257042,-0.0,
26976,8584.427364349365,-0.0,
26977,8584.71219921112,-0.0,
26978,8584.997264385223,-0.0,
26979,8585.282292366028,-0.0,
26980,8585.568988323212,-0.0,
26981,8585.853021383286,-0.0,
26982,8586.141710996628,-0.0,
26983,8586.424225568771,-0.0,
26984,8586.710272312164,-0.0,
26985,8586.996195077896,-0.0,
26986,8587.281368494034,-0.0,
26987,8587.56736254692,-0.0,
26988,8587.851297616959,-0.0,
26989,8588.137563228607,-0.0,
26990,8588.421703577042,-0.0,
26991,8588.706132650375,-0.0,
26992,8588.992752790451,-0.0,
26993,8589.278909683228,-0.0,
26994,8589.565143108368,-0.0,
26995,8589.849544763565,-0.0,
26996,8590.135002851486,-0.0,
26997,8590.421958684921,-0.0,
26998,8590.706305742264,-0.0,
26999,8590.993704080582,-0.0,
27000,8591.441219568253,-0.0,
27001,8592.486805438995,-0.0,
27002,8592.768897294998,-0.0,
27003,8593.056443929672,-0.0,
27004,8593.339496612549,-0.0,
27005,8593.62309885025,-0.0,
27006,8593.90671133995,-0.0,
27007,8594.191406488419,-0.0,
27008,8594.476390600204,-0.0,
27009,8594.76219534874,-0.0,
27010,8595.043548583984,-0.0,
27011,8595.327945709229,-0.0,
27012,8595.612555265427,-0.0,
27013,8595.896387577057,-0.0,
27014,8596.181999206543,-0.0,
27015,8596.466346740723,-0.0,
27016,8596.751194953918,-0.0,
27017,8597.036072015762,-0.0,
27018,8597.319524288177,-0.0,
27019,8597.604753017426,-0.0,
27020,8597.887712955475,-0.0,
27021,8598.172661066055,-0.0,
27022,8598.456521987915,-0.0,
27023,8598.740196943283,-0.0,
27024,8599.025745153427,-0.0,
27025,8599.305063962936,-0.0,
27026,8600.545359134674,-0.0,
27027,8600.830193519592,-0.0,
27028,8601.116534233093,-0.0,
27029,8601.400588035583,-0.0,
27030,8601.68792462349,-0.0,
27031,8601.97342967987,-0.0,
27032,8602.25938630104,-0.0,
27033,8602.543278694153,-0.0,
27034,8602.827327489853,-0.0,
27035,8603.114635944366,-0.0,
27036,8603.399164676666,-0.0,
27037,8603.685197353363,-0.0,
27038,8603.970384597778,-0.0,
27039,8604.256499290466,-0.0,
27040,8604.542672872543,-0.0,
27041,8604.827698469162,-0.0,
27042,8605.116666555405,-0.0,
27043,8605.399304151535,-0.0,
27044,8605.685095071793,-0.0,
27045,8605.971135377884,-0.0,
27046,8606.256467103958,-0.0,
27047,8606.543679475784,-0.0,
27048,8606.8290309906,-0.0,
27049,8607.115205526352,-0.0,
27050,8607.394634723663,-0.0,
27051,8608.449741840363,-0.0,
27052,8608.735147476196,-0.0,
27053,8609.018750667572,-0.0,
27054,8609.305654287338,-0.0,
27055,8609.59020113945,-0.0,
27056,8609.875227212906,-0.0,
27057,8610.160974264145,-0.0,
27058,8610.444852590561,-0.0,
27059,8610.733088493347,-0.0,
27060,8611.016642093658,-0.0,
27061,8611.302003622055,-0.0,
27062,8611.586493730545,-0.0,
27063,8611.871636390686,-0.0,
27064,8612.158565282822,-0.0,
27065,8612.442557096481,-0.0,
27066,8612.728636741638,-0.0,
27067,8613.013692855835,-0.0,
27068,8613.297699689865,-0.0,
27069,8613.583980560303,-0.0,
27070,8613.869438171387,-0.0,
27071,8614.155992031097,-0.012593715,
27072,8614.440516471863,-0.0,
27073,8614.726968288422,-0.0,
27074,8615.01348233223,-0.0,
27075,8615.293456554413,-0.0,
27076,8616.335779190063,-0.0,
27077,8616.617140054703,-0.0,
27078,8616.900389909744,-0.0,
27079,8617.184131860733,-0.0,
27080,8617.468305587769,-0.0,
27081,8617.753096103668,-0.0,
27082,8618.038584947586,-0.0,
27083,8618.323081731796,-0.0,
27084,8618.610527515411,-0.0,
27085,8618.894048929214,-0.0,
27086,8619.178696155548,-0.0,
27087,8619.464472293854,-0.0,
27088,8619.750420331955,-0.0,
27089,8620.03639626503,-0.0,
27090,8620.319412946701,-0.0,
27091,8620.604771614075,-0.0,
27092,8620.89104104042,-0.0,
27093,8621.175201177597,-0.0,
27094,8621.462409973145,-0.0,
27095,8621.747676372528,-0.0,
27096,8622.033145189285,-0.0,
27097,8622.317856550217,-0.0,
27098,8622.603061676025,-0.0,
27099,8622.89096212387,-0.0,
27100,8623.338644266129,-0.0,
27101,8624.520407915115,-0.0,
27102,8624.804586648941,-0.0,
27103,8625.090733289719,-0.0,
27104,8625.374066352844,-0.0,
27105,8625.660448789597,-0.0,
27106,8625.945784807205,-0.0,
27107,8626.232017040253,-0.0,
27108,8626.516191482544,-0.0,
27109,8626.80005288124,-0.011829156,
27110,8627.087676525116,-0.0,
27111,8627.371637105942,-0.0,
27112,8627.657494068146,-0.0,
27113,8627.94267463684,-0.0,
27114,8628.228966474533,-0.0,
27115,8628.51498746872,-0.0,
27116,8628.799510717392,-0.0,
27117,8629.088084936142,-0.0,
27118,8629.371137142181,-0.0,
27119,8629.657900333405,-0.0,
27120,8629.944301605225,-0.0,
27121,8630.228783130646,-0.0,
27122,8630.516108989716,-0.0,
27123,8630.80111694336,-0.0,
27124,8631.088362932205,-0.0,
27125,8631.367444515228,-0.0,
27126,8632.440027952194,-0.0,
27127,8632.723065137863,-0.0,
27128,8633.006972312927,-0.0010757153,
27129,8633.29288816452,-0.0,
27130,8633.576548337936,-0.0,
27131,8633.862510681152,-0.0,
27132,8634.14739704132,-0.0,
27133,8634.430723190308,-0.0,
27134,8634.715851068497,-0.0,
27135,8635.000608205795,-0.0,
27136,8635.286687135696,-0.0,
27137,8635.57044506073,-0.0,
27138,8635.855062484741,-0.0,
27139,8636.14072227478,-0.0,
27140,8636.425980567932,-7.583832e-05,
27141,8636.712016105652,-0.0,
27142,8636.99460363388,-0.0,
27143,8637.28029870987,-0.0,
27144,8637.56611609459,-0.0,
27145,8637.850045919418,-0.0,
27146,8638.135972499847,-0.0,
27147,8638.421524047852,-0.0,
27148,8638.70729136467,-0.0,
27149,8638.99159026146,-0.0,
27150,8639.271795988083,-0.0,
27151,8640.301523923874,-0.0,
27152,8640.583961486816,-0.0,
27153,8640.868808984756,-0.0,
27154,8641.15336227417,-0.0,
27155,8641.437828302383,-0.0,
27156,8641.723088979721,-0.0,
27157,8642.00685095787,-0.0,
27158,8642.292473554611,-0.0,
27159,8642.576780557632,-0.0,
27160,8642.862801074982,-0.0,
27161,8643.14650130272,-0.0,
27162,8643.430682182312,-0.0,
27163,8643.71705198288,-0.0,
27164,8644.002720832825,-0.0,
27165,8644.287928819656,-0.0,
27166,8644.571714401245,-0.0,
27167,8644.857658624649,-0.0,
27168,8645.144014835358,-0.0,
27169,8645.428468465805,-0.0,
27170,8645.715143442154,-0.0,
27171,8645.999313354492,-0.0,
27172,8646.284708976746,-0.0,
27173,8646.570039272308,-1.8059215e-07,
27174,8646.854358673096,-0.0,
27175,8647.138786554337,-0.0,
27176,8648.273230552673,-0.0,
27177,8648.560143470764,-0.0,
27178,8648.844059467316,-0.0,
27179,8649.12770819664,-0.0,
27180,8649.412206172943,-0.0,
27181,8649.697315692902,-0.0,
27182,8649.984698295593,-0.0,
27183,8650.269085168839,-0.0,
27184,8650.555136680603,-0.0,
27185,8650.840744018555,-0.0,
27186,8651.124418258667,-0.0,
27187,8651.410665750504,-0.0,
27188,8651.695781230927,-0.0,
27189,8651.982939481735,-0.0,
27190,8652.267755746841,-0.0,
27191,8652.55232000351,-0.0,
27192,8652.839557170868,-0.0,
27193,8653.124090194702,-0.0,
27194,8653.41093468666,-0.0,
27195,8653.695861577988,-0.0,
27196,8653.982112884521,-0.0,
27197,8654.267661571503,-0.0,
27198,8654.551658391953,-0.0,
27199,8654.84096980095,-0.0,
27200,8655.290380477905,-0.0,
27201,8656.400849580765,-0.0,
27202,8656.683673620224,-0.0,
27203,8656.970367193222,-0.0,
27204,8657.255352258682,-0.0,
27205,8657.543114900589,-0.0,
27206,8657.827666521072,-0.0,
27207,8658.113695859909,-0.0,
27208,8658.399266004562,-0.0,
27209,8658.682767391205,-0.0,
27210,8658.96957564354,-0.0,
27211,8659.25570011139,-0.012867055,
27212,8659.541885852814,-0.0,
27213,8659.826679229736,-0.0,
27214,8660.111687660217,-0.0,
27215,8660.400649785995,-0.0,
27216,8660.684964895248,-0.0,
27217,8660.971235752106,-0.0,
27218,8661.257632732391,-0.0,
27219,8661.541159391403,-0.0024273808,
27220,8661.828704118729,-0.0,
27221,8662.115191221237,-0.0,
27222,8662.402352333069,-0.0,
27223,8662.685934066772,-0.0,
27224,8662.973522424698,-0.0,
27225,8663.254581928253,-0.0,
27226,8664.30485701561,-0.0,
27227,8664.58693575859,-0.0,
27228,8664.872074127197,-0.0,
27229,8665.156913995743,-0.0,
27230,8665.442631483078,-0.0,
27231,8665.725482225418,-0.0,
27232,8666.011175632477,-0.0,
27233,8666.298196554184,-0.0,
27234,8666.583813428879,-0.0,
27235,8666.87018752098,-0.0,
27236,8667.1556558609,-0.0,
27237,8667.44103217125,-0.0,
27238,8667.725641489029,-0.0,
27239,8668.01100230217,-0.0,
27240,8668.298487186432,-0.0,
27241,8668.582645654678,-0.0,
27242,8668.868031978607,-0.0,
27243,8669.152950525284,-0.0,
27244,8669.438045501709,-0.0,
27245,8669.724041223526,-0.0,
27246,8670.010694742203,-0.0,
27247,8670.298493385315,-0.0,
27248,8670.582925319672,-0.0,
27249,8670.869434595108,-0.0,
27250,8671.152251243591,-0.0,
27251,8672.277596950531,-0.0,
27252,8672.560588121414,-0.0,
27253,8672.843396425247,-0.0,
27254,8673.1304833889,-0.0,
27255,8673.414928913116,-0.0,
27256,8673.69888329506,-0.0018471088,
27257,8673.982405424118,-0.0,
27258,8674.266308307648,-0.0,
27259,8674.552634716034,-0.0,
27260,8674.835861444473,-0.0,
27261,8675.122037172318,-0.0,
27262,8675.404829025269,-0.0,
27263,8675.689297437668,-0.0,
27264,8675.975929021835,-0.0,
27265,8676.259868860245,-0.0,
27266,8676.544851779938,-0.0,
27267,8676.828657627106,-0.0,
27268,8677.114449977875,-0.0,
27269,8677.400463342667,-0.0,
27270,8677.684296131134,-0.0,
27271,8677.971616268158,-0.0,
27272,8678.254282712936,-0.0,
27273,8678.538577079773,-0.0,
27274,8678.823405265808,-0.0,
27275,8679.104362010956,-0.0,
27276,8680.179609775543,-0.0,
27277,8680.463454008102,-0.0,
27278,8680.751612663269,-0.0,
27279,8681.034435987473,-0.0,
27280,8681.32045173645,-0.0,
27281,8681.606565475464,-0.0,
27282,8681.893948793411,-0.0,
27283,8682.181763410568,-0.0,
27284,8682.46828866005,-0.0,
27285,8682.754595041275,-0.0,
27286,8683.039274692535,-0.0,
27287,8683.325150728226,-0.0,
27288,8683.614517211914,-0.0,
27289,8683.897803783417,-0.0,
27290,8684.184948444366,-0.0,
27291,8684.471678733826,-0.0,
27292,8684.75667142868,-0.0,
27293,8685.043489933014,-0.0,
27294,8685.33014678955,-0.0,
27295,8685.616382837296,-0.0,
27296,8685.901612758636,-0.0,
27297,8686.18690443039,-0.0,
27298,8686.474175691605,-0.0,
27299,8686.759685993195,-0.0,
27300,8687.210909605026,-0.0,
27301,8688.33070230484,-0.0,
27302,8688.61526799202,-0.0,
27303,8688.899427175522,-0.0,
27304,8689.184754371643,-0.0,
27305,8689.470401763916,-0.0,
27306,8689.754246711731,-0.0,
27307,8690.040157079697,-0.0,
27308,8690.32478094101,-0.0,
27309,8690.609838962555,-0.0,
27310,8690.89506483078,-0.0,
27311,8691.179399728775,-0.0,
27312,8691.467976093292,-0.0,
27313,8691.75206065178,-0.0,
27314,8692.036452054977,-0.0,
27315,8692.321311950684,-0.0,
27316,8692.60722541809,-0.0,
27317,8692.893611431122,-0.0,
27318,8693.178010940552,-0.0,
27319,8693.46367239952,-0.0,
27320,8693.748435258865,-0.0,
27321,8694.032047271729,-0.0,
27322,8694.317506074905,-0.0,
27323,8694.602575302124,-0.0,
27324,8694.890454053879,-0.0,
27325,8695.169909000397,-0.0,
27326,8696.297028541565,-0.0,
27327,8696.577634811401,-0.0,
27328,8696.863507270813,-0.0,
27329,8697.148050069809,-0.0,
27330,8697.43117904663,-0.0,
27331,8697.717396736145,-0.0,
27332,8698.002766370773,-0.0,
27333,8698.288897514343,-0.0,
27334,8698.573315143585,-0.0,
27335,8698.857333183289,-0.0,
27336,8699.14458322525,-0.0,
27337,8699.42957687378,-0.0,
27338,8699.715116500854,-0.0,
27339,8699.998290777206,-0.0,
27340,8700.284341812134,-0.0,
27341,8700.569944381714,-0.0,
27342,8700.854622840881,-0.0,
27343,8701.141824007034,-0.0,
27344,8701.426160812378,-0.0,
27345,8701.71049451828,-0.0,
27346,8701.995407104492,-0.0,
27347,8702.28040599823,-0.0,
27348,8702.568170070648,-0.0,
27349,8702.852548599243,-0.0,
27350,8703.13359951973,-0.0,
27351,8704.208647727966,-0.0,
27352,8704.49131321907,-0.0,
27353,8704.776270151138,-0.0,
27354,8705.060920000076,-0.0,
27355,8705.349037885666,-0.0,
27356,8705.631617307663,-0.0,
27357,8705.917161464691,-0.0,
27358,8706.203164339066,-0.0,
27359,8706.487064361572,-0.0,
27360,8706.7738032341,-0.0,
27361,8707.058861494064,-0.0,
27362,8707.346199512482,-0.0,
27363,8707.630395889282,-0.0,
27364,8707.914501667023,-0.0,
27365,8708.202573776245,-0.0,
27366,8708.487501382828,-0.0,
27367,8708.773791313171,-0.0,
27368,8709.059034824371,-0.0,
27369,8709.343837976456,-0.0,
27370,8709.628546237946,-0.0,
27371,8709.911758899689,-0.0,
27372,8710.19640469551,-0.0,
27373,8710.481854438782,-0.0,
27374,8710.764970779419,-0.0,
27375,8711.04494190216,-0.0,
27376,8712.077562570572,-0.0,
27377,8712.361786603928,-0.0,
27378,8712.645304441452,-0.0,
27379,8712.928620815277,-0.0,
27380,8713.214235544205,-0.0,
27381,8713.499563694,-0.0,
27382,8713.785247325897,-0.0,
27383,8714.069612503052,-0.0,
27384,8714.354318618774,-0.0,
27385,8714.642266988754,-0.0,
27386,8714.925896406174,-0.0,
27387,8715.212821483612,-0.0,
27388,8715.497078418732,-0.0,
27389,8715.783242940903,-0.0,
27390,8716.069644451141,-0.0,
27391,8716.354632139206,-0.0,
27392,8716.64319896698,-0.0,
27393,8716.927326202393,-0.0,
27394,8717.211346149445,-0.0,
27395,8717.49638724327,-0.0,
27396,8717.781688928604,-0.0,
27397,8718.067955970764,-0.0,
27398,8718.351601600647,-0.0,
27399,8718.639125585556,-0.0,
27400,8719.08948636055,-0.0,
27401,8720.156200647354,-0.0,
27402,8720.438873291016,-0.0,
27403,8720.724064350128,-0.0,
27404,8721.008276700974,-0.0,
27405,8721.294169425964,-0.0,
27406,8721.581576824188,-0.0,
27407,8721.865185976028,-0.0,
27408,8722.15037894249,-0.0,
27409,8722.435185670853,-0.0,
27410,8722.720573663712,-0.0,
27411,8723.00710439682,-0.0,
27412,8723.292106866837,-0.0,
27413,8723.578430652618,-0.0,
27414,8723.862289905548,-0.0,
27415,8724.147670030594,-0.0,
27416,8724.434969902039,-0.0,
27417,8724.720405578613,-0.0,
27418,8725.007008075714,-0.0,
27419,8725.291335105896,-0.0,
27420,8725.578082084656,-0.0,
27421,8725.864367723465,-0.0,
27422,8726.149710893631,-0.0,
27423,8726.439125299454,-0.0,
27424,8726.72144150734,-0.0,
27425,8727.003807067871,-0.0,
27426,8728.084682703018,-0.0,
27427,8728.366832017899,-0.0,
27428,8728.65430355072,-0.0,
27429,8728.939549207687,-0.0,
27430,8729.226964473724,-0.0,
27431,8729.512236356735,-0.0,
27432,8729.79856300354,-0.0,
27433,8730.084701299667,-0.0,
27434,8730.370512247086,-0.0,
27435,8730.659571409225,-0.0,
27436,8730.944753408432,-0.0,
27437,8731.232308149338,-0.0,
27438,8731.518164396286,-0.0,
27439,8731.80280470848,-0.0,
27440,8732.090566635132,-0.0,
27441,8732.377911806107,-0.0,
27442,8732.66518831253,-0.0,
27443,8732.950356006622,-0.0,
27444,8733.237736701965,-0.0,
27445,8733.524095535278,-0.0,
27446,8733.810307741165,-0.0,
27447,8734.098495960236,-0.0,
27448,8734.384202003479,-0.0,
27449,8734.671652078629,-0.0,
27450,8734.953496932983,-0.0,
27451,8736.005653142929,-0.0,
27452,8736.288747549057,-0.0,
27453,8736.57508778572,-0.0,
27454,8736.859520196915,-0.0,
27455,8737.144993066788,-0.0,
27456,8737.431086063385,-0.0,
27457,8737.71566915512,-0.0,
27458,8738.002331972122,-0.0,
27459,8738.287741661072,-0.0,
27460,8738.574781894684,-0.0,
27461,8738.859036684036,-0.0,
27462,8739.14442229271,-0.0,
27463,8739.432179689407,-0.0,
27464,8739.717397928238,-0.0,
27465,8740.00512433052,-0.0,
27466,8740.289860248566,-0.0,
27467,8740.575678348541,-0.0,
27468,8740.860896110535,-0.0,
27469,8741.144817113876,-0.0,
27470,8741.433238506317,-0.0,
27471,8741.71723484993,-0.0,
27472,8742.004321575165,-0.0,
27473,8742.289746522903,-0.0,
27474,8742.574586629868,-0.0,
27475,8742.857688903809,-0.0,
27476,8744.006392478943,-0.0,
27477,8744.290436506271,-0.0,
27478,8744.573945045471,-0.0,
27479,8744.861778736115,-0.0,
27480,8745.145986795425,-0.0,
27481,8745.430923700333,-0.0,
27482,8745.71600651741,-0.0,
27483,8746.000271558762,-0.013946411,
27484,8746.28805232048,-0.0,
27485,8746.573875904083,-0.0,
27486,8746.859689474106,-0.0,
27487,8747.144282102585,-0.0,
27488,8747.429409265518,-0.0,
27489,8747.715088129044,-0.0,
27490,8748.000148534775,-0.0,
27491,8748.28813457489,-0.0,
27492,8748.572350978851,-0.0,
27493,8748.857234716415,-0.0,
27494,8749.142923593521,-0.0,
27495,8749.429383516312,-0.0,
27496,8749.716385602951,-0.0,
27497,8750.000658988953,-0.0,
27498,8750.286300182343,-0.0,
27499,8750.57219529152,-0.0,
27500,8751.02500629425,-0.0,
27501,8752.073610544205,-0.0,
27502,8752.354448318481,-0.0,
27503,8752.638370752335,-0.0,
27504,8752.922387361526,-0.0,
27505,8753.209587574005,-0.0,
27506,8753.493131160736,-0.0,
27507,8753.777806282043,-0.0,
27508,8754.061571359634,-0.006775006,
27509,8754.3469247818,-0.0,
27510,8754.63338136673,-0.0,
27511,8754.917651176453,-0.0,
27512,8755.202978372574,-0.0,
27513,8755.488145112991,-0.0,
27514,8755.77158498764,-0.0,
27515,8756.057572841644,-0.0,
27516,8756.34248495102,-0.0,
27517,8756.6307721138,-0.0,
27518,8756.913392305374,-0.0,
27519,8757.198727369308,-0.0,
27520,8757.484845161438,-0.0,
27521,8757.76912021637,-0.0,
27522,8758.054726839066,-0.0,
27523,8758.337448358536,-0.0,
27524,8758.622913122177,-0.0,
27525,8758.90512061119,-0.0,
27526,8759.875265598297,-0.0,
27527,8760.15668964386,-0.0,
27528,8760.444128513336,-0.0,
27529,8760.7282538414,-0.0,
27530,8761.01255774498,-0.0,
27531,8761.295820713043,-0.0,
27532,8761.579755067825,-0.0,
27533,8761.867239713669,-0.0,
27534,8762.151985645294,-0.0,
27535,8762.43706703186,-0.0,
27536,8762.721147537231,-0.0,
27537,8763.006838798523,-0.0,
27538,8763.2919754982,-0.0,
27539,8763.575992822647,-0.0,
27540,8763.862371444702,-0.0,
27541,8764.146833658218,-0.0,
27542,8764.430337190628,-0.0,
27543,8764.7154276371,-0.0,
27544,8765.000018835068,-0.0,
27545,8765.287867069244,-0.0,
27546,8765.56868982315,-0.0,
27547,8765.854184389114,-0.0,
27548,8766.139685153961,-0.010512242,
27549,8766.424758672714,-0.0,
27550,8766.708277225494,-0.0,
27551,8767.748445272446,-0.0,
27552,8768.032373189926,-0.0,
27553,8768.316478967667,-0.0,
27554,8768.601636648178,-0.0,
27555,8768.886280298233,-0.0,
27556,8769.169904708862,-0.0,
27557,8769.456995487213,-0.0,
27558,8769.739681720734,-0.0,
27559,8770.026900291443,-0.0,
27560,8770.31181526184,-0.0,
27561,8770.597038030624,-0.0,
27562,8770.884540557861,-0.0,
27563,8771.169049739838,-0.0,
27564,8771.454919099808,-0.0,
27565,8771.740223646164,-0.0,
27566,8772.025278806686,-0.0,
27567,8772.311383724213,-0.0,
27568,8772.596014022827,-0.0,
27569,8772.883800983429,-0.0,
27570,8773.167074680328,-0.0,
27571,8773.45167016983,-0.0,
27572,8773.737512111664,-0.0,
27573,8774.022404670715,-0.0,
27574,8774.30971121788,-0.0,
27575,8774.587389707565,-0.0,
27576,8775.705728530884,-0.0,
27577,8775.987600803375,-0.0,
27578,8776.27283501625,-0.0,
27579,8776.557826280594,-0.0,
27580,8776.843414783478,-0.0,
27581,8777.129642486572,-0.0,
27582,8777.413203716278,-0.0,
27583,8777.700481891632,-0.0,
27584,8777.983908891678,-0.0,
27585,8778.26885509491,-0.0,
27586,8778.556691884995,-0.0,
27587,8778.842176437378,-0.0,
27588,8779.12814450264,-0.0,
27589,8779.411512374878,-0.0,
27590,8779.69835114479,-0.0,
27591,8779.984219789505,-0.0,
27592,8780.269582509995,-0.0,
27593,8780.557037830353,-0.0,
27594,8780.842071533203,-0.0,
27595,8781.125873088837,-0.0,
27596,8781.410420656204,-0.0,
27597,8781.694978237152,-0.0,
27598,8781.981708526611,-0.0,
27599,8782.265139102936,-0.0,
27600,8782.714452981949,-0.0,
27601,8783.841396570206,-0.0,
27602,8784.121860265732,-0.0,
27603,8784.406908988953,-0.0,
27604,8784.69091129303,-0.0,
27605,8784.976195335388,-0.0,
27606,8785.26279425621,-0.0,
27607,8785.544688463211,-0.0,
27608,8785.82903432846,-5.892895e-09,
27609,8786.113689661026,-0.0,
27610,8786.398406505585,-0.0,
27611,8786.684936761856,-0.0,
27612,8786.968881845474,-0.0,
27613,8787.254692554474,-0.0,
27614,8787.540094614029,-0.0,
27615,8787.82370376587,-0.0,
27616,8788.109188079834,-0.0,
27617,8788.394827604294,-0.0,
27618,8788.681664943695,-0.0,
27619,8788.966380357742,-0.0,
27620,8789.251446008682,-0.0,
27621,8789.538893222809,-0.0,
27622,8789.822375774384,-0.0,
27623,8790.109441757202,-0.0,
27624,8790.394375801086,-0.0,
27625,8790.676508188248,-0.0,
27626,8791.823085069656,-0.0,
27627,8792.10612654686,-0.0,
27628,8792.389361143112,-0.0,
27629,8792.674260139465,-0.0,
27630,8792.960414171219,-0.0,
27631,8793.244505643845,-0.0,
27632,8793.52997303009,-0.0,
27633,8793.814642429352,-0.0,
27634,8794.098214626312,-0.0,
27635,8794.385407209396,-0.0,
27636,8794.670623064041,-0.0,
27637,8794.95749616623,-0.0,
27638,8795.240659475327,-0.0,
27639,8795.524699926376,-0.0,
27640,8795.812148332596,-0.0,
27641,8796.09781575203,-0.0,
27642,8796.384096860886,-0.0,
27643,8796.66782283783,-0.0,
27644,8796.952671527863,-0.0,
27645,8797.238914251328,-0.0,
27646,8797.52327823639,-0.0,
27647,8797.81025981903,-0.0,
27648,8798.094263076782,-0.0,
27649,8798.379038095474,-0.0,
27650,8798.661239862442,-0.0,
27651,8799.711325645447,-0.0,
27652,8799.997015237808,-0.0,
27653,8800.280705213547,-0.0,
27654,8800.565432310104,-0.0,
27655,8800.849812030792,-0.0,
27656,8801.135362625122,-0.0,
27657,8801.420496225357,-0.0,
27658,8801.703630685806,-0.0,
27659,8801.99020075798,-0.0,
27660,8802.274149894714,-0.0,
27661,8802.557718038559,-0.0,
27662,8802.84230542183,-0.0,
27663,8803.126612901688,-0.0,
27664,8803.4138610363,-0.0,
27665,8803.697815656662,-0.0,
27666,8803.98330783844,-0.0,
27667,8804.268064260483,-0.0,
27668,8804.552358865738,-0.0,
27669,8804.838002681732,-0.0,
27670,8805.12165093422,-0.0,
27671,8805.407486915588,-0.0,
27672,8805.691096782684,-0.0,
27673,8805.974227428436,-0.0,
27674,8806.25721693039,-0.0,
27675,8806.53580236435,-0.0,
27676,8807.629781246185,-0.0,
27677,8807.916785240173,-0.0,
27678,8808.201038122177,-0.0,
27679,8808.48760843277,-0.0,
27680,8808.773437023163,-0.0,
27681,8809.057899475098,-0.0,
27682,8809.344299554825,-0.0,
27683,8809.630419254303,-0.0,
27684,8809.917729854584,-0.0,
27685,8810.201145887375,-0.0,
27686,8810.48712348938,-0.0,
27687,8810.773917675018,-0.0,
27688,8811.05822467804,-0.0,
27689,8811.345682621002,-0.0,
27690,8811.631040811539,-0.0,
27691,8811.915601968765,-0.0,
27692,8812.199648141861,-0.0,
27693,8812.484251976013,-0.0,
27694,8812.772327423096,-0.0,
27695,8813.056842803955,-0.0,
27696,8813.34288263321,-0.0,
27697,8813.627716064453,-0.0,
27698,8813.912004709244,-0.0,
27699,8814.198454856873,-0.0,
27700,8814.652574300766,-0.0,
27701,8815.697683095932,-0.0,
27702,8815.980245113373,-0.0,
27703,8816.266234636307,-0.0,
27704,8816.55099272728,-0.0,
27705,8816.836863279343,-0.0,
27706,8817.120009422302,-0.0,
27707,8817.404506206512,-0.0,
27708,8817.691684007645,-0.0,
27709,8817.976467609406,-0.0,
27710,8818.263528823853,-0.0,
27711,8818.548068284988,-0.0,
27712,8818.83426976204,-0.0,
27713,8819.118921518326,-0.0,
27714,8819.40429019928,-0.0,
27715,8819.6926715374,-0.0,
27716,8819.978196382523,-0.0,
27717,8820.262559652328,-0.0,
27718,8820.548337221146,-0.0,
27719,8820.83320069313,-0.0,
27720,8821.11911559105,-0.0,
27721,8821.404090642929,-0.0,
27722,8821.69167137146,-0.0,
27723,8821.976342201233,-0.0,
27724,8822.261415719986,-0.0,
27725,8822.545681715012,-0.0,
27726,8823.725012302399,-0.0,
27727,8824.008317947388,-0.0,
27728,8824.292860746384,-0.0,
27729,8824.579981565475,-0.0,
27730,8824.864649534225,-0.0,
27731,8825.150516986847,-0.0,
27732,8825.4352414608,-0.0,
27733,8825.719461202621,-0.0,
27734,8826.008616924286,-0.0,
27735,8826.292469739914,-0.0,
27736,8826.578088283539,-0.0,
27737,8826.863312959671,-0.0,
27738,8827.148515224457,-0.0,
27739,8827.43567109108,-0.0,
27740,8827.722114562988,-0.0,
27741,8828.010796785355,-0.0,
27742,8828.293942689896,-0.0,
27743,8828.580034255981,-0.0,
27744,8828.867402553558,-0.0,
27745,8829.151402950287,-0.0,
27746,8829.436254262924,-0.0,
27747,8829.720621585846,-0.0,
27748,8830.007697105408,-0.0,
27749,8830.291813611984,-0.0,
27750,8830.573010921478,-0.0,
27751,8831.660938501358,-0.0,
27752,8831.947552919388,-0.0,
27753,8832.236035823822,-0.0,
27754,8832.52240228653,-0.0,
27755,8832.809062957764,-0.0,
27756,8833.097140550613,-0.0,
27757,8833.384289503098,-0.0,
27758,8833.671766519547,-0.0,
27759,8833.957255125046,-0.0,
27760,8834.246976613998,-0.0,
27761,8834.533520698547,-0.0,
27762,8834.8207218647,-0.0,
27763,8835.109626054764,-0.0,
27764,8835.395949363708,-0.0,
27765,8835.683917999268,-0.0,
27766,8835.970549583435,-0.0,
27767,8836.256013393402,-0.0,
27768,8836.544733047485,-0.0,
27769,8836.830743551254,-0.0,
27770,8837.118678569794,-0.0,
27771,8837.404901742935,-0.0,
27772,8837.68948173523,-0.0,
27773,8837.976803302765,-0.0,
27774,8838.264252185822,-0.0,
27775,8838.548009872437,-0.0,
27776,8839.690230607986,-0.0,
27777,8839.97152853012,-0.0,
27778,8840.253633499146,-0.0,
27779,8840.537208557129,-0.0,
27780,8840.820185422897,-0.0,
27781,8841.102610111237,-0.0,
27782,8841.386552333832,-0.0,
27783,8841.668479204178,-0.0,
27784,8841.952674388885,-0.0,
27785,8842.235038280487,-0.0,
27786,8842.518907308578,-0.0,
27787,8842.804006576538,-0.0,
27788,8843.087344169617,-0.0,
27789,8843.37125992775,-0.0020536678,
27790,8843.65364575386,-0.0,
27791,8843.9380671978,-0.0,
27792,8844.222084283829,-0.0,
27793,8844.503861904144,-0.0,
27794,8844.789918422699,-0.0,
27795,8845.0706448555,-0.0,
27796,8845.355672121048,-0.0,
27797,8845.641015529633,-0.0,
27798,8845.923438549042,-0.0,
27799,8846.20892238617,-0.0,
27800,8846.659527778625,-0.0,
27801,8847.771136760712,-0.0,
27802,8848.05637383461,-0.0,
27803,8848.342723608017,-0.0,
27804,8848.626381158829,-0.009970616,
27805,8848.911845684052,-0.0,
27806,8849.196640253067,-0.0,
27807,8849.48288989067,-0.0,
27808,8849.768161535263,-0.0,
27809,8850.05369257927,-0.0,
27810,8850.342588186264,-0.0,
27811,8850.625585079193,-0.0,
27812,8850.910713911057,-0.0,
27813,8851.19619178772,-0.0,
27814,8851.48122215271,-0.0,
27815,8851.76775598526,-0.0,
27816,8852.053200483322,-0.0,
27817,8852.339755773544,-0.0,
27818,8852.621803760529,-0.0,
27819,8852.906326055527,-0.017543733,
27820,8853.190211057663,-0.0,
27821,8853.474904060364,-0.0,
27822,8853.75978255272,-0.0,
27823,8854.043489456177,-0.0,
27824,8854.329239845276,-0.0,
27825,8854.61047577858,-0.0,
27826,8855.62047958374,-0.0,
27827,8855.90274810791,-0.0,
27828,8856.18729877472,-0.0,
27829,8856.473561048508,-0.0,
27830,8856.757894515991,-0.0,
27831,8857.044040679932,-0.0,
27832,8857.3274371624,-0.0,
27833,8857.61334514618,-0.0,
27834,8857.89819765091,-0.0,
27835,8858.1821641922,-0.0,
27836,8858.467878103256,-0.0,
27837,8858.75257730484,-0.0,
27838,8859.040042638779,-0.0,
27839,8859.324091911316,-0.0,
27840,8859.607313871384,-0.0,
27841,8859.894028902054,-0.0,
27842,8860.177639245987,-0.0,
27843,8860.463755607605,-0.0,
27844,8860.747352838516,-0.0,
27845,8861.032908916473,-0.0,
27846,8861.318689584732,-0.0,
27847,8861.60287451744,-0.0,
27848,8861.889790534973,-0.0021114368,
27849,8862.17479133606,-0.0,
27850,8862.455660820007,-0.0,
27851,8863.460048675537,-0.0,
27852,8863.742381811142,-0.0,
27853,8864.027941942215,-0.0,
27854,8864.313096761703,-0.02977512,
27855,8864.598765850067,-0.0,
27856,8864.882859945297,-0.0,
27857,8865.165844202042,-0.0,
27858,8865.45259308815,-0.0,
27859,8865.736071109772,-0.0,
27860,8866.021207094193,-0.0,
27861,8866.303775310516,-0.0,
27862,8866.588435649872,-0.0,
27863,8866.876163482666,-0.0,
27864,8867.159139871597,-0.0,
27865,8867.446188688278,-0.0,
27866,8867.729446411133,-0.0,
27867,8868.014966964722,-0.0,
27868,8868.299644470215,-0.0,
27869,8868.583807229996,-0.0,
27870,8868.871407985687,-0.0,
27871,8869.154301643372,-0.0,
27872,8869.43892621994,-0.0,
27873,8869.723376989365,-0.0,
27874,8870.00733423233,-0.0,
27875,8870.292326450348,-0.0,
27876,8871.333293914795,-0.0,
27877,8871.615447282791,-0.0,
27878,8871.898743152618,-0.0,
27879,8872.181817531586,-0.0,
27880,8872.467361688614,-0.0,
27881,8872.750631093979,-0.0,
27882,8873.036243200302,-0.0,
27883,8873.318103313446,-0.0,
27884,8873.601708173752,-0.0,
27885,8873.886616230011,-0.0,
27886,8874.170660972595,-0.0,
27887,8874.456713438034,-0.0,
27888,8874.74004650116,-0.0,
27889,8875.023375034332,-0.0,
27890,8875.308272123337,-0.0,
27891,8875.591780662537,-0.0,
27892,8875.877155542374,-0.0,
27893,8876.160496711731,-0.0,
27894,8876.446035861969,-0.0,
27895,8876.73016500473,-0.0,
27896,8877.012606620789,-0.0,
27897,8877.294584989548,-0.0,
27898,8877.578156471252,-0.0,
27899,8877.861097574234,-0.0,
27900,8878.313380718231,-0.0,
27901,8879.380598306656,-0.0,
27902,8879.664436340332,-0.0,
27903,8879.948072910309,-0.0,
27904,8880.23226904869,-0.0,
27905,8880.514732837677,-0.0,
27906,8880.797399997711,-0.0,
27907,8881.081624984741,-0.0,
27908,8881.36576628685,-0.0,
27909,8881.65125966072,-0.0,
27910,8881.933675050735,-0.0,
27911,8882.216358423233,-0.0,
27912,8882.500764846802,-0.0,
27913,8882.784696817398,-0.0,
27914,8883.07135462761,-0.0,
27915,8883.352751016617,-0.0,
27916,8883.637025356293,-0.0,
27917,8883.921394586563,-0.0,
27918,8884.204114198685,-0.0,
27919,8884.490987539291,-0.0,
27920,8884.772998809814,-0.0,
27921,8885.056813001633,-0.0,
27922,8885.338579177856,-0.0,
27923,8885.620864152908,-0.0,
27924,8885.908167123795,-0.0,
27925,8886.18700504303,-0.0,
27926,8887.2994120121,-0.0,
27927,8887.582466602325,-0.0,
27928,8887.867834329605,-0.0,
27929,8888.149831056595,-0.0,
27930,8888.43419599533,-0.0,
27931,8888.718030691147,-0.0,
27932,8889.002979040146,-0.0,
27933,8889.290315628052,-0.0,
27934,8889.571982622147,-0.0,
27935,8889.856850624084,-0.0,
27936,8890.1411921978,-0.0,
27937,8890.425972700119,-0.0,
27938,8890.712540388107,-0.0,
27939,8890.996125459671,-0.0,
27940,8891.280228853226,-0.0,
27941,8891.565269470215,-0.0,
27942,8891.849233865738,-0.0,
27943,8892.135454893112,-0.0,
27944,8892.419123888016,-0.0,
27945,8892.70538854599,-0.0,
27946,8892.988746404648,-0.0,
27947,8893.272164344788,-0.0,
27948,8893.557079315186,-0.0,
27949,8893.842232227325,-0.0,
27950,8894.125815153122,-0.0,
27951,8895.164773464203,-0.0,
27952,8895.446857690811,-0.0,
27953,8895.730740308762,-0.0,
27954,8896.014073610306,-0.0,
27955,8896.300687789917,-0.0,
27956,8896.585436105728,-0.0,
27957,8896.869872808456,-0.0,
27958,8897.153674602509,-0.0,
27959,8897.438750267029,-0.0,
27960,8897.726277589798,-0.0,
27961,8898.009971141815,-0.0,
27962,8898.295795679092,-0.0,
27963,8898.580636024475,-0.0,
27964,8898.865535974503,-0.0,
27965,8899.1517598629,-0.0,
27966,8899.435311317444,-0.0,
27967,8899.723127365112,-0.0,
27968,8900.006166219711,-0.0,
27969,8900.292557239532,-0.0,
27970,8900.577970981598,-0.0,
27971,8900.863794326782,-0.0,
27972,8901.148315906525,-0.0,
27973,8901.433504581451,-0.0,
27974,8901.718119382858,-0.0,
27975,8902.00249671936,-0.0,
27976,8903.206327199936,-0.0,
27977,8903.490307569504,-0.0,
27978,8903.773967027664,-0.0,
27979,8904.061208486557,-0.0,
27980,8904.345144748688,-0.0,
27981,8904.630830526352,-0.0,
27982,8904.918158054352,-0.0,
27983,8905.203614711761,-0.0,
27984,8905.489153862,-0.0,
27985,8905.772770643234,-0.0,
27986,8906.058539628983,-0.0,
27987,8906.345128297806,-0.0,
27988,8906.629395723343,-0.0,
27989,8906.915709495544,-0.0,
27990,8907.200869321823,-0.0,
27991,8907.485478162766,-0.0,
27992,8907.770732879639,-0.010955747,
27993,8908.055731773376,-0.0,
27994,8908.345306158066,-0.0061323084,
27995,8908.628635406494,-0.0,
27996,8908.914549350739,-0.0,
27997,8909.202406406403,-0.0,
27998,8909.485796451569,-0.0,
27999,8909.772737264633,-0.0,
28000,8910.225114822388,-0.0,
28001,8911.235444068909,-0.0,
28002,8911.519169330597,-0.0,
28003,8911.805386304855,-0.0,
28004,8912.089010953903,-0.0,
28005,8912.374526977539,-0.0,
28006,8912.661411762238,-0.0,
28007,8912.945024251938,-0.0,
28008,8913.232642650604,-0.0,
28009,8913.517417669296,-0.0,
28010,8913.802379608154,-0.0,
28011,8914.08832025528,-0.0,
28012,8914.37316250801,-0.0,
28013,8914.661575317383,-0.0,
28014,8914.94624042511,-0.0,
28015,8915.23169374466,-0.0,
28016,8915.516467809677,-0.0,
28017,8915.80075931549,-0.0,
28018,8916.087844371796,-0.0,
28019,8916.372853517532,-0.0,
28020,8916.66013932228,-0.0,
28021,8916.944791316986,-0.0,
28022,8917.229673147202,-0.0,
28023,8917.51599764824,-0.0,
28024,8917.801316261292,-0.0,
28025,8918.085411310196,-0.0,
28026,8919.168502807617,-0.0,
28027,8919.45135307312,-0.0,
28028,8919.73394703865,-0.0,
28029,8920.01664853096,-0.0,
28030,8920.299708843231,-0.0,
28031,8920.582106351852,-0.0,
28032,8920.867590665817,-0.0,
28033,8921.148801326752,-0.0,
28034,8921.433090209961,-0.0,
28035,8921.717163562775,-0.0,
28036,8921.999698877335,-0.0,
28037,8922.284290790558,-0.0,
28038,8922.566760778427,-0.0,
28039,8922.850857973099,-0.0,
28040,8923.132931470871,-0.0,
28041,8923.415504693985,-0.0,
28042,8923.697354078293,-0.0,
28043,8923.979139328003,-0.0,
28044,8924.261513471603,-0.0,
28045,8924.543893098831,-0.0,
28046,8924.827924251556,-0.0,
28047,8925.110914707184,-0.0,
28048,8925.396060466766,-0.0,
28049,8925.678541660309,-0.0,
28050,8925.956466197968,-0.0,
28051,8927.056987762451,-0.0,
28052,8927.33893942833,-0.0,
28053,8927.62490272522,-0.0,
28054,8927.909370660782,-0.0,
28055,8928.197256803513,-0.0,
28056,8928.48000407219,-0.0,
28057,8928.764854431152,-0.0,
28058,8929.050307512283,-0.0,
28059,8929.335693836212,-0.0,
28060,8929.62271976471,-0.0,
28061,8929.905871391296,-0.0,
28062,8930.191767215729,-0.0,
28063,8930.47786450386,-0.0,
28064,8930.762843370438,-0.0,
28065,8931.050512552261,-0.0,
28066,8931.335111618042,-0.0,
28067,8931.620085716248,-0.0,
28068,8931.90387916565,-0.0,
28069,8932.18914604187,-0.0,
28070,8932.476937055588,-0.0,
28071,8932.761360168457,-0.0,
28072,8933.046960353851,-0.0,
28073,8933.332249879837,-0.0,
28074,8933.6159658432,-0.0,
28075,8933.89890551567,-0.0,
28076,8935.064361810684,-0.0,
28077,8935.345849275589,-0.0,
28078,8935.628788232803,-0.0,
28079,8935.913922071457,-0.0,
28080,8936.195788621902,-0.0,
28081,8936.479065656662,-0.0,
28082,8936.760433912277,-0.0,
28083,8937.041410446167,-0.0,
28084,8937.326477527618,-0.0,
28085,8937.609686613083,-0.0,
28086,8937.89388012886,-0.0,
28087,8938.175050497055,-0.0,
28088,8938.457460641861,-0.0,
28089,8938.741511583328,-0.0,
28090,8939.024673223495,-0.0,
28091,8939.310847043991,-0.0,
28092,8939.592768192291,-0.0,
28093,8939.874126434326,-0.0,
28094,8940.157826662064,-0.0,
28095,8940.439912080765,-0.0,
28096,8940.724647760391,-0.0,
28097,8941.006481647491,-0.0,
28098,8941.291534423828,-0.0,
28099,8941.575144290924,-0.0,
28100,8942.022686004639,-0.0,
28101,8943.164140462875,-0.0,
28102,8943.448372840881,-0.010670694,
28103,8943.73097729683,-0.0,
28104,8944.013129234314,-0.0,
28105,8944.298907756805,-0.0,
28106,8944.581367731094,-0.0,
28107,8944.86449956894,-0.0,
28108,8945.148748397827,-0.0,
28109,8945.431725978851,-0.0,
28110,8945.717122554779,-0.0,
28111,8945.999666452408,-0.0,
28112,8946.28381729126,-0.0,
28113,8946.56824016571,-0.0,
28114,8946.851384162903,-0.0,
28115,8947.134680986404,-0.0,
28116,8947.417502880096,-0.0,
28117,8947.699775218964,-0.0,
28118,8947.983534097672,-0.0,
28119,8948.268004894257,-0.0,
28120,8948.549923658371,-0.0,
28121,8948.83385682106,-0.0,
28122,8949.116850614548,-0.0,
28123,8949.401119470596,-0.0,
28124,8949.68548989296,-0.0,
28125,8949.965383529663,-0.0,
28126,8951.144597053528,-0.0,
28127,8951.427078723907,-0.0,
28128,8951.709265470505,-0.0,
28129,8951.992227315903,-0.0,
28130,8952.27799487114,-0.0,
28131,8952.560495615005,-0.0,
28132,8952.844902038574,-0.0,
28133,8953.128325939178,-0.0,
28134,8953.410380363464,-0.0,
28135,8953.694747924805,-0.0,
28136,8953.977061271667,-0.0,
28137,8954.261694669724,-0.0024795693,
28138,8954.54489517212,-0.0,
28139,8954.82892203331,-0.0,
28140,8955.113305091858,-0.00654301,
28141,8955.397968292236,-0.0,
28142,8955.683063745499,-0.0,
28143,8955.967119693756,-0.0,
28144,8956.250259876251,-0.0,
28145,8956.533963680267,-0.0,
28146,8956.817004919052,-0.0,
28147,8957.103352069855,-0.0,
28148,8957.386744260788,-0.0,
28149,8957.669424533844,-0.0,
28150,8957.950597524643,-0.0,
28151,8959.107138633728,-0.0,
28152,8959.387524604797,-0.0,
28153,8959.671092748642,-0.0,
28154,8959.9560816288,-0.0,
28155,8960.241186618805,-0.0,
28156,8960.525826215744,-0.0,
28157,8960.807719230652,-0.0,
28158,8961.092339277267,-0.0,
28159,8961.377143859863,-0.0,
28160,8961.660159826279,-0.0,
28161,8961.946083545685,-0.0,
28162,8962.229825258255,-0.0,
28163,8962.513137578964,-0.0,
28164,8962.799927473068,-0.0,
28165,8963.08364534378,-0.0,
28166,8963.369988203049,-0.0,
28167,8963.654239177704,-0.0,
28168,8963.938731431961,-0.0,
28169,8964.225369691849,-0.0,
28170,8964.508354663849,-0.0,
28171,8964.795155763626,-0.0,
28172,8965.079540967941,-0.0,
28173,8965.365921735764,-0.0,
28174,8965.650421857834,-0.0,
28175,8965.9291369915,-0.0,
28176,8967.092363357544,-0.0,
28177,8967.374269723892,-0.0,
28178,8967.660810470581,-0.0,
28179,8967.9452958107,-0.0,
28180,8968.229272842407,-0.0,
28181,8968.512193202972,-0.0,
28182,8968.797872781754,-0.0,
28183,8969.08474946022,-0.0,
28184,8969.36820268631,-0.0,
28185,8969.654211759567,-0.0,
28186,8969.938983678818,-0.0,
28187,8970.224626541138,-0.0,
28188,8970.50995850563,-0.0,
28189,8970.794143915176,-0.0,
28190,8971.08008813858,-0.0,
28191,8971.362875699997,-0.0,
28192,8971.646145820618,-0.0,
28193,8971.929994344711,-0.0,
28194,8972.214298725128,-0.0,
28195,8972.49810218811,-0.0,
28196,8972.782846927643,-0.0,
28197,8973.068594455719,-0.0,
28198,8973.35227060318,-0.0,
28199,8973.640142917633,-0.0,
28200,8974.088167905807,-0.0,
28201,8975.114194631577,-0.0,
28202,8975.398832082748,-0.0,
28203,8975.683811426163,-0.0,
28204,8975.9680185318,-0.0,
28205,8976.251432418823,-0.0,
28206,8976.538498401642,-0.0,
28207,8976.822141170502,-0.0,
28208,8977.10847401619,-0.0,
28209,8977.390829324722,-0.0,
28210,8977.676948785782,-0.0,
28211,8977.961769104004,-0.0,
28212,8978.245624303818,-0.0,
28213,8978.532929182053,-0.0,
28214,8978.817368984222,-0.0,
28215,8979.101316928864,-0.0,
28216,8979.386351108551,-0.0,
28217,8979.669931173325,-0.0,
28218,8979.957709789276,-0.0,
28219,8980.242354393005,-0.0,
28220,8980.526648521423,-0.0,
28221,8980.811589479446,-0.0,
28222,8981.096669912338,-0.0,
28223,8981.383147239685,-0.0,
28224,8981.667779445648,-0.0,
28225,8981.950284719467,-0.0,
28226,8983.12314081192,-0.0,
28227,8983.408792972565,-0.0,
28228,8983.69285774231,-0.0,
28229,8983.977477312088,-0.0,
28230,8984.26063132286,-0.0,
28231,8984.545432329178,-0.0,
28232,8984.83164358139,-0.0,
28233,8985.11736369133,-0.0,
28234,8985.402620077133,-0.0,
28235,8985.686549186707,-0.0,
28236,8985.970952749252,-0.0,
28237,8986.258559465408,-0.0,
28238,8986.542383909225,-0.0,
28239,8986.828553915024,-0.0,
28240,8987.113280057907,-0.0,
28241,8987.39839053154,-0.0,
28242,8987.682533740997,-0.0,
28243,8987.966929912567,-0.0,
28244,8988.25482916832,-0.0,
28245,8988.539589166641,-0.0,
28246,8988.823820352554,-0.0,
28247,8989.10894870758,-0.0,
28248,8989.39497923851,-0.0,
28249,8989.680883407593,-0.0,
28250,8989.962450742722,-0.0,
28251,8991.127918481827,-0.0,
28252,8991.410251379013,-0.0,
28253,8991.695410966873,-0.0,
28254,8991.977912425995,-0.0,
28255,8992.263163805008,-0.0,
28256,8992.547486543655,-0.0,
28257,8992.832403421402,-0.0,
28258,8993.11893749237,-0.0,
28259,8993.400701999664,-0.0,
28260,8993.68553352356,-0.0,
28261,8993.968877077103,-0.0,
28262,8994.253177642822,-0.0,
28263,8994.536889791489,-0.0,
28264,8994.82003903389,-0.0,
28265,8995.103588104248,-0.0,
28266,8995.387636899948,-0.0,
28267,8995.673421144485,-0.0,
28268,8995.957639694214,-0.0,
28269,8996.244393110275,-0.0,
28270,8996.528021097183,-0.0,
28271,8996.813975334167,-0.0,
28272,8997.096834659576,-0.0,
28273,8997.381290435791,-0.0,
28274,8997.666932582855,-0.0,
28275,8997.946716070175,-0.0,
28276,8999.101106643677,-0.0,
28277,8999.382838249207,-0.0,
28278,8999.667099237442,-0.0,
28279,8999.951413154602,-0.0,
28280,9000.234295368195,-0.0,
28281,9000.518563270569,-0.0,
28282,9000.80177283287,-0.0,
28283,9001.086725711823,-0.0,
28284,9001.371064424515,-0.0,
28285,9001.654399633408,-0.0,
28286,9001.940110445023,-0.0,
28287,9002.221971988678,-0.0,
28288,9002.50681233406,-0.0,
28289,9002.791025876999,-0.0,
28290,9003.073825120926,-0.0,
28291,9003.359261512756,-0.0,
28292,9003.641711711884,-0.0,
28293,9003.927624940872,-0.0,
28294,9004.211514949799,-0.0,
28295,9004.494572639465,-0.0,
28296,9004.777982473373,-0.0,
28297,9005.061160087585,-0.0,
28298,9005.3492705822,-0.0,
28299,9005.634099245071,-0.0,
28300,9006.082658052444,-0.0,
28301,9007.163632631302,-0.0,
28302,9007.450638532639,-0.0,
28303,9007.735119342804,-0.0,
28304,9008.019505500793,-0.0,
28305,9008.303705692291,-0.0,
28306,9008.58915233612,-0.0,
28307,9008.87611246109,-0.0,
28308,9009.160508394241,-0.0,
28309,9009.44659614563,-0.0,
28310,9009.73141503334,-0.0,
28311,9010.015382051468,-0.0,
28312,9010.30102443695,-0.0,
28313,9010.587705135345,-0.0,
28314,9010.87356042862,-0.0,
28315,9011.157292842865,-0.0,
28316,9011.4409866333,-0.0,
28317,9011.729184150696,-0.0,
28318,9012.012996912003,-0.0,
28319,9012.300190925598,-0.0,
28320,9012.584687709808,-0.0,
28321,9012.87216258049,-0.0,
28322,9013.157551288605,-0.0,
28323,9013.44220161438,-0.0,
28324,9013.7305560112,-0.0,
28325,9014.01102232933,-0.0,
28326,9015.067440986633,-0.0,
28327,9015.349594116211,-0.0,
28328,9015.633381128311,-0.0,
28329,9015.918179035187,-0.0,
28330,9016.203841686249,-0.0,
28331,9016.491637468338,-0.0,
28332,9016.775760650635,-0.0,
28333,9017.059492588043,-0.0,
28334,9017.346198558807,-0.0,
28335,9017.630489587784,-0.0,
28336,9017.916187286377,-0.0,
28337,9018.199523687363,-0.0,
28338,9018.48538517952,-0.0,
28339,9018.76991391182,-0.0,
28340,9019.054546117783,-0.0,
28341,9019.3407599926,-0.0,
28342,9019.62524819374,-0.0,
28343,9019.910880804062,-1.7869331e-07,
28344,9020.19613313675,-0.0,
28345,9020.481220722198,-0.0,
28346,9020.769377946854,-0.0,
28347,9021.054323196411,-0.0,
28348,9021.338624477386,-0.0,
28349,9021.624827623367,-0.0,
28350,9021.905688047409,-0.0,
28351,9023.00624203682,-0.0,
28352,9023.290839910507,-0.0,
28353,9023.577952623367,-0.0,
28354,9023.863578796387,-0.0,
28355,9024.150141000748,-0.0,
28356,9024.43498635292,-0.0,
28357,9024.720783472061,-0.0,
28358,9025.00788474083,-0.0,
28359,9025.29274559021,-0.0,
28360,9025.580403089523,-0.0,
28361,9025.867358922958,-0.0,
28362,9026.153657197952,-0.0,
28363,9026.44000530243,-0.0,
28364,9026.726266384125,-0.0,
28365,9027.01492023468,-0.0,
28366,9027.3002743721,-0.0,
28367,9027.587431192398,-0.0,
28368,9027.872106313705,-0.0,
28369,9028.158050060272,-0.0,
28370,9028.446679353714,-0.0,
28371,9028.732537269592,-0.0,
28372,9029.01953458786,-0.0,
28373,9029.30546426773,-0.0,
28374,9029.59102511406,-0.0,
28375,9029.874829530716,-0.0,
28376,9030.895788192749,-0.0,
28377,9031.180903434753,-0.0,
28378,9031.46437215805,-0.0,
28379,9031.747422218323,-0.0,
28380,9032.03305053711,-0.0,
28381,9032.31764292717,-0.0,
28382,9032.605306863785,-0.0,
28383,9032.887701749802,-0.0,
28384,9033.17231965065,-0.0,
28385,9033.458316326141,-0.0,
28386,9033.74401640892,-0.0,
28387,9034.02926158905,-0.0,
28388,9034.313737154007,-0.0,
28389,9034.600498199463,-0.0,
28390,9034.885698318481,-0.0,
28391,9035.169977903366,-0.0,
28392,9035.4555850029,-0.0,
28393,9035.74056172371,-0.0,
28394,9036.026868343353,-0.0,
28395,9036.31133389473,-0.0,
28396,9036.597124099731,-0.0,
28397,9036.882782936096,-0.0,
28398,9037.167024612427,-0.0,
28399,9037.453191280365,-0.0,
28400,9037.903766870499,-0.0,
28401,9039.03481554985,-0.0,
28402,9039.315455436707,-0.0,
28403,9039.60171699524,-0.0,
28404,9039.883880615234,-0.0,
28405,9040.16645693779,-0.0,
28406,9040.448952436447,-0.0,
28407,9040.731098413467,-0.0,
28408,9041.016138792038,-0.0,
28409,9041.298694849014,-0.0,
28410,9041.581694364548,-0.0,
28411,9041.86311173439,-0.0,
28412,9042.146441221237,-0.0,
28413,9042.429124355316,-0.0,
28414,9042.713619470596,-0.0,
28415,9042.997056245804,-0.0,
28416,9043.282836914062,-0.0,
28417,9043.566361904144,-0.0,
28418,9043.849539279938,-0.0,
28419,9044.135463237762,-0.0,
28420,9044.419256210327,-0.0,
28421,9044.703598499298,-0.0,
28422,9044.987236976624,-0.0,
28423,9045.27001953125,-0.0,
28424,9045.556103467941,-0.0,
28425,9045.836423397064,-0.0,
28426,9046.895105361938,-0.0,
28427,9047.177654027939,-0.0,
28428,9047.460793495178,-0.0,
28429,9047.744928836823,-0.0,
28430,9048.028398275375,-0.0,
28431,9048.315008163452,-0.0,
28432,9048.599468708038,-0.0,
28433,9048.883674383163,-0.0,
28434,9049.167093515396,-0.0,
28435,9049.450760126114,-0.0,
28436,9049.737541913986,-0.0,
28437,9050.021449804306,-0.0,
28438,9050.30741739273,-0.0,
28439,9050.590387821198,-0.0,
28440,9050.876646757126,-0.0,
28441,9051.16226387024,-0.0,
28442,9051.445997476578,-0.0,
28443,9051.732654809952,-0.0,
28444,9052.017408847809,-0.0,
28445,9052.300430297852,-0.0,
28446,9052.587077617645,-0.0,
28447,9052.87164402008,-0.0,
28448,9053.158262729645,-0.0,
28449,9053.44175696373,-0.0,
28450,9053.722402095795,-0.0,
28451,9054.834413290024,-0.0,
28452,9055.117600917816,-0.0,
28453,9055.403871297836,-0.0,
28454,9055.687004327774,-0.0,
28455,9055.972056150436,-0.0,
28456,9056.257275104523,-0.0,
28457,9056.540487289429,-0.0,
28458,9056.827023506165,-0.0,
28459,9057.11217212677,-0.0,
28460,9057.397993326187,-0.0,
28461,9057.681083917618,-0.0,
28462,9057.964565038681,-0.0,
28463,9058.251946687698,-0.0,
28464,9058.53703904152,-0.0,
28465,9058.822509288788,-0.0,
28466,9059.105531454086,-0.0,
28467,9059.390738248825,-0.0,
28468,9059.675887346268,-0.0,
28469,9059.959070682526,-0.0,
28470,9060.245887041092,-0.0,
28471,9060.529588222504,-0.0,
28472,9060.816539049149,-0.0,
28473,9061.10153722763,-0.0,
28474,9061.385447978973,-0.0,
28475,9061.670327186584,-0.0,
28476,9062.782371282578,-0.0,
28477,9063.066070318222,-0.0,
28478,9063.35047531128,-0.0,
28479,9063.635277748108,-0.0,
28480,9063.918151855469,-0.0,
28481,9064.20194530487,-0.0,
28482,9064.48652935028,-0.0,
28483,9064.771518945694,-0.0,
28484,9065.05702662468,-0.0,
28485,9065.342853784561,-0.0,
28486,9065.624709367752,-0.0,
28487,9065.911135435104,-0.0,
28488,9066.195450544357,-0.0,
28489,9066.479043960571,-0.0,
28490,9066.764200925827,-0.0,
28491,9067.049367666245,-0.0,
28492,9067.334578752518,-0.0,
28493,9067.61753320694,-0.0,
28494,9067.90168261528,-0.0,
28495,9068.187618732452,-0.0,
28496,9068.473433494568,-0.0,
28497,9068.758962869644,-0.0,
28498,9069.0422270298,-0.0,
28499,9069.326830863953,-0.0,
28500,9069.779519319534,-0.0,
28501,9070.785870552063,-0.0,
28502,9071.070542812347,-0.0,
28503,9071.353400468826,-0.0,
28504,9071.641684532166,-0.0,
28505,9071.924811601639,-0.0,
28506,9072.211320638657,-0.0,
28507,9072.49573135376,-0.0,
28508,9072.78010225296,-0.0,
28509,9073.067408323288,-0.0,
28510,9073.352951526642,-0.0,
28511,9073.638947486877,-0.0,
28512,9073.92208981514,-0.0,
28513,9074.208082914352,-0.0,
28514,9074.494483470917,-0.0,
28515,9074.778975486755,-0.0,
28516,9075.065979480743,-0.0,
28517,9075.35006904602,-0.0,
28518,9075.633816242218,-0.0,
28519,9075.920054197311,-0.0,
28520,9076.204663276672,-0.0,
28521,9076.490816831589,-0.0,
28522,9076.775725364685,-0.0,
28523,9077.060519695282,-0.0,
28524,9077.34665298462,-0.0,
28525,9077.62819480896,-0.0,
28526,9078.666868925095,-0.0,
28527,9078.949455022812,-0.0,
28528,9079.235382556915,-0.0,
28529,9079.517636537552,-0.0,
28530,9079.799843549728,-0.0,
28531,9080.08626651764,-0.0,
28532,9080.369175672531,-0.0,
28533,9080.655615568161,-0.0,
28534,9080.937669754028,-0.0,
28535,9081.22201704979,-0.0,
28536,9081.507249355316,-0.0,
28537,9081.791764736176,-0.0,
28538,9082.078699111938,-0.0,
28539,9082.362313270569,-0.0,
28540,9082.646589756012,-0.0,
28541,9082.930107831955,-0.0,
28542,9083.213053703308,-0.0,
28543,9083.49916768074,-0.0,
28544,9083.78394651413,-0.0,
28545,9084.069309949875,-0.0,
28546,9084.352434873581,-0.0,
28547,9084.635782957077,-0.0,
28548,9084.921906471252,-0.0,
28549,9085.207346439362,-0.0,
28550,9085.488500118256,-0.0,
28551,9086.475016593933,-0.0,
28552,9086.758256673813,-0.0,
28553,9087.045606851578,-0.0,
28554,9087.329247236252,-0.0,
28555,9087.614343643188,-1.3607534e-07,
28556,9087.89761686325,-0.0,
28557,9088.181985378265,-0.0,
28558,9088.466470241547,-0.0,
28559,9088.749443292618,-0.0,
28560,9089.032499313354,-0.0,
28561,9089.317462682724,-0.0,
28562,9089.603287696838,-0.0,
28563,9089.887823581696,-0.0,
28564,9090.174427509308,-0.0,
28565,9090.458958387375,-0.0,
28566,9090.744703531265,-0.0,
28567,9091.027990341187,-0.0,
28568,9091.311977386475,-0.0,
28569,9091.598102807999,-0.0,
28570,9091.88397526741,-0.0,
28571,9092.1700258255,-0.0,
28572,9092.453187704086,-0.0,
28573,9092.738488912582,-0.0,
28574,9093.025690793991,-0.0,
28575,9093.30566740036,-0.0,
28576,9094.508864402771,-0.0,
28577,9094.7929520607,-0.0,
28578,9095.079255342484,-0.0,
28579,9095.364381551743,-0.0,
28580,9095.648517131805,-0.0,
28581,9095.932668924332,-0.0,
28582,9096.217645645142,-0.0,
28583,9096.505313396454,-0.0,
28584,9096.789372444153,-0.0,
28585,9097.074496746063,-0.0,
28586,9097.360182285309,-0.0,
28587,9097.64535498619,-0.0,
28588,9097.932290792465,-0.0,
28589,9098.218895673752,-0.0,
28590,9098.505285978317,-0.0,
28591,9098.7893409729,-0.0,
28592,9099.074703216553,-0.0,
28593,9099.362125635147,-0.0,
28594,9099.646341323853,-0.0,
28595,9099.933663845062,-0.0,
28596,9100.217991828918,-0.0,
28597,9100.504553318024,-0.0,
28598,9100.788975954056,-0.0,
28599,9101.073718309402,-0.0,
28600,9101.52687883377,-0.0,
28601,9102.611389398575,-0.0,
28602,9102.89374089241,-0.0,
28603,9103.179616212845,-0.0,
28604,9103.4656457901,-0.0,
28605,9103.749982118607,-0.0,
28606,9104.037350416183,-0.0,
28607,9104.32186293602,-0.0,
28608,9104.605607032776,-0.0,
28609,9104.891453742981,-0.0,
28610,9105.17726945877,-0.0,
28611,9105.464308023453,-0.0,
28612,9105.74844956398,-0.0,
28613,9106.033398389816,-0.0,
28614,9106.321062088013,-0.0,
28615,9106.605615615845,-0.0,
28616,9106.891974449158,-0.0,
28617,9107.17682170868,-0.0,
28618,9107.462719678879,-0.0,
28619,9107.748225212097,-0.0,
28620,9108.032848358154,-0.0,
28621,9108.322063446045,-0.0,
28622,9108.604001998901,-0.0,
28623,9108.889483690262,-0.0,
28624,9109.17501616478,-0.0,
28625,9109.457413434982,-0.0,
28626,9110.516306877136,-0.0,
28627,9110.800102233887,-0.0,
28628,9111.086712121964,-0.0,
28629,9111.368842601776,-0.0,
28630,9111.65462231636,-0.0,
28631,9111.94038105011,-0.0,
28632,9112.224521636963,-0.0,
28633,9112.507551193237,-0.0,
28634,9112.794580221176,-0.0,
28635,9113.079708576202,-0.0,
28636,9113.365371704102,-0.0,
28637,9113.648666143417,-0.0,
28638,9113.933232784271,-0.0,
28639,9114.218770503998,-0.0,
28640,9114.502562761307,-0.0,
28641,9114.78903222084,-0.0,
28642,9115.07228922844,-0.0,
28643,9115.358498096466,-0.0,
28644,9115.64255809784,-0.0,
28645,9115.926939964294,-0.0,
28646,9116.215096473694,-0.0,
28647,9116.498680353165,-0.0,
28648,9116.783473014832,-0.0,
28649,9117.066969633102,-0.0,
28650,9117.347025871277,-0.0,
28651,9118.480495214462,-0.0,
28652,9118.76600575447,-0.0,
28653,9119.053824186325,-0.0,
28654,9119.338277101517,-0.0,
28655,9119.622960567474,-0.0,
28656,9119.906340122223,-0.0,
28657,9120.192977190018,-0.0,
28658,9120.480667829514,-0.0,
28659,9120.765086174011,-0.0,
28660,9121.05207824707,-0.0,
28661,9121.338084697723,-0.0,
28662,9121.62248802185,-0.0,
28663,9121.90913105011,-0.0,
28664,9122.19515156746,-0.0,
28665,9122.480045080185,-0.0,
28666,9122.76389336586,-0.0,
28667,9123.050952672958,-0.0,
28668,9123.3374710083,-0.0,
28669,9123.622287988663,-0.0,
28670,9123.910781621933,-0.0,
28671,9124.196672677994,-0.0,
28672,9124.4826130867,-0.0,
28673,9124.769710540771,-0.0,
28674,9125.055867433548,-0.0,
28675,9125.340232133865,-0.0,
28676,9126.402868032455,-0.012363497,
28677,9126.68485713005,-0.0,
28678,9126.968123197556,-0.0,
28679,9127.252077817917,-0.0,
28680,9127.535329818726,-0.0,
28681,9127.817865848541,-0.0,
28682,9128.101836919785,-0.0,
28683,9128.384443044662,-0.0,
28684,9128.668746471405,-0.0,
28685,9128.954448461533,-0.0,
28686,9129.236800670624,-0.0,
28687,9129.522814273834,-0.0,
28688,9129.80435347557,-0.0,
28689,9130.089284181595,-0.0,
28690,9130.373483896255,-0.0,
28691,9130.655839681625,-0.0,
28692,9130.941296815872,-0.0,
28693,9131.22361421585,-0.0,
28694,9131.508542060852,-0.0,
28695,9131.792577981949,-0.0,
28696,9132.075154781342,-0.0,
28697,9132.361543416977,-0.0,
28698,9132.645793437958,-0.0,
28699,9132.930936336517,-0.0,
28700,9133.384032011032,-0.0,
28701,9134.477732419968,-0.0,
28702,9134.761008501053,-0.0,
28703,9135.044251918793,-0.0,
28704,9135.329760313034,-0.0,
28705,9135.614803552628,-0.0,
28706,9135.898844003677,-0.0,
28707,9136.183500766754,-0.0,
28708,9136.468539237976,-0.0,
28709,9136.753414154053,-0.0,
28710,9137.039674043655,-0.0,
28711,9137.32455420494,-0.0,
28712,9137.613429069519,-0.0,
28713,9137.897286891937,-0.0,
28714,9138.18152809143,-0.0,
28715,9138.468012332916,-0.0,
28716,9138.752968788147,-0.0,
28717,9139.039474487305,-0.0,
28718,9139.323668956757,-0.0,
28719,9139.611546516418,-0.0,
28720,9139.894801855087,-0.0,
28721,9140.179760217667,-0.0,
28722,9140.46744275093,-0.0,
28723,9140.752084255219,-4.937122e-10,
28724,9141.03798866272,-0.0,
28725,9141.319013118744,-0.0,
28726,9142.479679584503,-0.0,
28727,9142.762700557709,-0.0,
28728,9143.050028800964,-0.0,
28729,9143.33497953415,-0.0,
28730,9143.619615077972,-0.0,
28731,9143.908365249634,-0.0,
28732,9144.193214178085,-0.0,
28733,9144.47846364975,-0.0,
28734,9144.764210939407,-0.0,
28735,9145.049505233765,-0.0,
28736,9145.335839271545,-0.0,
28737,9145.620360136032,-0.0,
28738,9145.907864570618,-0.0,
28739,9146.191915273666,-0.0,
28740,9146.476211547852,-0.0,
28741,9146.76467514038,-0.0,
28742,9147.049117088318,-0.0,
28743,9147.334959983826,-0.0,
28744,9147.618415355682,-0.0,
28745,9147.904421329498,-0.0,
28746,9148.190377235413,-0.0,
28747,9148.474509000778,-0.0,
28748,9148.761929988861,-0.0,
28749,9149.04753279686,-0.0,
28750,9149.328023672104,-0.0,
28751,9150.373491048813,-0.0,
28752,9150.655376434326,-0.0,
28753,9150.941198587418,-0.0,
28754,9151.227495670319,-0.0,
28755,9151.513466596603,-0.0,
28756,9151.795895576477,-0.0,
28757,9152.082285881042,-0.0,
28758,9152.367159605026,-0.0,
28759,9152.651499986649,-0.0,
28760,9152.938392877579,-0.0,
28761,9153.223869800568,-0.0,
28762,9153.509370088577,-0.0,
28763,9153.793615341187,-0.0,
28764,9154.078578233719,-0.0,
28765,9154.365649700165,-0.0036814304,
28766,9154.650661706924,-0.0,
28767,9154.936778306961,-0.0,
28768,9155.222083568573,-0.0,
28769,9155.507355690002,-0.0,
28770,9155.793009996414,-0.0,
28771,9156.078758001328,-0.0,
28772,9156.36753153801,-0.0,
28773,9156.650759935379,-0.0,
28774,9156.93665766716,-0.0,
28775,9157.218720197678,-0.0,
28776,9158.336519956589,-0.0,
28777,9158.61929321289,-0.0,
28778,9158.90395116806,-0.0,
28779,9159.189733982086,-0.0,
28780,9159.476608276367,-0.0,
28781,9159.762061834335,-0.0,
28782,9160.046446561813,-0.0,
28783,9160.33129453659,-0.0,
28784,9160.618485689163,-0.0,
28785,9160.903290510178,-0.0,
28786,9161.185807704926,-0.0,
28787,9161.469741344452,-0.0,
28788,9161.75326704979,-0.0,
28789,9162.039055347443,-0.0,
28790,9162.32388329506,-0.0,
28791,9162.60747885704,-0.0,
28792,9162.891932964325,-0.0,
28793,9163.176609516144,-0.0,
28794,9163.461765289307,-0.0,
28795,9163.745081424713,-0.0,
28796,9164.029220819473,-0.0,
28797,9164.313336133957,-0.0,
28798,9164.598035097122,-0.0,
28799,9164.88336467743,-0.0,
28800,9165.331858873367,-0.0,
28801,9166.428388118744,-0.0,
28802,9166.70953822136,-0.0,
28803,9166.994178056717,-0.0,
28804,9167.278934955597,-0.0,
28805,9167.56334233284,-0.0,
28806,9167.846861600876,-0.0,
28807,9168.13124203682,-0.0,
28808,9168.416718482971,-0.0,
28809,9168.701164484024,-0.0,
28810,9168.984468698502,-0.0,
28811,9169.268753051758,-0.0,
28812,9169.553072214127,-0.0,
28813,9169.83909034729,-0.0,
28814,9170.123339891434,-0.0,
28815,9170.407862186432,-0.0,
28816,9170.691589832306,-0.0,
28817,9170.977347135544,-0.0,
28818,9171.261942386627,-0.0,
28819,9171.545404195786,-0.009826225,
28820,9171.83018541336,-0.0,
28821,9172.115245819092,-0.0,
28822,9172.400351524353,-0.0,
28823,9172.684657335281,-0.0,
28824,9172.969184875488,-0.0,
28825,9173.250077486038,-0.0,
28826,9174.383657693863,-0.0,
28827,9174.666092395782,-0.0,
28828,9174.949277162552,-0.0,
28829,9175.233656644821,-0.0,
28830,9175.518316984177,-0.0,
28831,9175.801656484604,-0.0,
28832,9176.085733652115,-0.0,
28833,9176.369070768356,-0.0,
28834,9176.65369963646,-0.0,
28835,9176.937978982925,-0.0,
28836,9177.221041440964,-0.0,
28837,9177.505603313446,-0.0,
28838,9177.789058208466,-0.0,
28839,9178.074586391449,-0.0,
28840,9178.359771728516,-0.0,
28841,9178.643036842346,-0.0,
28842,9178.92684006691,-0.0,
28843,9179.210891485214,-0.0,
28844,9179.495557546616,-0.0,
28845,9179.78042793274,-0.0,
28846,9180.064559698105,-0.0,
28847,9180.348443508148,-0.0,
28848,9180.63297343254,-0.0,
28849,9180.917575359344,-0.0,
28850,9181.19703245163,-0.0,
28851,9182.260290384293,-0.0,
28852,9182.543068408966,-0.0,
28853,9182.82659482956,-0.0,
28854,9183.110996961594,-0.0,
28855,9183.396390914917,-0.0,
28856,9183.680049419403,-0.0,
28857,9183.96391415596,-0.0,
28858,9184.247230529785,-0.0,
28859,9184.532048940659,-0.011585412,
28860,9184.817080020905,-0.0,
28861,9185.09912109375,-0.0,
28862,9185.383559942245,-0.0,
28863,9185.667825698853,-0.0,
28864,9185.952194452286,-0.0,
28865,9186.23747587204,-0.0,
28866,9186.522217988968,-0.0,
28867,9186.806366443634,-0.0,
28868,9187.091684818268,-0.0,
28869,9187.376398086548,-0.0,
28870,9187.660060167313,-0.0,
28871,9187.944104909897,-0.0,
28872,9188.229323148727,-0.0,
28873,9188.514931678772,-0.0,
28874,9188.798583984375,-0.0,
28875,9189.079806566238,-0.0,
28876,9190.261225223541,-0.0,
28877,9190.542783021927,-0.0,
28878,9190.827514410019,-0.0,
28879,9191.111968040466,-0.0,
28880,9191.39623451233,-0.0,
28881,9191.68067240715,-0.0,
28882,9191.964752435684,-0.0,
28883,9192.249892950058,-0.0,
28884,9192.53478717804,-0.0,
28885,9192.819269895554,-0.0,
28886,9193.10329914093,-0.0,
28887,9193.388525009155,-0.0,
28888,9193.674842596054,-0.0,
28889,9193.958865642548,-0.0,
28890,9194.24352645874,-0.0,
28891,9194.528703451157,-0.0,
28892,9194.814259052277,-0.0,
28893,9195.098357200623,-0.0,
28894,9195.382633924484,-0.0,
28895,9195.668057441711,-0.0,
28896,9195.953999757767,-0.0,
28897,9196.23870921135,-0.0,
28898,9196.52352142334,-0.0,
28899,9196.808722496033,-0.0,
28900,9197.259142398834,-0.0,
28901,9198.350371599197,-0.0,
28902,9198.632673501968,-0.0,
28903,9198.916344165802,-0.0,
28904,9199.200499534607,-0.0,
28905,9199.484314918518,-0.0,
28906,9199.769427061081,-0.0,
28907,9200.053968667984,-0.0,
28908,9200.33873963356,-0.0,
28909,9200.622162103653,-0.0,
28910,9200.90693807602,-0.0,
28911,9201.192170858383,-0.0,
28912,9201.475099086761,-0.0,
28913,9201.758982658386,-0.0,
28914,9202.043939590454,-0.0,
28915,9202.329236984253,-0.0,
28916,9202.613770484924,-0.0,
28917,9202.897918462753,-0.0,
28918,9203.181711912155,-0.0,
28919,9203.467478752136,-0.0,
28920,9203.752494096756,-0.0,
28921,9204.03722167015,-0.0,
28922,9204.322100639343,-0.0,
28923,9204.606910943985,-0.0,
28924,9204.891524791718,-0.0,
28925,9205.170905828476,-0.0,
28926,9206.220542430878,-0.0,
28927,9206.503567934036,-0.0,
28928,9206.788102388382,-0.0,
28929,9207.071393013,-0.0,
28930,9207.356486320496,-0.0,
28931,9207.640320301056,-0.0,
28932,9207.926061153412,-0.0,
28933,9208.211169719696,-0.0,
28934,9208.495736122131,-0.0,
28935,9208.78032708168,-0.0,
28936,9209.06628537178,-0.0,
28937,9209.350646972656,-0.0,
28938,9209.634283304214,-0.0,
28939,9209.91874241829,-0.0,
28940,9210.203738451004,-0.0,
28941,9210.488374948502,-0.0,
28942,9210.772011041641,-0.0,
28943,9211.056533813477,-0.0,
28944,9211.34122467041,-0.0,
28945,9211.62670826912,-0.0,
28946,9211.91073179245,-0.0,
28947,9212.19509601593,-0.0,
28948,9212.479725122452,-0.0,
28949,9212.765901088715,-0.0,
28950,9213.046420812607,-0.0,
28951,9214.108358383179,-0.0,
28952,9214.39019036293,-0.0,
28953,9214.673964738846,-0.0,
28954,9214.959424972534,-0.0,
28955,9215.243490219116,-0.0,
28956,9215.528397083282,-0.0,
28957,9215.812366962433,-0.0,
28958,9216.09657406807,-0.0,
28959,9216.38115644455,-0.0,
28960,9216.666828870773,-0.0,
28961,9216.950093984604,-0.0,
28962,9217.234800100327,-0.0,
28963,9217.51928949356,-0.0,
28964,9217.804803848267,-0.0,
28965,9218.088951349258,-0.0,
28966,9218.37342762947,-0.0,
28967,9218.656888723373,-0.0,
28968,9218.942711353302,-0.0,
28969,9219.227186441422,-0.0,
28970,9219.511832237244,-0.0,
28971,9219.795953989029,-0.0,
28972,9220.081510066986,-0.0,
28973,9220.366879463196,-0.0,
28974,9220.651794433594,-0.0,
28975,9220.931789636612,-0.0,
28976,9222.023386001587,-0.0,
28977,9222.306042432785,-0.0,
28978,9222.589118242264,-0.0,
28979,9222.872613430023,-0.0,
28980,9223.155749320984,-0.0,
28981,9223.440970182419,-0.0,
28982,9223.725009918213,-0.0,
28983,9224.008650779724,-0.0,
28984,9224.29316830635,-0.0,
28985,9224.577447652817,-0.0,
28986,9224.86192703247,-0.0,
28987,9225.146508216858,-0.0,
28988,9225.430922985077,-0.0,
28989,9225.714934825897,-0.0,
28990,9225.999908924103,-0.0,
28991,9226.284773111343,-0.0,
28992,9226.568477153778,-0.0,
28993,9226.85245847702,-0.0,
28994,9227.137765169144,-0.0,
28995,9227.42317700386,-0.0,
28996,9227.705790281296,-0.0,
28997,9227.99030995369,-0.0,
28998,9228.273965835571,-0.0,
28999,9228.559385299683,-0.0,
29000,9229.007729053497,-0.0,
29001,9230.202485322952,-0.0,
29002,9230.483342885971,-0.0,
29003,9230.766482830048,-0.0,
29004,9231.050644636154,-0.0,
29005,9231.335542201996,-0.0,
29006,9231.621495962143,-0.0,
29007,9231.905124425888,-0.0,
29008,9232.190429925919,-0.0,
29009,9232.475821256638,-0.0,
29010,9232.761087417603,-0.0,
29011,9233.044846057892,-0.0,
29012,9233.32932305336,-0.0,
29013,9233.613901853561,-0.0,
29014,9233.900096654892,-0.0,
29015,9234.184221982956,-0.0,
29016,9234.468691110611,-0.0,
29017,9234.753634214401,-0.0,
29018,9235.03880739212,-0.0,
29019,9235.32330274582,-0.0,
29020,9235.607527017593,-0.0,
29021,9235.892966747284,-0.0,
29022,9236.17867732048,-0.0,
29023,9236.463344097137,-0.0,
29024,9236.747678756714,-0.0,
29025,9237.028616905212,-0.0,
29026,9238.10596203804,-0.0,
29027,9238.388779640198,-0.0,
29028,9238.673858642578,-0.0,
29029,9238.959733247757,-0.0,
29030,9239.243492364883,-0.0,
29031,9239.527764320374,-0.0,
29032,9239.81247496605,-0.0,
29033,9240.098273277283,-0.0,
29034,9240.38291478157,-0.0,
29035,9240.668413877487,-0.0,
29036,9240.954504728317,-0.0,
29037,9241.240663528442,-0.0,
29038,9241.525820493698,-0.0,
29039,9241.810370206833,-0.0,
29040,9242.096802473068,-0.0012144741,
29041,9242.381964206696,-0.0,
29042,9242.667551517487,-0.0,
29043,9242.953428506851,-0.0,
29044,9243.23926281929,-0.0,
29045,9243.524718761444,-0.0,
29046,9243.808659791946,-0.0,
29047,9244.095464468002,-0.0,
29048,9244.381975889206,-0.0,
29049,9244.668218135834,-0.0,
29050,9244.950884103775,-0.0,
29051,9245.984359502792,-0.0,
29052,9246.266770124435,-0.0,
29053,9246.551028490067,-0.0,
29054,9246.835978984833,-0.0,
29055,9247.118483304977,-0.0,
29056,9247.403467416763,-0.0,
29057,9247.68729710579,-0.0,
29058,9247.972441673279,-0.0,
29059,9248.257793188095,-0.0,
29060,9248.542538404465,-0.0,
29061,9248.826140165329,-0.0,
29062,9249.111589431763,-0.0,
29063,9249.397850513458,-0.0,
29064,9249.681688547134,-0.0,
29065,9249.96621966362,-0.0,
29066,9250.251850128174,-0.0,
29067,9250.536995649338,-0.0,
29068,9250.820808887482,-0.0,
29069,9251.104976654053,-0.0,
29070,9251.390539169312,-0.0,
29071,9251.675775289536,-0.0,
29072,9251.959725141525,-0.0,
29073,9252.244242668152,-0.0,
29074,9252.529980421066,-0.0,
29075,9252.811802625656,-0.0,
29076,9253.759762763977,-0.0,
29077,9254.044230222702,-0.0,
29078,9254.329919815063,-0.0,
29079,9254.616433382034,-0.0,
29080,9254.902450084686,-0.0,
29081,9255.18966627121,-0.0,
29082,9255.476156234741,-0.0,
29083,9255.762385845184,-0.0,
29084,9256.049687862396,-0.0,
29085,9256.336342334747,-0.0,
29086,9256.622379541397,-0.0,
29087,9256.90893149376,-0.0,
29088,9257.19676399231,-0.0,
29089,9257.483132839203,-0.0,
29090,9257.769945859909,-0.0,
29091,9258.05711197853,-0.0,
29092,9258.343400478363,-0.0,
29093,9258.630801677704,-0.0,
29094,9258.91705417633,-0.0,
29095,9259.202668190002,-0.0,
29096,9259.488617420197,-0.0,
29097,9259.775362968445,-0.0,
29098,9260.061069726944,-0.002455616,
29099,9260.347840309143,-0.0,
29100,9260.798575162888,-0.0,
29101,9261.789821863174,-0.0,
29102,9262.073184967041,-0.0,
29103,9262.356711387634,-0.0,
29104,9262.640872955322,-0.0,
29105,9262.925686836243,-0.0,
29106,9263.21056342125,-0.0,
29107,9263.494551181793,-0.0,
29108,9263.7792532444,-0.0,
29109,9264.063332080841,-0.0,
29110,9264.34922504425,-0.0,
29111,9264.633002758026,-0.0,
29112,9264.917073249817,-0.0,
29113,9265.201645612717,-0.0,
29114,9265.487580776215,-0.0,
29115,9265.773216724396,-0.0,
29116,9266.058350801468,-0.0,
29117,9266.343606472015,-0.0,
29118,9266.63012123108,-0.0,
29119,9266.914293289185,-0.0,
29120,9267.200390815735,-0.0,
29121,9267.486316919327,-0.0,
29122,9267.77184677124,-0.0,
29123,9268.05706357956,-0.0,
29124,9268.34303355217,-0.0,
29125,9268.625132083893,-0.0,
29126,9269.7743268013,-0.0,
29127,9270.056517362595,-0.0,
29128,9270.3401491642,-0.0,
29129,9270.624753713608,-0.0,
29130,9270.910266399384,-0.0,
29131,9271.193379163742,-0.0,
29132,9271.478140830994,-0.0,
29133,9271.762218952179,-0.0,
29134,9272.047562360764,-0.0,
29135,9272.331613779068,-0.0,
29136,9272.615601062775,-0.0,
29137,9272.89981508255,-0.0,
29138,9273.185131311417,-0.0,
29139,9273.470339298248,-0.0,
29140,9273.75531053543,-0.0,
29141,9274.03948688507,-0.0,
29142,9274.325446128845,-0.0,
29143,9274.609529972076,-0.0,
29144,9274.894307613373,-0.0,
29145,9275.178646802902,-0.0,
29146,9275.464360713959,-0.0,
29147,9275.74981045723,-0.0,
29148,9276.03584742546,-0.0,
29149,9276.321078300476,-0.0,
29150,9276.602690935135,-0.0,
29151,9277.68161559105,-0.0,
29152,9277.966795682907,-0.0,
29153,9278.25111246109,-0.0,
29154,9278.535949468613,-0.0,
29155,9278.821101427078,-0.0,
29156,9279.106599330902,-0.0,
29157,9279.39054608345,-0.0,
29158,9279.67489528656,-0.0,
29159,9279.960260152817,-0.0,
29160,9280.245788812637,-0.0,
29161,9280.52833533287,-0.0,
29162,9280.81359052658,-0.0,
29163,9281.097651958466,-0.0,
29164,9281.383765935898,-0.0,
29165,9281.669024467468,-0.0,
29166,9281.953119039536,-0.0,
29167,9282.237939596176,-0.0,
29168,9282.524277687073,-0.0,
29169,9282.809078454971,-0.0,
29170,9283.094188213348,-0.011717347,
29171,9283.37906241417,-0.0,
29172,9283.665089607239,-0.0,
29173,9283.948939561844,-0.0,
29174,9284.234329938889,-0.0,
29175,9284.514326334,-0.0,
29176,9285.478165864944,-0.0,
29177,9285.762955665588,-0.0,
29178,9286.046225070953,-0.0,
29179,9286.330471515656,-0.0,
29180,9286.61635351181,-0.0,
29181,9286.901920318604,-0.0,
29182,9287.18654036522,-0.0,
29183,9287.469908714294,-0.0,
29184,9287.754394292831,-0.0,
29185,9288.040383577347,-0.0,
29186,9288.326080799103,-0.0,
29187,9288.610109329224,-0.0,
29188,9288.894227981567,-0.0,
29189,9289.179634094238,-0.0,
29190,9289.46511387825,-0.0,
29191,9289.749480962753,-0.0,
29192,9290.03344631195,-0.0,
29193,9290.319031000137,-0.0,
29194,9290.604751586914,-0.010612164,
29195,9290.88979935646,-0.0,
29196,9291.173260450363,-0.0,
29197,9291.457516908646,-0.0,
29198,9291.74294424057,-0.0,
29199,9292.026881456375,-0.0,
29200,9292.478396177292,-0.0,
29201,9293.476908922195,-0.0,
29202,9293.762430667877,-0.0,
29203,9294.047313928604,-0.0,
29204,9294.333024263382,-0.0,
29205,9294.61880993843,-0.0,
29206,9294.903704166412,-0.0,
29207,9295.187722206116,-0.0,
29208,9295.471904039383,-0.0,
29209,9295.75743484497,-0.0,
29210,9296.042345523834,-0.0,
29211,9296.326249361038,-0.0,
29212,9296.610821962357,-0.0,
29213,9296.895737171173,-0.0,
29214,9297.181447505951,-0.0,
29215,9297.465189218521,-0.0,
29216,9297.749712467194,-0.0,
29217,9298.034212827682,-0.0,
29218,9298.3190472126,-0.0,
29219,9298.602419376373,-0.0,
29220,9298.885412454605,-0.0,
29221,9299.169634103775,-0.0,
29222,9299.45466208458,-0.0,
29223,9299.740462064743,-0.0,
29224,9300.02389216423,-0.0,
29225,9300.303965091705,-0.0,
29226,9301.258345842361,-0.0,
29227,9301.54022192955,-0.0,
29228,9301.822388410568,-0.0,
29229,9302.105443954468,-0.0,
29230,9302.387687444687,-0.0,
29231,9302.670362949371,-0.0,
29232,9302.954003095627,-0.0,
29233,9303.237598657608,-0.0,
29234,9303.520317792892,-0.0,
29235,9303.802544116974,-0.0,
29236,9304.0860414505,-0.0,
29237,9304.368890047073,-0.0,
29238,9304.65319943428,-0.0,
29239,9304.93727517128,-0.0,
29240,9305.220478057861,-0.0,
29241,9305.503573179245,-0.0,
29242,9305.786811828613,-0.0,
29243,9306.07018327713,-0.0,
29244,9306.354832410812,-0.0,
29245,9306.639004707336,-0.0,
29246,9306.92160487175,-0.0,
29247,9307.205333471298,-0.0,
29248,9307.48812532425,-0.0,
29249,9307.772514104843,-0.0,
29250,9308.052550077438,-0.0,
29251,9309.077285051346,-0.0,
29252,9309.358706951141,-0.0,
29253,9309.64088177681,-0.0,
29254,9309.923891305923,-0.0,
29255,9310.206509113312,-0.0,
29256,9310.490228891373,-0.0,
29257,9310.774182319641,-0.0,
29258,9311.057951450348,-0.0,
29259,9311.340685367584,-0.0,
29260,9311.623664617538,-0.0,
29261,9311.906854867935,-0.0,
29262,9312.191588878632,-0.0,
29263,9312.47620844841,-0.0,
29264,9312.758572101593,-0.0,
29265,9313.041831493378,-0.0,
29266,9313.324629545212,-0.0,
29267,9313.607343912125,-0.0,
29268,9313.89146065712,-0.003603239,
29269,9314.17636680603,-0.0,
29270,9314.459367990494,-0.0,
29271,9314.743013620377,-0.0,
29272,9315.026702404022,-0.0,
29273,9315.309974431992,-0.0,
29274,9315.594193458557,-0.0,
29275,9315.87280035019,-0.0017868102,
29276,9316.902450084686,-0.0,
29277,9317.184992790222,-0.0,
29278,9317.47092461586,-0.0,
29279,9317.755907535553,-0.0,
29280,9318.039160728455,-0.0,
29281,9318.323824644089,-0.0,
29282,9318.609583377838,-0.0,
29283,9318.89513707161,-0.0,
29284,9319.177305698395,-0.0,
29285,9319.461526870728,-0.0,
29286,9319.745114564896,-0.0,
29287,9320.03052854538,-0.0,
29288,9320.314605474472,-0.0,
29289,9320.597183227539,-0.0,
29290,9320.881609678268,-0.0,
29291,9321.164815187454,-0.0,
29292,9321.450018405914,-0.0,
29293,9321.734385728836,-0.0,
29294,9322.016681909561,-0.0,
29295,9322.30101108551,-0.0,
29296,9322.586268424988,-0.0,
29297,9322.87164402008,-0.0,
29298,9323.155473947525,-0.0,
29299,9323.4402718544,-0.0,
29300,9323.892377376556,-0.0,
29301,9324.913011789322,-0.0,
29302,9325.195486068726,-0.0,
29303,9325.480301380157,-0.0,
29304,9325.76311993599,-0.0,
29305,9326.047549962997,-0.0,
29306,9326.332243442535,-0.0,
29307,9326.614375114441,-0.0,
29308,9326.898650884628,-0.0,
29309,9327.182582855225,-0.0,
29310,9327.466148853302,-0.0,
29311,9327.749476909637,-0.0,
29312,9328.032857179642,-0.0,
29313,9328.315531015396,-0.0,
29314,9328.598590135574,-0.0,
29315,9328.882157325745,-0.0,
29316,9329.166912555695,-0.0,
29317,9329.451923370361,-0.0,
29318,9329.73531794548,-0.0,
29319,9330.01924085617,-0.0,
29320,9330.30201125145,-0.0,
29321,9330.586068630219,-0.0,
29322,9330.869849920273,-0.0,
29323,9331.152932167053,-0.0,
29324,9331.435465812683,-0.0,
29325,9331.714597940445,-0.0,
29326,9332.646025419235,-0.0,
29327,9332.927614688873,-0.0,
29328,9333.208575487137,-0.0,
29329,9333.489786863327,-0.0,
29330,9333.772183179855,-0.0,
29331,9334.053404331207,-0.0,
29332,9334.337599277496,-0.0,
29333,9334.620908737183,-0.0,
29334,9334.904432535172,-0.0,
29335,9335.187628269196,-0.0,
29336,9335.470158815384,-0.0,
29337,9335.752776384354,-0.0,
29338,9336.036309719086,-0.0,
29339,9336.319894313812,-0.0,
29340,9336.603671312332,-0.0,
29341,9336.88856267929,-0.0,
29342,9337.171608686447,-0.0,
29343,9337.455848932266,-0.0,
29344,9337.73856472969,-0.0,
29345,9338.021694421768,-0.0,
29346,9338.307047843933,-0.0,
29347,9338.589992761612,-0.0,
29348,9338.871866703033,-0.0,
29349,9339.155942440033,-0.0,
29350,9339.434834003448,-0.0,
29351,9340.528911352158,-0.0,
29352,9340.808385133743,-0.01268801,
29353,9341.091859340668,-0.0,
29354,9341.373584747314,-0.0,
29355,9341.6558573246,-0.0,
29356,9341.93754529953,-0.0,
29357,9342.220106601715,-0.0,
29358,9342.503636837006,-0.0,
29359,9342.785900115967,-0.0,
29360,9343.067689180374,-0.0,
29361,9343.349258899689,-0.0,
29362,9343.631219387054,-0.0,
29363,9343.913280248642,-0.0,
29364,9344.195658445358,-0.0,
29365,9344.477455615997,-0.0,
29366,9344.762206792831,-0.0,
29367,9345.044924020767,-0.0,
29368,9345.327460050583,-0.0,
29369,9345.609008073807,-0.0,
29370,9345.891657114029,-0.0,
29371,9346.17563033104,-0.0,
29372,9346.458045959473,-0.0,
29373,9346.74096941948,-0.0,
29374,9347.02517914772,-0.0,
29375,9347.304938554764,-0.0,
29376,9348.496111154556,-0.0,
29377,9348.777853488922,-0.0,
29378,9349.062491893768,-0.0,
29379,9349.346523046494,-0.0,
29380,9349.629215955734,-0.0,
29381,9349.91202545166,-0.0,
29382,9350.195558309555,-0.0,
29383,9350.47937965393,-0.0,
29384,9350.765296936035,-0.0,
29385,9351.047966241837,-0.0,
29386,9351.331738710403,-0.0,
29387,9351.61508154869,-0.0,
29388,9351.900541305542,-0.0,
29389,9352.184999227524,-0.0,
29390,9352.468801259995,-0.0,
29391,9352.752706289291,-0.0,
29392,9353.036616802216,-0.0,
29393,9353.321430444717,-0.0,
29394,9353.607441663742,-0.0,
29395,9353.891874074936,-0.0,
29396,9354.17606639862,-0.0,
29397,9354.46135020256,-0.0,
29398,9354.745260953903,-0.0,
29399,9355.029017448425,-0.0,
29400,9355.480911970139,-0.0,
29401,9356.493868112564,-0.0,
29402,9356.777332305908,-0.0,
29403,9357.06193947792,-0.0,
29404,9357.345561742783,-0.004241095,
29405,9357.628458738327,-0.0,
29406,9357.911350727081,-0.0,
29407,9358.19576215744,-0.0,
29408,9358.480151891708,-0.0,
29409,9358.763640880585,-0.0,
29410,9359.047365665436,-0.0,
29411,9359.33028268814,-0.0,
29412,9359.615235328674,-0.0,
29413,9359.900902986526,-0.0,
29414,9360.184148550034,-0.0,
29415,9360.469000816345,-0.0,
29416,9360.753232955933,-0.0,
29417,9361.03790307045,-0.0,
29418,9361.32255268097,-0.0,
29419,9361.605682611465,-0.0,
29420,9361.890023708344,-0.0,
29421,9362.173434734344,-0.0,
29422,9362.458627939224,-0.0,
29423,9362.74255824089,-0.0,
29424,9363.026579856873,-0.0,
29425,9363.306136608124,-0.0,
29426,9364.413128137589,-0.0,
29427,9364.695517778397,-0.0,
29428,9364.980434179306,-0.0,
29429,9365.263805150986,-0.0,
29430,9365.547633171082,-0.0,
29431,9365.831592082977,-0.0,
29432,9366.116757392883,-0.0,
29433,9366.401574850082,-0.0,
29434,9366.686269044876,-0.0,
29435,9366.970104694366,-0.0,
29436,9367.25464296341,-0.0,
29437,9367.540649652481,-0.0,
29438,9367.823352336884,-0.0,
29439,9368.10779953003,-9.262482e-05,
29440,9368.393404245377,-0.0,
29441,9368.679003238678,-0.0,
29442,9368.963827133179,-0.0,
29443,9369.248289346695,-0.0,
29444,9369.532715559006,-0.0,
29445,9369.817487716675,-0.0,
29446,9370.101942777634,-0.0,
29447,9370.38560461998,-0.0,
29448,9370.670544862747,-0.0,
29449,9370.957159280777,-0.0,
29450,9371.238678216934,-0.0,
29451,9372.358305215836,-0.0,
29452,9372.640008687973,-0.0,
29453,9372.921291589737,-0.0,
29454,9373.204895973206,-0.0,
29455,9373.488870859146,-0.0,
29456,9373.773852348328,-0.0,
29457,9374.05918765068,-0.0,
29458,9374.342068195343,-0.0,
29459,9374.624512672424,-0.0,
29460,9374.907346487045,-0.0,
29461,9375.190789461136,-0.0,
29462,9375.474702119827,-0.0,
29463,9375.758210420609,-0.0,
29464,9376.04083108902,-0.0,
29465,9376.3266518116,-0.0,
29466,9376.609472513199,-0.0,
29467,9376.894620895386,-0.0,
29468,9377.178994178772,-0.0,
29469,9377.462394714355,-0.0,
29470,9377.746116161346,-0.0,
29471,9378.030349969864,-0.0,
29472,9378.31502532959,-0.0,
29473,9378.598494291306,-0.0,
29474,9378.882869958878,-0.0,
29475,9379.162492752075,-0.0,
29476,9380.163185358047,-0.0,
29477,9380.44523692131,-0.0,
29478,9380.729633331299,-0.0,
29479,9381.01498055458,-0.0,
29480,9381.298337459564,-0.0,
29481,9381.582822561264,-0.0,
29482,9381.866680383682,-0.0,
29483,9382.152082920074,-0.0,
29484,9382.436330080032,-0.0,
29485,9382.720595121384,-0.0,
29486,9383.00534582138,-0.0,
29487,9383.289021492004,-0.0,
29488,9383.57365489006,-0.0,
29489,9383.857059955597,-0.0,
29490,9384.140676498413,-0.0,
29491,9384.424290418625,-0.0,
29492,9384.710267066956,-0.0,
29493,9384.99513888359,-0.011428319,
29494,9385.278863430023,-0.006137085,
29495,9385.56273317337,-0.0,
29496,9385.846810817719,-0.0,
29497,9386.130796194077,-0.0,
29498,9386.415896654129,-0.0,
29499,9386.698976278305,-0.0,
29500,9387.151087284088,-0.0,
29501,9388.150739192963,-0.0,
29502,9388.435378074646,-0.0,
29503,9388.719504117966,-0.0,
29504,9389.003923892975,-0.0,
29505,9389.289990186691,-0.0,
29506,9389.575951814651,-0.0,
29507,9389.860975027084,-0.0,
29508,9390.146110534668,-0.0,
29509,9390.432469844818,-0.0,
29510,9390.719366550446,-0.0,
29511,9391.003987312317,-0.0,
29512,9391.290739059448,-0.0,
29513,9391.576021194458,-0.0,
29514,9391.859912157059,-0.0,
29515,9392.143726825714,-0.0,
29516,9392.42917752266,-0.0,
29517,9392.714051485062,-0.0,
29518,9393.00007891655,-0.0,
29519,9393.283300161362,-0.0,
29520,9393.569949626923,-0.0,
29521,9393.85708475113,-0.0,
29522,9394.142611265182,-0.0,
29523,9394.428658246994,-0.0,
29524,9394.714594602585,-0.0,
29525,9394.997861385345,-0.0,
29526,9396.184610128403,-0.0,
29527,9396.468382358551,-0.0,
29528,9396.751955509186,-0.0,
29529,9397.035094738007,-0.0,
29530,9397.319393634796,-0.0,
29531,9397.603144407272,-0.0,
29532,9397.88771390915,-0.0,
29533,9398.171149730682,-0.0,
29534,9398.453897237778,-0.0,
29535,9398.737852096558,-0.0,
29536,9399.021951913834,-0.0,
29537,9399.306668519974,-0.0,
29538,9399.591046571732,-0.0,
29539,9399.875495195389,-0.0,
29540,9400.159018278122,-0.0,
29541,9400.442979574203,-0.0,
29542,9400.72814822197,-0.0,
29543,9401.012108325958,-0.0,
29544,9401.295605182648,-0.0,
29545,9401.580265760422,-0.0,
29546,9401.863841056824,-0.0,
29547,9402.149493932724,-0.0,
29548,9402.43255186081,-0.0,
29549,9402.71566772461,-0.0,
29550,9402.994781017303,-0.0,
29551,9404.099751710892,-0.0,
29552,9404.38085603714,-0.0,
29553,9404.663914203644,-0.0,
29554,9404.947323560715,-0.0,
29555,9405.229578733444,-0.0,
29556,9405.512526750565,-0.0,
29557,9405.794677257538,-0.0,
29558,9406.077184200287,-0.0,
29559,9406.360295057297,-0.0,
29560,9406.644101381302,-0.0,
29561,9406.926820516586,-0.0,
29562,9407.209442138672,-0.0,
29563,9407.493594408035,-0.0,
29564,9407.776138544083,-0.0,
29565,9408.059620141983,-0.0,
29566,9408.343492984772,-0.0,
29567,9408.629142999649,-0.0,
29568,9408.914360046387,-0.0,
29569,9409.198726177216,-0.0,
29570,9409.483026981354,-0.0,
29571,9409.76799082756,-0.0,
29572,9410.051789522171,-0.0,
29573,9410.335624933243,-0.0,
29574,9410.619367599487,-0.0,
29575,9410.901105880737,-0.0,
29576,9411.969843626022,-0.0,
29577,9412.25208067894,-0.0,
29578,9412.535558700562,-0.0,
29579,9412.820026397705,-0.0,
29580,9413.106568098068,-0.0,
29581,9413.389180660248,-0.0,
29582,9413.6736972332,-0.0,
29583,9413.95793223381,-0.0,
29584,9414.243251800537,-0.0,
29585,9414.527103424072,-0.0,
29586,9414.811990499496,-0.0,
29587,9415.095484495163,-0.0,
29588,9415.37964439392,-0.0,
29589,9415.664350748062,-0.0,
29590,9415.948192596436,-0.0,
29591,9416.232518672943,-0.0,
29592,9416.516269922256,-0.0,
29593,9416.801266431808,-0.0,
29594,9417.08623790741,-0.0,
29595,9417.370918512344,-0.0,
29596,9417.654023647308,-0.0,
29597,9417.938962459564,-0.0,
29598,9418.223857879639,-0.0,
29599,9418.50734257698,-0.011291564,
29600,9418.958900213242,-0.0,
29601,9420.074276208878,-0.0,
29602,9420.356915473938,-0.0,
29603,9420.641261339188,-0.0,
29604,9420.926542758942,-0.0,
29605,9421.210011720657,-0.0,
29606,9421.493428707123,-0.0,
29607,9421.777408361435,-0.0,
29608,9422.061643362045,-0.0,
29609,9422.345070838928,-0.0,
29610,9422.62951016426,-0.0,
29611,9422.913640260696,-0.0,
29612,9423.197766304016,-0.0,
29613,9423.483095645905,-0.0,
29614,9423.767114400864,-0.0,
29615,9424.049967288971,-0.0,
29616,9424.333599090576,-0.0,
29617,9424.618294000626,-0.0,
29618,9424.903084039688,-0.0,
29619,9425.186179637909,-0.0,
29620,9425.470647335052,-0.0,
29621,9425.755870580673,-0.0,
29622,9426.04197049141,-0.0,
29623,9426.325176239014,-0.0,
29624,9426.608630895615,-0.0,
29625,9426.889339208603,-0.0,
29626,9427.876683473587,-0.0,
29627,9428.15932917595,-0.0,
29628,9428.441663742065,-0.0,
29629,9428.72451710701,-0.0,
29630,9429.00786280632,-0.0,
29631,9429.29055762291,-0.0,
29632,9429.573700428009,-0.0,
29633,9429.858528614044,-0.0,
29634,9430.142035007477,-0.0,
29635,9430.425451755524,-0.0,
29636,9430.709048748016,-0.0,
29637,9430.99215722084,-0.0,
29638,9431.277788877487,-0.0,
29639,9431.560945272446,-0.017529886,
29640,9431.84294462204,-0.0,
29641,9432.12673163414,-0.0,
29642,9432.410141468048,-0.0,
29643,9432.694544792175,-0.0,
29644,9432.979476451874,-0.0,
29645,9433.262068748474,-0.0,
29646,9433.545085430145,-0.0,
29647,9433.828364610672,-0.0,
29648,9434.113337039948,-0.0,
29649,9434.397966623306,-0.0,
29650,9434.679117202759,-0.0,
29651,9435.773233890533,-0.0,
29652,9436.05751991272,-0.0,
29653,9436.342074871063,-0.0,
29654,9436.62728047371,-0.0,
29655,9436.912266731262,-0.0,
29656,9437.198381662369,-0.0,
29657,9437.482535600662,-0.0,
29658,9437.766953706741,-0.0,
29659,9438.05364871025,-0.0,
29660,9438.337990283966,-0.0,
29661,9438.621647834778,-0.0,
29662,9438.906172513962,-0.0,
29663,9439.191222429276,-0.0,
29664,9439.478001356125,-0.0,
29665,9439.762115955353,-0.0,
29666,9440.046790361404,-0.0,
29667,9440.332105398178,-0.0,
29668,9440.618189573288,-0.0,
29669,9440.905752420425,-0.0,
29670,9441.192071676254,-0.0,
29671,9441.479336738586,-0.0,
29672,9441.76630115509,-0.0,
29673,9442.052567481995,-0.0,
29674,9442.338657855988,-0.0,
29675,9442.618533849716,-0.0014839871,
29676,9443.740012407303,-0.006173232,
29677,9444.020245313644,-0.0,
29678,9444.304195165634,-0.0,
29679,9444.585632562637,-0.0,
29680,9444.868152618408,-0.0,
29681,9445.151950836182,-0.0,
29682,9445.436809062958,-0.0,
29683,9445.719782352448,-0.0,
29684,9446.001793384552,-0.0,
29685,9446.284218549728,-0.0,
29686,9446.56702542305,-0.0,
29687,9446.85104227066,-0.0,
29688,9447.135027885437,-0.0,
29689,9447.418101549149,-0.0,
29690,9447.700340509415,-0.0,
29691,9447.983568429947,-0.0,
29692,9448.265062093735,-0.0,
29693,9448.549941301346,-0.0,
29694,9448.833215475082,-0.0,
29695,9449.117312431335,-0.0,
29696,9449.399936437607,-0.0,
29697,9449.68337225914,-0.0,
29698,9449.966408729553,-0.0,
29699,9450.249972581863,-0.0,
29700,9450.698803901672,-0.0,
29701,9451.730878353119,-0.0,
29702,9452.01283288002,-0.0,
29703,9452.299272537231,-0.0,
29704,9452.583442926407,-0.0,
29705,9452.867648363113,-0.0,
29706,9453.152645111084,-0.0,
29707,9453.43731713295,-0.0,
29708,9453.72030210495,-0.0,
29709,9454.003896951675,-0.0,
29710,9454.290830373764,-0.0,
29711,9454.57481598854,-0.0,
29712,9454.858538389206,-0.0,
29713,9455.141853809357,-0.0,
29714,9455.426055908203,-0.0,
29715,9455.712099790573,-0.0,
29716,9455.995885133743,-0.0,
29717,9456.279761075974,-0.0,
29718,9456.563777446747,-0.0,
29719,9456.849475383759,-0.0,
29720,9457.13402724266,-0.0,
29721,9457.416971683502,-0.0,
29722,9457.701302528381,-0.0,
29723,9457.985547542572,-0.0,
29724,9458.270322799683,-0.0,
29725,9458.550515651703,-0.0,
29726,9459.574186563492,-0.0,
29727,9459.855660438538,-0.0,
29728,9460.138410329819,-0.0,
29729,9460.422100067139,-0.0,
29730,9460.707767009735,-0.0,
29731,9460.990725517273,-0.0,
29732,9461.274374246597,-0.0,
29733,9461.557873725891,-0.0,
29734,9461.841460227966,-0.0,
29735,9462.125844717026,-0.0,
29736,9462.411700963974,-0.0,
29737,9462.697156906128,-0.0,
29738,9462.982848405838,-0.0,
29739,9463.269801616669,-0.0,
29740,9463.555887460709,-0.0,
29741,9463.840363025665,-0.0,
29742,9464.128725290298,-0.0,
29743,9464.41551041603,-0.0,
29744,9464.700808763504,-0.0,
29745,9464.987288236618,-0.0,
29746,9465.272564172745,-0.0,
29747,9465.557819128036,-0.0,
29748,9465.842704296112,-0.0,
29749,9466.128907442093,-0.0,
29750,9466.410719633102,-0.0,
29751,9467.448687553406,-0.0,
29752,9467.731501817703,-0.0,
29753,9468.01370716095,-0.0,
29754,9468.2965695858,-0.0,
29755,9468.579690217972,-0.0,
29756,9468.8628616333,-0.0,
29757,9469.14770102501,-0.0,
29758,9469.429738283157,-0.0,
29759,9469.71195936203,-0.0,
29760,9469.995854139328,-0.0,
29761,9470.277831792831,-0.0,
29762,9470.562204360962,-0.0,
29763,9470.845534324646,-0.0,
29764,9471.128985881805,-0.0,
29765,9471.410770654678,-0.0,
29766,9471.694360494614,-0.0,
29767,9471.977444410324,-0.0,
29768,9472.260428190231,-0.0,
29769,9472.544370651245,-0.0,
29770,9472.8275244236,-0.0,
29771,9473.11064338684,-0.0,
29772,9473.393734693527,-0.009406984,
29773,9473.677899837494,-0.0,
29774,9473.962223052979,-0.0,
29775,9474.243340969086,-0.0,
29776,9475.28176856041,-0.0,
29777,9475.565710544586,-0.0,
29778,9475.848055839539,-0.0,
29779,9476.131199836731,-0.0,
29780,9476.414219856262,-0.0,
29781,9476.69719362259,-0.0,
29782,9476.98204922676,-0.0,
29783,9477.266347408295,-0.0,
29784,9477.548660755157,-0.0,
29785,9477.83092713356,-0.0,
29786,9478.113513708115,-0.0,
29787,9478.395362138748,-0.0,
29788,9478.679122686386,-0.0,
29789,9478.961021661758,-0.0,
29790,9479.245230436325,-0.0,
29791,9479.527419805527,-0.0,
29792,9479.8099360466,-0.0,
29793,9480.092452287674,-0.0,
29794,9480.374184131622,-0.0,
29795,9480.656706809998,-0.0,
29796,9480.940462112427,-0.0,
29797,9481.226004123688,-0.0,
29798,9481.508775234222,-0.0,
29799,9481.791662931442,-0.0,
29800,9482.242080688477,-0.0,
29801,9483.310358285904,-0.0,
29802,9483.591728687286,-0.0,
29803,9483.874095201492,-0.0,
29804,9484.157274961472,-0.0,
29805,9484.44116973877,-0.0,
29806,9484.72386097908,-0.0,
29807,9485.005421161652,-0.0,
29808,9485.288408994675,-0.0,
29809,9485.571784734726,-0.0,
29810,9485.854282617569,-0.0,
29811,9486.137737989426,-0.0,
29812,9486.422141075134,-0.0,
29813,9486.704574108124,-0.0,
29814,9486.986649513245,-0.013832036,
29815,9487.269760608673,-0.0,
29816,9487.552557468414,-0.0,
29817,9487.835921764374,-0.0,
29818,9488.119523525238,-0.0,
29819,9488.403203725815,-0.0,
29820,9488.685556173325,-0.0,
29821,9488.968692064285,-0.0,
29822,9489.251153707504,-0.0,
29823,9489.534597158432,-0.0,
29824,9489.8187251091,-0.0,
29825,9490.098952531815,-0.0,
29826,9491.087871313095,-0.0,
29827,9491.369490861893,-0.0,
29828,9491.652885913849,-0.0,
29829,9491.937747716904,-0.0,
29830,9492.220604419708,-0.0,
29831,9492.502925157547,-0.0,
29832,9492.786284446716,-0.0,
29833,9493.07070350647,-0.0,
29834,9493.354858160019,-0.0,
29835,9493.639838695526,-0.0,
29836,9493.923218727112,-0.0,
29837,9494.207052230835,-0.0,
29838,9494.490931987762,-0.0,
29839,9494.776376485825,-0.0,
29840,9495.060639858246,-0.0,
29841,9495.342786550522,-0.0,
29842,9495.627110242844,-0.0,
29843,9495.910438299179,-0.0,
29844,9496.195684432983,-0.0,
29845,9496.48080253601,-0.0,
29846,9496.765043735504,-0.0,
29847,9497.049497842789,-0.0,
29848,9497.33384847641,-0.0,
29849,9497.618928909302,-0.0,
29850,9497.898889541626,-0.0,
29851,9498.977935791016,-0.0,
29852,9499.258605003357,-0.0,
29853,9499.540912389755,-0.0,
29854,9499.82445883751,-0.0,
29855,9500.107449531555,-0.0,
29856,9500.390500545502,-0.0,
29857,9500.675137043,-0.0,
29858,9500.957523107529,-0.0,
29859,9501.240192890167,-0.0,
29860,9501.52367758751,-0.0,
29861,9501.80688905716,-0.0,
29862,9502.08839917183,-0.0,
29863,9502.37137889862,-0.0,
29864,9502.654437541962,-0.0,
29865,9502.937495708466,-0.0,
29866,9503.219498157501,-0.0,
29867,9503.501955986023,-0.0,
29868,9503.784209489822,-0.0,
29869,9504.066554546356,-0.0,
29870,9504.350008487701,-0.0,
29871,9504.632851600647,-0.0,
29872,9504.916549921036,-0.0,
29873,9505.198735713959,-0.0,
29874,9505.481096029282,-0.0,
29875,9505.76191663742,-0.0,
29876,9506.892767429352,-0.0,
29877,9507.174804449081,-0.0,
29878,9507.456604480743,-0.0,
29879,9507.738067865372,-0.0,
29880,9508.019356012344,-0.0,
29881,9508.301720142365,-0.0,
29882,9508.584297180176,-0.0,
29883,9508.866765260696,-0.0,
29884,9509.150607585907,-0.0,
29885,9509.434004306793,-0.0,
29886,9509.716636896133,-0.0,
29887,9509.998464345932,-0.0,
29888,9510.281683683395,-0.0,
29889,9510.564415454865,-0.0,
29890,9510.846770763397,-0.0,
29891,9511.13070344925,-0.0,
29892,9511.413834095001,-0.0,
29893,9511.696885585785,-0.0,
29894,9511.979504108429,-0.0,
29895,9512.262307882309,-0.0,
29896,9512.545498371124,-0.0,
29897,9512.82969713211,-0.0,
29898,9513.114312648773,-0.0,
29899,9513.396960020065,-0.0,
29900,9513.844948530197,-0.0,
29901,9515.01388001442,-0.0,
29902,9515.295466661453,-0.0,
29903,9515.577605009079,-0.0,
29904,9515.861639022827,-0.0,
29905,9516.145045995712,-0.0,
29906,9516.428953886032,-0.0,
29907,9516.713100910187,-0.0,
29908,9516.996296167374,-0.0,
29909,9517.280367136002,-0.0,
29910,9517.56461930275,-0.0,
29911,9517.848688364029,-0.0,
29912,9518.133536338806,-0.0,
29913,9518.417239665985,-0.0,
29914,9518.70069527626,-0.0,
29915,9518.983191490173,-0.0,
29916,9519.267766714096,-0.0,
29917,9519.553053379059,-0.0,
29918,9519.836356639862,-0.0,
29919,9520.120816469193,-0.0,
29920,9520.405195713043,-0.0,
29921,9520.689370155334,-0.0,
29922,9520.97374343872,-0.0,
29923,9521.256979227066,-0.0,
29924,9521.541756153107,-0.0,
29925,9521.82168507576,-0.0,
29926,9522.835847377777,-0.0,
29927,9523.118130922318,-0.0,
29928,9523.401751756668,-0.0,
29929,9523.685691356659,-0.0,
29930,9523.971405506134,-0.0,
29931,9524.254458904266,-0.0,
29932,9524.539307832718,-0.0,
29933,9524.822219610214,-0.0,
29934,9525.107439756393,-0.0,
29935,9525.392033338547,-0.0,
29936,9525.675403118134,-0.0,
29937,9525.959430456161,-0.0,
29938,9526.243351459503,-0.0,
29939,9526.528221130371,-0.0,
29940,9526.812262773514,-0.0,
29941,9527.095700502396,-0.0,
29942,9527.380058288574,-0.0,
29943,9527.665192127228,-0.0,
29944,9527.9508831501,-0.0,
29945,9528.23349237442,-0.0,
29946,9528.51818037033,-0.0,
29947,9528.803971767426,-0.0,
29948,9529.088752985,-0.0,
29949,9529.372950077057,-0.0,
29950,9529.65231180191,-0.0,
29951,9530.650305986404,-0.0,
29952,9530.93329501152,-0.0,
29953,9531.2164478302,-0.0,
29954,9531.50046133995,-0.0,
29955,9531.785180091858,-0.0,
29956,9532.06960606575,-0.0,
29957,9532.353390455246,-0.0,
29958,9532.637926101685,-0.0,
29959,9532.924030780792,-0.0,
29960,9533.20917725563,-0.0,
29961,9533.492529630661,-0.0,
29962,9533.776794195175,-0.0,
29963,9534.061641216278,-0.0,
29964,9534.34676861763,-0.0,
29965,9534.63163614273,-0.0,
29966,9534.9169049263,-0.0,
29967,9535.201316356659,-0.0,
29968,9535.486424207687,-0.0,
29969,9535.77063202858,-0.0,
29970,9536.055325984955,-0.0,
29971,9536.340178012848,-0.0,
29972,9536.626588821411,-0.0,
29973,9536.911096096039,-0.0,
29974,9537.195060014725,-0.0,
29975,9537.475839138031,-0.0,
29976,9538.524778842926,-0.0,
29977,9538.807202100754,-0.0,
29978,9539.089925527573,-0.0,
29979,9539.373717546463,-0.0,
29980,9539.65683555603,-0.0,
29981,9539.941779851913,-0.0,
29982,9540.226526260376,-0.0,
29983,9540.509474277496,-0.0,
29984,9540.794374704361,-0.0,
29985,9541.07680273056,-0.0,
29986,9541.362405538559,-0.0,
29987,9541.647565841675,-0.0,
29988,9541.931063890457,-0.0,
29989,9542.214717388153,-0.0,
29990,9542.498799800873,-0.0,
29991,9542.784447193146,-0.0,
29992,9543.068330287933,-0.0,
29993,9543.352549314499,-0.0,
29994,9543.636056184769,-0.0,
29995,9543.920982122421,-0.0,
29996,9544.206226348877,-0.0,
29997,9544.488869428635,-0.0,
29998,9544.771439552307,-0.0,
29999,9545.05545926094,-0.0,
