step,time_sec,train_neg_log_ppl,val_neg_log_ppl
1,4.831270456314087,-14.530015,
2,5.462989330291748,-14.541789,
3,6.0977983474731445,-14.164446,
4,6.73018217086792,-13.211906,
5,7.36366081237793,-12.4247055,
6,7.994012355804443,-10.742147,
7,8.625862121582031,-8.750921,
8,9.259959936141968,-9.571325,
9,9.894453763961792,-9.448833,
10,10.531168222427368,-12.610477,
11,11.169993162155151,-15.222397,
12,11.807943105697632,-17.232204,
13,12.528565168380737,-19.80967,
14,13.16404390335083,-22.548233,
15,13.793814897537231,-24.548983,
16,14.417063474655151,-23.871342,
17,15.032567024230957,-22.289787,
18,15.649686813354492,-27.104374,
19,16.264479637145996,-24.552727,
20,16.880322694778442,-22.673294,
21,17.49163007736206,-23.70971,
22,18.102519273757935,-26.431585,
23,18.71158218383789,-24.0476,
24,19.32269263267517,-23.42026,
25,19.932475090026855,-20.416527,
26,20.543347358703613,-22.70493,
27,21.153416872024536,-17.790451,
28,21.763710260391235,-16.912949,
29,22.379635334014893,-15.256494,
30,23.005988359451294,-15.153246,
31,23.644062519073486,-12.429263,
32,24.281585931777954,-9.082134,
33,24.915414333343506,-9.968689,
34,25.551345586776733,-12.614611,
35,26.18773579597473,-12.45265,
36,26.821309804916382,-9.89974,
37,27.456626176834106,-8.099248,
38,28.09124732017517,-6.782754,
39,28.725348711013794,-7.1060553,
40,29.36180830001831,-8.0505295,
41,29.997473001480103,-8.237398,
42,30.632007598876953,-7.1617074,
43,31.26859474182129,-8.219929,
44,31.904791593551636,-5.618863,
45,32.53903794288635,-7.0137863,
46,33.17370891571045,-6.6369524,
47,33.80971002578735,-7.686593,
48,34.445303201675415,-7.234571,
49,35.082635164260864,-7.036026,
50,35.71831035614014,-8.013524,
51,36.35356426239014,-6.3436213,
52,36.99025630950928,-8.120724,
53,37.62419891357422,-7.4798317,
54,38.25944423675537,-7.1250076,
55,38.89667725563049,-8.247231,
56,39.530781507492065,-7.4098043,
57,40.1659951210022,-6.201045,
58,40.80156850814819,-7.6718426,
59,41.43424415588379,-7.6930933,
60,42.06953406333923,-6.3512893,
61,42.70603895187378,-5.74444,
62,43.338207483291626,-8.420046,
63,43.97136211395264,-7.916853,
64,44.60858869552612,-5.6235037,
65,45.2412748336792,-6.45087,
66,45.87431478500366,-6.010779,
67,46.51021218299866,-6.571452,
68,47.144137382507324,-7.053592,
69,47.77762532234192,-5.101532,
70,48.41383695602417,-5.266352,
71,49.04731869697571,-6.965266,
72,49.68025612831116,-8.8737135,
73,50.3132746219635,-5.487086,
74,50.94820022583008,-6.0008955,
75,51.58158874511719,-5.957732,
76,52.21298813819885,-6.9206367,
77,52.84724044799805,-6.646079,
78,53.481691122055054,-7.5409603,
79,54.11361384391785,-5.109192,
80,54.74731945991516,-5.7456536,
81,55.38120770454407,-5.895219,
82,56.013545751571655,-6.2026863,
83,56.647186517715454,-4.5452366,
84,57.27842569351196,-6.913937,
85,57.91008543968201,-4.7979007,
86,58.54545021057129,-7.165677,
87,59.1774628162384,-5.1927366,
88,59.809534549713135,-5.0417624,
89,60.443830251693726,-4.9571586,
90,61.07766938209534,-5.0254097,
91,61.7102210521698,-5.613574,
92,62.342374086380005,-6.1658115,
93,62.97618293762207,-5.199012,
94,63.610644578933716,-5.1276875,
95,64.24140191078186,-3.8335993,
96,64.87586879730225,-6.8308315,
97,65.51064777374268,-5.012274,
98,66.14203953742981,-5.310728,
99,66.77550911903381,-5.135611,
100,67.9121778011322,-5.757572,
101,68.54805445671082,-5.2080307,
102,69.18427872657776,-3.9840484,
103,69.81728029251099,-4.9701567,
104,70.4529402256012,-3.4101381,
105,71.09028506278992,-6.624915,
106,71.72416973114014,-4.7918696,
107,72.35980939865112,-4.082179,
108,72.99524450302124,-4.399346,
109,73.62892079353333,-4.051194,
110,74.26461935043335,-8.705242,
111,74.90032362937927,-5.286864,
112,75.53422021865845,-4.111794,
113,76.16878128051758,-4.156572,
114,76.80465817451477,-4.1806526,
115,77.43840789794922,-6.2435007,
116,78.07510256767273,-3.464101,
117,78.71124148368835,-4.3444405,
118,79.34591364860535,-3.8087275,
119,79.98184728622437,-5.8707457,
120,80.61710166931152,-4.622655,
121,81.25215721130371,-3.851051,
122,81.88784837722778,-3.7278035,
123,82.52195358276367,-4.3672466,
124,83.25732207298279,-4.007723,
125,83.892587184906,-2.9275396,
126,84.52859401702881,-3.8609662,
127,85.1612982749939,-2.9985666,
128,85.79636907577515,-2.9303255,
129,86.43225288391113,-2.7705884,
130,87.06401300430298,-4.9707537,
131,87.69885158538818,-3.1629949,
132,88.33747935295105,-2.5424366,
133,88.97107291221619,-3.4292789,
134,89.60400938987732,-3.727789,
135,90.24181413650513,-3.7355664,
136,90.87504744529724,-3.6408904,
137,91.50895094871521,-3.0810242,
138,92.14611005783081,-3.084504,
139,92.78022313117981,-3.222252,
140,93.41502809524536,-3.567322,
141,94.05224561691284,-3.1490424,
142,94.68651103973389,-4.398282,
143,95.3205623626709,-2.9367537,
144,95.95899200439453,-2.1566362,
145,96.5933792591095,-2.7554564,
146,97.22747588157654,-3.3624582,
147,97.86771607398987,-3.5746515,
148,98.50864052772522,-3.7148507,
149,99.14616918563843,-1.8508058,
150,99.78778839111328,-2.990826,
151,100.42272067070007,-3.3661716,
152,101.056645154953,-2.8038533,
153,101.69526815414429,-4.345914,
154,102.32978534698486,-1.6797653,
155,102.964608669281,-3.3858342,
156,103.6033251285553,-3.2263644,
157,104.23700904846191,-3.3831027,
158,104.87074089050293,-2.8493218,
159,105.50874161720276,-2.276358,
160,106.1441752910614,-2.4912267,
161,106.77933382987976,-2.0744085,
162,107.4175443649292,-3.1563747,
163,108.05220317840576,-1.7214034,
164,108.68662667274475,-3.2246795,
165,109.32496786117554,-2.3098145,
166,109.95988035202026,-2.5258512,
167,110.5947630405426,-3.2924473,
168,111.23295140266418,-2.177391,
169,111.86759233474731,-2.4127607,
170,112.50127172470093,-4.0243454,
171,113.13895964622498,-2.4073906,
172,113.77339935302734,-2.4792533,
173,114.4076988697052,-3.8320966,
174,115.04706335067749,-2.702709,
175,115.68201231956482,-2.9460647,
176,116.31787538528442,-2.755659,
177,116.95567297935486,-3.0856557,
178,117.58998441696167,-2.5344303,
179,118.22422671318054,-1.8325704,
180,118.86336874961853,-3.7794616,
181,119.49809336662292,-4.7878957,
182,120.13324284553528,-2.4704514,
183,120.77187061309814,-3.1833324,
184,121.40625071525574,-2.8244743,
185,122.04113340377808,-2.3531713,
186,122.67916178703308,-2.5921283,
187,123.31369161605835,-2.7574282,
188,123.9488251209259,-2.6235642,
189,124.58782601356506,-0.9738683,
190,125.22229981422424,-2.6706014,
191,125.85727643966675,-2.4935656,
192,126.49527192115784,-3.3473868,
193,127.1303060054779,-3.307693,
194,127.76579594612122,-2.6508465,
195,128.40369582176208,-2.5688198,
196,129.03937029838562,-1.6190796,
197,129.67513990402222,-2.442848,
198,130.31432390213013,-5.0970325,
199,130.94840145111084,-5.22342,
200,132.05289244651794,-2.6035328,
201,132.6901409626007,-3.5628614,
202,133.32715010643005,-1.7869037,
203,133.9628553390503,-2.159073,
204,134.6003541946411,-4.0858235,
205,135.2363612651825,-4.438658,
206,135.87049794197083,-3.0457802,
207,136.5077886581421,-2.2781076,
208,137.14526438713074,-2.8565032,
209,137.77971768379211,-2.5046418,
210,138.4164159297943,-2.672614,
211,139.05347299575806,-3.9847898,
212,139.68820190429688,-2.8098724,
213,140.32438325881958,-2.9497042,
214,140.96095037460327,-1.5152569,
215,141.59749484062195,-2.9873257,
216,142.23565530776978,-2.661478,
217,142.87169098854065,-2.9429262,
218,143.5098922252655,-1.4465151,
219,144.14678502082825,-4.5258856,
220,144.7830147743225,-3.2931287,
221,145.42123818397522,-2.4822843,
222,146.05761909484863,-2.4080489,
223,146.69371819496155,-3.0438867,
224,147.33282160758972,-4.110826,
225,147.96751832962036,-2.925519,
226,148.60376358032227,-3.4706073,
227,149.24273490905762,-2.232197,
228,149.87792897224426,-1.6904516,
229,150.51272416114807,-2.3648832,
230,151.15180444717407,-2.630381,
231,151.78708219528198,-3.2262049,
232,152.42300724983215,-2.334179,
233,153.06180047988892,-1.4819865,
234,153.69736909866333,-2.3210464,
235,154.33233880996704,-1.4485083,
236,154.97124600410461,-3.8495247,
237,155.6060791015625,-1.5598674,
238,156.2419011592865,-1.4502873,
239,156.880872964859,-2.6281114,
240,157.516295671463,-3.7016847,
241,158.15176439285278,-2.6217194,
242,158.79097843170166,-2.4010684,
243,159.42576432228088,-2.4577608,
244,160.06165981292725,-2.5646532,
245,160.70001983642578,-5.1812706,
246,161.3345868587494,-1.8460306,
247,161.97042727470398,-1.692932,
248,162.60954022407532,-1.8912611,
249,163.24355840682983,-2.0189266,
250,163.88050270080566,-2.7991984,
251,164.51857376098633,-2.145563,
252,165.15453457832336,-1.3297589,
253,165.79079246520996,-2.4756057,
254,166.42790985107422,-1.8795722,
255,167.06255531311035,-3.01635,
256,167.69900465011597,-2.8001006,
257,168.33679389953613,-1.7944373,
258,168.97341442108154,-2.485617,
259,169.61003971099854,-1.7669125,
260,170.24732398986816,-2.6937163,
261,170.88415622711182,-2.6561456,
262,171.52071070671082,-3.0252845,
263,172.15832138061523,-2.2233217,
264,172.79639315605164,-1.6907227,
265,173.43689799308777,-3.1423082,
266,174.0771086215973,-1.7955554,
267,174.72195100784302,-1.9179751,
268,175.35864305496216,-4.1637564,
269,175.99484276771545,-1.5044951,
270,176.63216757774353,-2.1489437,
271,177.26735877990723,-2.0264394,
272,177.90483593940735,-1.9770979,
273,178.54144096374512,-2.5548525,
274,179.17697763442993,-2.69969,
275,179.8132894039154,-2.3854485,
276,180.45017981529236,-2.0228648,
277,181.0865023136139,-1.9310534,
278,181.72357058525085,-4.1719923,
279,182.36005449295044,-2.5621598,
280,182.99810552597046,-2.4348774,
281,183.63518714904785,-1.6637332,
282,184.27091884613037,-2.3028798,
283,184.9090917110443,-3.4640503,
284,185.54517722129822,-3.0799968,
285,186.1806764602661,-6.187161,
286,186.81965231895447,-2.7225606,
287,187.45613193511963,-1.5787126,
288,188.09505701065063,-1.4046724,
289,188.73179483413696,-2.0730639,
290,189.3701159954071,-2.4048195,
291,190.00709676742554,-1.9364558,
292,190.64228439331055,-2.201479,
293,191.28016424179077,-3.673902,
294,191.91647696495056,-2.4042273,
295,192.5529432296753,-2.7703586,
296,193.19206500053406,-2.0420656,
297,193.82820510864258,-2.3744168,
298,194.46341228485107,-1.8488815,
299,195.1028974056244,-2.8598819,
300,196.21033143997192,-3.093084,
301,196.84605431556702,-3.1149297,
302,197.4831109046936,-3.9865284,
303,198.11895370483398,-4.6647577,
304,198.75444388389587,-1.342727,
305,199.3920440673828,-3.552265,
306,200.02801489830017,-1.3810737,
307,200.66335654258728,-1.9252949,
308,201.30090141296387,-1.9907819,
309,201.93710470199585,-4.1631684,
310,202.57363033294678,-2.12457,
311,203.2114748954773,-2.7149863,
312,203.84840273857117,-2.4137745,
313,204.48818683624268,-3.6362083,
314,205.12464547157288,-1.690869,
315,205.76131081581116,-1.9631984,
316,206.4076554775238,-3.4063373,
317,207.04635214805603,-2.5457184,
318,207.68965029716492,-2.4971886,
319,208.3283233642578,-1.876127,
320,208.96361303329468,-0.89215165,
321,209.6002275943756,-2.3561463,
322,210.238835811615,-3.1833127,
323,210.8740622997284,-1.8857226,
324,211.5106818675995,-1.8941684,
325,212.14750003814697,-4.5093164,
326,212.7829568386078,-3.6931815,
327,213.41895985603333,-2.2288098,
328,214.05683994293213,-3.7163339,
329,214.69311356544495,-3.458913,
330,215.32953596115112,-2.623176,
331,215.96738147735596,-1.6913648,
332,216.60462737083435,-3.731297,
333,217.24008917808533,-2.6711142,
334,217.87642121315002,-5.9064455,
335,218.51358246803284,-3.5974963,
336,219.14838671684265,-2.9745588,
337,219.7853229045868,-3.057016,
338,220.42369079589844,-1.2339394,
339,221.05866694450378,-2.3577628,
340,221.69603967666626,-3.3083892,
341,222.3338270187378,-2.6522336,
342,222.96935606002808,-2.1138272,
343,223.60888242721558,-2.91381,
344,224.25304436683655,-3.6881416,
345,224.89254713058472,-2.2701616,
346,225.52957391738892,-1.8742285,
347,226.16559386253357,-1.5379177,
348,226.80505919456482,-1.3570888,
349,227.44204425811768,-2.6029334,
350,228.0784776210785,-2.3235266,
351,228.7174735069275,-1.2069546,
352,229.3537313938141,-2.1629462,
353,229.98977279663086,-1.2112739,
354,230.62938904762268,-3.4533916,
355,231.26512241363525,-2.808708,
356,231.90013790130615,-2.7807856,
357,232.53916478157043,-3.5319228,
358,233.17422485351562,-1.6998295,
359,233.8105731010437,-3.2211595,
360,234.44831347465515,-2.5881875,
361,235.08457589149475,-1.8116428,
362,235.721018075943,-3.0556724,
363,236.35958886146545,-1.6139817,
364,236.9962191581726,-3.753806,
365,237.63224959373474,-2.1455407,
366,238.26966738700867,-2.4272666,
367,238.90640091896057,-2.5862288,
368,239.54283213615417,-1.647567,
369,240.1802990436554,-2.4776115,
370,240.81805276870728,-1.098331,
371,241.45288467407227,-2.756665,
372,242.09027218818665,-3.5706654,
373,242.72815489768982,-2.9831953,
374,243.36407279968262,-1.3592694,
375,244.0020396709442,-2.15525,
376,244.64038634300232,-2.616631,
377,245.27640175819397,-0.7899869,
378,245.91411209106445,-1.7808168,
379,246.5525062084198,-2.4589412,
380,247.18795347213745,-2.3170564,
381,247.82724237442017,-2.087704,
382,248.46482968330383,-3.0666378,
383,249.10690641403198,-2.636575,
384,249.74690675735474,-1.9186801,
385,250.3903410434723,-1.8950326,
386,251.0316722393036,-3.187481,
387,251.66760087013245,-1.6371436,
388,252.30354499816895,-1.9430116,
389,252.94336223602295,-3.1754422,
390,253.57898354530334,-1.9462516,
391,254.21564722061157,-1.6790037,
392,254.85546255111694,-1.836099,
393,255.49153661727905,-2.005766,
394,256.1287086009979,-2.1692128,
395,256.76671409606934,-2.3082554,
396,257.4022705554962,-2.8325572,
397,258.0400550365448,-2.8885953,
398,258.6785743236542,-2.9260962,
399,259.315860748291,-3.8271,
400,260.4323091506958,-2.2730289,
401,261.0678873062134,-2.6509712,
402,261.70403385162354,-2.2620153,
403,262.34266662597656,-2.6147597,
404,262.97767186164856,-3.9243748,
405,263.61507749557495,-2.4362094,
406,264.25344038009644,-1.6121011,
407,264.8897213935852,-2.6733894,
408,265.5270345211029,-1.7794094,
409,266.164183139801,-2.089024,
410,266.8007047176361,-1.3807663,
411,267.4368460178375,-3.1504974,
412,268.0744490623474,-3.1576624,
413,268.71258878707886,-4.217014,
414,269.34902906417847,-1.5915543,
415,269.98659801483154,-2.2456586,
416,270.6251902580261,-2.0355833,
417,271.267365694046,-1.6032389,
418,271.9080777168274,-2.5890193,
419,272.5516347885132,-2.4820213,
420,273.18906569480896,-2.8168917,
421,273.82685565948486,-1.8233287,
422,274.4640486240387,-2.8429918,
423,275.1028084754944,-2.6610441,
424,275.74023604393005,-2.7783136,
425,276.37696170806885,-3.0497139,
426,277.01684761047363,-2.6084328,
427,277.652911901474,-1.7289509,
428,278.2888641357422,-2.743176,
429,278.9284358024597,-4.157836,
430,279.5638749599457,-2.2603004,
431,280.20047783851624,-4.068326,
432,280.84002161026,-2.5232046,
433,281.4749677181244,-2.0475497,
434,282.11234521865845,-1.4737148,
435,282.75132632255554,-2.1956606,
436,283.3861184120178,-2.727016,
437,284.0230791568756,-1.9689666,
438,284.6614990234375,-2.585782,
439,285.29873967170715,-2.378726,
440,285.9355800151825,-1.7856026,
441,286.5737841129303,-2.4463015,
442,287.2113711833954,-2.3723707,
443,287.8475646972656,-2.3527641,
444,288.4854664802551,-2.6173444,
445,289.1235957145691,-1.8065159,
446,289.7598674297333,-2.9544458,
447,290.3996436595917,-4.1666365,
448,291.0431344509125,-2.875338,
449,291.68115758895874,-2.0382051,
450,292.31910729408264,-3.012547,
451,292.9569044113159,-1.965576,
452,293.5935082435608,-1.7042172,
453,294.2308437824249,-2.2771263,
454,294.8674237728119,-1.2714422,
455,295.5050857067108,-2.750225,
456,296.1424765586853,-3.4418178,
457,296.7787492275238,-2.2766705,
458,297.4179995059967,-1.6382768,
459,298.0553205013275,-2.336394,
460,298.6917243003845,-2.629414,
461,299.33151268959045,-3.046418,
462,299.9674229621887,-1.6909119,
463,300.60372042655945,-3.0277205,
464,301.243399143219,-3.2071316,
465,301.8788962364197,-3.1725476,
466,302.51493787765503,-2.409577,
467,303.15375232696533,-2.5070899,
468,303.78883504867554,-3.1433697,
469,304.42568802833557,-2.6097095,
470,305.064156293869,-1.9953765,
471,305.69962072372437,-1.1553252,
472,306.3360676765442,-1.8753256,
473,306.97409105300903,-2.5570726,
474,307.6102545261383,-1.6905053,
475,308.248414516449,-2.804223,
476,308.8867392539978,-3.0838146,
477,309.5251452922821,-1.7216008,
478,310.16191959381104,-2.4433053,
479,310.79890060424805,-1.8488969,
480,311.43684458732605,-1.7793119,
481,312.0722517967224,-3.140664,
482,312.71118545532227,-2.5544138,
483,313.3496289253235,-2.831339,
484,313.98552656173706,-2.286224,
485,314.623740196228,-1.844949,
486,315.2616295814514,-2.8556395,
487,315.89642882347107,-1.848667,
488,316.53312373161316,-3.3182983,
489,317.1706738471985,-2.790701,
490,317.80680775642395,-1.2183352,
491,318.4446761608124,-1.3777027,
492,319.0827684402466,-2.000653,
493,319.72667050361633,-2.7175953,
494,320.3689081668854,-2.7958322,
495,321.0089650154114,-1.6501799,
496,321.64999318122864,-1.0697813,
497,322.2865617275238,-2.5415595,
498,322.92333006858826,-2.1783617,
499,323.5635018348694,-1.2440755,
500,324.67167615890503,-2.9827003,
501,325.3105926513672,-1.5019977,
502,325.94843459129333,-1.1974874,
503,326.58480858802795,-2.5316486,
504,327.2249128818512,-3.2093,
505,327.86163449287415,-2.0213237,
506,328.4984202384949,-1.8787521,
507,329.1383466720581,-2.9726753,
508,329.77491879463196,-2.740485,
509,330.41263031959534,-1.6534191,
510,331.0518250465393,-3.2031536,
511,331.6868999004364,-3.8088825,
512,332.3230092525482,-1.9197873,
513,332.961229801178,-2.9289486,
514,333.59630584716797,-2.448152,
515,334.23421144485474,-2.5232766,
516,334.8721640110016,-3.5922086,
517,335.5075261592865,-2.9615107,
518,336.1440634727478,-2.2085307,
519,336.7822518348694,-2.414894,
520,337.41845321655273,-1.2162895,
521,338.0542047023773,-3.505078,
522,338.69236040115356,-3.5395885,
523,339.33040618896484,-3.7821963,
524,339.9666247367859,-1.8139048,
525,340.6048309803009,-2.02935,
526,341.2434847354889,-2.756234,
527,341.87877678871155,-1.1190706,
528,342.51791310310364,-2.1237018,
529,343.15725803375244,-1.888443,
530,343.794065952301,-1.9395683,
531,344.4317035675049,-3.329886,
532,345.0697946548462,-1.5907099,
533,345.70732069015503,-1.4049907,
534,346.3451180458069,-3.7883115,
535,346.9823086261749,-1.8689495,
536,347.6226315498352,-3.0173419,
537,348.2600920200348,-1.3398517,
538,348.896356344223,-2.6173728,
539,349.536584854126,-3.0548778,
540,350.17259669303894,-2.548286,
541,350.8090274333954,-2.7655253,
542,351.4494798183441,-2.1811025,
543,352.08572030067444,-1.9807045,
544,352.72326397895813,-1.624171,
545,353.3615720272064,-1.9835203,
546,353.9977204799652,-1.5550804,
547,354.63451290130615,-3.5868998,
548,355.2730305194855,-1.5971003,
549,355.90947461128235,-2.825529,
550,356.54630756378174,-2.132472,
551,357.18446493148804,-3.3041787,
552,357.82301783561707,-2.7679074,
553,358.4614632129669,-3.8102033,
554,359.0985128879547,-1.6766195,
555,359.74118661880493,-2.9001043,
556,360.38113141059875,-2.7575722,
557,361.0249218940735,-1.9002061,
558,361.66508865356445,-3.5783935,
559,362.3046636581421,-1.9085386,
560,362.94091725349426,-1.7813073,
561,363.5785765647888,-2.3844485,
562,364.2173397541046,-1.3378824,
563,364.85473012924194,-1.9350431,
564,365.49361181259155,-1.815321,
565,366.13093757629395,-1.4920343,
566,366.7696211338043,-5.4431505,
567,367.40750098228455,-2.0947883,
568,368.0546877384186,-1.2256974,
569,368.701140165329,-1.0710244,
570,369.3479506969452,-2.7414632,
571,369.99482774734497,-2.2536714,
572,370.64128279685974,-3.9214215,
573,371.287960767746,-2.2017095,
574,371.9350790977478,-1.7034502,
575,372.58117270469666,-1.9078891,
576,373.22812962532043,-2.4754224,
577,373.8748450279236,-2.3632698,
578,374.52027225494385,-1.1858498,
579,375.16632771492004,-1.8510406,
580,375.81230545043945,-3.09941,
581,376.4587197303772,-2.7251208,
582,377.10541820526123,-2.494575,
583,377.75142788887024,-1.427757,
584,378.398725271225,-1.9102098,
585,379.0451979637146,-1.597245,
586,379.692773103714,-1.3729544,
587,380.33967542648315,-1.957062,
588,380.9868016242981,-3.067265,
589,381.63432598114014,-2.8385854,
590,382.28156542778015,-2.7400444,
591,382.9288287162781,-1.8077528,
592,383.57666754722595,-2.852068,
593,384.223557472229,-2.6990294,
594,384.87074160575867,-2.0498781,
595,385.51817655563354,-3.3087523,
596,386.1657657623291,-1.939945,
597,386.8122067451477,-3.0142205,
598,387.4594714641571,-3.04702,
599,388.1066827774048,-2.246003,
600,389.2301068305969,-3.387523,
601,389.8771228790283,-2.6263933,
602,390.5229835510254,-3.8218565,
603,391.16941118240356,-1.5594503,
604,391.8165476322174,-3.9180243,
605,392.46248960494995,-1.8160621,
606,393.1089210510254,-1.738689,
607,393.7554259300232,-1.3527293,
608,394.4008140563965,-1.7566607,
609,395.04734802246094,-2.8585482,
610,395.69397354125977,-1.7421582,
611,396.34075832366943,-2.0015779,
612,396.9880311489105,-2.0237424,
613,397.6338059902191,-2.4124289,
614,398.2818093299866,-2.8825529,
615,398.9283661842346,-1.921981,
616,399.5740325450897,-3.856772,
617,400.22008872032166,-3.249733,
618,400.8685178756714,-1.8869301,
619,401.5174458026886,-2.1838002,
620,402.167685508728,-3.703403,
621,402.8149688243866,-2.4322324,
622,403.46105670928955,-2.140633,
623,404.10807061195374,-1.6257834,
624,404.7553389072418,-2.4147992,
625,405.40117287635803,-2.8131485,
626,406.04770612716675,-3.5486875,
627,406.6932954788208,-3.2796159,
628,407.33975744247437,-3.824376,
629,407.9862735271454,-1.6411922,
630,408.633672952652,-1.64816,
631,409.28095388412476,-1.8893011,
632,409.92760848999023,-3.2663863,
633,410.5742611885071,-2.8051186,
634,411.2210977077484,-1.7001987,
635,411.86768651008606,-2.42621,
636,412.51428389549255,-2.5316272,
637,413.1614158153534,-2.938867,
638,413.80894589424133,-2.7847524,
639,414.45667910575867,-2.010543,
640,415.104052066803,-1.847431,
641,415.7517104148865,-2.544746,
642,416.3989791870117,-2.975901,
643,417.0503113269806,-0.84635794,
644,417.69813656806946,-2.0033422,
645,418.34614157676697,-2.917183,
646,418.99364614486694,-2.1304767,
647,419.6409080028534,-2.6840134,
648,420.28762888908386,-2.4300938,
649,420.93447184562683,-4.453335,
650,421.58091831207275,-1.5915499,
651,422.2175335884094,-5.1426086,
652,422.8550889492035,-1.555092,
653,423.4929277896881,-2.007395,
654,424.1305077075958,-2.335074,
655,424.76820492744446,-1.795375,
656,425.40722274780273,-2.6245606,
657,426.04487681388855,-2.5495918,
658,426.6817135810852,-2.1070085,
659,427.32108974456787,-1.8646194,
660,427.9575848579407,-1.03319,
661,428.5941917896271,-2.0722706,
662,429.2337763309479,-3.2161417,
663,429.8697290420532,-2.4515944,
664,430.5073745250702,-3.0818472,
665,431.144766330719,-2.0605707,
666,431.7818202972412,-2.3660288,
667,432.4184432029724,-1.6156968,
668,433.0571892261505,-5.2157626,
669,433.6963994503021,-1.751981,
670,434.3326690196991,-0.84147304,
671,434.9703094959259,-2.2536762,
672,435.6084213256836,-3.0475261,
673,436.2448396682739,-1.4775134,
674,436.8836898803711,-2.3222027,
675,437.5201964378357,-1.9693851,
676,438.15828132629395,-2.0919623,
677,438.79618549346924,-3.0205038,
678,439.4323995113373,-2.0541592,
679,440.07172322273254,-2.7557478,
680,440.70787048339844,-1.6527741,
681,441.3442029953003,-1.5237141,
682,441.9847614765167,-1.8281244,
683,442.62011647224426,-2.1271138,
684,443.2566900253296,-3.5239549,
685,443.8960540294647,-2.6775842,
686,444.531405210495,-2.4314165,
687,445.1693232059479,-1.2904184,
688,445.80839467048645,-1.3772955,
689,446.4443783760071,-2.9027855,
690,447.08154940605164,-2.9110017,
691,447.71890687942505,-2.0304866,
692,448.3557150363922,-1.674392,
693,448.9923839569092,-2.5677214,
694,449.63007831573486,-2.4765635,
695,450.26816630363464,-1.5448676,
696,450.9044466018677,-2.3262963,
697,451.5418357849121,-2.138857,
698,452.18030071258545,-2.0415711,
699,452.8147859573364,-3.3647187,
700,453.9203815460205,-1.8912556,
701,454.5568165779114,-2.2052414,
702,455.1953830718994,-2.7942264,
703,455.8325386047363,-3.0471935,
704,456.4692108631134,-2.577353,
705,457.10811734199524,-4.3449526,
706,457.75275683403015,-1.7235082,
707,458.39161682128906,-3.4681628,
708,459.0351722240448,-2.7339709,
709,459.67363572120667,-2.316551,
710,460.31002855300903,-2.1589556,
711,460.9478476047516,-3.15975,
712,461.5848524570465,-2.0914533,
713,462.22264528274536,-2.8147793,
714,462.860080242157,-2.7430367,
715,463.497123003006,-2.6676297,
716,464.1358630657196,-2.6337633,
717,464.772269487381,-1.620695,
718,465.4089138507843,-2.0769043,
719,466.0494031906128,-3.5861614,
720,466.68741393089294,-1.6966755,
721,467.32423090934753,-2.8589337,
722,467.9641010761261,-2.1118174,
723,468.5976634025574,-3.2369576,
724,469.23259115219116,-2.7385075,
725,469.8714416027069,-1.9976256,
726,470.50574827194214,-1.6729025,
727,471.14071798324585,-2.3014352,
728,471.77864170074463,-2.1644888,
729,472.41295528411865,-2.2410903,
730,473.04914808273315,-1.7913133,
731,473.6877408027649,-3.0939548,
732,474.321830034256,-2.0530646,
733,474.957976102829,-1.5797946,
734,475.5958831310272,-2.670189,
735,476.2322072982788,-2.057582,
736,476.8690752983093,-1.884904,
737,477.5062081813812,-3.0750332,
738,478.14264369010925,-2.25767,
739,478.7784857749939,-1.4617867,
740,479.4157655239105,-2.007656,
741,480.0536916255951,-2.9491136,
742,480.6905641555786,-3.2553506,
743,481.32929277420044,-2.2544048,
744,481.9677379131317,-2.9650548,
745,482.6033670902252,-1.2517416,
746,483.24230337142944,-2.5491033,
747,483.8794023990631,-1.979511,
748,484.5170052051544,-2.2171056,
749,485.16236186027527,-1.8508112,
750,485.8018524646759,-1.4073296,
751,486.4485659599304,-2.1553483,
752,487.0849380493164,-2.917873,
753,487.7215826511383,-2.064876,
754,488.3619587421417,-1.350513,
755,488.9973599910736,-2.31385,
756,489.6351704597473,-2.0753827,
757,490.2743854522705,-2.3803763,
758,490.9105269908905,-1.2490228,
759,491.5482656955719,-2.7188895,
760,492.1873183250427,-2.2912931,
761,492.8323574066162,-2.2381864,
762,493.47269797325134,-1.6708453,
763,494.1135036945343,-1.2799587,
764,494.7537558078766,-2.13404,
765,495.3926131725311,-2.2323835,
766,496.03369069099426,-2.2631679,
767,496.6724886894226,-1.3081646,
768,497.315593957901,-1.6138424,
769,497.9534442424774,-2.3866453,
770,498.5926661491394,-1.6881492,
771,499.2333769798279,-1.7619947,
772,499.8730363845825,-2.0803905,
773,500.5111930370331,-2.1230593,
774,501.15092754364014,-2.5282307,
775,501.7903389930725,-2.3740654,
776,502.4274830818176,-2.9323938,
777,503.06660318374634,-2.2212868,
778,503.70684695243835,-3.0969582,
779,504.34525179862976,-2.3668041,
780,504.98377323150635,-2.1580157,
781,505.6217751502991,-3.2245646,
782,506.26346945762634,-2.3603725,
783,506.90082025527954,-4.102636,
784,507.5397627353668,-1.7403069,
785,508.1813929080963,-2.287013,
786,508.820273399353,-2.0561,
787,509.4582507610321,-2.0190315,
788,510.09572768211365,-1.6989372,
789,510.73206090927124,-1.9873792,
790,511.36870884895325,-2.8768466,
791,512.0070533752441,-1.542934,
792,512.6456229686737,-1.6617532,
793,513.2817041873932,-2.6112428,
794,513.920280456543,-1.1796582,
795,514.5597579479218,-2.983904,
796,515.1944456100464,-3.7873616,
797,515.8322331905365,-1.960587,
798,516.4708671569824,-2.9212801,
799,517.1077651977539,-1.5428715,
800,518.2135310173035,-3.146463,
801,518.8512127399445,-2.501943,
802,519.4890639781952,-3.1434102,
803,520.1260709762573,-1.4250703,
804,520.7627129554749,-2.0364032,
805,521.4007465839386,-2.1634228,
806,522.0389125347137,-2.030747,
807,522.6747694015503,-3.2668102,
808,523.3129162788391,-2.9027808,
809,523.9513401985168,-1.1561693,
810,524.5872714519501,-2.4615738,
811,525.2247641086578,-2.1524618,
812,525.8616924285889,-2.7215781,
813,526.4964036941528,-3.6447468,
814,527.134119272232,-1.4178188,
815,527.7716429233551,-1.8213534,
816,528.4073960781097,-1.5849442,
817,529.0451579093933,-3.6422434,
818,529.6825370788574,-3.085291,
819,530.3182048797607,-2.278904,
820,530.9557349681854,-1.0067425,
821,531.5925552845001,-1.879343,
822,532.2291684150696,-1.6716588,
823,532.8677749633789,-2.5291398,
824,533.5073158740997,-2.7235126,
825,534.1452741622925,-1.7247438,
826,534.7817163467407,-1.744751,
827,535.4190056324005,-3.050865,
828,536.0572185516357,-2.6690702,
829,536.6943995952606,-3.933599,
830,537.3329784870148,-1.8040373,
831,537.9703209400177,-3.4493098,
832,538.6183748245239,-2.512323,
833,539.25901055336,-2.7668328,
834,539.9001598358154,-1.2215505,
835,540.5412857532501,-1.5362064,
836,541.1850907802582,-2.1860325,
837,541.8251824378967,-1.6910558,
838,542.4684941768646,-2.304431,
839,543.1099627017975,-2.5115137,
840,543.7538287639618,-3.525698,
841,544.3947143554688,-1.0780675,
842,545.0344276428223,-1.9851282,
843,545.677973985672,-3.6544352,
844,546.3164830207825,-2.5338678,
845,546.9538133144379,-1.8505687,
846,547.5937361717224,-1.8943651,
847,548.2338914871216,-2.516489,
848,548.87158370018,-1.321264,
849,549.5116658210754,-0.76621723,
850,550.1515774726868,-2.6021624,
851,550.791229724884,-1.7391433,
852,551.430412530899,-5.2049932,
853,552.0696125030518,-1.6715605,
854,552.7841649055481,-2.7830887,
855,553.4199440479279,-2.282232,
856,554.0586190223694,-2.222598,
857,554.6978876590729,-2.0591395,
858,555.3350212574005,-1.8809626,
859,555.9730174541473,-2.323566,
860,556.6113216876984,-1.5919191,
861,557.2472832202911,-2.8568168,
862,557.8852138519287,-3.302113,
863,558.5227530002594,-2.8936138,
864,559.1591899394989,-1.3913455,
865,559.7959969043732,-2.75201,
866,560.4331376552582,-2.8783133,
867,561.0712337493896,-1.692517,
868,561.7082941532135,-2.4391031,
869,562.3437757492065,-2.334272,
870,562.9835596084595,-2.363756,
871,563.6193158626556,-2.3051214,
872,564.2545740604401,-1.4308668,
873,564.8952102661133,-2.1292493,
874,565.5309927463531,-2.0517352,
875,566.168121099472,-1.1079221,
876,566.8087236881256,-3.535393,
877,567.4443535804749,-2.685987,
878,568.0812001228333,-1.4959506,
879,568.7196712493896,-2.390819,
880,569.3548893928528,-2.3122602,
881,569.9951684474945,-2.036193,
882,570.6341829299927,-2.7956095,
883,571.2713849544525,-4.32253,
884,571.9094398021698,-1.125082,
885,572.5452466011047,-1.860471,
886,573.1803147792816,-2.98813,
887,573.8150014877319,-1.8193903,
888,574.4518563747406,-2.1213663,
889,575.0928521156311,-2.6542788,
890,575.7271153926849,-4.574933,
891,576.3642225265503,-3.8108087,
892,577.0022864341736,-1.6619202,
893,577.6439971923828,-2.0381851,
894,578.307373046875,-2.4732594,
895,578.9588222503662,-3.5625424,
896,579.6178002357483,-2.204193,
897,580.2696053981781,-2.618654,
898,580.9196231365204,-2.122445,
899,581.5670685768127,-3.6724772,
900,582.7091581821442,-1.9049847,
901,583.3616292476654,-3.9507155,
902,584.013167142868,-2.9207,
903,584.6668403148651,-2.7232163,
904,585.3180627822876,-2.3200111,
905,585.9619977474213,-3.2277372,
906,586.6190717220306,-1.9590611,
907,587.2741301059723,-1.9257944,
908,587.9239163398743,-2.488697,
909,588.5797734260559,-1.5520586,
910,589.2330286502838,-2.2958355,
911,589.8903133869171,-2.2639942,
912,590.5411994457245,-2.7863197,
913,591.1897671222687,-2.9689543,
914,591.840512752533,-2.7402682,
915,592.4868569374084,-2.2302225,
916,593.1257860660553,-2.3390217,
917,593.765947341919,-1.5137198,
918,594.4054484367371,-1.2696811,
919,595.0446217060089,-2.234158,
920,595.685861825943,-2.5624056,
921,596.324517250061,-2.2011464,
922,596.9661157131195,-1.1184009,
923,597.6043519973755,-3.926177,
924,598.2434446811676,-2.1188562,
925,598.8847351074219,-2.0719347,
926,599.522055387497,-3.022963,
927,600.1602754592896,-3.105113,
928,600.7994909286499,-2.0127988,
929,601.4396708011627,-1.9892178,
930,602.0782420635223,-2.0086327,
931,602.7173700332642,-1.4847872,
932,603.3581213951111,-1.6991547,
933,603.9937644004822,-2.3783033,
934,604.6322417259216,-1.8654219,
935,605.2695634365082,-1.9322596,
936,605.907322883606,-2.797017,
937,606.550306558609,-2.862435,
938,607.1925327777863,-2.448845,
939,607.8367466926575,-1.6919097,
940,608.4777534008026,-2.1935306,
941,609.1178095340729,-2.508504,
942,609.7615723609924,-3.546166,
943,610.4045476913452,-1.8024061,
944,611.045369386673,-1.6741085,
945,611.6893258094788,-1.768686,
946,612.3306996822357,-2.171685,
947,612.973128080368,-2.204265,
948,613.6116557121277,-1.614854,
949,614.2493119239807,-1.9889998,
950,614.8901319503784,-1.188073,
951,615.5314800739288,-1.5619775,
952,616.174295425415,-2.622182,
953,616.8125288486481,-1.658529,
954,617.4506845474243,-2.0715485,
955,618.0872700214386,-3.3425646,
956,618.7264354228973,-3.0470986,
957,619.365222454071,-1.9720478,
958,620.0017509460449,-3.4914112,
959,620.6403758525848,-1.7741873,
960,621.279718875885,-3.1015859,
961,621.9165337085724,-1.3602395,
962,622.5571041107178,-2.1637013,
963,623.1951162815094,-1.869131,
964,623.8324558734894,-3.1708734,
965,624.4714608192444,-1.3122833,
966,625.1092908382416,-3.34612,
967,625.7486863136292,-2.1393723,
968,626.3870816230774,-2.0238867,
969,627.0242915153503,-1.9418986,
970,627.6653077602386,-1.0646983,
971,628.3018305301666,-2.4089088,
972,628.9392828941345,-2.4095535,
973,629.5797905921936,-2.294547,
974,630.2161545753479,-1.8675854,
975,630.8533191680908,-2.0256329,
976,631.4939725399017,-2.3120484,
977,632.1311774253845,-2.8835998,
978,632.7686212062836,-1.6479107,
979,633.407990694046,-1.5239935,
980,634.0447947978973,-2.5406218,
981,634.6820597648621,-1.8924406,
982,635.3218519687653,-1.8287499,
983,635.9603610038757,-3.0447776,
984,636.5965762138367,-3.6232944,
985,637.2357797622681,-1.1135137,
986,637.8743844032288,-1.8552353,
987,638.5111262798309,-2.0238264,
988,639.150866985321,-1.6372685,
989,639.7898135185242,-2.9417477,
990,640.4288325309753,-1.1380409,
991,641.079568862915,-2.1022065,
992,641.7292804718018,-2.604657,
993,642.3853714466095,-1.1958033,
994,643.0362334251404,-2.6147118,
995,643.6868417263031,-1.7624154,
996,644.3429129123688,-2.7104208,
997,644.9940395355225,-2.0111015,
998,645.6434195041656,-2.0938447,
999,646.3002281188965,-1.7498138,
1000,647.4530820846558,-2.3415437,
1001,648.101667881012,-1.6772273,
1002,648.7548942565918,-1.8489535,
1003,649.4099998474121,-2.6828134,
1004,650.062493801117,-1.730567,
1005,650.7153143882751,-3.4802566,
1006,651.3706874847412,-1.9636865,
1007,652.0212428569794,-1.6099396,
1008,652.6698708534241,-2.4703722,
1009,653.3294322490692,-1.8508728,
1010,653.9814004898071,-1.4500093,
1011,654.6234045028687,-2.3281407,
1012,655.2627022266388,-2.6076355,
1013,655.9014649391174,-2.7026615,
1014,656.5395317077637,-2.4897552,
1015,657.1787116527557,-2.228279,
1016,657.8173472881317,-1.9256047,
1017,658.4538507461548,-2.901642,
1018,659.0918257236481,-1.0335711,
1019,659.7304248809814,-2.7568316,
1020,660.3673164844513,-2.4253745,
1021,661.0059323310852,-2.7120397,
1022,661.6439380645752,-2.4024885,
1023,662.2818610668182,-2.4675372,
1024,662.9210016727448,-3.674476,
1025,663.5589056015015,-2.1233406,
1026,664.1984596252441,-2.2928886,
1027,664.8365743160248,-1.8598206,
1028,665.4743540287018,-2.2769086,
1029,666.115816116333,-3.179383,
1030,666.7527966499329,-3.255023,
1031,667.3900318145752,-2.3670359,
1032,668.0311589241028,-2.1886241,
1033,668.6686787605286,-1.165463,
1034,669.3081052303314,-2.0338237,
1035,669.9487731456757,-3.7834089,
1036,670.5941779613495,-2.3124232,
1037,671.2351679801941,-1.8783302,
1038,671.8735735416412,-2.2513847,
1039,672.5116102695465,-2.1340065,
1040,673.1482920646667,-4.000543,
1041,673.7872388362885,-1.5999079,
1042,674.4263603687286,-1.1620748,
1043,675.0634756088257,-2.242865,
1044,675.7028901576996,-1.6224906,
1045,676.3413681983948,-3.0141006,
1046,676.9778461456299,-0.7785829,
1047,677.616580247879,-1.8464336,
1048,678.255190372467,-1.8331139,
1049,678.8932831287384,-3.5544038,
1050,679.5315198898315,-3.5973325,
1051,680.1693217754364,-2.9910398,
1052,680.8071784973145,-2.1038797,
1053,681.4452018737793,-2.0247507,
1054,682.0817403793335,-2.2969072,
1055,682.720789194107,-1.4679945,
1056,683.3598637580872,-2.2430634,
1057,683.9967796802521,-3.377946,
1058,684.6374266147614,-1.8152202,
1059,685.2739388942719,-1.3864489,
1060,685.9110944271088,-1.4996812,
1061,686.5513346195221,-1.8003076,
1062,687.187225818634,-2.164937,
1063,687.8232758045197,-2.396453,
1064,688.4636886119843,-2.7626622,
1065,689.0988647937775,-2.20035,
1066,689.7366895675659,-2.853273,
1067,690.3765170574188,-3.077021,
1068,691.0122315883636,-3.2637477,
1069,691.6497027873993,-3.473361,
1070,692.289354801178,-1.7888895,
1071,692.9258959293365,-2.1143878,
1072,693.5634353160858,-1.0553924,
1073,694.2023782730103,-2.208394,
1074,694.8394916057587,-1.729229,
1075,695.4764289855957,-2.3137643,
1076,696.1155183315277,-1.5193088,
1077,696.7536778450012,-3.6702738,
1078,697.3913445472717,-2.6268716,
1079,698.0294754505157,-3.5381255,
1080,698.6681125164032,-1.249123,
1081,699.3043775558472,-2.8816714,
1082,699.9431428909302,-1.7289592,
1083,700.582138299942,-1.9967407,
1084,701.2180645465851,-1.1380498,
1085,701.8631339073181,-2.10774,
1086,702.5029199123383,-1.8243818,
1087,703.1479322910309,-2.4181185,
1088,703.7876017093658,-1.5737722,
1089,704.4252371788025,-3.2863882,
1090,705.0644445419312,-2.5309906,
1091,705.7003133296967,-2.0666533,
1092,706.3390324115753,-1.2304589,
1093,706.9769361019135,-3.3457966,
1094,707.6124017238617,-2.1496747,
1095,708.2506942749023,-1.7827507,
1096,708.888504743576,-2.0810874,
1097,709.5254337787628,-1.5489156,
1098,710.1634726524353,-2.8519216,
1099,710.800327539444,-3.8003075,
1100,711.9126551151276,-2.6832955,
1101,712.5496923923492,-1.4091744,
1102,713.1861190795898,-2.601376,
1103,713.8246338367462,-2.7864392,
1104,714.4646518230438,-1.9528722,
1105,715.101291179657,-4.604159,
1106,715.7398996353149,-1.8367678,
1107,716.3778338432312,-2.0515203,
1108,717.015034198761,-2.6622348,
1109,717.6535272598267,-2.0869946,
1110,718.2922992706299,-1.9426773,
1111,718.9312336444855,-2.5290895,
1112,719.5692806243896,-2.3054779,
1113,720.2074165344238,-1.174083,
1114,720.8487062454224,-2.418918,
1115,721.4864189624786,-2.7772627,
1116,722.122974395752,-1.419379,
1117,722.7639105319977,-1.4874799,
1118,723.4002878665924,-1.5145934,
1119,724.0381045341492,-2.549232,
1120,724.6783227920532,-2.418703,
1121,725.3147132396698,-2.0417638,
1122,725.9522039890289,-2.0546172,
1123,726.5914931297302,-2.7162454,
1124,727.2276270389557,-1.6668987,
1125,727.8656752109528,-2.0893989,
1126,728.5047464370728,-2.0781913,
1127,729.1426484584808,-2.3218176,
1128,729.7865755558014,-2.0818825,
1129,730.4282619953156,-2.5040123,
1130,731.0722308158875,-2.1078992,
1131,731.7096571922302,-2.8552108,
1132,732.3486847877502,-1.569685,
1133,732.9884893894196,-2.6432977,
1134,733.6245577335358,-1.8948766,
1135,734.2631764411926,-2.8933609,
1136,734.9024803638458,-2.0483549,
1137,735.5378291606903,-2.5633485,
1138,736.1762070655823,-2.3269796,
1139,736.8134934902191,-2.286698,
1140,737.4503908157349,-2.544828,
1141,738.0890851020813,-1.8965247,
1142,738.7264189720154,-1.5406046,
1143,739.3624210357666,-4.008642,
1144,740.0028748512268,-2.2492294,
1145,740.6398785114288,-2.8170257,
1146,741.2766017913818,-2.0130873,
1147,741.9159915447235,-2.2756276,
1148,742.5534272193909,-2.208363,
1149,743.1912531852722,-1.9308181,
1150,743.8290557861328,-2.3297012,
1151,744.4666888713837,-2.174399,
1152,745.106207370758,-4.397053,
1153,745.7444686889648,-1.3131881,
1154,746.381067276001,-3.040029,
1155,747.0219385623932,-2.371417,
1156,747.6589825153351,-1.6811348,
1157,748.2954361438751,-1.9251751,
1158,748.9351315498352,-3.0823731,
1159,749.5707116127014,-2.5011,
1160,750.2066662311554,-1.5725892,
1161,750.8476738929749,-1.9847643,
1162,751.4831113815308,-1.6184044,
1163,752.1198606491089,-3.8195086,
1164,752.7589647769928,-1.887379,
1165,753.3967463970184,-1.0129387,
1166,754.0349123477936,-2.0310884,
1167,754.6742808818817,-3.3407087,
1168,755.3113150596619,-1.9209578,
1169,755.9481928348541,-1.5142965,
1170,756.5866115093231,-2.4434326,
1171,757.2254207134247,-2.588757,
1172,757.8631885051727,-3.4525714,
1173,758.5021502971649,-3.3229418,
1174,759.1399326324463,-1.8833121,
1175,759.7765884399414,-1.4390936,
1176,760.4151690006256,-1.9421314,
1177,761.0534570217133,-2.851836,
1178,761.6891486644745,-4.420584,
1179,762.3282859325409,-3.0630288,
1180,762.9659245014191,-1.7276592,
1181,763.602217912674,-1.3748792,
1182,764.2394044399261,-1.8681624,
1183,764.8781001567841,-2.7440796,
1184,765.5139544010162,-3.5263858,
1185,766.1520969867706,-1.4380851,
1186,766.7903845310211,-2.351468,
1187,767.4267380237579,-4.3028584,
1188,768.0647501945496,-2.9678676,
1189,768.7013175487518,-1.6522741,
1190,769.3406774997711,-1.6571082,
1191,769.9790878295898,-1.7045586,
1192,770.6162354946136,-1.3321881,
1193,771.2560091018677,-2.6948555,
1194,771.8937840461731,-3.2001307,
1195,772.5302979946136,-2.539147,
1196,773.1703224182129,-1.7201108,
1197,773.8069887161255,-3.0688334,
1198,774.4441874027252,-1.5305145,
1199,775.0856907367706,-2.3372552,
1200,776.1955394744873,-2.549832,
1201,776.8329238891602,-1.7638097,
1202,777.4709389209747,-1.5505258,
1203,778.1079387664795,-1.9934292,
1204,778.7470693588257,-3.089078,
1205,779.3839259147644,-2.4816115,
1206,780.0210428237915,-3.4099922,
1207,780.6609046459198,-1.951243,
1208,781.2972826957703,-3.319045,
1209,781.9345624446869,-2.0466604,
1210,782.5753626823425,-1.7771552,
1211,783.213091135025,-2.6136355,
1212,783.8564128875732,-3.6682386,
1213,784.4974331855774,-2.7895133,
1214,785.1333646774292,-2.0212128,
1215,785.7707200050354,-1.1575906,
1216,786.4105410575867,-1.2189093,
1217,787.0460057258606,-2.4284158,
1218,787.6837708950043,-1.73467,
1219,788.3231563568115,-1.7903384,
1220,788.9609003067017,-0.39858627,
1221,789.5975081920624,-2.6372805,
1222,790.2359952926636,-1.9637427,
1223,790.8722071647644,-2.7945385,
1224,791.5086395740509,-2.3815804,
1225,792.1478123664856,-1.6679177,
1226,792.7854337692261,-1.4403921,
1227,793.4213428497314,-2.0737293,
1228,794.0606558322906,-2.518248,
1229,794.6988236904144,-2.0336215,
1230,795.3344116210938,-2.645713,
1231,795.9707329273224,-4.4418163,
1232,796.6093199253082,-1.9392169,
1233,797.2458584308624,-1.7394713,
1234,797.8856599330902,-1.8471675,
1235,798.5256567001343,-2.2640984,
1236,799.1618664264679,-2.894609,
1237,799.8014256954193,-2.018189,
1238,800.4401388168335,-2.6977572,
1239,801.0763947963715,-2.4110997,
1240,801.7140674591064,-2.9264932,
1241,802.351322889328,-2.7983782,
1242,802.9888076782227,-2.5144556,
1243,803.6260459423065,-1.961811,
1244,804.2644202709198,-2.8006756,
1245,804.9015016555786,-2.4602132,
1246,805.5395593643188,-2.118109,
1247,806.1772289276123,-1.6335003,
1248,806.817378282547,-1.4906721,
1249,807.455938577652,-2.0978093,
1250,808.0943174362183,-3.164699,
1251,808.7350497245789,-1.9313948,
1252,809.3716127872467,-1.2654282,
1253,810.0087187290192,-1.8611026,
1254,810.649792432785,-2.2277243,
1255,811.2862770557404,-1.5617323,
1256,811.9244463443756,-3.2278647,
1257,812.5641524791718,-1.7279631,
1258,813.2001655101776,-3.8746405,
1259,813.8377668857574,-2.782493,
1260,814.4774277210236,-2.046422,
1261,815.1128129959106,-3.3970847,
1262,815.7501783370972,-1.3457224,
1263,816.3891127109528,-1.6377674,
1264,817.0267493724823,-0.81961876,
1265,817.6645843982697,-1.861161,
1266,818.3033881187439,-1.4882958,
1267,818.9411282539368,-4.2265387,
1268,819.5782344341278,-2.4306552,
1269,820.2171680927277,-1.9686866,
1270,820.8560080528259,-3.0428786,
1271,821.4924492835999,-1.8609359,
1272,822.1299569606781,-2.1278255,
1273,822.7689020633698,-3.9141524,
1274,823.4046320915222,-2.1206176,
1275,824.0432934761047,-3.4000025,
1276,824.6825048923492,-2.266292,
1277,825.3182861804962,-2.1936083,
1278,825.9565200805664,-1.9271319,
1279,826.5947988033295,-3.0141623,
1280,827.2298984527588,-1.1105363,
1281,827.8683183193207,-1.7353318,
1282,828.506639957428,-2.5001948,
1283,829.1434569358826,-2.105667,
1284,829.7841620445251,-2.534512,
1285,830.4249277114868,-2.6022077,
1286,831.064501285553,-2.6259718,
1287,831.7045617103577,-2.640267,
1288,832.3397450447083,-2.56818,
1289,832.9738729000092,-1.8204421,
1290,833.6095819473267,-2.029878,
1291,834.24454164505,-2.3284364,
1292,834.8774220943451,-2.5369892,
1293,835.5127418041229,-1.9013386,
1294,836.1477601528168,-2.071124,
1295,836.7820427417755,-2.6817822,
1296,837.4169843196869,-1.4792323,
1297,838.050612449646,-2.6926126,
1298,838.6856291294098,-1.9393556,
1299,839.3217992782593,-2.228479,
1300,840.4256422519684,-2.5306582,
1301,841.0596249103546,-3.0439577,
1302,841.6939966678619,-3.000082,
1303,842.3296120166779,-1.3877326,
1304,842.9636075496674,-2.5486214,
1305,843.5977249145508,-1.684953,
1306,844.2320289611816,-2.6583436,
1307,844.8674314022064,-3.3285067,
1308,845.503041267395,-1.4367712,
1309,846.1377561092377,-2.096117,
1310,846.7731058597565,-1.8491298,
1311,847.4097924232483,-2.7736974,
1312,848.0436320304871,-2.7618885,
1313,848.6788303852081,-1.2747846,
1314,849.317634344101,-2.0602455,
1315,849.9520571231842,-4.027263,
1316,850.5866055488586,-2.56049,
1317,851.2246134281158,-1.9604335,
1318,851.8586506843567,-2.761372,
1319,852.4916713237762,-1.5165625,
1320,853.1295518875122,-1.8867252,
1321,853.7657601833344,-3.090985,
1322,854.4009110927582,-2.76277,
1323,855.0382733345032,-2.24147,
1324,855.6742148399353,-2.20032,
1325,856.3085796833038,-2.5865088,
1326,856.9437627792358,-1.9133263,
1327,857.5799906253815,-2.3568041,
1328,858.2156362533569,-1.8245095,
1329,858.848680973053,-3.8113909,
1330,859.4844784736633,-3.2901177,
1331,860.1206181049347,-1.7136555,
1332,860.7559635639191,-2.260264,
1333,861.3929264545441,-2.1990402,
1334,862.0300703048706,-2.2626047,
1335,862.6640632152557,-2.1853435,
1336,863.300662279129,-2.7152882,
1337,863.936413526535,-2.4392366,
1338,864.572518825531,-1.0503055,
1339,865.2080125808716,-1.849437,
1340,865.843915939331,-1.7056875,
1341,866.4786655902863,-2.0044312,
1342,867.1145553588867,-2.740222,
1343,867.7470722198486,-2.8162203,
1344,868.3820552825928,-1.6137619,
1345,869.0204703807831,-1.9142702,
1346,869.6536881923676,-2.1640782,
1347,870.2886204719543,-1.2026024,
1348,870.9281344413757,-2.2466004,
1349,871.5628814697266,-1.1909869,
1350,872.1984782218933,-1.6574131,
1351,872.838360786438,-1.5269017,
1352,873.4736528396606,-1.0941468,
1353,874.1073050498962,-1.021697,
1354,874.7461462020874,-1.5050042,
1355,875.3807804584503,-2.145018,
1356,876.0159974098206,-2.5515952,
1357,876.6537628173828,-1.3943067,
1358,877.2861111164093,-2.2881408,
1359,877.9215841293335,-1.5761583,
1360,878.558468580246,-2.7334783,
1361,879.1919362545013,-2.7995417,
1362,879.8267915248871,-2.5933113,
1363,880.4634563922882,-0.93390524,
1364,881.0982036590576,-2.0598495,
1365,881.7345206737518,-2.49124,
1366,882.3685126304626,-2.1283712,
1367,883.0035276412964,-3.4369674,
1368,883.6408512592316,-1.9516667,
1369,884.2750008106232,-1.8511573,
1370,884.9105343818665,-4.6370583,
1371,885.5479719638824,-2.9370375,
1372,886.1826884746552,-1.7784067,
1373,886.8179605007172,-1.6997229,
1374,887.4553098678589,-3.4362438,
1375,888.0891854763031,-1.6282557,
1376,888.7236814498901,-2.1548433,
1377,889.3621835708618,-2.027106,
1378,889.9979765415192,-1.8206117,
1379,890.633462190628,-2.0477128,
1380,891.2720489501953,-1.175982,
1381,891.9061615467072,-2.2341506,
1382,892.541152715683,-2.7352967,
1383,893.179146528244,-2.7450533,
1384,893.8143677711487,-1.4139861,
1385,894.4481642246246,-2.1669235,
1386,895.0833766460419,-2.7279663,
1387,895.7198984622955,-2.3211954,
1388,896.3553659915924,-3.0479212,
1389,896.9903116226196,-1.6556058,
1390,897.625449180603,-2.1716785,
1391,898.2609474658966,-1.9539056,
1392,898.8939063549042,-1.7165833,
1393,899.5299918651581,-1.520377,
1394,900.1675407886505,-2.6701996,
1395,900.8010857105255,-2.5042143,
1396,901.4362258911133,-2.0112844,
1397,902.0733025074005,-2.2781892,
1398,902.7078328132629,-2.0580802,
1399,903.3430063724518,-2.842904,
1400,904.4475178718567,-2.0875947,
1401,905.0858154296875,-0.9683595,
1402,905.72034740448,-1.7304306,
1403,906.3557775020599,-2.1634274,
1404,906.9917035102844,-2.6264439,
1405,907.6269102096558,-2.2344165,
1406,908.2649846076965,-3.2912025,
1407,908.9037408828735,-2.949189,
1408,909.5444309711456,-2.0433621,
1409,910.1831004619598,-3.2291422,
1410,910.8167324066162,-1.7297006,
1411,911.4532337188721,-1.1503284,
1412,912.0892646312714,-0.76603484,
1413,912.7216367721558,-2.1953635,
1414,913.3564376831055,-1.3137286,
1415,913.9932341575623,-3.187664,
1416,914.6281487941742,-1.4833083,
1417,915.263986825943,-2.1225615,
1418,915.899516582489,-1.5104581,
1419,916.5340061187744,-3.36693,
1420,917.1697533130646,-3.8190656,
1421,917.8045816421509,-3.1287727,
1422,918.4402840137482,-1.8167782,
1423,919.0765154361725,-2.1966825,
1424,919.7099406719208,-2.4959245,
1425,920.3441338539124,-2.7421987,
1426,920.9807026386261,-2.9193711,
1427,921.6131145954132,-3.1110673,
1428,922.2469322681427,-1.8137789,
1429,922.8847630023956,-2.1738238,
1430,923.5185520648956,-2.2050362,
1431,924.1531121730804,-2.1831915,
1432,924.7905042171478,-1.402346,
1433,925.4257216453552,-1.6856394,
1434,926.0590555667877,-1.72076,
1435,926.6951107978821,-2.1753812,
1436,927.3379006385803,-1.7776475,
1437,927.9746372699738,-2.2218933,
1438,928.6108117103577,-2.1362545,
1439,929.2461466789246,-2.4533825,
1440,929.8807966709137,-2.4301238,
1441,930.5138559341431,-2.5260298,
1442,931.1490411758423,-3.3751004,
1443,931.7854821681976,-2.3599494,
1444,932.4186351299286,-2.1739893,
1445,933.0542461872101,-1.6399119,
1446,933.6892960071564,-2.5889492,
1447,934.3241033554077,-2.0762713,
1448,934.959525346756,-2.2617617,
1449,935.5934345722198,-2.9049737,
1450,936.2282783985138,-1.8428942,
1451,936.8641021251678,-2.815264,
1452,937.4972476959229,-2.7416978,
1453,938.130806684494,-0.8341894,
1454,938.7680070400238,-2.1856928,
1455,939.402181148529,-2.6018217,
1456,940.0364754199982,-2.575179,
1457,940.6739227771759,-2.6398306,
1458,941.3077144622803,-1.8724564,
1459,941.9402179718018,-1.6524634,
1460,942.5759558677673,-2.362326,
1461,943.2112629413605,-3.2693324,
1462,943.8449940681458,-2.195251,
1463,944.4794545173645,-3.7528422,
1464,945.1139419078827,-2.3752708,
1465,945.7495045661926,-3.105308,
1466,946.3834872245789,-1.9730213,
1467,947.018141746521,-1.4760015,
1468,947.6542935371399,-2.2677932,
1469,948.2891538143158,-4.1638803,
1470,948.9260754585266,-2.5589845,
1471,949.5683724880219,-2.9077153,
1472,950.2029671669006,-3.1019597,
1473,950.8388254642487,-2.032642,
1474,951.4719715118408,-1.811992,
1475,952.1059789657593,-2.5113244,
1476,952.7424824237823,-2.206177,
1477,953.3763236999512,-2.4547305,
1478,954.0093984603882,-2.807078,
1479,954.6476376056671,-2.923842,
1480,955.2830722332001,-2.2255683,
1481,955.9174377918243,-1.9284475,
1482,956.5550851821899,-1.6496015,
1483,957.1897149085999,-2.0952644,
1484,957.8226454257965,-2.8327718,
1485,958.459555387497,-3.2167616,
1486,959.0953946113586,-1.2465916,
1487,959.7306277751923,-1.8104109,
1488,960.3723366260529,-1.7213187,
1489,961.0126068592072,-2.30098,
1490,961.655027627945,-1.6648128,
1491,962.2942113876343,-1.4725642,
1492,962.9298188686371,-3.6916573,
1493,963.5648069381714,-3.4451437,
1494,964.199878692627,-2.271615,
1495,964.8362619876862,-2.0633998,
1496,965.4724276065826,-2.581427,
1497,966.10573554039,-2.272382,
1498,966.7420945167542,-2.333572,
1499,967.3783040046692,-1.7306684,
1500,968.4874131679535,-2.0282128,
1501,969.1210339069366,-3.6361861,
1502,969.7555713653564,-1.9036074,
1503,970.3922789096832,-2.7099109,
1504,971.0246148109436,-2.0054984,
1505,971.6581766605377,-1.4924436,
1506,972.2961332798004,-1.6574557,
1507,972.9308013916016,-2.8202643,
1508,973.5659871101379,-2.323514,
1509,974.2047567367554,-2.0245447,
1510,974.8390238285065,-3.9220734,
1511,975.4734852313995,-2.696387,
1512,976.1107187271118,-2.4695714,
1513,976.746514081955,-2.156529,
1514,977.3804638385773,-0.7768135,
1515,978.0134191513062,-1.1907923,
1516,978.6493167877197,-1.8134583,
1517,979.2852487564087,-2.959724,
1518,979.9175846576691,-2.0695798,
1519,980.5528240203857,-1.7557158,
1520,981.1908092498779,-1.9533132,
1521,981.8231012821198,-2.2024589,
1522,982.4582517147064,-1.8413475,
1523,983.094229221344,-2.8416784,
1524,983.7297673225403,-3.6973467,
1525,984.3651247024536,-2.8782594,
1526,985.0029661655426,-2.5656924,
1527,985.6448013782501,-3.3084123,
1528,986.2817752361298,-2.5072906,
1529,986.9160013198853,-2.719401,
1530,987.5493919849396,-2.7940035,
1531,988.1871800422668,-1.3232782,
1532,988.8201913833618,-2.3011756,
1533,989.4551794528961,-3.0109215,
1534,990.0932083129883,-1.877062,
1535,990.7264695167542,-1.2157301,
1536,991.3599917888641,-2.4101472,
1537,991.9969208240509,-3.1958902,
1538,992.632655620575,-2.4970937,
1539,993.2663445472717,-3.858772,
1540,993.9022479057312,-1.5356227,
1541,994.5379717350006,-3.334173,
1542,995.172084569931,-1.4324031,
1543,995.805832862854,-2.6755276,
1544,996.4409713745117,-2.369887,
1545,997.0763504505157,-2.6497164,
1546,997.7089855670929,-2.79152,
1547,998.3450503349304,-2.346063,
1548,998.9816658496857,-2.684555,
1549,999.6157073974609,-1.7378441,
1550,1000.2509605884552,-2.401938,
1551,1000.8865711688995,-1.2407585,
1552,1001.5224735736847,-2.2533774,
1553,1002.1580090522766,-2.0555677,
1554,1002.7914073467255,-1.8802084,
1555,1003.4250137805939,-1.3510659,
1556,1004.062646150589,-0.9435891,
1557,1004.6966664791107,-2.034608,
1558,1005.3307411670685,-2.1991653,
1559,1005.9676585197449,-2.4974911,
1560,1006.601883649826,-1.3773928,
1561,1007.235876083374,-1.793509,
1562,1007.8732299804688,-2.0367227,
1563,1008.5083196163177,-1.8430021,
1564,1009.1426939964294,-2.4135861,
1565,1009.7803750038147,-0.9996761,
1566,1010.4159600734711,-1.8191013,
1567,1011.0531544685364,-0.8975222,
1568,1011.6933801174164,-3.0110774,
1569,1012.329065322876,-2.5134993,
1570,1012.9635741710663,-2.5122046,
1571,1013.5973415374756,-2.1089082,
1572,1014.2336919307709,-2.0382383,
1573,1014.8701288700104,-1.2560883,
1574,1015.5041046142578,-1.5599506,
1575,1016.1391196250916,-2.2964494,
1576,1016.7757720947266,-2.293345,
1577,1017.4088981151581,-3.6692128,
1578,1018.0445141792297,-2.2563605,
1579,1018.6801798343658,-2.530365,
1580,1019.314661026001,-2.321871,
1581,1019.9496936798096,-3.0179672,
1582,1020.5847351551056,-1.3586316,
1583,1021.220577955246,-1.5415492,
1584,1021.8569357395172,-1.8020293,
1585,1022.4912624359131,-2.2536802,
1586,1023.1257619857788,-3.7120218,
1587,1023.762957572937,-2.7383919,
1588,1024.3986649513245,-1.9448942,
1589,1025.0402538776398,-2.8632994,
1590,1025.677873134613,-2.0218663,
1591,1026.3120260238647,-1.3754632,
1592,1026.946072101593,-1.8122045,
1593,1027.5835406780243,-2.4150798,
1594,1028.2180523872375,-2.3663797,
1595,1028.8533296585083,-1.645618,
1596,1029.4912266731262,-1.6421952,
1597,1030.126059293747,-2.0703866,
1598,1030.760802745819,-1.0352829,
1599,1031.3976278305054,-3.058169,
1600,1032.5859775543213,-1.5316315,
1601,1033.2204689979553,-3.1557088,
1602,1033.8538572788239,-1.6551096,
1603,1034.4916679859161,-2.2147057,
1604,1035.1258699893951,-2.7851949,
1605,1035.760115146637,-3.004129,
1606,1036.396657705307,-3.6842308,
1607,1037.0329413414001,-2.5487027,
1608,1037.667330980301,-1.6503204,
1609,1038.3017213344574,-3.132327,
1610,1038.9376192092896,-2.5377476,
1611,1039.573443889618,-2.0304444,
1612,1040.2077963352203,-1.6528509,
1613,1040.8443706035614,-1.8476875,
1614,1041.4805674552917,-3.6821973,
1615,1042.1148619651794,-2.6244795,
1616,1042.751469373703,-2.3681924,
1617,1043.3876156806946,-1.70243,
1618,1044.02148270607,-2.7100978,
1619,1044.657565355301,-2.980357,
1620,1045.2943937778473,-1.3508263,
1621,1045.9296202659607,-1.1679688,
1622,1046.5657334327698,-2.7006917,
1623,1047.2012076377869,-2.4008746,
1624,1047.8380875587463,-2.2398386,
1625,1048.4751732349396,-3.0827765,
1626,1049.1222043037415,-2.7748766,
1627,1049.7681503295898,-1.7107855,
1628,1050.4095833301544,-2.5416589,
1629,1051.0475659370422,-3.08657,
1630,1051.682136297226,-2.0151024,
1631,1052.314882516861,-1.8999741,
1632,1052.9501926898956,-1.7732407,
1633,1053.5830442905426,-1.8564489,
1634,1054.214882850647,-1.9576983,
1635,1054.850397348404,-2.0463693,
1636,1055.4848864078522,-2.1052616,
1637,1056.1183803081512,-1.545089,
1638,1056.751990556717,-1.5801582,
1639,1057.3854522705078,-1.8033059,
1640,1058.020273923874,-2.8355265,
1641,1058.6521625518799,-4.2061405,
1642,1059.285394668579,-1.8455064,
1643,1059.9210934638977,-2.7637978,
1644,1060.554316520691,-2.709144,
1645,1061.1885952949524,-3.057129,
1646,1061.8217833042145,-1.5422843,
1647,1062.4565925598145,-0.979777,
1648,1063.0911092758179,-2.0755801,
1649,1063.7234852313995,-2.0619645,
1650,1064.356149673462,-2.8434439,
1651,1064.993005990982,-3.8732588,
1652,1065.6251292228699,-2.1157055,
1653,1066.257303237915,-2.0803676,
1654,1066.8941016197205,-2.7785397,
1655,1067.5284445285797,-2.4501133,
1656,1068.160894870758,-3.243812,
1657,1068.7952342033386,-2.1180415,
1658,1069.4304370880127,-2.0961936,
1659,1070.0639703273773,-2.0079455,
1660,1070.696673631668,-1.5026827,
1661,1071.3316404819489,-3.7105894,
1662,1071.9664480686188,-2.4978776,
1663,1072.5983471870422,-1.7195991,
1664,1073.232717514038,-2.9138765,
1665,1073.8683252334595,-3.100697,
1666,1074.5017216205597,-1.5538692,
1667,1075.136986732483,-1.2223859,
1668,1075.771286725998,-2.174716,
1669,1076.4059481620789,-2.9379897,
1670,1077.04088139534,-1.6044686,
1671,1077.674770116806,-1.6657122,
1672,1078.313051700592,-2.317858,
1673,1078.9530937671661,-2.3164177,
1674,1079.5884766578674,-1.5924168,
1675,1080.2263278961182,-1.7863181,
1676,1080.86545920372,-2.3492422,
1677,1081.5021681785583,-1.8754045,
1678,1082.1391282081604,-1.353549,
1679,1082.7746436595917,-2.4480495,
1680,1083.407167673111,-2.4508526,
1681,1084.0418343544006,-1.3674473,
1682,1084.6785049438477,-3.3239124,
1683,1085.3119659423828,-2.9560273,
1684,1085.9455697536469,-1.8929363,
1685,1086.5832533836365,-1.9705904,
1686,1087.2177519798279,-3.2768164,
1687,1087.8520917892456,-2.4998035,
1688,1088.4904055595398,-1.9566967,
1689,1089.12477684021,-2.1102128,
1690,1089.757985830307,-3.4391735,
1691,1090.3902509212494,-2.8836942,
1692,1091.0268075466156,-1.6471744,
1693,1091.6627135276794,-1.7911446,
1694,1092.2962946891785,-1.5328323,
1695,1092.9324095249176,-1.6912655,
1696,1093.5736753940582,-1.5273781,
1697,1094.210200548172,-1.7779737,
1698,1094.8475143909454,-2.7580495,
1699,1095.4852788448334,-2.9843335,
1700,1096.5954868793488,-3.6921184,
1701,1097.2304022312164,-1.2535335,
1702,1097.8645961284637,-1.8794935,
1703,1098.501689195633,-1.1815029,
1704,1099.1341018676758,-3.0444558,
1705,1099.7682366371155,-1.7273753,
1706,1100.4063279628754,-1.9103708,
1707,1101.042683839798,-1.4845262,
1708,1101.679193019867,-2.7004046,
1709,1102.3182816505432,-2.1209023,
1710,1102.9550127983093,-2.2038965,
1711,1103.593204498291,-1.9369266,
1712,1104.2342433929443,-2.9198494,
1713,1104.8717260360718,-0.91556,
1714,1105.5070209503174,-3.2361782,
1715,1106.1415884494781,-2.1622756,
1716,1106.7783553600311,-1.351728,
1717,1107.4139094352722,-2.1483533,
1718,1108.0464134216309,-1.5880654,
1719,1108.6803390979767,-2.393569,
1720,1109.3158023357391,-2.5059636,
1721,1109.9495158195496,-2.4817839,
1722,1110.5854680538177,-1.0683591,
1723,1111.2193803787231,-1.2932819,
1724,1111.8532855510712,-2.2364798,
1725,1112.4892377853394,-1.347656,
1726,1113.1220936775208,-1.8800156,
1727,1113.7570369243622,-1.3733351,
1728,1114.394232749939,-1.1620064,
1729,1115.027901649475,-2.1995666,
1730,1115.6609778404236,-1.6018435,
1731,1116.2997059822083,-2.1104145,
1732,1116.9345889091492,-1.9106042,
1733,1117.5687835216522,-2.4788208,
1734,1118.2057929039001,-2.9699519,
1735,1118.8403704166412,-1.1957171,
1736,1119.4746146202087,-1.7381241,
1737,1120.1097061634064,-2.127039,
1738,1120.746148109436,-2.3234386,
1739,1121.3810148239136,-2.231847,
1740,1122.015662908554,-2.1020198,
1741,1122.6507649421692,-2.705143,
1742,1123.2870454788208,-1.40025,
1743,1123.9201083183289,-1.8638887,
1744,1124.555471420288,-3.8564427,
1745,1125.1914057731628,-3.1307197,
1746,1125.8249366283417,-2.076888,
1747,1126.4599430561066,-2.8790882,
1748,1127.0953884124756,-2.9564977,
1749,1127.729862689972,-2.352271,
1750,1128.3651139736176,-3.458636,
1751,1128.9978218078613,-2.5282319,
1752,1129.6327059268951,-1.7642046,
1753,1130.269763469696,-2.8108997,
1754,1130.9024546146393,-2.2895575,
1755,1131.5364549160004,-2.3855114,
1756,1132.174106836319,-2.0597672,
1757,1132.8085405826569,-1.6813248,
1758,1133.4423925876617,-3.1592278,
1759,1134.078384399414,-1.9198885,
1760,1134.7130329608917,-5.3422837,
1761,1135.3465313911438,-2.5632887,
1762,1135.984493970871,-1.9398454,
1763,1136.620532989502,-2.371035,
1764,1137.2549481391907,-2.2045264,
1765,1137.8923001289368,-2.8593352,
1766,1138.5293431282043,-1.3885667,
1767,1139.1646881103516,-2.2695131,
1768,1139.7984175682068,-1.2051346,
1769,1140.434151649475,-2.246046,
1770,1141.0697765350342,-2.8846612,
1771,1141.7031111717224,-2.7393332,
1772,1142.3400411605835,-3.2030015,
1773,1142.9751393795013,-2.224318,
1774,1143.6092479228973,-2.442336,
1775,1144.2463057041168,-1.423474,
1776,1144.882485628128,-1.6809349,
1777,1145.5163807868958,-1.3531597,
1778,1146.15118765831,-2.4641175,
1779,1146.7864921092987,-2.4613457,
1780,1147.4209969043732,-3.2875695,
1781,1148.0572891235352,-1.5931724,
1782,1148.6901051998138,-1.8445818,
1783,1149.3238942623138,-1.6678946,
1784,1149.9602637290955,-2.5305278,
1785,1150.5926637649536,-3.281782,
1786,1151.2275741100311,-2.3590963,
1787,1151.8653559684753,-2.0296874,
1788,1152.4992082118988,-2.862587,
1789,1153.1336228847504,-1.63257,
1790,1153.7689764499664,-1.9693136,
1791,1154.4052245616913,-2.2038736,
1792,1155.0383265018463,-3.3831577,
1793,1155.6722280979156,-1.8284945,
1794,1156.306955575943,-2.214879,
1795,1156.942097902298,-3.6140952,
1796,1157.5756857395172,-2.1310232,
1797,1158.211178302765,-1.8168894,
1798,1158.846892118454,-2.3397279,
1799,1159.480390071869,-1.6488183,
1800,1160.5839188098907,-2.3148024,
1801,1161.2175040245056,-1.7413753,
1802,1161.8519744873047,-2.7496543,
1803,1162.487805366516,-1.9844387,
1804,1163.125393629074,-2.5073552,
1805,1163.7587819099426,-3.0256257,
1806,1164.3943741321564,-1.8489945,
1807,1165.0300569534302,-1.7246695,
1808,1165.6634633541107,-2.7988746,
1809,1166.298399925232,-3.0382566,
1810,1166.9337315559387,-2.9174995,
1811,1167.5677452087402,-1.3050814,
1812,1168.2027468681335,-1.6977333,
1813,1168.8357756137848,-2.2009568,
1814,1169.4694094657898,-1.3991417,
1815,1170.105042219162,-3.1276293,
1816,1170.738151550293,-3.00866,
1817,1171.3735437393188,-1.623427,
1818,1172.0107207298279,-1.6229682,
1819,1172.644052028656,-2.6870797,
1820,1173.277902841568,-3.309138,
1821,1173.9158673286438,-1.4334385,
1822,1174.5500524044037,-3.6571155,
1823,1175.1835849285126,-2.518777,
1824,1175.8207185268402,-1.2324376,
1825,1176.454879283905,-2.882163,
1826,1177.0882699489594,-1.3376493,
1827,1177.7255218029022,-2.8942642,
1828,1178.3627536296844,-2.232987,
1829,1178.9982917308807,-1.7737925,
1830,1179.6354060173035,-2.515416,
1831,1180.272085428238,-2.312597,
1832,1180.9058866500854,-1.9893779,
1833,1181.54021525383,-1.6610423,
1834,1182.1785547733307,-3.3146176,
1835,1182.8132231235504,-2.4944966,
1836,1183.4470562934875,-1.7777485,
1837,1184.0832843780518,-0.8176625,
1838,1184.7199413776398,-1.689286,
1839,1185.3541407585144,-2.4189188,
1840,1185.9899096488953,-2.6145477,
1841,1186.6257700920105,-1.0666554,
1842,1187.2601954936981,-2.3505893,
1843,1187.896149635315,-2.073473,
1844,1188.53146982193,-2.273459,
1845,1189.165878534317,-2.621407,
1846,1189.8032398223877,-2.3992743,
1847,1190.4376380443573,-2.5860758,
1848,1191.0730156898499,-2.9982438,
1849,1191.7093787193298,-0.98940325,
1850,1192.3434636592865,-2.050441,
1851,1192.978588104248,-1.6458135,
1852,1193.6169168949127,-1.5045518,
1853,1194.2515304088593,-1.4827919,
1854,1194.8866384029388,-1.5122087,
1855,1195.5248205661774,-1.3563013,
1856,1196.16153383255,-2.7707944,
1857,1196.7966105937958,-2.4314668,
1858,1197.43439412117,-2.1551974,
1859,1198.0682950019836,-2.1752555,
1860,1198.704240322113,-2.4185252,
1861,1199.3421564102173,-2.31209,
1862,1199.9782011508942,-1.3516436,
1863,1200.6122579574585,-1.8092885,
1864,1201.250304222107,-2.0103269,
1865,1201.8852491378784,-3.3585863,
1866,1202.5196843147278,-2.569699,
1867,1203.154241323471,-1.4801743,
1868,1203.7905311584473,-1.5794096,
1869,1204.425773859024,-1.4396322,
1870,1205.0595355033875,-1.939829,
1871,1205.693609237671,-1.8500502,
1872,1206.3291220664978,-3.8933053,
1873,1206.9618830680847,-2.5245497,
1874,1207.597437620163,-1.8395191,
1875,1208.2324225902557,-1.3494834,
1876,1208.8667647838593,-1.208164,
1877,1209.5024514198303,-1.9526918,
1878,1210.1374015808105,-1.9448609,
1879,1210.7718601226807,-1.139729,
1880,1211.4080073833466,-2.4607887,
1881,1212.043832063675,-2.3399978,
1882,1212.6786623001099,-2.9791393,
1883,1213.315684556961,-1.4965527,
1884,1213.9494795799255,-1.8620026,
1885,1214.5830829143524,-2.5908391,
1886,1215.222285270691,-2.480915,
1887,1215.856758594513,-0.60019875,
1888,1216.492146730423,-2.8752875,
1889,1217.1312549114227,-2.2678926,
1890,1217.764850139618,-2.118785,
1891,1218.3994507789612,-1.2866772,
1892,1219.037471294403,-0.9903227,
1893,1219.6838216781616,-1.964553,
1894,1220.3504986763,-2.6927352,
1895,1220.9951281547546,-2.498818,
1896,1221.6305029392242,-2.9502583,
1897,1222.265861749649,-1.9999077,
1898,1222.9089567661285,-2.665405,
1899,1223.5570697784424,-2.4547296,
1900,1224.6825869083405,-2.5419192,
1901,1225.3288481235504,-2.1288543,
1902,1225.9742894172668,-2.6509333,
1903,1226.6194479465485,-2.3600523,
1904,1227.2655692100525,-1.1409259,
1905,1227.9110431671143,-1.8086319,
1906,1228.555879831314,-2.8556645,
1907,1229.202122926712,-1.5332899,
1908,1229.845685005188,-1.6148882,
1909,1230.4921610355377,-2.1946266,
1910,1231.1384692192078,-3.2108736,
1911,1231.7825365066528,-1.7684085,
1912,1232.4266285896301,-1.4501379,
1913,1233.0717108249664,-3.0082603,
1914,1233.7154896259308,-1.8643117,
1915,1234.3608510494232,-1.7999673,
1916,1235.0069091320038,-2.1052618,
1917,1235.6525812149048,-3.6148298,
1918,1236.2969870567322,-2.961197,
1919,1236.942011833191,-1.5540242,
1920,1237.588482618332,-2.4315217,
1921,1238.2352080345154,-2.3519597,
1922,1238.8792457580566,-2.733347,
1923,1239.5243427753448,-2.715941,
1924,1240.1680455207825,-3.2421532,
1925,1240.8122498989105,-3.2954044,
1926,1241.4517941474915,-1.4232349,
1927,1242.092669725418,-3.642323,
1928,1242.7384028434753,-2.6775746,
1929,1243.3863275051117,-2.2378259,
1930,1244.033804178238,-2.4417818,
1931,1244.684159040451,-1.809891,
1932,1245.3210413455963,-2.0213776,
1933,1245.9597053527832,-2.6220744,
1934,1246.604252576828,-1.8183143,
1935,1247.2378478050232,-2.4519112,
1936,1247.8764333724976,-1.7433083,
1937,1248.5140523910522,-1.7045541,
1938,1249.154462337494,-2.1327767,
1939,1249.800010919571,-2.3732004,
1940,1250.4476628303528,-1.6592041,
1941,1251.084843158722,-1.8491325,
1942,1251.72536277771,-2.5962296,
1943,1252.3636174201965,-2.9919002,
1944,1253.0015058517456,-1.9404709,
1945,1253.6407418251038,-1.7671325,
1946,1254.2768874168396,-1.9113727,
1947,1254.9132256507874,-2.3779578,
1948,1255.5514829158783,-2.034875,
1949,1256.1918909549713,-1.8980311,
1950,1256.8301937580109,-2.2290447,
1951,1257.4738516807556,-1.6591496,
1952,1258.110814332962,-1.2743467,
1953,1258.7459726333618,-2.7723913,
1954,1259.383873462677,-2.2488434,
1955,1260.0205283164978,-3.2175756,
1956,1260.6555814743042,-1.724941,
1957,1261.2943987846375,-0.79198784,
1958,1261.9307651519775,-1.8041972,
1959,1262.5656592845917,-2.2375567,
1960,1263.2009789943695,-1.6217582,
1961,1263.8377254009247,-2.445296,
1962,1264.4727885723114,-2.4541202,
1963,1265.107430934906,-2.032222,
1964,1265.7455377578735,-2.1309927,
1965,1266.3837826251984,-3.086016,
1966,1267.0198743343353,-3.0003004,
1967,1267.6556758880615,-2.3687034,
1968,1268.2933900356293,-1.6597466,
1969,1268.9282422065735,-2.1981647,
1970,1269.5659804344177,-3.6106784,
1971,1270.2043628692627,-1.7748256,
1972,1270.83962059021,-3.006442,
1973,1271.4770419597626,-1.489855,
1974,1272.1147947311401,-2.6531773,
1975,1272.7496597766876,-3.1377559,
1976,1273.38893866539,-2.556573,
1977,1274.028855085373,-1.9427879,
1978,1274.66765999794,-0.97982824,
1979,1275.3065643310547,-2.0317154,
1980,1275.9548308849335,-3.4224806,
1981,1276.5983967781067,-3.0455728,
1982,1277.231523990631,-1.7645772,
1983,1277.8647968769073,-1.8793807,
1984,1278.4980516433716,-2.2448592,
1985,1279.1332232952118,-2.2942307,
1986,1279.764710187912,-1.9655087,
1987,1280.3969249725342,-2.0192227,
1988,1281.0333170890808,-2.9378185,
1989,1281.6691510677338,-1.4347157,
1990,1282.304363489151,-2.0280561,
1991,1282.9426703453064,-3.016242,
1992,1283.577820777893,-3.4311678,
1993,1284.2119491100311,-2.6814747,
1994,1284.8489108085632,-2.2550716,
1995,1285.484218120575,-2.2441063,
1996,1286.1189541816711,-2.6395884,
1997,1286.7533476352692,-2.3756812,
1998,1287.3896088600159,-1.9302949,
1999,1288.0257709026337,-1.1867639,
2000,1289.1334583759308,-1.6952022,
2001,1289.7669348716736,-1.436976,
2002,1290.4011356830597,-2.6882207,
2003,1291.039702653885,-3.3924813,
2004,1291.67360663414,-2.216077,
2005,1292.3077557086945,-1.8195069,
2006,1292.945856809616,-3.9668508,
2007,1293.5790004730225,-2.0930967,
2008,1294.2134721279144,-2.1997204,
2009,1294.85152053833,-2.0935025,
2010,1295.4857647418976,-2.8312778,
2011,1296.1199991703033,-1.8263422,
2012,1296.7565252780914,-2.7170696,
2013,1297.3931262493134,-3.6376941,
2014,1298.026781797409,-1.3095988,
2015,1298.6620547771454,-1.8645401,
2016,1299.2978343963623,-1.5981071,
2017,1299.932225227356,-1.8271744,
2018,1300.5646991729736,-2.636826,
2019,1301.2001328468323,-2.4505467,
2020,1301.836908340454,-1.8744642,
2021,1302.469430923462,-2.0504985,
2022,1303.105183839798,-1.2542956,
2023,1303.7413489818573,-2.187829,
2024,1304.3778111934662,-2.9292297,
2025,1305.014666557312,-2.1954803,
2026,1305.6512126922607,-1.4253725,
2027,1306.2875907421112,-3.3097446,
2028,1306.9256947040558,-2.2604153,
2029,1307.5613203048706,-1.7106807,
2030,1308.1968121528625,-2.2865305,
2031,1308.83473777771,-3.248505,
2032,1309.4687252044678,-2.375814,
2033,1310.1045525074005,-1.907659,
2034,1310.7426195144653,-1.7327471,
2035,1311.3770236968994,-1.824122,
2036,1312.0121839046478,-2.0724168,
2037,1312.6503412723541,-1.9639465,
2038,1313.2858664989471,-1.8675532,
2039,1313.92009806633,-1.9731474,
2040,1314.5588307380676,-2.3716164,
2041,1315.1930758953094,-2.275769,
2042,1315.8282177448273,-2.187969,
2043,1316.4664554595947,-2.2037773,
2044,1317.1023156642914,-2.6796288,
2045,1317.7367451190948,-1.9300051,
2046,1318.3727223873138,-2.9063003,
2047,1319.0104353427887,-3.1076648,
2048,1319.647967338562,-1.9414315,
2049,1320.285159111023,-3.697528,
2050,1320.922200679779,-1.8658736,
2051,1321.5598900318146,-3.868165,
2052,1322.1958677768707,-2.372419,
2053,1322.833651304245,-2.087893,
2054,1323.473400592804,-2.7564192,
2055,1324.1112089157104,-1.9885299,
2056,1324.7467966079712,-1.6848416,
2057,1325.385014295578,-1.5380833,
2058,1326.0197086334229,-3.3110485,
2059,1326.6563305854797,-2.4384189,
2060,1327.2940256595612,-2.3307152,
2061,1327.9297256469727,-2.0401006,
2062,1328.5674040317535,-1.9885199,
2063,1329.2045893669128,-2.3259082,
2064,1329.8405001163483,-1.7128732,
2065,1330.4769287109375,-2.8653183,
2066,1331.113719701767,-2.276382,
2067,1331.748560667038,-1.8114676,
2068,1332.3837645053864,-1.9126036,
2069,1333.0183236598969,-2.6386728,
2070,1333.6535439491272,-1.6800878,
2071,1334.2920565605164,-2.1819048,
2072,1334.926019191742,-2.5417538,
2073,1335.561190366745,-2.8864822,
2074,1336.2007141113281,-1.6376748,
2075,1336.8348832130432,-2.2205985,
2076,1337.4702367782593,-3.5191507,
2077,1338.1084516048431,-1.5877693,
2078,1338.742834329605,-1.3847893,
2079,1339.3770978450775,-2.9284835,
2080,1340.0172679424286,-1.1299789,
2081,1340.654461145401,-2.7721584,
2082,1341.2891438007355,-1.7206324,
2083,1341.927669286728,-4.2965465,
2084,1342.5627937316895,-2.8116984,
2085,1343.1970274448395,-1.6740589,
2086,1343.8327851295471,-2.7198968,
2087,1344.4690232276917,-2.6736088,
2088,1345.1037220954895,-2.6770072,
2089,1345.7374050617218,-1.8889426,
2090,1346.373768568039,-2.3154979,
2091,1347.0104975700378,-1.6495968,
2092,1347.6456606388092,-1.1561325,
2093,1348.2814726829529,-2.351647,
2094,1348.9184572696686,-2.5599914,
2095,1349.5525760650635,-1.2758113,
2096,1350.1889548301697,-0.874786,
2097,1350.8255717754364,-2.639618,
2098,1351.4601511955261,-2.0047405,
2099,1352.0969066619873,-1.8798066,
2100,1353.2006125450134,-2.4429984,
2101,1353.8381607532501,-2.6360626,
2102,1354.4735913276672,-1.9411008,
2103,1355.108757019043,-1.6908735,
2104,1355.7463057041168,-1.9079907,
2105,1356.3822937011719,-1.7924615,
2106,1357.017789363861,-2.5938895,
2107,1357.6536083221436,-2.2428837,
2108,1358.2909362316132,-2.905745,
2109,1358.9278361797333,-2.730133,
2110,1359.5642156600952,-1.7361926,
2111,1360.2021765708923,-2.0100741,
2112,1360.838860988617,-2.276887,
2113,1361.4727666378021,-1.8122215,
2114,1362.1093680858612,-3.0125818,
2115,1362.746196269989,-2.1398592,
2116,1363.3801743984222,-2.226328,
2117,1364.0176651477814,-2.7377453,
2118,1364.6553122997284,-2.219813,
2119,1365.2899239063263,-2.293534,
2120,1365.9265201091766,-1.3191044,
2121,1366.5637171268463,-2.5668645,
2122,1367.1993458271027,-2.0099597,
2123,1367.8358316421509,-2.5420523,
2124,1368.472516298294,-2.6154988,
2125,1369.1079456806183,-1.9497488,
2126,1369.7444083690643,-2.5606418,
2127,1370.3810172080994,-2.0143914,
2128,1371.0170979499817,-0.996493,
2129,1371.65331864357,-1.2917228,
2130,1372.2905309200287,-1.0899733,
2131,1372.9259548187256,-2.2879615,
2132,1373.5643157958984,-2.2598383,
2133,1374.2000436782837,-2.1013627,
2134,1374.835270166397,-2.9585106,
2135,1375.4734375476837,-1.4510543,
2136,1376.1088149547577,-3.2406216,
2137,1376.7455463409424,-2.6074228,
2138,1377.3837308883667,-2.7608695,
2139,1378.018649816513,-3.198585,
2140,1378.6541531085968,-2.202115,
2141,1379.291664838791,-1.7661072,
2142,1379.9249982833862,-1.9966183,
2143,1380.5605826377869,-2.2268672,
2144,1381.198976278305,-2.675293,
2145,1381.833006620407,-1.5056747,
2146,1382.4686515331268,-2.2772572,
2147,1383.1075596809387,-3.2449384,
2148,1383.742169380188,-2.8348727,
2149,1384.3776397705078,-2.9512103,
2150,1385.0164737701416,-1.4889059,
2151,1385.6509535312653,-2.7763371,
2152,1386.287035226822,-1.9200737,
2153,1386.9259984493256,-1.0873984,
2154,1387.5613400936127,-1.1949828,
2155,1388.1971657276154,-1.3805447,
2156,1388.8388307094574,-2.8820345,
2157,1389.4755580425262,-1.317749,
2158,1390.112374305725,-2.6440659,
2159,1390.754760980606,-2.088975,
2160,1391.3906109333038,-1.869325,
2161,1392.0272386074066,-1.5776603,
2162,1392.663366317749,-3.2276363,
2163,1393.2981095314026,-1.9912932,
2164,1393.9348847866058,-1.8477459,
2165,1394.570922613144,-3.4518433,
2166,1395.205775976181,-1.125877,
2167,1395.8413558006287,-1.9473839,
2168,1396.4793798923492,-2.248599,
2169,1397.1155865192413,-3.3871808,
2170,1397.753366470337,-3.396748,
2171,1398.3908755779266,-1.5879586,
2172,1399.025330543518,-1.2412498,
2173,1399.6620523929596,-2.4627156,
2174,1400.2986357212067,-2.2444537,
2175,1400.9333944320679,-2.131416,
2176,1401.5709569454193,-2.397532,
2177,1402.2097253799438,-0.9261647,
2178,1402.8442559242249,-2.520753,
2179,1403.4807114601135,-2.854063,
2180,1404.1176109313965,-3.5184336,
2181,1404.752164363861,-1.0061017,
2182,1405.3888058662415,-2.0355372,
2183,1406.0252497196198,-2.0608895,
2184,1406.6600632667542,-1.2781607,
2185,1407.2965424060822,-1.1936237,
2186,1407.9360003471375,-1.7951047,
2187,1408.5723042488098,-0.78546935,
2188,1409.2095346450806,-3.4097223,
2189,1409.8466806411743,-2.172531,
2190,1410.483732700348,-2.211803,
2191,1411.1206619739532,-1.9957029,
2192,1411.7575092315674,-1.7457427,
2193,1412.3931488990784,-2.5368876,
2194,1413.029218673706,-3.551176,
2195,1413.6654937267303,-1.8424501,
2196,1414.3011610507965,-2.0223608,
2197,1414.9382672309875,-2.9080744,
2198,1415.5771346092224,-1.9130634,
2199,1416.2234148979187,-1.7010436,
2200,1417.3478581905365,-2.2855608,
2201,1417.995231628418,-2.9154253,
2202,1418.6443037986755,-1.6961427,
2203,1419.2927465438843,-2.592812,
2204,1419.9456198215485,-3.2104313,
2205,1420.593948841095,-4.3285737,
2206,1421.2402794361115,-2.4799058,
2207,1421.885337114334,-1.8753556,
2208,1422.5321698188782,-1.2507606,
2209,1423.1774952411652,-1.1735394,
2210,1423.8231308460236,-2.109411,
2211,1424.4680287837982,-1.8252525,
2212,1425.1129949092865,-2.274098,
2213,1425.7578384876251,-3.037829,
2214,1426.4032509326935,-3.1798365,
2215,1427.0492429733276,-2.0883107,
2216,1427.6955735683441,-2.2571192,
2217,1428.341581583023,-2.6971283,
2218,1428.9862830638885,-2.3386912,
2219,1429.630524635315,-3.0610101,
2220,1430.2766780853271,-1.3682684,
2221,1430.922226190567,-2.3034983,
2222,1431.5697765350342,-1.9964658,
2223,1432.214921951294,-1.7951905,
2224,1432.8594439029694,-2.675909,
2225,1433.5047752857208,-2.1077785,
2226,1434.1512198448181,-3.031485,
2227,1434.7961661815643,-2.1470547,
2228,1435.4420008659363,-1.8841066,
2229,1436.0874378681183,-1.9401594,
2230,1436.733794927597,-1.2782799,
2231,1437.3783645629883,-1.9285467,
2232,1438.0247926712036,-1.939742,
2233,1438.670422077179,-2.1722083,
2234,1439.3170182704926,-1.1227808,
2235,1439.963840007782,-3.2975967,
2236,1440.6113867759705,-2.5284646,
2237,1441.2563111782074,-2.7185042,
2238,1441.9023127555847,-1.4345967,
2239,1442.5484554767609,-2.160735,
2240,1443.1928305625916,-2.2380755,
2241,1443.8386747837067,-2.9402387,
2242,1444.484740972519,-2.5425801,
2243,1445.1312997341156,-2.180832,
2244,1445.7770683765411,-2.1952538,
2245,1446.4238407611847,-2.6125994,
2246,1447.0693473815918,-2.0062106,
2247,1447.7136316299438,-1.6802448,
2248,1448.359031677246,-2.957501,
2249,1449.0039701461792,-2.2181616,
2250,1449.6486780643463,-1.6419972,
2251,1450.2934114933014,-1.95654,
2252,1450.9379878044128,-2.4100168,
2253,1451.582501411438,-1.8116075,
2254,1452.228511095047,-1.7009983,
2255,1452.8739454746246,-2.0562792,
2256,1453.5184757709503,-2.1489797,
2257,1454.1642966270447,-4.127472,
2258,1454.8088171482086,-2.5899694,
2259,1455.4538357257843,-2.2005053,
2260,1456.0994188785553,-1.161898,
2261,1456.745480298996,-1.9150379,
2262,1457.391077041626,-2.7384896,
2263,1458.037492275238,-2.3709037,
2264,1458.6831982135773,-1.556175,
2265,1459.3282730579376,-2.5709486,
2266,1459.9741690158844,-1.541166,
2267,1460.6204159259796,-1.7243483,
2268,1461.2666268348694,-2.6289449,
2269,1461.9125366210938,-2.388824,
2270,1462.558700799942,-2.2408142,
2271,1463.20468044281,-2.0032287,
2272,1463.850396156311,-2.70401,
2273,1464.4960594177246,-1.8494701,
2274,1465.146317243576,-2.1793482,
2275,1465.7978205680847,-2.3615127,
2276,1466.4514818191528,-2.2315688,
2277,1467.1039419174194,-2.7589548,
2278,1467.756549358368,-2.714126,
2279,1468.408208847046,-2.7355907,
2280,1469.060358762741,-2.3242931,
2281,1469.712996006012,-0.91798645,
2282,1470.3615255355835,-1.241375,
2283,1471.0119998455048,-2.6506705,
2284,1471.6614453792572,-2.9106333,
2285,1472.312020778656,-1.9705982,
2286,1472.9626777172089,-2.6789021,
2287,1473.6104483604431,-2.1893482,
2288,1474.2572021484375,-0.8263639,
2289,1474.9058575630188,-3.6275978,
2290,1475.553671836853,-4.3260975,
2291,1476.2019250392914,-1.6437161,
2292,1476.8442242145538,-1.8169477,
2293,1477.4879484176636,-2.830811,
2294,1478.1318094730377,-2.165,
2295,1478.7751052379608,-2.170032,
2296,1479.418451309204,-2.2976499,
2297,1480.06218624115,-2.387879,
2298,1480.703958272934,-1.1532435,
2299,1481.3439629077911,-1.7866988,
2300,1482.4603383541107,-2.2490058,
2301,1483.1053941249847,-2.318851,
2302,1483.748296737671,-2.8965688,
2303,1484.3918528556824,-2.1349263,
2304,1485.034658908844,-1.6066893,
2305,1485.6776628494263,-2.4400759,
2306,1486.32217502594,-2.25541,
2307,1486.9659473896027,-2.459818,
2308,1487.6118335723877,-1.7792518,
2309,1488.2589390277863,-2.9880118,
2310,1488.9022252559662,-2.0150685,
2311,1489.5457503795624,-3.3427045,
2312,1490.1860456466675,-1.9883595,
2313,1490.8291385173798,-1.7311206,
2314,1491.472894191742,-1.7575276,
2315,1492.1138362884521,-2.3832674,
2316,1492.755613565445,-2.459331,
2317,1493.3983662128448,-2.3993802,
2318,1494.0441317558289,-2.7291038,
2319,1494.6893815994263,-1.4155877,
2320,1495.3329787254333,-1.8074601,
2321,1495.9762947559357,-2.2563524,
2322,1496.6232905387878,-1.9656682,
2323,1497.2685854434967,-2.5091538,
2324,1497.9130184650421,-1.701931,
2325,1498.5560233592987,-2.1120005,
2326,1499.2044196128845,-2.2083983,
2327,1499.8489336967468,-1.8021278,
2328,1500.4907433986664,-2.2809632,
2329,1501.1371359825134,-3.2593133,
2330,1501.784665107727,-1.2545121,
2331,1502.4310195446014,-2.8703825,
2332,1503.0741128921509,-3.7212086,
2333,1503.7176990509033,-1.6283004,
2334,1504.364948272705,-2.959548,
2335,1505.012152671814,-1.2034109,
2336,1505.6607036590576,-1.5897505,
2337,1506.309425830841,-2.9248803,
2338,1506.9580526351929,-1.1146014,
2339,1507.6066796779633,-0.9525069,
2340,1508.254370689392,-2.3795986,
2341,1508.9048526287079,-2.551117,
2342,1509.5531010627747,-1.7782488,
2343,1510.2044024467468,-2.1873422,
2344,1510.8510468006134,-2.238728,
2345,1511.500146150589,-4.404015,
2346,1512.1475405693054,-1.1933949,
2347,1512.7951629161835,-2.5222733,
2348,1513.4440863132477,-2.5554044,
2349,1514.1790874004364,-2.390617,
2350,1514.8253319263458,-1.8384132,
2351,1515.4715793132782,-1.9109551,
2352,1516.1168637275696,-3.1778407,
2353,1516.760406255722,-2.9002883,
2354,1517.4051756858826,-2.4974196,
2355,1518.0482914447784,-2.3960075,
2356,1518.690485239029,-2.4782095,
2357,1519.3348848819733,-2.4897614,
2358,1519.98135471344,-3.1271029,
2359,1520.6307756900787,-2.5424814,
2360,1521.2772469520569,-1.6795805,
2361,1521.9273192882538,-2.4962566,
2362,1522.574450492859,-2.6867867,
2363,1523.2226567268372,-2.6273224,
2364,1523.868113040924,-3.6485431,
2365,1524.5129535198212,-3.0000615,
2366,1525.1595029830933,-3.1432128,
2367,1525.806937456131,-1.7875118,
2368,1526.4544398784637,-2.0943902,
2369,1527.1046352386475,-1.6976336,
2370,1527.750717639923,-1.090556,
2371,1528.3992371559143,-2.532466,
2372,1529.0478723049164,-1.4749373,
2373,1529.6946654319763,-1.931677,
2374,1530.3413498401642,-2.5846598,
2375,1530.9879262447357,-2.4845643,
2376,1531.63627243042,-6.022433,
2377,1532.285383939743,-2.1496186,
2378,1532.9316427707672,-1.588325,
2379,1533.5810546875,-2.3781905,
2380,1534.2266488075256,-2.3635795,
2381,1534.8686294555664,-1.9248532,
2382,1535.5095782279968,-1.7546691,
2383,1536.1573977470398,-2.6380906,
2384,1536.8059134483337,-1.103105,
2385,1537.4514000415802,-1.7264687,
2386,1538.1029798984528,-1.8956606,
2387,1538.7502691745758,-1.5466366,
2388,1539.3974571228027,-2.6725717,
2389,1540.0474274158478,-2.4831815,
2390,1540.6941385269165,-3.5691352,
2391,1541.3418292999268,-1.4256227,
2392,1541.9842829704285,-1.7200692,
2393,1542.6251604557037,-2.548202,
2394,1543.2639648914337,-1.5612433,
2395,1543.9094097614288,-3.3557475,
2396,1544.5539677143097,-3.114501,
2397,1545.1990876197815,-1.3568984,
2398,1545.8450212478638,-2.817037,
2399,1546.492526292801,-2.25809,
2400,1547.6194958686829,-1.9502125,
2401,1548.269871711731,-2.8438473,
2402,1548.9148638248444,-2.0680501,
2403,1549.5639555454254,-1.1771586,
2404,1550.211975812912,-2.2508574,
2405,1550.8607156276703,-3.307568,
2406,1551.5102248191833,-1.4631848,
2407,1552.1551795005798,-1.310825,
2408,1552.802657365799,-2.1118443,
2409,1553.4492394924164,-1.8467774,
2410,1554.0910589694977,-1.4539776,
2411,1554.7368757724762,-1.2892264,
2412,1555.3795230388641,-2.3573198,
2413,1556.0259463787079,-2.992225,
2414,1556.6746163368225,-2.381307,
2415,1557.3237192630768,-2.6214495,
2416,1557.9707157611847,-2.895436,
2417,1558.6212549209595,-1.6795954,
2418,1559.2724480628967,-2.2486491,
2419,1559.9197475910187,-1.9778801,
2420,1560.5691912174225,-3.6072366,
2421,1561.2177720069885,-2.4723759,
2422,1561.8659570217133,-2.6285162,
2423,1562.5108351707458,-1.9192193,
2424,1563.155885219574,-2.3373082,
2425,1563.8052763938904,-3.4731078,
2426,1564.4534239768982,-1.8270583,
2427,1565.1019268035889,-2.8877995,
2428,1565.7511067390442,-2.7591982,
2429,1566.4025621414185,-1.7054726,
2430,1567.0476999282837,-2.368869,
2431,1567.6938121318817,-2.9385107,
2432,1568.3414750099182,-1.6079135,
2433,1568.982625246048,-1.4690892,
2434,1569.6254172325134,-1.1905856,
2435,1570.2734405994415,-2.101328,
2436,1570.9205753803253,-2.0146763,
2437,1571.5693306922913,-3.4497042,
2438,1572.2167825698853,-3.3351407,
2439,1572.863384962082,-2.6130846,
2440,1573.5086679458618,-1.5048971,
2441,1574.1589789390564,-1.7996178,
2442,1574.8054814338684,-1.864623,
2443,1575.4537737369537,-0.83485633,
2444,1576.0994114875793,-2.2956758,
2445,1576.7450149059296,-1.3923175,
2446,1577.393797159195,-2.2659426,
2447,1578.0418128967285,-1.0634253,
2448,1578.6894965171814,-2.290888,
2449,1579.3377757072449,-2.5823047,
2450,1579.9864678382874,-2.7020135,
2451,1580.6325287818909,-2.3837442,
2452,1581.279426574707,-3.2553844,
2453,1581.9275307655334,-2.8795345,
2454,1582.5728347301483,-2.7271156,
2455,1583.2205922603607,-1.4412408,
2456,1583.868032693863,-2.4596515,
2457,1584.5170783996582,-3.1666682,
2458,1585.1645822525024,-2.3911972,
2459,1585.8135287761688,-2.1516738,
2460,1586.465075969696,-2.824374,
2461,1587.1128902435303,-2.4623086,
2462,1587.7601709365845,-1.566923,
2463,1588.406677722931,-3.1572537,
2464,1589.0518248081207,-2.2346969,
2465,1589.6961483955383,-1.940779,
2466,1590.3407504558563,-2.9289806,
2467,1590.9819762706757,-2.825146,
2468,1591.6247572898865,-1.1764078,
2469,1592.2714231014252,-2.1791248,
2470,1592.9157540798187,-1.1432295,
2471,1593.561714887619,-2.0034037,
2472,1594.2083032131195,-1.6905181,
2473,1594.8551943302155,-1.2570981,
2474,1595.501461982727,-2.0413923,
2475,1596.1501815319061,-2.4792995,
2476,1596.7972960472107,-1.6172338,
2477,1597.4425194263458,-1.740272,
2478,1598.087126493454,-1.9375361,
2479,1598.7344365119934,-2.8948483,
2480,1599.3825056552887,-2.211177,
2481,1600.0271487236023,-1.5003927,
2482,1600.672149181366,-1.8261852,
2483,1601.32164311409,-2.46847,
2484,1601.971370458603,-1.8146813,
2485,1602.6188685894012,-3.0663614,
2486,1603.2639954090118,-1.5665252,
2487,1603.909217596054,-1.4300051,
2488,1604.5442640781403,-2.0634203,
2489,1605.1841802597046,-2.179226,
2490,1605.8248958587646,-1.0773782,
2491,1606.459359407425,-2.160741,
2492,1607.0952837467194,-1.9068651,
2493,1607.730845451355,-2.0400674,
2494,1608.364886522293,-1.4276341,
2495,1609.004693031311,-3.073295,
2496,1609.649555683136,-2.5063014,
2497,1610.292051076889,-2.5410547,
2498,1610.933320760727,-2.0419078,
2499,1611.5768413543701,-3.1477036,
2500,1612.7060241699219,-2.9593208,
2501,1613.3472120761871,-1.708146,
2502,1613.9898166656494,-1.6636739,
2503,1614.6368780136108,-2.2021027,
2504,1615.2857711315155,-2.0284443,
2505,1615.9295420646667,-3.172608,
2506,1616.5743353366852,-1.7001337,
2507,1617.222512960434,-2.4640694,
2508,1617.8679826259613,-2.370533,
2509,1618.5135881900787,-1.9864644,
2510,1619.1560101509094,-1.9989941,
2511,1619.800047159195,-1.7949231,
2512,1620.444917678833,-2.5182054,
2513,1621.0895264148712,-2.2230644,
2514,1621.7319564819336,-1.7754788,
2515,1622.3743941783905,-2.0977645,
2516,1623.0125644207,-2.2886386,
2517,1623.6529657840729,-2.4983466,
2518,1624.292385816574,-1.6564877,
2519,1624.9337322711945,-2.0895443,
2520,1625.5841569900513,-2.0430245,
2521,1626.2320082187653,-1.269262,
2522,1626.8800899982452,-2.3332543,
2523,1627.5296866893768,-1.905248,
2524,1628.1778841018677,-3.440685,
2525,1628.8270704746246,-2.0522113,
2526,1629.4760365486145,-1.17646,
2527,1630.125143289566,-3.5628827,
2528,1630.7725918293,-1.9004278,
2529,1631.4202859401703,-1.7486621,
2530,1632.069279909134,-2.4329677,
2531,1632.7201075553894,-1.6966889,
2532,1633.3674628734589,-1.2547503,
2533,1634.0169456005096,-1.6337405,
2534,1634.6675026416779,-2.7105184,
2535,1635.314871788025,-1.5150939,
2536,1635.958264350891,-2.5680122,
2537,1636.600749015808,-1.2402993,
2538,1637.245305299759,-2.4280093,
2539,1637.8915221691132,-1.689702,
2540,1638.5372829437256,-1.8504357,
2541,1639.1852900981903,-2.418101,
2542,1639.8314208984375,-2.416899,
2543,1640.4768931865692,-1.7018256,
2544,1641.1227271556854,-2.04725,
2545,1641.7709937095642,-1.554306,
2546,1642.4182767868042,-2.1664157,
2547,1643.0590744018555,-2.160174,
2548,1643.7039971351624,-2.0418992,
2549,1644.3442859649658,-2.3200557,
2550,1644.9894914627075,-1.9230216,
2551,1645.632140636444,-2.366548,
2552,1646.2736461162567,-2.077607,
2553,1646.914614200592,-1.361443,
2554,1647.5598447322845,-1.7166114,
2555,1648.2055566310883,-2.4265628,
2556,1648.8522050380707,-3.372803,
2557,1649.5006844997406,-2.6788797,
2558,1650.1484370231628,-1.9845955,
2559,1650.7944912910461,-1.8718833,
2560,1651.4421582221985,-2.5497646,
2561,1652.09041929245,-3.4525957,
2562,1652.7378158569336,-4.1839166,
2563,1653.3847675323486,-1.6435428,
2564,1654.0333540439606,-4.0666084,
2565,1654.6827120780945,-1.7814224,
2566,1655.329899072647,-1.6465117,
2567,1655.975528717041,-1.6911225,
2568,1656.6230483055115,-2.6957788,
2569,1657.2690975666046,-1.9463682,
2570,1657.9133837223053,-2.001648,
2571,1658.5603547096252,-2.6028256,
2572,1659.205284357071,-2.6604526,
2573,1659.8508253097534,-1.5244528,
2574,1660.4967617988586,-2.2321105,
2575,1661.1427133083344,-2.2132664,
2576,1661.7879462242126,-2.8619285,
2577,1662.4344930648804,-2.4276211,
2578,1663.0822756290436,-2.2127035,
2579,1663.7304224967957,-2.1139116,
2580,1664.3791568279266,-2.1705441,
2581,1665.0278623104095,-2.0791233,
2582,1665.6778976917267,-2.659258,
2583,1666.3255016803741,-2.1628304,
2584,1666.9727268218994,-3.0006318,
2585,1667.620985031128,-2.0470705,
2586,1668.2695620059967,-3.374471,
2587,1668.916029214859,-2.149115,
2588,1669.5643906593323,-1.4292312,
2589,1670.2139768600464,-2.5405476,
2590,1670.8625259399414,-4.543009,
2591,1671.5117840766907,-4.5618873,
2592,1672.1619362831116,-2.8805013,
2593,1672.8105399608612,-2.4904542,
2594,1673.4587433338165,-2.375926,
2595,1674.1067204475403,-1.6930045,
2596,1674.7546243667603,-3.0120578,
2597,1675.4012548923492,-1.626229,
2598,1676.0491721630096,-1.7558689,
2599,1676.6997363567352,-3.089099,
2600,1677.8274984359741,-2.6889927,
2601,1678.4779307842255,-2.9540644,
2602,1679.1285121440887,-3.294556,
2603,1679.7778961658478,-1.528085,
2604,1680.4272027015686,-1.5973814,
2605,1681.076980829239,-2.245895,
2606,1681.7262887954712,-2.576999,
2607,1682.3751804828644,-2.2725244,
2608,1683.0255436897278,-2.4322999,
2609,1683.6745607852936,-2.2570884,
2610,1684.3232281208038,-3.3962574,
2611,1684.9684991836548,-2.4436367,
2612,1685.6170551776886,-3.1614773,
2613,1686.2659091949463,-1.0774148,
2614,1686.9120619297028,-2.5234287,
2615,1687.5615375041962,-2.08474,
2616,1688.2052025794983,-1.9771268,
2617,1688.8483879566193,-2.0431967,
2618,1689.4949157238007,-2.622806,
2619,1690.1446917057037,-2.9552965,
2620,1690.79225730896,-2.0391684,
2621,1691.4409923553467,-2.5828638,
2622,1692.0874736309052,-1.6037346,
2623,1692.735277891159,-3.2100627,
2624,1693.3821456432343,-2.489563,
2625,1694.0285959243774,-1.8462327,
2626,1694.6745414733887,-2.5467737,
2627,1695.3189234733582,-2.388739,
2628,1695.964424610138,-2.4478116,
2629,1696.6128973960876,-1.5786296,
2630,1697.2603974342346,-2.6590579,
2631,1697.906579732895,-1.9382937,
2632,1698.5534150600433,-2.650635,
2633,1699.1996006965637,-2.0282552,
2634,1699.8476784229279,-2.446982,
2635,1700.4927461147308,-1.8820844,
2636,1701.1409895420074,-3.6572626,
2637,1701.7897636890411,-1.8004496,
2638,1702.4394545555115,-2.969203,
2639,1703.087432384491,-2.440824,
2640,1703.7389931678772,-0.82711136,
2641,1704.3881180286407,-2.029592,
2642,1705.0364603996277,-1.8659832,
2643,1705.6892302036285,-1.9739368,
2644,1706.3357343673706,-2.4435391,
2645,1706.9818744659424,-0.9379499,
2646,1707.628889799118,-2.207322,
2647,1708.2758572101593,-1.2576734,
2648,1708.9251506328583,-2.0890603,
2649,1709.5741698741913,-2.4510813,
2650,1710.2228140830994,-2.3367841,
2651,1710.8659734725952,-1.7440542,
2652,1711.514616727829,-2.6806126,
2653,1712.1608521938324,-2.3630137,
2654,1712.8095877170563,-1.8329835,
2655,1713.4552257061005,-2.6196578,
2656,1714.0965185165405,-2.1875796,
2657,1714.7427332401276,-2.4821625,
2658,1715.390216588974,-2.218183,
2659,1716.0341510772705,-2.4145768,
2660,1716.6774294376373,-2.3039956,
2661,1717.3219363689423,-1.2509931,
2662,1717.9674453735352,-2.2683482,
2663,1718.6145479679108,-2.3638194,
2664,1719.2642087936401,-3.0632129,
2665,1719.9084899425507,-2.076376,
2666,1720.5571060180664,-1.7002426,
2667,1721.203580379486,-2.865027,
2668,1721.8528034687042,-2.4576333,
2669,1722.5008826255798,-2.214953,
2670,1723.149080991745,-2.1966672,
2671,1723.7984826564789,-2.3921509,
2672,1724.4468080997467,-1.8715942,
2673,1725.094990491867,-2.22962,
2674,1725.7442252635956,-2.1631987,
2675,1726.393726825714,-1.8767381,
2676,1727.0405659675598,-2.2454913,
2677,1727.6912310123444,-3.0252175,
2678,1728.3420236110687,-2.4909215,
2679,1728.9931819438934,-2.3298833,
2680,1729.6413655281067,-1.6308005,
2681,1730.2896029949188,-1.8312082,
2682,1730.939834356308,-2.2830229,
2683,1731.5895466804504,-1.753581,
2684,1732.2388789653778,-1.3030245,
2685,1732.8881142139435,-2.956091,
2686,1733.5381166934967,-2.5029173,
2687,1734.1878242492676,-1.6359249,
2688,1734.8374786376953,-1.8581803,
2689,1735.4850444793701,-2.310441,
2690,1736.1339585781097,-2.3238106,
2691,1736.7817041873932,-2.721706,
2692,1737.4294939041138,-2.9170508,
2693,1738.0770184993744,-2.4700856,
2694,1738.7252945899963,-2.8162074,
2695,1739.372278213501,-2.7207088,
2696,1740.0212261676788,-1.734945,
2697,1740.6719658374786,-2.0927165,
2698,1741.319514989853,-1.4153805,
2699,1741.9671783447266,-2.697194,
2700,1743.0891425609589,-1.6977761,
2701,1743.7360010147095,-1.7758936,
2702,1744.377461194992,-1.4268148,
2703,1745.0199797153473,-1.7267569,
2704,1745.6596822738647,-1.6094286,
2705,1746.299736738205,-1.3015091,
2706,1746.937480688095,-2.3846288,
2707,1747.5728831291199,-2.2359562,
2708,1748.2072806358337,-2.1905212,
2709,1748.8424265384674,-1.8056173,
2710,1749.4783251285553,-1.9447715,
2711,1750.1131429672241,-3.9330347,
2712,1750.758377313614,-3.4067922,
2713,1751.4011826515198,-2.6352067,
2714,1752.0455195903778,-2.6570907,
2715,1752.6928429603577,-1.9210083,
2716,1753.33895945549,-2.4423742,
2717,1753.9825246334076,-1.7193284,
2718,1754.6232931613922,-1.7572465,
2719,1755.2701578140259,-2.4550278,
2720,1755.9169533252716,-2.4060428,
2721,1756.5584073066711,-1.6994463,
2722,1757.2029302120209,-1.9137764,
2723,1757.8513634204865,-2.0366354,
2724,1758.4952273368835,-4.823496,
2725,1759.1383333206177,-1.8327739,
2726,1759.786277770996,-1.65519,
2727,1760.4312326908112,-2.725579,
2728,1761.0728754997253,-2.2020907,
2729,1761.7139225006104,-2.7813365,
2730,1762.3560197353363,-1.2315028,
2731,1762.991438627243,-4.015896,
2732,1763.6335039138794,-2.8202317,
2733,1764.2831780910492,-2.722945,
2734,1764.9297862052917,-1.9036918,
2735,1765.5785739421844,-1.7022848,
2736,1766.227061510086,-1.5083957,
2737,1766.876974105835,-2.7650108,
2738,1767.5262217521667,-4.3535376,
2739,1768.1735322475433,-2.7814164,
2740,1768.8249547481537,-2.390395,
2741,1769.4720480442047,-2.5593462,
2742,1770.1195402145386,-2.476303,
2743,1770.7677471637726,-2.3004131,
2744,1771.4137816429138,-0.9802577,
2745,1772.0595684051514,-3.264264,
2746,1772.7086760997772,-1.7629362,
2747,1773.356457233429,-2.97232,
2748,1774.0043394565582,-1.9737216,
2749,1774.6520509719849,-1.140655,
2750,1775.298543214798,-2.3872795,
2751,1775.9464972019196,-1.6672173,
2752,1776.5937187671661,-2.1386285,
2753,1777.2415878772736,-2.0574927,
2754,1777.8872647285461,-1.773643,
2755,1778.5360927581787,-1.8534429,
2756,1779.1822655200958,-1.8488432,
2757,1779.8293070793152,-2.4607673,
2758,1780.4710717201233,-2.044758,
2759,1781.11536693573,-2.4571877,
2760,1781.7634329795837,-2.785175,
2761,1782.4040451049805,-1.7068594,
2762,1783.0488450527191,-1.6176615,
2763,1783.6967895030975,-2.7791133,
2764,1784.3418235778809,-3.3074708,
2765,1784.9865565299988,-2.0079224,
2766,1785.6305060386658,-2.7817457,
2767,1786.2750561237335,-2.1033523,
2768,1786.9215977191925,-2.1616921,
2769,1787.568191766739,-2.5692866,
2770,1788.2166640758514,-1.8946865,
2771,1788.864499092102,-1.6840428,
2772,1789.5127120018005,-0.6380626,
2773,1790.1607174873352,-2.2922843,
2774,1790.8090510368347,-2.256369,
2775,1791.4541645050049,-1.5884429,
2776,1792.1018505096436,-1.868218,
2777,1792.7512004375458,-2.8107605,
2778,1793.396990776062,-2.5058196,
2779,1794.0438613891602,-1.7736671,
2780,1794.693029165268,-2.511764,
2781,1795.3384819030762,-1.0827768,
2782,1795.9853286743164,-2.0998557,
2783,1796.6294610500336,-1.5291486,
2784,1797.2784235477448,-1.4224849,
2785,1797.9275114536285,-1.7569876,
2786,1798.5772821903229,-2.1380098,
2787,1799.227750301361,-2.5160058,
2788,1799.8785245418549,-1.2456353,
2789,1800.527221441269,-2.5110111,
2790,1801.1735389232635,-2.9146018,
2791,1801.8211312294006,-3.6400518,
2792,1802.4617149829865,-2.6125536,
2793,1803.1051466464996,-2.3698719,
2794,1803.7529737949371,-3.0180824,
2795,1804.4016029834747,-1.6124234,
2796,1805.0492508411407,-2.6968164,
2797,1805.6994712352753,-2.3767495,
2798,1806.3492550849915,-2.2891214,
2799,1806.9973657131195,-2.1369934,
2800,1808.1273517608643,-2.4447882,
2801,1808.7780420780182,-2.471918,
2802,1809.427860736847,-2.4582567,
2803,1810.0762600898743,-2.8289657,
2804,1810.7242465019226,-1.9971378,
2805,1811.3726844787598,-2.054624,
2806,1812.0217027664185,-3.951575,
2807,1812.6699709892273,-1.154151,
2808,1813.319540977478,-2.5273664,
2809,1813.9683966636658,-2.0677986,
2810,1814.6167187690735,-3.0650191,
2811,1815.2658200263977,-2.014372,
2812,1815.9164826869965,-2.009254,
2813,1816.5662441253662,-1.6827006,
2814,1817.2136051654816,-1.5758991,
2815,1817.8591980934143,-3.14728,
2816,1818.5079126358032,-1.9541563,
2817,1819.155944108963,-2.3932748,
2818,1819.8018960952759,-1.1288983,
2819,1820.4467906951904,-1.689204,
2820,1821.9916665554047,-1.9516228,
2821,1822.6374847888947,-2.1579356,
2822,1823.2832570075989,-3.5754294,
2823,1823.929835319519,-1.9427954,
2824,1824.5779762268066,-2.306263,
2825,1825.2288296222687,-2.764327,
2826,1825.8786418437958,-2.0886223,
2827,1826.5292532444,-3.0039313,
2828,1827.1802208423615,-1.9701626,
2829,1827.828563451767,-2.9524407,
2830,1828.478298664093,-1.9284383,
2831,1829.1308376789093,-1.6702337,
2832,1829.7810106277466,-3.5075116,
2833,1830.4291076660156,-2.0157046,
2834,1831.0793335437775,-3.2163,
2835,1831.7290177345276,-2.334143,
2836,1832.3795912265778,-2.7231574,
2837,1833.0288498401642,-1.5100628,
2838,1833.6806211471558,-1.4727008,
2839,1834.3289160728455,-1.6304698,
2840,1834.9798192977905,-2.7679098,
2841,1835.6308693885803,-1.5297734,
2842,1836.2826895713806,-1.9131525,
2843,1836.9305424690247,-2.4305127,
2844,1837.5794212818146,-2.184112,
2845,1838.2258813381195,-2.6389205,
2846,1838.8770818710327,-1.7924095,
2847,1839.5221629142761,-1.8627946,
2848,1840.1669006347656,-2.0605955,
2849,1840.8142516613007,-3.4526703,
2850,1841.4568688869476,-2.4181828,
2851,1842.1043848991394,-2.316475,
2852,1842.7524800300598,-1.7333796,
2853,1843.400895357132,-1.8385412,
2854,1844.0503435134888,-2.1816456,
2855,1844.6977825164795,-2.8524423,
2856,1845.347440958023,-1.8380629,
2857,1845.9958064556122,-0.996731,
2858,1846.643048286438,-2.58498,
2859,1847.2896671295166,-2.0961127,
2860,1847.9403069019318,-1.9156538,
2861,1848.586671113968,-1.4834644,
2862,1849.2362031936646,-2.5717747,
2863,1849.8839995861053,-2.3133245,
2864,1850.5317664146423,-3.1207223,
2865,1851.1786999702454,-2.9112086,
2866,1851.8248207569122,-1.3661022,
2867,1852.4710638523102,-2.448432,
2868,1853.1171517372131,-2.7050366,
2869,1853.761724472046,-3.078068,
2870,1854.4085800647736,-1.8704495,
2871,1855.0560476779938,-3.4870687,
2872,1855.7041704654694,-1.0706519,
2873,1856.3526709079742,-2.6800494,
2874,1857.0041604042053,-2.2376695,
2875,1857.6524591445923,-1.960947,
2876,1858.299860239029,-2.2718399,
2877,1858.9500527381897,-3.4077663,
2878,1859.6022806167603,-2.2965336,
2879,1860.2527589797974,-2.282973,
2880,1860.9004530906677,-1.2949183,
2881,1861.5492548942566,-2.7074285,
2882,1862.1918613910675,-2.344585,
2883,1862.8374333381653,-1.9185724,
2884,1863.4867815971375,-2.7854412,
2885,1864.136286497116,-3.3618178,
2886,1864.7821443080902,-1.6202887,
2887,1865.4273040294647,-2.079324,
2888,1866.075742483139,-1.4961183,
2889,1866.726481437683,-1.5360708,
2890,1867.3737461566925,-2.113105,
2891,1868.0203704833984,-2.6784842,
2892,1868.663822889328,-2.8301852,
2893,1869.3105716705322,-2.527127,
2894,1869.956636428833,-3.214889,
2895,1870.6059329509735,-3.354002,
2896,1871.2520356178284,-2.043336,
2897,1871.897590637207,-1.9148945,
2898,1872.5467276573181,-3.404055,
2899,1873.1974017620087,-2.6871645,
2900,1874.3589792251587,-1.8745795,
2901,1875.0035192966461,-1.9803171,
2902,1875.6516678333282,-2.204205,
2903,1876.2993161678314,-2.346423,
2904,1876.9475581645966,-1.9680538,
2905,1877.5950844287872,-1.7208331,
2906,1878.2459330558777,-3.0038228,
2907,1878.896078824997,-1.6463246,
2908,1879.5464081764221,-1.9254156,
2909,1880.1998584270477,-1.686419,
2910,1880.8487944602966,-1.6197414,
2911,1881.5016469955444,-3.1254153,
2912,1882.152812242508,-1.9173506,
2913,1882.8026015758514,-2.4315658,
2914,1883.4440112113953,-1.9188484,
2915,1884.085334777832,-1.9502479,
2916,1884.7233669757843,-2.60362,
2917,1885.3583858013153,-1.9852725,
2918,1885.9963691234589,-2.6299138,
2919,1886.6331279277802,-1.9856623,
2920,1887.2727959156036,-2.2094274,
2921,1887.9160416126251,-1.7363862,
2922,1888.555270433426,-3.1739893,
2923,1889.1936583518982,-1.4944782,
2924,1889.8322744369507,-1.8922348,
2925,1890.477280139923,-2.1466455,
2926,1891.1239507198334,-1.8561211,
2927,1891.768747329712,-2.4734688,
2928,1892.4147534370422,-1.8839122,
2929,1893.0671422481537,-1.5463421,
2930,1893.7159554958344,-4.044485,
2931,1894.3583872318268,-2.053055,
2932,1895.0057632923126,-1.3143775,
2933,1895.6547002792358,-2.6576824,
2934,1896.3038442134857,-1.6866021,
2935,1896.9517710208893,-1.0890653,
2936,1897.5996267795563,-0.88072586,
2937,1898.2486345767975,-2.5724697,
2938,1898.8969943523407,-2.5312886,
2939,1899.545345544815,-1.9268343,
2940,1900.191475868225,-1.6847167,
2941,1900.8410203456879,-2.4037507,
2942,1901.4848029613495,-2.567062,
2943,1902.1321387290955,-1.3101456,
2944,1902.7757058143616,-1.3889918,
2945,1903.417064189911,-2.2078097,
2946,1904.055302143097,-1.9629421,
2947,1904.6976912021637,-1.8815701,
2948,1905.3371324539185,-1.90956,
2949,1905.9757323265076,-2.3355322,
2950,1906.6241195201874,-1.538819,
2951,1907.2739713191986,-1.6411762,
2952,1907.9263203144073,-3.3319573,
2953,1908.5787847042084,-1.3487005,
2954,1909.2303521633148,-3.505898,
2955,1909.881595134735,-2.50661,
2956,1910.5329360961914,-2.8866048,
2957,1911.1859078407288,-3.449237,
2958,1911.8362174034119,-1.9096069,
2959,1912.4873576164246,-2.8657372,
2960,1913.139149427414,-2.3608916,
2961,1913.7905142307281,-2.050923,
2962,1914.4422578811646,-1.8284862,
2963,1915.0928282737732,-2.4346588,
2964,1915.7435548305511,-2.404203,
2965,1916.395416021347,-1.3632629,
2966,1917.0442378520966,-1.6449715,
2967,1917.6921429634094,-1.9936308,
2968,1918.3422303199768,-2.2968948,
2969,1918.9923889636993,-2.5209348,
2970,1919.6422550678253,-1.4828243,
2971,1920.291212797165,-2.9462488,
2972,1920.9423322677612,-1.0914973,
2973,1921.594276189804,-2.0286908,
2974,1922.2433326244354,-2.8782635,
2975,1922.8932111263275,-1.6626205,
2976,1923.5375163555145,-2.0700774,
2977,1924.1867899894714,-2.8455653,
2978,1924.8341944217682,-1.7578411,
2979,1925.4807181358337,-2.5892806,
2980,1926.1251933574677,-2.1090117,
2981,1926.7702062129974,-3.763756,
2982,1927.41606259346,-1.8112391,
2983,1928.063943862915,-3.1457236,
2984,1928.7139959335327,-1.6281066,
2985,1929.366376876831,-2.139191,
2986,1930.0164635181427,-2.1292512,
2987,1930.6666719913483,-2.3571393,
2988,1931.3185348510742,-2.4620302,
2989,1931.9693784713745,-3.2445345,
2990,1932.6190259456635,-1.7703302,
2991,1933.2681186199188,-2.1297348,
2992,1933.9159669876099,-2.2315848,
2993,1934.566121339798,-2.124968,
2994,1935.2157943248749,-2.409302,
2995,1935.8671653270721,-2.3287673,
2996,1936.5195572376251,-2.808727,
2997,1937.1692907810211,-2.8085308,
2998,1937.819058895111,-3.196866,
2999,1938.46737074852,-3.9440453,
3000,1939.5986363887787,-1.7144142,
3001,1940.242927312851,-2.5274167,
3002,1940.8920555114746,-2.9186804,
3003,1941.5374341011047,-1.5861084,
3004,1942.1845185756683,-2.3027358,
3005,1942.834581375122,-2.1062884,
3006,1943.479161977768,-1.0784819,
3007,1944.1285021305084,-1.4008235,
3008,1944.7771224975586,-2.029447,
3009,1945.4269831180573,-1.4878654,
3010,1946.0791521072388,-1.4539087,
3011,1946.7299823760986,-2.5476103,
3012,1947.3814706802368,-2.8960342,
3013,1948.0345196723938,-2.0973415,
3014,1948.688566684723,-1.873986,
3015,1949.3397183418274,-0.9893049,
3016,1949.9911494255066,-2.3828473,
3017,1950.6392803192139,-1.9293721,
3018,1951.2857248783112,-2.7502868,
3019,1951.9326808452606,-3.0559773,
3020,1952.5818564891815,-2.48362,
3021,1953.2300653457642,-2.5521154,
3022,1953.8816516399384,-2.5281856,
3023,1954.5312895774841,-2.5995667,
3024,1955.1795711517334,-1.9029468,
3025,1955.827203989029,-1.8456528,
3026,1956.477427482605,-1.8385472,
3027,1957.1255226135254,-2.375308,
3028,1957.7711806297302,-1.9608641,
3029,1958.4210407733917,-2.271391,
3030,1959.1852147579193,-2.101046,
3031,1959.833713054657,-2.8747897,
3032,1960.4861643314362,-2.228558,
3033,1961.1337287425995,-1.9168705,
3034,1961.78453540802,-4.200425,
3035,1962.437837600708,-1.5005937,
3036,1963.0885746479034,-3.788156,
3037,1963.7362895011902,-2.490539,
3038,1964.3831572532654,-1.3073297,
3039,1965.0285289287567,-1.1962095,
3040,1965.676186323166,-1.3923619,
3041,1966.3256912231445,-0.9895288,
3042,1966.9728169441223,-2.914731,
3043,1967.6177999973297,-2.044921,
3044,1968.2648482322693,-2.80436,
3045,1968.915714263916,-2.8635175,
3046,1969.5677421092987,-2.2146373,
3047,1970.219288110733,-2.5367627,
3048,1970.870052099228,-1.9046912,
3049,1971.5208530426025,-2.7444673,
3050,1972.1725058555603,-1.8530521,
3051,1972.8254771232605,-1.8049077,
3052,1973.4766113758087,-1.5400836,
3053,1974.1284058094025,-1.3051801,
3054,1974.7782373428345,-2.0394554,
3055,1975.4294102191925,-2.6747978,
3056,1976.082025051117,-1.0242729,
3057,1976.732241153717,-2.1355233,
3058,1977.3841350078583,-1.9812969,
3059,1978.0357251167297,-2.4353912,
3060,1978.6859667301178,-1.1473598,
3061,1979.3377993106842,-3.456746,
3062,1979.988953113556,-1.9845451,
3063,1980.642830133438,-1.3335259,
3064,1981.2952210903168,-2.0521078,
3065,1981.945963382721,-1.9752822,
3066,1982.5991489887238,-1.954958,
3067,1983.2512049674988,-2.503876,
3068,1983.9025483131409,-2.2249227,
3069,1984.5537309646606,-2.5875254,
3070,1985.2053453922272,-2.4844184,
3071,1985.8552594184875,-1.6144735,
3072,1986.5086302757263,-2.1962776,
3073,1987.1586639881134,-2.038261,
3074,1987.8099603652954,-2.2582567,
3075,1988.460060119629,-1.4817537,
3076,1989.1126954555511,-1.7867455,
3077,1989.7633805274963,-1.782854,
3078,1990.4144823551178,-1.8566105,
3079,1991.0662581920624,-2.8025503,
3080,1991.7197437286377,-2.0530643,
3081,1992.3710279464722,-1.9282215,
3082,1993.0226893424988,-2.8229063,
3083,1993.6738646030426,-2.0730865,
3084,1994.3266427516937,-2.0875678,
3085,1994.9790740013123,-0.8173676,
3086,1995.6295971870422,-2.6777136,
3087,1996.2801518440247,-2.2255492,
3088,1996.930651664734,-2.5625074,
3089,1997.5797646045685,-1.663675,
3090,1998.2282266616821,-2.203442,
3091,1998.877168416977,-1.3504509,
3092,1999.5277893543243,-3.0547621,
3093,2000.1779479980469,-3.2493615,
3094,2000.8273363113403,-3.3460197,
3095,2001.4753155708313,-3.0549345,
3096,2002.127360343933,-0.9853932,
3097,2002.7765064239502,-2.0346346,
3098,2003.4233930110931,-1.1555804,
3099,2004.0692629814148,-2.4891448,
3100,2005.194577217102,-1.6387444,
3101,2005.842714548111,-2.8940516,
3102,2006.4919843673706,-2.2791834,
3103,2007.1423752307892,-2.4666479,
3104,2007.790875196457,-0.8578941,
3105,2008.4412505626678,-2.283517,
3106,2009.0926768779755,-2.3776371,
3107,2009.742267370224,-1.6963191,
3108,2010.3924243450165,-3.187328,
3109,2011.0423719882965,-1.9609965,
3110,2011.6932389736176,-2.313483,
3111,2012.3458805084229,-2.5327919,
3112,2012.996349811554,-1.732437,
3113,2013.6482083797455,-1.7712144,
3114,2014.3012166023254,-2.4239316,
3115,2014.9547827243805,-1.8331404,
3116,2015.6043589115143,-2.842537,
3117,2016.2547719478607,-2.2004297,
3118,2016.906537771225,-1.4332846,
3119,2017.5577681064606,-1.8776529,
3120,2018.209487915039,-1.1312819,
3121,2018.8590297698975,-2.667342,
3122,2019.5100259780884,-1.1134481,
3123,2020.1611516475677,-1.7154791,
3124,2020.8118212223053,-1.9963081,
3125,2021.4651417732239,-2.155558,
3126,2022.117585659027,-1.8846571,
3127,2022.7676475048065,-1.2527163,
3128,2023.42187166214,-2.3515782,
3129,2024.0760700702667,-1.9677967,
3130,2024.7267343997955,-2.0522008,
3131,2025.3767890930176,-2.4659927,
3132,2026.0249998569489,-2.1887279,
3133,2026.6714344024658,-1.8480284,
3134,2027.3160555362701,-2.2039223,
3135,2027.957611322403,-3.0406895,
3136,2028.5962810516357,-3.5519867,
3137,2029.2347886562347,-1.865463,
3138,2029.8709044456482,-2.160597,
3139,2030.5085198879242,-1.6541444,
3140,2031.1475908756256,-3.1579523,
3141,2031.78746175766,-3.2024517,
3142,2032.433072090149,-1.7803465,
3143,2033.0797221660614,-2.1317787,
3144,2033.725974559784,-2.4705002,
3145,2034.3737094402313,-1.5284035,
3146,2035.0256674289703,-3.067992,
3147,2035.6738312244415,-2.1423168,
3148,2036.319978237152,-2.743053,
3149,2036.9671273231506,-3.9918258,
3150,2037.6186394691467,-1.867244,
3151,2038.2661232948303,-1.2841301,
3152,2038.9125072956085,-2.6695352,
3153,2039.557288646698,-2.5715594,
3154,2040.2070796489716,-1.8263872,
3155,2040.8572936058044,-2.2372437,
3156,2041.502748966217,-2.027433,
3157,2042.152871131897,-1.4104353,
3158,2042.8033292293549,-2.8152764,
3159,2043.4478602409363,-2.7539916,
3160,2044.089651107788,-2.2975001,
3161,2044.7348909378052,-2.113697,
3162,2045.3765125274658,-1.4642062,
3163,2046.0154654979706,-2.3492246,
3164,2046.6636173725128,-1.8186275,
3165,2047.3156106472015,-2.0970147,
3166,2047.967536687851,-2.059748,
3167,2048.6196455955505,-2.8541226,
3168,2049.2718391418457,-1.7765629,
3169,2049.922199487686,-2.0622056,
3170,2050.5757241249084,-2.5568736,
3171,2051.2277281284332,-2.4987328,
3172,2051.8793761730194,-1.0060937,
3173,2052.530939102173,-2.6070237,
3174,2053.1830847263336,-2.079098,
3175,2053.8349339962006,-1.9018407,
3176,2054.485895872116,-1.9640702,
3177,2055.137626647949,-2.1084604,
3178,2055.788425683975,-0.94971395,
3179,2056.4399602413177,-2.392647,
3180,2057.090694665909,-1.0281903,
3181,2057.7393143177032,-2.7578878,
3182,2058.3882076740265,-1.0049665,
3183,2059.0359144210815,-2.0435777,
3184,2059.6843481063843,-1.8313833,
3185,2060.334219932556,-2.6995192,
3186,2060.983526945114,-1.9930575,
3187,2061.631590604782,-2.2405303,
3188,2062.2794909477234,-3.064303,
3189,2062.9298553466797,-1.7940179,
3190,2063.578621149063,-1.615324,
3191,2064.2207374572754,-3.0053759,
3192,2064.8658394813538,-2.1232133,
3193,2065.511627674103,-2.2690723,
3194,2066.1577458381653,-4.5672164,
3195,2066.8026373386383,-1.4053253,
3196,2067.4477694034576,-1.3225816,
3197,2068.092465400696,-1.6000936,
3198,2068.7429218292236,-1.2819837,
3199,2069.3889536857605,-2.917258,
3200,2070.5228867530823,-1.6882796,
3201,2071.1736166477203,-2.139711,
3202,2071.824123620987,-3.2080634,
3203,2072.4754383563995,-3.4255567,
3204,2073.129672765732,-0.6296854,
3205,2073.779409646988,-1.8651708,
3206,2074.427613735199,-2.0634544,
3207,2075.0779161453247,-2.6970098,
3208,2075.7263503074646,-2.4464784,
3209,2076.3752200603485,-2.408634,
3210,2077.0251495838165,-1.2874327,
3211,2077.6736800670624,-1.6553229,
3212,2078.325435400009,-3.0707092,
3213,2078.9769728183746,-1.9568939,
3214,2079.627550125122,-2.10898,
3215,2080.2783291339874,-3.14328,
3216,2080.9310064315796,-2.4914422,
3217,2081.5802853107452,-2.7081308,
3218,2082.229986667633,-2.4600935,
3219,2082.8804593086243,-1.8764101,
3220,2083.5282917022705,-2.2637515,
3221,2084.1761684417725,-3.0112112,
3222,2084.8243470191956,-1.347003,
3223,2085.475096464157,-1.6244024,
3224,2086.122768163681,-1.7772521,
3225,2086.7709641456604,-1.5469353,
3226,2087.4199752807617,-1.6537328,
3227,2088.070699453354,-1.6102412,
3228,2088.722512960434,-3.035293,
3229,2089.373233318329,-1.1869855,
3230,2090.0234954357147,-2.3618484,
3231,2090.6757016181946,-2.1727805,
3232,2091.328065633774,-3.6244302,
3233,2091.9787199497223,-2.052567,
3234,2092.6290102005005,-1.3605088,
3235,2093.2810542583466,-1.8007466,
3236,2093.931025981903,-1.7389758,
3237,2094.579644680023,-2.1293342,
3238,2095.2279324531555,-2.527658,
3239,2095.877890586853,-1.9653344,
3240,2096.5228707790375,-2.9339025,
3241,2097.170843601227,-2.4993382,
3242,2097.8226997852325,-1.6106784,
3243,2098.473567008972,-3.0791354,
3244,2099.125087738037,-2.8168905,
3245,2099.775876045227,-1.6766162,
3246,2100.4285538196564,-3.0461497,
3247,2101.079883813858,-1.4665635,
3248,2101.7291734218597,-2.2549396,
3249,2102.3788702487946,-2.26925,
3250,2103.0272204875946,-3.2586477,
3251,2103.674076318741,-1.5002055,
3252,2104.320013999939,-2.2221045,
3253,2104.9692707061768,-1.6400381,
3254,2105.6183004379272,-2.3482509,
3255,2106.2678577899933,-2.3449416,
3256,2106.9181003570557,-2.8062406,
3257,2107.565919160843,-1.2647483,
3258,2108.217629671097,-2.9024794,
3259,2108.861986398697,-3.6286588,
3260,2109.508446455002,-2.5121126,
3261,2110.1564865112305,-2.2231884,
3262,2110.805107116699,-2.051107,
3263,2111.448860168457,-2.2613833,
3264,2112.095191717148,-1.4945054,
3265,2112.7456204891205,-1.663151,
3266,2113.3968558311462,-1.7110374,
3267,2114.0461201667786,-2.4734545,
3268,2114.6970562934875,-2.4500422,
3269,2115.3467223644257,-1.3660357,
3270,2115.997458219528,-1.0815978,
3271,2116.6481280326843,-1.3305537,
3272,2117.296969652176,-4.998951,
3273,2117.94664812088,-3.4995804,
3274,2118.5935451984406,-1.500875,
3275,2119.2391378879547,-2.2554712,
3276,2119.887510061264,-1.8785112,
3277,2120.536178588867,-2.439816,
3278,2121.183111190796,-3.2020326,
3279,2121.8314213752747,-1.4664607,
3280,2122.4819734096527,-2.4593544,
3281,2123.127374649048,-2.1519766,
3282,2123.7725372314453,-1.6242449,
3283,2124.4190394878387,-1.0584371,
3284,2125.067131996155,-1.8181033,
3285,2125.7160561084747,-1.3477626,
3286,2126.3596880435944,-2.6849222,
3287,2127.0063269138336,-2.3550997,
3288,2127.6558599472046,-1.2231575,
3289,2128.306256055832,-2.3431172,
3290,2128.955854654312,-3.2024293,
3291,2129.607949256897,-2.3560867,
3292,2130.2578818798065,-2.6903207,
3293,2130.90718460083,-1.6719769,
3294,2131.5563838481903,-2.4517093,
3295,2132.203578710556,-2.367992,
3296,2132.8546419143677,-1.659885,
3297,2133.501663684845,-1.6107249,
3298,2134.1512405872345,-1.9099611,
3299,2134.799013376236,-1.3718637,
3300,2135.929241657257,-2.6181316,
3301,2136.577590942383,-1.6974897,
3302,2137.225303173065,-1.9813925,
3303,2137.869886159897,-1.5443962,
3304,2138.517821073532,-2.1350636,
3305,2139.168622493744,-2.0902884,
3306,2139.8182175159454,-0.9072204,
3307,2140.464466571808,-1.986938,
3308,2141.1130080223083,-2.1065412,
3309,2141.7624967098236,-4.3335075,
3310,2142.4113931655884,-2.0257106,
3311,2143.06006360054,-2.9725323,
3312,2143.702254295349,-1.7648385,
3313,2144.348027944565,-2.2546806,
3314,2144.9950981140137,-1.8096769,
3315,2145.6452655792236,-1.5679893,
3316,2146.2962057590485,-3.2509093,
3317,2146.9475140571594,-1.5522106,
3318,2147.5977914333344,-3.2544641,
3319,2148.25031042099,-1.9695964,
3320,2148.9016332626343,-1.7350199,
3321,2149.5526876449585,-2.150624,
3322,2150.2018163204193,-2.3969631,
3323,2150.8498384952545,-1.1731257,
3324,2151.497024536133,-1.1136072,
3325,2152.144842147827,-2.7993221,
3326,2152.787936925888,-2.2505765,
3327,2153.4371604919434,-1.4931803,
3328,2154.085969209671,-2.6402073,
3329,2154.737114429474,-2.2224135,
3330,2155.386733531952,-2.3175387,
3331,2156.0394337177277,-2.038034,
3332,2156.6891026496887,-2.1917746,
3333,2157.338536977768,-3.248422,
3334,2157.988154888153,-1.1378798,
3335,2158.6367568969727,-2.662021,
3336,2159.2846081256866,-4.090063,
3337,2159.929836988449,-2.708188,
3338,2160.5786333084106,-2.2438304,
3339,2161.2290482521057,-2.7798736,
3340,2161.8790106773376,-2.5940397,
3341,2162.527754545212,-1.1902636,
3342,2163.177629709244,-1.2050338,
3343,2163.8288016319275,-1.1799759,
3344,2164.480768918991,-2.5797248,
3345,2165.130120754242,-1.8863448,
3346,2165.779751777649,-1.1055903,
3347,2166.433529853821,-2.5458715,
3348,2167.0849385261536,-2.1147482,
3349,2167.7349457740784,-1.0214071,
3350,2168.387977361679,-2.9679956,
3351,2169.040608406067,-1.3760765,
3352,2169.6920750141144,-2.7453976,
3353,2170.340558052063,-2.7768404,
3354,2170.993080854416,-3.1194353,
3355,2171.645038127899,-1.8151424,
3356,2172.296616077423,-2.080994,
3357,2172.9438178539276,-1.5174392,
3358,2173.5944364070892,-1.9065553,
3359,2174.243365764618,-3.1837487,
3360,2174.886917114258,-1.7454312,
3361,2175.5252556800842,-1.5985587,
3362,2176.1653792858124,-2.9196923,
3363,2176.8098764419556,-1.7295091,
3364,2177.4498167037964,-2.8244524,
3365,2178.089588165283,-1.9786049,
3366,2178.7347588539124,-2.4066088,
3367,2179.3728201389313,-1.3545086,
3368,2180.014147043228,-1.9684669,
3369,2180.656043291092,-2.0019782,
3370,2181.295729637146,-1.9215808,
3371,2181.9376707077026,-3.2395985,
3372,2182.5807056427,-2.2212553,
3373,2183.227293729782,-2.286059,
3374,2183.8726942539215,-1.8047199,
3375,2184.516875743866,-2.5270798,
3376,2185.167340040207,-1.7214394,
3377,2185.8182284832,-2.2749474,
3378,2186.464454650879,-2.2496772,
3379,2187.1089823246,-2.8766203,
3380,2187.761983156204,-2.939023,
3381,2188.4099876880646,-2.686135,
3382,2189.054255247116,-2.72895,
3383,2189.701278448105,-2.4968472,
3384,2190.3534309864044,-2.52425,
3385,2191.000891685486,-3.5356624,
3386,2191.6473388671875,-2.3273735,
3387,2192.2947976589203,-2.5349927,
3388,2192.9458508491516,-1.3809365,
3389,2193.5912957191467,-3.8895512,
3390,2194.2341673374176,-1.45452,
3391,2194.883142709732,-1.5464973,
3392,2195.519990682602,-1.8319857,
3393,2196.1596851348877,-1.40281,
3394,2196.8097162246704,-2.0962949,
3395,2197.462253808975,-1.7048614,
3396,2198.1124629974365,-2.042149,
3397,2198.7637746334076,-1.8165288,
3398,2199.413218021393,-3.6597846,
3399,2200.066987991333,-2.3083239,
3400,2201.2058098316193,-2.4337394,
3401,2201.8595128059387,-2.135747,
3402,2202.5094678401947,-2.0549674,
3403,2203.160045862198,-1.8861976,
3404,2203.8106818199158,-1.8267915,
3405,2204.4656312465668,-3.0835257,
3406,2205.1174128055573,-1.9478552,
3407,2205.767709493637,-2.01088,
3408,2206.4199459552765,-1.3275558,
3409,2207.0703313350677,-2.9544787,
3410,2207.7148921489716,-2.76042,
3411,2208.3601241111755,-1.7778759,
3412,2209.008281469345,-0.9934609,
3413,2209.655962228775,-2.374148,
3414,2210.3025045394897,-3.1178052,
3415,2210.950902700424,-1.8057686,
3416,2211.5962948799133,-1.7831492,
3417,2212.2449984550476,-1.7814231,
3418,2212.888525247574,-1.9003685,
3419,2213.533513069153,-2.585133,
3420,2214.1828174591064,-2.3272274,
3421,2214.827619791031,-2.1289272,
3422,2215.4745564460754,-1.6490684,
3423,2216.120418548584,-3.0848947,
3424,2216.7693688869476,-3.1622257,
3425,2217.415885925293,-2.535182,
3426,2218.0642790794373,-1.8586864,
3427,2218.712386608124,-1.7910081,
3428,2219.3625156879425,-2.4695663,
3429,2220.010857820511,-2.9986894,
3430,2220.6619172096252,-1.6152493,
3431,2221.3141119480133,-2.4975848,
3432,2221.966059446335,-3.7298634,
3433,2222.615871191025,-2.9627843,
3434,2223.2698612213135,-1.0252632,
3435,2223.918760061264,-2.4921775,
3436,2224.569013595581,-3.1633072,
3437,2225.2147839069366,-2.505434,
3438,2225.860297679901,-2.5080318,
3439,2226.511574983597,-2.0905018,
3440,2227.159348964691,-1.7291168,
3441,2227.8097774982452,-2.0947466,
3442,2228.4618215560913,-2.247283,
3443,2229.1115667819977,-1.7817343,
3444,2229.7625415325165,-2.4341679,
3445,2230.4125394821167,-1.6475663,
3446,2231.0602962970734,-2.1631975,
3447,2231.7098503112793,-1.0261211,
3448,2232.3548538684845,-3.0130343,
3449,2233.0020384788513,-4.2483034,
3450,2233.6497101783752,-2.5071583,
3451,2234.3003170490265,-2.7891953,
3452,2234.944630384445,-1.7642081,
3453,2235.5906233787537,-2.2165408,
3454,2236.2359437942505,-2.083087,
3455,2236.88680267334,-2.0543828,
3456,2237.5339121818542,-2.5874338,
3457,2238.180731534958,-1.7689509,
3458,2238.8321719169617,-2.9063096,
3459,2239.4783442020416,-2.680994,
3460,2240.1270604133606,-1.5299665,
3461,2240.77471780777,-1.9935497,
3462,2241.419804096222,-2.0087059,
3463,2242.065098762512,-1.5174718,
3464,2242.712884426117,-2.209978,
3465,2243.362638950348,-1.4798267,
3466,2244.0114347934723,-2.1272683,
3467,2244.6602506637573,-2.624078,
3468,2245.309490919113,-2.1559544,
3469,2245.9622056484222,-2.1477885,
3470,2246.6104276180267,-2.6580415,
3471,2247.257923603058,-2.7226582,
3472,2247.903118610382,-2.1228216,
3473,2248.548721075058,-2.5571048,
3474,2249.1971559524536,-1.4078324,
3475,2249.843916654587,-3.491603,
3476,2250.4938349723816,-2.3830345,
3477,2251.1395115852356,-3.0038428,
3478,2251.786113023758,-2.6510339,
3479,2252.4346957206726,-4.295808,
3480,2253.0806448459625,-2.552812,
3481,2253.722644329071,-3.477375,
3482,2254.366936683655,-1.95332,
3483,2255.0099878311157,-1.7291659,
3484,2255.6563506126404,-1.5521863,
3485,2256.3048117160797,-2.28542,
3486,2256.9519572257996,-2.805127,
3487,2257.6015350818634,-2.6192088,
3488,2258.249439239502,-3.3249075,
3489,2258.896697282791,-2.4155118,
3490,2259.541139125824,-0.76744795,
3491,2260.190550804138,-2.2765675,
3492,2260.8357622623444,-1.8042051,
3493,2261.4861166477203,-2.737289,
3494,2262.131222486496,-1.9614477,
3495,2262.77676486969,-1.7497219,
3496,2263.429672241211,-2.1781845,
3497,2264.078192949295,-2.0558276,
3498,2264.7257907390594,-1.3658197,
3499,2265.375854253769,-2.5691583,
3500,2266.502836704254,-4.163804,
3501,2267.150386571884,-2.6429162,
3502,2267.794681787491,-3.2727168,
3503,2268.442890882492,-3.0562935,
3504,2269.09357714653,-3.1641424,
3505,2269.7427756786346,-3.6045213,
3506,2270.391666650772,-0.93360615,
3507,2271.0444111824036,-1.7233958,
3508,2271.6956272125244,-1.869714,
3509,2272.345302581787,-2.0990992,
3510,2272.99249458313,-2.6274629,
3511,2273.639605998993,-1.9099486,
3512,2274.285542488098,-2.5854516,
3513,2274.9299063682556,-1.7289537,
3514,2275.5784196853638,-3.1894813,
3515,2276.228613138199,-2.2343094,
3516,2276.877765893936,-1.1655968,
3517,2277.5256521701813,-2.1199439,
3518,2278.175348997116,-2.0605652,
3519,2278.8259539604187,-3.843134,
3520,2279.4729297161102,-0.81128585,
3521,2280.1203367710114,-2.7441525,
3522,2280.767111301422,-2.743236,
3523,2281.4151968955994,-2.7677274,
3524,2282.061436891556,-3.2027893,
3525,2282.7088305950165,-1.3100249,
3526,2283.35484290123,-1.9568458,
3527,2283.9995317459106,-4.111041,
3528,2284.646324157715,-1.635484,
3529,2285.2922933101654,-1.7186011,
3530,2285.9353625774384,-1.8555999,
3531,2286.5786802768707,-1.710308,
3532,2287.2252447605133,-1.4194076,
3533,2287.873739004135,-2.8800914,
3534,2288.516359090805,-1.364221,
3535,2289.157482624054,-2.9861124,
3536,2289.802540540695,-1.6011045,
3537,2290.448201417923,-3.237103,
3538,2291.0947217941284,-1.3496425,
3539,2291.7453985214233,-2.926598,
3540,2292.3958995342255,-3.5301678,
3541,2293.044774055481,-1.1020863,
3542,2293.693172454834,-2.593584,
3543,2294.3420968055725,-1.94076,
3544,2294.988028526306,-2.0083158,
3545,2295.635492324829,-2.832232,
3546,2296.284495830536,-1.7884004,
3547,2296.9307067394257,-2.485661,
3548,2297.5805678367615,-2.8174887,
3549,2298.231158018112,-3.468737,
3550,2298.880816936493,-1.7744484,
3551,2299.529127597809,-2.1675735,
3552,2300.177760362625,-1.865736,
3553,2300.8268468379974,-2.9146953,
3554,2301.4772448539734,-2.654111,
3555,2302.1245517730713,-2.6597457,
3556,2302.7671151161194,-3.8845992,
3557,2303.4136157035828,-3.0666685,
3558,2304.0607120990753,-2.2517347,
3559,2304.707300901413,-1.0230482,
3560,2305.3553383350372,-2.165359,
3561,2306.0000190734863,-2.5402439,
3562,2306.6456611156464,-1.0432556,
3563,2307.2936584949493,-1.6742013,
3564,2307.9410243034363,-1.9253598,
3565,2308.590143918991,-1.5685284,
3566,2309.237049818039,-2.5030818,
3567,2309.8863031864166,-2.0955927,
3568,2310.5348494052887,-1.966884,
3569,2311.1853864192963,-1.7282624,
3570,2311.834625005722,-2.2310855,
3571,2312.4816710948944,-1.695403,
3572,2313.1288101673126,-2.1793902,
3573,2313.7709336280823,-2.2024317,
3574,2314.4202160835266,-1.6903695,
3575,2315.0651593208313,-1.8684487,
3576,2315.7075057029724,-1.7447389,
3577,2316.353277683258,-2.6931493,
3578,2316.999179124832,-1.9513158,
3579,2317.645586013794,-1.6212196,
3580,2318.2925329208374,-1.5119576,
3581,2318.9437301158905,-2.5407166,
3582,2319.59161567688,-2.4491658,
3583,2320.239196538925,-2.3755863,
3584,2320.886081457138,-2.6129022,
3585,2321.52889084816,-2.2576685,
3586,2322.1726117134094,-1.9390047,
3587,2322.809234380722,-2.4875462,
3588,2323.442090988159,-3.0307431,
3589,2324.0799567699432,-1.5113822,
3590,2324.7203409671783,-1.9898248,
3591,2325.354575395584,-1.7272236,
3592,2325.990207195282,-2.7454085,
3593,2326.625900745392,-2.2691226,
3594,2327.2602121829987,-2.7850442,
3595,2327.8965876102448,-3.2101212,
3596,2328.5354578495026,-4.5547314,
3597,2329.1790256500244,-2.2959244,
3598,2329.823294878006,-2.1439998,
3599,2330.4678950309753,-2.9501686,
3600,2331.6011078357697,-1.9295325,
3601,2332.250823736191,-3.3919456,
3602,2332.8957142829895,-2.1256938,
3603,2333.5457787513733,-1.3222603,
3604,2334.1956329345703,-3.0319586,
3605,2334.8420844078064,-2.432355,
3606,2335.4848425388336,-2.5524817,
3607,2336.1342718601227,-2.8175945,
3608,2336.7844252586365,-2.7201638,
3609,2337.428125143051,-1.5870225,
3610,2338.076178789139,-1.5150659,
3611,2338.7267940044403,-1.7258935,
3612,2339.371114015579,-2.332954,
3613,2340.0129873752594,-1.6689756,
3614,2340.653251171112,-1.5317965,
3615,2341.2940866947174,-3.2423005,
3616,2341.9307131767273,-1.7066948,
3617,2342.5715882778168,-1.6454587,
3618,2343.221202850342,-2.6903255,
3619,2343.8702294826508,-2.374227,
3620,2344.5194075107574,-2.1826239,
3621,2345.170310974121,-2.534708,
3622,2345.8220221996307,-2.0068293,
3623,2346.4698367118835,-3.0583215,
3624,2347.1200609207153,-2.3573267,
3625,2347.7691192626953,-2.5284731,
3626,2348.417190551758,-2.1795497,
3627,2349.0648601055145,-1.289175,
3628,2349.713592529297,-1.8543664,
3629,2350.3622834682465,-3.2712102,
3630,2351.010503768921,-2.103014,
3631,2351.6574935913086,-4.052513,
3632,2352.305902004242,-2.439998,
3633,2352.952705144882,-2.332988,
3634,2353.59915971756,-3.0596411,
3635,2354.244110584259,-1.4553933,
3636,2354.8915309906006,-2.1973605,
3637,2355.5345900058746,-2.3881176,
3638,2356.1805260181427,-3.9582398,
3639,2356.8250954151154,-2.0523076,
3640,2357.4693303108215,-2.2243397,
3641,2358.1137013435364,-2.7392807,
3642,2358.757834672928,-1.6038996,
3643,2359.398210287094,-2.0059974,
3644,2360.041654109955,-1.7120867,
3645,2360.687333345413,-2.1121557,
3646,2361.326782464981,-1.4974701,
3647,2361.968439102173,-2.2592463,
3648,2362.6135733127594,-2.5345185,
3649,2363.2576036453247,-2.6646519,
3650,2363.9004287719727,-1.1244485,
3651,2364.546078681946,-2.5707896,
3652,2365.1896364688873,-2.5606878,
3653,2365.8374457359314,-1.9434966,
3654,2366.4841599464417,-2.3149052,
3655,2367.1322162151337,-2.2063155,
3656,2367.7810533046722,-2.5494409,
3657,2368.428189754486,-1.9168749,
3658,2369.075381755829,-1.7526011,
3659,2369.720022916794,-1.5377765,
3660,2370.3683438301086,-2.743072,
3661,2371.0159204006195,-2.4759827,
3662,2371.6612236499786,-2.2272415,
3663,2372.3093547821045,-3.0767236,
3664,2372.9551718235016,-1.2626885,
3665,2373.602756023407,-2.1436777,
3666,2374.2494435310364,-2.299439,
3667,2374.896548271179,-2.8329582,
3668,2375.5461411476135,-1.9614267,
3669,2376.1877410411835,-3.1878667,
3670,2376.8319742679596,-1.6499282,
3671,2377.477563858032,-1.9603256,
3672,2378.1229696273804,-2.456534,
3673,2378.7646629810333,-1.2257097,
3674,2379.4114191532135,-2.5284696,
3675,2380.0608179569244,-2.3936324,
3676,2380.70903301239,-2.689158,
3677,2381.3576169013977,-2.3292823,
3678,2382.005914211273,-2.2107363,
3679,2382.6542978286743,-1.7805858,
3680,2383.3021659851074,-1.6053442,
3681,2383.951301574707,-2.0911531,
3682,2384.6053881645203,-1.9680678,
3683,2385.2536039352417,-1.8592459,
3684,2385.903106212616,-3.3326879,
3685,2386.553829908371,-3.2333546,
3686,2387.20641374588,-0.94139844,
3687,2387.855736732483,-2.4366207,
3688,2388.5052676200867,-2.7662494,
3689,2389.156005859375,-1.8771745,
3690,2389.8070125579834,-2.7228017,
3691,2390.4558594226837,-2.0565155,
3692,2391.1047852039337,-1.8930521,
3693,2391.751053571701,-2.390789,
3694,2392.3980634212494,-1.5865955,
3695,2393.044425725937,-2.6596951,
3696,2393.692309856415,-1.8083625,
3697,2394.341587305069,-1.8590152,
3698,2394.9899258613586,-3.5200071,
3699,2395.6395432949066,-2.7843766,
3700,2396.7717559337616,-2.3902988,
3701,2397.422899723053,-1.5720646,
3702,2398.0723779201508,-2.069896,
3703,2398.720463991165,-3.1610537,
3704,2399.3671340942383,-2.250162,
3705,2400.0128622055054,-2.9744399,
3706,2400.6598279476166,-2.3417373,
3707,2401.306708097458,-1.7862673,
3708,2401.953029155731,-1.7240825,
3709,2402.6009130477905,-2.0371442,
3710,2403.247992992401,-1.6650501,
3711,2403.89631319046,-1.9880971,
3712,2404.545114517212,-1.6355852,
3713,2405.193139076233,-2.158318,
3714,2405.8409566879272,-1.7734033,
3715,2406.4895458221436,-2.584354,
3716,2407.137337207794,-2.6825726,
3717,2407.7878246307373,-2.3000755,
3718,2408.434133052826,-2.7044425,
3719,2409.0796422958374,-2.250001,
3720,2409.724849462509,-2.193543,
3721,2410.372164964676,-2.514816,
3722,2411.02055811882,-2.2205293,
3723,2411.671673297882,-2.2158904,
3724,2412.3205347061157,-2.6908977,
3725,2412.968700170517,-2.2612453,
3726,2413.6201586723328,-2.1749744,
3727,2414.2688760757446,-3.4959445,
3728,2414.914682149887,-3.0748372,
3729,2415.563074827194,-3.0551493,
3730,2416.2102179527283,-2.2571692,
3731,2416.8599014282227,-2.2080753,
3732,2417.5057368278503,-1.5400528,
3733,2418.150693655014,-2.165708,
3734,2418.800707578659,-1.7899673,
3735,2419.4469921588898,-1.7268295,
3736,2420.094200849533,-2.7905507,
3737,2420.739914417267,-1.706091,
3738,2421.3856086730957,-1.8646804,
3739,2422.035965681076,-2.832548,
3740,2422.681723356247,-2.4458146,
3741,2423.32683968544,-1.3715,
3742,2423.9742970466614,-2.313501,
3743,2424.621768951416,-2.6400213,
3744,2425.2691123485565,-1.7571378,
3745,2425.916352033615,-2.1707566,
3746,2426.5671939849854,-3.0586228,
3747,2427.2165610790253,-2.7725,
3748,2427.8659727573395,-2.598659,
3749,2428.516023159027,-1.79738,
3750,2429.1665935516357,-1.9896201,
3751,2429.8152379989624,-2.398471,
3752,2430.464108467102,-1.5223148,
3753,2431.11261177063,-2.3344667,
3754,2431.76025557518,-3.7537107,
3755,2432.408070087433,-2.032865,
3756,2433.0562393665314,-2.0439456,
3757,2433.707406282425,-2.4231734,
3758,2434.352402448654,-3.7548788,
3759,2434.9977469444275,-1.7382224,
3760,2435.6441671848297,-1.5637466,
3761,2436.289699316025,-2.4484327,
3762,2436.9375896453857,-1.474929,
3763,2437.585883617401,-2.090965,
3764,2438.234377384186,-1.7659094,
3765,2438.8823671340942,-1.2180071,
3766,2439.5312209129333,-1.7394465,
3767,2440.1799120903015,-2.0178041,
3768,2440.8281264305115,-2.160458,
3769,2441.4777064323425,-2.411963,
3770,2442.1268470287323,-1.5924208,
3771,2442.776684999466,-1.2665895,
3772,2443.4253923892975,-1.6130247,
3773,2444.075017929077,-2.3740149,
3774,2444.725750207901,-1.9992733,
3775,2445.374333381653,-2.4228659,
3776,2446.025044441223,-1.4952757,
3777,2446.6739468574524,-2.776308,
3778,2447.3244767189026,-2.0922418,
3779,2447.9749386310577,-2.5515559,
3780,2448.624265432358,-2.082596,
3781,2449.274633407593,-2.3105426,
3782,2449.926472425461,-2.0656462,
3783,2450.5743083953857,-2.7602541,
3784,2451.224638938904,-1.6720138,
3785,2451.8744983673096,-1.6861627,
3786,2452.5259058475494,-1.9711497,
3787,2453.1752121448517,-3.3411508,
3788,2453.822285413742,-1.3790883,
3789,2454.4700236320496,-1.8141527,
3790,2455.1127259731293,-2.6120312,
3791,2455.7558600902557,-3.6552598,
3792,2456.4041876792908,-2.3916283,
3793,2457.054915904999,-1.643081,
3794,2457.7027978897095,-2.5691686,
3795,2458.3537986278534,-1.4659,
3796,2459.0023691654205,-1.8458321,
3797,2459.649927377701,-2.3635244,
3798,2460.2998950481415,-1.4133036,
3799,2460.9506301879883,-3.6391559,
3800,2462.164405822754,-1.4165685,
3801,2462.8080875873566,-1.9628769,
3802,2463.455501317978,-2.3525727,
3803,2464.103159427643,-2.7432556,
3804,2464.7530841827393,-1.9598699,
3805,2465.398438692093,-2.2884736,
3806,2466.048449277878,-2.9886987,
3807,2466.697210073471,-1.8914454,
3808,2467.342995405197,-1.5589728,
3809,2467.9870085716248,-2.1501274,
3810,2468.626045227051,-1.7833422,
3811,2469.2657742500305,-1.5956652,
3812,2469.9074540138245,-1.2031262,
3813,2470.54797911644,-2.125854,
3814,2471.1848533153534,-3.2556117,
3815,2471.8206865787506,-2.43611,
3816,2472.459149837494,-2.7173667,
3817,2473.098177433014,-1.7672231,
3818,2473.7472229003906,-1.9349239,
3819,2474.3938739299774,-1.153703,
3820,2475.0436627864838,-1.9955488,
3821,2475.694897890091,-2.7021985,
3822,2476.34472990036,-1.8970973,
3823,2476.9960565567017,-2.699306,
3824,2477.6472578048706,-2.028222,
3825,2478.3007023334503,-2.1423397,
3826,2478.950419187546,-2.72879,
3827,2479.600513935089,-2.0398135,
3828,2480.25328040123,-2.4798906,
3829,2480.905257463455,-2.414196,
3830,2481.555490255356,-1.5823804,
3831,2482.2069370746613,-2.9656541,
3832,2482.8587205410004,-3.4677851,
3833,2483.5109996795654,-2.5481443,
3834,2484.1618909835815,-2.2083497,
3835,2484.812532901764,-2.1287875,
3836,2485.4649589061737,-2.2465148,
3837,2486.1172523498535,-1.9696183,
3838,2486.7683136463165,-3.3158674,
3839,2487.417189359665,-1.6860225,
3840,2488.066997051239,-3.1241498,
3841,2488.7155742645264,-1.4151218,
3842,2489.3637149333954,-1.978657,
3843,2490.013527393341,-2.2352328,
3844,2490.6668598651886,-1.8936974,
3845,2491.3201127052307,-1.7748237,
3846,2491.9730274677277,-1.5243658,
3847,2492.6285784244537,-2.3996801,
3848,2493.28377699852,-2.492725,
3849,2493.936654806137,-2.3500295,
3850,2494.5896022319794,-1.7392974,
3851,2495.242748737335,-2.034694,
3852,2495.897374391556,-2.194859,
3853,2496.550849199295,-1.5986387,
3854,2497.2040436267853,-2.0884132,
3855,2497.8572030067444,-1.2520382,
3856,2498.5101313591003,-2.0827355,
3857,2499.1631944179535,-2.2661192,
3858,2499.8160212039948,-2.5999231,
3859,2500.4683179855347,-3.0605876,
3860,2501.120605945587,-2.2452083,
3861,2501.7713534832,-1.7389092,
3862,2502.42546916008,-1.4208156,
3863,2503.0783863067627,-3.3682609,
3864,2503.7313435077667,-2.1039584,
3865,2504.38250207901,-3.7532477,
3866,2505.0358424186707,-2.9158726,
3867,2505.68776845932,-1.651622,
3868,2506.3399653434753,-1.8608434,
3869,2506.989544391632,-2.4433556,
3870,2507.6400866508484,-2.4317164,
3871,2508.289365053177,-2.4196997,
3872,2508.94002532959,-1.7571707,
3873,2509.589983701706,-2.0635755,
3874,2510.2391941547394,-2.4961302,
3875,2510.8910233974457,-1.9080496,
3876,2511.543466091156,-3.2542849,
3877,2512.196109056473,-2.0841975,
3878,2512.8506603240967,-2.7019458,
3879,2513.501082420349,-1.4496915,
3880,2514.1539380550385,-2.2266026,
3881,2514.805652141571,-1.9411018,
3882,2515.457752466202,-2.0619187,
3883,2516.1088988780975,-2.2874355,
3884,2516.759690761566,-1.9377941,
3885,2517.4104273319244,-2.639596,
3886,2518.0626900196075,-2.0071626,
3887,2518.7129142284393,-2.2939878,
3888,2519.3641724586487,-2.6066368,
3889,2520.0151283740997,-2.1824958,
3890,2520.6684114933014,-3.1037197,
3891,2521.321152448654,-2.7363427,
3892,2521.9741525650024,-1.379008,
3893,2522.6274371147156,-2.2510512,
3894,2523.280438184738,-2.109304,
3895,2523.934851169586,-2.9527354,
3896,2524.5874173641205,-2.0515225,
3897,2525.240419626236,-3.7899637,
3898,2525.892250776291,-2.8090098,
3899,2526.5449969768524,-2.5095172,
3900,2527.6840255260468,-1.8464947,
3901,2528.329576730728,-2.334571,
3902,2528.9751937389374,-2.8556612,
3903,2529.6238157749176,-2.1082795,
3904,2530.269808769226,-2.500935,
3905,2530.9196066856384,-2.0161572,
3906,2531.5670750141144,-3.1399064,
3907,2532.212640762329,-2.1359963,
3908,2532.8609704971313,-3.3655581,
3909,2533.507917165756,-1.8353337,
3910,2534.157366991043,-2.1920085,
3911,2534.806878566742,-1.991444,
3912,2535.454603910446,-2.884047,
3913,2536.1040568351746,-1.7171254,
3914,2536.752007007599,-2.3454514,
3915,2537.4030153751373,-2.3185184,
3916,2538.0533299446106,-2.3218708,
3917,2538.700346469879,-3.04436,
3918,2539.344850063324,-3.363584,
3919,2539.9920341968536,-2.3249567,
3920,2540.637870788574,-2.3603961,
3921,2541.284030675888,-2.3342984,
3922,2541.9321990013123,-2.4646525,
3923,2542.5791251659393,-1.4460411,
3924,2543.2292408943176,-2.1641684,
3925,2543.8771862983704,-2.8698869,
3926,2544.5266885757446,-2.1324294,
3927,2545.1778116226196,-1.5414002,
3928,2545.826983690262,-3.2090876,
3929,2546.477684020996,-0.6671884,
3930,2547.127616405487,-1.3037286,
3931,2547.776754617691,-1.6811471,
3932,2548.427994966507,-1.4895731,
3933,2549.0749881267548,-2.3978581,
3934,2549.7215011119843,-2.939091,
3935,2550.3715963363647,-2.8464952,
3936,2551.017434120178,-1.0289583,
3937,2551.6645019054413,-1.5266602,
3938,2552.3125624656677,-2.7934685,
3939,2552.9615576267242,-2.840919,
3940,2553.6121592521667,-2.6733625,
3941,2554.2536573410034,-1.88573,
3942,2554.8976871967316,-2.5454645,
3943,2555.546491384506,-1.7465342,
3944,2556.1945934295654,-1.3061469,
3945,2556.842879295349,-1.8138288,
3946,2557.490662097931,-2.7439015,
3947,2558.1376729011536,-3.6208785,
3948,2558.7865974903107,-2.3144412,
3949,2559.4336235523224,-1.8738372,
3950,2560.0801973342896,-1.5362332,
3951,2560.7255215644836,-1.592736,
3952,2561.37149977684,-1.8365697,
3953,2562.0186591148376,-2.2330813,
3954,2562.666746377945,-1.9216858,
3955,2563.3102357387543,-0.95469236,
3956,2563.9563512802124,-2.9026608,
3957,2564.604334115982,-3.0852158,
3958,2565.2539653778076,-2.4740841,
3959,2565.901656627655,-1.2798734,
3960,2566.552282333374,-1.7350361,
3961,2567.2019696235657,-1.5558991,
3962,2567.8501777648926,-2.5110269,
3963,2568.5010600090027,-1.6005098,
3964,2569.1478757858276,-1.9684505,
3965,2569.79722905159,-3.8620977,
3966,2570.441683769226,-1.4863346,
3967,2571.0870225429535,-2.1588705,
3968,2571.7317202091217,-1.2035023,
3969,2572.38041639328,-3.1740885,
3970,2573.029144525528,-1.8540806,
3971,2573.6781792640686,-2.5053198,
3972,2574.3263714313507,-2.6329832,
3973,2574.9767112731934,-2.6659546,
3974,2575.6219890117645,-2.4541159,
3975,2576.2695033550262,-1.2934508,
3976,2576.917519569397,-2.977887,
3977,2577.563404560089,-2.5386899,
3978,2578.2116181850433,-2.24808,
3979,2578.8604984283447,-2.2134876,
3980,2579.510775566101,-2.0250106,
3981,2580.159702062607,-1.0123672,
3982,2580.8116462230682,-2.097363,
3983,2581.459548473358,-1.7215195,
3984,2582.1106264591217,-1.8283229,
3985,2582.758765220642,-1.2505101,
3986,2583.403264760971,-1.7651708,
3987,2584.0538654327393,-2.3844304,
3988,2584.703382253647,-1.8785113,
3989,2585.354267835617,-2.8033915,
3990,2586.001680612564,-1.7620251,
3991,2586.6501910686493,-2.6753137,
3992,2587.299446105957,-1.2515122,
3993,2587.9432010650635,-2.0704765,
3994,2588.5906705856323,-1.5563498,
3995,2589.236177921295,-1.7699666,
3996,2589.882495880127,-2.3240056,
3997,2590.531022310257,-1.7421987,
3998,2591.175822496414,-2.392408,
3999,2591.8201706409454,-2.0218139,
4000,2592.9523906707764,-1.8548033,
4001,2593.5983686447144,-1.4259992,
4002,2594.2396948337555,-1.4129565,
4003,2594.881735563278,-1.9432983,
4004,2595.5289702415466,-1.9970328,
4005,2596.1760799884796,-3.0000758,
4006,2596.8241028785706,-3.6123877,
4007,2597.472939968109,-1.7244937,
4008,2598.1235547065735,-2.2429214,
4009,2598.77591919899,-1.7028025,
4010,2599.424910545349,-2.2747192,
4011,2600.073732614517,-3.4556673,
4012,2600.7258036136627,-3.3894334,
4013,2601.3732764720917,-1.6971407,
4014,2602.0223791599274,-1.99296,
4015,2602.668219089508,-1.5800729,
4016,2603.3163738250732,-2.1749241,
4017,2603.9652183055878,-1.6740763,
4018,2604.612884759903,-1.6292715,
4019,2605.2560687065125,-1.5557483,
4020,2605.906038045883,-2.7058058,
4021,2606.55309510231,-2.7868116,
4022,2607.20423913002,-1.6303563,
4023,2607.8531682491302,-2.0773373,
4024,2608.5016436576843,-1.4105179,
4025,2609.1517202854156,-3.0176606,
4026,2609.801425218582,-2.7327776,
4027,2610.45122051239,-1.0431324,
4028,2611.101934194565,-1.9539236,
4029,2611.753099679947,-2.992054,
4030,2612.4023294448853,-1.543663,
4031,2613.0563457012177,-2.506696,
4032,2613.7064080238342,-1.8591293,
4033,2614.356793642044,-3.105215,
4034,2615.007971763611,-1.798123,
4035,2615.6578040122986,-2.2544708,
4036,2616.3089282512665,-2.4567783,
4037,2616.957929611206,-2.1806102,
4038,2617.608774662018,-2.321881,
4039,2618.259127855301,-3.315168,
4040,2618.900722026825,-2.4603932,
4041,2619.542189359665,-2.3042333,
4042,2620.1869382858276,-3.057684,
4043,2620.8280651569366,-2.1501894,
4044,2621.468404531479,-2.6288075,
4045,2622.1065757274628,-1.8299797,
4046,2622.745205640793,-2.4574647,
4047,2623.3887591362,-3.114608,
4048,2624.0354051589966,-1.3364211,
4049,2624.6795699596405,-1.9349428,
4050,2625.326310157776,-1.9024065,
4051,2625.9770753383636,-2.8164325,
4052,2626.6223816871643,-1.8092475,
4053,2627.269865989685,-2.0158203,
4054,2627.9196548461914,-2.9522352,
4055,2628.5693476200104,-1.7673573,
4056,2629.2146990299225,-1.6555493,
4057,2629.861649751663,-2.4327545,
4058,2630.510294675827,-2.2691765,
4059,2631.158234834671,-2.226003,
4060,2631.8043406009674,-3.257265,
4061,2632.4496960639954,-1.3889098,
4062,2633.097629547119,-2.1108596,
4063,2633.7433111667633,-2.255235,
4064,2634.3864316940308,-2.5621052,
4065,2635.0268161296844,-2.2164035,
4066,2635.671264886856,-3.208156,
4067,2636.3099541664124,-1.8818071,
4068,2636.947957754135,-2.1728668,
4069,2637.5979158878326,-1.9455762,
4070,2638.247819185257,-3.0448098,
4071,2638.8979687690735,-2.2682261,
4072,2639.5478167533875,-2.0073638,
4073,2640.198703289032,-2.4436417,
4074,2640.849828481674,-2.3814774,
4075,2641.500902891159,-1.3962977,
4076,2642.151030778885,-1.7651507,
4077,2642.801372528076,-2.0941222,
4078,2643.451331138611,-1.6216912,
4079,2644.1020102500916,-2.528728,
4080,2644.7499837875366,-2.033609,
4081,2645.4002628326416,-1.0137923,
4082,2646.0501153469086,-1.4552916,
4083,2646.702414751053,-1.5461247,
4084,2647.350934267044,-2.383225,
4085,2647.999256849289,-1.5605196,
4086,2648.646475315094,-3.0482218,
4087,2649.291970014572,-1.8487465,
4088,2649.9413073062897,-2.8256083,
4089,2650.5870537757874,-2.7091436,
4090,2651.236810207367,-2.5402305,
4091,2651.8831832408905,-2.7001185,
4092,2652.526873588562,-1.6100526,
4093,2653.1664564609528,-1.7631904,
4094,2653.8066363334656,-1.6223934,
4095,2654.4485993385315,-1.9222479,
4096,2655.0911388397217,-3.1035886,
4097,2655.7362711429596,-1.9720874,
4098,2656.380790948868,-1.559612,
4099,2657.0240907669067,-2.562988,
4100,2658.1546874046326,-2.937839,
4101,2658.800612449646,-2.6888049,
4102,2659.4507489204407,-2.0191543,
4103,2660.0985696315765,-1.6630981,
4104,2660.7449672222137,-1.6778048,
4105,2661.393667459488,-1.5432631,
4106,2662.0428359508514,-2.4573095,
4107,2662.690116405487,-2.071779,
4108,2663.3354120254517,-1.8500597,
4109,2663.9833114147186,-1.9722772,
4110,2664.6247370243073,-2.205325,
4111,2665.2712116241455,-1.719279,
4112,2665.9172072410583,-2.7506828,
4113,2666.5636868476868,-2.6172342,
4114,2667.2115087509155,-2.5759733,
4115,2667.8605580329895,-2.965119,
4116,2668.510395050049,-1.5802628,
4117,2669.15598988533,-2.0211506,
4118,2669.8057358264923,-2.4957547,
4119,2670.454734802246,-2.775382,
4120,2671.097496509552,-1.1820698,
4121,2671.7429461479187,-3.1330712,
4122,2672.3868787288666,-1.8562694,
4123,2673.032297849655,-1.457819,
4124,2673.676180124283,-1.8891668,
4125,2674.318130493164,-1.8136116,
4126,2674.961942911148,-1.4881417,
4127,2675.6071417331696,-3.8878136,
4128,2676.252341270447,-2.0124884,
4129,2676.9006175994873,-2.1807022,
4130,2677.5439913272858,-1.7125008,
4131,2678.189656019211,-1.4544145,
4132,2678.836902856827,-1.987453,
4133,2679.485442876816,-1.6648941,
4134,2680.1290225982666,-1.6759858,
4135,2680.772294521332,-2.919158,
4136,2681.419865846634,-2.9204528,
4137,2682.064311027527,-1.9257917,
4138,2682.7098846435547,-2.8903275,
4139,2683.357269048691,-1.3375919,
4140,2684.000283241272,-1.2283808,
4141,2684.645128965378,-3.3298626,
4142,2685.289415359497,-2.6174216,
4143,2685.9366805553436,-2.8912609,
4144,2686.5795447826385,-2.8965063,
4145,2687.2239949703217,-1.4985204,
4146,2687.870243549347,-1.3787664,
4147,2688.514004468918,-0.8873593,
4148,2689.161025762558,-1.1353514,
4149,2689.8081579208374,-1.7394652,
4150,2690.4579310417175,-1.4293444,
4151,2691.1044404506683,-2.0628645,
4152,2691.751657962799,-1.652103,
4153,2692.3983347415924,-1.027051,
4154,2693.0422797203064,-2.2395606,
4155,2693.6885566711426,-1.5467587,
4156,2694.336338043213,-1.3954487,
4157,2694.984978914261,-1.8415201,
4158,2695.633263349533,-1.9547312,
4159,2696.2820298671722,-1.7201036,
4160,2696.930780172348,-1.2992635,
4161,2697.578775405884,-1.7345136,
4162,2698.226641893387,-2.269041,
4163,2698.8742485046387,-2.03393,
4164,2699.5224089622498,-1.724025,
4165,2700.171270608902,-2.3360682,
4166,2700.8189640045166,-2.2557456,
4167,2701.46692609787,-2.0825381,
4168,2702.114727973938,-1.9326816,
4169,2702.7616498470306,-1.7821021,
4170,2703.4096217155457,-1.6347018,
4171,2704.0571553707123,-1.2845285,
4172,2704.7035415172577,-2.1700263,
4173,2705.3522205352783,-1.9451135,
4174,2706.0012650489807,-2.413297,
4175,2706.648312807083,-2.0438583,
4176,2707.2974944114685,-1.3132967,
4177,2707.9456644058228,-1.9400288,
4178,2708.5953085422516,-1.1512207,
4179,2709.243313550949,-1.1905079,
4180,2709.8906095027924,-1.7684169,
4181,2710.5390589237213,-1.5310736,
4182,2711.1876468658447,-3.5237305,
4183,2711.8359518051147,-2.7139459,
4184,2712.4831879138947,-1.670196,
4185,2713.13050365448,-1.5910643,
4186,2713.7795243263245,-0.8079845,
4187,2714.4280071258545,-1.9842324,
4188,2715.0762927532196,-1.880429,
4189,2715.7238073349,-2.2009084,
4190,2716.3723027706146,-2.2946534,
4191,2717.01984167099,-2.2104635,
4192,2717.668576478958,-3.816625,
4193,2718.3136916160583,-1.8704001,
4194,2718.959030151367,-2.3745935,
4195,2719.6069033145905,-2.7051406,
4196,2720.254845380783,-1.2427981,
4197,2720.9019627571106,-2.3354392,
4198,2721.5495109558105,-0.9516754,
4199,2722.1973202228546,-2.025639,
4200,2723.3271811008453,-2.9554236,
4201,2723.972395181656,-2.5007725,
4202,2724.618745326996,-1.9731945,
4203,2725.2656564712524,-3.008236,
4204,2725.9129931926727,-2.2220945,
4205,2726.560650587082,-2.8637064,
4206,2727.207592487335,-2.7101848,
4207,2727.8558378219604,-2.6248405,
4208,2728.5016281604767,-2.1029425,
4209,2729.1489424705505,-2.3815722,
4210,2729.7941839694977,-1.202446,
4211,2730.4418425559998,-1.9368049,
4212,2731.086166381836,-2.1508832,
4213,2731.7318160533905,-2.7311885,
4214,2732.37780213356,-1.7995125,
4215,2733.0222940444946,-2.829282,
4216,2733.6698129177094,-2.2296872,
4217,2734.3174121379852,-2.7711897,
4218,2734.965662717819,-2.1305187,
4219,2735.6148443222046,-2.962502,
4220,2736.2625048160553,-1.9286752,
4221,2736.9133417606354,-2.7439218,
4222,2737.561495065689,-2.7154052,
4223,2738.210194826126,-2.4105291,
4224,2738.858024120331,-2.3750234,
4225,2739.5031225681305,-2.4769182,
4226,2740.1470494270325,-2.6608443,
4227,2740.793155193329,-2.235194,
4228,2741.4421603679657,-1.962732,
4229,2742.09077835083,-1.8624003,
4230,2742.740967988968,-1.8258815,
4231,2743.391168832779,-2.5560155,
4232,2744.0384261608124,-3.5419712,
4233,2744.6874289512634,-4.674614,
4234,2745.335197210312,-2.4749453,
4235,2745.9835197925568,-1.9384354,
4236,2746.631351709366,-3.0418315,
4237,2747.280715227127,-2.005756,
4238,2747.9267857074738,-1.2560086,
4239,2748.5741579532623,-2.1513913,
4240,2749.223603963852,-1.8866704,
4241,2749.8722009658813,-2.1427312,
4242,2750.5216493606567,-2.043576,
4243,2751.1680085659027,-1.8864737,
4244,2751.814404964447,-1.6716285,
4245,2752.4643964767456,-1.1437144,
4246,2753.1074080467224,-1.7252624,
4247,2753.750712633133,-1.2904785,
4248,2754.396585226059,-1.9708657,
4249,2755.0423316955566,-2.0978484,
4250,2755.683174610138,-3.1125693,
4251,2756.3241050243378,-2.7759497,
4252,2756.9656574726105,-1.9385297,
4253,2757.6054656505585,-1.8912582,
4254,2758.241259098053,-1.1341195,
4255,2758.877368927002,-2.4514601,
4256,2759.5165808200836,-2.9969656,
4257,2760.1613051891327,-1.6448632,
4258,2760.8041048049927,-2.0471888,
4259,2761.4445984363556,-1.9058939,
4260,2762.090271472931,-2.100257,
4261,2762.7381110191345,-3.1788568,
4262,2763.381495952606,-2.2178688,
4263,2764.0249416828156,-2.3659809,
4264,2764.671919107437,-2.31557,
4265,2765.3204367160797,-1.4897438,
4266,2765.9645013809204,-2.4290252,
4267,2766.607724905014,-2.1825414,
4268,2767.2567665576935,-2.8323574,
4269,2767.9046907424927,-2.2938466,
4270,2768.547089099884,-1.9058084,
4271,2769.19114112854,-2.0841522,
4272,2769.840924978256,-2.2807264,
4273,2770.4819321632385,-1.8229829,
4274,2771.1226618289948,-3.044995,
4275,2771.7674164772034,-2.7368946,
4276,2772.4057927131653,-2.576593,
4277,2773.041565179825,-2.008104,
4278,2773.685174703598,-2.1370149,
4279,2774.3328518867493,-2.6031542,
4280,2774.9799733161926,-1.4481264,
4281,2775.6289279460907,-2.2731066,
4282,2776.2780804634094,-1.4242232,
4283,2776.926855325699,-2.4943619,
4284,2777.5747678279877,-4.2738266,
4285,2778.2248096466064,-2.5875983,
4286,2778.8754422664642,-1.5396483,
4287,2779.5230345726013,-1.8728426,
4288,2780.1705944538116,-3.0747147,
4289,2780.8206589221954,-1.3891611,
4290,2781.4697518348694,-1.2464571,
4291,2782.1175422668457,-2.1180463,
4292,2782.768466949463,-1.3976254,
4293,2783.415646314621,-1.620395,
4294,2784.063116788864,-1.8055177,
4295,2784.706687927246,-1.4479296,
4296,2785.3457140922546,-2.4635336,
4297,2785.9898710250854,-1.6649972,
4298,2786.6352038383484,-2.3678281,
4299,2787.278955221176,-1.7427994,
4300,2788.405042886734,-2.1875148,
4301,2789.048150539398,-2.4659247,
4302,2789.6940579414368,-2.7111094,
4303,2790.3383252620697,-2.5946803,
4304,2790.984493494034,-1.6431333,
4305,2791.6304178237915,-1.6844476,
4306,2792.275728225708,-2.002764,
4307,2792.9174196720123,-1.7596376,
4308,2793.557867527008,-1.9157424,
4309,2794.2002494335175,-1.6662862,
4310,2794.842474460602,-1.7880838,
4311,2795.486227989197,-3.2496042,
4312,2796.131314754486,-2.8168569,
4313,2796.778670310974,-2.3405433,
4314,2797.4232156276703,-0.9824095,
4315,2798.0679998397827,-2.0662494,
4316,2798.714599609375,-1.8653746,
4317,2799.3643157482147,-2.3763852,
4318,2800.0101420879364,-1.4451663,
4319,2800.6599457263947,-2.5490994,
4320,2801.3085606098175,-3.2791,
4321,2801.956748008728,-1.9267254,
4322,2802.6070017814636,-3.392421,
4323,2803.253556728363,-1.4091451,
4324,2803.900682449341,-2.1332755,
4325,2804.5436878204346,-1.9633082,
4326,2805.187611579895,-2.861258,
4327,2805.8310396671295,-1.7125194,
4328,2806.4722549915314,-1.2655315,
4329,2807.1164877414703,-1.3821166,
4330,2807.7643768787384,-2.6126347,
4331,2808.40940117836,-2.1415722,
4332,2809.0573406219482,-2.0156045,
4333,2809.700784444809,-1.6760721,
4334,2810.3481936454773,-2.4856281,
4335,2810.9930424690247,-1.7098892,
4336,2811.639051914215,-1.7897072,
4337,2812.2887110710144,-1.9687316,
4338,2812.934068441391,-1.477077,
4339,2813.5833353996277,-1.914305,
4340,2814.2295360565186,-2.6891398,
4341,2814.875684738159,-1.5491887,
4342,2815.5233447551727,-2.352544,
4343,2816.1689727306366,-2.0080938,
4344,2816.8126981258392,-1.4780929,
4345,2817.458283662796,-2.4788394,
4346,2818.1065447330475,-3.265855,
4347,2818.7519493103027,-1.688123,
4348,2819.399822950363,-2.4819937,
4349,2820.044558286667,-2.5920336,
4350,2820.691603422165,-2.3476894,
4351,2821.3400485515594,-2.333049,
4352,2821.9854652881622,-1.9455898,
4353,2822.6325936317444,-2.1712503,
4354,2823.2813019752502,-2.1115894,
4355,2823.927208185196,-2.713445,
4356,2824.5759019851685,-1.7552893,
4357,2825.227346420288,-2.2442694,
4358,2825.87539935112,-3.4372098,
4359,2826.5211791992188,-2.3796587,
4360,2827.1658911705017,-1.9947975,
4361,2827.8120119571686,-2.124278,
4362,2828.4594190120697,-2.6665726,
4363,2829.106067419052,-3.2368944,
4364,2829.7537186145782,-1.855814,
4365,2830.39949965477,-2.416646,
4366,2831.0448591709137,-4.2370734,
4367,2831.6908876895905,-3.0767627,
4368,2832.338177919388,-1.9583441,
4369,2832.98113322258,-1.3905292,
4370,2833.628541946411,-1.3267052,
4371,2834.2769107818604,-2.2477648,
4372,2834.9244899749756,-2.0651293,
4373,2835.572388648987,-1.791871,
4374,2836.2208285331726,-2.0326853,
4375,2836.8690416812897,-1.837281,
4376,2837.5175433158875,-2.7959368,
4377,2838.168622493744,-1.7262049,
4378,2838.816775083542,-4.2136106,
4379,2839.4648852348328,-1.832333,
4380,2840.1102151870728,-0.98446274,
4381,2840.7569575309753,-2.499599,
4382,2841.406785964966,-2.101365,
4383,2842.0522871017456,-1.9508753,
4384,2842.70268034935,-2.3157704,
4385,2843.349341392517,-1.8599188,
4386,2843.994544029236,-1.5363393,
4387,2844.6403572559357,-2.2216148,
4388,2845.2870292663574,-2.3379924,
4389,2845.935169696808,-4.7861466,
4390,2846.581255197525,-2.026779,
4391,2847.2312366962433,-2.5855613,
4392,2847.8782348632812,-2.6292894,
4393,2848.5292661190033,-1.6201267,
4394,2849.177323818207,-1.7548552,
4395,2849.823085308075,-1.6939902,
4396,2850.4720692634583,-2.8578143,
4397,2851.1155529022217,-2.3375444,
4398,2851.7578349113464,-1.8784862,
4399,2852.403510570526,-2.725371,
4400,2853.5261418819427,-2.0821588,
4401,2854.1702451705933,-1.6174037,
4402,2854.8147530555725,-2.3154707,
4403,2855.4612925052643,-1.4599414,
4404,2856.1076316833496,-1.8831251,
4405,2856.755839586258,-2.180753,
4406,2857.4026589393616,-2.3387947,
4407,2858.0518956184387,-2.1705766,
4408,2858.701355934143,-1.9435446,
4409,2859.348868370056,-2.3451877,
4410,2859.997555732727,-2.78519,
4411,2860.644126176834,-2.4008117,
4412,2861.2933995723724,-2.1751876,
4413,2861.9379374980927,-2.6326008,
4414,2862.584317445755,-2.0512955,
4415,2863.231887102127,-2.4894545,
4416,2863.8800954818726,-1.1850551,
4417,2864.528750896454,-2.6381588,
4418,2865.17848777771,-1.8394482,
4419,2865.827271938324,-1.5090637,
4420,2866.47540140152,-1.8196015,
4421,2867.1249170303345,-1.2607963,
4422,2867.774120569229,-3.637258,
4423,2868.4198546409607,-1.6897705,
4424,2869.0685460567474,-3.096222,
4425,2869.710778236389,-3.01551,
4426,2870.3574347496033,-1.4792367,
4427,2871.0043914318085,-2.3996208,
4428,2871.648434638977,-4.3264513,
4429,2872.2948105335236,-3.0780945,
4430,2872.9388756752014,-2.08606,
4431,2873.5877804756165,-1.5441688,
4432,2874.236086130142,-1.7544918,
4433,2874.8832154273987,-1.7225969,
4434,2875.5311748981476,-2.4118166,
4435,2876.176866054535,-2.3781486,
4436,2876.8247468471527,-1.6167415,
4437,2877.472254753113,-1.3991408,
4438,2878.116579055786,-2.86938,
4439,2878.7606019973755,-2.0603514,
4440,2879.402196407318,-1.5981865,
4441,2880.045893907547,-1.8392029,
4442,2880.69181060791,-1.6206527,
4443,2881.336940050125,-1.7415897,
4444,2881.983683347702,-1.7837428,
4445,2882.629374742508,-1.505191,
4446,2883.2775604724884,-1.831499,
4447,2883.9232749938965,-2.5769727,
4448,2884.5695416927338,-2.6875691,
4449,2885.2192780971527,-2.747721,
4450,2885.867415904999,-1.5222955,
4451,2886.5146973133087,-1.9167802,
4452,2887.162345647812,-2.2073233,
4453,2887.812120437622,-1.9182712,
4454,2888.4596152305603,-2.190153,
4455,2889.1053721904755,-1.754377,
4456,2889.7495832443237,-2.655059,
4457,2890.391722202301,-1.9977068,
4458,2891.0332248210907,-2.667389,
4459,2891.6771659851074,-2.1672158,
4460,2892.325171470642,-2.0193887,
4461,2892.9729828834534,-1.5990715,
4462,2893.621832847595,-2.3083248,
4463,2894.2727007865906,-2.5196414,
4464,2894.9193937778473,-3.201488,
4465,2895.5664114952087,-2.1987975,
4466,2896.2134552001953,-1.8930354,
4467,2896.857231616974,-2.4722075,
4468,2897.5013103485107,-2.7436206,
4469,2898.147757291794,-2.081451,
4470,2898.7938663959503,-2.5393982,
4471,2899.4399983882904,-2.7766714,
4472,2900.083887577057,-1.8439472,
4473,2900.7316358089447,-1.9575467,
4474,2901.3710379600525,-1.9300084,
4475,2902.007084608078,-3.6002996,
4476,2902.6446621418,-2.2264962,
4477,2903.2813436985016,-2.3657146,
4478,2903.921444416046,-1.2144339,
4479,2904.560807943344,-3.3005776,
4480,2905.19473528862,-1.519904,
4481,2905.831690788269,-2.4948082,
4482,2906.4718232154846,-2.3674076,
4483,2907.1070489883423,-1.917,
4484,2907.74640250206,-1.9356537,
4485,2908.390305995941,-3.0013852,
4486,2909.033682823181,-2.3204403,
4487,2909.6760544776917,-2.5613132,
4488,2910.3219425678253,-1.2821941,
4489,2910.9682037830353,-2.4950962,
4490,2911.612123966217,-3.0716681,
4491,2912.254786491394,-1.5174816,
4492,2912.902113199234,-3.060855,
4493,2913.5488917827606,-2.7586365,
4494,2914.1928215026855,-2.0073142,
4495,2914.837153673172,-2.3574119,
4496,2915.4825336933136,-2.881445,
4497,2916.1299307346344,-2.4208822,
4498,2916.7731132507324,-2.6384523,
4499,2917.4178223609924,-3.437739,
4500,2918.550419807434,-1.5987532,
4501,2919.196855068207,-0.9967362,
4502,2919.8387439250946,-2.4654665,
4503,2920.4811964035034,-3.541676,
4504,2921.124040365219,-1.9473053,
4505,2921.7593355178833,-1.8813428,
4506,2922.403021335602,-2.9951699,
4507,2923.0528688430786,-1.9989569,
4508,2923.6998059749603,-1.3609977,
4509,2924.3474159240723,-1.6554391,
4510,2924.9955077171326,-1.9765232,
4511,2925.645190000534,-0.7642225,
4512,2926.2928783893585,-3.0425444,
4513,2926.9409153461456,-2.0284362,
4514,2927.5913128852844,-1.2754831,
4515,2928.2389376163483,-3.976222,
4516,2928.8875935077667,-2.6311038,
4517,2929.5380423069,-1.4114144,
4518,2930.1864881515503,-2.7329712,
4519,2930.8341579437256,-1.8372991,
4520,2931.482486009598,-2.001861,
4521,2932.1308224201202,-2.211608,
4522,2932.7764222621918,-1.8715649,
4523,2933.422687768936,-2.604513,
4524,2934.0691726207733,-1.9341373,
4525,2934.7138040065765,-1.1245621,
4526,2935.36043715477,-2.478146,
4527,2936.0071790218353,-2.9324932,
4528,2936.654986858368,-2.8832674,
4529,2937.3020601272583,-1.9900374,
4530,2937.9472234249115,-4.095332,
4531,2938.5960829257965,-1.1125083,
4532,2939.237599849701,-1.8059521,
4533,2939.8789558410645,-1.688472,
4534,2940.5214970111847,-2.1047277,
4535,2941.162032365799,-1.6611836,
4536,2941.802243232727,-2.8980336,
4537,2942.4454946517944,-2.4855409,
4538,2943.0907185077667,-1.6482128,
4539,2943.7378644943237,-2.3202484,
4540,2944.3833570480347,-3.020367,
4541,2945.0303180217743,-2.0119708,
4542,2945.676642179489,-1.0830455,
4543,2946.322520494461,-1.1624609,
4544,2946.970927000046,-2.7597218,
4545,2947.6136589050293,-1.851218,
4546,2948.260665178299,-1.6156805,
4547,2948.9071459770203,-3.5598,
4548,2949.5539000034332,-2.9296753,
4549,2950.2847471237183,-1.9680479,
4550,2950.932055234909,-1.4452215,
4551,2951.5798857212067,-2.6972284,
4552,2952.227848291397,-1.8402433,
4553,2952.8775057792664,-1.5214412,
4554,2953.5251619815826,-2.8008814,
4555,2954.172143936157,-3.5460534,
4556,2954.8153233528137,-1.5129062,
4557,2955.4586572647095,-2.2249532,
4558,2956.1014218330383,-3.439958,
4559,2956.746081829071,-2.314064,
4560,2957.3918709754944,-1.9060284,
4561,2958.039577484131,-1.5414047,
4562,2958.687392950058,-1.7877946,
4563,2959.335388660431,-3.043684,
4564,2959.985118627548,-2.9166927,
4565,2960.632759809494,-1.2778094,
4566,2961.2798936367035,-3.4177856,
4567,2961.922738313675,-1.1695657,
4568,2962.565546274185,-3.8499331,
4569,2963.2111937999725,-2.6331148,
4570,2963.8586378097534,-2.803978,
4571,2964.5069918632507,-2.5885453,
4572,2965.1549117565155,-1.4592468,
4573,2965.7992329597473,-2.210984,
4574,2966.445294857025,-1.7720305,
4575,2967.0939610004425,-1.9367415,
4576,2967.737405538559,-1.7065187,
4577,2968.37988448143,-2.2561464,
4578,2969.021203994751,-2.9622564,
4579,2969.663638114929,-3.5779552,
4580,2970.309806585312,-2.1745462,
4581,2970.9571549892426,-1.890266,
4582,2971.606104373932,-1.9514897,
4583,2972.252323627472,-2.3951976,
4584,2972.9000854492188,-2.5290294,
4585,2973.5501255989075,-1.5501667,
4586,2974.199884414673,-1.5444076,
4587,2974.846616268158,-1.7625883,
4588,2975.4956810474396,-1.7964709,
4589,2976.1445519924164,-3.1822343,
4590,2976.793184041977,-2.1003578,
4591,2977.4426674842834,-2.1564136,
4592,2978.0899198055267,-2.3330445,
4593,2978.7359228134155,-1.3841985,
4594,2979.383326768875,-2.8821516,
4595,2980.032286167145,-2.0704918,
4596,2980.679071187973,-3.3596787,
4597,2981.322863817215,-1.595575,
4598,2981.9667954444885,-2.5662022,
4599,2982.6094937324524,-2.3896542,
4600,2983.732293367386,-1.8276103,
4601,2984.376040697098,-1.8663735,
4602,2985.0225410461426,-2.783036,
4603,2985.6697103977203,-3.200325,
4604,2986.3176634311676,-2.5391576,
4605,2986.9656567573547,-1.7230877,
4606,2987.612852334976,-2.0050118,
4607,2988.262412071228,-2.1709678,
4608,2988.908320426941,-2.2458801,
4609,2989.5546667575836,-2.3532224,
4610,2990.200086593628,-1.1459744,
4611,2990.8435258865356,-3.5556555,
4612,2991.4902770519257,-2.267976,
4613,2992.1384654045105,-2.0199764,
4614,2992.782870531082,-2.0144963,
4615,2993.430319547653,-1.9350836,
4616,2994.079358100891,-1.7416406,
4617,2994.7267560958862,-2.6908486,
4618,2995.373980283737,-3.026773,
4619,2996.0193870067596,-2.2029595,
4620,2996.6634328365326,-3.2443209,
4621,2997.3071553707123,-2.0398865,
4622,2997.9535281658173,-1.5178573,
4623,2998.6026380062103,-1.470351,
4624,2999.2485620975494,-2.1900826,
4625,2999.8984184265137,-2.5346572,
4626,3000.546401977539,-1.4964927,
4627,3001.1928527355194,-3.44487,
4628,3001.839340209961,-1.5392781,
4629,3002.4860095977783,-1.7555686,
4630,3003.131891965866,-1.508139,
4631,3003.776070356369,-1.6003283,
4632,3004.4185421466827,-3.5075798,
4633,3005.064703941345,-2.3424168,
4634,3005.7114551067352,-1.7645265,
4635,3006.359333753586,-1.9245764,
4636,3007.0067579746246,-2.668568,
4637,3007.6562378406525,-2.4261634,
4638,3008.30219912529,-2.6540208,
4639,3008.9491362571716,-1.3218253,
4640,3009.5970594882965,-2.9379544,
4641,3010.242499113083,-2.2928913,
4642,3010.886747598648,-2.3947082,
4643,3011.5311200618744,-1.891206,
4644,3012.1789784431458,-2.7283423,
4645,3012.827128171921,-1.2459724,
4646,3013.4744510650635,-2.440792,
4647,3014.1243438720703,-1.8652549,
4648,3014.771828174591,-2.5024393,
4649,3015.419118642807,-2.5233479,
4650,3016.0680379867554,-2.4434338,
4651,3016.7181990146637,-2.28665,
4652,3017.365813970566,-1.9898329,
4653,3018.010782957077,-2.9392576,
4654,3018.656190395355,-2.4050994,
4655,3019.3028135299683,-2.5638263,
4656,3019.9482254981995,-1.2915835,
4657,3020.5915055274963,-2.8156173,
4658,3021.2330763339996,-2.5899022,
4659,3021.876544713974,-2.3289723,
4660,3022.5210564136505,-2.1052263,
4661,3023.167853832245,-2.293498,
4662,3023.812072992325,-1.3480923,
4663,3024.458622932434,-3.1763163,
4664,3025.1063487529755,-1.2112812,
4665,3025.753140926361,-3.7775733,
4666,3026.3990252017975,-2.8691936,
4667,3027.0492277145386,-2.5784886,
4668,3027.6961205005646,-2.073989,
4669,3028.3409883975983,-1.7006392,
4670,3028.987041950226,-2.691908,
4671,3029.6274955272675,-2.6382558,
4672,3030.272140264511,-1.9856831,
4673,3030.9194622039795,-2.6665769,
4674,3031.566791534424,-2.892081,
4675,3032.212447166443,-2.1466665,
4676,3032.860588312149,-2.605241,
4677,3033.506976366043,-1.5807303,
4678,3034.1537902355194,-2.3843048,
4679,3034.7991943359375,-2.2390223,
4680,3035.443880558014,-2.5186958,
4681,3036.090807199478,-1.8950701,
4682,3036.7338461875916,-2.5279317,
4683,3037.37810087204,-2.4667735,
4684,3038.0253217220306,-2.5327606,
4685,3038.6704931259155,-2.635355,
4686,3039.315498113632,-3.3911314,
4687,3039.9628677368164,-2.2262554,
4688,3040.6098330020905,-2.4238982,
4689,3041.254911184311,-1.3910842,
4690,3041.9035375118256,-1.5926294,
4691,3042.5499787330627,-1.7006001,
4692,3043.1958663463593,-2.2340424,
4693,3043.843804359436,-1.3081987,
4694,3044.492047548294,-2.006293,
4695,3045.136437892914,-2.6437964,
4696,3045.7761816978455,-1.8459607,
4697,3046.417253255844,-2.4629042,
4698,3047.050385951996,-2.108488,
4699,3047.6880481243134,-2.522863,
4700,3048.803213596344,-2.5183177,
4701,3049.4392428398132,-2.7611947,
4702,3050.0720448493958,-2.3688087,
4703,3050.706017255783,-2.2763278,
4704,3051.3490483760834,-2.6172404,
4705,3051.9937410354614,-1.875559,
4706,3052.637025117874,-2.047801,
4707,3053.2802596092224,-2.645778,
4708,3053.928126811981,-1.8137703,
4709,3054.573358774185,-1.4759011,
4710,3055.2172226905823,-2.3644023,
4711,3055.862961769104,-2.3111432,
4712,3056.510998249054,-1.9235703,
4713,3057.1561851501465,-2.6353047,
4714,3057.799108982086,-1.5174738,
4715,3058.4446885585785,-1.9085337,
4716,3059.0875675678253,-2.193491,
4717,3059.733729124069,-2.0077322,
4718,3060.379045009613,-3.311687,
4719,3061.0242807865143,-1.9226367,
4720,3061.6690509319305,-1.6445587,
4721,3062.3170590400696,-2.8943653,
4722,3062.9593257904053,-1.8582613,
4723,3063.5972785949707,-1.792134,
4724,3064.2349874973297,-1.5025194,
4725,3064.8701984882355,-2.456546,
4726,3065.5070099830627,-1.8048241,
4727,3066.150910615921,-2.676136,
4728,3066.800615787506,-2.4895885,
4729,3067.4476635456085,-3.6355863,
4730,3068.094173669815,-3.046781,
4731,3068.7420840263367,-2.3168035,
4732,3069.390256166458,-2.3505301,
4733,3070.03692650795,-2.4358978,
4734,3070.6825244426727,-1.4854938,
4735,3071.3322987556458,-2.0336742,
4736,3071.978209733963,-1.2430425,
4737,3072.626183986664,-2.361848,
4738,3073.275648355484,-1.3624275,
4739,3073.924681663513,-1.3992155,
4740,3074.5722000598907,-1.3440716,
4741,3075.2200186252594,-2.2044315,
4742,3075.868661880493,-1.4592208,
4743,3076.5139050483704,-3.647758,
4744,3077.155361890793,-2.0577345,
4745,3077.7978644371033,-2.1806893,
4746,3078.441188812256,-2.3416705,
4747,3079.0852284431458,-2.6762147,
4748,3079.7315530776978,-2.1799846,
4749,3080.376063108444,-1.8211149,
4750,3081.018929719925,-2.2028153,
4751,3081.6658272743225,-1.8704708,
4752,3082.3071541786194,-3.3535712,
4753,3082.9508023262024,-1.1407197,
4754,3083.593726873398,-2.3227,
4755,3084.2401399612427,-2.5627685,
4756,3084.8831152915955,-2.3846645,
4757,3085.526981115341,-2.3593552,
4758,3086.1744525432587,-2.2888434,
4759,3086.8188214302063,-1.5819814,
4760,3087.4688155651093,-2.2145627,
4761,3088.119448184967,-2.047236,
4762,3088.7686519622803,-1.7247188,
4763,3089.4185342788696,-1.8948569,
4764,3090.068743467331,-3.0566773,
4765,3090.7103271484375,-2.0457056,
4766,3091.3571586608887,-1.5683804,
4767,3091.9999351501465,-2.2501407,
4768,3092.64834856987,-2.1407063,
4769,3093.2918972969055,-2.1323526,
4770,3093.935363292694,-2.5243425,
4771,3094.5788860321045,-2.0224903,
4772,3095.2244548797607,-2.5472636,
4773,3095.8676121234894,-2.1545842,
4774,3096.5128152370453,-2.8187487,
4775,3097.157543897629,-2.5231032,
4776,3097.8031525611877,-2.1316128,
4777,3098.4459512233734,-1.6323748,
4778,3099.0903840065002,-1.3547323,
4779,3099.737612724304,-2.5510097,
4780,3100.3863413333893,-1.991167,
4781,3101.035424232483,-2.0176344,
4782,3101.687080860138,-2.5089211,
4783,3102.3392601013184,-2.7927985,
4784,3102.9882912635803,-2.2537816,
4785,3103.635554790497,-1.9585104,
4786,3104.282560825348,-2.413815,
4787,3104.93142414093,-2.7510345,
4788,3105.5791144371033,-2.3854265,
4789,3106.229838371277,-2.9403393,
4790,3106.8784942626953,-4.540682,
4791,3107.5286540985107,-1.8552251,
4792,3108.1792562007904,-2.370127,
4793,3108.8291478157043,-1.2330596,
4794,3109.480293035507,-3.9632444,
4795,3110.130129098892,-1.6309175,
4796,3110.7785234451294,-3.129973,
4797,3111.426245689392,-2.6989596,
4798,3112.074684858322,-2.5725222,
4799,3112.7226111888885,-3.059691,
4800,3113.855065345764,-2.5255532,
4801,3114.5017240047455,-1.4775274,
4802,3115.149394273758,-0.84199214,
4803,3115.799556016922,-1.488389,
4804,3116.447531938553,-2.0731795,
4805,3117.0946888923645,-1.4502983,
4806,3117.74285364151,-2.3130386,
4807,3118.390633583069,-1.6407707,
4808,3119.0381338596344,-1.8760335,
4809,3119.686665534973,-1.6939764,
4810,3120.337679386139,-2.7350218,
4811,3120.9841554164886,-1.7568856,
4812,3121.630461215973,-2.3147182,
4813,3122.2771322727203,-1.7518914,
4814,3122.9224524497986,-2.7476306,
4815,3123.5691151618958,-2.6678643,
4816,3124.216080188751,-2.9277685,
4817,3124.864974498749,-3.0588727,
4818,3125.5138790607452,-2.5385525,
4819,3126.1610407829285,-2.0893047,
4820,3126.8088040351868,-2.354879,
4821,3127.4557297229767,-2.039509,
4822,3128.1013021469116,-2.7570927,
4823,3128.747287273407,-1.4604869,
4824,3129.394686937332,-2.628544,
4825,3130.0392892360687,-1.7406496,
4826,3130.6855590343475,-1.4702547,
4827,3131.3331577777863,-1.3248601,
4828,3131.977420091629,-1.988878,
4829,3132.6242558956146,-1.5310334,
4830,3133.267140865326,-2.8566208,
4831,3133.9105043411255,-2.903922,
4832,3134.55504822731,-1.0676297,
4833,3135.2017827033997,-1.8825366,
4834,3135.851826906204,-3.3619814,
4835,3136.499218940735,-1.6531519,
4836,3137.1465220451355,-2.5281687,
4837,3137.7945642471313,-1.7851334,
4838,3138.4447917938232,-2.0565174,
4839,3139.0929160118103,-1.2348175,
4840,3139.741103887558,-1.4467689,
4841,3140.389617204666,-2.0664115,
4842,3141.0409801006317,-1.6597543,
4843,3141.6876006126404,-2.750176,
4844,3142.3354444503784,-2.2749488,
4845,3142.985606431961,-2.086244,
4846,3143.631543159485,-2.488711,
4847,3144.2809793949127,-1.3637731,
4848,3144.9298050403595,-2.5644333,
4849,3145.576648235321,-2.474669,
4850,3146.225103855133,-1.8725848,
4851,3146.870037794113,-2.7514768,
4852,3147.5176544189453,-2.3041146,
4853,3148.1653940677643,-2.6092465,
4854,3148.8130280971527,-2.9365196,
4855,3149.4598903656006,-2.0663795,
4856,3150.1069147586823,-2.0910661,
4857,3150.7534041404724,-3.432481,
4858,3151.3995218276978,-2.753405,
4859,3152.0483655929565,-2.1252513,
4860,3152.692862510681,-1.7550621,
4861,3153.3364584445953,-1.710453,
4862,3153.982135295868,-1.9038172,
4863,3154.6268718242645,-2.372249,
4864,3155.2745037078857,-3.2141933,
4865,3155.922424554825,-1.1612124,
4866,3156.570567846298,-2.3837233,
4867,3157.219752550125,-1.3619783,
4868,3157.8688445091248,-3.4606798,
4869,3158.5174174308777,-2.541973,
4870,3159.165322780609,-2.037591,
4871,3159.813938856125,-2.9756918,
4872,3160.4623131752014,-1.8006517,
4873,3161.110044002533,-2.1383836,
4874,3161.756370306015,-1.7879839,
4875,3162.403470993042,-1.6886418,
4876,3163.052891254425,-2.4694474,
4877,3163.6997826099396,-1.6164076,
4878,3164.3495914936066,-1.9801421,
4879,3164.9975292682648,-3.2539313,
4880,3165.6466484069824,-3.0616283,
4881,3166.29701256752,-2.4657495,
4882,3166.946337223053,-2.899812,
4883,3167.5936176776886,-2.9271295,
4884,3168.2384684085846,-1.0344344,
4885,3168.8821346759796,-1.9068562,
4886,3169.528626203537,-2.203001,
4887,3170.1775889396667,-2.5789328,
4888,3170.824217557907,-2.2474298,
4889,3171.4722764492035,-2.0495067,
4890,3172.1239969730377,-1.4436582,
4891,3172.7692456245422,-2.6828022,
4892,3173.4170684814453,-1.1680462,
4893,3174.06262922287,-1.7306345,
4894,3174.7093756198883,-2.4186254,
4895,3175.3551218509674,-2.4238954,
4896,3176.002789258957,-1.3430035,
4897,3176.650467634201,-1.5747635,
4898,3177.295052051544,-1.6290019,
4899,3177.9418773651123,-3.053195,
4900,3179.066990375519,-2.0286033,
4901,3179.7078335285187,-2.3045154,
4902,3180.3512513637543,-1.3894594,
4903,3180.9959633350372,-3.9623094,
4904,3181.6427159309387,-1.9043865,
4905,3182.2899227142334,-2.4481544,
4906,3182.9355807304382,-2.1489675,
4907,3183.5818943977356,-3.2593794,
4908,3184.2291803359985,-3.8248339,
4909,3184.8788373470306,-2.0329828,
4910,3185.527603149414,-1.3831828,
4911,3186.1763529777527,-1.4792086,
4912,3186.826302051544,-1.6955167,
4913,3187.472887277603,-1.413243,
4914,3188.118857383728,-1.9086857,
4915,3188.7636017799377,-1.3172126,
4916,3189.4044930934906,-1.8032179,
4917,3190.0483598709106,-2.4624352,
4918,3190.687940597534,-2.3840878,
4919,3191.3218450546265,-2.4954262,
4920,3191.956384897232,-2.654598,
4921,3192.5952689647675,-1.9868014,
4922,3193.2334604263306,-1.5246432,
4923,3193.871110200882,-2.7064703,
4924,3194.50919008255,-1.861418,
4925,3195.142032146454,-1.1736691,
4926,3195.776867866516,-3.0348315,
4927,3196.4161462783813,-2.12156,
4928,3197.0572652816772,-1.8515546,
4929,3197.7019517421722,-1.4524784,
4930,3198.3451392650604,-1.2564985,
4931,3198.98752450943,-2.2848213,
4932,3199.63476729393,-1.7814339,
4933,3200.2808396816254,-2.257285,
4934,3200.9244990348816,-1.6273271,
4935,3201.564680337906,-2.0859854,
4936,3202.2103836536407,-1.5181223,
4937,3202.85901761055,-2.49777,
4938,3203.5013933181763,-2.1530344,
4939,3204.144824028015,-1.5795144,
4940,3204.7891862392426,-1.331882,
4941,3205.435264825821,-0.729542,
4942,3206.0817103385925,-2.2253828,
4943,3206.7258660793304,-3.0962555,
4944,3207.369874715805,-2.6791027,
4945,3208.0142471790314,-1.6863832,
4946,3208.661974668503,-2.6498222,
4947,3209.3024051189423,-2.9300263,
4948,3209.9452228546143,-1.7931089,
4949,3210.585617542267,-2.1178608,
4950,3211.2230055332184,-1.5706503,
4951,3211.86577129364,-2.233552,
4952,3212.5113933086395,-1.8958848,
4953,3213.160234451294,-1.6796036,
4954,3213.808265686035,-2.1746547,
4955,3214.4553697109222,-2.113983,
4956,3215.1034326553345,-1.349782,
4957,3215.7511093616486,-1.132869,
4958,3216.3988633155823,-2.5005224,
4959,3217.046605348587,-2.016471,
4960,3217.6969611644745,-0.8479804,
4961,3218.343428373337,-1.5339377,
4962,3218.992436647415,-2.0408473,
4963,3219.63969707489,-2.3546133,
4964,3220.287688970566,-1.6975982,
4965,3220.9342737197876,-1.5356817,
4966,3221.5811874866486,-1.7171242,
4967,3222.2302465438843,-2.1681204,
4968,3222.8744196891785,-3.2673802,
4969,3223.5207934379578,-2.7656646,
4970,3224.16858458519,-2.1126156,
4971,3224.8158106803894,-0.8601934,
4972,3225.46177816391,-1.8036785,
4973,3226.107978582382,-0.790557,
4974,3226.755443572998,-2.6212249,
4975,3227.4007127285004,-2.5171373,
4976,3228.0455691814423,-1.6988368,
4977,3228.6873853206635,-2.111711,
4978,3229.327349424362,-1.9221282,
4979,3229.970730781555,-2.3255265,
4980,3230.6158361434937,-2.734231,
4981,3231.2585587501526,-1.7513365,
4982,3231.903613090515,-2.1258616,
4983,3232.548195362091,-2.3351703,
4984,3233.1924951076508,-2.7984614,
4985,3233.838181734085,-2.398238,
4986,3234.48486828804,-1.8756206,
4987,3235.135231733322,-2.3684473,
4988,3235.783122062683,-1.4206312,
4989,3236.431087255478,-1.2948694,
4990,3237.081787586212,-1.7059579,
4991,3237.728567838669,-1.898602,
4992,3238.3736844062805,-1.6967419,
4993,3239.017101764679,-2.64046,
4994,3239.6629309654236,-0.9911791,
4995,3240.30917596817,-3.053324,
4996,3240.9552211761475,-1.4253886,
4997,3241.6011333465576,-1.7506497,
4998,3242.243849515915,-2.076594,
4999,3242.88964343071,-2.0428128,
5000,3244.015917778015,-1.8731799,
5001,3244.6595504283905,-2.2430727,
5002,3245.3013441562653,-2.11821,
5003,3245.945564508438,-2.8827977,
5004,3246.593304157257,-1.9355168,
5005,3247.237689971924,-2.1183162,
5006,3247.8793590068817,-1.9826102,
5007,3248.523873567581,-1.5809643,
5008,3249.169447660446,-3.1633267,
5009,3249.8177280426025,-1.7406735,
5010,3250.4654710292816,-1.7828015,
5011,3251.1133494377136,-2.8063836,
5012,3251.763685941696,-1.9697042,
5013,3252.4109823703766,-1.5431113,
5014,3253.0602486133575,-2.806347,
5015,3253.708526611328,-2.8198004,
5016,3254.3575387001038,-1.6908244,
5017,3255.006311893463,-1.8578475,
5018,3255.6542630195618,-1.4648877,
5019,3256.3042318820953,-3.1167617,
5020,3256.954077720642,-1.8229171,
5021,3257.601773738861,-1.5187505,
5022,3258.249878168106,-1.8242171,
5023,3258.9007256031036,-2.238696,
5024,3259.548581838608,-1.872387,
5025,3260.195817708969,-2.4910753,
5026,3260.845013141632,-1.1053095,
5027,3261.492660522461,-2.427628,
5028,3262.140363931656,-1.9664038,
5029,3262.7858645915985,-1.1224754,
5030,3263.4338846206665,-2.4899125,
5031,3264.079743862152,-1.644147,
5032,3264.727845430374,-2.9337335,
5033,3265.375785112381,-1.530963,
5034,3266.02361369133,-1.9895155,
5035,3266.6685338020325,-1.3021066,
5036,3267.3140807151794,-1.2341678,
5037,3267.9608693122864,-2.6242008,
5038,3268.605484724045,-1.7508931,
5039,3269.2535965442657,-2.7275896,
5040,3269.8988795280457,-1.993185,
5041,3270.54105591774,-1.8605958,
5042,3271.1843485832214,-2.9418771,
5043,3271.8315165042877,-2.1809788,
5044,3272.474572658539,-2.81241,
5045,3273.116065979004,-1.4431117,
5046,3273.762565135956,-4.1874905,
5047,3274.4097368717194,-2.3834736,
5048,3275.0561282634735,-2.1044538,
5049,3275.7057826519012,-1.7968655,
5050,3276.3551347255707,-2.591609,
5051,3277.0027441978455,-1.4731901,
5052,3277.651292324066,-2.3443103,
5053,3278.3006744384766,-1.5362937,
5054,3278.949467897415,-2.1674206,
5055,3279.5927715301514,-1.2519374,
5056,3280.2372200489044,-2.3649237,
5057,3280.8848099708557,-2.0334485,
5058,3281.528505563736,-1.627995,
5059,3282.1701102256775,-1.1728448,
5060,3282.8156259059906,-2.6375566,
5061,3283.470855951309,-2.344593,
5062,3284.128105401993,-1.8689289,
5063,3284.7754876613617,-2.2123613,
5064,3285.4265580177307,-1.9385016,
5065,3286.071844816208,-1.9810083,
5066,3286.717223405838,-2.3531451,
5067,3287.3643226623535,-2.7831836,
5068,3288.009129047394,-2.8725085,
5069,3288.6547181606293,-1.8266292,
5070,3289.2989449501038,-1.5706624,
5071,3289.944540977478,-1.9370908,
5072,3290.5922713279724,-2.7764988,
5073,3291.2411456108093,-3.2297213,
5074,3291.8902707099915,-2.2279212,
5075,3292.5374217033386,-1.7630053,
5076,3293.1852850914,-1.7805452,
5077,3293.833857536316,-1.7576444,
5078,3294.4807691574097,-1.8514068,
5079,3295.1271126270294,-2.8272774,
5080,3295.771739959717,-1.5133522,
5081,3296.417199611664,-2.281241,
5082,3297.0627088546753,-1.9244937,
5083,3297.7065756320953,-2.172854,
5084,3298.3486139774323,-2.4722095,
5085,3298.9937896728516,-1.2787768,
5086,3299.642359495163,-2.864532,
5087,3300.2917687892914,-2.2595773,
5088,3300.937601327896,-3.0315166,
5089,3301.586014509201,-2.3344505,
5090,3302.235605239868,-3.0606098,
5091,3302.883043527603,-2.097527,
5092,3303.529676437378,-2.201955,
5093,3304.177794933319,-1.790008,
5094,3304.822037220001,-3.0509775,
5095,3305.4660980701447,-0.9859499,
5096,3306.109500646591,-2.1364584,
5097,3306.755474805832,-1.9017475,
5098,3307.404786348343,-2.4215279,
5099,3308.0525436401367,-2.521516,
5100,3309.1807799339294,-3.2463043,
5101,3309.8258991241455,-2.7642276,
5102,3310.473489046097,-1.4613268,
5103,3311.121492624283,-1.6773329,
5104,3311.768171310425,-2.621801,
5105,3312.416871547699,-2.2074535,
5106,3313.0650429725647,-2.5007854,
5107,3313.7123975753784,-1.3521409,
5108,3314.3616313934326,-2.4793053,
5109,3315.0114500522614,-3.052093,
5110,3315.6594557762146,-1.0452019,
5111,3316.3053674697876,-2.0299175,
5112,3316.954456806183,-2.4357786,
5113,3317.5996232032776,-2.8443713,
5114,3318.2427163124084,-3.6364012,
5115,3318.886562347412,-1.7934616,
5116,3319.5312831401825,-2.1495957,
5117,3320.178786277771,-1.5218256,
5118,3320.826043844223,-2.2460217,
5119,3321.475517988205,-1.8223403,
5120,3322.121964931488,-1.7081752,
5121,3322.768573284149,-2.7681608,
5122,3323.416775226593,-1.2463744,
5123,3324.0644795894623,-3.2069316,
5124,3324.7133486270905,-2.4855828,
5125,3325.361243247986,-3.1572251,
5126,3326.0105051994324,-1.09345,
5127,3326.6562869548798,-1.997519,
5128,3327.3023402690887,-2.1566842,
5129,3327.9498538970947,-2.0134506,
5130,3328.5980088710785,-3.468577,
5131,3329.2459349632263,-2.7916913,
5132,3329.8931183815002,-1.5649734,
5133,3330.5410873889923,-1.9279357,
5134,3331.188282251358,-1.8015997,
5135,3331.835331439972,-1.0202632,
5136,3332.4842269420624,-1.9119701,
5137,3333.1322734355927,-2.0953956,
5138,3333.7777469158173,-2.7430534,
5139,3334.4231481552124,-2.339057,
5140,3335.066985607147,-1.692843,
5141,3335.707484960556,-1.2519672,
5142,3336.345845222473,-1.9162476,
5143,3336.981274843216,-2.586954,
5144,3337.616931438446,-1.148701,
5145,3338.25381565094,-2.519891,
5146,3338.8962054252625,-3.4064906,
5147,3339.5346896648407,-1.9445039,
5148,3340.167858839035,-2.725909,
5149,3340.8030762672424,-2.3172672,
5150,3341.442214012146,-2.7420945,
5151,3342.083466529846,-1.9236661,
5152,3342.7261044979095,-1.7538525,
5153,3343.3644456863403,-1.6036605,
5154,3344.0075690746307,-2.2219872,
5155,3344.656484603882,-2.6970131,
5156,3345.299292564392,-1.5340449,
5157,3345.9420297145844,-0.6113138,
5158,3346.58904838562,-1.0971284,
5159,3347.234207868576,-2.3551636,
5160,3347.8755202293396,-2.0660768,
5161,3348.516619682312,-1.7762651,
5162,3349.1628069877625,-2.5844343,
5163,3349.8069593906403,-3.133451,
5164,3350.449451446533,-2.8291838,
5165,3351.0928337574005,-1.6170951,
5166,3351.738597393036,-3.7194982,
5167,3352.3837389945984,-2.9932694,
5168,3353.028786420822,-1.8968062,
5169,3353.6686646938324,-2.0632691,
5170,3354.3130815029144,-2.2383075,
5171,3354.9520919322968,-2.6909661,
5172,3355.5885305404663,-0.751125,
5173,3356.224972963333,-1.3252542,
5174,3356.8642625808716,-2.6638534,
5175,3357.511177301407,-2.930823,
5176,3358.1589641571045,-2.4359446,
5177,3358.806313276291,-1.5934341,
5178,3359.455263853073,-1.7354927,
5179,3360.1015722751617,-1.784448,
5180,3360.7473862171173,-2.8281598,
5181,3361.3954343795776,-2.5668983,
5182,3362.042303800583,-1.65255,
5183,3362.69074010849,-1.8626518,
5184,3363.3383297920227,-2.7220225,
5185,3363.984793663025,-2.157701,
5186,3364.635259628296,-2.1960566,
5187,3365.286271095276,-3.0204573,
5188,3365.936220884323,-2.1201634,
5189,3366.5904638767242,-1.5247499,
5190,3367.2425575256348,-2.74893,
5191,3367.8933424949646,-1.9366777,
5192,3368.53719830513,-2.4567437,
5193,3369.1802730560303,-2.033963,
5194,3369.824651479721,-2.6392632,
5195,3370.469309568405,-2.4628198,
5196,3371.115566253662,-1.3327086,
5197,3371.7622928619385,-2.0374236,
5198,3372.4099822044373,-1.9504741,
5199,3373.0563535690308,-2.0297937,
5200,3374.182310819626,-2.5947728,
5201,3374.8232345581055,-0.9641902,
5202,3375.4657576084137,-2.7276568,
5203,3376.107022047043,-1.7045418,
5204,3376.7505056858063,-2.9900746,
5205,3377.393476486206,-3.8507771,
5206,3378.041353702545,-3.0453417,
5207,3378.686753988266,-1.8554025,
5208,3379.3271968364716,-1.9349653,
5209,3379.969241142273,-1.8760002,
5210,3380.6152880191803,-1.7880688,
5211,3381.259608030319,-1.9108226,
5212,3381.9078211784363,-2.660384,
5213,3382.5507504940033,-2.2074401,
5214,3383.195630788803,-2.2828774,
5215,3383.8425340652466,-2.2368596,
5216,3384.48947930336,-1.9265244,
5217,3385.137966632843,-1.7684356,
5218,3385.78075671196,-1.6152992,
5219,3386.5088295936584,-3.326855,
5220,3387.1531834602356,-2.0226028,
5221,3387.800318479538,-4.5963917,
5222,3388.4438009262085,-2.7794478,
5223,3389.085039138794,-1.0926948,
5224,3389.729751586914,-2.3242726,
5225,3390.37660241127,-2.8395252,
5226,3391.0230712890625,-1.5871181,
5227,3391.66960477829,-1.3288915,
5228,3392.3124799728394,-1.5956074,
5229,3392.9586832523346,-1.6860273,
5230,3393.6088993549347,-1.5622547,
5231,3394.256120443344,-2.0078487,
5232,3394.903848171234,-2.3265183,
5233,3395.551143884659,-1.6585621,
5234,3396.1990530490875,-1.6840448,
5235,3396.8439350128174,-2.4013114,
5236,3397.4922857284546,-1.4735196,
5237,3398.1380655765533,-1.7340126,
5238,3398.7835903167725,-2.4813914,
5239,3399.426781654358,-2.322719,
5240,3400.071064710617,-1.4180579,
5241,3400.7145657539368,-3.528475,
5242,3401.362436771393,-1.124133,
5243,3402.0064313411713,-1.8954968,
5244,3402.647552251816,-2.5119872,
5245,3403.292489528656,-1.5224701,
5246,3403.9383618831635,-2.2590322,
5247,3404.585268974304,-2.739201,
5248,3405.2346754074097,-1.7654524,
5249,3405.880895137787,-1.104553,
5250,3406.5310819149017,-1.6606159,
5251,3407.1797964572906,-0.95180523,
5252,3407.826911687851,-1.9809623,
5253,3408.476210832596,-2.6759663,
5254,3409.12095451355,-1.7289951,
5255,3409.7663671970367,-1.8134081,
5256,3410.4113509655,-2.6413856,
5257,3411.0526292324066,-3.8027868,
5258,3411.6970586776733,-2.1631088,
5259,3412.343320608139,-2.063794,
5260,3412.9913494586945,-2.4859462,
5261,3413.634325027466,-2.045947,
5262,3414.2794091701508,-2.36248,
5263,3414.9257900714874,-2.1053882,
5264,3415.5727763175964,-2.3785267,
5265,3416.220011472702,-1.734471,
5266,3416.86883020401,-2.2974346,
5267,3417.5189933776855,-3.140852,
5268,3418.1655638217926,-2.407393,
5269,3418.814600944519,-4.3062477,
5270,3419.4607372283936,-2.210182,
5271,3420.1069569587708,-2.632352,
5272,3420.751692533493,-1.8795576,
5273,3421.3966331481934,-2.162221,
5274,3422.0426154136658,-1.8450991,
5275,3422.685860157013,-2.2074459,
5276,3423.3292627334595,-2.7347398,
5277,3423.9727442264557,-2.0803838,
5278,3424.6199691295624,-2.3231301,
5279,3425.268267393112,-3.0255067,
5280,3425.9156312942505,-1.5874834,
5281,3426.5646476745605,-2.718326,
5282,3427.210636138916,-1.8553516,
5283,3427.8577802181244,-1.6287576,
5284,3428.50475358963,-2.1679652,
5285,3429.150535583496,-1.797935,
5286,3429.7956025600433,-1.2527845,
5287,3430.444388151169,-1.9655929,
5288,3431.0921840667725,-1.8698184,
5289,3431.740257024765,-1.3697033,
5290,3432.3908212184906,-1.7602239,
5291,3433.0389246940613,-1.8148949,
5292,3433.6848640441895,-2.1044643,
5293,3434.3327288627625,-2.030942,
5294,3434.9786524772644,-2.1458511,
5295,3435.623907327652,-2.409069,
5296,3436.2680978775024,-3.3766265,
5297,3436.911384820938,-1.7555474,
5298,3437.555391550064,-1.4365646,
5299,3438.200539588928,-2.0899177,
5300,3439.331334590912,-3.0886765,
5301,3439.978765487671,-1.9584652,
5302,3440.6269257068634,-3.3929858,
5303,3441.276965856552,-1.08339,
5304,3441.9238448143005,-1.624304,
5305,3442.571112394333,-1.8715503,
5306,3443.2192521095276,-1.5181328,
5307,3443.8641107082367,-2.8138437,
5308,3444.5064084529877,-1.6136965,
5309,3445.154066324234,-2.429042,
5310,3445.801183462143,-2.35625,
5311,3446.444990158081,-2.8260684,
5312,3447.0927238464355,-1.397872,
5313,3447.7388203144073,-2.5727177,
5314,3448.385190963745,-2.3960004,
5315,3449.0340659618378,-2.2105746,
5316,3449.680824279785,-1.4444363,
5317,3450.3284080028534,-2.2318702,
5318,3450.976253271103,-2.1274111,
5319,3451.6233282089233,-1.6691715,
5320,3452.2713220119476,-2.136138,
5321,3452.917162179947,-2.9008656,
5322,3453.565486431122,-2.384504,
5323,3454.2135293483734,-1.898664,
5324,3454.860066175461,-3.4850824,
5325,3455.5076546669006,-2.2026467,
5326,3456.155593395233,-2.0303502,
5327,3456.8011095523834,-2.3192215,
5328,3457.4493520259857,-2.6163743,
5329,3458.0939524173737,-2.5986133,
5330,3458.7381970882416,-2.2296133,
5331,3459.3826398849487,-2.508161,
5332,3460.0283432006836,-1.953371,
5333,3460.678122520447,-2.8077822,
5334,3461.326600551605,-2.8605287,
5335,3461.975280046463,-2.117406,
5336,3462.6191334724426,-1.1980362,
5337,3463.266232728958,-2.294818,
5338,3463.9112479686737,-2.8711667,
5339,3464.5551528930664,-2.2817838,
5340,3465.2000358104706,-2.4858806,
5341,3465.844745159149,-2.7253504,
5342,3466.490382909775,-1.4465612,
5343,3467.137613296509,-1.490869,
5344,3467.7837488651276,-2.0853395,
5345,3468.428671360016,-1.4289756,
5346,3469.0696256160736,-2.8667312,
5347,3469.7140510082245,-2.928989,
5348,3470.3612649440765,-2.7879045,
5349,3471.009218931198,-1.2402569,
5350,3471.658396959305,-2.4358573,
5351,3472.30522274971,-2.2434378,
5352,3472.953803062439,-2.1433759,
5353,3473.6040341854095,-2.0902252,
5354,3474.2502765655518,-2.8314924,
5355,3474.8979284763336,-1.7090509,
5356,3475.54607963562,-3.6665292,
5357,3476.1928470134735,-1.5970948,
5358,3476.840179204941,-1.7010202,
5359,3477.487646818161,-2.5131354,
5360,3478.136574983597,-2.2245598,
5361,3478.782998561859,-2.3722277,
5362,3479.429827928543,-2.231319,
5363,3480.077726125717,-2.0385375,
5364,3480.724997282028,-2.0949407,
5365,3481.3720757961273,-1.4017797,
5366,3482.0191073417664,-2.3307037,
5367,3482.6696598529816,-2.0318708,
5368,3483.317791223526,-2.5052,
5369,3483.96528172493,-2.0088887,
5370,3484.616795539856,-2.4992824,
5371,3485.261255264282,-1.7205515,
5372,3485.90992808342,-2.665244,
5373,3486.558974504471,-2.362784,
5374,3487.2044463157654,-2.2409112,
5375,3487.8477494716644,-1.671473,
5376,3488.4929995536804,-2.7244637,
5377,3489.1335365772247,-1.4154168,
5378,3489.7704372406006,-2.729766,
5379,3490.4129242897034,-2.077297,
5380,3491.053401708603,-2.940484,
5381,3491.6865768432617,-2.6406126,
5382,3492.324342250824,-1.8321224,
5383,3492.965423345566,-1.8510151,
5384,3493.6026360988617,-2.6595054,
5385,3494.2397706508636,-1.1287807,
5386,3494.878249645233,-2.4725614,
5387,3495.521339416504,-0.9774283,
5388,3496.1625113487244,-2.5551834,
5389,3496.805221557617,-2.1029649,
5390,3497.447846889496,-2.1282117,
5391,3498.0959134101868,-3.116004,
5392,3498.7419130802155,-2.121605,
5393,3499.382029771805,-1.7067575,
5394,3500.0260231494904,-2.1465492,
5395,3500.673308610916,-2.0289018,
5396,3501.318246126175,-1.587897,
5397,3501.961819410324,-1.276041,
5398,3502.6049840450287,-2.8117237,
5399,3503.2438859939575,-1.6444377,
5400,3504.369344472885,-1.8397008,
5401,3505.013314962387,-1.2771428,
5402,3505.6576504707336,-1.7382011,
5403,3506.302381515503,-2.6195498,
5404,3506.945769071579,-2.2641597,
5405,3507.5883798599243,-1.3707646,
5406,3508.2285277843475,-2.075624,
5407,3508.863607645035,-1.8986568,
5408,3509.5057492256165,-2.1058292,
5409,3510.144276380539,-3.4261136,
5410,3510.7819788455963,-1.9753892,
5411,3511.4229652881622,-3.729882,
5412,3512.0724143981934,-1.525552,
5413,3512.719460964203,-2.6224504,
5414,3513.367588043213,-1.9940122,
5415,3514.0140266418457,-1.6293694,
5416,3514.662175178528,-1.321134,
5417,3515.309862136841,-2.6952572,
5418,3515.9586050510406,-1.83744,
5419,3516.6091039180756,-1.5637823,
5420,3517.2566480636597,-1.7262033,
5421,3517.9046511650085,-1.4385467,
5422,3518.5534193515778,-0.8237203,
5423,3519.200876235962,-1.8243952,
5424,3519.848956823349,-2.042382,
5425,3520.497858762741,-1.7700353,
5426,3521.145774126053,-2.738882,
5427,3521.793705701828,-2.3884451,
5428,3522.443395614624,-1.1899395,
5429,3523.0876684188843,-1.7063162,
5430,3523.7345745563507,-2.6833882,
5431,3524.377692461014,-1.6238284,
5432,3525.023332595825,-0.98801035,
5433,3525.6691794395447,-2.3668773,
5434,3526.3165538311005,-2.3967812,
5435,3526.9616725444794,-1.8149917,
5436,3527.602568626404,-1.6034684,
5437,3528.24941945076,-2.4588184,
5438,3528.8970403671265,-2.310781,
5439,3529.540009021759,-2.724059,
5440,3530.182296037674,-1.7853867,
5441,3530.8223786354065,-1.9086071,
5442,3531.4717111587524,-2.7124019,
5443,3532.1232998371124,-2.6826828,
5444,3532.773178100586,-1.4798466,
5445,3533.4235286712646,-2.0694366,
5446,3534.0719311237335,-2.0340014,
5447,3534.7205703258514,-3.488049,
5448,3535.3696253299713,-1.3708694,
5449,3536.0203506946564,-2.186872,
5450,3536.6702120304108,-2.7857256,
5451,3537.320672750473,-2.27741,
5452,3537.9724917411804,-1.1288294,
5453,3538.621676683426,-1.8199332,
5454,3539.275225877762,-2.1900043,
5455,3539.92417883873,-1.6111898,
5456,3540.5734724998474,-1.623354,
5457,3541.2244668006897,-1.7814618,
5458,3541.876120328903,-2.4873295,
5459,3542.5281887054443,-1.6595763,
5460,3543.177846431732,-2.2893386,
5461,3543.828301668167,-2.3945684,
5462,3544.479642391205,-2.1737332,
5463,3545.1314330101013,-2.156029,
5464,3545.782534599304,-2.5217266,
5465,3546.4354498386383,-1.2836306,
5466,3547.088900566101,-2.4757555,
5467,3547.742442369461,-2.7093458,
5468,3548.3960523605347,-1.6130917,
5469,3549.048453807831,-1.8137523,
5470,3549.7002770900726,-1.9103042,
5471,3550.352771997452,-2.2353244,
5472,3551.0040245056152,-1.5504448,
5473,3551.655740261078,-2.4288096,
5474,3552.3066368103027,-1.8684194,
5475,3552.958199262619,-3.1666582,
5476,3553.608941555023,-2.9226954,
5477,3554.2608029842377,-2.9356425,
5478,3554.9123923778534,-2.2135682,
5479,3555.5639123916626,-2.1579492,
5480,3556.215760231018,-2.391034,
5481,3556.867803812027,-1.6996564,
5482,3557.519918680191,-1.7340239,
5483,3558.1717116832733,-1.8987949,
5484,3558.825008869171,-1.7659463,
5485,3559.4769229888916,-2.0103025,
5486,3560.1274948120117,-3.0724792,
5487,3560.778802394867,-2.3025851,
5488,3561.430807828903,-1.6567398,
5489,3562.0831577777863,-2.5814142,
5490,3562.7348318099976,-2.274218,
5491,3563.388035297394,-2.6187677,
5492,3564.0399713516235,-2.9388556,
5493,3564.6926691532135,-1.6064844,
5494,3565.3444151878357,-2.1664922,
5495,3565.9947102069855,-2.9270842,
5496,3566.6480979919434,-2.1984625,
5497,3567.3000543117523,-2.2803364,
5498,3567.9522004127502,-3.201571,
5499,3568.6029753684998,-3.189039,
5500,3569.7402210235596,-2.5068398,
5501,3570.387007713318,-1.7043469,
5502,3571.0368106365204,-1.3334256,
5503,3571.687518596649,-1.7987883,
5504,3572.338455438614,-1.5382824,
5505,3572.9889013767242,-3.5111067,
5506,3573.6397161483765,-2.540978,
5507,3574.2901709079742,-2.2690296,
5508,3574.9403715133667,-1.2426305,
5509,3575.591665506363,-3.4447856,
5510,3576.2426476478577,-3.046207,
5511,3576.8929674625397,-2.0929284,
5512,3577.5424954891205,-4.9357996,
5513,3578.1932928562164,-2.4362552,
5514,3578.8440549373627,-1.9218665,
5515,3579.4946279525757,-2.73375,
5516,3580.1468045711517,-2.217925,
5517,3580.7984759807587,-1.7934958,
5518,3581.446544408798,-2.0099878,
5519,3582.0944657325745,-1.9366348,
5520,3582.7423367500305,-2.0585513,
5521,3583.392168045044,-2.0011644,
5522,3584.039994239807,-2.107051,
5523,3584.6866681575775,-1.7769077,
5524,3585.335696220398,-1.5389227,
5525,3585.983544588089,-1.155639,
5526,3586.625295162201,-1.5918033,
5527,3587.2654724121094,-1.7994707,
5528,3587.913833141327,-3.0473201,
5529,3588.560048341751,-2.4587064,
5530,3589.2077057361603,-1.9046915,
5531,3589.8569798469543,-1.993021,
5532,3590.5042803287506,-1.9338695,
5533,3591.1533489227295,-2.2731485,
5534,3591.803921699524,-1.8146887,
5535,3592.452278137207,-2.6532156,
5536,3593.100299835205,-1.1449914,
5537,3593.747134923935,-2.6005595,
5538,3594.396744966507,-2.6652117,
5539,3595.0454485416412,-1.0631993,
5540,3595.6949410438538,-1.9298327,
5541,3596.3434734344482,-1.5751038,
5542,3596.9920814037323,-2.5304742,
5543,3597.638819694519,-1.6670555,
5544,3598.2877399921417,-1.8775499,
5545,3598.9357385635376,-3.1826308,
5546,3599.583643913269,-2.196444,
5547,3600.2311124801636,-1.2542906,
5548,3600.879574775696,-2.1896977,
5549,3601.526697874069,-1.0348036,
5550,3602.174293279648,-2.4609432,
5551,3602.8262078762054,-2.2691464,
5552,3603.4740080833435,-1.4999863,
5553,3604.118938922882,-1.8521061,
5554,3604.765083551407,-1.686884,
5555,3605.407007217407,-1.6579745,
5556,3606.0501852035522,-2.7245007,
5557,3606.697278738022,-1.9802105,
5558,3607.342823266983,-0.8053321,
5559,3607.991153717041,-1.0279273,
5560,3608.6401722431183,-1.996175,
5561,3609.2861568927765,-1.3004365,
5562,3609.93191242218,-2.4791038,
5563,3610.583415746689,-2.4061499,
5564,3611.229722738266,-2.199533,
5565,3611.8756275177,-1.090894,
5566,3612.5236914157867,-1.5827737,
5567,3613.1672563552856,-1.9927981,
5568,3613.8128073215485,-1.5837824,
5569,3614.459911584854,-1.3366959,
5570,3615.10582113266,-1.7087104,
5571,3615.75373005867,-1.286962,
5572,3616.4026017189026,-1.5176103,
5573,3617.0516114234924,-1.8842425,
5574,3617.700189590454,-1.7451204,
5575,3618.347664117813,-1.7156894,
5576,3618.995824098587,-1.7905383,
5577,3619.64283823967,-0.9901344,
5578,3620.2917869091034,-2.8344514,
5579,3620.940483570099,-2.2576663,
5580,3621.589434146881,-2.899797,
5581,3622.2377178668976,-1.5954477,
5582,3622.887731552124,-1.9046526,
5583,3623.5365097522736,-2.2409346,
5584,3624.1843848228455,-1.6420741,
5585,3624.8335423469543,-1.8843548,
5586,3625.483180999756,-1.2190697,
5587,3626.1305952072144,-2.5938342,
5588,3626.779823064804,-2.6329799,
5589,3627.4285809993744,-2.5054536,
5590,3628.074031829834,-1.647419,
5591,3628.7220435142517,-1.1632074,
5592,3629.3691895008087,-1.7088623,
5593,3630.012955904007,-1.4933051,
5594,3630.6524233818054,-1.4595528,
5595,3631.2934472560883,-3.427175,
5596,3631.9300150871277,-2.382481,
5597,3632.5702238082886,-2.3189707,
5598,3633.2131686210632,-1.4020606,
5599,3633.8524839878082,-3.5972362,
5600,3634.9731686115265,-1.6874077,
5601,3635.613461971283,-3.4598243,
5602,3636.253082752228,-2.7246618,
5603,3636.8957376480103,-2.122949,
5604,3637.5332016944885,-1.966336,
5605,3638.1704201698303,-1.2980003,
5606,3638.8126454353333,-2.030703,
5607,3639.450630426407,-1.3205602,
5608,3640.0909130573273,-1.8282989,
5609,3640.735473394394,-3.050581,
5610,3641.378608942032,-1.9766312,
5611,3642.021703481674,-1.7422143,
5612,3642.667390346527,-1.8731251,
5613,3643.3155241012573,-2.0806344,
5614,3643.9612793922424,-1.9171112,
5615,3644.603855371475,-3.6566286,
5616,3645.2507467269897,-1.4379876,
5617,3645.897961616516,-2.7133331,
5618,3646.5419244766235,-3.1644835,
5619,3647.1872203350067,-1.3053057,
5620,3647.8315980434418,-1.5192294,
5621,3648.4809215068817,-2.3007808,
5622,3649.126664161682,-2.0477939,
5623,3649.7699065208435,-1.5753825,
5624,3650.4134299755096,-1.3557765,
5625,3651.0620155334473,-1.9695908,
5626,3651.703596353531,-1.512913,
5627,3652.343382358551,-1.8530996,
5628,3652.98885345459,-4.4803796,
5629,3653.627100467682,-2.1458876,
5630,3654.2623522281647,-2.1348143,
5631,3654.905232191086,-2.4502144,
5632,3655.5511603355408,-1.2113594,
5633,3656.199483394623,-2.9175258,
5634,3656.8493480682373,-1.050879,
5635,3657.4938457012177,-2.8393745,
5636,3658.1424980163574,-2.6564808,
5637,3658.7917869091034,-2.501661,
5638,3659.4376680850983,-2.2620046,
5639,3661.0192897319794,-2.2130597,
5640,3661.666990995407,-1.4152262,
5641,3662.317933320999,-2.5423455,
5642,3662.969511985779,-3.508963,
5643,3663.6198382377625,-1.0897756,
5644,3664.271112680435,-1.5911858,
5645,3664.924577474594,-1.2443893,
5646,3665.5738027095795,-2.055712,
5647,3666.2229499816895,-2.2339091,
5648,3666.87158703804,-2.2630267,
5649,3667.5202717781067,-3.3461704,
5650,3668.168629169464,-3.1199784,
5651,3668.8150930404663,-1.4305716,
5652,3669.465974330902,-1.6724863,
5653,3670.115309238434,-2.4586792,
5654,3670.7620532512665,-2.3126073,
5655,3671.408301591873,-2.1246164,
5656,3672.053035736084,-2.0252473,
5657,3672.6976342201233,-2.3796182,
5658,3673.3394787311554,-2.3220751,
5659,3673.982079744339,-1.4404944,
5660,3674.628015756607,-1.1582377,
5661,3675.2745831012726,-2.8149145,
5662,3675.9202919006348,-1.5951045,
5663,3676.570212125778,-1.8643061,
5664,3677.2182285785675,-1.8175161,
5665,3677.866719722748,-2.3563895,
5666,3678.514969587326,-3.1366045,
5667,3679.162055015564,-1.697271,
5668,3679.8067519664764,-1.3370966,
5669,3680.4508855342865,-2.4402604,
5670,3681.0982649326324,-3.0029488,
5671,3681.748701810837,-1.7781019,
5672,3682.397202730179,-1.9699823,
5673,3683.0489842891693,-2.6511202,
5674,3683.698143005371,-2.0049715,
5675,3684.346265554428,-2.4580986,
5676,3684.9910044670105,-1.9700081,
5677,3685.6389877796173,-2.2479718,
5678,3686.2881054878235,-2.5351977,
5679,3686.936126947403,-1.1751777,
5680,3687.5861427783966,-2.9517334,
5681,3688.2360410690308,-1.0891712,
5682,3688.8856194019318,-1.6879406,
5683,3689.53373670578,-2.0638745,
5684,3690.18252658844,-1.3432066,
5685,3690.835475921631,-1.967454,
5686,3691.4858560562134,-2.0022118,
5687,3692.1326773166656,-2.7547626,
5688,3692.7791798114777,-2.0392926,
5689,3693.42804479599,-2.3537967,
5690,3694.0792558193207,-2.1157894,
5691,3694.729140996933,-2.6784143,
5692,3695.379878282547,-2.5773082,
5693,3696.0291950702667,-1.5646694,
5694,3696.6773817539215,-1.7972853,
5695,3697.3240780830383,-1.8965657,
5696,3697.9700000286102,-1.5511951,
5697,3698.6152124404907,-1.5528753,
5698,3699.263566017151,-2.0039036,
5699,3699.9148247241974,-3.3964489,
5700,3701.0717871189117,-1.7925625,
5701,3701.716391801834,-1.9935197,
5702,3702.3662853240967,-2.234109,
5703,3703.012088060379,-3.2103314,
5704,3703.661237478256,-1.8461607,
5705,3704.3083505630493,-2.478036,
5706,3704.957529783249,-2.0497775,
5707,3705.603019952774,-2.3244748,
5708,3706.2496197223663,-2.2286494,
5709,3706.8997654914856,-2.5217013,
5710,3707.546906709671,-3.0080428,
5711,3708.1984071731567,-2.3807917,
5712,3708.84815120697,-2.548479,
5713,3709.4974818229675,-2.350608,
5714,3710.149215698242,-1.8067225,
5715,3710.7992181777954,-3.1039958,
5716,3711.4485449790955,-1.4319377,
5717,3712.095682621002,-1.2936417,
5718,3712.744471311569,-1.7411782,
5719,3713.393616437912,-1.411984,
5720,3714.0425186157227,-2.734909,
5721,3714.6914188861847,-2.2397385,
5722,3715.340341091156,-2.6255045,
5723,3715.9898886680603,-1.3678838,
5724,3716.636950969696,-1.692614,
5725,3717.2844548225403,-1.6448407,
5726,3717.9292125701904,-2.065551,
5727,3718.5747900009155,-1.5986233,
5728,3719.2246668338776,-1.7693607,
5729,3719.8690955638885,-2.716745,
5730,3720.514848470688,-0.48028997,
5731,3721.162415266037,-1.8686478,
5732,3721.8120300769806,-3.3904667,
5733,3722.462112426758,-2.2883158,
5734,3723.109887599945,-3.434145,
5735,3723.759313583374,-1.7094898,
5736,3724.409571647644,-1.5454265,
5737,3725.058953523636,-2.275753,
5738,3725.7089898586273,-2.594598,
5739,3726.361127138138,-2.119371,
5740,3727.0118012428284,-1.9098524,
5741,3727.661055326462,-1.4856012,
5742,3728.3098995685577,-1.7483503,
5743,3728.9580838680267,-2.0739663,
5744,3729.608163833618,-2.3535662,
5745,3730.259011745453,-2.358395,
5746,3730.9069707393646,-1.8979329,
5747,3731.5593819618225,-2.5137668,
5748,3732.2079977989197,-1.8937609,
5749,3732.8591709136963,-2.2793198,
5750,3733.507226228714,-1.4149356,
5751,3734.157796859741,-3.6033974,
5752,3734.805591583252,-1.6360626,
5753,3735.4505321979523,-1.4586896,
5754,3736.099434375763,-1.7825111,
5755,3736.745578765869,-2.3475046,
5756,3737.391346693039,-2.5012803,
5757,3738.0395238399506,-1.6457102,
5758,3738.6896317005157,-2.7296515,
5759,3739.3368377685547,-2.2730305,
5760,3739.9857139587402,-3.3138776,
5761,3740.637182235718,-2.763161,
5762,3741.286940097809,-2.1249404,
5763,3741.9367382526398,-2.8765597,
5764,3742.5877435207367,-2.1164513,
5765,3743.2408192157745,-3.2742884,
5766,3743.890053987503,-1.4592252,
5767,3744.5399708747864,-2.1111753,
5768,3745.189247608185,-1.9099776,
5769,3745.837944507599,-1.8600327,
5770,3746.487815618515,-2.6060946,
5771,3747.1378197669983,-1.5634665,
5772,3747.785544157028,-2.138459,
5773,3748.4291117191315,-2.3199518,
5774,3749.0756602287292,-2.3228357,
5775,3749.7232780456543,-2.1983547,
5776,3750.371160030365,-1.938778,
5777,3751.019984960556,-2.1349058,
5778,3751.6729731559753,-3.12671,
5779,3752.321540594101,-0.85785925,
5780,3752.969830274582,-1.2487223,
5781,3753.6189308166504,-1.5167257,
5782,3754.267634868622,-1.4959899,
5783,3754.914652824402,-1.038049,
5784,3755.561599254608,-2.3851342,
5785,3756.2103214263916,-1.8484204,
5786,3756.8625781536102,-3.0661793,
5787,3757.511789560318,-3.4496713,
5788,3758.1605052948,-2.5025291,
5789,3758.8143849372864,-2.2060895,
5790,3759.4620094299316,-2.6286135,
5791,3760.109985589981,-2.3370335,
5792,3760.7588737010956,-2.112375,
5793,3761.4045634269714,-2.1576622,
5794,3762.051782846451,-1.9554079,
5795,3762.6964609622955,-1.9387932,
5796,3763.344791650772,-1.5918934,
5797,3763.99312376976,-1.6084683,
5798,3764.638924598694,-2.1505833,
5799,3765.28467297554,-1.5903693,
5800,3766.41442155838,-2.994019,
5801,3767.064299583435,-2.2300916,
5802,3767.712205886841,-2.0070982,
5803,3768.3627741336823,-2.7214983,
5804,3769.0128293037415,-1.8342702,
5805,3769.6649799346924,-1.6374915,
5806,3770.315174102783,-2.1109638,
5807,3770.966701745987,-2.1491566,
5808,3771.6169471740723,-3.0782554,
5809,3772.2668750286102,-4.0834503,
5810,3772.919618844986,-1.4669609,
5811,3773.568638563156,-2.5170743,
5812,3774.2195093631744,-1.6198924,
5813,3774.868921995163,-1.4885105,
5814,3775.5187742710114,-2.2851334,
5815,3776.1665830612183,-1.86747,
5816,3776.8192086219788,-2.9663992,
5817,3777.4662611484528,-1.6946963,
5818,3778.1146183013916,-3.073967,
5819,3778.763218164444,-2.883993,
5820,3779.412016391754,-1.9699819,
5821,3780.0604605674744,-2.621131,
5822,3780.7081532478333,-2.0111518,
5823,3781.353065252304,-2.6800542,
5824,3781.9986340999603,-1.8806612,
5825,3782.6457283496857,-1.6587949,
5826,3783.293978214264,-1.6233861,
5827,3783.9366846084595,-1.7179586,
5828,3784.579607963562,-2.0812593,
5829,3785.222981929779,-1.9639256,
5830,3785.8658459186554,-1.5313761,
5831,3786.508481025696,-2.2602043,
5832,3787.1499342918396,-2.2239096,
5833,3787.7892677783966,-2.396263,
5834,3788.4323556423187,-0.88043845,
5835,3789.07341837883,-2.016198,
5836,3789.713541507721,-2.6211152,
5837,3790.3533387184143,-3.4856057,
5838,3790.9945361614227,-2.0064452,
5839,3791.638828754425,-2.3096464,
5840,3792.2825844287872,-1.4117333,
5841,3792.930490255356,-2.2743154,
5842,3793.5775322914124,-2.4700758,
5843,3794.2215037345886,-2.271175,
5844,3794.870134830475,-1.3314683,
5845,3795.515034675598,-2.0345347,
5846,3796.1595516204834,-1.4999839,
5847,3796.8042392730713,-1.3413203,
5848,3797.4545249938965,-2.1187558,
5849,3798.105703830719,-2.860896,
5850,3798.7519385814667,-3.236051,
5851,3799.399602174759,-1.3401327,
5852,3800.0477905273438,-2.465252,
5853,3800.6976420879364,-2.5026526,
5854,3801.3434159755707,-1.6546371,
5855,3801.9908447265625,-3.4823346,
5856,3802.640535593033,-1.9972823,
5857,3803.2859330177307,-1.522361,
5858,3803.9314258098602,-1.7849396,
5859,3804.5758991241455,-1.7464455,
5860,3805.217170238495,-2.1568952,
5861,3805.8579952716827,-2.2390232,
5862,3806.5087311267853,-2.2887774,
5863,3807.16001868248,-2.6822467,
5864,3807.8109731674194,-2.9555361,
5865,3808.4614040851593,-1.6247725,
5866,3809.1122291088104,-2.6910286,
5867,3809.764565229416,-1.252748,
5868,3810.4138493537903,-1.6118155,
5869,3811.065169095993,-2.673114,
5870,3811.7170429229736,-2.27303,
5871,3812.3675949573517,-2.6577234,
5872,3813.0172727108,-1.6161565,
5873,3813.6664006710052,-1.6882029,
5874,3814.3180294036865,-0.9987572,
5875,3814.969569683075,-2.5279264,
5876,3815.619981765747,-1.4011221,
5877,3816.2721557617188,-3.1699185,
5878,3816.9221642017365,-1.0272113,
5879,3817.571361064911,-2.2719681,
5880,3818.2214069366455,-1.617564,
5881,3818.870064020157,-2.5385106,
5882,3819.515954017639,-1.3220646,
5883,3820.1612260341644,-2.2714348,
5884,3820.8069121837616,-2.4249835,
5885,3821.44975399971,-2.9167933,
5886,3822.099757194519,-2.099593,
5887,3822.747581720352,-1.2086499,
5888,3823.3998322486877,-1.7982582,
5889,3824.045846939087,-1.8255131,
5890,3824.6918280124664,-2.8036985,
5891,3825.336564064026,-2.6529431,
5892,3825.97815823555,-2.5528584,
5893,3826.6202733516693,-1.887758,
5894,3827.2662041187286,-2.5203347,
5895,3827.9122648239136,-1.1654191,
5896,3828.560854434967,-2.0314755,
5897,3829.2111814022064,-2.283935,
5898,3829.862454175949,-3.6713762,
5899,3830.5132172107697,-3.0244122,
5900,3831.644276380539,-3.2496393,
5901,3832.294152021408,-2.9402227,
5902,3832.94394159317,-1.47504,
5903,3833.5928077697754,-1.6498343,
5904,3834.240122795105,-2.1915808,
5905,3834.8905375003815,-2.331102,
5906,3835.542428255081,-2.2284884,
5907,3836.1912529468536,-2.2831016,
5908,3836.8401749134064,-1.5419571,
5909,3837.4909749031067,-2.4262693,
5910,3838.1434783935547,-2.3815277,
5911,3838.7922279834747,-1.7926779,
5912,3839.4405493736267,-1.4850984,
5913,3840.087966442108,-1.2552907,
5914,3840.735053062439,-3.0205069,
5915,3841.384313106537,-1.6090012,
5916,3842.0352051258087,-3.1799707,
5917,3842.684471845627,-1.8908572,
5918,3843.3326694965363,-1.5925496,
5919,3843.981029987335,-2.9838352,
5920,3844.632209300995,-2.296867,
5921,3845.279936313629,-1.881655,
5922,3845.9301624298096,-2.4945183,
5923,3846.5798377990723,-1.0871439,
5924,3847.2333471775055,-3.176525,
5925,3847.881206035614,-1.7007561,
5926,3848.5305354595184,-1.582644,
5927,3849.1785759925842,-1.6605835,
5928,3849.823045015335,-2.1542728,
5929,3850.4707202911377,-1.7986563,
5930,3851.1203932762146,-2.257647,
5931,3851.7712910175323,-2.7827396,
5932,3852.422017812729,-1.1342773,
5933,3853.072775363922,-1.5198493,
5934,3853.726312637329,-1.5607233,
5935,3854.3767120838165,-2.4512722,
5936,3855.0265021324158,-2.426795,
5937,3855.6748547554016,-2.2477539,
5938,3856.32412648201,-2.4485354,
5939,3856.9737873077393,-1.7212791,
5940,3857.622077226639,-1.3429272,
5941,3858.275473356247,-3.0323715,
5942,3858.9239864349365,-2.0379925,
5943,3859.573839902878,-2.0088768,
5944,3860.2232806682587,-1.0578614,
5945,3860.8724970817566,-1.6435816,
5946,3861.520190477371,-2.1674602,
5947,3862.1658234596252,-1.490238,
5948,3862.8119361400604,-2.9085422,
5949,3863.460215330124,-3.363313,
5950,3864.109062433243,-1.3866584,
5951,3864.7553601264954,-1.8201548,
5952,3865.403980255127,-1.5503925,
5953,3866.0492594242096,-1.4842753,
5954,3866.697479724884,-2.393063,
5955,3867.343999862671,-2.1213033,
5956,3867.988739013672,-2.2682,
5957,3868.6362879276276,-2.4114413,
5958,3869.2874524593353,-1.526171,
5959,3869.937914133072,-2.6503043,
5960,3870.7015011310577,-2.3481379,
5961,3871.3483448028564,-2.184024,
5962,3871.997758626938,-1.9620683,
5963,3872.64675450325,-2.9021358,
5964,3873.2955543994904,-2.6812296,
5965,3873.942796945572,-1.490807,
5966,3874.5862295627594,-1.5583801,
5967,3875.233586549759,-2.2463763,
5968,3875.879694223404,-2.8622937,
5969,3876.5303087234497,-2.926446,
5970,3877.180292367935,-1.836123,
5971,3877.830442905426,-1.7806919,
5972,3878.4808082580566,-2.974039,
5973,3879.1287701129913,-2.2786996,
5974,3879.7803378105164,-2.2845597,
5975,3880.4268548488617,-1.8363392,
5976,3881.074326992035,-1.6498033,
5977,3881.7205379009247,-2.9702168,
5978,3882.3691742420197,-2.9016266,
5979,3883.018622159958,-1.6732024,
5980,3883.6686313152313,-1.657258,
5981,3884.3226397037506,-2.7140737,
5982,3884.9722969532013,-1.5555509,
5983,3885.623124361038,-2.0360117,
5984,3886.2743215560913,-1.179889,
5985,3886.9250452518463,-2.1294394,
5986,3887.5752906799316,-1.501555,
5987,3888.2235367298126,-2.0400782,
5988,3888.8732764720917,-2.1809397,
5989,3889.5213899612427,-1.4567165,
5990,3890.173332929611,-2.7391412,
5991,3890.824056625366,-1.4549427,
5992,3891.4746799468994,-2.87645,
5993,3892.1253299713135,-2.009983,
5994,3892.7723417282104,-2.3525279,
5995,3893.4234409332275,-2.3904393,
5996,3894.0731687545776,-2.6899104,
5997,3894.722153902054,-2.181976,
5998,3895.372281551361,-2.2076697,
5999,3896.022448539734,-2.1822944,
6000,3897.162138938904,-3.0351095,
6001,3897.811493396759,-1.6177217,
6002,3898.461797475815,-1.3567302,
6003,3899.109294652939,-2.6091206,
6004,3899.7567930221558,-1.7654171,
6005,3900.40300989151,-2.390956,
6006,3901.05225110054,-1.9316666,
6007,3901.701810359955,-2.632636,
6008,3902.3526763916016,-1.7692945,
6009,3903.003347158432,-2.3640144,
6010,3903.6497554779053,-1.1793796,
6011,3904.3026790618896,-1.4196916,
6012,3904.953255176544,-2.1965985,
6013,3905.603901386261,-2.4298215,
6014,3906.254281759262,-2.0131392,
6015,3906.9034085273743,-1.8739278,
6016,3907.5507118701935,-3.161005,
6017,3908.201558113098,-3.3205116,
6018,3908.8508903980255,-1.4528698,
6019,3909.50110578537,-1.3801003,
6020,3910.1518602371216,-2.4516146,
6021,3910.7988102436066,-2.7204518,
6022,3911.450162410736,-2.1234846,
6023,3912.094918489456,-1.1836157,
6024,3912.7382016181946,-1.4276142,
6025,3913.3892097473145,-2.81703,
6026,3914.037115573883,-2.0046833,
6027,3914.687136888504,-2.441888,
6028,3915.3361558914185,-2.2447908,
6029,3915.9882135391235,-2.6405585,
6030,3916.637505054474,-2.0422974,
6031,3917.2879960536957,-2.157106,
6032,3917.939225912094,-2.3897038,
6033,3918.5883617401123,-4.0370116,
6034,3919.2398006916046,-2.1225843,
6035,3919.890431880951,-3.4815226,
6036,3920.540552139282,-2.542113,
6037,3921.190391778946,-1.0629907,
6038,3921.841525554657,-1.390239,
6039,3922.494290113449,-1.815984,
6040,3923.1435508728027,-1.7964346,
6041,3923.7938039302826,-1.7300079,
6042,3924.443938732147,-1.8108681,
6043,3925.0902149677277,-2.3204403,
6044,3925.7398006916046,-1.8809333,
6045,3926.38959980011,-2.4765177,
6046,3927.038501262665,-1.598367,
6047,3927.684590816498,-1.585765,
6048,3928.3301203250885,-2.7245493,
6049,3928.974497795105,-2.6759458,
6050,3929.617767095566,-2.1257024,
6051,3930.259075164795,-1.5755413,
6052,3930.9030196666718,-2.0096602,
6053,3931.5420722961426,-1.6063002,
6054,3932.1831707954407,-2.7636135,
6055,3932.827867269516,-2.3053393,
6056,3933.4634001255035,-2.123056,
6057,3934.1008563041687,-2.2771034,
6058,3934.7437081336975,-2.599588,
6059,3935.38515996933,-2.448594,
6060,3936.0245537757874,-3.156993,
6061,3936.664864063263,-2.7063146,
6062,3937.3088250160217,-2.599121,
6063,3937.9558436870575,-1.9356966,
6064,3938.6017739772797,-1.4915257,
6065,3939.248603582382,-2.025166,
6066,3939.8979947566986,-1.5446086,
6067,3940.543241739273,-1.4857543,
6068,3941.191679954529,-2.7096214,
6069,3941.839028596878,-1.8137473,
6070,3942.4887533187866,-2.7338076,
6071,3943.1364436149597,-2.2170744,
6072,3943.7819051742554,-1.2019298,
6073,3944.431305885315,-2.5406616,
6074,3945.0808143615723,-1.4588251,
6075,3945.728087902069,-2.4537268,
6076,3946.3733875751495,-2.1097403,
6077,3947.0235452651978,-1.0896028,
6078,3947.6732037067413,-1.6672342,
6079,3948.3171887397766,-2.098888,
6080,3948.9604921340942,-2.391274,
6081,3949.6037197113037,-2.9195614,
6082,3950.241810321808,-2.4478374,
6083,3950.887449979782,-1.3179712,
6084,3951.53830242157,-2.1819499,
6085,3952.1896171569824,-2.2775128,
6086,3952.8380823135376,-2.5527909,
6087,3953.4889221191406,-2.2455914,
6088,3954.141278743744,-2.604313,
6089,3954.79204082489,-0.96360517,
6090,3955.4444019794464,-2.7706764,
6091,3956.093965291977,-2.589073,
6092,3956.74476146698,-2.6433856,
6093,3957.3943994045258,-1.3213396,
6094,3958.0455572605133,-1.7906549,
6095,3958.694115638733,-1.9270229,
6096,3959.343855857849,-2.076983,
6097,3959.994946241379,-3.0427485,
6098,3960.6447052955627,-2.5708022,
6099,3961.2956142425537,-3.3554025,
6100,3962.4321789741516,-3.2585776,
6101,3963.0814990997314,-1.7743163,
6102,3963.7268722057343,-1.8679333,
6103,3964.3742616176605,-3.814166,
6104,3965.023996114731,-2.584046,
6105,3965.6720900535583,-1.655911,
6106,3966.31507229805,-2.0491695,
6107,3966.9596841335297,-1.5161026,
6108,3967.6074755191803,-2.4428623,
6109,3968.2551369667053,-2.0085661,
6110,3968.903618812561,-2.7545347,
6111,3969.550089120865,-1.9381807,
6112,3970.1920750141144,-1.4307945,
6113,3970.8373639583588,-1.8776675,
6114,3971.4819428920746,-2.0161264,
6115,3972.124418258667,-1.6364694,
6116,3972.7700684070587,-3.060933,
6117,3973.4197075366974,-2.310487,
6118,3974.070900917053,-2.6951401,
6119,3974.7197003364563,-2.2452235,
6120,3975.3660748004913,-1.5656016,
6121,3976.0162761211395,-1.646795,
6122,3976.664538860321,-3.0646343,
6123,3977.3136823177338,-3.5345502,
6124,3977.9610319137573,-1.7473407,
6125,3978.6101133823395,-2.9196873,
6126,3979.2608664035797,-2.6331973,
6127,3979.910219192505,-1.9550734,
6128,3980.5625319480896,-2.8782823,
6129,3981.213547706604,-2.382313,
6130,3981.863710641861,-2.1309457,
6131,3982.513107776642,-1.9635155,
6132,3983.1638798713684,-1.5859234,
6133,3983.815126657486,-1.9446826,
6134,3984.467357635498,-2.064869,
6135,3985.116841316223,-1.4243383,
6136,3985.7663407325745,-1.8234015,
6137,3986.415067434311,-2.0725915,
6138,3987.0633783340454,-2.233945,
6139,3987.7149662971497,-2.9545903,
6140,3988.363667011261,-2.3060155,
6141,3989.017096757889,-2.27264,
6142,3989.664766550064,-2.2763977,
6143,3990.3101892471313,-2.064185,
6144,3990.9579355716705,-1.7280669,
6145,3991.608657360077,-2.1748915,
6146,3992.2591292858124,-3.1404595,
6147,3992.908032178879,-2.1777515,
6148,3993.557336807251,-2.6877966,
6149,3994.2069482803345,-1.7319546,
6150,3994.8562750816345,-2.6218276,
6151,3995.502541780472,-2.4764605,
6152,3996.1519663333893,-1.8599826,
6153,3996.8009161949158,-2.1867318,
6154,3997.4482600688934,-2.134349,
6155,3998.0950264930725,-1.7816546,
6156,3998.745620250702,-1.6032771,
6157,3999.3941719532013,-2.370929,
6158,4000.0420134067535,-2.1738505,
6159,4000.689641237259,-1.3182036,
6160,4001.337436437607,-2.1627793,
6161,4001.986486196518,-2.2777076,
6162,4002.637127637863,-1.5404125,
6163,4003.286583662033,-3.1855297,
6164,4003.933016061783,-2.0585787,
6165,4004.581704854965,-2.159936,
6166,4005.233350753784,-2.00057,
6167,4005.8818809986115,-1.1595476,
6168,4006.5316553115845,-1.3090193,
6169,4007.184250831604,-2.4773188,
6170,4007.835782289505,-3.2240994,
6171,4008.4847509860992,-2.254158,
6172,4009.1339230537415,-2.3718836,
6173,4009.789998292923,-3.0008862,
6174,4010.4470341205597,-2.0205984,
6175,4011.0991683006287,-2.4002085,
6176,4011.7500369548798,-1.773636,
6177,4012.3982079029083,-2.321217,
6178,4013.046502351761,-1.7483904,
6179,4013.692660331726,-2.2116208,
6180,4014.3380901813507,-2.845183,
6181,4014.9884538650513,-2.6272676,
6182,4015.635789871216,-2.0714614,
6183,4016.2838237285614,-1.1588082,
6184,4016.932840824127,-1.8779066,
6185,4017.5815041065216,-3.2823658,
6186,4018.231992006302,-2.2846122,
6187,4018.8805503845215,-1.7873572,
6188,4019.5291454792023,-2.127232,
6189,4020.1764616966248,-1.5295672,
6190,4020.823405265808,-1.1941237,
6191,4021.46995472908,-2.1983912,
6192,4022.121151447296,-1.5347764,
6193,4022.768245458603,-1.7376671,
6194,4023.418242454529,-2.4291873,
6195,4024.063848733902,-2.6704464,
6196,4024.7116248607635,-1.8493873,
6197,4025.3582599163055,-2.10247,
6198,4026.006753206253,-2.2770085,
6199,4026.6560180187225,-1.5993043,
6200,4027.7904422283173,-1.8139257,
6201,4028.440979719162,-2.2515678,
6202,4029.090747356415,-3.0762482,
6203,4029.7422575950623,-1.6237807,
6204,4030.3896346092224,-2.4152105,
6205,4031.0387785434723,-2.5022554,
6206,4031.683283805847,-2.3738358,
6207,4032.3284089565277,-2.3388617,
6208,4032.9755697250366,-2.0111609,
6209,4033.6219873428345,-1.2046554,
6210,4034.270745754242,-1.6865077,
6211,4034.918440580368,-1.3662448,
6212,4035.5657935142517,-1.8048606,
6213,4036.215577363968,-2.900641,
6214,4036.864851951599,-2.0667353,
6215,4037.5148124694824,-1.6051664,
6216,4038.1632363796234,-3.0115557,
6217,4038.807518005371,-2.309482,
6218,4039.4549112319946,-2.6323867,
6219,4040.1059584617615,-2.2281075,
6220,4040.755143880844,-1.8026977,
6221,4041.4024555683136,-2.0713434,
6222,4042.054295539856,-1.66999,
6223,4042.7028846740723,-1.3058577,
6224,4043.3556320667267,-2.2142875,
6225,4044.0029044151306,-2.9798317,
6226,4044.6486716270447,-2.4296236,
6227,4045.295064687729,-1.2088778,
6228,4045.9449648857117,-1.9716321,
6229,4046.5979602336884,-2.7767506,
6230,4047.2605283260345,-2.1996388,
6231,4047.918140888214,-1.9976774,
6232,4048.5814130306244,-1.8556445,
6233,4049.24294757843,-2.1854372,
6234,4049.899609565735,-1.3922794,
6235,4050.5569336414337,-1.9795668,
6236,4051.203663110733,-1.3092936,
6237,4051.8507130146027,-1.3812331,
6238,4052.5020122528076,-0.88880646,
6239,4053.1578240394592,-2.644963,
6240,4053.810806274414,-2.034235,
6241,4054.462030649185,-1.8387663,
6242,4055.11634349823,-2.1518097,
6243,4055.7668175697327,-1.356704,
6244,4056.419832468033,-2.4936798,
6245,4057.0712954998016,-2.4716473,
6246,4057.7215888500214,-2.6924243,
6247,4058.3720891475677,-2.6801643,
6248,4059.018899202347,-3.6946626,
6249,4059.6656465530396,-1.6705015,
6250,4060.3151812553406,-1.878591,
6251,4060.966763973236,-1.106815,
6252,4061.6166281700134,-3.471097,
6253,4062.2691485881805,-2.6299105,
6254,4062.920042991638,-2.2374,
6255,4063.5713341236115,-1.9749687,
6256,4064.220752477646,-1.9926562,
6257,4064.8739449977875,-1.7459152,
6258,4065.5243685245514,-2.4842086,
6259,4066.176131248474,-2.0748937,
6260,4066.8238220214844,-2.23036,
6261,4067.4764037132263,-1.9936664,
6262,4068.126154899597,-3.2593157,
6263,4068.7724730968475,-3.3591704,
6264,4069.423983335495,-1.3751907,
6265,4070.07022690773,-1.5678546,
6266,4070.7112095355988,-1.8032463,
6267,4071.3486983776093,-2.5941143,
6268,4071.9889147281647,-1.7589339,
6269,4072.630973339081,-1.4764354,
6270,4073.269950389862,-3.2531,
6271,4073.907731771469,-2.4638934,
6272,4074.5458567142487,-2.2420492,
6273,4075.1882400512695,-1.5497286,
6274,4075.832947254181,-2.388042,
6275,4076.4766993522644,-2.1619973,
6276,4077.122814655304,-1.6170653,
6277,4077.770165681839,-2.2164443,
6278,4078.4194474220276,-1.7332503,
6279,4079.0656814575195,-2.0859013,
6280,4079.7085242271423,-1.7793146,
6281,4080.356662750244,-2.8756058,
6282,4081.0051629543304,-1.1350282,
6283,4081.6505239009857,-2.2302785,
6284,4082.2945404052734,-1.0218961,
6285,4082.9436178207397,-2.6381063,
6286,4083.590432405472,-1.95547,
6287,4084.2339391708374,-1.6650163,
6288,4084.8796322345734,-0.96548265,
6289,4085.5288100242615,-3.390451,
6290,4086.174612760544,-2.227599,
6291,4086.817117214203,-2.6680467,
6292,4087.4555735588074,-1.5126987,
6293,4088.10271024704,-2.3833175,
6294,4088.737309217453,-3.2806306,
6295,4089.376970767975,-2.046539,
6296,4090.0271832942963,-1.6894864,
6297,4090.6743915081024,-1.4737873,
6298,4091.3245594501495,-2.7743392,
6299,4091.9740335941315,-1.5327033,
6300,4093.1032185554504,-1.8575764,
6301,4093.7543547153473,-1.4083611,
6302,4094.4029874801636,-1.8882233,
6303,4095.053339958191,-3.240171,
6304,4095.7042989730835,-2.48061,
6305,4096.3548011779785,-2.0654564,
6306,4097.004864692688,-2.9034066,
6307,4097.653814077377,-0.8421298,
6308,4098.303318977356,-1.9176533,
6309,4098.955221652985,-2.3340356,
6310,4099.605441808701,-1.1038673,
6311,4100.254858016968,-1.8353534,
6312,4100.905504226685,-1.4821486,
6313,4101.5502576828,-1.8180695,
6314,4102.1979804039,-2.4303124,
6315,4102.8471138477325,-1.3501158,
6316,4103.497000455856,-2.5064564,
6317,4104.142224550247,-2.6823342,
6318,4104.790539264679,-2.4571614,
6319,4105.437593221664,-2.0317163,
6320,4106.0827293396,-2.2214093,
6321,4106.72545337677,-1.6380489,
6322,4107.370370149612,-1.9117527,
6323,4108.017999887466,-1.537506,
6324,4108.662013292313,-1.6644539,
6325,4109.310333967209,-2.469369,
6326,4109.958852529526,-1.6224468,
6327,4110.609452724457,-2.405573,
6328,4111.258220434189,-2.1397033,
6329,4111.909539937973,-2.0595682,
6330,4112.559448719025,-1.7734234,
6331,4113.205564022064,-3.1347132,
6332,4113.854920387268,-2.22117,
6333,4114.502629518509,-2.0416791,
6334,4115.151419401169,-3.331575,
6335,4115.7975025177,-1.9986645,
6336,4116.44534277916,-1.5220106,
6337,4117.096008300781,-3.397349,
6338,4117.744349956512,-1.2981553,
6339,4118.390283823013,-2.130591,
6340,4119.040614128113,-2.399563,
6341,4119.691737651825,-1.4785621,
6342,4120.340802907944,-1.2706943,
6343,4120.9885449409485,-1.5813545,
6344,4121.637547969818,-3.0006561,
6345,4122.282672166824,-2.2909555,
6346,4122.929597854614,-1.6417507,
6347,4123.580102682114,-3.2897987,
6348,4124.229892015457,-1.748692,
6349,4124.877977848053,-2.3928683,
6350,4125.528079509735,-2.5937886,
6351,4126.177810192108,-2.0509696,
6352,4126.827264547348,-1.6072247,
6353,4127.473227024078,-1.1845084,
6354,4128.121783256531,-1.2671393,
6355,4128.768060922623,-4.171331,
6356,4129.4154369831085,-2.0798206,
6357,4130.066208362579,-2.019741,
6358,4130.715944290161,-2.2484055,
6359,4131.367817163467,-2.2165987,
6360,4132.01832318306,-1.4445413,
6361,4132.668673753738,-1.1054676,
6362,4133.317276716232,-2.2437434,
6363,4133.9695036411285,-2.0732136,
6364,4134.61899805069,-2.5996904,
6365,4135.266135692596,-1.9928069,
6366,4135.914068937302,-1.8977213,
6367,4136.561749458313,-1.7172835,
6368,4137.211518526077,-2.2184277,
6369,4137.857548713684,-1.4344467,
6370,4138.501987218857,-2.7921782,
6371,4139.150537490845,-2.3333998,
6372,4139.795737981796,-2.5585167,
6373,4140.442267894745,-2.7834473,
6374,4141.088741064072,-2.3270063,
6375,4141.732580900192,-2.030016,
6376,4142.380822658539,-2.6008232,
6377,4143.0298454761505,-1.4978354,
6378,4143.679996013641,-1.190304,
6379,4144.326870679855,-1.8280984,
6380,4144.975788354874,-1.7925508,
6381,4145.624408245087,-1.0586649,
6382,4146.272561073303,-1.4325999,
6383,4146.92028927803,-1.5521486,
6384,4147.570237874985,-2.149107,
6385,4148.2173204422,-2.5829458,
6386,4148.865453720093,-2.2111275,
6387,4149.516496419907,-2.776616,
6388,4150.1661901474,-1.9784257,
6389,4150.814229011536,-2.4014006,
6390,4151.465467453003,-2.6070476,
6391,4152.117240190506,-1.5151317,
6392,4152.767387390137,-1.9707191,
6393,4153.415995836258,-1.9662868,
6394,4154.068222045898,-1.8731453,
6395,4154.718273162842,-1.7568669,
6396,4155.368730068207,-1.7483416,
6397,4156.018748044968,-2.1894193,
6398,4156.66410279274,-1.1042894,
6399,4157.3145525455475,-2.2154756,
6400,4158.450182199478,-2.2354891,
6401,4159.099555015564,-1.3179142,
6402,4159.749782323837,-1.6153941,
6403,4160.399680614471,-2.8199868,
6404,4161.048785448074,-2.8307743,
6405,4161.696633577347,-1.006317,
6406,4162.342312097549,-2.1310968,
6407,4162.989726781845,-2.2820282,
6408,4163.638077735901,-0.9001707,
6409,4164.286870241165,-2.0322902,
6410,4164.937224149704,-1.4086361,
6411,4165.587303638458,-3.0547562,
6412,4166.23440527916,-0.9697087,
6413,4166.883945941925,-1.506469,
6414,4167.532430171967,-1.3905417,
6415,4168.177974462509,-1.9798928,
6416,4168.823595285416,-1.7170322,
6417,4169.467844486237,-2.259584,
6418,4170.115306854248,-2.699167,
6419,4170.7640018463135,-1.8298588,
6420,4171.412797212601,-1.7978123,
6421,4172.061823606491,-2.930269,
6422,4172.714560508728,-1.9001527,
6423,4173.364541053772,-2.1149828,
6424,4174.015333652496,-1.7101568,
6425,4174.66646194458,-1.6686829,
6426,4175.312547206879,-1.9032698,
6427,4175.958843231201,-0.56234086,
6428,4176.606029033661,-3.1409395,
6429,4177.255597352982,-1.7528527,
6430,4177.905713319778,-1.7780063,
6431,4178.551740884781,-2.492902,
6432,4179.200862169266,-1.2085261,
6433,4179.848803281784,-1.6524119,
6434,4180.495887041092,-1.73315,
6435,4181.141325473785,-1.2925844,
6436,4181.7899804115295,-2.2715259,
6437,4182.440250635147,-1.6425014,
6438,4183.09060716629,-1.6096418,
6439,4183.742324829102,-1.7053462,
6440,4184.393165588379,-1.7614127,
6441,4185.042937040329,-1.5495588,
6442,4185.689322948456,-2.0371337,
6443,4186.3361048698425,-1.3431487,
6444,4186.982068061829,-1.9796962,
6445,4187.624235630035,-3.0031538,
6446,4188.271885871887,-1.477807,
6447,4188.922317028046,-1.4786403,
6448,4189.5718405246735,-2.4734752,
6449,4190.222057342529,-2.327715,
6450,4190.874883890152,-2.8247066,
6451,4191.522760629654,-1.456794,
6452,4192.17004609108,-1.9443957,
6453,4192.820638179779,-2.9974363,
6454,4193.46351146698,-1.0164922,
6455,4194.108064413071,-3.442844,
6456,4194.756095409393,-2.7151854,
6457,4195.400429725647,-1.6431832,
6458,4196.050089597702,-2.2432182,
6459,4196.699270486832,-1.5297099,
6460,4197.348680257797,-1.8282454,
6461,4197.994331598282,-2.957216,
6462,4198.64044380188,-2.7401488,
6463,4199.28963804245,-1.5330448,
6464,4199.936720132828,-2.1897993,
6465,4200.585552692413,-2.376495,
6466,4201.236415147781,-2.0951483,
6467,4201.884489536285,-2.4886796,
6468,4202.535343647003,-2.4561887,
6469,4203.186293363571,-3.0355144,
6470,4203.8375852108,-2.8539915,
6471,4204.487382173538,-1.8275703,
6472,4205.138349533081,-1.2561926,
6473,4205.789113283157,-1.5939243,
6474,4206.439788579941,-2.4628284,
6475,4207.092218875885,-2.3785994,
6476,4207.743718147278,-1.4887719,
6477,4208.394030332565,-1.6218495,
6478,4209.044255495071,-2.374322,
6479,4209.695449113846,-1.9106804,
6480,4210.3443830013275,-2.0610735,
6481,4210.993768215179,-2.0464337,
6482,4211.6385588645935,-3.4164188,
6483,4212.27991104126,-3.0344524,
6484,4212.919235706329,-2.745748,
6485,4213.559856176376,-2.0734906,
6486,4214.2028596401215,-3.3174498,
6487,4214.842941999435,-1.9901118,
6488,4215.482293605804,-2.396319,
6489,4216.1262283325195,-2.2052302,
6490,4216.76609992981,-2.4260259,
6491,4217.406698703766,-1.2146115,
6492,4218.045867443085,-1.6079481,
6493,4218.687945604324,-1.6993896,
6494,4219.331524610519,-2.4694948,
6495,4219.976758956909,-3.100068,
6496,4220.622781991959,-2.2265487,
6497,4221.270212650299,-1.8644925,
6498,4221.919391155243,-2.9795465,
6499,4222.566077709198,-1.8732522,
6500,4223.690291881561,-1.4420491,
6501,4224.341385126114,-2.0006914,
6502,4224.988500595093,-1.5927956,
6503,4225.632485151291,-1.9833819,
6504,4226.279677152634,-2.1520405,
6505,4226.931626558304,-1.548929,
6506,4227.575168132782,-1.9268842,
6507,4228.219933748245,-2.2780893,
6508,4228.866837978363,-1.9855235,
6509,4229.51829957962,-2.594502,
6510,4230.161405801773,-3.8277752,
6511,4230.804885387421,-3.1074336,
6512,4231.449783325195,-2.6520162,
6513,4232.087058544159,-2.4097672,
6514,4232.732295036316,-2.1824675,
6515,4233.38299369812,-1.5539612,
6516,4234.032457590103,-0.7899956,
6517,4234.681897163391,-1.4943131,
6518,4235.333338499069,-2.380265,
6519,4235.982592344284,-2.551056,
6520,4236.632146835327,-3.2901216,
6521,4237.282559394836,-2.0204499,
6522,4237.934905290604,-2.3200722,
6523,4238.584941625595,-1.9583678,
6524,4239.233373641968,-4.1627064,
6525,4239.882507562637,-1.8556082,
6526,4240.532545566559,-2.172372,
6527,4241.181279659271,-3.1718235,
6528,4241.83190703392,-1.4574263,
6529,4242.482519865036,-1.5356631,
6530,4243.129786729813,-2.1033065,
6531,4243.780670404434,-4.2611456,
6532,4244.427670001984,-1.9059975,
6533,4245.074020147324,-1.3702836,
6534,4245.720867395401,-1.7019175,
6535,4246.368522405624,-2.1386561,
6536,4247.015539646149,-1.8454454,
6537,4247.659935474396,-1.8774066,
6538,4248.305593252182,-1.3089054,
6539,4248.947824239731,-1.9711636,
6540,4249.589962720871,-1.6855114,
6541,4250.236141443253,-2.5631735,
6542,4250.88027215004,-1.9823425,
6543,4251.519629001617,-2.370089,
6544,4252.166306734085,-2.1504018,
6545,4252.815653800964,-1.8598931,
6546,4253.459792375565,-2.631498,
6547,4254.104799747467,-1.7895839,
6548,4254.7486362457275,-2.4576147,
6549,4255.393762350082,-1.6641533,
6550,4256.0386843681335,-1.6265163,
6551,4256.684735298157,-1.1989076,
6552,4257.330944061279,-2.8619242,
6553,4257.9781448841095,-2.0694435,
6554,4258.625603437424,-2.9553306,
6555,4259.271248102188,-1.9447109,
6556,4259.915408849716,-2.084816,
6557,4260.562279462814,-0.9808781,
6558,4261.212160825729,-0.73899,
6559,4261.858698129654,-1.998777,
6560,4262.5041744709015,-2.3177476,
6561,4263.150511264801,-2.5193813,
6562,4263.797768115997,-1.5498989,
6563,4264.446673631668,-2.735649,
6564,4265.094593763351,-1.4991858,
6565,4265.743969202042,-2.4864633,
6566,4266.394036054611,-3.79997,
6567,4267.042494297028,-3.0982547,
6568,4267.693066120148,-3.4021678,
6569,4268.343088150024,-1.8720021,
6570,4268.990920305252,-1.524257,
6571,4269.637371778488,-1.5161875,
6572,4270.282423496246,-2.023217,
6573,4270.926192045212,-1.9804342,
6574,4271.568570137024,-2.3705585,
6575,4272.219841003418,-1.666196,
6576,4272.866717100143,-3.575408,
6577,4273.51612496376,-3.0717177,
6578,4274.165580272675,-0.89335793,
6579,4274.811099290848,-1.8826711,
6580,4275.45853638649,-2.4638488,
6581,4276.107235193253,-1.7842598,
6582,4276.755406618118,-1.8367662,
6583,4277.404032468796,-2.4646437,
6584,4278.052427768707,-3.334818,
6585,4278.701973199844,-1.3827039,
6586,4279.350908994675,-1.983231,
6587,4279.9992752075195,-3.207131,
6588,4280.64683175087,-2.3360975,
6589,4281.295206069946,-2.3999062,
6590,4281.940888166428,-0.70311356,
6591,4282.588690519333,-1.320555,
6592,4283.2360870838165,-2.372764,
6593,4283.883404016495,-1.2856979,
6594,4284.530598640442,-1.0028645,
6595,4285.179814815521,-1.8702803,
6596,4285.826030492783,-2.2695832,
6597,4286.47403550148,-1.9533637,
6598,4287.124408245087,-1.887668,
6599,4287.773479223251,-2.7683063,
6600,4288.909649848938,-2.281457,
6601,4289.557979106903,-1.8694713,
6602,4290.207806825638,-1.5308224,
6603,4290.860767841339,-2.3196206,
6604,4291.5103414058685,-3.1603496,
6605,4292.159512281418,-1.5955472,
6606,4292.808289527893,-0.96467084,
6607,4293.457151412964,-2.389268,
6608,4294.107417583466,-1.9805281,
6609,4294.757454872131,-2.4891253,
6610,4295.406559944153,-2.0438128,
6611,4296.055582523346,-2.4988809,
6612,4296.702287197113,-2.3109899,
6613,4297.348665237427,-2.084806,
6614,4297.998320817947,-1.295678,
6615,4298.645135641098,-2.7034178,
6616,4299.290917396545,-2.2182143,
6617,4299.9391260147095,-3.209735,
6618,4300.581979751587,-1.8620777,
6619,4301.229538440704,-2.2447524,
6620,4301.8801074028015,-2.4520934,
6621,4302.527231216431,-2.8921816,
6622,4303.176810503006,-1.3811196,
6623,4303.824963092804,-2.1809564,
6624,4304.473025798798,-1.9525619,
6625,4305.120512247086,-2.421702,
6626,4305.769430398941,-2.5110734,
6627,4306.418076992035,-2.1450546,
6628,4307.059784173965,-1.4255494,
6629,4307.706011295319,-2.4991782,
6630,4308.354104280472,-1.3317783,
6631,4309.001605987549,-2.3668933,
6632,4309.649202108383,-1.5599473,
6633,4310.294884443283,-1.8527148,
6634,4310.942708492279,-2.183764,
6635,4311.5892951488495,-1.6525182,
6636,4312.238355875015,-3.1405697,
6637,4312.887518167496,-1.9518174,
6638,4313.534288406372,-2.798483,
6639,4314.18226146698,-2.6851325,
6640,4314.829370498657,-2.3519092,
6641,4315.477057933807,-2.5378613,
6642,4316.126176118851,-2.201907,
6643,4316.774797439575,-2.3449507,
6644,4317.425404071808,-2.1307116,
6645,4318.072712898254,-2.1734881,
6646,4318.723923444748,-2.8429353,
6647,4319.37477850914,-3.4498553,
6648,4320.023699045181,-2.4707444,
6649,4320.674387693405,-2.1494875,
6650,4321.321413993835,-2.2625666,
6651,4321.965991258621,-3.4284234,
6652,4322.612561941147,-2.091104,
6653,4323.26101064682,-1.9336939,
6654,4323.912967443466,-2.3373833,
6655,4324.561242580414,-1.2178391,
6656,4325.210760831833,-2.1533918,
6657,4325.861405849457,-2.616021,
6658,4326.511172056198,-1.5692918,
6659,4327.160769462585,-3.3214176,
6660,4327.810112953186,-2.8624268,
6661,4328.461034536362,-1.8755914,
6662,4329.109701633453,-2.8171296,
6663,4329.760576248169,-2.16571,
6664,4330.4112231731415,-0.6640829,
6665,4331.063139677048,-1.5340152,
6666,4331.713377714157,-1.2596354,
6667,4332.36456823349,-1.7452412,
6668,4333.014241218567,-3.0354085,
6669,4333.663813352585,-2.0616248,
6670,4334.3142194747925,-2.0670898,
6671,4334.965341567993,-1.24442,
6672,4335.616454124451,-1.5557079,
6673,4336.265946626663,-2.5216503,
6674,4336.918071985245,-2.07507,
6675,4337.569341182709,-1.7605813,
6676,4338.21782040596,-2.859733,
6677,4338.866231203079,-2.9991918,
6678,4339.515207290649,-1.8533198,
6679,4340.16367149353,-2.1580205,
6680,4340.812485933304,-1.8826107,
6681,4341.462118625641,-1.819975,
6682,4342.111459732056,-2.621809,
6683,4342.760274887085,-3.479363,
6684,4343.409716367722,-3.4568508,
6685,4344.05898809433,-2.2219367,
6686,4344.709506988525,-2.5946817,
6687,4345.359215497971,-1.3807771,
6688,4346.0080552101135,-1.9493711,
6689,4346.6605932712555,-2.4427238,
6690,4347.393810033798,-2.0667558,
6691,4348.04333281517,-2.8686008,
6692,4348.692476511002,-1.6418947,
6693,4349.34525346756,-2.238889,
6694,4349.994848012924,-2.2158792,
6695,4350.643661737442,-3.1714525,
6696,4351.29348731041,-2.5166798,
6697,4351.941337108612,-2.756622,
6698,4352.586693048477,-2.9580014,
6699,4353.2348165512085,-2.205361,
6700,4354.35404920578,-2.5196016,
6701,4354.997836828232,-2.5996127,
6702,4355.6334455013275,-2.1273615,
6703,4356.272025823593,-2.4582167,
6704,4356.913596153259,-2.4928825,
6705,4357.548506259918,-2.7803159,
6706,4358.185195684433,-1.8786292,
6707,4358.832660913467,-1.5938983,
6708,4359.477685213089,-1.4505749,
6709,4360.122731924057,-1.8125763,
6710,4360.771015167236,-2.3332167,
6711,4361.422736406326,-3.5024557,
6712,4362.067827224731,-1.7855746,
6713,4362.714104413986,-1.5380725,
6714,4363.362382173538,-2.5084543,
6715,4364.011652469635,-1.5587404,
6716,4364.656693935394,-2.1840029,
6717,4365.302573680878,-2.8697867,
6718,4365.949639558792,-2.447144,
6719,4366.599178791046,-1.848303,
6720,4367.245671987534,-1.988301,
6721,4367.893312692642,-1.7538337,
6722,4368.535739183426,-2.8332157,
6723,4369.185703039169,-1.7397243,
6724,4369.830795764923,-2.549058,
6725,4370.473133087158,-2.103493,
6726,4371.114101648331,-1.6235456,
6727,4371.760058879852,-2.3516889,
6728,4372.397887945175,-2.0672584,
6729,4373.037969350815,-1.9370763,
6730,4373.686784505844,-2.1662276,
6731,4374.33811044693,-2.123101,
6732,4374.987873792648,-2.597268,
6733,4375.637244224548,-1.5333786,
6734,4376.288190603256,-1.9512029,
6735,4376.939965963364,-2.4513168,
6736,4377.589526414871,-3.7565134,
6737,4378.239494800568,-1.7901206,
6738,4378.891040802002,-2.4155445,
6739,4379.5384356975555,-2.215222,
6740,4380.188631534576,-2.0194438,
6741,4380.840793132782,-1.8994594,
6742,4381.490761995316,-1.783966,
6743,4382.139857769012,-2.4960227,
6744,4382.788232088089,-1.2069287,
6745,4383.436879634857,-1.7759217,
6746,4384.085933923721,-2.8203359,
6747,4384.731570720673,-2.7770388,
6748,4385.379837989807,-3.2405396,
6749,4386.028599262238,-2.625694,
6750,4386.675740718842,-1.5620486,
6751,4387.326183795929,-2.7611766,
6752,4387.978955984116,-2.2733884,
6753,4388.627298593521,-1.6148459,
6754,4389.275691986084,-1.9766572,
6755,4389.927803277969,-2.007841,
6756,4390.571907281876,-1.4924715,
6757,4391.213828086853,-1.8282576,
6758,4391.859095811844,-1.1216141,
6759,4392.502035617828,-1.4055338,
6760,4393.145431995392,-1.718225,
6761,4393.791274547577,-1.6218648,
6762,4394.441790342331,-2.1368523,
6763,4395.08827662468,-2.087894,
6764,4395.736886739731,-1.6799557,
6765,4396.384382486343,-2.227836,
6766,4397.032714128494,-1.8572892,
6767,4397.679549217224,-1.3400342,
6768,4398.3293833732605,-3.694502,
6769,4398.976361274719,-2.008484,
6770,4399.62354850769,-2.4622734,
6771,4400.270928144455,-1.8425306,
6772,4400.920798301697,-1.6502075,
6773,4401.567878007889,-0.8738917,
6774,4402.21897315979,-1.8990571,
6775,4402.869677305222,-1.4127204,
6776,4403.518320560455,-1.860954,
6777,4404.1672694683075,-1.7942531,
6778,4404.819584608078,-2.0984483,
6779,4405.469752550125,-1.6720886,
6780,4406.117748260498,-1.7195091,
6781,4406.765471696854,-2.6911328,
6782,4407.410844326019,-1.9002285,
6783,4408.057042360306,-2.901813,
6784,4408.704530954361,-2.7497635,
6785,4409.354837179184,-2.140123,
6786,4410.003891468048,-1.7358522,
6787,4410.652996778488,-1.3280094,
6788,4411.302104234695,-1.8821802,
6789,4411.952663183212,-2.2842896,
6790,4412.599809408188,-1.8152907,
6791,4413.247845172882,-1.6508774,
6792,4413.896161556244,-2.1468875,
6793,4414.5417947769165,-1.6577909,
6794,4415.18666100502,-2.473021,
6795,4415.833204030991,-3.2586777,
6796,4416.482139825821,-3.0285406,
6797,4417.12896323204,-2.4429336,
6798,4417.777787923813,-3.1659994,
6799,4418.428011894226,-2.1080914,
6800,4419.559785366058,-1.3973703,
6801,4420.2086663246155,-1.2854267,
6802,4420.853543043137,-1.9392838,
6803,4421.500715017319,-1.6481333,
6804,4422.151750802994,-1.5282228,
6805,4422.80181479454,-1.6262082,
6806,4423.452728271484,-1.7135665,
6807,4424.104422330856,-1.5342374,
6808,4424.755559206009,-2.3270478,
6809,4425.405354499817,-1.2722754,
6810,4426.056401014328,-1.0161397,
6811,4426.709000587463,-2.3697443,
6812,4427.358742713928,-2.095811,
6813,4428.009198188782,-2.388389,
6814,4428.656318664551,-1.4571545,
6815,4429.304978609085,-1.75231,
6816,4429.954571485519,-2.8563137,
6817,4430.604163169861,-2.7907968,
6818,4431.25305056572,-3.3699203,
6819,4431.900646686554,-1.6959298,
6820,4432.548884868622,-1.9937403,
6821,4433.198445081711,-2.1594732,
6822,4433.84644985199,-2.9988408,
6823,4434.493220329285,-2.0815086,
6824,4435.137156963348,-2.421559,
6825,4435.786514043808,-1.3810058,
6826,4436.435404539108,-1.6794914,
6827,4437.08505153656,-4.2303743,
6828,4437.735391139984,-1.9082642,
6829,4438.388053655624,-1.222334,
6830,4439.03662610054,-2.2440314,
6831,4439.6871502399445,-1.9820604,
6832,4440.337683200836,-1.3602011,
6833,4440.985334634781,-1.258348,
6834,4441.633556842804,-1.7168295,
6835,4442.280234098434,-2.2983813,
6836,4442.92538189888,-2.8935657,
6837,4443.573858737946,-2.657285,
6838,4444.220569372177,-1.9566665,
6839,4444.869505643845,-1.9610435,
6840,4445.5136206150055,-1.161615,
6841,4446.160385131836,-2.1180296,
6842,4446.809091329575,-2.7615623,
6843,4447.453257083893,-2.442113,
6844,4448.0981459617615,-2.6843367,
6845,4448.747116565704,-2.0918608,
6846,4449.396645307541,-1.9961724,
6847,4450.046619415283,-1.945688,
6848,4450.696055650711,-2.4684253,
6849,4451.346388339996,-1.6365995,
6850,4451.995116472244,-2.2431893,
6851,4452.646926403046,-2.8240242,
6852,4453.29523062706,-1.2160354,
6853,4453.946937322617,-1.8369877,
6854,4454.594684839249,-1.6839947,
6855,4455.238414049149,-2.9140258,
6856,4455.887722969055,-1.49635,
6857,4456.534682750702,-1.5328425,
6858,4457.184555530548,-2.4826221,
6859,4457.83474946022,-2.4268074,
6860,4458.485013723373,-2.6408331,
6861,4459.133315086365,-3.039848,
6862,4459.782251834869,-2.4966502,
6863,4460.431404590607,-1.1854224,
6864,4461.078583240509,-1.3893125,
6865,4461.725542783737,-2.2405312,
6866,4462.374016284943,-2.258628,
6867,4463.0237073898315,-2.263907,
6868,4463.673334121704,-3.1137114,
6869,4464.323346614838,-2.4280295,
6870,4464.974255561829,-1.5516226,
6871,4465.6233468055725,-0.9000173,
6872,4466.2756407260895,-1.2664616,
6873,4466.926414728165,-1.825027,
6874,4467.574419975281,-1.8906844,
6875,4468.2199449539185,-2.176087,
6876,4468.865209341049,-1.7671297,
6877,4469.514344930649,-1.6501591,
6878,4470.163320064545,-2.341444,
6879,4470.812076807022,-3.0661893,
6880,4471.463676929474,-2.5568955,
6881,4472.112361192703,-2.2095098,
6882,4472.761065721512,-1.0704993,
6883,4473.410879850388,-2.1535454,
6884,4474.064080953598,-2.1886926,
6885,4474.713175296783,-2.6078584,
6886,4475.359957695007,-2.93871,
6887,4476.008530855179,-2.784947,
6888,4476.655314922333,-1.9233942,
6889,4477.30531001091,-1.445672,
6890,4477.952027797699,-2.590831,
6891,4478.596101284027,-2.3204813,
6892,4479.2414762973785,-1.5367053,
6893,4479.889324426651,-2.034649,
6894,4480.53497838974,-1.3366953,
6895,4481.180270195007,-1.1573862,
6896,4481.825325250626,-2.2868629,
6897,4482.475361585617,-2.2581606,
6898,4483.120429754257,-2.8639264,
6899,4483.767037391663,-1.8083526,
6900,4484.894572019577,-2.2911615,
6901,4485.540333032608,-1.947031,
6902,4486.185812711716,-1.7328563,
6903,4486.832017660141,-1.481235,
6904,4487.48130774498,-2.8213854,
6905,4488.130131959915,-2.5757031,
6906,4488.778569221497,-2.923258,
6907,4489.429415941238,-2.0269735,
6908,4490.077059030533,-1.3891323,
6909,4490.728541135788,-3.1887665,
6910,4491.374958515167,-1.87123,
6911,4492.021186351776,-1.9694853,
6912,4492.670072555542,-1.449394,
6913,4493.314845561981,-2.1613905,
6914,4493.959246873856,-1.5250406,
6915,4494.606065034866,-2.2104979,
6916,4495.256205320358,-2.2806244,
6917,4495.904935359955,-2.0752106,
6918,4496.553425788879,-1.6483576,
6919,4497.204538345337,-2.154356,
6920,4497.8527455329895,-1.8966818,
6921,4498.501466035843,-1.9737152,
6922,4499.149847507477,-2.9169555,
6923,4499.798176288605,-3.8382206,
6924,4500.444850921631,-2.2139494,
6925,4501.091309785843,-3.0634508,
6926,4501.7396671772,-2.1317978,
6927,4502.381998300552,-1.3882644,
6928,4503.024496555328,-1.608156,
6929,4503.668005466461,-1.8000069,
6930,4504.310645103455,-2.3764143,
6931,4504.949769496918,-2.1778023,
6932,4505.5923528671265,-1.607564,
6933,4506.2344126701355,-2.2981846,
6934,4506.86989402771,-2.367894,
6935,4507.506638765335,-1.9349626,
6936,4508.153672218323,-2.3955834,
6937,4508.7995138168335,-2.142015,
6938,4509.445629358292,-1.5008392,
6939,4510.097102642059,-1.6991692,
6940,4510.745228767395,-2.98028,
6941,4511.393527030945,-1.851413,
6942,4512.043153762817,-1.8693838,
6943,4512.692076921463,-2.6517363,
6944,4513.340542316437,-2.7603424,
6945,4513.989186286926,-1.1816596,
6946,4514.639259338379,-1.4024568,
6947,4515.28715467453,-1.5561395,
6948,4515.93634557724,-1.2085917,
6949,4516.582857608795,-1.8806806,
6950,4517.231146335602,-2.2180207,
6951,4517.87196803093,-1.0547073,
6952,4518.508357286453,-1.0139993,
6953,4519.149075746536,-2.4785998,
6954,4519.792945384979,-1.9966277,
6955,4520.441106557846,-1.9552855,
6956,4521.092140674591,-2.3439717,
6957,4521.741585254669,-3.5261264,
6958,4522.391027927399,-0.814679,
6959,4523.04092669487,-2.2659514,
6960,4523.691347360611,-2.5080817,
6961,4524.341859817505,-3.895759,
6962,4524.991188287735,-0.80653584,
6963,4525.640055656433,-1.915475,
6964,4526.29017162323,-1.6918689,
6965,4526.941074132919,-1.7108281,
6966,4527.590361118317,-2.9231498,
6967,4528.240618944168,-1.7486657,
6968,4528.890799283981,-2.553261,
6969,4529.539384126663,-3.2208476,
6970,4530.191256761551,-1.753519,
6971,4530.839099884033,-1.8378778,
6972,4531.488613843918,-1.2129105,
6973,4532.136466026306,-2.0983193,
6974,4532.784796714783,-1.9722732,
6975,4533.434430837631,-2.525023,
6976,4534.083937883377,-1.8511577,
6977,4534.732568025589,-1.5421133,
6978,4535.380103588104,-2.1813765,
6979,4536.025515317917,-1.0351996,
6980,4536.668641328812,-1.805097,
6981,4537.314765691757,-1.2157993,
6982,4537.9623119831085,-2.4337883,
6983,4538.604998826981,-2.2162704,
6984,4539.249043941498,-1.5198193,
6985,4539.895761013031,-1.803873,
6986,4540.545796632767,-1.5926188,
6987,4541.195431947708,-2.036015,
6988,4541.846127510071,-1.6519767,
6989,4542.495671987534,-2.0837984,
6990,4543.147057056427,-1.6377813,
6991,4543.798584222794,-1.576695,
6992,4544.4471752643585,-2.0028367,
6993,4545.096300601959,-1.2007346,
6994,4545.742836236954,-1.6919055,
6995,4546.389215707779,-1.9649272,
6996,4547.032063007355,-2.4052916,
6997,4547.677564620972,-2.27248,
6998,4548.327130317688,-1.5598571,
6999,4548.9749212265015,-3.4142823,
7000,4550.111711978912,-1.9899819,
7001,4550.760192155838,-1.4218048,
7002,4551.408228635788,-2.5564713,
7003,4552.055069208145,-1.3048165,
7004,4552.703341960907,-2.079809,
7005,4553.3559923172,-2.5892837,
7006,4554.007575273514,-1.8374634,
7007,4554.657754659653,-2.2184582,
7008,4555.307925462723,-2.1572347,
7009,4555.961350917816,-2.5197275,
7010,4556.60887503624,-2.158077,
7011,4557.256897449493,-2.4875972,
7012,4557.903818845749,-2.063984,
7013,4558.546262979507,-1.2573378,
7014,4559.193645954132,-1.2870564,
7015,4559.843719005585,-1.7737768,
7016,4560.494456768036,-1.3918493,
7017,4561.144422531128,-2.4608521,
7018,4561.7935745716095,-1.2891798,
7019,4562.443524599075,-2.0145535,
7020,4563.091770648956,-2.1703012,
7021,4563.738446235657,-1.9876357,
7022,4564.384594678879,-3.329927,
7023,4565.0313374996185,-2.305822,
7024,4565.6773636341095,-2.3815467,
7025,4566.328044652939,-3.2567754,
7026,4566.975586652756,-2.50742,
7027,4567.618417263031,-1.618952,
7028,4568.264386177063,-2.3470063,
7029,4568.9129893779755,-2.0451362,
7030,4569.55824136734,-3.1901236,
7031,4570.2087206840515,-1.8956387,
7032,4570.859302997589,-1.268049,
7033,4571.508808374405,-2.2414594,
7034,4572.159091949463,-2.2348351,
7035,4572.809875249863,-1.1505071,
7036,4573.459699392319,-4.009226,
7037,4574.107464313507,-2.5562227,
7038,4574.754831075668,-1.7784739,
7039,4575.399565935135,-2.005355,
7040,4576.050411462784,-2.2256737,
7041,4576.698340415955,-1.9045268,
7042,4577.349143505096,-4.506015,
7043,4577.998528242111,-3.2603993,
7044,4578.646663188934,-1.9302695,
7045,4579.296034812927,-2.3418212,
7046,4579.944541454315,-1.2699394,
7047,4580.590859651566,-1.8127981,
7048,4581.235951423645,-1.174613,
7049,4581.8845381736755,-0.83014244,
7050,4582.534120798111,-1.9905577,
7051,4583.1809141635895,-2.6450424,
7052,4583.827776432037,-2.1326942,
7053,4584.474487781525,-1.9465718,
7054,4585.122886419296,-4.259612,
7055,4585.772359371185,-0.9778696,
7056,4586.421536207199,-1.7637408,
7057,4587.074585437775,-1.8151248,
7058,4587.72025346756,-1.6137295,
7059,4588.370934486389,-2.1658466,
7060,4589.019151926041,-2.0501256,
7061,4589.6664497852325,-1.5255282,
7062,4590.314977407455,-3.081705,
7063,4590.965017557144,-1.7014176,
7064,4591.619699239731,-2.152372,
7065,4592.272446870804,-1.9274719,
7066,4592.926175832748,-1.5010417,
7067,4593.581597328186,-1.7312577,
7068,4594.234046936035,-1.9647194,
7069,4594.8880879879,-1.4366897,
7070,4595.542286634445,-3.1225204,
7071,4596.195015192032,-2.6833482,
7072,4596.845795869827,-2.7516391,
7073,4597.498934030533,-1.6411035,
7074,4598.152499198914,-2.5289102,
7075,4598.804865598679,-2.515645,
7076,4599.45753288269,-1.8206164,
7077,4600.108861446381,-1.8005652,
7078,4600.759193897247,-3.0404234,
7079,4601.411545753479,-1.992274,
7080,4602.062536478043,-2.2312186,
7081,4602.713453769684,-1.0402222,
7082,4603.364918231964,-3.4346995,
7083,4604.015825986862,-2.1801696,
7084,4604.668532371521,-2.9186487,
7085,4605.320272922516,-2.2376356,
7086,4605.969763994217,-1.973903,
7087,4606.623546361923,-2.4098165,
7088,4607.275724649429,-1.8549726,
7089,4607.92790722847,-2.0595427,
7090,4608.579557180405,-1.7425939,
7091,4609.231353759766,-2.5703743,
7092,4609.8845047950745,-2.47897,
7093,4610.537805557251,-2.2904649,
7094,4611.1894636154175,-1.5863502,
7095,4611.841718673706,-2.2351954,
7096,4612.494537353516,-2.1674888,
7097,4613.14573764801,-3.0385306,
7098,4613.799087047577,-1.7568011,
7099,4614.451926708221,-2.3507586,
7100,4615.5938465595245,-1.9854598,
7101,4616.2486436367035,-1.7702571,
7102,4616.902836084366,-1.4926692,
7103,4617.557304620743,-2.5623283,
7104,4618.212787389755,-2.466747,
7105,4618.866571426392,-2.9236212,
7106,4619.51932144165,-2.2060356,
7107,4620.172703266144,-1.8850937,
7108,4620.823922872543,-2.5067215,
7109,4621.475067615509,-2.2529237,
7110,4622.127717018127,-1.878685,
7111,4622.78332233429,-1.8409075,
7112,4623.4347541332245,-2.838438,
7113,4624.087961912155,-1.1917906,
7114,4624.7416779994965,-1.3610466,
7115,4625.395714521408,-1.6032467,
7116,4626.047570705414,-1.7689508,
7117,4626.702264308929,-3.0308642,
7118,4627.35727596283,-1.2682023,
7119,4628.010486125946,-1.5361248,
7120,4628.663209199905,-1.3954465,
7121,4629.318713188171,-2.3387606,
7122,4629.972605466843,-2.4759674,
7123,4630.62615609169,-1.9074911,
7124,4631.280806541443,-2.6328764,
7125,4631.937497854233,-1.9180279,
7126,4632.592039346695,-1.6553801,
7127,4633.246023178101,-1.8488982,
7128,4633.900811910629,-0.8932259,
7129,4634.554260492325,-1.650276,
7130,4635.207305908203,-4.055208,
7131,4635.861047744751,-2.604774,
7132,4636.513877868652,-2.4231787,
7133,4637.168326854706,-2.8089373,
7134,4637.822495698929,-1.8964498,
7135,4638.47411775589,-1.0546341,
7136,4639.126341104507,-1.7128409,
7137,4639.777462482452,-1.8774817,
7138,4640.430171966553,-1.4258165,
7139,4641.083245038986,-2.8334017,
7140,4641.735493898392,-1.9721904,
7141,4642.387161254883,-2.3452625,
7142,4643.038861036301,-3.1547093,
7143,4643.688875675201,-1.3419542,
7144,4644.337823867798,-1.4512372,
7145,4644.988747358322,-2.1430488,
7146,4645.636991739273,-2.4215631,
7147,4646.277901172638,-2.2079442,
7148,4646.915478944778,-1.6275499,
7149,4647.554985523224,-3.1621892,
7150,4648.194553613663,-2.4751887,
7151,4648.8398106098175,-2.5773327,
7152,4649.482421875,-2.568431,
7153,4650.127964735031,-1.3901225,
7154,4650.7741894721985,-1.8208948,
7155,4651.424467086792,-1.7587829,
7156,4652.069404602051,-2.386895,
7157,4652.712322235107,-1.2485975,
7158,4653.359587669373,-1.4761567,
7159,4654.008182287216,-1.5225444,
7160,4654.65340089798,-1.8739445,
7161,4655.298188447952,-1.7161872,
7162,4655.945893526077,-1.4981548,
7163,4656.597599029541,-2.2583756,
7164,4657.241395711899,-1.7441041,
7165,4657.88620018959,-1.9460083,
7166,4658.534514427185,-2.1128154,
7167,4659.181578636169,-2.1666245,
7168,4659.824934720993,-2.514864,
7169,4660.469304323196,-2.4227977,
7170,4661.115203619003,-2.721334,
7171,4661.7505605220795,-1.5912576,
7172,4662.392440319061,-1.6589043,
7173,4663.041321754456,-2.1026487,
7174,4663.688926935196,-2.7589176,
7175,4664.33852314949,-3.2560697,
7176,4664.989370584488,-2.2733073,
7177,4665.639634132385,-2.3304234,
7178,4666.28878903389,-2.1210184,
7179,4666.939543247223,-2.22056,
7180,4667.591410160065,-1.1007043,
7181,4668.240646839142,-2.2458208,
7182,4668.88877081871,-2.6976404,
7183,4669.539193153381,-2.4072504,
7184,4670.189731121063,-2.3295703,
7185,4670.838614225388,-2.7592099,
7186,4671.488587141037,-1.5695894,
7187,4672.139210700989,-1.7013009,
7188,4672.787568330765,-2.422852,
7189,4673.435308933258,-1.6096481,
7190,4674.08020401001,-2.0962553,
7191,4674.72447681427,-3.1492858,
7192,4675.371482372284,-2.0162416,
7193,4676.020168542862,-1.1569986,
7194,4676.6673448085785,-2.7324345,
7195,4677.314862728119,-1.8762344,
7196,4677.963165283203,-1.4103727,
7197,4678.6076583862305,-1.5531411,
7198,4679.252303123474,-2.0448532,
7199,4679.894690990448,-1.4996864,
7200,4681.016924858093,-2.5208304,
7201,4681.6616015434265,-2.3621073,
7202,4682.3053250312805,-1.7464378,
7203,4682.948657035828,-1.4412954,
7204,4683.594697713852,-2.6880412,
7205,4684.241885900497,-2.703597,
7206,4684.888974189758,-1.8648049,
7207,4685.536568880081,-1.9569808,
7208,4686.185119867325,-3.7656813,
7209,4686.833005428314,-1.9809978,
7210,4687.479024648666,-1.854811,
7211,4688.124822378159,-2.0370731,
7212,4688.776796579361,-2.4580245,
7213,4689.4188594818115,-2.040246,
7214,4690.060792684555,-2.1430979,
7215,4690.707280635834,-2.3687332,
7216,4691.357353925705,-2.6156068,
7217,4692.006608247757,-2.7753477,
7218,4692.655020713806,-2.4227858,
7219,4693.302044868469,-3.0844097,
7220,4693.950155258179,-1.8431139,
7221,4694.596337080002,-2.0245833,
7222,4695.244180202484,-2.7044263,
7223,4695.886377096176,-1.9104431,
7224,4696.5316705703735,-2.9909718,
7225,4697.178803682327,-2.0012374,
7226,4697.829633712769,-1.8452342,
7227,4698.473335504532,-2.1014268,
7228,4699.117500782013,-0.85234,
7229,4699.766909122467,-2.2702756,
7230,4700.41313791275,-1.7596462,
7231,4701.061722755432,-3.0830913,
7232,4701.708886146545,-2.0040054,
7233,4702.358710765839,-2.759304,
7234,4703.006595373154,-1.6968466,
7235,4703.654983043671,-2.302465,
7236,4704.302602529526,-1.7455368,
7237,4704.950032949448,-1.6522096,
7238,4705.599982261658,-1.9316082,
7239,4706.250984430313,-2.4439192,
7240,4706.90424656868,-3.1534371,
7241,4707.553493738174,-2.5095806,
7242,4708.202530145645,-3.275825,
7243,4708.852566480637,-2.5408788,
7244,4709.499767780304,-3.114471,
7245,4710.14834523201,-2.5725164,
7246,4710.795994281769,-2.9173846,
7247,4711.443184137344,-1.4177762,
7248,4712.0932421684265,-2.3030293,
7249,4712.743949174881,-2.6825938,
7250,4713.394843816757,-1.6233099,
7251,4714.047106742859,-2.490838,
7252,4714.695320367813,-2.2702174,
7253,4715.344234466553,-2.1666293,
7254,4715.992561340332,-1.6072826,
7255,4716.6371302604675,-0.9125132,
7256,4717.283691644669,-1.9949028,
7257,4717.932279586792,-2.2229688,
7258,4718.5797572135925,-2.0779505,
7259,4719.226907253265,-1.4358032,
7260,4719.876378774643,-2.5125532,
7261,4720.524418354034,-2.418666,
7262,4721.172737121582,-1.001413,
7263,4721.821823120117,-1.5849361,
7264,4722.471735239029,-1.8976467,
7265,4723.120858669281,-1.9098048,
7266,4723.769835472107,-0.8750476,
7267,4724.418578386307,-2.1778333,
7268,4725.068811416626,-1.7861611,
7269,4725.7177312374115,-1.8018297,
7270,4726.367160797119,-2.6568785,
7271,4727.018001079559,-2.3290968,
7272,4727.66668844223,-1.6726177,
7273,4728.3175728321075,-1.9447222,
7274,4728.967960119247,-2.8894846,
7275,4729.618680238724,-1.825762,
7276,4730.26873922348,-2.5886161,
7277,4730.917037010193,-1.813242,
7278,4731.56738615036,-1.4930477,
7279,4732.217210292816,-1.9772893,
7280,4732.866986274719,-3.1529145,
7281,4733.518274784088,-1.5249033,
7282,4734.169360637665,-3.0241194,
7283,4734.817097425461,-3.7317991,
7284,4735.466957092285,-2.2965736,
7285,4736.119013786316,-1.3997378,
7286,4736.7713351249695,-2.58815,
7287,4737.421456813812,-1.1262977,
7288,4738.071334600449,-3.3834133,
7289,4738.723030805588,-2.3228214,
7290,4739.372848987579,-3.8034601,
7291,4740.020203113556,-1.8875337,
7292,4740.671502113342,-2.8313355,
7293,4741.322946310043,-1.6213195,
7294,4741.9696300029755,-1.4630293,
7295,4742.617701768875,-2.6827517,
7296,4743.263059139252,-1.9639931,
7297,4743.909668207169,-2.7438388,
7298,4744.555557012558,-1.9094256,
7299,4745.2030284404755,-2.1709769,
7300,4746.326137065887,-2.7452404,
7301,4746.975174188614,-1.6881694,
7302,4747.621381759644,-1.415957,
7303,4748.270802974701,-2.478524,
7304,4748.920711278915,-3.0085433,
7305,4749.566057920456,-2.2333236,
7306,4750.214621543884,-2.152349,
7307,4750.864408254623,-1.9954541,
7308,4751.5130007267,-2.4249697,
7309,4752.159894704819,-2.4981346,
7310,4752.806894302368,-1.9724436,
7311,4753.455357789993,-1.5303138,
7312,4754.104048252106,-2.6955295,
7313,4754.752233505249,-1.8629282,
7314,4755.401165962219,-2.3118744,
7315,4756.049703836441,-2.0214522,
7316,4756.700226306915,-3.0654345,
7317,4757.351149082184,-2.0950055,
7318,4758.002516269684,-3.2791922,
7319,4758.652666807175,-1.1358737,
7320,4759.303216934204,-1.2313048,
7321,4759.954557657242,-1.688761,
7322,4760.604935884476,-1.2550151,
7323,4761.256786346436,-2.0487647,
7324,4761.9074828624725,-2.1270294,
7325,4762.558604478836,-2.367044,
7326,4763.208747625351,-1.4080367,
7327,4763.8588218688965,-1.6986003,
7328,4764.508108139038,-1.8687416,
7329,4765.157289505005,-2.1134756,
7330,4765.807577371597,-1.2170645,
7331,4766.453779220581,-2.355534,
7332,4767.103631496429,-2.1514592,
7333,4767.750861406326,-2.0023134,
7334,4768.400006055832,-1.5690771,
7335,4769.051470994949,-1.3383315,
7336,4769.700150489807,-2.0493798,
7337,4770.349702119827,-2.5150907,
7338,4771.001364469528,-2.1570466,
7339,4771.650279045105,-1.531099,
7340,4772.300525426865,-2.7253652,
7341,4772.948128223419,-1.452698,
7342,4773.592797040939,-1.8652177,
7343,4774.235675096512,-1.4960537,
7344,4774.8835661411285,-2.744102,
7345,4775.533024311066,-3.0712707,
7346,4776.183506011963,-1.8993053,
7347,4776.831598043442,-1.1609312,
7348,4777.484361886978,-2.0128026,
7349,4778.135206460953,-1.4140157,
7350,4778.782121658325,-1.8415811,
7351,4779.431268930435,-1.8788297,
7352,4780.077966213226,-2.3099375,
7353,4780.722789525986,-1.7955338,
7354,4781.369141340256,-2.5012817,
7355,4782.019324302673,-1.6828071,
7356,4782.669569015503,-1.9588569,
7357,4783.319119215012,-2.3094244,
7358,4783.969365596771,-2.4085174,
7359,4784.620017051697,-3.3620634,
7360,4785.269052505493,-1.5218675,
7361,4785.917461872101,-2.0366454,
7362,4786.563096284866,-2.44312,
7363,4787.204296827316,-1.292596,
7364,4787.841457128525,-2.5911822,
7365,4788.4800798892975,-1.7699819,
7366,4789.118127584457,-2.8019416,
7367,4789.755453824997,-2.2733126,
7368,4790.398370504379,-2.6132293,
7369,4791.040097236633,-1.2672429,
7370,4791.678025484085,-3.4709737,
7371,4792.316555738449,-1.9732435,
7372,4792.963829994202,-0.9957579,
7373,4793.606746673584,-1.8983068,
7374,4794.252583265305,-1.3171456,
7375,4794.90020608902,-2.4911022,
7376,4795.550192832947,-1.2378983,
7377,4796.201395988464,-1.4463513,
7378,4796.851970672607,-1.2880495,
7379,4797.5007956027985,-2.2594216,
7380,4798.147824764252,-2.6618676,
7381,4798.794350862503,-2.8293982,
7382,4799.440438747406,-2.229206,
7383,4800.0869789123535,-1.7564476,
7384,4800.735415935516,-3.2185936,
7385,4801.382377386093,-2.6772065,
7386,4802.027884244919,-1.2466156,
7387,4802.672134876251,-1.7453475,
7388,4803.320139884949,-2.3973002,
7389,4803.970406532288,-1.6009884,
7390,4804.613701343536,-1.5170553,
7391,4805.2547698020935,-0.86808693,
7392,4805.9004871845245,-2.4785607,
7393,4806.537402391434,-1.6075939,
7394,4807.181827306747,-2.1445665,
7395,4807.833788871765,-1.9027346,
7396,4808.482030391693,-2.554481,
7397,4809.130998849869,-1.847261,
7398,4809.780494689941,-2.9844775,
7399,4810.429748058319,-1.7971014,
7400,4811.6531291008,-1.4277151,
7401,4812.30531835556,-2.0465262,
7402,4812.9550058841705,-2.4132924,
7403,4813.606459617615,-2.5397625,
7404,4814.257806062698,-2.4398243,
7405,4814.908226013184,-2.0488603,
7406,4815.556319475174,-2.2296915,
7407,4816.207981824875,-2.229414,
7408,4816.857880830765,-2.4477623,
7409,4817.506107091904,-1.8071444,
7410,4818.154719114304,-1.1211072,
7411,4818.800559997559,-2.7084637,
7412,4819.446257352829,-3.5474858,
7413,4820.093625545502,-2.2498791,
7414,4820.742782592773,-2.634182,
7415,4821.391088008881,-2.8266668,
7416,4822.037989139557,-2.2464547,
7417,4822.6867887973785,-1.7629052,
7418,4823.336482048035,-2.490484,
7419,4823.9823298454285,-0.87779415,
7420,4824.627105474472,-2.5217843,
7421,4825.2751121521,-1.3943369,
7422,4825.920823574066,-1.754379,
7423,4826.565018415451,-2.9094913,
7424,4827.21431183815,-2.2433643,
7425,4827.8643963336945,-3.023349,
7426,4828.508316516876,-2.7017286,
7427,4829.154319047928,-1.8308071,
7428,4829.8022813797,-2.0296316,
7429,4830.450092554092,-2.3585193,
7430,4831.095947742462,-2.2498522,
7431,4831.744870901108,-1.5158584,
7432,4832.392449855804,-2.154626,
7433,4833.040306091309,-2.6793606,
7434,4833.686616897583,-2.3133445,
7435,4834.336347103119,-2.4036565,
7436,4834.983283758163,-2.27923,
7437,4835.631879329681,-1.677542,
7438,4836.283697843552,-2.5987222,
7439,4836.932371854782,-2.4523802,
7440,4837.58167052269,-1.6539829,
7441,4838.234290122986,-2.5800118,
7442,4838.884832382202,-2.1722436,
7443,4839.535778284073,-2.2736,
7444,4840.183823823929,-2.0047255,
7445,4840.833120346069,-2.1784544,
7446,4841.476627588272,-2.7104683,
7447,4842.1238379478455,-2.258786,
7448,4842.771978855133,-1.8469987,
7449,4843.422581195831,-1.7949324,
7450,4844.074160337448,-1.7390735,
7451,4844.724518060684,-1.613378,
7452,4845.37552857399,-2.0330448,
7453,4846.024821281433,-3.2818782,
7454,4846.674243688583,-2.5794716,
7455,4847.324098348618,-1.4154056,
7456,4847.972624540329,-2.6949515,
7457,4848.6165409088135,-2.1309144,
7458,4849.262092590332,-2.4994457,
7459,4849.910913944244,-2.0087807,
7460,4850.557912826538,-1.3245575,
7461,4851.206604957581,-1.5015703,
7462,4851.858038902283,-3.4079218,
7463,4852.507602930069,-2.9899964,
7464,4853.159425020218,-2.662362,
7465,4853.809732675552,-3.1782732,
7466,4854.459207057953,-1.9995776,
7467,4855.109986782074,-2.1297977,
7468,4855.759288787842,-2.4164486,
7469,4856.407152414322,-1.568806,
7470,4857.054614305496,-3.7775788,
7471,4857.703752756119,-2.0276558,
7472,4858.354062318802,-2.8557305,
7473,4858.998643159866,-2.3494773,
7474,4859.643042802811,-1.908839,
7475,4860.288625240326,-1.0028542,
7476,4860.939046382904,-1.1601056,
7477,4861.585223197937,-2.2453365,
7478,4862.2347893714905,-1.1358824,
7479,4862.887130737305,-2.5252233,
7480,4863.5353989601135,-1.767175,
7481,4864.184440374374,-2.1281447,
7482,4864.836101055145,-1.3489946,
7483,4865.484359264374,-2.0407953,
7484,4866.133402109146,-2.068567,
7485,4866.782403707504,-4.2607384,
7486,4867.433209657669,-2.1674695,
7487,4868.082127571106,-1.9339468,
7488,4868.732342004776,-1.8311265,
7489,4869.384749889374,-1.0677214,
7490,4870.035964727402,-3.0259821,
7491,4870.68553853035,-2.1761758,
7492,4871.336493253708,-2.2986047,
7493,4871.9890875816345,-1.6653452,
7494,4872.638511896133,-2.3024096,
7495,4873.290965795517,-1.1611063,
7496,4873.941668510437,-2.2907517,
7497,4874.590373754501,-1.5167985,
7498,4875.243593215942,-1.2894728,
7499,4875.8931016922,-1.8670443,
7500,4877.024455785751,-2.4361663,
7501,4877.672605752945,-1.933044,
7502,4878.317834854126,-2.1506774,
7503,4878.962910652161,-2.033075,
7504,4879.607612371445,-2.593658,
7505,4880.251399517059,-2.5025241,
7506,4880.900797367096,-2.038813,
7507,4881.549716472626,-1.7742913,
7508,4882.199515342712,-2.4003015,
7509,4882.8433520793915,-2.90244,
7510,4883.491128206253,-3.36126,
7511,4884.139963150024,-2.230651,
7512,4884.787139177322,-2.3693638,
7513,4885.437651634216,-2.2042785,
7514,4886.086266756058,-1.7500403,
7515,4886.737764835358,-2.1682465,
7516,4887.387560129166,-2.3685784,
7517,4888.03623509407,-2.0849864,
7518,4888.685350656509,-2.4723864,
7519,4889.331382989883,-0.9611874,
7520,4889.978431224823,-2.6676722,
7521,4890.628941059113,-1.4702134,
7522,4891.278120040894,-1.5431564,
7523,4891.927290678024,-1.0653058,
7524,4892.579255819321,-2.4769335,
7525,4893.22996878624,-1.9128222,
7526,4893.878079652786,-2.0171764,
7527,4894.527682065964,-2.4274294,
7528,4895.173185586929,-2.5874548,
7529,4895.819109916687,-2.746552,
7530,4896.467196941376,-1.6725368,
7531,4897.116392850876,-1.6135037,
7532,4897.765816926956,-2.3623226,
7533,4898.412434577942,-2.8334513,
7534,4899.060499668121,-2.2072449,
7535,4899.710467338562,-2.4224968,
7536,4900.351874113083,-1.6000514,
7537,4900.995890855789,-2.2761369,
7538,4901.642507314682,-1.1344088,
7539,4902.289694786072,-1.635695,
7540,4902.9376308918,-2.8499336,
7541,4903.586017370224,-3.5745485,
7542,4904.232177495956,-0.9611943,
7543,4904.879343509674,-1.3051935,
7544,4905.525940656662,-3.0225673,
7545,4906.17414522171,-1.5378731,
7546,4906.8171129226685,-3.9341176,
7547,4907.461207151413,-1.7119439,
7548,4908.107501983643,-2.5596042,
7549,4908.755057096481,-1.0521499,
7550,4909.405434846878,-2.1026187,
7551,4910.051529884338,-2.755713,
7552,4910.703136205673,-2.048335,
7553,4911.349457979202,-1.890836,
7554,4911.999359130859,-1.6397036,
7555,4912.649898290634,-1.6180527,
7556,4913.296532869339,-2.0877862,
7557,4913.944251298904,-2.0970595,
7558,4914.5909168720245,-1.4302981,
7559,4915.234254837036,-1.5478202,
7560,4915.880966663361,-1.8070313,
7561,4916.530233860016,-1.9710133,
7562,4917.178774595261,-1.9924828,
7563,4917.827202796936,-1.6034633,
7564,4918.478424310684,-1.8811748,
7565,4919.126932859421,-2.3637028,
7566,4919.776842594147,-1.9322683,
7567,4920.426435709,-2.6133008,
7568,4921.077232837677,-1.6435834,
7569,4921.726568698883,-1.7366674,
7570,4922.377094268799,-1.7248993,
7571,4923.025962114334,-3.1580796,
7572,4923.6732749938965,-1.7894194,
7573,4924.322899103165,-2.4902985,
7574,4924.9720985889435,-2.4763696,
7575,4925.619756698608,-2.2914286,
7576,4926.268821239471,-2.3309174,
7577,4926.917848825455,-2.61918,
7578,4927.5689079761505,-1.7473462,
7579,4928.217803955078,-0.95093846,
7580,4928.87193441391,-2.2032871,
7581,4929.519174337387,-2.3370657,
7582,4930.16823887825,-1.744662,
7583,4930.8166654109955,-2.0569882,
7584,4931.453505754471,-2.5425868,
7585,4932.092243671417,-0.66851664,
7586,4932.732951402664,-2.4877338,
7587,4933.3742852211,-1.8379467,
7588,4934.016098737717,-1.8158361,
7589,4934.659280061722,-2.370676,
7590,4935.301365852356,-1.9410735,
7591,4935.942661762238,-1.5916545,
7592,4936.588283061981,-2.4456663,
7593,4937.23831820488,-1.7162079,
7594,4937.886757850647,-2.3504333,
7595,4938.537193059921,-1.4443896,
7596,4939.18762588501,-1.9836981,
7597,4939.839460849762,-2.082446,
7598,4940.4868133068085,-1.7345567,
7599,4941.137134313583,-2.6789837,
7600,4942.266548156738,-3.1091866,
7601,4942.916630268097,-2.9857526,
7602,4943.569212198257,-3.133113,
7603,4944.215825796127,-2.6609569,
7604,4944.860998868942,-3.8101401,
7605,4945.511853456497,-1.1635753,
7606,4946.162289142609,-1.5862225,
7607,4946.806591033936,-1.4121593,
7608,4947.452716350555,-1.5740863,
7609,4948.097367525101,-1.484585,
7610,4948.736806154251,-2.3361337,
7611,4949.382436037064,-1.9942892,
7612,4950.034275770187,-1.7995985,
7613,4950.684309959412,-2.186078,
7614,4951.33589220047,-2.805201,
7615,4951.986884832382,-2.789738,
7616,4952.640251874924,-2.0139933,
7617,4953.2911949157715,-2.7333288,
7618,4953.943316459656,-2.9405074,
7619,4954.59428024292,-2.3588712,
7620,4955.2450976371765,-2.9432764,
7621,4955.896322727203,-2.8498528,
7622,4956.547821044922,-1.9816248,
7623,4957.197201728821,-1.4021494,
7624,4957.852185249329,-1.729881,
7625,4958.502326488495,-2.5958438,
7626,4959.151438474655,-3.5272417,
7627,4959.803406953812,-1.8807032,
7628,4960.453364610672,-1.8825014,
7629,4961.10150551796,-2.5953774,
7630,4961.749136924744,-2.7389693,
7631,4962.39835691452,-1.8382227,
7632,4963.04727268219,-2.7829113,
7633,4963.696014881134,-2.267616,
7634,4964.3460211753845,-1.4796677,
7635,4964.997949838638,-2.4746938,
7636,4965.646114826202,-2.0835571,
7637,4966.293886423111,-2.9686885,
7638,4966.939475059509,-2.1080222,
7639,4967.584262371063,-2.5803626,
7640,4968.23038649559,-2.1129565,
7641,4968.876954078674,-2.504992,
7642,4969.522355556488,-1.3946879,
7643,4970.169526815414,-2.2278368,
7644,4970.817957401276,-1.9466134,
7645,4971.468926668167,-1.191564,
7646,4972.119856119156,-1.7898619,
7647,4972.770742893219,-2.4175541,
7648,4973.422125816345,-2.140768,
7649,4974.0724375247955,-2.5802617,
7650,4974.721413850784,-3.0558934,
7651,4975.373416185379,-2.3372967,
7652,4976.026198625565,-2.112567,
7653,4976.67652964592,-1.2450699,
7654,4977.327895641327,-2.017993,
7655,4977.978718757629,-1.2621778,
7656,4978.630261421204,-1.2017579,
7657,4979.280985593796,-3.4138927,
7658,4979.93453836441,-1.8203306,
7659,4980.585350036621,-2.8104198,
7660,4981.237386465073,-2.476186,
7661,4981.885065078735,-1.3630309,
7662,4982.535481214523,-2.644105,
7663,4983.188271284103,-2.5137944,
7664,4983.837394952774,-1.9709588,
7665,4984.488557577133,-2.8534536,
7666,4985.140664100647,-1.7045009,
7667,4985.792114496231,-2.4623845,
7668,4986.443101406097,-2.1622214,
7669,4987.093864440918,-2.8399477,
7670,4987.744986772537,-1.448013,
7671,4988.395621061325,-1.5726053,
7672,4989.045615673065,-1.9949042,
7673,4989.696488857269,-2.2891707,
7674,4990.3485453128815,-1.0078995,
7675,4990.997821807861,-3.0944755,
7676,4991.65057015419,-2.0840964,
7677,4992.300652742386,-2.0712898,
7678,4992.952101230621,-2.2089574,
7679,4993.604447841644,-1.7454193,
7680,4994.2545075416565,-2.6905646,
7681,4994.906458616257,-1.2290646,
7682,4995.55834031105,-1.3314333,
7683,4996.209440469742,-3.6176224,
7684,4996.856703042984,-2.0962365,
7685,4997.50971698761,-2.0858364,
7686,4998.160977363586,-1.3228865,
7687,4998.812801122665,-2.2631874,
7688,4999.4628257751465,-2.367919,
7689,5000.113771915436,-2.3318937,
7690,5000.764244794846,-3.4788332,
7691,5001.416806459427,-1.8439333,
7692,5002.06577372551,-1.7424638,
7693,5002.718559503555,-1.7780874,
7694,5003.362272977829,-1.9103122,
7695,5003.99911904335,-1.8271532,
7696,5004.635276556015,-2.1100423,
7697,5005.274821996689,-2.0456722,
7698,5005.9118185043335,-1.8415161,
7699,5006.550349473953,-2.2985346,
7700,5007.662964582443,-1.5158706,
7701,5008.300236701965,-2.311323,
7702,5008.939151525497,-1.0975571,
7703,5009.578238725662,-2.9515207,
7704,5010.213674783707,-1.9629856,
7705,5010.852510213852,-3.0907958,
7706,5011.49075460434,-1.6906176,
7707,5012.126484632492,-2.6810594,
7708,5012.765132427216,-2.7553744,
7709,5013.403735637665,-1.8337989,
7710,5014.040172815323,-2.51904,
7711,5014.677067756653,-1.7554451,
7712,5015.317616224289,-1.7260631,
7713,5015.954376935959,-2.4064603,
7714,5016.591739654541,-1.4245434,
7715,5017.230829715729,-2.1960897,
7716,5017.870021820068,-2.1625974,
7717,5018.506981611252,-2.0767803,
7718,5019.144213438034,-1.0301967,
7719,5019.784217834473,-2.085949,
7720,5020.4205231666565,-2.4867592,
7721,5021.05832028389,-2.4323692,
7722,5021.697434663773,-2.858963,
7723,5022.334450960159,-1.3199492,
7724,5022.972195863724,-2.9420142,
7725,5023.6093900203705,-2.6664162,
7726,5024.247143268585,-3.065363,
7727,5024.886687278748,-1.3830936,
7728,5025.525429010391,-1.8092339,
7729,5026.163344621658,-2.3797493,
7730,5026.80285859108,-1.9285107,
7731,5027.440576791763,-1.4858205,
7732,5028.0764791965485,-2.6828187,
7733,5028.716657876968,-2.1620562,
7734,5029.354607343674,-2.159234,
7735,5029.991403579712,-2.4542542,
7736,5030.6310749053955,-1.4215624,
7737,5031.267378330231,-2.585491,
7738,5031.904341936111,-1.6602325,
7739,5032.541307449341,-2.7778344,
7740,5033.178872585297,-2.0070076,
7741,5033.818422079086,-2.4290893,
7742,5034.4567658901215,-1.4946067,
7743,5035.0934319496155,-2.7404222,
7744,5035.732354402542,-1.976896,
7745,5036.36990070343,-1.8189826,
7746,5037.005076885223,-2.0261252,
7747,5037.64587187767,-1.3055124,
7748,5038.284665346146,-2.3215756,
7749,5038.920000553131,-1.7026827,
7750,5039.5602247715,-3.078867,
7751,5040.19911646843,-3.3825207,
7752,5040.8372530937195,-2.1196513,
7753,5041.478340387344,-1.9902442,
7754,5042.116193771362,-1.9090037,
7755,5042.753618478775,-3.1208913,
7756,5043.392860412598,-2.740602,
7757,5044.031125545502,-1.2439775,
7758,5044.669724702835,-1.9622896,
7759,5045.310005187988,-1.5165972,
7760,5045.947698831558,-2.1019225,
7761,5046.586580753326,-2.5056152,
7762,5047.225707530975,-3.300941,
7763,5047.861763477325,-2.5406816,
7764,5048.504053592682,-2.9240212,
7765,5049.1449456214905,-1.6036761,
7766,5049.784702301025,-2.4927235,
7767,5050.422327518463,-2.0519168,
7768,5051.067492008209,-2.041833,
7769,5051.707664012909,-1.8963883,
7770,5052.35319519043,-1.6636108,
7771,5052.997798681259,-2.0630915,
7772,5053.643743991852,-3.0461168,
7773,5054.2909553050995,-2.1291046,
7774,5054.932722330093,-2.1338682,
7775,5055.574741363525,-1.3372253,
7776,5056.218181371689,-1.3934069,
7777,5056.862171888351,-2.4820836,
7778,5057.50192284584,-2.5110502,
7779,5058.141484975815,-2.5451465,
7780,5058.777546405792,-1.5037904,
7781,5059.412567853928,-2.4112368,
7782,5060.048339128494,-2.057804,
7783,5060.685368299484,-2.8809597,
7784,5061.321290254593,-2.6691918,
7785,5061.956702470779,-1.6661413,
7786,5062.594049453735,-1.6974769,
7787,5063.230315446854,-2.569939,
7788,5063.865788698196,-2.4358273,
7789,5064.5004341602325,-2.5612335,
7790,5065.137401342392,-0.7840774,
7791,5065.777072191238,-2.0039568,
7792,5066.4123067855835,-1.3060193,
7793,5067.049038171768,-2.2420053,
7794,5067.685303211212,-2.6144514,
7795,5068.319948911667,-2.616941,
7796,5068.954024076462,-1.4977288,
7797,5069.594652891159,-1.3788066,
7798,5070.231126308441,-2.333027,
7799,5070.866796255112,-2.826279,
7800,5071.976587057114,-2.292921,
7801,5072.614335298538,-2.3620267,
7802,5073.248496770859,-1.0964718,
7803,5073.88596367836,-1.4572115,
7804,5074.5246052742,-2.23353,
7805,5075.158193826675,-2.956605,
7806,5075.795237779617,-1.7976671,
7807,5076.434434175491,-1.559542,
7808,5077.072906255722,-1.8660005,
7809,5077.709122419357,-2.7777586,
7810,5078.347144842148,-1.1959419,
7811,5078.983610153198,-1.8932545,
7812,5079.621290922165,-2.481007,
7813,5080.260170459747,-1.7273018,
7814,5080.900813817978,-2.5595646,
7815,5081.5406494140625,-2.145162,
7816,5082.180706739426,-1.8391123,
7817,5082.821213960648,-2.0661852,
7818,5083.4613904953,-3.0037396,
7819,5084.09877371788,-2.0696266,
7820,5084.735488653183,-1.3152797,
7821,5085.373246908188,-1.9841259,
7822,5086.009778738022,-2.3349228,
7823,5086.644416093826,-1.9040514,
7824,5087.282865047455,-2.4331884,
7825,5087.919867038727,-1.6325843,
7826,5088.553504705429,-0.9786015,
7827,5089.189412593842,-1.1454929,
7828,5089.825135469437,-2.9577088,
7829,5090.462594747543,-2.5982828,
7830,5091.100357055664,-2.312158,
7831,5091.735690355301,-2.672516,
7832,5092.372548818588,-3.2634704,
7833,5093.010143041611,-1.696023,
7834,5093.646267414093,-2.3424337,
7835,5094.281686067581,-2.350636,
7836,5094.920383453369,-2.0309608,
7837,5095.554638624191,-1.9364984,
7838,5096.191729784012,-1.1850154,
7839,5096.828182697296,-2.134339,
7840,5097.463833332062,-1.7157534,
7841,5098.099259853363,-0.8443313,
7842,5098.73780632019,-2.9631414,
7843,5099.372610569,-2.8689084,
7844,5100.007406949997,-1.7434208,
7845,5100.642699480057,-3.6813104,
7846,5101.278834581375,-4.228254,
7847,5101.915012359619,-2.8277726,
7848,5102.54935002327,-2.2426581,
7849,5103.184804916382,-1.5392147,
7850,5103.820410013199,-2.9284835,
7851,5104.456701993942,-2.3465471,
7852,5105.093970775604,-1.8244737,
7853,5105.727930545807,-2.2904623,
7854,5106.363616704941,-2.7547655,
7855,5107.001257896423,-1.1985494,
7856,5107.636376619339,-1.5304469,
7857,5108.268169641495,-2.3223183,
7858,5108.906790018082,-1.902714,
7859,5109.542744874954,-0.38708967,
7860,5110.180773258209,-2.2270737,
7861,5110.820013284683,-1.8974789,
7862,5111.457833528519,-3.9815397,
7863,5112.094673871994,-1.9721285,
7864,5112.73482131958,-2.3310134,
7865,5113.372241258621,-2.2259727,
7866,5114.010872125626,-2.281997,
7867,5114.650466918945,-1.328615,
7868,5115.2853190898895,-1.9881673,
7869,5115.923476219177,-2.9716551,
7870,5116.563955545425,-2.37052,
7871,5117.200932741165,-1.9688303,
7872,5117.839303255081,-1.2889576,
7873,5118.477741956711,-2.0645447,
7874,5119.113272190094,-1.9390042,
7875,5119.749634742737,-2.266504,
7876,5120.389126062393,-1.7394329,
7877,5121.025375127792,-1.2697111,
7878,5121.660166025162,-2.713478,
7879,5122.2968101501465,-2.017593,
7880,5122.933502674103,-3.399375,
7881,5123.570649862289,-1.6251256,
7882,5124.204722881317,-0.8928008,
7883,5124.843938112259,-2.9549937,
7884,5125.4827971458435,-1.5571924,
7885,5126.116953611374,-1.6683583,
7886,5126.755344390869,-1.6142862,
7887,5127.39321231842,-1.816736,
7888,5128.027298688889,-2.52501,
7889,5128.6621787548065,-1.496243,
7890,5129.299288511276,-1.8124776,
7891,5129.934020996094,-1.1375927,
7892,5130.570220708847,-1.8999796,
7893,5131.203851222992,-3.01192,
7894,5131.840198755264,-2.1008992,
7895,5132.476443052292,-2.0489476,
7896,5133.109401464462,-2.2324524,
7897,5133.745375156403,-1.6734447,
7898,5134.3825776577,-1.8847896,
7899,5135.016016483307,-1.7247486,
7900,5136.1167685985565,-1.6939021,
7901,5136.753332614899,-1.8726336,
7902,5137.389982223511,-1.2861266,
7903,5138.025412321091,-1.7121229,
7904,5138.66305232048,-2.3141084,
7905,5139.2976706027985,-3.3560524,
7906,5139.934887647629,-1.7528713,
7907,5140.572291851044,-2.1318336,
7908,5141.2093024253845,-2.493851,
7909,5141.845260858536,-2.5434813,
7910,5142.487228631973,-1.7596333,
7911,5143.12450170517,-1.5973227,
7912,5143.759189367294,-1.5169573,
7913,5144.399192810059,-3.0204039,
7914,5145.036849021912,-2.2713454,
7915,5145.672921895981,-1.6085145,
7916,5146.30880856514,-1.8852172,
7917,5146.94925737381,-2.3029766,
7918,5147.587379932404,-2.183182,
7919,5148.222318649292,-1.98394,
7920,5148.861402750015,-1.4618671,
7921,5149.499103784561,-2.1454787,
7922,5150.135009527206,-2.205305,
7923,5150.771607637405,-1.7965312,
7924,5151.412053108215,-2.6529582,
7925,5152.049671173096,-2.8481283,
7926,5152.686782121658,-2.0093694,
7927,5153.325745820999,-2.225564,
7928,5153.962572336197,-2.2095013,
7929,5154.600657701492,-2.2113512,
7930,5155.238730430603,-2.9925306,
7931,5155.873616933823,-2.3716764,
7932,5156.510886192322,-1.4080491,
7933,5157.149102687836,-2.6709442,
7934,5157.787379980087,-2.2633085,
7935,5158.423573970795,-2.2309742,
7936,5159.062534332275,-2.4988096,
7937,5159.698512792587,-1.8255473,
7938,5160.335404157639,-1.9133482,
7939,5160.972932338715,-1.264426,
7940,5161.611431360245,-2.2697039,
7941,5162.248852014542,-1.017117,
7942,5162.888356924057,-2.4998028,
7943,5163.525701999664,-3.5413458,
7944,5164.1617658138275,-1.6523503,
7945,5164.800913095474,-2.393272,
7946,5165.439150571823,-1.425549,
7947,5166.074358463287,-2.2567933,
7948,5166.714943885803,-2.3403056,
7949,5167.35152053833,-2.4360547,
7950,5167.986858844757,-1.6977735,
7951,5168.62469625473,-1.9723928,
7952,5169.26283288002,-3.0051067,
7953,5169.8976793289185,-2.170272,
7954,5170.536677122116,-1.6582003,
7955,5171.174535512924,-2.576076,
7956,5171.810945272446,-1.6242251,
7957,5172.448313236237,-1.52567,
7958,5173.087670326233,-1.1990154,
7959,5173.726564407349,-1.704787,
7960,5174.362051486969,-1.2654747,
7961,5175.000988960266,-2.137024,
7962,5175.639764070511,-2.2770712,
7963,5176.276882886887,-1.6069145,
7964,5176.914897441864,-3.0240378,
7965,5177.552688837051,-2.8970475,
7966,5178.192130327225,-2.3904529,
7967,5178.83238196373,-2.190248,
7968,5179.467794895172,-2.102997,
7969,5180.108775377274,-1.526021,
7970,5180.7510776519775,-3.353307,
7971,5181.386027812958,-3.2253485,
7972,5182.024515628815,-1.5174444,
7973,5182.666378498077,-1.4231038,
7974,5183.3040199279785,-1.5401485,
7975,5183.942417383194,-1.2041473,
7976,5184.585523366928,-2.9334311,
7977,5185.224240779877,-2.6082623,
7978,5185.862518310547,-2.6981323,
7979,5186.504654169083,-1.1823769,
7980,5187.144599437714,-2.8416061,
7981,5187.782747268677,-1.880061,
7982,5188.42302775383,-2.522319,
7983,5189.061432361603,-2.3315105,
7984,5189.6993980407715,-1.9707623,
7985,5190.340576887131,-1.6981795,
7986,5190.978290557861,-2.4697042,
7987,5191.616057872772,-1.6169919,
7988,5192.25626039505,-2.0131,
7989,5192.895288467407,-1.6203506,
7990,5193.533446788788,-2.828293,
7991,5194.169809579849,-2.7095623,
7992,5194.809688806534,-2.07625,
7993,5195.449739217758,-1.6302564,
7994,5196.087317705154,-2.0462859,
7995,5196.725116729736,-2.2136068,
7996,5197.367370605469,-1.4657227,
7997,5198.003522157669,-3.0208297,
7998,5198.641662836075,-1.0908353,
7999,5199.283240556717,-2.1930623,
