step,time_sec,train_neg_log_ppl,val_neg_log_ppl
1,3.8707265853881836,-14.555168,
2,4.255352258682251,-14.616771,
3,4.688065767288208,-14.589333,
4,5.121927261352539,-14.423422,
5,5.555130243301392,-14.437574,
6,5.989137649536133,-14.34034,
7,6.423440456390381,-14.189173,
8,6.857108116149902,-13.896817,
9,7.290886878967285,-13.646162,
10,7.725265741348267,-13.211755,
11,8.159696817398071,-13.017929,
12,8.59415888786316,-13.043656,
13,9.029026508331299,-12.068319,
14,9.46436595916748,-12.196176,
15,9.899144649505615,-11.510816,
16,10.333731412887573,-11.605356,
17,10.768974304199219,-11.106657,
18,11.204665899276733,-10.670567,
19,11.639760732650757,-10.274264,
20,12.07468295097351,-9.387749,
21,12.50970983505249,-8.967018,
22,12.945240497589111,-8.093932,
23,13.380789279937744,-8.803998,
24,13.81582522392273,-9.195108,
25,14.250947952270508,-8.239462,
26,14.686191320419312,-8.911185,
27,15.122201681137085,-9.635207,
28,15.557852506637573,-10.387667,
29,15.993427276611328,-10.057154,
30,16.429592609405518,-10.440834,
31,16.865169286727905,-12.395843,
32,17.298309564590454,-11.173917,
33,17.73145055770874,-11.814288,
34,18.164820909500122,-13.70432,
35,18.597901105880737,-16.541735,
36,19.03113341331482,-15.42724,
37,19.46418786048889,-15.090203,
38,19.89765429496765,-14.66506,
39,20.330981254577637,-15.178511,
40,20.76414728164673,-17.83002,
41,21.19804286956787,-20.148876,
42,21.63082718849182,-17.003048,
43,22.064090728759766,-20.382206,
44,22.497853994369507,-19.84755,
45,22.93137788772583,-19.054337,
46,23.364890336990356,-21.680517,
47,23.79871106147766,-18.691734,
48,24.231003999710083,-20.883755,
49,24.664520263671875,-19.346947,
50,25.096368074417114,-20.33423,
51,25.52791428565979,-20.209171,
52,25.959665775299072,-18.80688,
53,26.39151406288147,-19.469582,
54,26.823511362075806,-19.995247,
55,27.255454063415527,-20.825375,
56,27.687036275863647,-20.556984,
57,28.118729829788208,-19.205984,
58,28.55036973953247,-18.870794,
59,28.981956243515015,-20.123018,
60,29.413858652114868,-18.302053,
61,29.845577478408813,-19.520645,
62,30.277528047561646,-19.797913,
63,30.70949363708496,-18.173368,
64,31.14141821861267,-18.80671,
65,31.573843717575073,-21.195316,
66,32.00599455833435,-19.20202,
67,32.43865966796875,-18.099184,
68,32.87122631072998,-20.272736,
69,33.30386734008789,-17.548033,
70,33.73686099052429,-17.211449,
71,34.16913199424744,-14.636309,
72,34.601738929748535,-12.70006,
73,35.035109758377075,-13.626251,
74,35.46736001968384,-17.387844,
75,35.900155782699585,-15.431856,
76,36.33322286605835,-14.280451,
77,36.76623582839966,-14.590935,
78,37.19933104515076,-11.594115,
79,37.632452964782715,-11.484231,
80,38.06542730331421,-11.131637,
81,38.49850368499756,-9.980381,
82,38.931763887405396,-9.073424,
83,39.36476421356201,-10.302846,
84,39.798179388046265,-7.889211,
85,40.23176431655884,-9.132193,
86,40.665016174316406,-9.190786,
87,41.09850311279297,-9.543023,
88,41.53239417076111,-8.884333,
89,41.96502470970154,-6.6386,
90,42.39840531349182,-8.704491,
91,42.83186078071594,-8.787914,
92,43.26501441001892,-8.727243,
93,43.69855237007141,-10.278116,
94,44.13212776184082,-11.092082,
95,44.56511569023132,-6.3667545,
96,44.99861741065979,-5.891,
97,45.43261671066284,-8.068007,
98,45.86601519584656,-9.475604,
99,46.299593448638916,-6.458452,
100,46.95918297767639,-7.2475276,
101,47.393160820007324,-7.778948,
102,47.826807260513306,-6.7654023,
103,48.26028800010681,-7.8306847,
104,48.694172620773315,-5.0100117,
105,49.12786340713501,-7.467778,
106,49.56177759170532,-6.5016837,
107,49.99589467048645,-7.803728,
108,50.430031299591064,-7.3287563,
109,50.86333203315735,-6.580887,
110,51.29716873168945,-5.758943,
111,51.731289863586426,-7.265479,
112,52.16484069824219,-6.444689,
113,52.59884834289551,-8.206484,
114,53.03269052505493,-6.668728,
115,53.4666805267334,-8.26214,
116,53.90042805671692,-6.929073,
117,54.33489513397217,-7.441488,
118,54.76917910575867,-6.3930345,
119,55.203129291534424,-5.566915,
120,55.6374831199646,-6.877061,
121,56.07190942764282,-6.2084165,
122,56.50633382797241,-6.406188,
123,56.940717697143555,-6.8855066,
124,57.37527322769165,-7.374966,
125,57.809916973114014,-4.801979,
126,58.24435067176819,-4.911297,
127,58.6792688369751,-5.2032776,
128,59.11321711540222,-7.393642,
129,59.547810554504395,-6.0248394,
130,59.98218250274658,-6.756802,
131,60.416269063949585,-4.3451905,
132,60.85036039352417,-4.988682,
133,61.28444695472717,-4.512517,
134,61.71852493286133,-7.3082533,
135,62.15303182601929,-6.3214607,
136,62.58724927902222,-6.436827,
137,63.02175736427307,-5.684166,
138,63.45599007606506,-5.097961,
139,63.8903865814209,-5.163663,
140,64.32495641708374,-6.4777913,
141,64.75902128219604,-6.636342,
142,65.19369220733643,-7.033027,
143,65.62866258621216,-6.6477537,
144,66.06298232078552,-4.397863,
145,66.49731063842773,-5.2996244,
146,66.93211269378662,-5.880598,
147,67.36702132225037,-7.567442,
148,67.80193829536438,-7.454171,
149,68.23649144172668,-5.7141805,
150,68.6714825630188,-6.4755588,
151,69.10657453536987,-6.3941865,
152,69.54111409187317,-4.635993,
153,69.97591400146484,-5.740526,
154,70.41115951538086,-5.805773,
155,70.84619927406311,-6.47196,
156,71.28111457824707,-6.783457,
157,71.71567010879517,-5.37804,
158,72.1506872177124,-5.6850367,
159,72.58574843406677,-4.640725,
160,73.02040433883667,-5.710029,
161,73.45515489578247,-5.581679,
162,73.89016461372375,-7.1555557,
163,74.32517075538635,-3.7124324,
164,74.75995063781738,-5.371722,
165,75.19484615325928,-4.948448,
166,75.6298508644104,-5.7428966,
167,76.06468772888184,-4.547092,
168,76.49974370002747,-5.0450163,
169,76.93465685844421,-6.501669,
170,77.36981105804443,-7.1305385,
171,77.80519247055054,-4.631405,
172,78.24071383476257,-4.595645,
173,78.6753420829773,-8.927096,
174,79.10996055603027,-5.2408075,
175,79.54513382911682,-4.8572536,
176,79.9804847240448,-6.565416,
177,80.41520738601685,-6.065254,
178,80.85033941268921,-4.5355663,
179,81.2849702835083,-4.0226297,
180,81.72062468528748,-5.3065553,
181,82.15582180023193,-6.0769024,
182,82.59108901023865,-4.574258,
183,83.02660131454468,-5.363077,
184,83.46213865280151,-7.200347,
185,83.8976583480835,-4.7164316,
186,84.33274340629578,-4.1267443,
187,84.76796817779541,-4.347146,
188,85.20383358001709,-6.1098266,
189,85.63941550254822,-3.0617576,
190,86.07461357116699,-5.380619,
191,86.51016283035278,-4.3638096,
192,86.94569492340088,-4.6425686,
193,87.38118577003479,-5.0316887,
194,87.81659197807312,-4.211317,
195,88.25178360939026,-5.027008,
196,88.68699645996094,-4.2645617,
197,89.12223958969116,-4.1076984,
198,89.5577232837677,-6.2489557,
199,89.99322462081909,-5.5102973,
200,90.63224411010742,-3.6495197,
201,91.06727957725525,-4.887594,
202,91.50275707244873,-4.588483,
203,91.93870329856873,-3.734435,
204,92.37460446357727,-5.565914,
205,92.81016659736633,-5.7016754,
206,93.24570631980896,-4.9159303,
207,93.68155837059021,-4.2885695,
208,94.11869931221008,-3.8493848,
209,94.55447626113892,-4.81759,
210,94.98956727981567,-4.621058,
211,95.08861017227173,-5.53881,
212,96.14864993095398,-4.5939994,
213,96.58441877365112,-4.198428,
214,97.02071189880371,-3.3473992,
215,97.45698285102844,-2.8817198,
216,97.89296841621399,-6.2775927,
217,98.32906293869019,-4.683807,
218,98.76503229141235,-3.9723573,
219,99.20136332511902,-3.6715288,
220,99.63771653175354,-5.258687,
221,100.07414674758911,-4.598996,
222,100.51089262962341,-3.2530558,
223,100.94724631309509,-4.8581696,
224,101.38358092308044,-3.6889608,
225,101.81988954544067,-6.344927,
226,102.2562243938446,-3.6322174,
227,102.69276309013367,-4.81683,
228,103.1289119720459,-4.2080054,
229,103.56499457359314,-2.935957,
230,104.00129246711731,-4.7998624,
231,104.43748307228088,-4.1704216,
232,104.87377047538757,-4.686001,
233,105.31018710136414,-3.6286724,
234,105.7465546131134,-3.8903534,
235,106.18282198905945,-4.3738236,
236,106.61912274360657,-2.7812176,
237,107.05544328689575,-5.425257,
238,107.49204516410828,-2.9001546,
239,107.92839884757996,-2.243436,
240,108.3651192188263,-3.5120847,
241,108.80152297019958,-5.362194,
242,109.23794198036194,-4.332463,
243,109.67431354522705,-3.6479445,
244,110.11105298995972,-3.2225847,
245,110.54763531684875,-4.0130706,
246,110.98439049720764,-4.021532,
247,111.42082095146179,-4.6943355,
248,111.85758233070374,-2.3694007,
249,112.29452180862427,-3.0799654,
250,112.7315046787262,-2.173164,
251,113.1680703163147,-3.6373374,
252,113.60471510887146,-4.1953754,
253,114.04107522964478,-2.0026536,
254,114.47757411003113,-3.8528423,
255,114.91414666175842,-2.460885,
256,115.35107254981995,-4.2730565,
257,115.78777837753296,-3.7055802,
258,116.22454500198364,-2.4531994,
259,116.66084337234497,-3.1845574,
260,117.09757590293884,-3.1789393,
261,117.53424286842346,-4.724891,
262,117.97070336341858,-3.4505022,
263,118.40730023384094,-3.4114847,
264,118.84349918365479,-3.5070264,
265,119.27975273132324,-2.6764257,
266,119.71666312217712,-5.2990036,
267,120.15328097343445,-2.8237681,
268,120.59020352363586,-2.7885861,
269,121.02695965766907,-3.1830459,
270,121.46350431442261,-2.2429812,
271,121.89976501464844,-2.739791,
272,122.33648157119751,-2.5550046,
273,122.77317786216736,-2.4436,
274,123.21005582809448,-2.8227096,
275,123.64695048332214,-2.886925,
276,124.08358359336853,-4.8077044,
277,124.52072238922119,-1.8883402,
278,124.95747590065002,-2.1975067,
279,125.39404225349426,-6.7878313,
280,125.8307592868805,-3.258131,
281,126.26791524887085,-2.3881493,
282,126.704660654068,-3.8855402,
283,127.14119958877563,-2.8993511,
284,127.57782530784607,-3.052192,
285,128.0146713256836,-3.3142886,
286,128.4514729976654,-3.3171632,
287,128.8883285522461,-2.682814,
288,129.32530450820923,-2.687982,
289,129.76212310791016,-1.8015366,
290,130.19892001152039,-2.582379,
291,130.63545989990234,-2.3284218,
292,131.07205176353455,-2.8961282,
293,131.5090136528015,-2.19694,
294,131.94639587402344,-4.5889363,
295,132.38321661949158,-2.7845607,
296,132.81966161727905,-3.9137692,
297,133.25628113746643,-2.6070018,
298,133.6932728290558,-2.5923233,
299,134.13019347190857,-4.0637927,
300,134.7784583568573,-3.4529955,
301,135.21515011787415,-2.627217,
302,135.65198969841003,-3.4723089,
303,136.0888683795929,-2.8669486,
304,136.52605628967285,-5.6209126,
305,136.96301341056824,-2.1325893,
306,137.40009665489197,-3.427389,
307,137.83721613883972,-1.7478865,
308,138.2741780281067,-2.403939,
309,138.7108519077301,-2.7386706,
310,139.147531747818,-2.5987723,
311,139.58445382118225,-2.954394,
312,140.02125811576843,-3.2694435,
313,140.4582736492157,-4.616056,
314,140.8950755596161,-3.4294589,
315,141.3318772315979,-2.1252182,
316,141.76842164993286,-2.8885696,
317,142.20569372177124,-3.9405735,
318,142.64289903640747,-3.4502592,
319,143.07983779907227,-3.337048,
320,143.5165901184082,-2.4076872,
321,143.95341897010803,-1.4038256,
322,144.38979935646057,-3.7354693,
323,144.82691526412964,-3.9887388,
324,145.26386213302612,-3.0358562,
325,145.70108270645142,-2.6705618,
326,146.13808178901672,-5.1441846,
327,146.57511639595032,-3.185264,
328,147.0121419429779,-3.5117326,
329,147.44916892051697,-3.6939616,
330,147.88653802871704,-2.2287052,
331,148.323992729187,-3.4061718,
332,148.7615623474121,-2.4210806,
333,149.19846105575562,-3.8209352,
334,149.63562417030334,-4.119935,
335,150.07279443740845,-3.753586,
336,150.51018857955933,-3.9661875,
337,150.947336435318,-3.453176,
338,151.38461565971375,-2.7791657,
339,151.82141757011414,-2.2680173,
340,152.2584159374237,-2.111093,
341,152.695867061615,-2.6376178,
342,153.13268089294434,-3.211595,
343,153.57007670402527,-3.160938,
344,154.0070366859436,-2.358977,
345,154.4444055557251,-3.1459563,
346,154.8820662498474,-3.7332149,
347,155.3199622631073,-1.6196779,
348,155.75717043876648,-2.790706,
349,156.19464349746704,-1.4373714,
350,156.63173079490662,-2.1606338,
351,157.06903743743896,-2.0916007,
352,157.50627875328064,-1.9100037,
353,157.94365215301514,-2.6581483,
354,158.38120794296265,-3.126213,
355,158.81899428367615,-2.9991863,
356,159.25647616386414,-2.4297354,
357,159.69391536712646,-3.0377066,
358,160.131121635437,-3.9568539,
359,160.56813049316406,-3.476466,
360,161.0053894519806,-2.7839382,
361,161.44260811805725,-2.8152616,
362,161.8800277709961,-2.4452696,
363,162.31766271591187,-3.1136596,
364,162.75467348098755,-2.10048,
365,163.1919276714325,-2.946515,
366,163.62934374809265,-1.3077404,
367,164.06653761863708,-2.3679407,
368,164.5038709640503,-3.1529553,
369,164.94128346443176,-2.3118808,
370,165.3787181377411,-3.198776,
371,165.81640481948853,-1.0627334,
372,166.25400137901306,-2.5828698,
373,166.69151425361633,-2.827903,
374,167.12859082221985,-2.4029076,
375,167.56585311889648,-2.2146447,
376,168.0032606124878,-2.2911325,
377,168.4406771659851,-4.180352,
378,168.87768816947937,-1.126476,
379,169.3155174255371,-1.6778884,
380,169.75308299064636,-1.6895993,
381,170.1905620098114,-2.1128361,
382,170.6276400089264,-3.3636043,
383,171.06484007835388,-3.909877,
384,171.50236129760742,-3.3684866,
385,171.93989038467407,-1.6841366,
386,172.37722206115723,-2.2403262,
387,172.8148810863495,-2.3979785,
388,173.2528257369995,-1.5952712,
389,173.69030165672302,-2.1100745,
390,174.12772154808044,-2.7326171,
391,174.5652461051941,-1.9328452,
392,175.00301432609558,-2.4904485,
393,175.4405698776245,-1.7545801,
394,175.87793636322021,-2.0455346,
395,176.31534934043884,-3.6966748,
396,176.75317335128784,-2.1442525,
397,177.19061851501465,-1.707499,
398,177.62806129455566,-2.9545832,
399,178.06550073623657,-3.841569,
400,178.7047300338745,-2.5901933,
401,179.14222407341003,-2.129498,
402,179.57935547828674,-3.3495295,
403,180.01682138442993,-1.0282614,
404,180.45419931411743,-3.34833,
405,180.89187955856323,-3.3170784,
406,181.3291289806366,-2.43125,
407,181.76686716079712,-1.7604058,
408,182.2040355205536,-1.9143223,
409,182.64098572731018,-2.9227753,
410,183.0783655643463,-2.4626806,
411,183.51566433906555,-2.044731,
412,183.95338773727417,-2.857579,
413,184.39099836349487,-4.8092456,
414,184.8281443119049,-1.7503381,
415,185.2659728527069,-1.3988087,
416,185.70339179039001,-2.7491627,
417,186.14028334617615,-2.444209,
418,186.577800989151,-3.5561414,
419,187.01492977142334,-2.5404537,
420,187.45234417915344,-1.8986503,
421,187.8901665210724,-2.0264275,
422,187.98921012878418,-3.0725605,
423,189.00962567329407,-1.6236416,
424,189.44658398628235,-2.4024963,
425,189.8837308883667,-3.8161676,
426,190.32110476493835,-2.2880878,
427,190.75811433792114,-4.3652334,
428,191.19549822807312,-2.0213358,
429,191.63332676887512,-1.9741505,
430,192.07069373130798,-1.2870501,
431,192.50842833518982,-4.6000347,
432,192.94631361961365,-1.6718881,
433,193.38372230529785,-2.6988623,
434,193.82142853736877,-2.1218224,
435,194.25892758369446,-2.420045,
436,194.69650864601135,-3.0491207,
437,195.13401699066162,-1.8189014,
438,195.57169246673584,-2.744458,
439,196.0093548297882,-1.2757963,
440,196.44742393493652,-2.1956563,
441,196.8852264881134,-2.9008543,
442,197.32283186912537,-2.1389658,
443,197.76047015190125,-5.1185217,
444,198.19797158241272,-2.5157328,
445,198.63603854179382,-1.7146857,
446,199.07382655143738,-2.8753705,
447,199.5111060142517,-3.751029,
448,199.9487578868866,-3.63931,
449,200.38690280914307,-2.2513757,
450,200.82531929016113,-1.5022361,
451,201.26337099075317,-2.316732,
452,201.70149946212769,-3.1410851,
453,202.13985443115234,-1.2138077,
454,202.57750153541565,-1.4240947,
455,203.0156455039978,-1.8601274,
456,203.45403695106506,-2.2432306,
457,203.89204025268555,-2.6684768,
458,204.32966995239258,-3.3832002,
459,204.76785850524902,-1.0386648,
460,205.20617151260376,-1.1025687,
461,205.64447045326233,-1.7430369,
462,206.0827145576477,-2.6460605,
463,206.520765542984,-4.3793516,
464,206.9590814113617,-2.1690433,
465,207.39710068702698,-2.7384875,
466,207.83516120910645,-1.9428738,
467,208.2736382484436,-3.7320216,
468,208.7121081352234,-1.8697224,
469,209.15032839775085,-2.4867697,
470,209.5886344909668,-3.6811528,
471,210.02686309814453,-2.669546,
472,210.46533679962158,-2.9578257,
473,210.90359830856323,-1.7838303,
474,211.34239721298218,-2.2586532,
475,211.78066301345825,-1.9710588,
476,212.21906042099,-1.773433,
477,212.65725135803223,-1.8210242,
478,213.09521293640137,-1.4424033,
479,213.53319716453552,-1.9001197,
480,213.9713695049286,-2.9748943,
481,214.40947127342224,-1.4624381,
482,214.8478856086731,-1.9243803,
483,215.28611516952515,-2.6920967,
484,215.72410607337952,-1.33093,
485,216.16234374046326,-2.8656704,
486,216.60139060020447,-2.8085098,
487,217.04043102264404,-2.174693,
488,217.47814321517944,-2.0958185,
489,217.916277885437,-1.3492429,
490,218.35446691513062,-3.8309617,
491,218.79223203659058,-2.0666578,
492,219.23004055023193,-0.86923313,
493,219.66766166687012,-1.318912,
494,220.10595965385437,-1.5017694,
495,220.54397773742676,-2.4017487,
496,220.98198986053467,-3.2982318,
497,221.42024636268616,-2.5949252,
498,221.8583583831787,-1.7835358,
499,222.29652404785156,-2.0950701,
500,222.94651246070862,-1.8096588,
501,223.3849720954895,-1.759719,
502,223.82311749458313,-2.6286945,
503,224.26117825508118,-2.6718068,
504,224.69931602478027,-1.5294902,
505,225.13755059242249,-2.710819,
506,225.57591438293457,-1.7277788,
507,226.0137321949005,-2.5493379,
508,226.451678276062,-1.8367352,
509,226.8898961544037,-3.626079,
510,227.32758951187134,-2.6514168,
511,227.76570749282837,-1.6344336,
512,228.20371055603027,-2.4756737,
513,228.6418240070343,-2.3407204,
514,229.0800769329071,-3.5693812,
515,229.51831102371216,-2.5964022,
516,229.9565064907074,-2.357637,
517,230.39495611190796,-2.3777437,
518,230.83344888687134,-2.3661206,
519,231.27147793769836,-1.9206185,
520,231.70950841903687,-2.681459,
521,232.14744877815247,-2.053103,
522,232.5855770111084,-2.374508,
523,233.0235412120819,-1.7332863,
524,233.46151471138,-3.2866201,
525,233.8998317718506,-2.6160192,
526,234.33786797523499,-1.6349797,
527,234.77591013908386,-2.4790802,
528,235.21431970596313,-1.6482356,
529,235.6521475315094,-1.106328,
530,236.09005069732666,-1.8706827,
531,236.52776432037354,-2.8736138,
532,236.9655692577362,-2.0053718,
533,237.40370059013367,-2.7755394,
534,237.84166884422302,-2.04461,
535,238.28013849258423,-2.078435,
536,238.71830534934998,-3.180438,
537,239.1562750339508,-2.122418,
538,239.59457111358643,-3.651712,
539,240.03303837776184,-1.8385581,
540,240.47113943099976,-2.406618,
541,240.90897917747498,-2.3793294,
542,241.34727215766907,-3.48881,
543,241.78506135940552,-3.6900396,
544,242.22284865379333,-2.3958771,
545,242.66107487678528,-1.3245163,
546,243.09895730018616,-2.3588042,
547,243.5369918346405,-1.3944308,
548,243.97494411468506,-1.5552865,
549,244.41282081604004,-2.308722,
550,244.85078358650208,-3.2958357,
551,245.28891611099243,-4.799613,
552,245.72671699523926,-2.2474017,
553,246.16442012786865,-3.0961509,
554,246.60294246673584,-3.4645543,
555,247.04101634025574,-2.9073782,
556,247.4788782596588,-3.171022,
557,247.91722679138184,-2.1159573,
558,248.3555338382721,-2.7186348,
559,248.79278254508972,-2.0406346,
560,249.2307915687561,-2.2470944,
561,249.66902136802673,-2.0373669,
562,250.10728764533997,-1.2464792,
563,250.5453507900238,-1.9577794,
564,250.98309016227722,-1.4272497,
565,251.42080187797546,-2.3539329,
566,251.8589153289795,-2.0117607,
567,252.29654550552368,-2.0205445,
568,252.73441743850708,-2.1635854,
569,253.17202973365784,-1.9676616,
570,253.6103127002716,-2.2240505,
571,254.04884004592896,-1.1426917,
572,254.4871277809143,-3.6148627,
573,254.92529320716858,-2.5445824,
574,255.36336302757263,-3.562843,
575,255.80099868774414,-2.556108,
576,256.23903489112854,-1.5950484,
577,256.67731261253357,-2.4236693,
578,257.1151943206787,-1.8709984,
579,257.5528962612152,-1.8401713,
580,257.9909815788269,-1.1626287,
581,258.42935156822205,-1.7061832,
582,258.86794090270996,-3.1178901,
583,259.3059706687927,-1.8055007,
584,259.74389362335205,-3.9107406,
585,260.1818742752075,-1.1406085,
586,260.6197831630707,-0.942148,
587,261.0582962036133,-1.8243772,
588,261.4964611530304,-2.4354706,
589,261.93454098701477,-1.8007596,
590,262.37296080589294,-3.2560046,
591,262.81082129478455,-2.3591247,
592,263.24853706359863,-3.106157,
593,263.6865155696869,-1.7317976,
594,264.1247580051422,-3.9544513,
595,264.5630204677582,-1.8925484,
596,265.0010449886322,-1.4015771,
597,265.4386947154999,-2.9450588,
598,265.87667083740234,-2.3340592,
599,266.31485629081726,-2.5146756,
600,266.95459389686584,-1.9488494,
601,267.39231967926025,-3.583899,
602,267.83033895492554,-3.0363085,
603,268.2685978412628,-3.0419595,
604,268.7067177295685,-2.0133724,
605,269.1448037624359,-2.7664437,
606,269.5827112197876,-4.0409613,
607,270.0207121372223,-2.476543,
608,270.4586067199707,-1.807452,
609,270.896559715271,-1.5496043,
610,271.33407521247864,-1.403204,
611,271.7720363140106,-1.7878022,
612,272.20995712280273,-2.3988676,
613,272.647931098938,-1.7562846,
614,273.08585000038147,-1.0582347,
615,273.5237135887146,-3.6176672,
616,273.96196269989014,-1.9172817,
617,274.3998954296112,-2.1068041,
618,274.83805751800537,-3.5943947,
619,275.27577352523804,-1.7978563,
620,275.71380615234375,-2.291578,
621,276.15185499191284,-2.1578755,
622,276.58978748321533,-1.9934367,
623,277.02788043022156,-3.5802288,
624,277.4660062789917,-4.0497966,
625,277.90347814559937,-1.2486348,
626,278.3417706489563,-3.246152,
627,278.7797658443451,-2.795957,
628,279.21781373023987,-3.3100626,
629,279.65572810173035,-3.734433,
630,280.09361815452576,-3.2131333,
631,280.53127455711365,-1.3454578,
632,280.9690525531769,-2.632323,
633,281.06785798072815,-1.7879435,
634,281.97540760040283,-2.7095072,
635,282.4131166934967,-2.2958398,
636,282.85033655166626,-1.5356379,
637,283.28775811195374,-1.66363,
638,283.7260401248932,-4.438177,
639,284.16404581069946,-2.7208116,
640,284.6020259857178,-2.8492556,
641,285.0400071144104,-2.4976735,
642,285.4779875278473,-2.357633,
643,285.91591930389404,-2.016761,
644,286.3540139198303,-3.47414,
645,286.79186272621155,-2.5340524,
646,287.2295639514923,-1.58477,
647,287.6674509048462,-1.9374007,
648,288.105277299881,-3.2258973,
649,288.542986869812,-2.7829144,
650,288.9806740283966,-2.0215597,
651,289.4186987876892,-1.7665353,
652,289.8571207523346,-3.7554507,
653,290.2950303554535,-2.136225,
654,290.7327718734741,-1.6197073,
655,291.17056488990784,-2.4887478,
656,291.6089062690735,-2.6676607,
657,292.0467920303345,-1.7312413,
658,292.4843783378601,-2.4592612,
659,292.92235493659973,-1.3687187,
660,293.36067271232605,-0.76120275,
661,293.7984757423401,-2.8239799,
662,294.2365686893463,-1.5121806,
663,294.6744658946991,-1.7921574,
664,295.11212134361267,-2.096383,
665,295.55004835128784,-1.8769187,
666,295.9874355792999,-2.6138792,
667,296.42527508735657,-2.5878577,
668,296.86320066452026,-1.4636831,
669,297.30157494544983,-1.8098819,
670,297.7396242618561,-2.0737202,
671,298.17748403549194,-2.6687753,
672,298.61538648605347,-1.7996287,
673,299.0533449649811,-1.513144,
674,299.4912209510803,-2.0826173,
675,299.9291236400604,-2.4564297,
676,300.3672983646393,-1.3676019,
677,300.8050775527954,-3.49611,
678,301.24333906173706,-1.3925378,
679,301.6812422275543,-2.1234212,
680,302.1187882423401,-1.7831571,
681,302.55620527267456,-2.140784,
682,302.99440360069275,-1.7554488,
683,303.43274116516113,-2.2023907,
684,303.8706154823303,-2.456716,
685,304.3086133003235,-1.5632825,
686,304.7461233139038,-2.1290278,
687,305.1839859485626,-1.5445073,
688,305.62241077423096,-3.9945626,
689,306.06005096435547,-0.9220153,
690,306.4976079463959,-1.5426443,
691,306.9353551864624,-1.8260206,
692,307.37316274642944,-3.8781538,
693,307.8112277984619,-1.4113414,
694,308.24902081489563,-1.5778667,
695,308.6867775917053,-1.2800894,
696,309.1245677471161,-1.4725965,
697,309.5627827644348,-3.496171,
698,310.0008397102356,-3.86345,
699,310.43847036361694,-1.4434015,
700,311.086900472641,-1.5391743,
701,311.52467155456543,-2.7874918,
702,311.9624512195587,-2.4668725,
703,312.400164604187,-1.5168428,
704,312.8377683162689,-3.2416434,
705,313.27543091773987,-2.7750072,
706,313.7129919528961,-3.2874765,
707,314.1509780883789,-3.4395149,
708,314.58899998664856,-1.766964,
709,315.02723598480225,-2.5173266,
710,315.4653079509735,-3.4306073,
711,315.9031186103821,-2.0400295,
712,316.34097933769226,-2.650922,
713,316.7789840698242,-5.0694523,
714,317.2170283794403,-2.264517,
715,317.6551628112793,-2.3613067,
716,318.0930440425873,-2.3047676,
717,318.5307881832123,-1.6975594,
718,318.96874618530273,-4.1312757,
719,319.40686655044556,-1.0158997,
720,319.84510016441345,-3.8506098,
721,320.28300881385803,-5.3174276,
722,320.72089314460754,-2.0010421,
723,321.1590132713318,-2.1121197,
724,321.597177028656,-3.0926702,
725,322.0350935459137,-2.1212134,
726,322.4732201099396,-2.3415947,
727,322.9110059738159,-2.075715,
728,323.34896874427795,-1.8681898,
729,323.7870752811432,-2.5202374,
730,324.2244942188263,-3.5473769,
731,324.6622850894928,-1.7830917,
732,325.10012459754944,-1.8956612,
733,325.5377907752991,-2.5365744,
734,325.9756727218628,-1.1760902,
735,326.4137136936188,-1.7105116,
736,326.85184478759766,-2.3187327,
737,327.2902498245239,-1.9816182,
738,327.72799825668335,-2.4437618,
739,328.1661012172699,-4.140581,
740,328.604106426239,-2.3963933,
741,329.0421414375305,-1.1600903,
742,329.4800109863281,-1.8074443,
743,329.91811871528625,-2.3795853,
744,330.3565423488617,-4.178691,
745,330.79459142684937,-3.7127442,
746,331.23245549201965,-2.1563344,
747,331.67068004608154,-1.8462988,
748,332.10867285728455,-1.3056529,
749,332.54666781425476,-3.1307216,
750,332.98461651802063,-1.7042031,
751,333.4227738380432,-1.8320098,
752,333.8606963157654,-3.2837706,
753,334.2988328933716,-2.6434221,
754,334.7362976074219,-2.1006098,
755,335.17432832717896,-1.4725057,
756,335.6123163700104,-2.0221355,
757,336.0504505634308,-1.4903239,
758,336.4889602661133,-2.142323,
759,336.9272346496582,-1.8361615,
760,337.3645441532135,-1.4702041,
761,337.8027665615082,-3.434554,
762,338.24090242385864,-2.8823705,
763,338.6789906024933,-1.4284049,
764,339.11710023880005,-1.3504418,
765,339.554958820343,-2.105837,
766,339.99324917793274,-1.9803153,
767,340.43122124671936,-1.5631809,
768,340.8690869808197,-4.0505366,
769,341.3067889213562,-1.5328816,
770,341.74482226371765,-1.8964608,
771,342.18267011642456,-1.8490335,
772,342.6214110851288,-1.7023537,
773,343.0605797767639,-1.5131937,
774,343.49859738349915,-2.2739103,
775,343.9364311695099,-1.3751328,
776,344.37442207336426,-2.363508,
777,344.8126587867737,-3.8233006,
778,345.25025486946106,-3.154554,
779,345.68811798095703,-1.4689069,
780,346.1266522407532,-2.2433767,
781,346.5646426677704,-1.526575,
782,347.00211119651794,-4.1253214,
783,347.44030141830444,-3.0170636,
784,347.8785707950592,-2.5783684,
785,348.3164346218109,-2.7450423,
786,348.75456142425537,-2.2023838,
787,349.1925389766693,-2.42029,
788,349.63014245033264,-2.546191,
789,350.0680606365204,-2.2394414,
790,350.505916595459,-0.5884712,
791,350.9434332847595,-1.3932612,
792,351.38123321533203,-1.3964105,
793,351.8191456794739,-3.7860122,
794,352.2571647167206,-2.4967937,
795,352.69523882865906,-1.9150774,
796,353.1331431865692,-2.187115,
797,353.5708360671997,-2.3905663,
798,354.0084264278412,-1.87006,
799,354.4462649822235,-1.7884202,
800,355.0845057964325,-2.1330056,
801,355.52261686325073,-2.2580159,
802,355.96043729782104,-3.144669,
803,356.3984067440033,-2.2493556,
804,356.8365800380707,-1.5942923,
805,357.2748165130615,-2.404549,
806,357.7125082015991,-1.7119708,
807,358.1506140232086,-1.8960997,
808,358.58860993385315,-1.9264884,
809,359.0261549949646,-2.1952026,
810,359.4638247489929,-2.8933616,
811,359.9028511047363,-1.8273624,
812,360.3412356376648,-0.9961865,
813,360.77915239334106,-1.864603,
814,361.21711444854736,-2.672248,
815,361.65514302253723,-2.4722874,
816,362.09303283691406,-2.0908206,
817,362.5310082435608,-0.90633273,
818,362.9689977169037,-2.8896036,
819,363.4065454006195,-1.6879431,
820,363.8444240093231,-2.4093795,
821,364.2822403907776,-1.5793427,
822,364.72050738334656,-1.4021344,
823,365.15834856033325,-2.4398873,
824,365.5960171222687,-1.7131832,
825,366.03390073776245,-2.9657507,
826,366.47156953811646,-1.364842,
827,366.909099817276,-2.2507324,
828,367.34681582450867,-1.7355809,
829,367.7844350337982,-1.9942822,
830,368.22259616851807,-2.803802,
831,368.6604115962982,-4.4267564,
832,369.0982756614685,-4.9556856,
833,369.53613471984863,-1.4976699,
834,369.9741666316986,-2.652764,
835,370.41220235824585,-1.9525194,
836,370.85006046295166,-2.936872,
837,371.28759264945984,-1.7903076,
838,371.72560954093933,-0.9456997,
839,372.16354632377625,-2.6303096,
840,372.6014337539673,-1.3239334,
841,373.039253950119,-2.4267583,
842,373.47728085517883,-2.4852715,
843,373.9151542186737,-2.1769128,
844,374.01368713378906,-0.15880536,
845,375.0510561466217,-2.142242,
846,375.48913502693176,-1.294307,
847,375.9266314506531,-1.5212015,
848,376.36449360847473,-1.2327421,
849,376.8022494316101,-1.0323927,
850,377.2401432991028,-2.17456,
851,377.6781885623932,-2.1189413,
852,378.1160099506378,-0.7821712,
853,378.5538651943207,-2.0315816,
854,378.99189138412476,-1.6569184,
855,379.43007946014404,-2.059888,
856,379.86847615242004,-1.6181896,
857,380.30657744407654,-2.0745907,
858,380.7445468902588,-2.4491434,
859,381.1823101043701,-1.9854362,
860,381.62044620513916,-1.5515044,
861,382.0585525035858,-2.4799325,
862,382.4966185092926,-2.678134,
863,382.93499207496643,-1.3654517,
864,383.3730642795563,-1.9520988,
865,383.81109857559204,-3.1616564,
866,384.2488739490509,-1.8631616,
867,384.6870255470276,-3.9462585,
868,385.12480998039246,-4.913508,
869,385.5625672340393,-1.9178803,
870,386.0003547668457,-2.2009208,
871,386.4384295940399,-2.3802352,
872,386.8765594959259,-1.7870793,
873,387.3144977092743,-1.6569102,
874,387.7529528141022,-2.4089708,
875,388.19082021713257,-4.2660623,
876,388.6284964084625,-0.71259713,
877,389.0664908885956,-2.743654,
878,389.5044867992401,-1.8700106,
879,389.9428391456604,-2.3682628,
880,390.3809061050415,-1.8241848,
881,390.81841230392456,-2.077307,
882,391.25662422180176,-2.9090528,
883,391.69491314888,-2.392336,
884,392.1326253414154,-1.9016573,
885,392.5714123249054,-2.0862596,
886,393.0100953578949,-2.830646,
887,393.4479525089264,-1.6719105,
888,393.8861553668976,-1.051641,
889,394.3245666027069,-2.47863,
890,394.7627079486847,-3.3550923,
891,395.20107412338257,-1.5519888,
892,395.63929772377014,-2.2702467,
893,396.07707619667053,-2.82084,
894,396.5146481990814,-2.4085855,
895,396.95244812965393,-3.0557048,
896,397.39023756980896,-1.2595804,
897,397.82854890823364,-2.810093,
898,398.26666259765625,-2.9963696,
899,398.7046971321106,-2.9484634,
900,399.3552143573761,-1.862165,
901,399.79303431510925,-2.1888573,
902,400.2310450077057,-2.4923944,
903,400.66887855529785,-3.08848,
904,401.10717964172363,-2.2550147,
905,401.54521799087524,-3.0432138,
906,401.98319387435913,-3.354632,
907,402.42155933380127,-1.6821427,
908,402.85932779312134,-1.8170187,
909,403.2974681854248,-2.4382849,
910,403.7357323169708,-2.2073357,
911,404.17340087890625,-2.1479788,
912,404.6114227771759,-3.3416584,
913,405.0492935180664,-2.2092366,
914,405.4875259399414,-2.7187276,
915,405.9254801273346,-2.1827352,
916,406.3632712364197,-2.2568803,
917,406.8015389442444,-1.9288487,
918,407.2400891780853,-3.024582,
919,407.6781406402588,-1.5828809,
920,408.1157925128937,-2.8970385,
921,408.55344676971436,-1.4498734,
922,408.99150943756104,-1.9157375,
923,409.42950439453125,-3.2246032,
924,409.8673264980316,-1.7727218,
925,410.30532479286194,-1.4706945,
926,410.74354314804077,-3.122329,
927,411.1813135147095,-2.692411,
928,411.61963176727295,-1.7795515,
929,412.0579745769501,-2.995421,
930,412.4960641860962,-1.9129791,
931,412.9340944290161,-2.9653573,
932,413.3720598220825,-1.7154144,
933,413.8098931312561,-1.99617,
934,414.2476649284363,-1.8260398,
935,414.68552803993225,-3.4870381,
936,415.1238467693329,-1.8790706,
937,415.5623457431793,-2.2758627,
938,416.0001266002655,-1.9030539,
939,416.43856930732727,-1.6834655,
940,416.87701988220215,-3.0349631,
941,417.31479930877686,-2.0384285,
942,417.7527711391449,-2.0622408,
943,418.19088077545166,-1.4813534,
944,418.6287865638733,-1.856709,
945,419.0669083595276,-2.5794914,
946,419.5052216053009,-2.3171375,
947,419.9432637691498,-2.046711,
948,420.3809971809387,-2.5025916,
949,420.81889486312866,-1.8484831,
950,421.2570650577545,-1.5016707,
951,421.6955885887146,-1.9921143,
952,422.1337077617645,-2.1399846,
953,422.5721573829651,-1.3475293,
954,423.01018500328064,-1.2572079,
955,423.4483845233917,-2.093987,
956,423.8867678642273,-1.9640813,
957,424.3247375488281,-1.0592227,
958,424.76285886764526,-2.7877064,
959,425.201176404953,-3.1933188,
960,425.6396999359131,-2.603948,
961,426.0774574279785,-2.5286374,
962,426.51553177833557,-3.6368523,
963,426.95401906967163,-2.2000418,
964,427.39206862449646,-3.600983,
965,427.8301079273224,-1.9903553,
966,428.268390417099,-1.4697324,
967,428.7062118053436,-3.4100351,
968,429.14434003829956,-2.2918622,
969,429.5825023651123,-2.8624039,
970,430.0204293727875,-1.4148405,
971,430.4583601951599,-2.7917678,
972,430.8962161540985,-1.5545244,
973,431.33415842056274,-2.6954856,
974,431.7726948261261,-1.3231184,
975,432.211106300354,-2.7126002,
976,432.6493549346924,-1.5239656,
977,433.0873682498932,-2.378738,
978,433.5249433517456,-2.2961216,
979,433.9628977775574,-2.3639395,
980,434.40108466148376,-2.3392394,
981,434.83905601501465,-1.3925209,
982,435.27675437927246,-1.5705374,
983,435.71498918533325,-2.221301,
984,436.15274357795715,-1.9476745,
985,436.5910642147064,-2.107708,
986,437.028639793396,-1.7324195,
987,437.4662697315216,-1.4377079,
988,437.90427136421204,-1.8088852,
989,438.3421847820282,-0.7928691,
990,438.78025460243225,-2.6326492,
991,439.21811032295227,-2.6943579,
992,439.6559760570526,-1.3492434,
993,440.0939371585846,-1.737659,
994,440.5321424007416,-2.8478787,
995,440.9703154563904,-2.319779,
996,441.40875267982483,-1.6785405,
997,441.84660053253174,-1.7124509,
998,442.28460240364075,-2.0224736,
999,442.7222728729248,-1.5770063,
1000,443.3620836734772,-3.4529781,
1001,443.799498796463,-1.7293825,
1002,444.23724603652954,-1.373051,
1003,444.6751055717468,-2.4380546,
1004,445.1133334636688,-1.4993653,
1005,445.5512080192566,-1.879183,
1006,445.98944211006165,-2.3577852,
1007,446.42807936668396,-2.2734594,
1008,446.8664517402649,-2.3737328,
1009,447.3047385215759,-2.340448,
1010,447.74277424812317,-1.4199666,
1011,448.18066334724426,-1.6496046,
1012,448.61862111091614,-2.0340924,
1013,449.05655789375305,-1.0665674,
1014,449.4943358898163,-2.948629,
1015,449.93181896209717,-2.9045787,
1016,450.3694417476654,-1.8114309,
1017,450.8073043823242,-1.492255,
1018,451.2456202507019,-2.7359478,
1019,451.6837646961212,-0.9714941,
1020,452.1216776371002,-2.6605766,
1021,452.559485912323,-1.7052304,
1022,452.9976577758789,-1.7555451,
1023,453.4356200695038,-2.7558742,
1024,453.87345838546753,-3.149827,
1025,454.3114535808563,-2.8752031,
1026,454.749489068985,-2.0756507,
1027,455.18746638298035,-3.9937735,
1028,455.6255717277527,-2.3013003,
1029,456.0636863708496,-2.7786274,
1030,456.5014810562134,-2.0313299,
1031,456.93946504592896,-3.3186119,
1032,457.3771185874939,-1.8168942,
1033,457.8146846294403,-2.103503,
1034,458.25227189064026,-3.1843402,
1035,458.69048500061035,-1.9200778,
1036,459.12859630584717,-1.5528394,
1037,459.5664572715759,-2.8923922,
1038,460.0044629573822,-2.3916845,
1039,460.44239234924316,-3.9233363,
1040,460.88045954704285,-2.3998225,
1041,461.3185362815857,-0.99142385,
1042,461.75610065460205,-3.1269171,
1043,462.19392251968384,-2.028607,
1044,462.63207507133484,-2.2722611,
1045,463.0696635246277,-0.8517062,
1046,463.5075614452362,-2.6035542,
1047,463.9453935623169,-1.4944599,
1048,464.3834581375122,-2.9494586,
1049,464.82192850112915,-1.5246183,
1050,465.2601523399353,-1.2828492,
1051,465.6978552341461,-1.7959673,
1052,466.1356773376465,-1.8454721,
1053,466.5735721588135,-3.6402907,
1054,467.0116693973541,-1.5396593,
1055,467.1103365421295,-8.880346,
1056,468.15568113327026,-1.3202585,
1057,468.5933210849762,-1.7862805,
1058,469.0308074951172,-2.9278722,
1059,469.4684760570526,-0.6371765,
1060,469.90649342536926,-2.3143,
1061,470.34439182281494,-2.8255956,
1062,470.78210163116455,-2.226154,
1063,471.2202138900757,-1.2978733,
1064,471.6581687927246,-1.2553892,
1065,472.09587812423706,-1.4064076,
1066,472.5338656902313,-1.3532305,
1067,472.97173523902893,-3.643342,
1068,473.4097864627838,-2.7585144,
1069,473.847936630249,-1.9116322,
1070,474.2859296798706,-1.8205473,
1071,474.72397899627686,-1.6610789,
1072,475.16177892684937,-2.2970333,
1073,475.5997722148895,-3.0596366,
1074,476.03792095184326,-3.3714023,
1075,476.4758791923523,-1.4545817,
1076,476.91406297683716,-1.332104,
1077,477.3519184589386,-1.881047,
1078,477.78966093063354,-2.4934478,
1079,478.22782468795776,-2.0749736,
1080,478.6658205986023,-2.1179173,
1081,479.1037743091583,-2.5607324,
1082,479.54202699661255,-1.3777279,
1083,479.97995948791504,-2.062223,
1084,480.41819739341736,-1.902045,
1085,480.8565561771393,-1.791546,
1086,481.2944347858429,-3.707482,
1087,481.73250818252563,-0.7585406,
1088,482.17013716697693,-1.1434048,
1089,482.6084797382355,-1.795815,
1090,483.04634141921997,-1.3502718,
1091,483.48424434661865,-1.62667,
1092,483.922091960907,-2.0384212,
1093,484.360228061676,-1.6234722,
1094,484.7983350753784,-1.7755973,
1095,485.2363705635071,-3.462516,
1096,485.6745409965515,-1.7559261,
1097,486.1126220226288,-2.2074287,
1098,486.5504741668701,-1.7706565,
1099,486.98836040496826,-1.4939511,
1100,487.75091433525085,-2.0825205,
1101,488.18893671035767,-3.099597,
1102,488.62670159339905,-1.9328514,
1103,489.0648190975189,-2.749918,
1104,489.50259590148926,-2.0392475,
1105,489.9407274723053,-1.7560077,
1106,490.37886905670166,-2.461804,
1107,490.81648111343384,-3.1390016,
1108,491.2544765472412,-1.5952821,
1109,491.6926257610321,-4.424514,
1110,492.1306722164154,-3.196776,
1111,492.5687370300293,-1.612146,
1112,493.0066225528717,-1.4498208,
1113,493.44448828697205,-1.4617167,
1114,493.8825535774231,-1.5449208,
1115,494.3203067779541,-3.3521519,
1116,494.75793528556824,-3.3125901,
1117,495.19591093063354,-2.420897,
1118,495.6338834762573,-1.6885871,
1119,496.0721218585968,-2.151164,
1120,496.51008701324463,-1.2297441,
1121,496.94770860671997,-1.2194947,
1122,497.3850808143616,-1.6418682,
1123,497.82330083847046,-3.795639,
1124,498.26143741607666,-2.5049536,
1125,498.6992883682251,-3.1665792,
1126,499.1378631591797,-2.028157,
1127,499.5758683681488,-1.5886889,
1128,500.01332449913025,-0.54594636,
1129,500.45136737823486,-2.829696,
1130,500.88921332359314,-2.2678075,
1131,501.3274464607239,-2.5639296,
1132,501.7655267715454,-1.4511372,
1133,502.2032518386841,-2.5430365,
1134,502.6408357620239,-1.8225782,
1135,503.07905745506287,-2.5747087,
1136,503.5168135166168,-3.0910902,
1137,503.9545383453369,-1.5341182,
1138,504.3921318054199,-1.9602886,
1139,504.83012294769287,-1.5569091,
1140,505.2683048248291,-2.488528,
1141,505.70657300949097,-2.2039251,
1142,506.1446838378906,-2.8272674,
1143,506.5823721885681,-3.6759253,
1144,507.02002239227295,-0.70577437,
1145,507.4578731060028,-2.456697,
1146,507.8957989215851,-1.476478,
1147,508.3336503505707,-2.778863,
1148,508.771808385849,-2.89613,
1149,509.20949053764343,-2.3406174,
1150,509.6477138996124,-2.4576983,
1151,510.0851848125458,-1.4069272,
1152,510.52326703071594,-3.289488,
1153,510.96075963974,-1.6767645,
1154,511.3990774154663,-1.4588556,
1155,511.8372230529785,-1.5905612,
1156,512.2751944065094,-3.82,
1157,512.7135286331177,-2.2626324,
1158,513.1513524055481,-3.7762923,
1159,513.5891516208649,-1.9158216,
1160,514.0273132324219,-2.9617367,
1161,514.4651663303375,-0.9169658,
1162,514.9034926891327,-1.9889435,
1163,515.3415243625641,-1.5533254,
1164,515.7794001102448,-2.6967673,
1165,516.2173662185669,-1.6831875,
1166,516.6555814743042,-2.3567553,
1167,517.0933704376221,-3.0729873,
1168,517.5314106941223,-2.5023913,
1169,517.9694528579712,-1.5982158,
1170,518.4076635837555,-2.3176684,
1171,518.8457806110382,-3.851133,
1172,519.2838916778564,-2.3577275,
1173,519.7221519947052,-1.1349937,
1174,520.1598258018494,-3.4333706,
1175,520.5976095199585,-2.4346452,
1176,521.0353033542633,-2.5854228,
1177,521.4734456539154,-2.9884982,
1178,521.9111921787262,-3.1570098,
1179,522.3489325046539,-2.1207447,
1180,522.7864923477173,-1.1497787,
1181,523.2244975566864,-2.7512815,
1182,523.6625425815582,-3.0705297,
1183,524.1005883216858,-2.296058,
1184,524.5387208461761,-1.770299,
1185,524.9765830039978,-1.1554741,
1186,525.4142413139343,-1.9348292,
1187,525.8522236347198,-3.7821624,
1188,526.2904527187347,-2.5911317,
1189,526.728661775589,-2.6048322,
1190,527.166928768158,-2.518736,
1191,527.6045038700104,-2.6366653,
1192,528.0426442623138,-3.002995,
1193,528.480762720108,-1.0649515,
1194,528.9191682338715,-3.426818,
1195,529.3572340011597,-1.6257644,
1196,529.794960975647,-1.4535282,
1197,530.2326471805573,-2.184725,
1198,530.6707487106323,-2.4671783,
1199,531.1084384918213,-1.4117832,
1200,531.7481114864349,-1.783456,
1201,532.1857883930206,-2.765459,
1202,532.6233606338501,-2.105504,
1203,533.0615932941437,-2.6529434,
1204,533.5000486373901,-3.116975,
1205,533.937658071518,-1.6397433,
1206,534.3759698867798,-1.6172945,
1207,534.8141644001007,-1.2115955,
1208,535.2516443729401,-2.6542654,
1209,535.6895534992218,-2.4691763,
1210,536.1271634101868,-1.9896135,
1211,536.5650939941406,-2.5271804,
1212,537.0034291744232,-2.556025,
1213,537.4415731430054,-2.0772753,
1214,537.8795547485352,-1.9763817,
1215,538.317530632019,-2.091465,
1216,538.7558600902557,-3.436242,
1217,539.194007396698,-3.4710803,
1218,539.6313745975494,-1.3254576,
1219,540.0691165924072,-1.0905327,
1220,540.5073306560516,-0.89006686,
1221,540.9451611042023,-1.6011138,
1222,541.3827645778656,-1.5587299,
1223,541.8206121921539,-2.208501,
1224,542.2589259147644,-1.2378522,
1225,542.6973416805267,-1.6662064,
1226,543.1353645324707,-1.4540373,
1227,543.5729658603668,-2.1195934,
1228,544.0106863975525,-2.3980243,
1229,544.4484179019928,-1.9108676,
1230,544.8864123821259,-1.6656244,
1231,545.3243238925934,-1.227886,
1232,545.7624332904816,-2.8214023,
1233,546.2003891468048,-2.67329,
1234,546.6383650302887,-2.762913,
1235,547.0764102935791,-4.5546675,
1236,547.5144457817078,-2.331364,
1237,547.9525570869446,-1.888408,
1238,548.3905639648438,-1.1691877,
1239,548.8283896446228,-3.9785166,
1240,549.2667005062103,-1.8482928,
1241,549.7047641277313,-1.3544673,
1242,550.1423590183258,-3.211257,
1243,550.5802183151245,-2.1135654,
1244,551.0178546905518,-2.5599222,
1245,551.4557068347931,-3.0209758,
1246,551.8940260410309,-2.969543,
1247,552.3321762084961,-1.94506,
1248,552.7701594829559,-1.7808187,
1249,553.2086141109467,-1.7213943,
1250,553.646645784378,-2.3403943,
1251,554.0845692157745,-2.4977088,
1252,554.5225729942322,-1.1044896,
1253,554.960446357727,-2.7605312,
1254,555.3986256122589,-2.3846402,
1255,555.8366923332214,-2.1514652,
1256,556.2744898796082,-1.1768546,
1257,556.7129442691803,-1.8600974,
1258,557.150927066803,-2.2469692,
1259,557.5889191627502,-1.6686723,
1260,558.0271735191345,-3.5300195,
1261,558.4653663635254,-2.3336837,
1262,558.9033899307251,-2.5551686,
1263,559.3414709568024,-1.6449497,
1264,559.7797937393188,-2.7390442,
1265,560.217835187912,-2.5401216,
1266,560.3168201446533,-2.51286,
1267,561.3431961536407,-0.7786255,
1268,561.7807354927063,-1.2270851,
1269,562.2183215618134,-1.3635414,
1270,562.6559088230133,-1.372772,
1271,563.0936210155487,-1.8282428,
1272,563.5318524837494,-3.3338914,
1273,563.9702422618866,-1.7613547,
1274,564.407782793045,-2.562651,
1275,564.8456287384033,-2.0754414,
1276,565.283650636673,-1.4567242,
1277,565.7217879295349,-1.5789961,
1278,566.1600074768066,-4.53771,
1279,566.5978708267212,-1.653549,
1280,567.0362064838409,-2.9457312,
1281,567.4743936061859,-2.7961757,
1282,567.9121787548065,-3.2102423,
1283,568.3502910137177,-2.4545577,
1284,568.788088798523,-1.7369037,
1285,569.2264256477356,-0.9681242,
1286,569.664391040802,-2.6130137,
1287,570.1021392345428,-2.6165605,
1288,570.5397894382477,-1.8355345,
1289,570.9779982566833,-1.9377561,
1290,571.4162895679474,-1.5199261,
1291,571.8540306091309,-1.8454674,
1292,572.2924275398254,-1.9944293,
1293,572.7302086353302,-3.0092757,
1294,573.1683368682861,-1.7331467,
1295,573.6064298152924,-1.90301,
1296,574.0443916320801,-1.7067218,
1297,574.4825623035431,-1.9681937,
1298,574.9204659461975,-2.6031938,
1299,575.3586585521698,-1.6943595,
1300,576.0075142383575,-2.2357817,
1301,576.4451444149017,-1.9220896,
1302,576.8825373649597,-2.3993769,
1303,577.3203704357147,-1.514144,
1304,577.757895231247,-1.7785089,
1305,578.1959478855133,-2.284086,
1306,578.6336674690247,-2.5782983,
1307,579.07200050354,-2.7006764,
1308,579.5099532604218,-0.9131565,
1309,579.9477126598358,-3.0720518,
1310,580.38596534729,-1.7829218,
1311,580.8243589401245,-1.5206684,
1312,581.2626271247864,-2.9381645,
1313,581.7006912231445,-1.9801292,
1314,582.1382467746735,-1.9436122,
1315,582.5756635665894,-4.892514,
1316,583.0132806301117,-2.3221478,
1317,583.451189994812,-2.905339,
1318,583.8894958496094,-1.4482734,
1319,584.327098608017,-2.3031602,
1320,584.7651240825653,-2.4731183,
1321,585.2030110359192,-2.557174,
1322,585.6410830020905,-1.4994663,
1323,586.0789444446564,-2.466258,
1324,586.5161633491516,-1.1503694,
1325,586.9536690711975,-2.1930964,
1326,587.3912193775177,-2.314436,
1327,587.8289928436279,-2.033338,
1328,588.2671072483063,-1.9108282,
1329,588.704948425293,-2.5453181,
1330,589.142974615097,-2.009894,
1331,589.5814056396484,-2.5992057,
1332,590.0197312831879,-2.4915845,
1333,590.4575695991516,-1.5323048,
1334,590.8951263427734,-3.216564,
1335,591.3328313827515,-4.1454015,
1336,591.7708594799042,-1.8018477,
1337,592.2084789276123,-2.1400232,
1338,592.646342754364,-1.4864757,
1339,593.0842781066895,-2.2435026,
1340,593.5223834514618,-1.9351306,
1341,593.9604866504669,-2.9734387,
1342,594.3989539146423,-2.5265756,
1343,594.8378937244415,-1.3586924,
1344,595.2758672237396,-1.4242427,
1345,595.7137191295624,-1.5850302,
1346,596.1511342525482,-1.6964226,
1347,596.5889382362366,-2.071907,
1348,597.0268650054932,-2.4374185,
1349,597.465080499649,-1.6514215,
1350,597.9028136730194,-1.9839098,
1351,598.3408634662628,-2.8629699,
1352,598.7788019180298,-1.4975754,
1353,599.2167866230011,-3.0456424,
1354,599.6548817157745,-0.520197,
1355,600.0921080112457,-1.2613328,
1356,600.5301780700684,-1.2427968,
1357,600.9680843353271,-0.91959643,
1358,601.4053335189819,-1.1644051,
1359,601.8432624340057,-1.1832187,
1360,602.2810878753662,-1.4505398,
1361,602.7192134857178,-2.8070989,
1362,603.1571774482727,-1.7864753,
1363,603.5954098701477,-3.4109893,
1364,604.0334014892578,-1.1037865,
1365,604.4712750911713,-2.3297641,
1366,604.9087636470795,-1.7144322,
1367,605.3468556404114,-1.4801068,
1368,605.7847003936768,-1.322356,
1369,606.2222321033478,-3.0216858,
1370,606.6598634719849,-3.3087363,
1371,607.0977373123169,-1.8759794,
1372,607.5353775024414,-2.4793732,
1373,607.9731860160828,-2.0116386,
1374,608.4110567569733,-1.2280405,
1375,608.8486514091492,-3.495503,
1376,609.2867088317871,-3.0411954,
1377,609.7242658138275,-2.598495,
1378,610.1621196269989,-2.0447328,
1379,610.5998582839966,-2.942041,
1380,611.037807226181,-1.9052829,
1381,611.4760100841522,-2.5752528,
1382,611.913393497467,-2.4571605,
1383,612.3508946895599,-1.58338,
1384,612.7886362075806,-2.8708029,
1385,613.2263565063477,-1.2607524,
1386,613.664448261261,-1.709202,
1387,614.1021168231964,-1.8881404,
1388,614.539689540863,-2.5666208,
1389,614.977569103241,-1.6546967,
1390,615.4156773090363,-1.83703,
1391,615.8539407253265,-2.1936774,
1392,616.2918455600739,-1.7385901,
1393,616.729731798172,-3.499302,
1394,617.167578458786,-1.6697973,
1395,617.6051998138428,-2.4048848,
1396,618.0429213047028,-1.2363575,
1397,618.4806177616119,-2.1080787,
1398,618.9186568260193,-1.5187854,
1399,619.356463432312,-1.8211644,
1400,619.9972825050354,-2.4176471,
1401,620.4350769519806,-2.3198185,
1402,620.8731729984283,-2.5332406,
1403,621.3109300136566,-1.811625,
1404,621.7485597133636,-2.013739,
1405,622.1865200996399,-2.510378,
1406,622.6243624687195,-1.0870044,
1407,623.0623052120209,-1.5497837,
1408,623.5001533031464,-1.1812633,
1409,623.9381911754608,-2.1970963,
1410,624.3760201931,-1.9822266,
1411,624.8138785362244,-2.674428,
1412,625.2519030570984,-2.9143617,
1413,625.690155506134,-2.1902158,
1414,626.1280584335327,-3.040256,
1415,626.5658714771271,-0.9860437,
1416,627.0036542415619,-1.8724527,
1417,627.4412143230438,-1.0903043,
1418,627.8787415027618,-2.1769016,
1419,628.3169724941254,-0.84541523,
1420,628.7551000118256,-2.722557,
1421,629.1926152706146,-1.9183744,
1422,629.6308522224426,-2.339382,
1423,630.0689969062805,-1.4322681,
1424,630.5068666934967,-3.342849,
1425,630.9447710514069,-3.2874455,
1426,631.3826293945312,-2.2158043,
1427,631.8201475143433,-2.0809934,
1428,632.2580296993256,-2.607751,
1429,632.6956577301025,-1.8053118,
1430,633.1336991786957,-2.4810112,
1431,633.5714347362518,-2.959456,
1432,634.0093042850494,-1.8213708,
1433,634.4472467899323,-1.8555479,
1434,634.8853414058685,-1.6227806,
1435,635.3234388828278,-2.0422466,
1436,635.7613663673401,-2.8188293,
1437,636.1989705562592,-1.1079309,
1438,636.6369588375092,-2.0253756,
1439,637.0747153759003,-1.4674976,
1440,637.5123307704926,-1.675696,
1441,637.9495115280151,-1.5734099,
1442,638.3875632286072,-1.9080098,
1443,638.8256366252899,-2.0341203,
1444,639.2634019851685,-2.7194932,
1445,639.7011992931366,-2.0030494,
1446,640.1389572620392,-2.673808,
1447,640.57705950737,-2.0234149,
1448,641.0152666568756,-1.9265218,
1449,641.4532940387726,-2.1958659,
1450,641.8908176422119,-1.1531472,
1451,642.3283040523529,-2.9857488,
1452,642.7662918567657,-1.6485487,
1453,643.2042019367218,-1.7465422,
1454,643.6420705318451,-2.320764,
1455,644.0797867774963,-1.5756927,
1456,644.5196847915649,-2.7392147,
1457,644.9576466083527,-2.746548,
1458,645.3953671455383,-0.8917211,
1459,645.8333141803741,-1.6966754,
1460,646.2712457180023,-2.436872,
1461,646.7093517780304,-2.4330597,
1462,647.1473202705383,-2.824725,
1463,647.5854334831238,-1.3577571,
1464,648.0237236022949,-1.894847,
1465,648.4615807533264,-2.6146536,
1466,648.8993992805481,-2.3088453,
1467,649.3373417854309,-2.5839908,
1468,649.7750644683838,-3.5931978,
1469,650.2132706642151,-1.7633766,
1470,650.6514387130737,-3.3414288,
1471,651.0893430709839,-2.9954832,
1472,651.5274498462677,-1.6889608,
1473,651.9651567935944,-1.8215524,
1474,652.4031286239624,-2.6637826,
1475,652.8412454128265,-2.0641935,
1476,653.279566526413,-2.4668853,
1477,653.3782942295074,-1.0096614,
1478,654.4045302867889,-3.0721266,
1479,654.8425805568695,-1.6466143,
1480,655.2800340652466,-2.2383432,
1481,655.7175917625427,-1.4546263,
1482,656.1554915904999,-1.4638149,
1483,656.5930600166321,-3.3150222,
1484,657.0312309265137,-2.7211866,
1485,657.4688572883606,-2.0212536,
1486,657.9069488048553,-2.6716623,
1487,658.3450167179108,-1.9139482,
1488,658.7826325893402,-1.1084646,
1489,659.2206833362579,-3.3415027,
1490,659.6584210395813,-1.7971585,
1491,660.0960216522217,-2.8501284,
1492,660.5339453220367,-1.3191942,
1493,660.9720294475555,-2.658397,
1494,661.4098784923553,-1.4161601,
1495,661.8475830554962,-3.7744112,
1496,662.2853634357452,-2.160651,
1497,662.7232758998871,-0.8098658,
1498,663.1612665653229,-3.568596,
1499,663.5995872020721,-3.1585402,
1500,664.2492251396179,-2.5984247,
1501,664.687296628952,-2.8555095,
1502,665.1254780292511,-2.1713455,
1503,665.5638093948364,-2.2825,
1504,666.001859664917,-2.2839901,
1505,666.4400384426117,-2.9254878,
1506,666.8783180713654,-1.8512292,
1507,667.3165707588196,-2.7437005,
1508,667.7545073032379,-1.6814338,
1509,668.1925768852234,-1.8190521,
1510,668.6301283836365,-1.2994952,
1511,669.0678486824036,-1.6501824,
1512,669.506016254425,-1.7777139,
1513,669.9442336559296,-3.2346187,
1514,670.3822357654572,-1.8445811,
1515,670.8201072216034,-2.3119845,
1516,671.2582318782806,-1.5676025,
1517,671.6966722011566,-2.0775213,
1518,672.1343047618866,-2.9481966,
1519,672.572231054306,-1.4245733,
1520,673.0102670192719,-0.65112996,
1521,673.4483046531677,-1.8409133,
1522,673.8863387107849,-1.9758327,
1523,674.3243741989136,-3.2557158,
1524,674.7622101306915,-1.3291533,
1525,675.200254201889,-3.434585,
1526,675.6383140087128,-1.7460322,
1527,676.0762376785278,-1.4286999,
1528,676.5146772861481,-2.4390917,
1529,676.9526135921478,-2.9065864,
1530,677.3905913829803,-2.9403849,
1531,677.8285384178162,-2.1194372,
1532,678.2663443088531,-3.0088668,
1533,678.704432964325,-4.5097904,
1534,679.1424436569214,-2.524034,
1535,679.5806300640106,-3.048922,
1536,680.0190851688385,-2.4819922,
1537,680.4565885066986,-1.056066,
1538,680.8949165344238,-2.3150737,
1539,681.3332743644714,-3.5452516,
1540,681.7711007595062,-1.6334044,
1541,682.2089524269104,-1.0517937,
1542,682.6465086936951,-4.032347,
1543,683.0847127437592,-2.2918758,
1544,683.5228343009949,-2.3720222,
1545,683.9607892036438,-6.4023094,
1546,684.3990573883057,-2.1510086,
1547,684.8372151851654,-2.8249903,
1548,685.2748398780823,-1.5838941,
1549,685.712893486023,-1.5717666,
1550,686.150883436203,-1.6746975,
1551,686.5892336368561,-2.6617248,
1552,687.0271677970886,-2.843493,
1553,687.464546918869,-2.9893327,
1554,687.9021365642548,-2.6146321,
1555,688.3400542736053,-1.7581306,
1556,688.7778069972992,-2.2135494,
1557,689.2157416343689,-2.7301817,
1558,689.6534893512726,-1.4258531,
1559,690.0915529727936,-2.0163932,
1560,690.5294320583344,-1.9822166,
1561,690.9675812721252,-0.9635823,
1562,691.4054872989655,-1.0466908,
1563,691.8434054851532,-1.9937003,
1564,692.2810459136963,-2.033744,
1565,692.7188000679016,-3.1251686,
1566,693.1566240787506,-1.1856287,
1567,693.5948023796082,-0.78146714,
1568,694.0326743125916,-2.6674876,
1569,694.470751285553,-1.7492043,
1570,694.9089758396149,-1.4602909,
1571,695.3464858531952,-1.9222037,
1572,695.7847146987915,-1.220933,
1573,696.2223975658417,-3.0845368,
1574,696.6600229740143,-3.3872743,
1575,697.0981369018555,-2.9031725,
1576,697.5358142852783,-1.9478799,
1577,697.973774433136,-1.5486164,
1578,698.4117641448975,-1.879523,
1579,698.8498148918152,-1.2945428,
1580,699.2880263328552,-1.835761,
1581,699.7261819839478,-2.6691842,
1582,700.1641120910645,-3.579856,
1583,700.6021432876587,-2.8548417,
1584,701.0397710800171,-1.9477589,
1585,701.4774718284607,-1.4993066,
1586,701.9154140949249,-2.6293497,
1587,702.3531603813171,-2.5478942,
1588,702.7916359901428,-1.8247169,
1589,703.2293076515198,-1.91946,
1590,703.6673007011414,-1.9230192,
1591,704.1056604385376,-2.6405444,
1592,704.5438761711121,-4.7657466,
1593,704.981728553772,-1.4984282,
1594,705.419949054718,-1.7037284,
1595,705.8578381538391,-2.8105254,
1596,706.2957088947296,-1.557206,
1597,706.733482837677,-1.3253092,
1598,707.1714918613434,-2.1336946,
1599,707.6095595359802,-2.585467,
1600,708.2488384246826,-2.1645963,
1601,708.6867234706879,-1.9296645,
1602,709.1247239112854,-1.0189735,
1603,709.5628175735474,-1.4115114,
1604,710.0007610321045,-1.589616,
1605,710.4388489723206,-2.909876,
1606,710.8765773773193,-2.6097698,
1607,711.3147773742676,-1.6204304,
1608,711.752557516098,-1.1029605,
1609,712.1905052661896,-2.7108688,
1610,712.628580570221,-1.870757,
1611,713.0663683414459,-2.4750843,
1612,713.5045645236969,-4.472638,
1613,713.9428284168243,-2.262936,
1614,714.3806698322296,-2.088055,
1615,714.8190302848816,-2.351444,
1616,715.2567646503448,-2.2129216,
1617,715.6946334838867,-2.2106464,
1618,716.1327538490295,-1.2950722,
1619,716.5706148147583,-2.334525,
1620,717.0088632106781,-2.7207575,
1621,717.4468357563019,-2.2556148,
1622,717.8848688602448,-2.3481658,
1623,718.3227770328522,-2.4337316,
1624,718.7606871128082,-1.8913691,
1625,719.1987261772156,-3.209826,
1626,719.6367990970612,-1.3259295,
1627,720.075760602951,-1.7241694,
1628,720.5135896205902,-2.290904,
1629,720.9511611461639,-1.3236399,
1630,721.3892555236816,-1.5536027,
1631,721.8278093338013,-3.2007883,
1632,722.2658929824829,-2.0566425,
1633,722.7037949562073,-1.7791781,
1634,723.1418442726135,-1.5518045,
1635,723.5804948806763,-2.8812299,
1636,724.0185942649841,-1.6152399,
1637,724.4562766551971,-1.7393833,
1638,724.8941867351532,-1.7967457,
1639,725.3319640159607,-2.316576,
1640,725.7699196338654,-1.5612636,
1641,726.2075235843658,-2.7588856,
1642,726.6455357074738,-1.170404,
1643,727.0839288234711,-1.3445723,
1644,727.5217406749725,-1.8207287,
1645,727.9600775241852,-1.2796085,
1646,728.3983857631683,-2.922588,
1647,728.8361928462982,-2.4856749,
1648,729.2741475105286,-1.2032347,
1649,729.7119250297546,-3.8066568,
1650,730.1498954296112,-2.8471804,
1651,730.5878603458405,-2.693538,
1652,731.0255618095398,-1.307776,
1653,731.4632725715637,-1.3424468,
1654,731.9013769626617,-1.4467473,
1655,732.3396434783936,-1.3110156,
1656,732.7779097557068,-3.6627254,
1657,733.2160143852234,-2.6531951,
1658,733.6542484760284,-2.1213994,
1659,734.0924303531647,-2.2055082,
1660,734.5304808616638,-2.7171824,
1661,734.9680969715118,-1.6071925,
1662,735.4060471057892,-2.816923,
1663,735.8438372612,-2.0537686,
1664,736.2816369533539,-1.3356547,
1665,736.719021320343,-2.237761,
1666,737.1568002700806,-0.92763084,
1667,737.5947797298431,-2.8313916,
1668,738.0327506065369,-1.8970034,
1669,738.470686674118,-1.2446173,
1670,738.9081299304962,-1.8382442,
1671,739.3461730480194,-2.6483746,
1672,739.784353017807,-1.366867,
1673,740.2221729755402,-1.4608804,
1674,740.6597731113434,-1.5318704,
1675,741.0976555347443,-2.6837778,
1676,741.535763502121,-0.9734131,
1677,741.9742164611816,-1.4883163,
1678,742.4125275611877,-1.6307465,
1679,742.8510873317719,-1.5060529,
1680,743.2893245220184,-1.7421591,
1681,743.727215051651,-2.3593736,
1682,744.1654894351959,-2.1850677,
1683,744.6035892963409,-2.260803,
1684,745.0415852069855,-0.97823185,
1685,745.4798467159271,-1.7220618,
1686,745.9177300930023,-1.5101348,
1687,746.355749130249,-1.1064698,
1688,746.4543855190277,-3.6411521,
1689,747.4704899787903,-2.7173727,
1690,747.9081001281738,-3.8691232,
1691,748.3458037376404,-1.6940737,
1692,748.7833511829376,-1.3118391,
1693,749.2214844226837,-2.1073427,
1694,749.6594779491425,-3.366516,
1695,750.0971033573151,-1.6671324,
1696,750.5348196029663,-2.4832492,
1697,750.9728045463562,-2.3632054,
1698,751.410950422287,-2.3947015,
1699,751.8487541675568,-1.3125923,
1700,752.4973709583282,-1.8474145,
1701,752.9351954460144,-1.7793307,
1702,753.3731739521027,-1.4515157,
1703,753.8110675811768,-1.6318128,
1704,754.2492904663086,-1.9677917,
1705,754.6876492500305,-3.727796,
1706,755.1258883476257,-2.9723918,
1707,755.5638175010681,-2.2311919,
1708,756.0016157627106,-2.4411874,
1709,756.439284324646,-1.8437793,
1710,756.877198934555,-0.950062,
1711,757.3148739337921,-2.197953,
1712,757.7525143623352,-1.604109,
1713,758.1904633045197,-2.5085325,
1714,758.6288166046143,-1.6778904,
1715,759.0672566890717,-2.7754388,
1716,759.505300283432,-2.7690477,
1717,759.9433922767639,-1.6874492,
1718,760.3812358379364,-2.6763082,
1719,760.819194316864,-2.7487154,
1720,761.2573320865631,-1.1655648,
1721,761.6950628757477,-2.0983758,
1722,762.1331996917725,-2.4826598,
1723,762.5709049701691,-0.9770647,
1724,763.0088872909546,-2.0481958,
1725,763.4471471309662,-1.925269,
1726,763.884800195694,-2.1544762,
1727,764.3229067325592,-3.0014744,
1728,764.7605142593384,-3.5577922,
1729,765.1981470584869,-1.8876909,
1730,765.6364388465881,-2.4122777,
1731,766.0743606090546,-1.6824863,
1732,766.5120482444763,-1.9756207,
1733,766.9500544071198,-0.80711913,
1734,767.3882319927216,-2.8209803,
1735,767.8262951374054,-1.6998845,
1736,768.2644791603088,-1.2597712,
1737,768.7022621631622,-0.984154,
1738,769.1405003070831,-2.2324822,
1739,769.5780899524689,-2.0595188,
1740,770.0158581733704,-1.9841688,
1741,770.4535233974457,-2.1639376,
1742,770.8916325569153,-3.139692,
1743,771.329910993576,-2.7385454,
1744,771.7676753997803,-1.4217322,
1745,772.2058238983154,-2.291646,
1746,772.6442441940308,-2.5094664,
1747,773.0820305347443,-1.3179543,
1748,773.5199997425079,-1.5070844,
1749,773.9577593803406,-0.5936396,
1750,774.395370721817,-2.2166367,
1751,774.8335466384888,-3.4003677,
1752,775.2715108394623,-2.9460459,
1753,775.7096123695374,-2.9703832,
1754,776.1480512619019,-3.3771853,
1755,776.585969209671,-1.7829797,
1756,777.0241394042969,-2.6265087,
1757,777.4622747898102,-2.8727553,
1758,777.9003410339355,-1.9074742,
1759,778.3383731842041,-1.6151562,
1760,778.7762258052826,-2.0587192,
1761,779.2140371799469,-1.1626918,
1762,779.6521339416504,-4.473048,
1763,780.0899074077606,-2.0233235,
1764,780.5275166034698,-1.8861223,
1765,780.965164899826,-2.415852,
1766,781.403347492218,-0.86959505,
1767,781.8416359424591,-4.37497,
1768,782.2798173427582,-2.0523894,
1769,782.7179274559021,-2.9398217,
1770,783.1560430526733,-2.4114335,
1771,783.5936360359192,-2.2801418,
1772,784.0314400196075,-1.8834758,
1773,784.4691815376282,-1.839983,
1774,784.9076979160309,-2.3043094,
1775,785.345805644989,-1.313298,
1776,785.7838380336761,-2.6467228,
1777,786.2217018604279,-1.5230422,
1778,786.6599361896515,-3.2287674,
1779,787.0981619358063,-3.1775348,
1780,787.5363259315491,-2.0127473,
1781,787.9743525981903,-1.9899219,
1782,788.4121811389923,-2.493033,
1783,788.8503544330597,-1.429073,
1784,789.2885422706604,-1.5058942,
1785,789.7263534069061,-2.6856499,
1786,790.1643934249878,-2.9285388,
1787,790.6023054122925,-2.231486,
1788,791.0402398109436,-2.2260077,
1789,791.4785833358765,-2.4803684,
1790,791.916032075882,-2.1392477,
1791,792.3538122177124,-2.0291982,
1792,792.7918169498444,-1.968484,
1793,793.2294661998749,-2.4770434,
1794,793.6677250862122,-2.0431566,
1795,794.1055352687836,-1.8026226,
1796,794.543203830719,-1.6680729,
1797,794.9810285568237,-2.1185205,
1798,795.4191868305206,-1.3278202,
1799,795.8573460578918,-2.576356,
1800,796.4981315135956,-1.2972871,
1801,796.9363584518433,-4.1621037,
1802,797.3741590976715,-3.2654104,
1803,797.8121018409729,-2.240648,
1804,798.2495646476746,-1.1822888,
1805,798.6878669261932,-1.9363675,
1806,799.1259865760803,-1.3799343,
1807,799.5637586116791,-2.3243155,
1808,800.0015263557434,-2.122106,
1809,800.4391891956329,-2.8548174,
1810,800.877373456955,-1.8394175,
1811,801.3158502578735,-3.4446027,
1812,801.7539353370667,-3.6134136,
1813,802.1922204494476,-2.2719185,
1814,802.6304061412811,-1.3998144,
1815,803.0683643817902,-2.3203545,
1816,803.5067479610443,-2.6960394,
1817,803.9447848796844,-2.3675494,
1818,804.3829057216644,-2.244605,
1819,804.8210365772247,-1.4221034,
1820,805.2592353820801,-1.4254177,
1821,805.6971507072449,-2.209258,
1822,806.135169506073,-2.1954799,
1823,806.5733182430267,-2.2064037,
1824,807.0112996101379,-3.0036979,
1825,807.449547290802,-1.9798517,
1826,807.8873543739319,-1.8492918,
1827,808.3251287937164,-2.0091414,
1828,808.7631123065948,-2.046186,
1829,809.2012004852295,-3.3237379,
1830,809.6392433643341,-2.0625029,
1831,810.0774776935577,-1.8731031,
1832,810.5154311656952,-1.2248226,
1833,810.9534955024719,-1.5614781,
1834,811.3925085067749,-2.2809215,
1835,811.8308792114258,-2.8713665,
1836,812.2688348293304,-1.9102314,
1837,812.706775188446,-2.3734665,
1838,813.1444854736328,-2.3495915,
1839,813.5824403762817,-1.5718163,
1840,814.0199520587921,-2.5331492,
1841,814.4580428600311,-2.69798,
1842,814.8959827423096,-0.9520728,
1843,815.3339593410492,-0.8378388,
1844,815.7718923091888,-1.0596566,
1845,816.2098574638367,-1.8495848,
1846,816.6481003761292,-1.9231974,
1847,817.0862436294556,-3.645797,
1848,817.5240435600281,-1.1017964,
1849,817.9625878334045,-2.088876,
1850,818.4003648757935,-2.417132,
1851,818.8380982875824,-1.0644052,
1852,819.2763679027557,-2.0031655,
1853,819.7148025035858,-2.754581,
1854,820.1528606414795,-2.4572403,
1855,820.5905704498291,-1.6482124,
1856,821.0286796092987,-1.3994268,
1857,821.4668362140656,-2.9931712,
1858,821.9051415920258,-2.7915964,
1859,822.3429725170135,-1.3523223,
1860,822.7806956768036,-1.3422534,
1861,823.2187643051147,-1.2281388,
1862,823.6565957069397,-2.2743232,
1863,824.0943715572357,-2.8857136,
1864,824.5324919223785,-1.663645,
1865,824.9707369804382,-3.5235562,
1866,825.4088394641876,-1.138602,
1867,825.8471050262451,-2.878179,
1868,826.2852504253387,-2.1998305,
1869,826.723226070404,-1.5082893,
1870,827.160947561264,-1.9562867,
1871,827.5994057655334,-3.4864998,
1872,828.0373814105988,-2.9667459,
1873,828.4753868579865,-2.6616647,
1874,828.91353058815,-0.6875168,
1875,829.3515372276306,-1.1356167,
1876,829.7894730567932,-1.5684937,
1877,830.2274243831635,-1.5972073,
1878,830.6655588150024,-2.0394084,
1879,831.1036641597748,-2.3799489,
1880,831.5417289733887,-1.4496036,
1881,831.9795804023743,-1.4540306,
1882,832.4173851013184,-1.3519323,
1883,832.8553383350372,-1.2927952,
1884,833.293377161026,-2.009304,
1885,833.7314519882202,-1.6299156,
1886,834.1693708896637,-2.459853,
1887,834.6075074672699,-2.0386982,
1888,835.0456845760345,-2.8600588,
1889,835.4842185974121,-2.338862,
1890,835.9220604896545,-1.106859,
1891,836.3602464199066,-1.479857,
1892,836.7979776859283,-2.31251,
1893,837.2358379364014,-1.5087601,
1894,837.6740849018097,-1.0980015,
1895,838.1121914386749,-2.649926,
1896,838.5503420829773,-1.4000689,
1897,838.9883947372437,-1.4406034,
1898,839.4263937473297,-1.6628832,
1899,839.5249903202057,-0.28031003,
1900,840.8077788352966,-0.91899264,
1901,841.2454860210419,-3.6400132,
1902,841.683263540268,-2.3189428,
1903,842.120712518692,-1.6635996,
1904,842.5587394237518,-2.6300838,
1905,842.9972932338715,-1.6847541,
1906,843.4346313476562,-2.143998,
1907,843.8724355697632,-2.10537,
1908,844.3104240894318,-2.2013824,
1909,844.7484679222107,-2.671556,
1910,845.1865003108978,-2.6325154,
1911,845.6241397857666,-1.3187782,
1912,846.0619838237762,-1.1778322,
1913,846.5003309249878,-2.8625956,
1914,846.9378850460052,-1.0382602,
1915,847.3757638931274,-1.1889168,
1916,847.8135869503021,-3.3572457,
1917,848.2514169216156,-2.0702453,
1918,848.6892869472504,-2.9867015,
1919,849.127317905426,-1.1672857,
1920,849.5653281211853,-1.5385649,
1921,850.0027086734772,-3.068715,
1922,850.4409441947937,-1.526809,
1923,850.879047870636,-3.3008704,
1924,851.31720495224,-1.5857873,
1925,851.7553222179413,-2.5743854,
1926,852.1932535171509,-1.9770443,
1927,852.6309478282928,-1.3046786,
1928,853.0691459178925,-1.995941,
1929,853.507048368454,-1.9677265,
1930,853.9449462890625,-2.0432258,
1931,854.3831241130829,-1.8770702,
1932,854.8211898803711,-3.0507853,
1933,855.2593584060669,-2.8991647,
1934,855.6978306770325,-2.8480406,
1935,856.135598897934,-3.0098534,
1936,856.5738399028778,-1.327054,
1937,857.0118231773376,-1.7690132,
1938,857.4494454860687,-1.7943227,
1939,857.8875815868378,-1.7269677,
1940,858.3256151676178,-2.71798,
1941,858.7640190124512,-1.8616877,
1942,859.2020163536072,-0.7884472,
1943,859.6399531364441,-2.3026557,
1944,860.0779347419739,-1.550089,
1945,860.5161716938019,-2.23555,
1946,860.9540596008301,-1.7353475,
1947,861.3922045230865,-1.7623141,
1948,861.8301448822021,-1.7115916,
1949,862.2682189941406,-2.1771023,
1950,862.7063703536987,-3.4575505,
1951,863.144341468811,-1.7855502,
1952,863.5822155475616,-1.3690895,
1953,864.0207250118256,-1.6467233,
1954,864.458669424057,-1.3131413,
1955,864.8966534137726,-1.7371143,
1956,865.3347585201263,-1.0109204,
1957,865.7728326320648,-3.4388108,
1958,866.2106835842133,-1.4547389,
1959,866.6484506130219,-1.1370015,
1960,867.0860986709595,-0.931072,
1961,867.5241363048553,-1.4020393,
1962,867.9620230197906,-2.8000422,
1963,868.3996088504791,-2.9714806,
1964,868.8376846313477,-1.2890598,
1965,869.275918006897,-1.5060487,
1966,869.7143232822418,-1.2792622,
1967,870.1521916389465,-1.6440051,
1968,870.5896883010864,-1.2880889,
1969,871.0276441574097,-2.1768925,
1970,871.4653806686401,-1.1595964,
1971,871.9033613204956,-1.9874389,
1972,872.3410243988037,-1.8744609,
1973,872.7791569232941,-4.0488634,
1974,873.2175583839417,-3.566796,
1975,873.6552381515503,-1.9567343,
1976,874.0935151576996,-1.5183,
1977,874.5317416191101,-1.6132272,
1978,874.9698040485382,-3.2809434,
1979,875.4079365730286,-2.214464,
1980,875.845639705658,-1.7258981,
1981,876.2833592891693,-1.5562012,
1982,876.7214210033417,-3.5197673,
1983,877.1595344543457,-1.7317241,
1984,877.5979979038239,-2.1981049,
1985,878.0361421108246,-1.3835262,
1986,878.47398686409,-1.1516314,
1987,878.9121589660645,-2.6991246,
1988,879.3508007526398,-2.109883,
1989,879.788911819458,-2.471568,
1990,880.2268643379211,-1.1538843,
1991,880.6649906635284,-3.263424,
1992,881.1027293205261,-1.0862936,
1993,881.5404245853424,-2.7925296,
1994,881.9784882068634,-2.1710944,
1995,882.4167647361755,-2.2585611,
1996,882.8548488616943,-2.0600204,
1997,883.2926931381226,-1.204962,
1998,883.7307753562927,-1.813498,
1999,884.1688842773438,-2.0527506,
2000,884.8093647956848,-1.9904261,
2001,885.2476465702057,-2.3726325,
2002,885.685849905014,-2.9520102,
2003,886.1239113807678,-2.2333438,
2004,886.5611438751221,-1.8131831,
2005,886.9990341663361,-2.2166014,
2006,887.4368259906769,-1.5838816,
2007,887.8747200965881,-1.4856058,
2008,888.3131802082062,-1.2893596,
2009,888.7508566379547,-1.962675,
2010,889.1890168190002,-3.2528167,
2011,889.6275219917297,-2.6157305,
2012,890.0653390884399,-3.0606775,
2013,890.5036475658417,-2.6391397,
2014,890.9420382976532,-3.527154,
2015,891.3800117969513,-2.3143215,
2016,891.8180296421051,-1.2861515,
2017,892.2561602592468,-2.5584803,
2018,892.6940667629242,-2.3843343,
2019,893.1317965984344,-1.2961732,
2020,893.569629907608,-2.900196,
2021,894.0075557231903,-1.0697584,
2022,894.4457848072052,-2.497621,
2023,894.8838739395142,-1.5472994,
2024,895.321769952774,-2.2490253,
2025,895.7596082687378,-3.2786324,
2026,896.1976046562195,-1.3714938,
2027,896.6357614994049,-2.288567,
2028,897.0739471912384,-1.9911637,
2029,897.5120434761047,-1.8967298,
2030,897.9501013755798,-0.7694503,
2031,898.3879871368408,-1.6954678,
2032,898.8259980678558,-3.228617,
2033,899.2642049789429,-1.9092824,
2034,899.702481508255,-2.7701569,
2035,900.1406593322754,-3.7610412,
2036,900.5788609981537,-2.3527982,
2037,901.0165531635284,-1.5287204,
2038,901.4545004367828,-2.7081106,
2039,901.8922252655029,-1.2596459,
2040,902.3301572799683,-1.5978124,
2041,902.7680974006653,-1.7197902,
2042,903.2057900428772,-1.5919393,
2043,903.6436998844147,-1.7785345,
2044,904.0816822052002,-2.4298065,
2045,904.5198140144348,-1.7006953,
2046,904.958016872406,-1.0460846,
2047,905.3962154388428,-2.2491255,
2048,905.8347947597504,-2.389298,
2049,906.2727131843567,-1.5088607,
2050,906.7105314731598,-1.922363,
2051,907.1486847400665,-2.8474498,
2052,907.5866005420685,-1.3228991,
2053,908.0244560241699,-1.792261,
2054,908.4624330997467,-3.1781473,
2055,908.9004859924316,-2.2162333,
2056,909.3385920524597,-2.0878515,
2057,909.7768247127533,-2.8510528,
2058,910.2147705554962,-1.974784,
2059,910.6524324417114,-2.344774,
2060,911.0907735824585,-2.0453932,
2061,911.5288169384003,-1.8161488,
2062,911.967139005661,-1.2650088,
2063,912.4055569171906,-1.8473182,
2064,912.8430984020233,-1.6229421,
2065,913.2814333438873,-2.0865045,
2066,913.719658613205,-3.1000214,
2067,914.1574993133545,-2.802693,
2068,914.5954706668854,-2.067256,
2069,915.0334870815277,-1.8268809,
2070,915.4716184139252,-2.3267462,
2071,915.9095525741577,-1.1121366,
2072,916.3473615646362,-2.462446,
2073,916.785537481308,-2.479964,
2074,917.2237696647644,-1.7056334,
2075,917.6617741584778,-1.7654461,
2076,918.0999209880829,-1.480221,
2077,918.538138628006,-1.8622528,
2078,918.9763088226318,-2.2435217,
2079,919.4143378734589,-2.210054,
2080,919.8525063991547,-3.2679574,
2081,920.290219783783,-2.3503158,
2082,920.7281367778778,-1.1949396,
2083,921.1661450862885,-3.8512359,
2084,921.60413813591,-2.179438,
2085,922.0426449775696,-1.4514067,
2086,922.4806621074677,-1.6018265,
2087,922.9187846183777,-2.13881,
2088,923.3573343753815,-1.9003357,
2089,923.7956414222717,-2.6002488,
2090,924.2338855266571,-1.8765484,
2091,924.6721739768982,-2.9297438,
2092,925.1100676059723,-2.191679,
2093,925.5479438304901,-1.6850241,
2094,925.9858901500702,-3.8182402,
2095,926.4237987995148,-1.8404567,
2096,926.8619799613953,-2.9795442,
2097,927.300790309906,-2.904837,
2098,927.7386720180511,-1.1239828,
2099,928.1768646240234,-1.2872189,
2100,928.8162853717804,-1.136885,
2101,929.2543017864227,-2.381362,
2102,929.6924576759338,-2.5860817,
2103,930.1305468082428,-2.103227,
2104,930.5683331489563,-2.153121,
2105,931.0065779685974,-2.1721237,
2106,931.4445934295654,-1.6790011,
2107,931.8824908733368,-1.5032914,
2108,932.3209431171417,-1.6410521,
2109,932.7589824199677,-2.5584753,
2110,932.8574509620667,-4.166217,
2111,933.9352867603302,-1.703505,
2112,934.3732838630676,-1.7485039,
2113,934.8109896183014,-1.8848854,
2114,935.2486565113068,-1.7299377,
2115,935.686371088028,-1.9096388,
2116,936.1238961219788,-2.5042624,
2117,936.5618460178375,-1.8962598,
2118,936.9995875358582,-2.5380526,
2119,937.437661409378,-2.7265213,
2120,937.8752460479736,-1.3422788,
2121,938.3132703304291,-2.1941717,
2122,938.7510743141174,-2.5277915,
2123,939.1893548965454,-2.8394454,
2124,939.627377986908,-1.7996372,
2125,940.0648052692413,-2.5733361,
2126,940.5027873516083,-2.3340492,
2127,940.9409263134003,-2.5151303,
2128,941.3787093162537,-2.3699741,
2129,941.8162748813629,-2.2117014,
2130,942.2540366649628,-2.0171165,
2131,942.6918573379517,-2.8876815,
2132,943.1301143169403,-1.4844776,
2133,943.5682747364044,-1.5255224,
2134,944.0063514709473,-2.7171285,
2135,944.4445021152496,-2.0787292,
2136,944.8825671672821,-1.060521,
2137,945.3205738067627,-1.7644143,
2138,945.7590053081512,-2.2319922,
2139,946.1967639923096,-1.0235338,
2140,946.6347236633301,-2.857974,
2141,947.0723712444305,-1.542696,
2142,947.5104782581329,-2.8617535,
2143,947.948707818985,-1.126035,
2144,948.3864328861237,-3.0413647,
2145,948.824512720108,-2.3790274,
2146,949.2624177932739,-2.263235,
2147,949.7003014087677,-3.192687,
2148,950.1385564804077,-1.6767977,
2149,950.576735496521,-2.0024486,
2150,951.0150229930878,-1.2444429,
2151,951.4533951282501,-1.6689237,
2152,951.8913359642029,-1.5210522,
2153,952.329033613205,-1.5654722,
2154,952.7671718597412,-2.1516895,
2155,953.2050156593323,-2.8020563,
2156,953.6428685188293,-3.41604,
2157,954.0805504322052,-2.582364,
2158,954.5181703567505,-2.493386,
2159,954.9559619426727,-2.194646,
2160,955.3937437534332,-2.0029542,
2161,955.8317542076111,-1.4351541,
2162,956.2696108818054,-0.6771641,
2163,956.7077627182007,-2.0225244,
2164,957.1459074020386,-1.5966892,
2165,957.5836443901062,-1.6015563,
2166,958.021897315979,-2.8490994,
2167,958.4596362113953,-1.8063077,
2168,958.897335767746,-1.9465466,
2169,959.3353779315948,-1.1351815,
2170,959.7731068134308,-2.046525,
2171,960.2108654975891,-2.3461912,
2172,960.6488516330719,-1.2465123,
2173,961.0867047309875,-2.2501059,
2174,961.5248603820801,-1.973301,
2175,961.9626438617706,-1.2762344,
2176,962.4005930423737,-2.5699365,
2177,962.8388497829437,-2.4331617,
2178,963.2766225337982,-4.027909,
2179,963.7144985198975,-2.4159963,
2180,964.1524591445923,-1.2610073,
2181,964.590402841568,-1.5862672,
2182,965.0284442901611,-1.1693352,
2183,965.4663648605347,-1.9763811,
2184,965.9049210548401,-2.3483565,
2185,966.3443639278412,-0.9874189,
2186,966.782431602478,-1.7087351,
2187,967.2206537723541,-3.7592459,
2188,967.6587347984314,-1.7209706,
2189,968.0964977741241,-1.6397883,
2190,968.5344061851501,-2.0729513,
2191,968.9726190567017,-1.296332,
2192,969.4104194641113,-1.1217266,
2193,969.8484299182892,-1.4648964,
2194,970.2864453792572,-1.3494021,
2195,970.7240831851959,-1.2748938,
2196,971.1621692180634,-1.6572654,
2197,971.6001286506653,-1.7686749,
2198,972.0381391048431,-2.6472197,
2199,972.4762628078461,-1.366219,
2200,973.1261157989502,-2.327961,
2201,973.5639078617096,-1.7025023,
2202,974.0020637512207,-2.9276261,
2203,974.4405128955841,-1.4148924,
2204,974.8782095909119,-1.5140562,
2205,975.3161635398865,-1.6980011,
2206,975.7539808750153,-2.4023724,
2207,976.1915900707245,-1.6682607,
2208,976.6294581890106,-2.4301875,
2209,977.0671038627625,-3.2582343,
2210,977.5051612854004,-3.557331,
2211,977.9431245326996,-2.0233724,
2212,978.3810658454895,-1.7916639,
2213,978.81951212883,-3.6613421,
2214,979.2578608989716,-2.093979,
2215,979.6959414482117,-1.9786559,
2216,980.1337578296661,-1.6277758,
2217,980.5715594291687,-1.6367359,
2218,981.0096063613892,-2.245318,
2219,981.447741985321,-2.2738543,
2220,981.885715007782,-1.8619345,
2221,982.323490858078,-2.6239946,
2222,982.7610995769501,-2.7819343,
2223,983.1990158557892,-2.7606924,
2224,983.637149810791,-2.4988685,
2225,984.0752332210541,-3.5394206,
2226,984.5130286216736,-1.7849734,
2227,984.9509751796722,-1.9035718,
2228,985.3894891738892,-2.703457,
2229,985.8274068832397,-1.5518804,
2230,986.2652449607849,-1.9979569,
2231,986.7038722038269,-2.0607314,
2232,987.142110824585,-2.0925233,
2233,987.5800969600677,-2.5788004,
2234,988.0181460380554,-2.4799316,
2235,988.4564228057861,-1.0029736,
2236,988.8945751190186,-1.7210623,
2237,989.3330628871918,-2.7444649,
2238,989.7711613178253,-2.209259,
2239,990.2090446949005,-1.5784961,
2240,990.6472721099854,-1.3251879,
2241,991.0848596096039,-1.9816816,
2242,991.5224757194519,-1.0137128,
2243,991.9604022502899,-2.1374788,
2244,992.3980770111084,-2.907542,
2245,992.8362011909485,-2.8485274,
2246,993.2745523452759,-1.7538009,
2247,993.712304353714,-1.7214992,
2248,994.1503171920776,-1.8076234,
2249,994.5879247188568,-1.9174554,
2250,995.0256297588348,-2.7182517,
2251,995.463883638382,-2.393431,
2252,995.9017581939697,-2.0875251,
2253,996.33944272995,-2.4492178,
2254,996.7775416374207,-3.4873807,
2255,997.215651512146,-1.23678,
2256,997.6536476612091,-2.0494237,
2257,998.091705083847,-3.6043134,
2258,998.529718875885,-1.522439,
2259,998.9675664901733,-1.4882272,
2260,999.405410528183,-1.6344473,
2261,999.8435080051422,-4.0626316,
2262,1000.281581401825,-1.4739987,
2263,1000.719714641571,-1.7347711,
2264,1001.157407283783,-1.9016716,
2265,1001.5951642990112,-2.563934,
2266,1002.0331768989563,-2.3426752,
2267,1002.4717338085175,-2.9721012,
2268,1002.9096622467041,-1.144298,
2269,1003.3475568294525,-2.4736392,
2270,1003.7855217456818,-1.9807665,
2271,1004.2232935428619,-2.1770809,
2272,1004.6612749099731,-1.8992436,
2273,1005.0991768836975,-1.3062446,
2274,1005.5370411872864,-2.2196708,
2275,1005.9747762680054,-1.5586348,
2276,1006.412522315979,-2.4658213,
2277,1006.8507635593414,-2.0495763,
2278,1007.2884647846222,-0.644551,
2279,1007.726476430893,-3.6202886,
2280,1008.1643583774567,-2.5152917,
2281,1008.6022462844849,-1.572276,
2282,1009.0400915145874,-3.1151943,
2283,1009.4776844978333,-2.6612468,
2284,1009.915429353714,-2.360258,
2285,1010.353235244751,-3.4286342,
2286,1010.7913496494293,-1.9836291,
2287,1011.2294912338257,-3.295505,
2288,1011.6678504943848,-2.9355066,
2289,1012.1058940887451,-1.1533415,
2290,1012.5437927246094,-1.6737847,
2291,1012.9813661575317,-2.0699723,
2292,1013.4189841747284,-2.1939926,
2293,1013.8567066192627,-2.837708,
2294,1014.2948067188263,-1.8795601,
2295,1014.7327394485474,-2.6452022,
2296,1015.1701493263245,-0.84312856,
2297,1015.6084332466125,-1.843109,
2298,1016.0465137958527,-1.9756808,
2299,1016.4846858978271,-1.9325513,
2300,1017.1268193721771,-1.0621467,
2301,1017.5644388198853,-3.0321455,
2302,1018.0024094581604,-0.9824546,
2303,1018.4405145645142,-2.6841795,
2304,1018.8784413337708,-2.4267373,
2305,1019.316677570343,-2.34242,
2306,1019.7543671131134,-2.046179,
2307,1020.1924312114716,-2.2783327,
2308,1020.6306562423706,-3.2241144,
2309,1021.0682966709137,-1.5866266,
2310,1021.506520986557,-1.598941,
2311,1021.9446647167206,-0.9920755,
2312,1022.3829927444458,-2.7054298,
2313,1022.8211665153503,-1.2798212,
2314,1023.2589554786682,-1.3715174,
2315,1023.6968958377838,-2.5709424,
2316,1024.1348192691803,-3.0949292,
2317,1024.5728161334991,-2.9346275,
2318,1025.0109057426453,-1.7874097,
2319,1025.4490044116974,-2.5662134,
2320,1025.8868789672852,-1.4895072,
2321,1025.9855546951294,-0.45844278,
2322,1027.064748764038,-2.3041093,
2323,1027.502767086029,-1.780894,
2324,1027.9407305717468,-1.1106713,
2325,1028.3793277740479,-1.3695686,
2326,1028.8177165985107,-3.692645,
2327,1029.255986213684,-1.7903359,
2328,1029.694669008255,-1.9953196,
2329,1030.1331822872162,-2.5166001,
2330,1030.5713891983032,-1.9669313,
2331,1031.0099833011627,-1.7985979,
2332,1031.4487454891205,-2.3030453,
2333,1031.887585401535,-1.1943209,
2334,1032.3258261680603,-1.8711427,
2335,1032.7643828392029,-2.7948544,
2336,1033.203203201294,-1.5813439,
2337,1033.6419713497162,-1.8036445,
2338,1034.0807824134827,-2.9567685,
2339,1034.5192036628723,-1.5905693,
2340,1034.9577243328094,-2.728476,
2341,1035.3969023227692,-3.5489092,
2342,1035.8355038166046,-2.4873025,
2343,1036.2740116119385,-2.72529,
2344,1036.712640762329,-1.0848867,
2345,1037.1512112617493,-2.8848667,
2346,1037.5900621414185,-3.783452,
2347,1038.028620004654,-1.6483293,
2348,1038.4673299789429,-0.7931341,
2349,1038.9058797359467,-1.6383336,
2350,1039.3443341255188,-1.6851236,
2351,1039.7831852436066,-1.5190504,
2352,1040.222098350525,-2.9434383,
2353,1040.660944700241,-3.5222259,
2354,1041.100028038025,-2.3404403,
2355,1041.5390975475311,-1.5219159,
2356,1041.9773738384247,-2.0297904,
2357,1042.415843963623,-2.7602308,
2358,1042.8550560474396,-1.7509888,
2359,1043.2940332889557,-1.9127092,
2360,1043.7322959899902,-1.7266111,
2361,1044.1713092327118,-2.8132641,
2362,1044.6097309589386,-2.8028777,
2363,1045.048565864563,-3.0165322,
2364,1045.487139225006,-2.7137015,
2365,1045.9255802631378,-1.6241527,
2366,1046.3640508651733,-3.4497757,
2367,1046.8028790950775,-2.663169,
2368,1047.2415137290955,-2.053714,
2369,1047.6803243160248,-1.5415009,
2370,1048.1190214157104,-1.7847168,
2371,1048.558040857315,-1.9527885,
2372,1048.9969310760498,-2.301662,
2373,1049.43563246727,-3.859879,
2374,1049.874430656433,-3.2281177,
2375,1050.3131947517395,-2.7512717,
2376,1050.7519760131836,-1.6140456,
2377,1051.190854549408,-2.0367517,
2378,1051.6291637420654,-1.575697,
2379,1052.06760597229,-1.1723981,
2380,1052.5062403678894,-1.3578863,
2381,1052.9448637962341,-1.7403857,
2382,1053.383206129074,-2.007736,
2383,1053.8216352462769,-2.4393063,
2384,1054.2604370117188,-2.06951,
2385,1054.6985952854156,-2.1650853,
2386,1055.1372165679932,-2.419953,
2387,1055.5757675170898,-1.3256295,
2388,1056.0148565769196,-1.981882,
2389,1056.4530889987946,-1.7055678,
2390,1056.8917498588562,-2.241521,
2391,1057.3304493427277,-1.6679487,
2392,1057.7690875530243,-2.3862321,
2393,1058.2076663970947,-1.1937329,
2394,1058.6462707519531,-1.2539113,
2395,1059.0848934650421,-1.5183351,
2396,1059.5236821174622,-1.3289691,
2397,1059.9619839191437,-1.6140949,
2398,1060.4006881713867,-3.0937252,
2399,1060.8391184806824,-2.0482807,
2400,1061.4889328479767,-2.2384672,
2401,1061.927566766739,-1.378104,
2402,1062.366426229477,-2.1846507,
2403,1062.8047404289246,-1.107836,
2404,1063.2432572841644,-2.1677022,
2405,1063.6818692684174,-3.9041743,
2406,1064.1204018592834,-2.420906,
2407,1064.559118270874,-1.5592673,
2408,1064.9976801872253,-2.1334095,
2409,1065.4363071918488,-1.5280344,
2410,1065.8748688697815,-1.288151,
2411,1066.3135404586792,-3.0636804,
2412,1066.7524473667145,-2.7679622,
2413,1067.19158577919,-2.0314069,
2414,1067.6304967403412,-3.313325,
2415,1068.0691623687744,-1.599932,
2416,1068.5077970027924,-1.4172285,
2417,1068.9468173980713,-1.545465,
2418,1069.3858497142792,-2.9778795,
2419,1069.8246295452118,-1.3662751,
2420,1070.2632112503052,-1.5991027,
2421,1070.701640367508,-1.9070234,
2422,1071.1403257846832,-2.3332996,
2423,1071.5790600776672,-2.59833,
2424,1072.0175507068634,-3.6870112,
2425,1072.4561116695404,-2.1557453,
2426,1072.8952679634094,-3.3199134,
2427,1073.3340632915497,-2.0653021,
2428,1073.7723093032837,-1.4979191,
2429,1074.2109115123749,-2.259988,
2430,1074.649411201477,-2.49406,
2431,1075.0885725021362,-2.4244597,
2432,1075.5274703502655,-2.5231447,
2433,1075.966054201126,-1.7274859,
2434,1076.4048097133636,-3.5861864,
2435,1076.8439157009125,-2.2875755,
2436,1077.2828159332275,-3.3554986,
2437,1077.7211227416992,-1.5009644,
2438,1078.1596186161041,-2.7088168,
2439,1078.5981855392456,-2.8585794,
2440,1079.036451101303,-1.3237343,
2441,1079.475018978119,-2.6144073,
2442,1079.913473367691,-1.7133261,
2443,1080.3523671627045,-1.1858027,
2444,1080.7906534671783,-3.0100396,
2445,1081.229432106018,-3.0047457,
2446,1081.668228149414,-1.8461493,
2447,1082.1073174476624,-3.0447822,
2448,1082.5466899871826,-2.5148184,
2449,1082.985761642456,-2.1628253,
2450,1083.4241592884064,-2.1730688,
2451,1083.8628447055817,-1.9277585,
2452,1084.3016366958618,-0.31135494,
2453,1084.7404737472534,-1.6984663,
2454,1085.1792297363281,-2.4836676,
2455,1085.6181218624115,-2.9965463,
2456,1086.0565717220306,-1.0573376,
2457,1086.4952955245972,-2.1394503,
2458,1086.9336099624634,-2.9913414,
2459,1087.3724830150604,-1.6368331,
2460,1087.8113129138947,-2.0758028,
2461,1088.2503671646118,-2.6106725,
2462,1088.6891570091248,-2.3572466,
2463,1089.1275486946106,-3.2796018,
2464,1089.566475391388,-1.6905266,
2465,1090.0057909488678,-1.6125875,
2466,1090.4457478523254,-1.6628762,
2467,1090.8849194049835,-2.062938,
2468,1091.3237750530243,-3.2427492,
2469,1091.7623450756073,-2.2771733,
2470,1092.2016236782074,-2.8849673,
2471,1092.6406364440918,-1.7247691,
2472,1093.0795922279358,-3.0948076,
2473,1093.5186479091644,-2.0986795,
2474,1093.9575719833374,-2.2907722,
2475,1094.396597623825,-2.9087684,
2476,1094.8351089954376,-2.0239906,
2477,1095.2742619514465,-1.0422645,
2478,1095.7129368782043,-1.5705118,
2479,1096.1518068313599,-2.223566,
2480,1096.590315580368,-1.0523589,
2481,1097.0292437076569,-3.2266965,
2482,1097.468121290207,-1.161152,
2483,1097.9071147441864,-1.9325094,
2484,1098.3465564250946,-2.23245,
2485,1098.7851185798645,-1.6802405,
2486,1099.2238771915436,-2.39892,
2487,1099.6625382900238,-2.0486734,
2488,1100.101529121399,-1.6502578,
2489,1100.5408585071564,-2.3784842,
2490,1100.9798066616058,-1.1687729,
2491,1101.4185938835144,-1.9106126,
2492,1101.8577699661255,-2.0155993,
2493,1102.2966706752777,-2.1855178,
2494,1102.7358469963074,-3.4025862,
2495,1103.1750032901764,-1.9803908,
2496,1103.6137580871582,-1.6945779,
2497,1104.0525217056274,-1.5432055,
2498,1104.490933895111,-1.8203739,
2499,1104.9295771121979,-1.8875142,
2500,1105.5701577663422,-1.9132705,
2501,1106.0087242126465,-1.7011294,
2502,1106.4471006393433,-1.9793301,
2503,1106.8859021663666,-1.2907592,
2504,1107.3244650363922,-1.4270551,
2505,1107.7633996009827,-4.146784,
2506,1108.2020225524902,-3.4785595,
2507,1108.6407959461212,-1.6656749,
2508,1109.0794053077698,-2.4874249,
2509,1109.5183155536652,-3.1670153,
2510,1109.9572443962097,-1.4986777,
2511,1110.395610332489,-1.4110808,
2512,1110.8341896533966,-1.770545,
2513,1111.2730724811554,-2.1754885,
2514,1111.7115230560303,-3.0274248,
2515,1112.1497433185577,-2.1670964,
2516,1112.5887427330017,-2.101936,
2517,1113.0272178649902,-2.1578057,
2518,1113.4656717777252,-2.327119,
2519,1113.9042801856995,-2.5130873,
2520,1114.3428943157196,-0.93845546,
2521,1114.781492471695,-2.295794,
2522,1115.2198436260223,-2.160762,
2523,1115.6587538719177,-2.4328158,
2524,1116.0972328186035,-1.7406096,
2525,1116.5361337661743,-3.0442019,
2526,1116.9748365879059,-2.1025162,
2527,1117.4131710529327,-1.6893122,
2528,1117.8516690731049,-2.3507166,
2529,1118.2907271385193,-1.7634497,
2530,1118.7294459342957,-1.0834272,
2531,1119.1677286624908,-2.4375215,
2532,1119.266165971756,-0.061054893,
2533,1120.3126327991486,-2.1596189,
2534,1120.7509067058563,-2.4189672,
2535,1121.1895596981049,-2.2374654,
2536,1121.6277697086334,-1.7307147,
2537,1122.0659453868866,-4.6944427,
2538,1122.5043542385101,-1.3089229,
2539,1122.9425575733185,-1.6094568,
2540,1123.3810970783234,-1.6386545,
2541,1123.8195595741272,-2.4142313,
2542,1124.258146762848,-1.0744419,
2543,1124.696085691452,-2.0966663,
2544,1125.13472366333,-2.466896,
2545,1125.5732727050781,-1.0749702,
2546,1126.0116972923279,-3.1375492,
2547,1126.4504537582397,-1.1885297,
2548,1126.8892657756805,-2.3967495,
2549,1127.3280096054077,-2.0170782,
2550,1127.7669911384583,-1.4716389,
2551,1128.2058596611023,-2.9262,
2552,1128.6441905498505,-2.6088784,
2553,1129.0826213359833,-1.2963408,
2554,1129.5211057662964,-2.0519807,
2555,1129.9594113826752,-2.13827,
2556,1130.3982594013214,-2.3652582,
2557,1130.8368644714355,-1.1679442,
2558,1131.2756090164185,-2.382869,
2559,1131.7139673233032,-3.1783338,
2560,1132.152600288391,-2.0023298,
2561,1132.5911931991577,-2.2265806,
2562,1133.030601978302,-2.1275396,
2563,1133.4695811271667,-1.0393192,
2564,1133.9080171585083,-3.2724097,
2565,1134.3465507030487,-2.3919017,
2566,1134.785185098648,-2.3789194,
2567,1135.2235503196716,-2.9590554,
2568,1135.6619260311127,-2.130283,
2569,1136.1001543998718,-1.7398809,
2570,1136.5386979579926,-2.5925705,
2571,1136.977021932602,-2.6928282,
2572,1137.415508031845,-3.4456193,
2573,1137.8540344238281,-2.3481703,
2574,1138.2926230430603,-2.9327717,
2575,1138.7312769889832,-0.93670034,
2576,1139.1699793338776,-2.157983,
2577,1139.6086468696594,-1.4857448,
2578,1140.0473618507385,-2.6574776,
2579,1140.486068725586,-1.2068322,
2580,1140.924566268921,-1.5952376,
2581,1141.3633131980896,-1.9995703,
2582,1141.8017704486847,-2.4556866,
2583,1142.240249633789,-3.937198,
2584,1142.679109096527,-1.7677283,
2585,1143.1178872585297,-2.4065819,
2586,1143.5566003322601,-2.4337668,
2587,1143.9950170516968,-1.6074733,
2588,1144.433943271637,-1.9916469,
2589,1144.8724751472473,-1.8053477,
2590,1145.3111689090729,-2.2477465,
2591,1145.74978017807,-1.8915552,
2592,1146.1883816719055,-1.9084451,
2593,1146.6270430088043,-2.0281487,
2594,1147.0659537315369,-2.8251085,
2595,1147.5041348934174,-1.1764865,
2596,1147.9428296089172,-2.825137,
2597,1148.381552696228,-1.8719795,
2598,1148.8205757141113,-0.9119067,
2599,1149.2589247226715,-2.1357808,
2600,1149.9084963798523,-4.5472703,
2601,1150.3470413684845,-3.4654825,
2602,1150.7857592105865,-2.8725874,
2603,1151.2249665260315,-2.212594,
2604,1151.6639981269836,-1.4242833,
2605,1152.1023662090302,-0.82435745,
2606,1152.5412244796753,-3.655281,
2607,1152.9799411296844,-1.3866444,
2608,1153.4184877872467,-1.9913166,
2609,1153.856630563736,-2.7276173,
2610,1154.2952313423157,-1.9987996,
2611,1154.734132051468,-2.9616346,
2612,1155.1729145050049,-2.785569,
2613,1155.611454486847,-1.4540474,
2614,1156.0504591464996,-1.9030925,
2615,1156.4893236160278,-3.2138262,
2616,1156.928204536438,-1.8865885,
2617,1157.3671555519104,-2.2167158,
2618,1157.8055698871613,-2.575244,
2619,1158.2445154190063,-1.5504575,
2620,1158.6834690570831,-1.9900252,
2621,1159.1224100589752,-1.9644058,
2622,1159.561440706253,-2.510229,
2623,1160.0000157356262,-1.7518573,
2624,1160.4389708042145,-1.3126822,
2625,1160.87766456604,-3.0487132,
2626,1161.3167655467987,-1.6481781,
2627,1161.7552258968353,-2.3080423,
2628,1162.1936795711517,-2.1549425,
2629,1162.6325187683105,-1.6607581,
2630,1163.0713782310486,-1.9487298,
2631,1163.5103845596313,-2.1784832,
2632,1163.9488894939423,-0.9340418,
2633,1164.3877215385437,-2.3053465,
2634,1164.8266904354095,-1.7270515,
2635,1165.2657780647278,-1.8629296,
2636,1165.704345703125,-2.3528943,
2637,1166.1429069042206,-2.4978313,
2638,1166.5817291736603,-1.626972,
2639,1167.0205256938934,-1.2850219,
2640,1167.45960688591,-2.0406444,
2641,1167.8983755111694,-1.6526643,
2642,1168.3373169898987,-2.410864,
2643,1168.776094198227,-2.7786012,
2644,1169.2148480415344,-2.1938322,
2645,1169.6542055606842,-1.5337625,
2646,1170.0931887626648,-3.1170413,
2647,1170.53147149086,-1.6071169,
2648,1170.9704866409302,-2.7450333,
2649,1171.4091255664825,-2.5178204,
2650,1171.8478469848633,-0.83186686,
2651,1172.2865505218506,-2.2709577,
2652,1172.7259924411774,-1.0905043,
2653,1173.1647737026215,-1.6759281,
2654,1173.603587627411,-2.8653364,
2655,1174.0424854755402,-1.1818312,
2656,1174.4813392162323,-1.7333149,
2657,1174.9200630187988,-1.3099217,
2658,1175.3589584827423,-1.8167717,
2659,1175.7978613376617,-2.7159002,
2660,1176.2389636039734,-2.029825,
2661,1176.677898645401,-1.9946604,
2662,1177.1167528629303,-2.2173326,
2663,1177.5556304454803,-3.456458,
2664,1177.9943046569824,-1.8415068,
2665,1178.4331493377686,-2.5697937,
2666,1178.8719699382782,-1.9375196,
2667,1179.3106973171234,-2.16511,
2668,1179.7489376068115,-2.3515015,
2669,1180.1878786087036,-1.5357003,
2670,1180.6266016960144,-1.6658051,
2671,1181.065626859665,-1.3769069,
2672,1181.5043523311615,-1.9273213,
2673,1181.943303346634,-2.695682,
2674,1182.3822302818298,-2.378617,
2675,1182.8212597370148,-1.7683914,
2676,1183.2600693702698,-0.4531136,
2677,1183.698804616928,-3.4538796,
2678,1184.137743473053,-2.6475816,
2679,1184.576901435852,-2.2640893,
2680,1185.0159702301025,-2.071633,
2681,1185.455118894577,-3.123521,
2682,1185.8940670490265,-2.0814738,
2683,1186.332947731018,-1.4552691,
2684,1186.7715940475464,-1.8556309,
2685,1187.2101411819458,-1.5999453,
2686,1187.6490335464478,-1.6641201,
2687,1188.0880846977234,-2.6597612,
2688,1188.5267486572266,-2.253114,
2689,1188.9653642177582,-1.3829628,
2690,1189.4038586616516,-1.9611672,
2691,1189.842448234558,-1.8199909,
2692,1190.2810230255127,-2.5267131,
2693,1190.7197575569153,-2.3118963,
2694,1191.1583225727081,-1.2336617,
2695,1191.5968766212463,-1.7813456,
2696,1192.0350658893585,-2.5987291,
2697,1192.4737725257874,-1.8126848,
2698,1192.9123902320862,-1.1081015,
2699,1193.3508875370026,-1.6125501,
2700,1193.9905996322632,-2.0363228,
2701,1194.4288952350616,-2.6725643,
2702,1194.8672144412994,-2.926681,
2703,1195.3057971000671,-2.453324,
2704,1195.7440581321716,-1.7161527,
2705,1196.1826028823853,-3.3086271,
2706,1196.621229171753,-1.9189825,
2707,1197.0600717067719,-0.8875466,
2708,1197.4985136985779,-1.9371707,
2709,1197.9372727870941,-2.9991941,
2710,1198.375649690628,-2.3196714,
2711,1198.8140738010406,-1.8390048,
2712,1199.2527267932892,-2.563426,
2713,1199.6916179656982,-3.025649,
2714,1200.130506515503,-2.314077,
2715,1200.5696289539337,-1.8180485,
2716,1201.0087621212006,-2.2980058,
2717,1201.447249174118,-2.1537533,
2718,1201.8858888149261,-1.4556785,
2719,1202.3247184753418,-0.84566665,
2720,1202.7634932994843,-2.5537443,
2721,1203.2018401622772,-2.3205311,
2722,1203.6402428150177,-3.556364,
2723,1204.0785822868347,-2.5845482,
2724,1204.5172624588013,-1.7308093,
2725,1204.955377817154,-2.020394,
2726,1205.3935990333557,-1.4268627,
2727,1205.8326568603516,-1.9160986,
2728,1206.2711944580078,-1.2141392,
2729,1206.709834098816,-2.635425,
2730,1207.1484694480896,-2.6456277,
2731,1207.587426185608,-1.7968292,
2732,1208.0263619422913,-1.7393746,
2733,1208.4647073745728,-1.666506,
2734,1208.9034309387207,-3.0503697,
2735,1209.3423855304718,-1.8124967,
2736,1209.7811317443848,-1.4928447,
2737,1210.2199580669403,-2.4949315,
2738,1210.658529996872,-2.2985218,
2739,1211.097023010254,-2.85214,
2740,1211.5356693267822,-1.551174,
2741,1211.9737801551819,-3.4543943,
2742,1212.4124102592468,-1.9815744,
2743,1212.5112941265106,-2.7607408,
2744,1213.5761740207672,-2.1194236,
2745,1214.0147907733917,-2.3147962,
2746,1214.452795267105,-1.4152644,
2747,1214.8908076286316,-1.1377174,
2748,1215.3285267353058,-2.5958521,
2749,1215.766149520874,-4.064821,
2750,1216.2044167518616,-2.9762104,
2751,1216.6419923305511,-2.3622618,
2752,1217.0797708034515,-1.8029975,
2753,1217.5178787708282,-2.2868414,
2754,1217.9558420181274,-2.006768,
2755,1218.3938682079315,-0.9778387,
2756,1218.8314318656921,-2.4531136,
2757,1219.2691502571106,-2.2301412,
2758,1219.7072546482086,-1.9714141,
2759,1220.1451873779297,-2.1989887,
2760,1220.5833616256714,-0.7262419,
2761,1221.0210843086243,-2.5730171,
2762,1221.4585676193237,-1.7004063,
2763,1221.8962149620056,-1.7689149,
2764,1222.3339579105377,-2.5610776,
2765,1222.7721407413483,-1.2170151,
2766,1223.2099854946136,-1.7824891,
2767,1223.6480581760406,-1.7205529,
2768,1224.086237668991,-2.3956118,
2769,1224.5243740081787,-1.8413135,
2770,1224.9626016616821,-1.9081693,
2771,1225.4009130001068,-2.1262424,
2772,1225.8389117717743,-1.5138729,
2773,1226.2766823768616,-1.3434378,
2774,1226.714215040207,-2.2544906,
2775,1227.151762008667,-2.902175,
2776,1227.5899589061737,-1.9843715,
2777,1228.027851343155,-3.0666223,
2778,1228.4657933712006,-1.9926622,
2779,1228.903359413147,-1.9613628,
2780,1229.3416810035706,-2.5734222,
2781,1229.7799484729767,-2.1027884,
2782,1230.2175657749176,-1.3778565,
2783,1230.65553689003,-0.666257,
2784,1231.093463897705,-2.9763286,
2785,1231.5312867164612,-2.1151795,
2786,1231.9692997932434,-2.439698,
2787,1232.407157421112,-1.6475003,
2788,1232.8447949886322,-1.9717432,
2789,1233.2825829982758,-2.0213406,
2790,1233.720368385315,-2.1448991,
2791,1234.158795118332,-1.500289,
2792,1234.5966484546661,-1.5179822,
2793,1235.0345311164856,-1.6919178,
2794,1235.472746372223,-1.7407261,
2795,1235.9103152751923,-1.7262495,
2796,1236.348294019699,-2.0448549,
2797,1236.7862746715546,-1.8553647,
2798,1237.2241673469543,-1.7605206,
2799,1237.6625509262085,-1.3241433,
2800,1238.312484741211,-1.5144994,
2801,1238.7499384880066,-2.5601006,
2802,1239.1875829696655,-2.2285018,
2803,1239.6252999305725,-2.3394501,
2804,1240.0635204315186,-2.9789555,
2805,1240.5016283988953,-1.8002833,
2806,1240.9393219947815,-1.6698601,
2807,1241.3773789405823,-2.5247579,
2808,1241.8155720233917,-2.2273355,
2809,1242.253667831421,-2.706938,
2810,1242.6916508674622,-2.5437372,
2811,1243.1293756961823,-3.6205726,
2812,1243.5672640800476,-2.9643445,
2813,1244.0051927566528,-2.2773347,
2814,1244.4427671432495,-2.6710877,
2815,1244.880469083786,-1.2500168,
2816,1245.3182544708252,-1.476951,
2817,1245.7562396526337,-3.7928724,
2818,1246.1944954395294,-1.9283988,
2819,1246.6323568820953,-2.4705713,
2820,1247.0702509880066,-2.3460178,
2821,1247.508000612259,-2.274068,
2822,1247.9462480545044,-1.5522186,
2823,1248.3841817378998,-1.9279976,
2824,1248.8221740722656,-0.9815887,
2825,1249.260273694992,-1.5707614,
2826,1249.6982691287994,-2.6872828,
2827,1250.136043548584,-1.2653015,
2828,1250.574261188507,-2.5456424,
2829,1251.0122182369232,-0.34734955,
2830,1251.4502592086792,-1.3674252,
2831,1251.8884065151215,-1.7136413,
2832,1252.3260066509247,-2.2164323,
2833,1252.7639374732971,-2.411141,
2834,1253.2020027637482,-2.4061565,
2835,1253.6395621299744,-1.8023548,
2836,1254.077529668808,-3.3773012,
2837,1254.5153391361237,-3.1460395,
2838,1254.9534361362457,-2.5322874,
2839,1255.391878604889,-2.0693407,
2840,1255.830115556717,-1.8029635,
2841,1256.268214225769,-1.5397847,
2842,1256.7063682079315,-2.084193,
2843,1257.1441457271576,-3.2895205,
2844,1257.5819675922394,-1.565261,
2845,1258.0202112197876,-2.6586947,
2846,1258.458129644394,-6.2933893,
2847,1258.8960492610931,-2.3858786,
2848,1259.3339531421661,-1.6695172,
2849,1259.7721984386444,-1.3094301,
2850,1260.2106647491455,-1.5997448,
2851,1260.6489095687866,-2.47116,
2852,1261.0869965553284,-0.79592836,
2853,1261.525075674057,-1.6045283,
2854,1261.9628760814667,-2.488463,
2855,1262.4010121822357,-2.7180054,
2856,1262.8391199111938,-2.9367614,
2857,1263.2771065235138,-1.6091664,
2858,1263.714637517929,-2.004522,
2859,1264.1527211666107,-2.6014862,
2860,1264.5905344486237,-3.451397,
2861,1265.028495311737,-2.7255526,
2862,1265.4665961265564,-1.97563,
2863,1265.9044477939606,-1.2994188,
2864,1266.3425152301788,-1.0576746,
2865,1266.7804045677185,-2.3537135,
2866,1267.218501329422,-2.878446,
2867,1267.656388759613,-1.9031719,
2868,1268.0949728488922,-0.9525414,
2869,1268.5329537391663,-2.6321933,
2870,1268.9707267284393,-1.4271333,
2871,1269.4085977077484,-2.3342395,
2872,1269.8468780517578,-1.1032608,
2873,1270.285004377365,-2.4396036,
2874,1270.7229783535004,-1.8984925,
2875,1271.1611785888672,-2.6961062,
2876,1271.5991785526276,-2.3795636,
2877,1272.037190437317,-1.9468143,
2878,1272.4751389026642,-2.4635541,
2879,1272.9133129119873,-2.397319,
2880,1273.351262331009,-2.075141,
2881,1273.7889516353607,-1.804002,
2882,1274.227364063263,-3.2141438,
2883,1274.665687084198,-1.3630298,
2884,1275.1037616729736,-1.3680562,
2885,1275.5416414737701,-2.590918,
2886,1275.9795372486115,-1.0138354,
2887,1276.4174480438232,-1.515592,
2888,1276.8555431365967,-3.2498012,
2889,1277.293747663498,-2.479693,
2890,1277.731529712677,-2.7812858,
2891,1278.1695442199707,-1.3210301,
2892,1278.6072750091553,-3.054562,
2893,1279.0453929901123,-1.4021063,
2894,1279.4831795692444,-2.2901902,
2895,1279.92147397995,-1.694986,
2896,1280.359613418579,-2.1520643,
2897,1280.797569990158,-1.7279291,
2898,1281.2360944747925,-2.4651241,
2899,1281.674153327942,-0.9458023,
2900,1282.3141276836395,-1.6631579,
2901,1282.7520971298218,-2.164675,
2902,1283.1902194023132,-1.6076368,
2903,1283.6281616687775,-3.5264363,
2904,1284.0659325122833,-3.1052656,
2905,1284.5040955543518,-3.1084857,
2906,1284.9425864219666,-2.9505055,
2907,1285.3802514076233,-2.1488557,
2908,1285.818405866623,-1.5136571,
2909,1286.2565114498138,-4.1888943,
2910,1286.6941695213318,-2.5004299,
2911,1287.1320428848267,-2.204463,
2912,1287.5697543621063,-1.9072936,
2913,1288.0081222057343,-2.910512,
2914,1288.4464333057404,-2.2224822,
2915,1288.8843784332275,-1.7247602,
2916,1289.3227009773254,-1.5738037,
2917,1289.7611677646637,-2.6866894,
2918,1290.199274301529,-0.85672414,
2919,1290.637148141861,-1.4207195,
2920,1291.0751667022705,-1.1092558,
2921,1291.512986421585,-1.1407491,
2922,1291.9508457183838,-2.4855716,
2923,1292.3888235092163,-1.7256726,
2924,1292.8270304203033,-2.7199306,
2925,1293.2654955387115,-2.098885,
2926,1293.7034673690796,-1.8301203,
2927,1294.1413855552673,-1.9198887,
2928,1294.5797755718231,-1.7949018,
2929,1295.018177986145,-2.231135,
2930,1295.4565222263336,-1.1247656,
2931,1295.8944981098175,-3.1857398,
2932,1296.332380771637,-1.7021183,
2933,1296.7704319953918,-3.609803,
2934,1297.208645105362,-1.5182588,
2935,1297.646380662918,-1.5377386,
2936,1298.084475517273,-1.7440563,
2937,1298.522724866867,-1.323081,
2938,1298.960743188858,-2.4430692,
2939,1299.399096250534,-1.6656147,
2940,1299.8372733592987,-2.3420658,
2941,1300.2754573822021,-3.7622294,
2942,1300.713458776474,-2.916354,
2943,1301.1513192653656,-1.438442,
2944,1301.589135169983,-2.902278,
2945,1302.026962518692,-1.3883823,
2946,1302.4648840427399,-1.0973078,
2947,1302.902705669403,-0.87580943,
2948,1303.3408756256104,-2.1490233,
2949,1303.778964996338,-2.3776364,
2950,1304.2170419692993,-1.5103828,
2951,1304.655205488205,-1.762022,
2952,1305.0935897827148,-2.3581796,
2953,1305.5318858623505,-1.808953,
2954,1305.630523443222,-0.2809812,
2955,1306.6273260116577,-1.0958691,
2956,1307.0649764537811,-1.7478975,
2957,1307.5025029182434,-1.1837372,
2958,1307.9403824806213,-1.2424474,
2959,1308.3779907226562,-1.7909664,
2960,1308.8160574436188,-2.4328442,
2961,1309.254490852356,-1.7961468,
2962,1309.6922636032104,-2.2588272,
2963,1310.130396604538,-1.9530742,
2964,1310.568341255188,-2.1382165,
2965,1311.0060510635376,-1.1118301,
2966,1311.4442286491394,-4.368652,
2967,1311.8820278644562,-1.4812787,
2968,1312.3204877376556,-2.8421912,
2969,1312.758526802063,-2.6210675,
2970,1313.1966195106506,-1.8528421,
2971,1313.6348326206207,-3.3449724,
2972,1314.0730164051056,-3.3238487,
2973,1314.5110402107239,-1.503071,
2974,1314.9489068984985,-2.0206769,
2975,1315.386679649353,-2.2624884,
2976,1315.8242614269257,-2.1604497,
2977,1316.2620480060577,-1.7973689,
2978,1316.6999742984772,-3.3900251,
2979,1317.1378526687622,-2.3027089,
2980,1317.5761282444,-2.301806,
2981,1318.0143837928772,-1.0260128,
2982,1318.4527235031128,-1.7270718,
2983,1318.891035079956,-1.436058,
2984,1319.3294172286987,-0.5444245,
2985,1319.7672595977783,-2.3457382,
2986,1320.205162525177,-3.327641,
2987,1320.6430308818817,-1.0947633,
2988,1321.0808267593384,-1.7610426,
2989,1321.518891096115,-2.4333444,
2990,1321.9570853710175,-1.9839059,
2991,1322.3952984809875,-1.5646892,
2992,1322.8334050178528,-2.2069507,
2993,1323.2716228961945,-1.9924412,
2994,1323.7101788520813,-1.2022226,
2995,1324.1482455730438,-2.8083665,
2996,1324.5862617492676,-2.249678,
2997,1325.0246648788452,-2.5865626,
2998,1325.462298154831,-1.5925642,
2999,1325.9002723693848,-1.6438991,
3000,1326.5514578819275,-2.8369489,
3001,1326.9896173477173,-2.4035606,
3002,1327.427809715271,-1.9445262,
3003,1327.8662042617798,-2.1419601,
3004,1328.3041751384735,-2.0152373,
3005,1328.7422277927399,-2.1586058,
3006,1329.1805136203766,-1.8160708,
3007,1329.6185867786407,-2.2109938,
3008,1330.0565042495728,-3.0141628,
3009,1330.4945902824402,-2.7346325,
3010,1330.932677268982,-2.5501595,
3011,1331.3704371452332,-3.8733966,
3012,1331.8085260391235,-1.8616035,
3013,1332.2465906143188,-2.1339746,
3014,1332.6849191188812,-1.2649897,
3015,1333.123170375824,-1.3580606,
3016,1333.5612375736237,-2.0297294,
3017,1333.9988629817963,-1.3537495,
3018,1334.4371840953827,-1.133136,
3019,1334.8749635219574,-1.1909926,
3020,1335.3130984306335,-1.627651,
3021,1335.7511458396912,-1.4700458,
3022,1336.1890618801117,-1.3407104,
3023,1336.6278364658356,-2.070346,
3024,1337.0670523643494,-2.3218625,
3025,1337.505117893219,-2.1992714,
3026,1337.9431216716766,-1.2577505,
3027,1338.381038427353,-1.7815063,
3028,1338.8192343711853,-2.6278768,
3029,1339.2570283412933,-2.4491525,
3030,1339.6952922344208,-1.2707435,
3031,1340.1329674720764,-2.951283,
3032,1340.571183681488,-1.4278123,
3033,1341.0094060897827,-2.7889085,
3034,1341.447541475296,-2.8714068,
3035,1341.8857381343842,-4.287646,
3036,1342.324243068695,-1.223952,
3037,1342.7623126506805,-1.3053787,
3038,1343.200368642807,-1.6295458,
3039,1343.638518333435,-2.4428372,
3040,1344.0763692855835,-1.6976621,
3041,1344.5143265724182,-1.603371,
3042,1344.9524648189545,-2.4152033,
3043,1345.3904526233673,-1.9010556,
3044,1345.8283035755157,-1.2741833,
3045,1346.266294002533,-2.8707757,
3046,1346.7046241760254,-3.6583834,
3047,1347.1429040431976,-2.7250042,
3048,1347.5809922218323,-3.1088178,
3049,1348.0191814899445,-1.6298625,
3050,1348.4574255943298,-0.9978619,
3051,1348.8950560092926,-1.1810563,
3052,1349.333067893982,-1.03787,
3053,1349.771253824234,-0.84235275,
3054,1350.2093796730042,-2.7616887,
3055,1350.6471526622772,-1.2860149,
3056,1351.0853085517883,-2.411659,
3057,1351.5236411094666,-3.0895944,
3058,1351.9618880748749,-1.6295104,
3059,1352.4000647068024,-1.8983556,
3060,1352.8383724689484,-2.921245,
3061,1353.2767763137817,-2.2194736,
3062,1353.7150838375092,-1.328332,
3063,1354.15300989151,-1.6442207,
3064,1354.5910720825195,-1.0435021,
3065,1355.0292177200317,-1.5575013,
3066,1355.4673480987549,-2.2924783,
3067,1355.9056432247162,-2.2684984,
3068,1356.343736410141,-1.5560566,
3069,1356.781984090805,-2.365152,
3070,1357.2200555801392,-1.8591946,
3071,1357.6580538749695,-1.834838,
3072,1358.0960540771484,-1.3787235,
3073,1358.5340552330017,-2.975868,
3074,1358.9722201824188,-2.0577652,
3075,1359.409954071045,-1.039679,
3076,1359.8480477333069,-2.1701634,
3077,1360.2860114574432,-2.6600688,
3078,1360.7237408161163,-2.702948,
3079,1361.161838054657,-2.980678,
3080,1361.5999155044556,-1.8944187,
3081,1362.0382297039032,-1.4115863,
3082,1362.4761667251587,-2.5119405,
3083,1362.9140191078186,-1.6139523,
3084,1363.351924419403,-2.1553006,
3085,1363.7896974086761,-1.9154434,
3086,1364.227912902832,-2.9623375,
3087,1364.6657457351685,-1.308769,
3088,1365.1038827896118,-1.656813,
3089,1365.541913986206,-2.0250585,
3090,1365.9800124168396,-2.2461915,
3091,1366.4179863929749,-2.58003,
3092,1366.856154680252,-2.3278534,
3093,1367.2945091724396,-1.3927395,
3094,1367.732501745224,-1.6556437,
3095,1368.1706280708313,-1.404099,
3096,1368.608395576477,-1.8672912,
3097,1369.0466032028198,-0.5721852,
3098,1369.4848787784576,-2.4185061,
3099,1369.9228012561798,-2.773253,
3100,1370.5644624233246,-2.6379528,
3101,1371.002278804779,-1.819378,
3102,1371.440381526947,-1.8067216,
3103,1371.8781485557556,-2.3659625,
3104,1372.3162841796875,-3.209464,
3105,1372.7547299861908,-2.1833713,
3106,1373.1927211284637,-2.7274308,
3107,1373.6306467056274,-1.4495785,
3108,1374.068419933319,-1.2270776,
3109,1374.5064866542816,-1.7603444,
3110,1374.944348335266,-0.91669625,
3111,1375.3822391033173,-2.6975534,
3112,1375.8203763961792,-1.7668895,
3113,1376.2584133148193,-2.742252,
3114,1376.6961977481842,-1.7170718,
3115,1377.1343429088593,-2.2276006,
3116,1377.5726156234741,-0.8845037,
3117,1378.0105528831482,-1.7613649,
3118,1378.4486048221588,-1.4668901,
3119,1378.8862817287445,-2.3620036,
3120,1379.3237700462341,-1.0564362,
3121,1379.762067079544,-1.1085382,
3122,1380.1998691558838,-3.159155,
3123,1380.637877702713,-3.0627017,
3124,1381.0759122371674,-2.6841722,
3125,1381.5136578083038,-1.9624994,
3126,1381.9518625736237,-1.930459,
3127,1382.3896477222443,-1.7163417,
3128,1382.8275392055511,-2.6188416,
3129,1383.2651364803314,-2.1880922,
3130,1383.7030909061432,-1.235836,
3131,1384.14120554924,-0.9631383,
3132,1384.579220533371,-1.154553,
3133,1385.0175976753235,-1.8101226,
3134,1385.455631494522,-0.94461083,
3135,1385.8936929702759,-2.7536473,
3136,1386.3316013813019,-2.6250827,
3137,1386.7692897319794,-1.8688555,
3138,1387.207694530487,-1.2454184,
3139,1387.645775794983,-2.2405486,
3140,1388.083711862564,-2.1619947,
3141,1388.5215640068054,-1.1407593,
3142,1388.9597659111023,-1.4764391,
3143,1389.3971939086914,-2.4281075,
3144,1389.8348424434662,-3.2785938,
3145,1390.272786617279,-1.8787452,
3146,1390.7109224796295,-0.8510154,
3147,1391.1493887901306,-3.05528,
3148,1391.5870101451874,-2.2290134,
3149,1392.02489900589,-0.98378307,
3150,1392.4635956287384,-3.0253341,
3151,1392.901624917984,-1.2841357,
3152,1393.3393301963806,-2.7822995,
3153,1393.7777209281921,-2.823459,
3154,1394.2154371738434,-1.6453323,
3155,1394.6532897949219,-1.4245756,
3156,1395.091136455536,-4.022512,
3157,1395.529423713684,-1.4770119,
3158,1395.9676172733307,-3.590852,
3159,1396.4055862426758,-2.224971,
3160,1396.8435952663422,-2.6102474,
3161,1397.2815375328064,-3.0106635,
3162,1397.7191569805145,-1.5895408,
3163,1398.1572682857513,-0.9064575,
3164,1398.5952565670013,-2.196363,
3165,1398.6939418315887,-3.4511333,
3166,1399.681269645691,-1.4890345,
3167,1400.1188044548035,-2.9839115,
3168,1400.5564291477203,-1.6456405,
3169,1400.9942545890808,-1.2826992,
3170,1401.4323687553406,-2.716214,
3171,1401.87038064003,-3.1596615,
3172,1402.3085062503815,-2.8247547,
3173,1402.7463524341583,-1.7304356,
3174,1403.1844029426575,-2.3636186,
3175,1403.6226689815521,-1.4058003,
3176,1404.0608367919922,-1.6921189,
3177,1404.4987802505493,-2.6998127,
3178,1404.9368357658386,-0.98323125,
3179,1405.3752882480621,-2.0083487,
3180,1405.8133072853088,-2.0261366,
3181,1406.2513008117676,-2.6768727,
3182,1406.6894526481628,-2.0164282,
3183,1407.1274154186249,-3.045165,
3184,1407.5653805732727,-1.6137928,
3185,1408.0036599636078,-2.2882433,
3186,1408.441656112671,-2.7569969,
3187,1408.8795356750488,-2.1355221,
3188,1409.3179013729095,-2.77838,
3189,1409.7556354999542,-1.4892848,
3190,1410.1935367584229,-1.3634874,
3191,1410.6313214302063,-1.3380693,
3192,1411.069210767746,-1.7630523,
3193,1411.5073523521423,-2.4668539,
3194,1411.9453084468842,-1.5106374,
3195,1412.3833084106445,-1.8301144,
3196,1412.8217041492462,-2.574741,
3197,1413.2600631713867,-1.7511318,
3198,1413.69793009758,-2.276558,
3199,1414.1362409591675,-1.7867086,
3200,1414.7858095169067,-1.8435922,
3201,1415.2237176895142,-2.6031578,
3202,1415.6618204116821,-0.6412809,
3203,1416.0996811389923,-2.0818076,
3204,1416.5374610424042,-1.4243944,
3205,1416.9753720760345,-1.9987901,
3206,1417.4132542610168,-2.8331115,
3207,1417.851054906845,-3.4739785,
3208,1418.2890346050262,-0.7101869,
3209,1418.7273423671722,-1.8563342,
3210,1419.1656422615051,-0.7898922,
3211,1419.6038901805878,-2.1174233,
3212,1420.0416276454926,-2.9481971,
3213,1420.4799721240997,-1.1555591,
3214,1420.9181582927704,-3.777925,
3215,1421.3566052913666,-2.7910352,
3216,1421.7947676181793,-1.7006028,
3217,1422.232655763626,-0.4734985,
3218,1422.6706812381744,-2.3479543,
3219,1423.108511209488,-1.3213971,
3220,1423.546079158783,-2.3480914,
3221,1423.9839491844177,-2.1678817,
3222,1424.4217877388,-1.1923778,
3223,1424.8598732948303,-1.6684601,
3224,1425.2982561588287,-2.9308436,
3225,1425.7364234924316,-2.0694106,
3226,1426.1745355129242,-2.2915905,
3227,1426.6128334999084,-3.0744064,
3228,1427.0508692264557,-1.1976693,
3229,1427.488575220108,-1.9030848,
3230,1427.9264268875122,-1.5431314,
3231,1428.3644337654114,-2.0013146,
3232,1428.8024888038635,-1.7148302,
3233,1429.2405724525452,-2.9887438,
3234,1429.678673505783,-2.1727338,
3235,1430.1168847084045,-1.983146,
3236,1430.5549566745758,-1.0059197,
3237,1430.992900133133,-2.1896892,
3238,1431.4308774471283,-1.3679646,
3239,1431.868777513504,-1.3753083,
3240,1432.306900024414,-2.4349508,
3241,1432.7448418140411,-2.1568844,
3242,1433.1827371120453,-1.7361536,
3243,1433.6208267211914,-2.2245378,
3244,1434.0586874485016,-3.1032467,
3245,1434.496610879898,-2.726726,
3246,1434.934892654419,-0.8798826,
3247,1435.3727068901062,-1.537755,
3248,1435.810715675354,-2.7355227,
3249,1436.2485439777374,-1.7123015,
3250,1436.6864383220673,-2.0020773,
3251,1437.1244144439697,-2.1890028,
3252,1437.56227517128,-2.0574238,
3253,1437.999992132187,-2.6939108,
3254,1438.4378142356873,-1.4200306,
3255,1438.8757162094116,-1.0688152,
3256,1439.3141000270844,-2.0262477,
3257,1439.7522933483124,-1.6003747,
3258,1440.1900296211243,-2.5129228,
3259,1440.628291130066,-2.883789,
3260,1441.0661516189575,-1.2825844,
3261,1441.5043494701385,-2.1648982,
3262,1441.9425411224365,-3.3246124,
3263,1442.3802971839905,-2.1921782,
3264,1442.818238735199,-1.7239913,
3265,1443.25621342659,-1.1806896,
3266,1443.6939706802368,-2.4260986,
3267,1444.1323125362396,-1.1600428,
3268,1444.5696527957916,-2.5719402,
3269,1445.007569551468,-1.7746842,
3270,1445.4455344676971,-1.6008971,
3271,1445.8834199905396,-1.8500757,
3272,1446.3214266300201,-2.5995705,
3273,1446.7588894367218,-2.1793342,
3274,1447.1969225406647,-1.5178992,
3275,1447.6349363327026,-2.3959446,
3276,1448.072654724121,-2.3280637,
3277,1448.5110647678375,-1.2939764,
3278,1448.9495406150818,-1.6203736,
3279,1449.3879480361938,-1.7056464,
3280,1449.8260006904602,-3.4455583,
3281,1450.264088153839,-2.6285763,
3282,1450.702376127243,-1.0320656,
3283,1451.1406037807465,-1.7983818,
3284,1451.578675031662,-2.0620432,
3285,1452.0166282653809,-2.621874,
3286,1452.454972743988,-4.221149,
3287,1452.893224477768,-1.3916743,
3288,1453.3312470912933,-2.9312708,
3289,1453.7696194648743,-2.651425,
3290,1454.2077522277832,-1.9477332,
3291,1454.645664691925,-1.7873745,
3292,1455.0836400985718,-1.1514623,
3293,1455.5213487148285,-2.560555,
3294,1455.959072113037,-1.8063298,
3295,1456.396722793579,-0.78220665,
3296,1456.8348259925842,-1.5384082,
3297,1457.273387670517,-0.945282,
3298,1457.7111325263977,-1.6431779,
3299,1458.1493191719055,-2.6955562,
3300,1458.791260957718,-2.226804,
3301,1459.229304075241,-2.0470142,
3302,1459.6677327156067,-2.586977,
3303,1460.1059811115265,-2.2545872,
3304,1460.5438919067383,-1.7841735,
3305,1460.9828181266785,-1.6137388,
3306,1461.4211213588715,-0.70740145,
3307,1461.8588497638702,-3.2247083,
3308,1462.2970733642578,-1.9773582,
3309,1462.735101699829,-1.5882968,
3310,1463.1732070446014,-1.0656838,
3311,1463.6111388206482,-1.1909639,
3312,1464.048909664154,-1.9923958,
3313,1464.4872634410858,-2.0503948,
3314,1464.925639629364,-0.7832828,
3315,1465.3634378910065,-1.5693253,
3316,1465.8012766838074,-1.7074672,
3317,1466.239264011383,-1.943794,
3318,1466.6771535873413,-1.2371107,
3319,1467.1151282787323,-0.9750027,
3320,1467.5531623363495,-1.5833763,
3321,1467.991358757019,-3.1221704,
3322,1468.4296491146088,-2.6469061,
3323,1468.8672246932983,-1.8523867,
3324,1469.3052241802216,-2.168171,
3325,1469.7432188987732,-2.4117177,
3326,1470.1815626621246,-1.973927,
3327,1470.6196856498718,-1.4963598,
3328,1471.0575351715088,-1.5699726,
3329,1471.4953227043152,-2.1716125,
3330,1471.9336371421814,-2.313528,
3331,1472.3715374469757,-2.1047585,
3332,1472.809469461441,-1.1788548,
3333,1473.247828245163,-1.3499408,
3334,1473.6857578754425,-1.9170681,
3335,1474.1239099502563,-1.8614947,
3336,1474.5621321201324,-1.0279354,
3337,1474.9999032020569,-1.7566621,
3338,1475.437950849533,-1.7576948,
3339,1475.8756120204926,-1.8296077,
3340,1476.3133618831635,-2.274801,
3341,1476.7516024112701,-2.2097533,
3342,1477.1896481513977,-2.7125933,
3343,1477.6273393630981,-1.9399738,
3344,1478.0652120113373,-1.88445,
3345,1478.5031521320343,-2.4221478,
3346,1478.9416599273682,-4.031787,
3347,1479.3796145915985,-0.62300783,
3348,1479.8177065849304,-2.526989,
3349,1480.2557513713837,-2.7080965,
3350,1480.6941676139832,-2.3315792,
3351,1481.1322083473206,-1.5486159,
3352,1481.5703036785126,-1.8693426,
3353,1482.0080678462982,-2.4601827,
3354,1482.4462642669678,-0.6686233,
3355,1482.8843371868134,-1.4675405,
3356,1483.3222424983978,-1.4324207,
3357,1483.7603540420532,-1.0835241,
3358,1484.1985669136047,-1.9569802,
3359,1484.6367230415344,-0.75565016,
3360,1485.0748827457428,-2.6454425,
3361,1485.5129182338715,-1.7618101,
3362,1485.9505922794342,-1.2840676,
3363,1486.3886692523956,-1.9948888,
3364,1486.8266308307648,-1.3515759,
3365,1487.2641830444336,-2.3891995,
3366,1487.702252626419,-3.920548,
3367,1488.1404521465302,-1.2425393,
3368,1488.578542470932,-1.3775666,
3369,1489.0165965557098,-2.3104267,
3370,1489.455174446106,-2.2115688,
3371,1489.893301486969,-1.9578935,
3372,1490.331217288971,-2.3783686,
3373,1490.768711566925,-2.3701332,
3374,1491.206746339798,-1.452189,
3375,1491.644469499588,-2.7690852,
3376,1491.742996454239,-0.25673628,
3377,1492.7027578353882,-1.4509282,
3378,1493.140352010727,-0.99190056,
3379,1493.5780653953552,-2.1743374,
3380,1494.0161063671112,-1.3187711,
3381,1494.453964471817,-1.772294,
3382,1494.8919327259064,-1.643891,
3383,1495.3295738697052,-3.410974,
3384,1495.7670180797577,-1.3141617,
3385,1496.2049942016602,-3.3741338,
3386,1496.6426854133606,-2.0856757,
3387,1497.0806241035461,-1.6683159,
3388,1497.5182056427002,-1.5921563,
3389,1497.956164598465,-3.1406925,
3390,1498.39431142807,-2.031513,
3391,1498.8320853710175,-1.1127821,
3392,1499.2703902721405,-2.431865,
3393,1499.7079966068268,-2.0497856,
3394,1500.1454682350159,-2.7133899,
3395,1500.5834743976593,-2.9277797,
3396,1501.0213515758514,-2.8370843,
3397,1501.4593801498413,-2.8120852,
3398,1501.8972549438477,-2.0454352,
3399,1502.3351590633392,-2.8601882,
3400,1502.9849574565887,-3.403093,
3401,1503.4226396083832,-1.6598865,
3402,1503.8607630729675,-1.23966,
3403,1504.2986497879028,-2.7574244,
3404,1504.7367737293243,-1.2256322,
3405,1505.174975156784,-1.6232593,
3406,1505.613165140152,-1.5971577,
3407,1506.051453590393,-1.1916271,
3408,1506.4897696971893,-1.4865292,
3409,1506.927741765976,-1.2193102,
3410,1507.3653137683868,-1.9222549,
3411,1507.8029787540436,-2.1291962,
3412,1508.2413213253021,-1.9221592,
3413,1508.6794362068176,-3.2328067,
3414,1509.117339372635,-1.2940729,
3415,1509.5551543235779,-1.2379519,
3416,1509.9931740760803,-1.9606683,
3417,1510.4314982891083,-2.1121433,
3418,1510.8694531917572,-2.2738447,
3419,1511.307243347168,-2.9000719,
3420,1511.7453248500824,-2.2161303,
3421,1512.183072566986,-1.1342974,
3422,1512.620887041092,-2.2985034,
3423,1513.0588488578796,-2.6631901,
3424,1513.4970479011536,-1.841799,
3425,1513.9351511001587,-2.1928966,
3426,1514.3728287220001,-1.0285529,
3427,1514.8109467029572,-3.77035,
3428,1515.249124288559,-1.9226098,
3429,1515.6874358654022,-1.543916,
3430,1516.1253657341003,-1.05386,
3431,1516.5636985301971,-1.7701595,
3432,1517.0018780231476,-2.570088,
3433,1517.4396934509277,-1.9832885,
3434,1517.877861738205,-1.6200548,
3435,1518.3156325817108,-2.5743876,
3436,1518.7539947032928,-2.3416119,
3437,1519.1921935081482,-1.8005097,
3438,1519.630001783371,-2.362467,
3439,1520.0685851573944,-1.9338948,
3440,1520.5068111419678,-1.3638393,
3441,1520.9450759887695,-1.2870328,
3442,1521.383373260498,-2.3240688,
3443,1521.8214089870453,-1.2395724,
3444,1522.259189605713,-2.723588,
3445,1522.6971821784973,-2.269669,
3446,1523.1352653503418,-3.529279,
3447,1523.5735311508179,-1.7317333,
3448,1524.0118839740753,-1.8463596,
3449,1524.4495799541473,-1.7160406,
3450,1524.8879599571228,-2.3307457,
3451,1525.326381444931,-2.3504446,
3452,1525.7644357681274,-2.9953537,
3453,1526.2029175758362,-1.0706314,
3454,1526.640992641449,-0.9582074,
3455,1527.0792129039764,-2.1931565,
3456,1527.517385482788,-1.1079843,
3457,1527.9556095600128,-2.0529351,
3458,1528.393615245819,-1.8131216,
3459,1528.8317880630493,-3.1907694,
3460,1529.2700555324554,-0.8695959,
3461,1529.7080216407776,-0.9727812,
3462,1530.1460795402527,-3.0445306,
3463,1530.5840961933136,-2.0962198,
3464,1531.0223836898804,-1.6188817,
3465,1531.4606959819794,-1.553678,
3466,1531.8989763259888,-1.7065889,
3467,1532.336735010147,-2.2439344,
3468,1532.774823665619,-1.7277868,
3469,1533.2132804393768,-2.548667,
3470,1533.6511447429657,-2.8823957,
3471,1534.0887427330017,-3.5617802,
3472,1534.5265312194824,-2.4860806,
3473,1534.9646332263947,-1.901064,
3474,1535.4027638435364,-1.2499081,
3475,1535.84095454216,-2.148558,
3476,1536.2791271209717,-1.7308663,
3477,1536.7170519828796,-1.5493245,
3478,1537.1549558639526,-1.7631195,
3479,1537.5928189754486,-2.3832216,
3480,1538.03045129776,-1.9914756,
3481,1538.468468427658,-2.6413002,
3482,1538.9064831733704,-1.0831368,
3483,1539.3446955680847,-3.7655947,
3484,1539.783075094223,-3.0173745,
3485,1540.2214443683624,-1.1195568,
3486,1540.6594338417053,-2.331449,
3487,1541.097201347351,-2.1073616,
3488,1541.5351860523224,-2.3577375,
3489,1541.9730281829834,-2.4552011,
3490,1542.411481142044,-2.5326395,
3491,1542.849885225296,-1.7077081,
3492,1543.2878348827362,-1.9857183,
3493,1543.7259528636932,-3.1274643,
3494,1544.1635200977325,-1.998159,
3495,1544.601844549179,-1.6316242,
3496,1545.040724992752,-1.9405267,
3497,1545.4791107177734,-1.8501744,
3498,1545.9174835681915,-2.1554546,
3499,1546.355551481247,-1.8194438,
3500,1546.995146036148,-2.7647212,
3501,1547.432460308075,-2.3912697,
3502,1547.8699305057526,-3.506648,
3503,1548.30770277977,-0.9088956,
3504,1548.7462003231049,-1.3235254,
3505,1549.1843056678772,-2.082643,
3506,1549.6220231056213,-1.7511542,
3507,1550.0599417686462,-0.8977473,
3508,1550.4979219436646,-1.4483383,
3509,1550.9362897872925,-1.6058054,
3510,1551.3743646144867,-2.2813919,
3511,1551.8124012947083,-2.3300946,
3512,1552.2505505084991,-2.6624627,
3513,1552.6884984970093,-2.9469786,
3514,1553.1268813610077,-3.3585715,
3515,1553.5645756721497,-2.2677567,
3516,1554.0027770996094,-1.995997,
3517,1554.440559387207,-4.478408,
3518,1554.878484249115,-3.6016955,
3519,1555.3165483474731,-1.2775091,
3520,1555.7548558712006,-0.9955377,
3521,1556.1930437088013,-1.3045443,
3522,1556.6311283111572,-1.4960145,
3523,1557.0685441493988,-2.4160767,
3524,1557.5063962936401,-1.8309096,
3525,1557.9442703723907,-2.2180915,
3526,1558.382583141327,-1.5303727,
3527,1558.820838212967,-3.3396134,
3528,1559.2585701942444,-2.2216191,
3529,1559.6966123580933,-1.0861107,
3530,1560.1344752311707,-2.1745,
3531,1560.5726556777954,-1.0209587,
3532,1561.0107080936432,-1.6376495,
3533,1561.4484610557556,-2.578257,
3534,1561.8864562511444,-1.2763062,
3535,1562.324716091156,-2.7639942,
3536,1562.7626197338104,-3.2251513,
3537,1563.2004263401031,-4.0140667,
3538,1563.6398794651031,-2.0249863,
3539,1564.0779683589935,-0.7032843,
3540,1564.5163180828094,-2.0958831,
3541,1564.9544863700867,-1.6019992,
3542,1565.3926858901978,-1.6312622,
3543,1565.831008195877,-0.7539617,
3544,1566.2690670490265,-2.4992816,
3545,1566.7068259716034,-2.5401678,
3546,1567.1449921131134,-2.4080143,
3547,1567.583200454712,-0.76124585,
3548,1568.0211737155914,-2.7646446,
3549,1568.4593722820282,-1.0255916,
3550,1568.8976156711578,-1.7373629,
3551,1569.3353102207184,-2.3456957,
3552,1569.773265838623,-1.6281886,
3553,1570.2112619876862,-3.5353048,
3554,1570.6491174697876,-3.2270598,
3555,1571.0869998931885,-1.5239339,
3556,1571.5247857570648,-2.387993,
3557,1571.9627628326416,-0.7572338,
3558,1572.4004964828491,-2.8858924,
3559,1572.8386187553406,-2.582668,
3560,1573.276640176773,-1.8797113,
3561,1573.7146410942078,-3.349625,
3562,1574.1525483131409,-2.6852088,
3563,1574.5905792713165,-1.4577264,
3564,1575.028357744217,-1.5044477,
3565,1575.4663484096527,-1.4241854,
3566,1575.9038932323456,-1.8279055,
3567,1576.3413758277893,-3.1820517,
3568,1576.779241323471,-1.1632324,
3569,1577.2174768447876,-3.5285354,
3570,1577.6550812721252,-2.252145,
3571,1578.0930120944977,-3.0597491,
3572,1578.5308895111084,-1.723696,
3573,1578.9688849449158,-1.8281523,
3574,1579.4074022769928,-1.8242266,
3575,1579.8452582359314,-1.3605151,
3576,1580.2832725048065,-0.46535388,
3577,1580.7215447425842,-1.9865654,
3578,1581.1595034599304,-1.4753228,
3579,1581.5970723628998,-1.7051576,
3580,1582.0350887775421,-2.4464388,
3581,1582.4733753204346,-2.1958516,
3582,1582.91121840477,-1.6684926,
3583,1583.349330663681,-1.6277257,
3584,1583.7877094745636,-1.3909652,
3585,1584.2255895137787,-1.8246076,
3586,1584.6635999679565,-1.8219267,
3587,1584.7622117996216,-1.5645466,
3588,1585.8010504245758,-1.4695804,
3589,1586.238835811615,-1.5603324,
3590,1586.6765944957733,-1.0349942,
3591,1587.1142404079437,-2.1897821,
3592,1587.5517826080322,-2.9398277,
3593,1587.9892401695251,-1.7406154,
3594,1588.4273114204407,-1.6154974,
3595,1588.8651866912842,-2.214069,
3596,1589.3033668994904,-2.5595646,
3597,1589.7413394451141,-2.3507614,
3598,1590.1795783042908,-1.6377195,
3599,1590.6177463531494,-1.6263938,
3600,1591.2681093215942,-1.1521709,
3601,1591.7061462402344,-2.1199737,
3602,1592.1438744068146,-2.1957593,
3603,1592.5814938545227,-1.9046593,
3604,1593.0195825099945,-1.9105005,
3605,1593.4573256969452,-1.4761384,
3606,1593.8952295780182,-2.3100111,
3607,1594.3333494663239,-1.8638206,
3608,1594.7711350917816,-5.479885,
3609,1595.2093257904053,-2.202096,
3610,1595.6473276615143,-3.3875244,
3611,1596.085337638855,-2.1473436,
3612,1596.5233619213104,-2.1783931,
3613,1596.961604833603,-2.223341,
3614,1597.3997147083282,-2.5132787,
3615,1597.8374598026276,-2.486008,
3616,1598.275200843811,-2.2473817,
3617,1598.713590145111,-1.4454902,
3618,1599.1517641544342,-1.8954093,
3619,1599.5897929668427,-2.2322521,
3620,1600.027682542801,-1.3375418,
3621,1600.4656343460083,-2.505571,
3622,1600.9034278392792,-2.414793,
3623,1601.3419160842896,-1.2002062,
3624,1601.780039548874,-1.681327,
3625,1602.2180564403534,-1.5020518,
3626,1602.6560826301575,-2.4290392,
3627,1603.0938766002655,-0.85852605,
3628,1603.5323173999786,-2.50358,
3629,1603.9703681468964,-2.1881487,
3630,1604.4079871177673,-1.2310985,
3631,1604.84628367424,-0.9912956,
3632,1605.2842724323273,-2.228274,
3633,1605.722284078598,-2.9057934,
3634,1606.1606922149658,-1.7566197,
3635,1606.5988647937775,-1.876863,
3636,1607.0367813110352,-1.3286313,
3637,1607.4746124744415,-2.2724838,
3638,1607.9125776290894,-2.0330179,
3639,1608.3508219718933,-2.3086956,
3640,1608.7888243198395,-2.0675085,
3641,1609.2271077632904,-0.80176115,
3642,1609.6652193069458,-2.4953089,
3643,1610.1033103466034,-2.316368,
3644,1610.5411565303802,-2.3729243,
3645,1610.9794554710388,-2.5204365,
3646,1611.4177029132843,-1.5097282,
3647,1611.85582280159,-1.7444792,
3648,1612.2938196659088,-2.3769908,
3649,1612.7314040660858,-2.1523762,
3650,1613.1692910194397,-0.802025,
3651,1613.6071991920471,-2.2612095,
3652,1614.0451798439026,-4.97645,
3653,1614.4834184646606,-1.3575212,
3654,1614.9210019111633,-2.1948557,
3655,1615.3590059280396,-3.7088683,
3656,1615.7972066402435,-1.5439099,
3657,1616.2352809906006,-1.9696336,
3658,1616.673130273819,-1.0996987,
3659,1617.1108419895172,-1.2168813,
3660,1617.5484516620636,-0.79263663,
3661,1617.9867281913757,-2.0741537,
3662,1618.424467086792,-1.3309361,
3663,1618.8626260757446,-2.4801006,
3664,1619.3009238243103,-1.2976382,
3665,1619.7392370700836,-1.557431,
3666,1620.1772122383118,-2.327532,
3667,1620.6153628826141,-1.8909051,
3668,1621.0535991191864,-1.8011596,
3669,1621.4916563034058,-1.9543414,
3670,1621.9296600818634,-2.4937263,
3671,1622.367317199707,-2.1871645,
3672,1622.805184841156,-2.7972345,
3673,1623.243240594864,-1.5830911,
3674,1623.6810579299927,-2.6200907,
3675,1624.1190938949585,-2.745239,
3676,1624.557042837143,-1.3481908,
3677,1624.9951519966125,-2.8005033,
3678,1625.4331891536713,-1.876201,
3679,1625.8709807395935,-1.5747815,
3680,1626.3092467784882,-2.5158405,
3681,1626.747276544571,-2.486498,
3682,1627.1851449012756,-2.6817737,
3683,1627.6231286525726,-2.2012181,
3684,1628.0611505508423,-2.211554,
3685,1628.4992973804474,-1.4183905,
3686,1628.9371769428253,-1.8490586,
3687,1629.374939441681,-0.88453305,
3688,1629.813083410263,-1.5854335,
3689,1630.2509932518005,-2.179753,
3690,1630.6891934871674,-3.1516454,
3691,1631.1272141933441,-2.4587078,
3692,1631.564762353897,-2.9659426,
3693,1632.0025861263275,-1.670972,
3694,1632.4402740001678,-0.96352655,
3695,1632.8778812885284,-1.8680627,
3696,1633.3157465457916,-2.1280975,
3697,1633.7537586688995,-1.4620677,
3698,1634.1919119358063,-1.6545464,
3699,1634.6301352977753,-1.9268515,
3700,1635.2693238258362,-1.42271,
3701,1635.7073290348053,-0.97986275,
3702,1636.145054101944,-2.9076173,
3703,1636.5824155807495,-2.9245715,
3704,1637.0204138755798,-1.7471058,
3705,1637.458337545395,-3.1751535,
3706,1637.896103143692,-2.1006625,
3707,1638.3339529037476,-1.8672321,
3708,1638.7720580101013,-1.3838966,
3709,1639.21044588089,-2.3370538,
3710,1639.648684501648,-2.008885,
3711,1640.0866894721985,-1.9203281,
3712,1640.5244588851929,-2.1740026,
3713,1640.9621391296387,-2.2521772,
3714,1641.4000656604767,-1.6287638,
3715,1641.8380463123322,-1.4399481,
3716,1642.2761352062225,-2.5202465,
3717,1642.714154958725,-2.2165923,
3718,1643.1522092819214,-2.0360155,
3719,1643.5903084278107,-1.9668238,
3720,1644.0288643836975,-2.0834932,
3721,1644.4668545722961,-2.2650297,
3722,1644.904734134674,-1.1144292,
3723,1645.3428008556366,-1.9047877,
3724,1645.780752658844,-1.2084394,
3725,1646.2188420295715,-1.1366198,
3726,1646.6566643714905,-1.6735512,
3727,1647.0949518680573,-1.3949524,
3728,1647.5329854488373,-1.2688458,
3729,1647.9709055423737,-2.5299153,
3730,1648.4087135791779,-3.2392254,
3731,1648.846932888031,-1.9204489,
3732,1649.2849333286285,-2.7276113,
3733,1649.722880601883,-3.420827,
3734,1650.1606822013855,-1.0149329,
3735,1650.599194765091,-1.800118,
3736,1651.0372507572174,-2.5476367,
3737,1651.4751563072205,-1.8188186,
3738,1651.913202047348,-1.4587139,
3739,1652.3515343666077,-1.8441734,
3740,1652.7891509532928,-2.2325308,
3741,1653.2274250984192,-2.2802677,
3742,1653.6659359931946,-3.8685646,
3743,1654.103488445282,-3.2861602,
3744,1654.5415923595428,-1.89871,
3745,1654.9796028137207,-1.991335,
3746,1655.4175510406494,-2.0096657,
3747,1655.8555092811584,-2.4546752,
3748,1656.2936725616455,-1.9914473,
3749,1656.7317538261414,-2.4122531,
3750,1657.1698169708252,-1.5636594,
3751,1657.6077678203583,-2.015845,
3752,1658.045560836792,-1.5335611,
3753,1658.48330783844,-2.8608084,
3754,1658.921476840973,-1.5640496,
3755,1659.35959815979,-1.081028,
3756,1659.7976160049438,-1.8121164,
3757,1660.2360172271729,-2.8932137,
3758,1660.6740500926971,-1.2214305,
3759,1661.1122028827667,-2.4182396,
3760,1661.5504591464996,-3.1710033,
3761,1661.9884905815125,-1.7679368,
3762,1662.426281929016,-2.1182837,
3763,1662.864202260971,-1.8742565,
3764,1663.3027815818787,-1.7809818,
3765,1663.7409551143646,-2.2222342,
3766,1664.1791310310364,-1.0565627,
3767,1664.617199897766,-1.7286489,
3768,1665.0548567771912,-2.264498,
3769,1665.4931304454803,-2.8012776,
3770,1665.9314143657684,-2.2366343,
3771,1666.3692843914032,-2.599615,
3772,1666.8070504665375,-2.161016,
3773,1667.2450442314148,-1.8055911,
3774,1667.6831016540527,-1.6402903,
3775,1668.121274471283,-1.2534397,
3776,1668.559003829956,-1.3884008,
3777,1668.9973895549774,-0.77586657,
3778,1669.4357781410217,-1.7777356,
3779,1669.8741145133972,-0.65742195,
3780,1670.3123757839203,-1.4772798,
3781,1670.7506911754608,-1.3483282,
3782,1671.188393831253,-2.0560935,
3783,1671.6268491744995,-1.0719287,
3784,1672.0652208328247,-1.2741014,
3785,1672.502779006958,-0.7851337,
3786,1672.9410009384155,-1.2504005,
3787,1673.379644870758,-1.7304375,
3788,1673.8173711299896,-1.6145955,
3789,1674.25541472435,-2.3075886,
3790,1674.6930937767029,-1.6485738,
3791,1675.131238937378,-2.6395202,
3792,1675.5693757534027,-1.6556005,
3793,1676.0071694850922,-1.3028047,
3794,1676.4452800750732,-2.7832947,
3795,1676.883320569992,-2.105219,
3796,1677.3215308189392,-1.3111902,
3797,1677.7594764232635,-2.3046153,
3798,1677.8581392765045,-1.028175,
3799,1678.8856756687164,-2.0352807,
3800,1679.5352647304535,-1.6455982,
3801,1679.9730050563812,-1.2815387,
3802,1680.4106588363647,-1.8107294,
3803,1680.8478116989136,-1.8044413,
3804,1681.2854492664337,-2.3619773,
3805,1681.7231147289276,-1.3511771,
3806,1682.161042690277,-2.7126026,
3807,1682.5991024971008,-2.3358731,
3808,1683.0372776985168,-2.0851066,
3809,1683.4754009246826,-1.8930285,
3810,1683.9129943847656,-2.1206787,
3811,1684.3510053157806,-1.1866361,
3812,1684.7887644767761,-2.2232158,
3813,1685.2267761230469,-1.59444,
3814,1685.6647381782532,-2.7922032,
3815,1686.1030361652374,-1.8497957,
3816,1686.5408835411072,-2.2134333,
3817,1686.978703737259,-2.7919343,
3818,1687.4170558452606,-1.855103,
3819,1687.855474472046,-2.48012,
3820,1688.2935936450958,-1.1373827,
3821,1688.7313890457153,-2.7244399,
3822,1689.1699328422546,-1.3520341,
3823,1689.6082468032837,-1.8444784,
3824,1690.04629611969,-2.240583,
3825,1690.4845769405365,-1.5743866,
3826,1690.9229319095612,-1.7393378,
3827,1691.3614492416382,-0.7114941,
3828,1691.7993521690369,-2.3834243,
3829,1692.2376794815063,-2.5457735,
3830,1692.6762080192566,-2.3820837,
3831,1693.114672422409,-2.7961688,
3832,1693.5533814430237,-1.6263553,
3833,1693.991739988327,-1.7590597,
3834,1694.4301416873932,-0.6590605,
3835,1694.8684859275818,-2.4395995,
3836,1695.3067636489868,-1.3095134,
3837,1695.7447793483734,-1.5575247,
3838,1696.1831064224243,-3.122752,
3839,1696.6214563846588,-2.331291,
3840,1697.0595557689667,-1.5428487,
3841,1697.498140335083,-2.3063557,
3842,1697.9364383220673,-1.5504502,
3843,1698.3750195503235,-1.956526,
3844,1698.813726425171,-1.5625342,
3845,1699.2522678375244,-1.3895869,
3846,1699.6906032562256,-3.5547242,
3847,1700.1291725635529,-2.1099281,
3848,1700.567524433136,-2.0128365,
3849,1701.0058784484863,-2.0259857,
3850,1701.4442856311798,-1.6264668,
3851,1701.8825070858002,-1.748605,
3852,1702.3208494186401,-3.774314,
3853,1702.759009361267,-2.19513,
3854,1703.1974549293518,-1.0334909,
3855,1703.6357765197754,-1.9701601,
3856,1704.073967218399,-1.1941282,
3857,1704.5122520923615,-1.2704809,
3858,1704.9504458904266,-1.2220798,
3859,1705.3888721466064,-1.2013922,
3860,1705.827336549759,-2.1217678,
3861,1706.2656710147858,-1.4021059,
3862,1706.7043175697327,-1.9801743,
3863,1707.1427097320557,-3.7519505,
3864,1707.581589460373,-2.9320135,
3865,1708.0199162960052,-1.8339803,
3866,1708.4586760997772,-2.0467138,
3867,1708.8976120948792,-1.3145353,
3868,1709.3358917236328,-1.6318526,
3869,1709.7737283706665,-1.5113763,
3870,1710.2121493816376,-1.1643264,
3871,1710.6501023769379,-1.7673287,
3872,1711.0885636806488,-2.1161332,
3873,1711.5270380973816,-2.1523461,
3874,1711.9654169082642,-2.0836895,
3875,1712.4035639762878,-2.0222683,
3876,1712.8418445587158,-1.0563154,
3877,1713.2798972129822,-1.3469042,
3878,1713.7185757160187,-3.5811229,
3879,1714.1569657325745,-1.2637222,
3880,1714.5951471328735,-2.6673815,
3881,1715.033875465393,-2.8529053,
3882,1715.4722661972046,-1.4751922,
3883,1715.9107496738434,-0.7906548,
3884,1716.3487014770508,-2.0761802,
3885,1716.7867286205292,-2.33671,
3886,1717.225077867508,-1.6733112,
3887,1717.6635344028473,-1.9082403,
3888,1718.1018068790436,-2.2097464,
3889,1718.540020942688,-2.0971174,
3890,1718.977959394455,-2.282917,
3891,1719.416167497635,-2.747644,
3892,1719.8546161651611,-2.1656108,
3893,1720.2927091121674,-1.7332646,
3894,1720.7309782505035,-1.051951,
3895,1721.1696622371674,-2.0884898,
3896,1721.6077840328217,-2.2867215,
3897,1722.0460948944092,-1.8669353,
3898,1722.4845125675201,-1.3045428,
3899,1722.9225935935974,-1.4343767,
3900,1723.5648131370544,-1.801759,
3901,1724.0029356479645,-2.255419,
3902,1724.4411771297455,-2.2728744,
3903,1724.8794226646423,-3.2355514,
3904,1725.3172240257263,-1.7217836,
3905,1725.7549948692322,-2.7192128,
3906,1726.1932241916656,-2.1948216,
3907,1726.6311416625977,-0.8235951,
3908,1727.069836139679,-1.8589661,
3909,1727.507975101471,-2.3981142,
3910,1727.945912361145,-1.718432,
3911,1728.3842871189117,-1.8545899,
3912,1728.8224658966064,-3.3199284,
3913,1729.2605290412903,-2.514858,
3914,1729.6985869407654,-2.0109725,
3915,1730.1367735862732,-2.5228424,
3916,1730.574747800827,-1.4919893,
3917,1731.0130491256714,-2.0959506,
3918,1731.4511935710907,-1.7342576,
3919,1731.889363527298,-2.4784727,
3920,1732.3276834487915,-1.2786143,
3921,1732.7659924030304,-3.1306796,
3922,1733.2041363716125,-2.7634554,
3923,1733.642418384552,-1.9862111,
3924,1734.0808372497559,-2.569375,
3925,1734.5188455581665,-2.6509602,
3926,1734.9572789669037,-1.6581348,
3927,1735.3955204486847,-2.1765528,
3928,1735.8333883285522,-1.4796598,
3929,1736.2717900276184,-1.1870854,
3930,1736.7100956439972,-2.9207635,
3931,1737.148185491562,-0.87355,
3932,1737.5861921310425,-2.396091,
3933,1738.0245006084442,-3.3335934,
3934,1738.4621579647064,-1.8436859,
3935,1738.900428533554,-1.7057891,
3936,1739.3389027118683,-1.8927976,
3937,1739.777274131775,-2.0270715,
3938,1740.215561389923,-1.2800574,
3939,1740.653664112091,-1.4611614,
3940,1741.0917682647705,-2.7296846,
3941,1741.5301151275635,-1.7138302,
3942,1741.9682767391205,-1.5018733,
3943,1742.4063115119934,-2.1501303,
3944,1742.8447709083557,-0.68384635,
3945,1743.2829637527466,-1.308593,
3946,1743.721029996872,-1.0471201,
3947,1744.1591453552246,-1.7799999,
3948,1744.5976266860962,-2.529454,
3949,1745.0358967781067,-2.856145,
3950,1745.4741804599762,-1.890371,
3951,1745.912405014038,-1.1760056,
3952,1746.350370645523,-1.240518,
3953,1746.7880294322968,-2.5294225,
3954,1747.226229429245,-2.578451,
3955,1747.6641278266907,-2.3127563,
3956,1748.1020665168762,-1.8859084,
3957,1748.5402104854584,-2.220334,
3958,1748.9783926010132,-0.8821554,
3959,1749.416465997696,-1.0987394,
3960,1749.854542016983,-1.8242161,
3961,1750.292650938034,-3.1013713,
3962,1750.7307245731354,-2.5424876,
3963,1751.1690084934235,-1.9121492,
3964,1751.6070330142975,-1.9993165,
3965,1752.045404434204,-1.5237826,
3966,1752.483866930008,-1.9054799,
3967,1752.9218261241913,-2.674679,
3968,1753.360056400299,-1.6735065,
3969,1753.798279762268,-1.9270744,
3970,1754.2362854480743,-1.3783679,
3971,1754.6745111942291,-2.7212234,
3972,1755.1126308441162,-1.9076755,
3973,1755.5511310100555,-2.337739,
3974,1755.9893245697021,-1.2951844,
3975,1756.4271728992462,-1.954855,
3976,1756.86594748497,-1.7400491,
3977,1757.3040339946747,-1.1195358,
3978,1757.7424485683441,-1.3707852,
3979,1758.1803669929504,-1.4730201,
3980,1758.6183416843414,-2.739735,
3981,1759.0561385154724,-1.4637706,
3982,1759.494086265564,-2.1184378,
3983,1759.932783126831,-0.7755621,
3984,1760.3710806369781,-2.4447954,
3985,1760.8096606731415,-3.193037,
3986,1761.247597694397,-1.5538768,
3987,1761.6853868961334,-1.7622714,
3988,1762.1237342357635,-2.2939079,
3989,1762.5617332458496,-1.4769018,
3990,1762.9998922348022,-0.7680236,
3991,1763.4381399154663,-1.7127202,
3992,1763.8765144348145,-2.0168765,
3993,1764.3144643306732,-2.6546698,
3994,1764.7525589466095,-1.6045136,
3995,1765.190929889679,-2.547783,
3996,1765.6294252872467,-0.9107867,
3997,1766.0675258636475,-1.9280784,
3998,1766.5057368278503,-1.402921,
3999,1766.9436395168304,-1.8201969,
4000,1767.5848097801208,-1.0857202,
4001,1768.0223081111908,-2.223199,
4002,1768.460574388504,-2.3679895,
4003,1768.8989074230194,-2.093597,
4004,1769.3368074893951,-1.4416772,
4005,1769.7746589183807,-1.0718695,
4006,1770.212547302246,-2.8061986,
4007,1770.6504204273224,-1.4489546,
4008,1771.0887577533722,-1.3803825,
4009,1771.1878771781921,-2.9673564,
4010,1772.235297203064,-1.9501349,
4011,1772.6729547977448,-1.3303308,
4012,1773.1106531620026,-2.0938911,
4013,1773.5486896038055,-0.978214,
4014,1773.9870164394379,-1.9758463,
4015,1774.4252774715424,-1.7374024,
4016,1774.8632962703705,-1.5463309,
4017,1775.3012647628784,-1.0513474,
4018,1775.7387380599976,-1.5550938,
4019,1776.1768321990967,-1.7321861,
4020,1776.6148414611816,-1.4934442,
4021,1777.0524408817291,-2.6068316,
4022,1777.4903724193573,-2.3225718,
4023,1777.928284406662,-1.7389408,
4024,1778.3668076992035,-1.70331,
4025,1778.8045802116394,-1.3909009,
4026,1779.2424056529999,-1.6002071,
4027,1779.68088889122,-2.96104,
4028,1780.1185262203217,-3.5152416,
4029,1780.5566079616547,-1.3425708,
4030,1780.9946253299713,-1.2208946,
4031,1781.4327538013458,-0.9866009,
4032,1781.8706636428833,-1.4081876,
4033,1782.30859541893,-2.2925682,
4034,1782.746561050415,-0.91426814,
4035,1783.1851878166199,-1.5903444,
4036,1783.6233956813812,-2.8877318,
4037,1784.0617632865906,-2.6578445,
4038,1784.4998235702515,-1.6912348,
4039,1784.9378426074982,-1.8226589,
4040,1785.3760299682617,-1.1420785,
4041,1785.8143281936646,-2.644709,
4042,1786.252209663391,-3.2693195,
4043,1786.6907472610474,-0.5159801,
4044,1787.1289501190186,-1.6575463,
4045,1787.5669114589691,-2.2280586,
4046,1788.004995584488,-0.8544971,
4047,1788.44331240654,-2.3380702,
4048,1788.8814735412598,-1.8809276,
4049,1789.3193204402924,-2.1467652,
4050,1789.7573623657227,-1.8631656,
4051,1790.1954410076141,-1.9329026,
4052,1790.6333780288696,-2.636526,
4053,1791.0715370178223,-1.5524714,
4054,1791.509537935257,-2.029734,
4055,1791.947634935379,-3.381036,
4056,1792.385682106018,-1.3450897,
4057,1792.8234505653381,-1.7527436,
4058,1793.2616543769836,-2.9438057,
4059,1793.699684381485,-1.6856661,
4060,1794.13765001297,-3.1168387,
4061,1794.5755307674408,-1.5056788,
4062,1795.0134394168854,-1.9437878,
4063,1795.4518604278564,-2.403155,
4064,1795.8901579380035,-1.1720587,
4065,1796.3280699253082,-1.6412964,
4066,1796.766271352768,-0.9385598,
4067,1797.2042589187622,-2.2710314,
4068,1797.641927242279,-1.7988936,
4069,1798.0802795886993,-1.9428761,
4070,1798.5179951190948,-2.7598705,
4071,1798.9562656879425,-1.4405972,
4072,1799.3943009376526,-1.447631,
4073,1799.8323545455933,-1.8763182,
4074,1800.2705302238464,-2.0682883,
4075,1800.7088034152985,-1.8325843,
4076,1801.1467118263245,-1.7346661,
4077,1801.5844147205353,-1.2141774,
4078,1802.0223879814148,-2.3766837,
4079,1802.4606382846832,-2.045701,
4080,1802.8989872932434,-2.445413,
4081,1803.3369798660278,-1.0810523,
4082,1803.7748653888702,-1.7558846,
4083,1804.2130951881409,-1.9918008,
4084,1804.6507678031921,-2.1374786,
4085,1805.0885217189789,-1.6905465,
4086,1805.5266721248627,-2.7866068,
4087,1805.9648010730743,-1.5573593,
4088,1806.4029142856598,-1.144723,
4089,1806.8409943580627,-2.1413078,
4090,1807.2792084217072,-2.1302118,
4091,1807.717432975769,-2.0185778,
4092,1808.1556169986725,-1.8794439,
4093,1808.5933289527893,-1.3187051,
4094,1809.0313124656677,-3.1068962,
4095,1809.4693567752838,-1.186324,
4096,1809.9071280956268,-1.6109142,
4097,1810.345656633377,-0.6175881,
4098,1810.7836863994598,-0.93433714,
4099,1811.2218301296234,-1.8916357,
4100,1811.8709554672241,-2.1176023,
4101,1812.3087797164917,-1.6324973,
4102,1812.7464604377747,-2.0681317,
4103,1813.1844925880432,-1.5301708,
4104,1813.622712612152,-2.844677,
4105,1814.0607812404633,-2.0037336,
4106,1814.4987227916718,-2.5576832,
4107,1814.936725139618,-2.2030365,
4108,1815.3751056194305,-0.7166896,
4109,1815.8132665157318,-0.84172463,
4110,1816.2512590885162,-1.7992704,
4111,1816.6894466876984,-2.1589005,
4112,1817.12704539299,-2.5592635,
4113,1817.564846277237,-1.5225464,
4114,1818.0030536651611,-1.7745912,
4115,1818.4411871433258,-1.6727176,
4116,1818.8791737556458,-2.928203,
4117,1819.3172101974487,-1.53754,
4118,1819.7554769515991,-2.3903933,
4119,1820.193858385086,-1.0474807,
4120,1820.6318228244781,-1.3504169,
4121,1821.0702130794525,-1.3981049,
4122,1821.5083875656128,-2.697619,
4123,1821.9462502002716,-2.928174,
4124,1822.383897304535,-2.1960373,
4125,1822.8221390247345,-1.3192385,
4126,1823.2601583003998,-1.7380062,
4127,1823.6986815929413,-1.1715835,
4128,1824.1371057033539,-2.210146,
4129,1824.5744161605835,-1.6132898,
4130,1825.0126104354858,-1.7378864,
4131,1825.4506063461304,-2.6143267,
4132,1825.8890120983124,-1.9524271,
4133,1826.3270103931427,-1.924851,
4134,1826.765259027481,-1.9903536,
4135,1827.2032940387726,-2.3376799,
4136,1827.6413276195526,-0.89035547,
4137,1828.079229593277,-2.1660223,
4138,1828.5174899101257,-2.4088516,
4139,1828.9556002616882,-1.2815711,
4140,1829.3934876918793,-1.6655756,
4141,1829.8316020965576,-1.4267377,
4142,1830.269713640213,-1.0721214,
4143,1830.707771062851,-1.9796138,
4144,1831.1456174850464,-2.1643162,
4145,1831.5838572978973,-2.5162656,
4146,1832.022884130478,-1.6040643,
4147,1832.4611871242523,-1.2142558,
4148,1832.8993463516235,-1.821584,
4149,1833.3376479148865,-1.3990097,
4150,1833.7761087417603,-1.100955,
4151,1834.2140078544617,-2.056091,
4152,1834.651852607727,-3.2299125,
4153,1835.0898306369781,-1.4085351,
4154,1835.5280239582062,-2.0064495,
4155,1835.9663033485413,-0.85056597,
4156,1836.4045450687408,-1.3855355,
4157,1836.8425180912018,-2.4341333,
4158,1837.2806844711304,-2.449174,
4159,1837.718501329422,-2.4050312,
4160,1838.1566097736359,-2.6337519,
4161,1838.5944476127625,-1.1596713,
4162,1839.0324957370758,-0.6057137,
4163,1839.4705476760864,-0.97297835,
4164,1839.9085066318512,-1.3272369,
4165,1840.3467378616333,-1.833901,
4166,1840.784716129303,-0.9540188,
4167,1841.2227365970612,-1.9160696,
4168,1841.660654783249,-1.7100447,
4169,1842.0985026359558,-1.0760528,
4170,1842.5369577407837,-1.8758734,
4171,1842.9750242233276,-1.3864694,
4172,1843.413052558899,-0.9691664,
4173,1843.8510241508484,-1.5843767,
4174,1844.2886695861816,-1.4875946,
4175,1844.7266600131989,-1.1532308,
4176,1845.1647210121155,-1.2839583,
4177,1845.6031608581543,-1.8039867,
4178,1846.0412030220032,-2.7002227,
4179,1846.4796125888824,-2.7401063,
4180,1846.9173307418823,-1.9984541,
4181,1847.3552882671356,-1.3515525,
4182,1847.7931866645813,-2.0110555,
4183,1848.2312042713165,-1.6894432,
4184,1848.6692566871643,-1.8064802,
4185,1849.106784105301,-1.8958876,
4186,1849.5448343753815,-1.8192573,
4187,1849.9832372665405,-1.1132934,
4188,1850.4216163158417,-2.218421,
4189,1850.8598155975342,-2.4134204,
4190,1851.2979261875153,-2.7488804,
4191,1851.735892534256,-1.6540158,
4192,1852.1739463806152,-1.1761662,
4193,1852.6118998527527,-1.8865116,
4194,1853.0498366355896,-1.3218796,
4195,1853.4879643917084,-1.4040514,
4196,1853.9255645275116,-1.364786,
4197,1854.363801240921,-1.5098941,
4198,1854.802164554596,-2.503192,
4199,1855.2400739192963,-2.2410634,
4200,1855.8803958892822,-1.1764152,
4201,1856.3182773590088,-1.1508892,
4202,1856.7565913200378,-0.7634078,
4203,1857.194396495819,-2.0998974,
4204,1857.6324110031128,-1.9836147,
4205,1858.0707807540894,-1.6005226,
4206,1858.5085999965668,-1.6291182,
4207,1858.9463815689087,-1.8759003,
4208,1859.3844583034515,-3.2311125,
4209,1859.8227314949036,-1.3622166,
4210,1860.261302471161,-2.8397403,
4211,1860.6997344493866,-3.2338495,
4212,1861.137870311737,-2.086671,
4213,1861.5761177539825,-2.5118744,
4214,1862.0138823986053,-1.2183108,
4215,1862.451994895935,-1.5093071,
4216,1862.8901348114014,-2.0646012,
4217,1863.3280441761017,-1.494778,
4218,1863.7661745548248,-0.8468232,
4219,1864.2042050361633,-2.1066341,
4220,1864.3028779029846,-3.8594627,
4221,1865.351045846939,-2.3855739,
4222,1865.7890439033508,-0.862284,
4223,1866.2269871234894,-2.5367846,
4224,1866.6648917198181,-1.8671043,
4225,1867.1029381752014,-1.7562785,
4226,1867.5410470962524,-2.2094347,
4227,1867.9791703224182,-0.7524493,
4228,1868.4176483154297,-2.022745,
4229,1868.8558750152588,-2.9960542,
4230,1869.2939331531525,-2.2854545,
4231,1869.7320454120636,-1.1308146,
4232,1870.170113325119,-3.4046206,
4233,1870.6080114841461,-1.076842,
4234,1871.046171426773,-1.8094119,
4235,1871.4841771125793,-1.9971263,
4236,1871.9224004745483,-1.8025393,
4237,1872.3604445457458,-2.7466345,
4238,1872.7983860969543,-1.8248789,
4239,1873.2367906570435,-2.850867,
4240,1873.6746249198914,-3.3059638,
4241,1874.11283993721,-1.7749666,
4242,1874.5509934425354,-2.6892488,
4243,1874.9886417388916,-2.3516917,
4244,1875.426331281662,-4.0557065,
4245,1875.864536523819,-1.4642079,
4246,1876.302809715271,-1.7621205,
4247,1876.7408833503723,-1.8949367,
4248,1877.178878068924,-2.9423995,
4249,1877.6169006824493,-2.2563252,
4250,1878.0552077293396,-4.10788,
4251,1878.4930219650269,-2.4977846,
4252,1878.9309396743774,-1.9496919,
4253,1879.3691594600677,-1.4339714,
4254,1879.8069775104523,-1.9022791,
4255,1880.2448275089264,-2.0437515,
4256,1880.682683467865,-0.84050286,
4257,1881.120688199997,-2.132123,
4258,1881.5588493347168,-1.8106053,
4259,1881.9968056678772,-1.4792407,
4260,1882.4346930980682,-1.8469845,
4261,1882.8731372356415,-1.7675292,
4262,1883.3112869262695,-0.9434986,
4263,1883.7493350505829,-1.632922,
4264,1884.1873772144318,-1.7953966,
4265,1884.6253740787506,-2.0152197,
4266,1885.0633702278137,-3.1573493,
4267,1885.5012493133545,-2.7777452,
4268,1885.939388513565,-1.948621,
4269,1886.377470254898,-2.3479278,
4270,1886.8153805732727,-1.0758471,
4271,1887.253273010254,-1.0730469,
4272,1887.69175863266,-1.9751327,
4273,1888.1300401687622,-2.054933,
4274,1888.5679717063904,-1.304668,
4275,1889.00621342659,-1.7752919,
4276,1889.4443695545197,-1.360561,
4277,1889.8824710845947,-1.7674694,
4278,1890.3209187984467,-2.583445,
4279,1890.7587974071503,-2.058194,
4280,1891.1969635486603,-1.803313,
4281,1891.6353116035461,-2.0673037,
4282,1892.0735878944397,-0.87434095,
4283,1892.5117604732513,-2.6242447,
4284,1892.9500784873962,-2.5746706,
4285,1893.388419866562,-2.2098453,
4286,1893.8260850906372,-2.313743,
4287,1894.2641832828522,-0.9415098,
4288,1894.7024176120758,-1.3276192,
4289,1895.1401059627533,-2.0772486,
4290,1895.578202009201,-1.6760862,
4291,1896.0163004398346,-2.9261317,
4292,1896.4545929431915,-2.2653894,
4293,1896.892647266388,-2.1504097,
4294,1897.3305685520172,-2.658425,
4295,1897.7689218521118,-2.7319822,
4296,1898.20725440979,-2.2582786,
4297,1898.6457870006561,-1.5707334,
4298,1899.0841917991638,-1.6971536,
4299,1899.5220732688904,-1.3702497,
4300,1900.1725442409515,-2.5813115,
4301,1900.610451221466,-3.1545362,
4302,1901.0484857559204,-2.4719315,
4303,1901.486839056015,-1.1247894,
4304,1901.9248445034027,-1.5938915,
4305,1902.3629105091095,-2.4103243,
4306,1902.8008720874786,-1.3580656,
4307,1903.2385036945343,-1.0855947,
4308,1903.6765668392181,-1.2620604,
4309,1904.1144235134125,-1.2794478,
4310,1904.5522766113281,-1.3506097,
4311,1904.9902737140656,-2.02434,
4312,1905.4284527301788,-1.6395876,
4313,1905.8666892051697,-2.4948766,
4314,1906.3051223754883,-1.5917678,
4315,1906.743258714676,-1.6303198,
4316,1907.1812725067139,-1.1473422,
4317,1907.619240283966,-2.5831974,
4318,1908.05792927742,-2.3675795,
4319,1908.4959874153137,-1.9269308,
4320,1908.9341752529144,-1.5800306,
4321,1909.3722007274628,-0.93964094,
4322,1909.8102741241455,-1.6504271,
4323,1910.248382806778,-1.8812637,
4324,1910.6865911483765,-1.1702173,
4325,1911.1248755455017,-1.6017829,
4326,1911.562846660614,-1.6308385,
4327,1912.001002073288,-1.6061711,
4328,1912.4393467903137,-3.230181,
4329,1912.8769118785858,-1.4529728,
4330,1913.3148894309998,-2.0399716,
4331,1913.7531518936157,-0.8163624,
4332,1914.1912314891815,-2.054746,
4333,1914.6291191577911,-1.644366,
4334,1915.0672147274017,-2.8878977,
4335,1915.5051128864288,-3.6107073,
4336,1915.9433646202087,-2.138074,
4337,1916.3817300796509,-2.3145702,
4338,1916.820104598999,-1.4954754,
4339,1917.2581923007965,-2.692751,
4340,1917.696090221405,-1.3410687,
4341,1918.1337950229645,-1.7078861,
4342,1918.5716886520386,-1.4184734,
4343,1919.0095899105072,-2.6458735,
4344,1919.4476549625397,-2.2197351,
4345,1919.8856627941132,-1.0940574,
4346,1920.3229842185974,-0.8985828,
4347,1920.7611627578735,-2.513021,
4348,1921.199253320694,-0.975941,
4349,1921.6372509002686,-1.5716376,
4350,1922.075334072113,-1.1735693,
4351,1922.5134963989258,-1.7830709,
4352,1922.9513075351715,-1.6197164,
4353,1923.389238834381,-1.5900373,
4354,1923.8273675441742,-1.4640985,
4355,1924.2654330730438,-1.0337071,
4356,1924.703192949295,-2.3555717,
4357,1925.1411979198456,-1.8625466,
4358,1925.578937292099,-1.2004265,
4359,1926.017328262329,-2.48174,
4360,1926.4553842544556,-2.4384065,
4361,1926.8932831287384,-1.7765406,
4362,1927.3311772346497,-3.9034736,
4363,1927.7693076133728,-1.7770886,
4364,1928.2070970535278,-1.8329878,
4365,1928.6448035240173,-2.6841953,
4366,1929.0828306674957,-1.5955747,
4367,1929.5210411548615,-3.2117019,
4368,1929.9592468738556,-1.6463203,
4369,1930.397383928299,-2.0978398,
4370,1930.8355462551117,-0.9000539,
4371,1931.2736520767212,-2.230539,
4372,1931.711871623993,-1.6766388,
4373,1932.1495440006256,-1.323412,
4374,1932.5875706672668,-2.5817149,
4375,1933.0255908966064,-2.5917587,
4376,1933.463978767395,-1.7153223,
4377,1933.9019763469696,-1.7236242,
4378,1934.3397665023804,-2.0272863,
4379,1934.777935743332,-3.3938608,
4380,1935.2160634994507,-4.0387897,
4381,1935.6544182300568,-1.0872601,
4382,1936.0924127101898,-2.495727,
4383,1936.5300924777985,-1.4340737,
4384,1936.967545747757,-1.623486,
4385,1937.4058451652527,-1.629993,
4386,1937.8437707424164,-1.305789,
4387,1938.2815952301025,-1.3079535,
4388,1938.7197782993317,-2.4398837,
4389,1939.1579399108887,-1.0208197,
4390,1939.596233844757,-2.3325806,
4391,1940.0342710018158,-2.913708,
4392,1940.4724419116974,-1.3158534,
4393,1940.910630941391,-2.7645864,
4394,1941.3484811782837,-2.2495985,
4395,1941.786841392517,-2.9816813,
4396,1942.2250173091888,-1.5604734,
4397,1942.6630101203918,-1.1285589,
4398,1943.1015174388885,-1.8891568,
4399,1943.5396175384521,-1.3740807,
4400,1944.1798195838928,-1.674821,
4401,1944.6177904605865,-2.7398293,
4402,1945.0554194450378,-2.728701,
4403,1945.4938354492188,-1.5568148,
4404,1945.9322717189789,-2.269257,
4405,1946.3706090450287,-3.2430253,
4406,1946.8087849617004,-2.8844023,
4407,1947.2467665672302,-1.8527703,
4408,1947.6846139431,-3.3935776,
4409,1948.1229596138,-2.4463162,
4410,1948.5609979629517,-1.7560259,
4411,1948.9991381168365,-1.9687529,
4412,1949.4373288154602,-1.9362062,
4413,1949.8750939369202,-1.8842206,
4414,1950.3135061264038,-0.677005,
4415,1950.7520036697388,-1.8641491,
4416,1951.1905748844147,-1.6504945,
4417,1951.629047870636,-1.5816175,
4418,1952.0670988559723,-2.6661873,
4419,1952.5051312446594,-2.3389802,
4420,1952.9434895515442,-1.2064655,
4421,1953.3816912174225,-1.1624074,
4422,1953.8199367523193,-1.9757746,
4423,1954.2578561306,-1.7270449,
4424,1954.6971280574799,-2.879621,
4425,1955.1354603767395,-2.5153818,
4426,1955.5734841823578,-1.377443,
4427,1956.0116913318634,-2.535964,
4428,1956.4501311779022,-1.6148399,
4429,1956.8882591724396,-1.7883667,
4430,1957.326387166977,-2.1329718,
4431,1957.4250144958496,-4.0954056,
4432,1958.4613099098206,-1.8091891,
4433,1958.8990511894226,-1.6644738,
4434,1959.336507320404,-1.4254694,
4435,1959.774475812912,-1.5904357,
4436,1960.2118952274323,-1.5535777,
4437,1960.6496803760529,-2.0334697,
4438,1961.0876128673553,-0.9642156,
4439,1961.5253500938416,-2.0327623,
4440,1961.9634006023407,-3.434297,
4441,1962.4013059139252,-1.9339138,
4442,1962.838651895523,-2.068475,
4443,1963.2764914035797,-1.9947436,
4444,1963.7145645618439,-1.3553921,
4445,1964.1527049541473,-1.9813606,
4446,1964.5905394554138,-2.4873161,
4447,1965.0284650325775,-4.1422,
4448,1965.4663760662079,-1.5342335,
4449,1965.9045927524567,-1.4043598,
4450,1966.342470407486,-2.4500132,
4451,1966.7801790237427,-1.5123963,
4452,1967.2178802490234,-2.224188,
4453,1967.65593624115,-1.3822998,
4454,1968.0937507152557,-1.1919839,
4455,1968.5315067768097,-2.5263958,
4456,1968.969185590744,-2.3153331,
4457,1969.4069707393646,-1.7664683,
4458,1969.8446600437164,-2.4510648,
4459,1970.2828147411346,-1.5526069,
4460,1970.7210144996643,-1.1465962,
4461,1971.158893108368,-1.0165989,
4462,1971.5964136123657,-1.4815078,
4463,1972.0343551635742,-2.0221212,
4464,1972.4721496105194,-2.010059,
4465,1972.9100306034088,-1.7287824,
4466,1973.347449541092,-2.0970716,
4467,1973.7854738235474,-2.4803576,
4468,1974.2235476970673,-1.3306803,
4469,1974.661691904068,-0.98197424,
4470,1975.0995349884033,-1.6400489,
4471,1975.5373167991638,-1.0500968,
4472,1975.9747605323792,-2.4250162,
4473,1976.4128730297089,-2.1958892,
4474,1976.8505325317383,-1.6898305,
4475,1977.2883965969086,-1.9429629,
4476,1977.7259685993195,-1.7153933,
4477,1978.1640555858612,-1.9423683,
4478,1978.6020681858063,-0.7082665,
4479,1979.0403134822845,-1.6813242,
4480,1979.4784290790558,-1.4532201,
4481,1979.9161043167114,-2.396916,
4482,1980.3542053699493,-2.4325721,
4483,1980.7922976016998,-1.311228,
4484,1981.2302951812744,-1.9045521,
4485,1981.6684713363647,-2.398663,
4486,1982.1065220832825,-1.6659155,
4487,1982.5446562767029,-1.6800065,
4488,1982.9825279712677,-2.262272,
4489,1983.4204671382904,-1.8674033,
4490,1983.8584458827972,-1.0915675,
4491,1984.2964510917664,-1.9182276,
4492,1984.7344615459442,-2.35435,
4493,1985.1719450950623,-2.9155312,
4494,1985.6096436977386,-1.3945612,
4495,1986.0476281642914,-1.6865137,
4496,1986.4858875274658,-2.0693333,
4497,1986.92382979393,-1.6751084,
4498,1987.3618817329407,-2.1358209,
4499,1987.800050020218,-2.5605795,
4500,1988.4487655162811,-1.6086644,
4501,1988.8868992328644,-1.8254699,
4502,1989.3252432346344,-1.8124108,
4503,1989.7632448673248,-1.8850836,
4504,1990.2009284496307,-1.5177939,
4505,1990.6389527320862,-2.352659,
4506,1991.07701587677,-2.016138,
4507,1991.5151596069336,-2.4563217,
4508,1991.953102350235,-1.6301787,
4509,1992.3909435272217,-0.8404598,
4510,1992.8288533687592,-2.2569716,
4511,1993.266718864441,-2.6487045,
4512,1993.7048857212067,-1.7103469,
4513,1994.1429767608643,-2.2513547,
4514,1994.5808274745941,-2.2500894,
4515,1995.0187783241272,-1.808353,
4516,1995.456838607788,-2.2347255,
4517,1995.8949978351593,-1.4139848,
4518,1996.3328080177307,-1.2674655,
4519,1996.7705948352814,-2.1129537,
4520,1997.2081716060638,-2.5177464,
4521,1997.6461114883423,-1.8915825,
4522,1998.083769083023,-1.690137,
4523,1998.521733045578,-2.9191976,
4524,1998.9595847129822,-2.5472248,
4525,1999.3975687026978,-1.5577824,
4526,1999.835544347763,-1.5862763,
4527,2000.2740614414215,-2.6071143,
4528,2000.7119400501251,-1.562036,
4529,2001.1495361328125,-1.4468089,
4530,2001.5875918865204,-1.8560593,
4531,2002.0255906581879,-0.9169101,
4532,2002.4637968540192,-3.0356324,
4533,2002.902132987976,-2.166536,
4534,2003.3402318954468,-2.8763313,
4535,2003.7777626514435,-1.4700068,
4536,2004.215693950653,-1.7500322,
4537,2004.6534657478333,-1.5823658,
4538,2005.0915296077728,-1.9166481,
4539,2005.5298807621002,-1.1794266,
4540,2005.9678859710693,-3.0719166,
4541,2006.406012058258,-1.3176111,
4542,2006.844072341919,-1.7351986,
4543,2007.2817842960358,-1.0005693,
4544,2007.7196712493896,-4.193486,
4545,2008.1576080322266,-2.5796745,
4546,2008.595942735672,-2.5683424,
4547,2009.034104347229,-1.725657,
4548,2009.4719331264496,-2.2875032,
4549,2009.9098327159882,-0.9169457,
4550,2010.3478677272797,-0.9444819,
4551,2010.785545349121,-2.153679,
4552,2011.2233073711395,-2.256725,
4553,2011.6608891487122,-1.7025882,
4554,2012.0989954471588,-2.1221168,
4555,2012.5370812416077,-2.508788,
4556,2012.9749195575714,-1.2390919,
4557,2013.4129002094269,-2.758146,
4558,2013.8507969379425,-2.548201,
4559,2014.2888350486755,-1.8972448,
4560,2014.7267544269562,-1.0867573,
4561,2015.1646723747253,-2.0894315,
4562,2015.602483510971,-1.6689996,
4563,2016.0404119491577,-1.4450028,
4564,2016.478348016739,-0.96544015,
4565,2016.9162805080414,-3.7325728,
4566,2017.3541162014008,-1.8053299,
4567,2017.7923021316528,-2.0928645,
4568,2018.230355978012,-2.1911397,
4569,2018.6682667732239,-1.5221432,
4570,2019.1060826778412,-1.5405107,
4571,2019.5437769889832,-2.1172538,
4572,2019.981096982956,-2.8913534,
4573,2020.4192190170288,-3.0256472,
4574,2020.8570749759674,-1.7431233,
4575,2021.2949542999268,-1.6048925,
4576,2021.7329182624817,-2.229457,
4577,2022.1710069179535,-1.8898522,
4578,2022.6089363098145,-2.2646573,
4579,2023.046876192093,-0.68766373,
4580,2023.4852209091187,-1.733169,
4581,2023.9232242107391,-3.02353,
4582,2024.361247062683,-2.2774103,
4583,2024.79945230484,-1.0692909,
4584,2025.237383365631,-2.3408594,
4585,2025.6753964424133,-1.6153126,
4586,2026.113513469696,-2.5305219,
4587,2026.551438331604,-1.9516331,
4588,2026.9892721176147,-2.50846,
4589,2027.4274632930756,-2.378231,
4590,2027.865169763565,-0.88483155,
4591,2028.3031330108643,-1.8684607,
4592,2028.740865945816,-1.4502507,
4593,2029.178987979889,-1.3808696,
4594,2029.6168341636658,-2.3531106,
4595,2030.05437707901,-1.6273395,
4596,2030.4922165870667,-2.4083161,
4597,2030.9300944805145,-1.9558961,
4598,2031.3680288791656,-1.3601933,
4599,2031.8061442375183,-1.4031036,
4600,2032.4476838111877,-1.6353619,
4601,2032.8858053684235,-1.7760172,
4602,2033.3237059116364,-2.4375894,
4603,2033.761575460434,-1.3216547,
4604,2034.1993477344513,-1.4388114,
4605,2034.6370208263397,-1.0124778,
4606,2035.0748317241669,-2.3653932,
4607,2035.5124504566193,-2.664493,
4608,2035.950199842453,-1.9017146,
4609,2036.38792014122,-1.3330851,
4610,2036.8258612155914,-1.5882418,
4611,2037.2636647224426,-2.7256894,
4612,2037.7019062042236,-2.9821732,
4613,2038.1400907039642,-1.671457,
4614,2038.5779666900635,-2.3669434,
4615,2039.0161259174347,-1.549517,
4616,2039.4541721343994,-1.9833637,
4617,2039.8922266960144,-2.9927874,
4618,2040.330471754074,-2.1130843,
4619,2040.7683973312378,-1.4495176,
4620,2041.2063183784485,-2.5079293,
4621,2041.6443808078766,-1.8758798,
4622,2042.08238530159,-1.9279926,
4623,2042.5204298496246,-0.8566672,
4624,2042.958636045456,-1.4091945,
4625,2043.395917415619,-1.9480977,
4626,2043.8342735767365,-2.7088766,
4627,2044.272428035736,-1.2081405,
4628,2044.7098560333252,-1.385247,
4629,2045.1474559307098,-2.871392,
4630,2045.5852446556091,-1.8740572,
4631,2046.023119211197,-1.6269579,
4632,2046.4611167907715,-1.9467385,
4633,2046.898945569992,-1.0922016,
4634,2047.3371531963348,-0.65995514,
4635,2047.7749683856964,-4.246066,
4636,2048.212828874588,-2.8564982,
4637,2048.6508016586304,-1.6524721,
4638,2049.088721513748,-1.9527235,
4639,2049.5263001918793,-1.3452761,
4640,2049.963598012924,-1.2938355,
4641,2050.401709794998,-1.5192935,
4642,2050.5001895427704,-0.3911656,
4643,2051.51145863533,-1.768223,
4644,2051.9493396282196,-1.288106,
4645,2052.387366771698,-1.299484,
4646,2052.825032711029,-1.2354965,
4647,2053.2628087997437,-2.0046039,
4648,2053.7008826732635,-2.1326137,
4649,2054.139117002487,-0.7900925,
4650,2054.5768251419067,-2.5240455,
4651,2055.015032529831,-2.527434,
4652,2055.4529321193695,-1.2910783,
4653,2055.89089012146,-1.2772391,
4654,2056.3288571834564,-3.218199,
4655,2056.7668924331665,-1.6657878,
4656,2057.2050445079803,-2.1096346,
4657,2057.6430819034576,-1.338414,
4658,2058.081034183502,-2.252137,
4659,2058.519368171692,-2.4967027,
4660,2058.9575657844543,-2.061177,
4661,2059.3956212997437,-1.2892023,
4662,2059.833594560623,-1.769234,
4663,2060.2713673114777,-2.448627,
4664,2060.7093801498413,-1.5121266,
4665,2061.1474149227142,-2.4502728,
4666,2061.585207223892,-2.2301683,
4667,2062.02339220047,-2.8862305,
4668,2062.461792945862,-1.5096402,
4669,2062.8995864391327,-3.0341218,
4670,2063.337483406067,-1.8020543,
4671,2063.7754175662994,-3.0242777,
4672,2064.213547229767,-1.4492812,
4673,2064.6514945030212,-2.5430734,
4674,2065.0894951820374,-1.6684971,
4675,2065.5277218818665,-1.74983,
4676,2065.9660243988037,-1.6725948,
4677,2066.404305934906,-2.3756998,
4678,2066.842141151428,-3.154666,
4679,2067.280652999878,-1.6958426,
4680,2067.7187044620514,-0.9493764,
4681,2068.156739473343,-1.2393079,
4682,2068.5949807167053,-1.5345249,
4683,2069.0330789089203,-3.0356681,
4684,2069.4710223674774,-2.4345474,
4685,2069.9093084335327,-2.170529,
4686,2070.3469803333282,-2.4122415,
4687,2070.784794330597,-1.1878707,
4688,2071.2229623794556,-2.459878,
4689,2071.6608986854553,-2.6890194,
4690,2072.099154472351,-2.163746,
4691,2072.537225961685,-1.9674118,
4692,2072.9750571250916,-2.734139,
4693,2073.4132533073425,-3.0910625,
4694,2073.851407766342,-1.8091347,
4695,2074.289363384247,-0.6605414,
4696,2074.727514028549,-1.730761,
4697,2075.1652648448944,-1.3280982,
4698,2075.6030917167664,-2.48997,
4699,2076.0408384799957,-1.8467525,
4700,2076.689961910248,-2.0714908,
4701,2077.127847671509,-1.7325141,
4702,2077.566346645355,-3.2418556,
4703,2078.0051538944244,-1.3216517,
4704,2078.443014860153,-2.5752833,
4705,2078.881112575531,-1.3751196,
4706,2079.319246530533,-2.9765446,
4707,2079.7572917938232,-1.6519227,
4708,2080.1956918239594,-1.6201771,
4709,2080.6335484981537,-1.2922391,
4710,2081.071900844574,-2.034231,
4711,2081.510424375534,-1.778841,
4712,2081.9487042427063,-1.2884309,
4713,2082.3865644931793,-3.2694721,
4714,2082.824818611145,-1.1642206,
4715,2083.262586593628,-1.4311668,
4716,2083.700933933258,-2.2739978,
4717,2084.138998270035,-3.5386934,
4718,2084.5771226882935,-1.6075876,
4719,2085.0150153636932,-3.4434834,
4720,2085.452639579773,-2.093985,
4721,2085.8907029628754,-1.7960715,
4722,2086.3290219306946,-3.0982807,
4723,2086.7666466236115,-2.0936728,
4724,2087.204721927643,-1.6203853,
4725,2087.642350435257,-2.5888753,
4726,2088.080579519272,-1.7569405,
4727,2088.5188660621643,-0.9756943,
4728,2088.9570622444153,-1.6198657,
4729,2089.3947076797485,-2.4177155,
4730,2089.833108186722,-1.7934086,
4731,2090.2709028720856,-1.2609085,
4732,2090.7089042663574,-1.1063759,
4733,2091.147315979004,-1.4260305,
4734,2091.5856301784515,-1.8103715,
4735,2092.02406334877,-3.4661593,
4736,2092.4625759124756,-3.0962682,
4737,2092.9006686210632,-2.465179,
4738,2093.339039325714,-1.4397545,
4739,2093.7770733833313,-1.3109602,
4740,2094.2151012420654,-2.5742083,
4741,2094.653340101242,-1.4269974,
4742,2095.0915274620056,-1.2728441,
4743,2095.529495239258,-1.6374706,
4744,2095.9678769111633,-1.7463863,
4745,2096.4063849449158,-1.8560605,
4746,2096.8442871570587,-2.066756,
4747,2097.2824001312256,-3.3680272,
4748,2097.7206332683563,-2.458354,
4749,2098.158842086792,-2.221425,
4750,2098.5965960025787,-1.7277411,
4751,2099.0349128246307,-1.9682853,
4752,2099.472839832306,-1.494664,
4753,2099.9112923145294,-2.0195441,
4754,2100.3496236801147,-1.2663647,
4755,2100.7874295711517,-1.5009102,
4756,2101.2257664203644,-1.6646898,
4757,2101.6645307540894,-0.855535,
4758,2102.1026158332825,-3.0541894,
4759,2102.5410192012787,-1.8938282,
4760,2102.9792020320892,-1.2169063,
4761,2103.417397260666,-2.517106,
4762,2103.855315685272,-3.0204422,
4763,2104.293534040451,-2.0096571,
4764,2104.7314620018005,-1.7930044,
4765,2105.1697974205017,-2.5426173,
4766,2105.608165502548,-2.14072,
4767,2106.0458776950836,-1.658569,
4768,2106.4842517375946,-2.0858698,
4769,2106.9228377342224,-1.8548195,
4770,2107.361326932907,-2.4493334,
4771,2107.799798965454,-2.2468607,
4772,2108.238079071045,-0.94483167,
4773,2108.6761548519135,-2.0651686,
4774,2109.1144077777863,-1.8475649,
4775,2109.5523569583893,-2.4024043,
4776,2109.990545272827,-1.4632485,
4777,2110.4286069869995,-1.7004373,
4778,2110.8668780326843,-2.7405243,
4779,2111.3050887584686,-1.8501204,
4780,2111.7433156967163,-1.1592426,
4781,2112.181711435318,-0.77893394,
4782,2112.6196579933167,-2.4508069,
4783,2113.057984352112,-2.4691298,
4784,2113.495968580246,-1.2425065,
4785,2113.9341356754303,-2.9558666,
4786,2114.37225151062,-1.3315175,
4787,2114.8104701042175,-1.6161463,
4788,2115.2482511997223,-2.1740503,
4789,2115.6864705085754,-1.8042848,
4790,2116.1249113082886,-2.0363483,
4791,2116.5629966259003,-1.6232964,
4792,2117.0007276535034,-2.017683,
4793,2117.4391651153564,-2.997449,
4794,2117.8776342868805,-2.464254,
4795,2118.3155620098114,-1.0021477,
4796,2118.7539205551147,-1.5638148,
4797,2119.191849708557,-1.4222443,
4798,2119.6298627853394,-2.2059288,
4799,2120.068020105362,-0.9923307,
4800,2120.7078669071198,-1.5901803,
4801,2121.145313501358,-1.9214497,
4802,2121.5829243659973,-1.9942583,
4803,2122.0209386348724,-1.8502052,
4804,2122.459284543991,-2.0994005,
4805,2122.8974945545197,-0.6822424,
4806,2123.335815668106,-1.6220367,
4807,2123.773566007614,-2.475235,
4808,2124.2114889621735,-2.070931,
4809,2124.649659872055,-1.4752837,
4810,2125.087423324585,-3.1060715,
4811,2125.525093317032,-2.7119877,
4812,2125.9637229442596,-3.0863917,
4813,2126.4018094539642,-2.860013,
4814,2126.8398225307465,-2.14897,
4815,2127.2780742645264,-3.3593414,
4816,2127.716445207596,-1.2577568,
4817,2128.154623270035,-2.5383546,
4818,2128.5930347442627,-2.42899,
4819,2129.0310237407684,-2.0484166,
4820,2129.4689314365387,-0.85093987,
4821,2129.907121658325,-0.4040128,
4822,2130.345382452011,-1.8387616,
4823,2130.783452987671,-1.7766745,
4824,2131.221677303314,-0.9651887,
4825,2131.659893989563,-2.608959,
4826,2132.0974509716034,-0.8388174,
4827,2132.535483121872,-2.183579,
4828,2132.9737210273743,-1.0112178,
4829,2133.4118235111237,-2.4359846,
4830,2133.8498713970184,-1.5432556,
4831,2134.287819623947,-1.1890457,
4832,2134.7263412475586,-1.9966824,
4833,2135.1642355918884,-2.838622,
4834,2135.6022448539734,-1.7305851,
4835,2136.0402336120605,-2.9444542,
4836,2136.4783747196198,-2.7758594,
4837,2136.9164078235626,-2.0498455,
4838,2137.3546166419983,-1.7479708,
4839,2137.792749404907,-1.3527374,
4840,2138.2306578159332,-2.4803257,
4841,2138.668551683426,-2.6872091,
4842,2139.1065607070923,-2.0026162,
4843,2139.5444741249084,-0.6951792,
4844,2139.982438802719,-1.8899741,
4845,2140.4203510284424,-1.4256892,
4846,2140.858593225479,-1.3438286,
4847,2141.2965021133423,-2.6132443,
4848,2141.734372138977,-2.6683717,
4849,2142.1723070144653,-0.8157147,
4850,2142.6104476451874,-1.2158397,
4851,2143.048664331436,-1.2257848,
4852,2143.4867718219757,-2.1742067,
4853,2143.5855815410614,-4.248458,
4854,2144.638700723648,-2.1779783,
4855,2145.076093196869,-2.946216,
4856,2145.513747215271,-0.992726,
4857,2145.9514763355255,-1.0377443,
4858,2146.3894307613373,-2.5080357,
4859,2146.8276114463806,-1.4511474,
4860,2147.2658336162567,-2.5158808,
4861,2147.703890323639,-1.4812807,
4862,2148.141879796982,-2.0099347,
4863,2148.5799486637115,-1.614012,
4864,2149.0179312229156,-1.7421423,
4865,2149.4559931755066,-2.234038,
4866,2149.8942346572876,-1.7607538,
4867,2150.3322727680206,-1.7888143,
4868,2150.7701246738434,-1.6747684,
4869,2151.208332300186,-2.5588956,
4870,2151.646258354187,-1.9544425,
4871,2152.084300518036,-2.5433755,
4872,2152.5222511291504,-1.7599729,
4873,2152.960055589676,-2.6586497,
4874,2153.3977518081665,-1.1814139,
4875,2153.835690498352,-1.3954184,
4876,2154.2737085819244,-2.2740836,
4877,2154.7116146087646,-3.8765867,
4878,2155.1497087478638,-1.2620351,
4879,2155.58797955513,-1.6982046,
4880,2156.02574801445,-1.9017625,
4881,2156.4641976356506,-2.490116,
4882,2156.9021606445312,-2.706584,
4883,2157.340235233307,-2.5217412,
4884,2157.7783546447754,-1.9810468,
4885,2158.216420650482,-1.2134798,
4886,2158.6540443897247,-2.0753176,
4887,2159.0920901298523,-1.506608,
4888,2159.530485868454,-2.1379554,
4889,2159.9685003757477,-1.6017342,
4890,2160.4065392017365,-1.8891623,
4891,2160.84445977211,-2.6701198,
4892,2161.2828240394592,-1.4052963,
4893,2161.720888853073,-1.8965253,
4894,2162.1588735580444,-2.2429004,
4895,2162.597046852112,-2.203043,
4896,2163.035238981247,-2.9911304,
4897,2163.4732887744904,-1.590247,
4898,2163.91140127182,-2.61315,
4899,2164.3497648239136,-2.2355938,
4900,2165.0003662109375,-2.2713265,
4901,2165.4384067058563,-2.879844,
4902,2165.8761701583862,-1.6210415,
4903,2166.3141539096832,-1.2475979,
4904,2166.7523975372314,-1.0108992,
4905,2167.190286874771,-1.2577924,
4906,2167.628309726715,-1.2898664,
4907,2168.066300392151,-1.007636,
4908,2168.504576444626,-1.7856396,
4909,2168.9430344104767,-1.1305164,
4910,2169.3812198638916,-2.9609847,
4911,2169.8189556598663,-1.4641494,
4912,2170.2574746608734,-1.3641285,
4913,2170.6951463222504,-1.4227545,
4914,2171.132921934128,-2.021711,
4915,2171.570900917053,-2.2015986,
4916,2172.0085701942444,-1.2075698,
4917,2172.44655919075,-0.44764286,
4918,2172.8842980861664,-2.3279123,
4919,2173.3221728801727,-2.2610698,
4920,2173.760150194168,-1.5805728,
4921,2174.197942018509,-1.8091266,
4922,2174.635712146759,-1.5274591,
4923,2175.07346701622,-3.1193953,
4924,2175.5118932724,-2.0383563,
4925,2175.950117111206,-0.6521797,
4926,2176.3879313468933,-2.8363686,
4927,2176.825763463974,-2.3568614,
4928,2177.263531446457,-2.2923088,
4929,2177.701798439026,-1.5117644,
4930,2178.1402497291565,-1.3860441,
4931,2178.5783286094666,-1.2649515,
4932,2179.016763448715,-1.2674849,
4933,2179.4548699855804,-2.0293016,
4934,2179.8930854797363,-1.6645613,
4935,2180.331131696701,-0.6889657,
4936,2180.7694766521454,-1.7023349,
4937,2181.207277536392,-0.9483716,
4938,2181.645309448242,-3.0104866,
4939,2182.08318066597,-2.0905054,
4940,2182.5213067531586,-1.1713231,
4941,2182.959664583206,-1.2985848,
4942,2183.3982973098755,-1.2705159,
4943,2183.8362669944763,-3.447536,
4944,2184.2743883132935,-0.9506675,
4945,2184.712035894394,-1.8027611,
4946,2185.150428056717,-2.8593807,
4947,2185.5885078907013,-1.3665687,
4948,2186.0271365642548,-1.1110579,
4949,2186.465127468109,-1.1081978,
4950,2186.902905702591,-1.8720843,
4951,2187.340414047241,-2.154162,
4952,2187.7782146930695,-1.899721,
4953,2188.2165248394012,-1.4972048,
4954,2188.6547796726227,-0.9224567,
4955,2189.093297958374,-1.8394775,
4956,2189.5315911769867,-1.7170955,
4957,2189.969435453415,-1.2235572,
4958,2190.4073379039764,-2.5191233,
4959,2190.8453090190887,-1.4216015,
4960,2191.2836377620697,-0.6866851,
4961,2191.7216675281525,-1.8245115,
4962,2192.1599583625793,-1.9746084,
4963,2192.5979659557343,-2.2414517,
4964,2193.0361614227295,-1.3193796,
4965,2193.474146604538,-2.1257224,
4966,2193.912377357483,-2.8872557,
4967,2194.350387096405,-1.6288705,
4968,2194.788290500641,-2.9324343,
4969,2195.226738214493,-1.674937,
4970,2195.664934873581,-1.740642,
4971,2196.10285282135,-1.2094795,
4972,2196.541327238083,-2.1865199,
4973,2196.979457616806,-2.472071,
4974,2197.417294740677,-1.3712838,
4975,2197.8553178310394,-1.0068684,
4976,2198.2938101291656,-1.6375082,
4977,2198.7323768138885,-2.0917983,
4978,2199.170897245407,-1.9739337,
4979,2199.609099626541,-1.1051946,
4980,2200.046851158142,-1.2926037,
4981,2200.4856193065643,-3.477748,
4982,2200.9247646331787,-1.3360503,
4983,2201.363306760788,-1.2189157,
4984,2201.8016242980957,-0.9694556,
4985,2202.2397043704987,-0.96882683,
4986,2202.677788257599,-2.230564,
4987,2203.115676879883,-1.9917681,
4988,2203.553584575653,-2.1982782,
4989,2203.9923696517944,-2.6683977,
4990,2204.4307079315186,-0.8318973,
4991,2204.8691976070404,-0.56614155,
4992,2205.3072633743286,-1.4771347,
4993,2205.7452874183655,-0.7976333,
4994,2206.1832296848297,-2.7777123,
4995,2206.62162733078,-1.33198,
4996,2207.0598361492157,-1.6336632,
4997,2207.4975459575653,-2.759245,
4998,2207.9357783794403,-2.0233784,
4999,2208.3739264011383,-1.7110544,
5000,2209.0150396823883,-2.6891022,
5001,2209.452517747879,-1.8818573,
5002,2209.890550136566,-1.654417,
5003,2210.3289546966553,-3.1881824,
5004,2210.7673721313477,-1.963484,
5005,2211.2054924964905,-1.7743697,
5006,2211.6433799266815,-1.4548852,
5007,2212.0812265872955,-3.0539777,
5008,2212.519288778305,-0.66777134,
5009,2212.957230091095,-1.4024558,
5010,2213.3954367637634,-1.7216614,
5011,2213.8334901332855,-1.6736747,
5012,2214.2713661193848,-1.7396007,
5013,2214.709606409073,-1.6560223,
5014,2215.147943496704,-2.4897964,
5015,2215.586208343506,-2.094587,
5016,2216.024047613144,-1.2034291,
5017,2216.4621698856354,-1.4406587,
5018,2216.9003648757935,-1.406885,
5019,2217.3385548591614,-1.6408534,
5020,2217.776847600937,-1.2204318,
5021,2218.2146508693695,-2.185393,
5022,2218.6525642871857,-2.1648202,
5023,2219.0901329517365,-2.9021678,
5024,2219.528243780136,-3.0644953,
5025,2219.966322183609,-1.718262,
5026,2220.4043798446655,-3.0972195,
5027,2220.8424229621887,-1.1145256,
5028,2221.2804429531097,-1.778355,
5029,2221.7190091609955,-2.02341,
5030,2222.1569113731384,-3.4675138,
5031,2222.5948553085327,-2.0446172,
5032,2223.0331284999847,-1.894207,
5033,2223.471371412277,-1.8967006,
5034,2223.909458398819,-1.574971,
5035,2224.34765458107,-2.3651776,
5036,2224.785668373108,-1.4071133,
5037,2225.223670721054,-1.3843344,
5038,2225.662186384201,-3.3829303,
5039,2226.1005737781525,-2.0875876,
5040,2226.5383281707764,-0.35296178,
5041,2226.9760551452637,-1.7568195,
5042,2227.4144308567047,-1.5615804,
5043,2227.8525536060333,-1.018933,
5044,2228.2913393974304,-2.0043392,
5045,2228.7295491695404,-1.2304595,
5046,2229.167438030243,-1.3376156,
5047,2229.6056859493256,-2.2153437,
5048,2230.044489145279,-1.4473771,
5049,2230.4828777313232,-2.1699398,
5050,2230.9210951328278,-1.486306,
5051,2231.3595464229584,-1.7536589,
5052,2231.7976870536804,-2.2130003,
5053,2232.2353184223175,-1.5744743,
5054,2232.673189640045,-1.5405457,
5055,2233.1110100746155,-1.5014489,
5056,2233.5493280887604,-1.0525802,
5057,2233.9874243736267,-2.3672676,
5058,2234.425395011902,-2.5945387,
5059,2234.8634152412415,-2.7552755,
5060,2235.301511526108,-1.1454439,
5061,2235.7398550510406,-1.9187821,
5062,2236.177730321884,-2.8011315,
5063,2236.615698814392,-1.6479411,
5064,2236.7145342826843,-2.4383626,
5065,2237.698889732361,-1.5979323,
5066,2238.1365842819214,-3.4575887,
5067,2238.573873281479,-2.0951645,
5068,2239.0114455223083,-1.8441224,
5069,2239.4489500522614,-2.9603562,
5070,2239.886943101883,-0.92336416,
5071,2240.325180053711,-2.0994833,
5072,2240.76296043396,-2.7318525,
5073,2241.2011227607727,-1.2033617,
5074,2241.639449119568,-1.6471547,
5075,2242.0775475502014,-1.6445366,
5076,2242.515713453293,-1.248373,
5077,2242.9538521766663,-1.4642516,
5078,2243.392018556595,-2.3536925,
5079,2243.8298695087433,-0.77322876,
5080,2244.267834663391,-1.7494526,
5081,2244.7059428691864,-2.0266914,
5082,2245.143930912018,-2.0903032,
5083,2245.5816707611084,-1.9577768,
5084,2246.0197315216064,-1.381326,
5085,2246.4577305316925,-3.4604106,
5086,2246.895931959152,-1.6772369,
5087,2247.333809375763,-2.2008908,
5088,2247.7716488838196,-4.205117,
5089,2248.2099068164825,-1.6752478,
5090,2248.6479861736298,-1.224977,
5091,2249.085959672928,-3.031995,
5092,2249.5242478847504,-2.3796391,
5093,2249.9624614715576,-2.2475963,
5094,2250.4003100395203,-2.2069137,
5095,2250.838205575943,-1.6316922,
5096,2251.276340484619,-1.5042719,
5097,2251.714373111725,-1.5741477,
5098,2252.1522035598755,-1.4529932,
5099,2252.5898842811584,-2.140429,
5100,2253.238791704178,-1.8203049,
5101,2253.6766817569733,-1.3888581,
5102,2254.1144700050354,-1.7800276,
5103,2254.552013397217,-1.4705904,
5104,2254.989594936371,-2.005431,
5105,2255.4269680976868,-0.815464,
5106,2255.864953517914,-2.5070632,
5107,2256.302642583847,-1.6447604,
5108,2256.7407376766205,-2.9133577,
5109,2257.1786563396454,-1.5069168,
5110,2257.61643910408,-1.9902085,
5111,2258.054744243622,-1.9148189,
5112,2258.4927411079407,-1.5477793,
5113,2258.930678129196,-1.4251513,
5114,2259.3683099746704,-1.9994588,
5115,2259.80619764328,-1.4631875,
5116,2260.24427318573,-1.5645368,
5117,2260.6822435855865,-1.6734251,
5118,2261.120274066925,-1.7483464,
5119,2261.55823636055,-2.6412463,
5120,2261.9963777065277,-2.4895186,
5121,2262.43452334404,-1.408242,
5122,2262.872723340988,-0.7843758,
5123,2263.3106622695923,-1.4900308,
5124,2263.7488639354706,-1.828743,
5125,2264.186831712723,-1.7388496,
5126,2264.624272584915,-1.8916514,
5127,2265.0623071193695,-0.9219141,
5128,2265.499876499176,-2.3477142,
5129,2265.937641620636,-3.6887488,
5130,2266.3755102157593,-0.81584454,
5131,2266.813487768173,-1.9734113,
5132,2267.251776456833,-1.9555069,
5133,2267.689329624176,-2.073607,
5134,2268.1273572444916,-2.9661133,
5135,2268.5650973320007,-1.3827055,
5136,2269.0028359889984,-2.669046,
5137,2269.4410099983215,-0.91040415,
5138,2269.878706216812,-2.9565744,
5139,2270.3163800239563,-1.652523,
5140,2270.7545063495636,-1.7224509,
5141,2271.192566871643,-2.1707034,
5142,2271.6307713985443,-1.524623,
5143,2272.069020986557,-2.5103078,
5144,2272.5068192481995,-2.026774,
5145,2272.944917201996,-2.6992197,
5146,2273.38276720047,-1.5726163,
5147,2273.8208527565002,-1.5020788,
5148,2274.258811712265,-1.6149092,
5149,2274.696712255478,-1.9504261,
5150,2275.1346740722656,-1.8027501,
5151,2275.5721805095673,-3.127453,
5152,2276.0103311538696,-1.3921688,
5153,2276.4485795497894,-0.9341068,
5154,2276.8868503570557,-2.2540183,
5155,2277.3247289657593,-0.79392654,
5156,2277.7621121406555,-1.2946022,
5157,2278.200506925583,-2.9497218,
5158,2278.6387515068054,-2.3340578,
5159,2279.0766077041626,-2.3686514,
5160,2279.5147359371185,-0.9973926,
5161,2279.9527490139008,-1.7627795,
5162,2280.39089512825,-0.4299646,
5163,2280.828847885132,-2.3565679,
5164,2281.2667644023895,-1.6081219,
5165,2281.704649448395,-2.7449453,
5166,2282.1425330638885,-2.5654466,
5167,2282.5805053710938,-2.932893,
5168,2283.0190138816833,-0.7998974,
5169,2283.4570775032043,-1.904506,
5170,2283.8949155807495,-2.1290503,
5171,2284.3330070972443,-2.147077,
5172,2284.7709679603577,-1.5702565,
5173,2285.2088685035706,-2.7125006,
5174,2285.6470692157745,-1.8736011,
5175,2286.0853414535522,-3.5261827,
5176,2286.5232598781586,-1.8542383,
5177,2286.9610924720764,-0.6644626,
5178,2287.398607969284,-0.61454594,
5179,2287.8367631435394,-1.0300301,
5180,2288.274863243103,-2.535091,
5181,2288.7124485969543,-2.2670982,
5182,2289.150308609009,-2.1058347,
5183,2289.5878100395203,-2.0688448,
5184,2290.0257778167725,-1.8089569,
5185,2290.4640395641327,-2.6205816,
5186,2290.9021003246307,-2.3350542,
5187,2291.340130329132,-3.101266,
5188,2291.7782683372498,-2.349623,
5189,2292.216325044632,-1.8364463,
5190,2292.6542994976044,-1.4377496,
5191,2293.0921745300293,-1.7155013,
5192,2293.5304510593414,-1.6161559,
5193,2293.968718767166,-1.4905921,
5194,2294.4065277576447,-3.3913345,
5195,2294.844556093216,-1.5818157,
5196,2295.2825787067413,-3.798258,
5197,2295.7206707000732,-1.7928425,
5198,2296.1586334705353,-2.1823938,
5199,2296.596284866333,-1.2977111,
5200,2297.235622406006,-2.8926015,
5201,2297.6730341911316,-2.3009865,
5202,2298.111132144928,-1.3573681,
5203,2298.5489201545715,-0.5741333,
5204,2298.9870145320892,-2.128267,
5205,2299.4245545864105,-2.2191703,
5206,2299.862842321396,-1.7173069,
5207,2300.301114797592,-3.4242544,
5208,2300.739070892334,-2.2057261,
5209,2301.177052974701,-1.5663589,
5210,2301.614957332611,-2.6298504,
5211,2302.052777528763,-1.7284379,
5212,2302.491166830063,-2.980088,
5213,2302.929246902466,-1.9926679,
5214,2303.3674881458282,-2.4556158,
5215,2303.805499315262,-1.4366376,
5216,2304.243075609207,-2.064153,
5217,2304.681182861328,-2.1183953,
5218,2305.1199219226837,-1.1870279,
5219,2305.557817697525,-1.720459,
5220,2305.9959058761597,-0.90648085,
5221,2306.433987379074,-0.59677494,
5222,2306.871863603592,-2.1556993,
5223,2307.309618473053,-1.4826223,
5224,2307.7477371692657,-3.2354577,
5225,2308.1859419345856,-2.5411294,
5226,2308.6242344379425,-2.840098,
5227,2309.0670454502106,-1.224596,
5228,2309.5054230690002,-0.91500765,
5229,2309.9434399604797,-1.6187251,
5230,2310.381092786789,-2.1792536,
5231,2310.819070339203,-1.8036473,
5232,2311.2572417259216,-2.480469,
5233,2311.6971168518066,-1.7310965,
5234,2312.135565519333,-1.3977618,
5235,2312.5736038684845,-1.7657079,
5236,2313.0112705230713,-2.1876633,
5237,2313.4495134353638,-1.6305628,
5238,2313.8876967430115,-1.4112632,
5239,2314.3252873420715,-1.9533236,
5240,2314.763300895691,-2.275716,
5241,2315.201665878296,-2.585238,
5242,2315.6396090984344,-3.9901853,
5243,2316.0779843330383,-0.8600941,
5244,2316.5163996219635,-2.1332927,
5245,2316.954217672348,-3.3973963,
5246,2317.3922879695892,-2.1304796,
5247,2317.8299372196198,-1.0801467,
5248,2318.268343448639,-2.3444033,
5249,2318.7062532901764,-2.026117,
5250,2319.144111633301,-1.2034822,
5251,2319.582453250885,-2.8768594,
5252,2320.0204565525055,-1.4657177,
5253,2320.4584636688232,-1.7241848,
5254,2320.8965780735016,-1.7759173,
5255,2321.3349933624268,-1.9344159,
5256,2321.773090839386,-2.3114605,
5257,2322.2113194465637,-2.1531444,
5258,2322.649574279785,-0.912997,
5259,2323.0877480506897,-2.6877437,
5260,2323.5265793800354,-1.3438656,
5261,2323.966075181961,-1.4291275,
5262,2324.404576063156,-1.4178076,
5263,2324.8426299095154,-1.1802366,
5264,2325.280806541443,-1.2650286,
5265,2325.718926668167,-1.43585,
5266,2326.1571810245514,-2.4774394,
5267,2326.595304250717,-1.8791246,
5268,2327.033497095108,-2.3367517,
5269,2327.4717757701874,-0.70616055,
5270,2327.9098312854767,-3.0609553,
5271,2328.3480434417725,-0.65481704,
5272,2328.785312652588,-1.5002955,
5273,2329.2233521938324,-1.6913958,
5274,2329.6612000465393,-1.8781993,
5275,2329.759773492813,-1.770148,
5276,2330.73885345459,-1.9565905,
5277,2331.1765937805176,-2.132608,
5278,2331.6144037246704,-2.8940096,
5279,2332.0525166988373,-1.5257168,
5280,2332.4905648231506,-1.8855771,
5281,2332.9287338256836,-3.3577359,
5282,2333.3665585517883,-2.283544,
5283,2333.803651571274,-1.7052765,
5284,2334.2410600185394,-2.2254257,
5285,2334.6786456108093,-1.7584434,
5286,2335.1160221099854,-1.6444829,
5287,2335.5534331798553,-2.2885342,
5288,2335.991540670395,-1.9470732,
5289,2336.4298224449158,-2.3578835,
5290,2336.8671832084656,-2.1634529,
5291,2337.305248260498,-1.8759556,
5292,2337.7431457042694,-2.27434,
5293,2338.1808426380157,-1.6633801,
5294,2338.6189835071564,-1.4180396,
5295,2339.0570874214172,-1.7614734,
5296,2339.495143890381,-2.587256,
5297,2339.9331979751587,-2.4271376,
5298,2340.3710498809814,-1.3089545,
5299,2340.8089385032654,-1.7992821,
5300,2341.45777964592,-1.8650104,
5301,2341.895426750183,-1.2459698,
5302,2342.3332703113556,-1.8392429,
5303,2342.771059989929,-2.3855627,
5304,2343.2091195583344,-1.7426041,
5305,2343.6472487449646,-2.453813,
5306,2344.085488319397,-1.7100428,
5307,2344.523485183716,-0.5816875,
5308,2344.961117744446,-1.2234191,
5309,2345.398845911026,-1.8727801,
5310,2345.8368842601776,-1.036865,
5311,2346.2749371528625,-1.4352889,
5312,2346.7134099006653,-2.0717406,
5313,2347.15145611763,-1.7878646,
5314,2347.5892009735107,-2.0453188,
5315,2348.027188062668,-3.26641,
5316,2348.465208053589,-2.5599008,
5317,2348.903064250946,-2.3681767,
5318,2349.340881586075,-2.1720858,
5319,2349.778388977051,-1.008707,
5320,2350.2160103321075,-1.5906734,
5321,2350.65420794487,-2.3088608,
5322,2351.0926752090454,-1.353062,
5323,2351.5311572551727,-2.3705869,
5324,2351.9689240455627,-0.8835553,
5325,2352.4069011211395,-1.350857,
5326,2352.8451840877533,-2.3337772,
5327,2353.2830934524536,-1.6041329,
5328,2353.720764398575,-2.3914318,
5329,2354.1588711738586,-1.5276908,
5330,2354.5968177318573,-2.644019,
5331,2355.0349555015564,-1.6147786,
5332,2355.4725863933563,-2.702796,
5333,2355.9108715057373,-1.0073923,
5334,2356.349096059799,-2.7223167,
5335,2356.7865397930145,-1.2192609,
5336,2357.2246289253235,-2.2950296,
5337,2357.6631610393524,-0.99685854,
5338,2358.1009771823883,-1.9114918,
5339,2358.538899421692,-1.7761754,
5340,2358.9765491485596,-1.1625148,
5341,2359.413929462433,-1.9635684,
5342,2359.851951122284,-2.6802437,
5343,2360.289843082428,-2.3303,
5344,2360.7277920246124,-1.573174,
5345,2361.165453195572,-3.483975,
5346,2361.6033210754395,-1.8001958,
5347,2362.041528701782,-1.4605849,
5348,2362.479509115219,-1.4673933,
5349,2362.9178488254547,-2.5222533,
5350,2363.3557126522064,-2.5179546,
5351,2363.7934770584106,-1.4043121,
5352,2364.231526851654,-1.7406443,
5353,2364.6688187122345,-1.4098848,
5354,2365.106399536133,-2.5944185,
5355,2365.5440497398376,-2.605638,
5356,2365.9819757938385,-1.6582528,
5357,2366.4201006889343,-1.2743967,
5358,2366.858346223831,-2.563124,
5359,2367.2962169647217,-2.1829638,
5360,2367.7337646484375,-2.4028008,
5361,2368.1711406707764,-2.069048,
5362,2368.609144449234,-1.3606539,
5363,2369.0469768047333,-1.2535284,
5364,2369.484478712082,-0.80853295,
5365,2369.9223968982697,-2.2933092,
5366,2370.360639333725,-1.8505869,
5367,2370.799081325531,-2.2972364,
5368,2371.2372522354126,-3.0349836,
5369,2371.6753692626953,-4.3384027,
5370,2372.1136503219604,-1.1315459,
5371,2372.551191806793,-1.1751328,
5372,2372.9891459941864,-1.5635045,
5373,2373.427015542984,-2.2210484,
5374,2373.8654034137726,-0.90807384,
5375,2374.30321764946,-1.3038797,
5376,2374.740898370743,-1.6267748,
5377,2375.1789309978485,-2.9509637,
5378,2375.6171123981476,-2.3496435,
5379,2376.05521941185,-1.0295848,
5380,2376.4932808876038,-1.7289551,
5381,2376.930920124054,-1.5809386,
5382,2377.3684713840485,-1.737035,
5383,2377.80650472641,-1.3356919,
5384,2378.244218349457,-1.2122631,
5385,2378.6820306777954,-2.258717,
5386,2379.120083808899,-1.3562365,
5387,2379.558324098587,-1.9955299,
5388,2379.996550321579,-2.8971236,
5389,2380.4345486164093,-1.8884357,
5390,2380.8723754882812,-2.2194824,
5391,2381.3103942871094,-3.0430977,
5392,2381.747935295105,-2.6624105,
5393,2382.1859419345856,-2.9905908,
5394,2382.6238210201263,-1.8162706,
5395,2383.0618336200714,-1.2431377,
5396,2383.499882221222,-0.5877224,
5397,2383.9378905296326,-2.4528103,
5398,2384.376056432724,-1.1448913,
5399,2384.814383506775,-2.414293,
5400,2385.455897092819,-2.1100652,
5401,2385.893883705139,-1.4779924,
5402,2386.3318181037903,-1.3798385,
5403,2386.7698781490326,-1.8614516,
5404,2387.2073764801025,-1.8948549,
5405,2387.645142555237,-1.2603066,
5406,2388.0832455158234,-1.0134003,
5407,2388.5210449695587,-2.3628383,
5408,2388.9587531089783,-0.646403,
5409,2389.396541118622,-2.6940534,
5410,2389.834484100342,-1.8921192,
5411,2390.272771835327,-2.0064418,
5412,2390.7108085155487,-2.3078258,
5413,2391.1489992141724,-2.130332,
5414,2391.5871324539185,-1.6566852,
5415,2392.0252282619476,-1.7074707,
5416,2392.4630630016327,-1.9342904,
5417,2392.901200532913,-2.4428983,
5418,2393.339013814926,-0.56069034,
5419,2393.7770698070526,-2.5482748,
5420,2394.215174436569,-1.268454,
5421,2394.6531760692596,-1.5867329,
5422,2395.0917916297913,-1.4834006,
5423,2395.530026435852,-1.3049817,
5424,2395.968278646469,-2.1340437,
5425,2396.4065747261047,-2.1346154,
5426,2396.8445909023285,-1.4852684,
5427,2397.2831423282623,-0.8947004,
5428,2397.7213926315308,-1.1025646,
5429,2398.1600391864777,-1.0934706,
5430,2398.598734140396,-2.2139292,
5431,2399.03706073761,-1.6316495,
5432,2399.475514650345,-2.915596,
5433,2399.9141314029694,-1.517057,
5434,2400.3526046276093,-2.5063267,
5435,2400.7909359931946,-2.021615,
5436,2401.229549884796,-1.6479539,
5437,2401.668000459671,-1.4064596,
5438,2402.106570959091,-1.9849285,
5439,2402.5452284812927,-1.6308905,
5440,2402.9839282035828,-1.247476,
5441,2403.4221415519714,-2.6729133,
5442,2403.860783815384,-1.3022441,
5443,2404.299658060074,-0.43845502,
5444,2404.7389414310455,-2.3802865,
5445,2405.177768945694,-2.4429908,
5446,2405.616484642029,-1.2405556,
5447,2406.055430173874,-2.348752,
5448,2406.494010925293,-1.9688631,
5449,2406.932983636856,-0.67562175,
5450,2407.3716638088226,-0.56092113,
5451,2407.810347557068,-1.6802704,
5452,2408.2495217323303,-1.6830646,
5453,2408.6882796287537,-0.8907802,
5454,2409.1274631023407,-2.285501,
5455,2409.5661470890045,-1.5708883,
5456,2410.0053119659424,-1.5900035,
5457,2410.444210767746,-1.2166464,
5458,2410.883060693741,-2.2808673,
5459,2411.3220558166504,-2.3666573,
5460,2411.76110291481,-2.6413906,
5461,2412.2008991241455,-1.5866363,
5462,2412.6401059627533,-1.6649404,
5463,2413.0791103839874,-2.29079,
5464,2413.518167734146,-1.28575,
5465,2413.9570832252502,-0.9016401,
5466,2414.3960189819336,-2.2976248,
5467,2414.835340499878,-1.3789995,
5468,2415.2744495868683,-2.4112463,
5469,2415.713965654373,-1.3172525,
5470,2416.1536412239075,-1.5842084,
5471,2416.593166589737,-2.3152466,
5472,2417.032725572586,-1.9278951,
5473,2417.4720616340637,-0.69861484,
5474,2417.911033630371,-0.7118361,
5475,2418.3507533073425,-1.7511861,
5476,2418.7910282611847,-1.5418564,
5477,2419.2306985855103,-2.0278037,
5478,2419.670155286789,-1.4533362,
5479,2420.109920501709,-2.7342777,
5480,2420.549979686737,-2.1873503,
5481,2420.9895610809326,-1.763305,
5482,2421.428867340088,-2.3881202,
5483,2421.8685195446014,-1.584085,
5484,2422.308338403702,-2.0117958,
5485,2422.74845290184,-1.8922932,
5486,2422.847425222397,-0.6473363,
5487,2423.929888010025,-1.2021114,
5488,2424.368711233139,-1.7811577,
5489,2424.80774641037,-2.0172462,
5490,2425.2468667030334,-1.1331403,
5491,2425.686291217804,-1.5355988,
5492,2426.125915288925,-1.39757,
5493,2426.5651111602783,-2.2847433,
5494,2427.0051283836365,-1.2289257,
5495,2427.4446828365326,-2.503077,
5496,2427.884685754776,-0.7392228,
5497,2428.3236553668976,-1.9109093,
5498,2428.7634966373444,-3.216451,
5499,2429.2032837867737,-2.7307851,
5500,2429.8561511039734,-1.1004856,
5501,2430.2956569194794,-1.532802,
5502,2430.7354824543,-2.105491,
5503,2431.175103664398,-1.750689,
5504,2431.614875793457,-2.367284,
5505,2432.0547907352448,-2.0818834,
5506,2432.494703769684,-1.6081464,
5507,2432.934720993042,-1.7104402,
5508,2433.3745999336243,-2.198444,
5509,2433.814418554306,-1.7508867,
5510,2434.254386663437,-2.200154,
5511,2434.6941583156586,-2.6527371,
5512,2435.1340112686157,-2.3298068,
5513,2435.574067592621,-2.649179,
5514,2436.0139212608337,-3.0423205,
5515,2436.4538378715515,-1.5546904,
5516,2436.8937678337097,-1.7557722,
5517,2437.3335111141205,-2.7214425,
5518,2437.7732491493225,-1.7165934,
5519,2438.213032722473,-1.3720782,
5520,2438.6527845859528,-2.0291228,
5521,2439.0925426483154,-2.852983,
5522,2439.5323309898376,-1.8773735,
5523,2439.9721472263336,-1.4365991,
5524,2440.4120156764984,-1.005866,
5525,2440.8517735004425,-0.9013028,
5526,2441.2915444374084,-0.8976892,
5527,2441.7315125465393,-3.5679076,
5528,2442.17139005661,-2.1684682,
5529,2442.611088991165,-1.5647511,
5530,2443.0509736537933,-2.0028899,
5531,2443.4907207489014,-2.5858634,
5532,2443.930675506592,-2.039243,
5533,2444.3704533576965,-1.6229477,
5534,2444.810276031494,-1.9286791,
5535,2445.2503559589386,-2.2227473,
5536,2445.690240383148,-1.3500036,
5537,2446.130385875702,-2.4963553,
5538,2446.570354938507,-2.431902,
5539,2447.0101268291473,-2.1120827,
5540,2447.4500551223755,-1.5738783,
5541,2447.891303539276,-1.4183652,
5542,2448.3315296173096,-2.945281,
5543,2448.7715280056,-1.2758005,
5544,2449.2114119529724,-1.7131888,
5545,2449.6510751247406,-1.7031782,
5546,2450.091137647629,-1.1310917,
5547,2450.5308401584625,-1.6242328,
5548,2450.9706058502197,-1.6530671,
5549,2451.410622358322,-1.7405764,
5550,2451.850473165512,-3.4296966,
5551,2452.2904028892517,-1.6831567,
5552,2452.7302865982056,-0.7855532,
5553,2453.17013835907,-1.7075192,
5554,2453.6103353500366,-2.1921506,
5555,2454.0503680706024,-2.0441208,
5556,2454.490559577942,-2.6280227,
5557,2454.9304745197296,-1.6514826,
5558,2455.3705060482025,-0.9164163,
5559,2455.8105974197388,-1.67554,
5560,2456.2503168582916,-2.189119,
5561,2456.690088033676,-1.6941155,
5562,2457.130263566971,-3.655669,
5563,2457.5696935653687,-1.6358541,
5564,2458.009574651718,-1.5712359,
5565,2458.449487686157,-1.4461733,
5566,2458.8896164894104,-1.4285836,
5567,2459.329464673996,-3.4733639,
5568,2459.769425868988,-1.8511138,
5569,2460.209206342697,-0.8538689,
5570,2460.6490762233734,-1.8601106,
5571,2461.0891394615173,-0.7154198,
5572,2461.5291645526886,-1.4411511,
5573,2461.9691166877747,-1.8375931,
5574,2462.4094712734222,-0.7442174,
5575,2462.8490958213806,-1.183158,
5576,2463.288880586624,-1.1895312,
5577,2463.728374004364,-1.4352249,
5578,2464.1682901382446,-2.9253354,
5579,2464.6081206798553,-2.241583,
5580,2465.048063516617,-1.0058217,
5581,2465.487814426422,-0.758993,
5582,2465.927646636963,-1.5808926,
5583,2466.367264986038,-1.2482373,
5584,2466.80713224411,-2.7774043,
5585,2467.2472183704376,-2.3329833,
5586,2467.68679356575,-1.5990491,
5587,2468.126582622528,-0.94837785,
5588,2468.566406726837,-1.4479034,
5589,2469.0063190460205,-1.769641,
5590,2469.4463274478912,-1.241677,
5591,2469.8863134384155,-0.81335074,
5592,2470.3257336616516,-1.8962919,
5593,2470.7654678821564,-1.7303818,
5594,2471.205637216568,-1.7650241,
5595,2471.6456468105316,-1.6837239,
5596,2472.085545539856,-2.0266006,
5597,2472.5254328250885,-1.7456342,
5598,2472.9654076099396,-1.9274632,
5599,2473.4049727916718,-0.6119695,
5600,2474.047622203827,-1.6079117,
5601,2474.4873988628387,-3.0037208,
5602,2474.9274747371674,-2.7840774,
5603,2475.3675949573517,-0.7336957,
5604,2475.807754278183,-1.9524014,
5605,2476.247952222824,-1.9926667,
5606,2476.6879954338074,-1.255916,
5607,2477.1281459331512,-1.7025275,
5608,2477.5683538913727,-1.0917382,
5609,2478.008595228195,-2.318555,
5610,2478.4487636089325,-3.6961093,
5611,2478.8888170719147,-1.2652836,
5612,2479.3286085128784,-1.2312788,
5613,2479.768114566803,-1.2049086,
5614,2480.207914829254,-1.6644316,
5615,2480.647871017456,-1.2254994,
5616,2481.087832927704,-0.89096856,
5617,2481.527967453003,-3.1214795,
5618,2481.9678993225098,-2.265523,
5619,2482.4077994823456,-1.700047,
5620,2482.8477001190186,-1.5443892,
5621,2483.287250518799,-2.69679,
5622,2483.727208375931,-2.110732,
5623,2484.1671090126038,-2.6072013,
5624,2484.606669187546,-1.8855314,
5625,2485.046710729599,-2.022713,
5626,2485.486593723297,-1.3385289,
5627,2485.92662358284,-0.9863161,
5628,2486.3664400577545,-1.2975271,
5629,2486.8062567710876,-1.5369301,
5630,2487.2459633350372,-1.2531643,
5631,2487.685915708542,-2.1678262,
5632,2488.1258478164673,-1.0877826,
5633,2488.565717935562,-2.2854264,
5634,2489.0055894851685,-1.5142167,
5635,2489.4453415870667,-3.019968,
5636,2489.8852305412292,-2.3697557,
5637,2490.3250880241394,-2.3301744,
5638,2490.7645256519318,-2.4001253,
5639,2491.204439640045,-2.5913796,
5640,2491.6443395614624,-2.4396553,
5641,2492.0840866565704,-0.73896503,
5642,2492.5240547657013,-1.5265273,
5643,2492.964088201523,-3.026048,
5644,2493.404163837433,-2.0734706,
5645,2493.8437688350677,-0.95207113,
5646,2494.283884525299,-0.69380444,
5647,2494.723840713501,-1.0561554,
5648,2495.163437128067,-1.0770797,
5649,2495.6032407283783,-1.6775427,
5650,2496.0423402786255,-3.124363,
5651,2496.4821531772614,-1.5664384,
5652,2496.9218904972076,-0.98769104,
5653,2497.3616206645966,-1.6595523,
5654,2497.8016505241394,-1.1503868,
5655,2498.2418682575226,-2.3714952,
5656,2498.681622505188,-1.1720197,
5657,2499.121345758438,-2.2124903,
5658,2499.5612874031067,-3.1150126,
5659,2500.000988960266,-2.1169002,
5660,2500.4410920143127,-3.1370134,
5661,2500.880982875824,-1.4470646,
5662,2501.320997238159,-1.1218568,
5663,2501.76082777977,-3.3766785,
5664,2502.200783252716,-2.127762,
5665,2502.6399013996124,-1.5347958,
5666,2503.079681158066,-0.8001969,
5667,2503.5197279453278,-0.67212987,
5668,2503.9595885276794,-1.8255024,
5669,2504.3993747234344,-2.3702893,
5670,2504.8395042419434,-1.5393991,
5671,2505.2795901298523,-2.3337436,
5672,2505.7196457386017,-2.8421655,
5673,2506.1590695381165,-1.2295767,
5674,2506.598794221878,-1.2733502,
5675,2507.0386333465576,-1.927225,
5676,2507.478582382202,-1.7957689,
5677,2507.9184432029724,-1.733978,
5678,2508.358564853668,-1.2888637,
5679,2508.798100233078,-1.3137581,
5680,2509.237881422043,-1.6909103,
5681,2509.677957057953,-1.6797118,
5682,2510.1173129081726,-0.64776945,
5683,2510.5564999580383,-1.4254019,
5684,2510.9964311122894,-1.9468877,
5685,2511.4361968040466,-1.733375,
5686,2511.8760056495667,-1.2595143,
5687,2512.3156764507294,-3.0907512,
5688,2512.7554128170013,-3.9817667,
5689,2513.1951670646667,-1.3644146,
5690,2513.6351277828217,-1.2202517,
5691,2514.0749502182007,-2.7393274,
5692,2514.514861345291,-2.1761274,
5693,2514.9545743465424,-1.7287393,
5694,2515.3943407535553,-1.3866898,
5695,2515.8343172073364,-2.113388,
5696,2516.273950099945,-1.6774058,
5697,2516.3725595474243,-4.347882,
5698,2517.3630566596985,-1.2117596,
5699,2517.801879644394,-2.226808,
5700,2518.4531967639923,-1.6843317,
5701,2518.8919427394867,-1.699502,
5702,2519.3308429718018,-1.8592858,
5703,2519.769819498062,-3.0649724,
5704,2520.20854139328,-1.7045043,
5705,2520.647279024124,-1.5091472,
5706,2521.0866873264313,-0.58962774,
5707,2521.5260248184204,-0.8508407,
5708,2521.965526342392,-1.2305977,
5709,2522.4048743247986,-1.7397312,
5710,2522.8439314365387,-2.4244282,
5711,2523.283098220825,-0.9153695,
5712,2523.7220690250397,-1.5893754,
5713,2524.1616353988647,-1.6481411,
5714,2524.6014347076416,-2.5530784,
5715,2525.040764570236,-1.6868258,
5716,2525.4797852039337,-1.5289365,
5717,2525.9187438488007,-2.086751,
5718,2526.358368873596,-1.1948254,
5719,2526.7977340221405,-1.7590543,
5720,2527.237347126007,-1.9453096,
5721,2527.6768159866333,-1.6651204,
5722,2528.1164784431458,-3.9760585,
5723,2528.556291103363,-1.8533378,
5724,2528.9958171844482,-1.2106086,
5725,2529.4350202083588,-3.2333782,
5726,2529.8754608631134,-1.8190323,
5727,2530.31533408165,-1.3229158,
5728,2530.7546977996826,-1.8798883,
5729,2531.194745540619,-1.861129,
5730,2531.634644985199,-2.3623126,
5731,2532.0743362903595,-0.87419,
5732,2532.5143361091614,-1.838237,
5733,2532.954026699066,-1.7916925,
5734,2533.39377617836,-1.7923305,
5735,2533.833367586136,-2.3047504,
5736,2534.273059129715,-1.774931,
5737,2534.713106393814,-1.4557359,
5738,2535.15296959877,-2.649422,
5739,2535.5928502082825,-0.83140904,
5740,2536.032678127289,-1.1953605,
5741,2536.4728195667267,-2.539874,
5742,2536.9125616550446,-1.042142,
5743,2537.3527965545654,-1.7934709,
5744,2537.7927305698395,-1.9134936,
5745,2538.232521533966,-1.6728773,
5746,2538.6728031635284,-1.7725444,
5747,2539.1126046180725,-1.3225843,
5748,2539.5521087646484,-1.2013892,
5749,2539.9921946525574,-1.473027,
5750,2540.4318499565125,-1.7361951,
5751,2540.871741294861,-1.585494,
5752,2541.3117582798004,-2.1814742,
5753,2541.751554250717,-0.7994664,
5754,2542.1914076805115,-1.5087633,
5755,2542.6311342716217,-2.38891,
5756,2543.0710124969482,-2.1231675,
5757,2543.511019706726,-1.4062948,
5758,2543.9508011341095,-1.6627121,
5759,2544.3907330036163,-1.6207268,
5760,2544.8305282592773,-1.6528109,
5761,2545.2705912590027,-2.2484136,
5762,2545.710360765457,-1.2754484,
5763,2546.1504151821136,-1.7792625,
5764,2546.5899665355682,-1.0227524,
5765,2547.0301039218903,-1.8260005,
5766,2547.4699075222015,-1.9074277,
5767,2547.909643650055,-1.952609,
5768,2548.34938621521,-1.7264816,
5769,2548.789119720459,-1.5039871,
5770,2549.2291281223297,-1.2957962,
5771,2549.668965101242,-1.606266,
5772,2550.1088140010834,-1.8357104,
5773,2550.548453092575,-1.4051569,
5774,2550.988443851471,-2.6173549,
5775,2551.4282779693604,-1.0061338,
5776,2551.8679790496826,-0.4544471,
5777,2552.3076326847076,-2.2615178,
5778,2552.7473464012146,-2.7834826,
5779,2553.1870806217194,-1.3202902,
5780,2553.6269130706787,-1.8719115,
5781,2554.0666716098785,-1.9193819,
5782,2554.506644964218,-2.9292293,
5783,2554.9464054107666,-2.1300144,
5784,2555.3860709667206,-2.2773263,
5785,2555.8258979320526,-1.6131586,
5786,2556.2657101154327,-1.8602141,
5787,2556.7053253650665,-2.4052112,
5788,2557.1449785232544,-2.2342734,
5789,2557.5845217704773,-2.834689,
5790,2558.0237307548523,-1.6085339,
5791,2558.46341753006,-2.0067804,
5792,2558.902580976486,-2.1068223,
5793,2559.34197306633,-1.700097,
5794,2559.781585216522,-1.4836819,
5795,2560.2212796211243,-1.1707791,
5796,2560.6608967781067,-2.020372,
5797,2561.100916624069,-1.0957954,
5798,2561.540700674057,-3.398026,
5799,2561.9805824756622,-1.1642907,
5800,2562.621971130371,-1.931428,
5801,2563.061155319214,-2.038551,
5802,2563.5008947849274,-0.7480109,
5803,2563.9403178691864,-0.89528966,
5804,2564.379621744156,-0.75659406,
5805,2564.8194353580475,-1.3764169,
5806,2565.259460926056,-1.4159523,
5807,2565.6991336345673,-1.5788743,
5808,2566.1390664577484,-2.858953,
5809,2566.579003095627,-2.1739492,
5810,2567.018793821335,-2.3484485,
5811,2567.458669900894,-1.917269,
5812,2567.8987085819244,-2.3373127,
5813,2568.338315963745,-2.109236,
5814,2568.7783937454224,-2.2307425,
5815,2569.218215227127,-1.9678593,
5816,2569.658132314682,-1.1888025,
5817,2570.0981533527374,-2.3377385,
5818,2570.5377657413483,-1.9008361,
5819,2570.9773893356323,-0.70221436,
5820,2571.41761302948,-1.7337508,
5821,2571.8579881191254,-2.5776958,
5822,2572.298008441925,-1.3469567,
5823,2572.737774372101,-2.5428603,
5824,2573.1773614883423,-1.205699,
5825,2573.617557287216,-2.4546561,
5826,2574.057451725006,-2.3772454,
5827,2574.4970808029175,-1.5000713,
5828,2574.9368443489075,-1.4345025,
5829,2575.3766474723816,-2.0029402,
5830,2575.8160648345947,-1.505847,
5831,2576.2560794353485,-3.3963325,
5832,2576.6957833766937,-2.0693438,
5833,2577.1355748176575,-1.4919505,
5834,2577.5755145549774,-2.0616717,
5835,2578.015486240387,-1.2639054,
5836,2578.45538687706,-0.8888564,
5837,2578.8953189849854,-1.2086776,
5838,2579.334669828415,-2.2437284,
5839,2579.774724960327,-2.0741963,
5840,2580.2148563861847,-0.7466333,
5841,2580.6542608737946,-2.3519766,
5842,2581.094128847122,-1.167147,
5843,2581.5340259075165,-1.7389262,
5844,2581.973936319351,-1.9499848,
5845,2582.4139041900635,-2.1460922,
5846,2582.8537690639496,-1.9201722,
5847,2583.2935078144073,-1.5768526,
5848,2583.733220100403,-1.0274678,
5849,2584.1729197502136,-1.9037359,
5850,2584.612599134445,-1.2398747,
5851,2585.0522844791412,-2.967464,
5852,2585.4921083450317,-0.80104965,
5853,2585.9317898750305,-1.0233198,
5854,2586.37149143219,-2.7149277,
5855,2586.8112087249756,-1.3237121,
5856,2587.250720977783,-1.4190183,
5857,2587.69052028656,-1.838599,
5858,2588.13058757782,-3.6366544,
5859,2588.5708158016205,-2.397734,
5860,2589.010804414749,-2.115713,
5861,2589.450764656067,-1.0977772,
5862,2589.890825033188,-1.9467065,
5863,2590.3303520679474,-1.7499065,
5864,2590.7701029777527,-2.1202588,
5865,2591.2097759246826,-1.149485,
5866,2591.6496453285217,-2.0765707,
5867,2592.0894265174866,-1.4545774,
5868,2592.5293958187103,-1.8468875,
5869,2592.9690885543823,-1.5254246,
5870,2593.4088563919067,-1.5998936,
5871,2593.8488569259644,-2.1933637,
5872,2594.2886304855347,-3.0088942,
5873,2594.728337287903,-2.0240822,
5874,2595.16837143898,-1.454999,
5875,2595.608473777771,-1.9764411,
5876,2596.048316001892,-2.7199376,
5877,2596.488565683365,-1.7627652,
5878,2596.9282853603363,-2.536651,
5879,2597.368200302124,-1.8034513,
5880,2597.807945251465,-1.6312861,
5881,2598.2476847171783,-1.9080496,
5882,2598.687836408615,-1.2391846,
5883,2599.1275639533997,-2.4704266,
5884,2599.567501306534,-1.4829016,
5885,2600.0075318813324,-2.3189702,
5886,2600.4475042819977,-1.8117315,
5887,2600.887241601944,-2.0783782,
5888,2601.326882123947,-1.4259206,
5889,2601.766830444336,-2.29345,
5890,2602.2066328525543,-1.0286577,
5891,2602.6465458869934,-0.99349356,
5892,2603.086420059204,-2.160226,
5893,2603.52640581131,-3.4518046,
5894,2603.9662170410156,-2.598011,
5895,2604.405977010727,-1.727812,
5896,2604.845579624176,-0.95402753,
5897,2605.2854857444763,-1.4977965,
5898,2605.725659132004,-1.0330415,
5899,2606.1654036045074,-1.4810007,
5900,2606.8061549663544,-1.7314816,
5901,2607.246021270752,-0.52430046,
5902,2607.685850381851,-2.172886,
5903,2608.125832796097,-2.1090121,
5904,2608.5655570030212,-1.511473,
5905,2609.005443572998,-1.0390924,
5906,2609.4451546669006,-0.87889624,
5907,2609.8848373889923,-2.3714051,
5908,2609.983552455902,-2.7654576,
5909,2611.0126049518585,-2.4889894,
5910,2611.45139169693,-0.9763747,
5911,2611.8904161453247,-1.2765586,
5912,2612.3290050029755,-1.355902,
5913,2612.768370628357,-2.155641,
5914,2613.2075049877167,-3.0068932,
5915,2613.646975040436,-2.479341,
5916,2614.086081266403,-2.2392764,
5917,2614.5256600379944,-1.4822702,
5918,2614.9649851322174,-1.4023753,
5919,2615.404417991638,-1.3773764,
5920,2615.844002008438,-1.8549178,
5921,2616.2834153175354,-2.2680597,
5922,2616.7233793735504,-3.9558911,
5923,2617.1626386642456,-1.962366,
5924,2617.6024057865143,-3.3446422,
5925,2618.042182445526,-2.260457,
5926,2618.4819049835205,-2.1616158,
5927,2618.9217941761017,-1.3381195,
5928,2619.3617470264435,-2.5744028,
5929,2619.8015100955963,-3.0423536,
5930,2620.2412099838257,-1.6450198,
5931,2620.6810641288757,-1.2400491,
5932,2621.120921611786,-2.3475125,
5933,2621.5607216358185,-2.44663,
5934,2622.000549554825,-1.6360631,
5935,2622.4404015541077,-1.3757627,
5936,2622.880127429962,-2.1407642,
5937,2623.3201434612274,-2.0107853,
5938,2623.7602038383484,-1.1010343,
5939,2624.2001526355743,-2.5710628,
5940,2624.639914751053,-1.9778084,
5941,2625.0798540115356,-1.044951,
5942,2625.5197632312775,-2.373331,
5943,2625.959653377533,-2.0438795,
5944,2626.3995740413666,-2.5161018,
5945,2626.8395431041718,-1.4433458,
5946,2627.2793328762054,-1.2742317,
5947,2627.7192385196686,-1.35365,
5948,2628.159332752228,-2.849334,
5949,2628.5992159843445,-1.3441207,
5950,2629.0391368865967,-0.822441,
5951,2629.4789896011353,-2.0947676,
5952,2629.9187722206116,-1.7113181,
5953,2630.3586127758026,-1.3617682,
5954,2630.798738718033,-2.522086,
5955,2631.238644361496,-0.80553806,
5956,2631.678191423416,-1.0874426,
5957,2632.1181268692017,-1.8120872,
5958,2632.5582382678986,-0.7348687,
5959,2632.99818611145,-1.7107437,
5960,2633.438257455826,-2.3092625,
5961,2633.877534389496,-2.247686,
5962,2634.3174130916595,-1.3283553,
5963,2634.7573421001434,-2.3994596,
5964,2635.1973123550415,-0.87752396,
5965,2635.637186050415,-1.9785722,
5966,2636.076764345169,-1.33725,
5967,2636.516964197159,-1.009765,
5968,2636.956878185272,-1.4184096,
5969,2637.396709918976,-1.259073,
5970,2637.835864543915,-2.2980773,
5971,2638.2757017612457,-1.6136584,
5972,2638.7154743671417,-2.4042559,
5973,2639.155457019806,-1.0383816,
5974,2639.5951540470123,-1.6654389,
5975,2640.0349626541138,-0.5011151,
5976,2640.47487282753,-1.8725346,
5977,2640.914656639099,-1.1445198,
5978,2641.3544013500214,-2.287202,
5979,2641.7944073677063,-1.2078743,
5980,2642.2341651916504,-2.084835,
5981,2642.67404961586,-1.2684915,
5982,2643.1140336990356,-1.4330053,
5983,2643.5541517734528,-2.7658508,
5984,2643.9938917160034,-2.1853633,
5985,2644.433537721634,-1.9420037,
5986,2644.87308549881,-1.3970661,
5987,2645.3128130435944,-2.4830346,
5988,2645.7524564266205,-1.6983002,
5989,2646.1922955513,-0.9596672,
5990,2646.6318645477295,-2.2684445,
5991,2647.071201324463,-2.7066312,
5992,2647.51043844223,-1.4176927,
5993,2647.9494388103485,-1.8938797,
5994,2648.3885774612427,-0.6248426,
5995,2648.8278589248657,-1.5079911,
5996,2649.267045736313,-2.5172114,
5997,2649.706551551819,-0.9459821,
5998,2650.1466307640076,-2.5369868,
5999,2650.5863835811615,-1.9426154,
6000,2651.238419532776,-1.379801,
6001,2651.677914381027,-2.503169,
6002,2652.117463827133,-2.2244964,
6003,2652.557140111923,-1.2688788,
6004,2652.996848344803,-1.2475777,
6005,2653.436343193054,-2.9923973,
6006,2653.875587940216,-2.066968,
6007,2654.3150355815887,-1.1369262,
6008,2654.754880428314,-1.4553812,
6009,2655.1939465999603,-1.8436277,
6010,2655.6330020427704,-0.8968278,
6011,2656.0720562934875,-2.1733027,
6012,2656.510985851288,-1.3118721,
6013,2656.9501752853394,-1.7422553,
6014,2657.3898351192474,-3.3778954,
6015,2657.829554796219,-2.1443357,
6016,2658.269504547119,-1.6243675,
6017,2658.709131002426,-2.5157194,
6018,2659.1489746570587,-1.9987183,
6019,2659.588765144348,-2.3337803,
6020,2660.0287339687347,-2.6677635,
6021,2660.4686183929443,-1.816695,
6022,2660.9084029197693,-1.9477429,
6023,2661.348187685013,-2.257269,
6024,2661.7879848480225,-2.8010135,
6025,2662.228437423706,-0.990502,
6026,2662.668397426605,-1.5935227,
6027,2663.1081414222717,-0.8309011,
6028,2663.5480828285217,-1.3394594,
6029,2663.9879529476166,-1.8061335,
6030,2664.427969455719,-2.1990743,
6031,2664.867713689804,-1.9273896,
6032,2665.3074765205383,-1.7577364,
6033,2665.7475204467773,-0.3860915,
6034,2666.1872227191925,-1.1862934,
6035,2666.627007961273,-0.94113404,
6036,2667.0666921138763,-3.0006218,
6037,2667.5065100193024,-1.780607,
6038,2667.9463579654694,-1.9121401,
6039,2668.3860704898834,-1.7549556,
6040,2668.825754404068,-1.8639914,
6041,2669.2657930850983,-2.5102012,
6042,2669.7055909633636,-1.987407,
6043,2670.1455628871918,-2.3638084,
6044,2670.585413455963,-3.4056726,
6045,2671.025124311447,-1.662638,
6046,2671.464699268341,-1.7447724,
6047,2671.9043464660645,-0.32670578,
6048,2672.3443579673767,-1.2972136,
6049,2672.784394979477,-1.3262216,
6050,2673.2241163253784,-2.7379467,
6051,2673.6640079021454,-2.211617,
6052,2674.103632926941,-1.0353833,
6053,2674.5429270267487,-1.8786691,
6054,2674.9827060699463,-1.2533605,
6055,2675.4226491451263,-2.6185532,
6056,2675.862293481827,-2.269475,
6057,2676.3019547462463,-2.9191515,
6058,2676.7411155700684,-3.6054227,
6059,2677.180329799652,-3.3956947,
6060,2677.620208501816,-2.3927522,
6061,2678.0598528385162,-0.44504854,
6062,2678.499237060547,-1.0350455,
6063,2678.93852519989,-0.7402843,
6064,2679.378163576126,-0.87166524,
6065,2679.817903280258,-0.78260314,
6066,2680.2576088905334,-1.4715617,
6067,2680.697513103485,-1.2766205,
6068,2681.1381862163544,-2.1343262,
6069,2681.577693462372,-1.8926082,
6070,2682.017399072647,-1.570324,
6071,2682.457032442093,-1.593056,
6072,2682.8969292640686,-2.7104502,
6073,2683.3367569446564,-1.3003896,
6074,2683.7763197422028,-2.1456242,
6075,2684.2162091732025,-1.2138119,
6076,2684.6560533046722,-1.8652577,
6077,2685.095871448517,-1.0456979,
6078,2685.535806417465,-1.6295555,
6079,2685.9753608703613,-2.269623,
6080,2686.414899587631,-2.0879931,
6081,2686.8545718193054,-1.6184542,
6082,2687.2943544387817,-1.5748217,
6083,2687.7340919971466,-2.8097925,
6084,2688.1739015579224,-1.7317834,
6085,2688.613484621048,-2.1357203,
6086,2689.0534451007843,-1.3016361,
6087,2689.493114709854,-1.7837706,
6088,2689.9328706264496,-1.1143781,
6089,2690.372819185257,-1.3997573,
6090,2690.8126785755157,-1.0735427,
6091,2691.252664089203,-1.1577315,
6092,2691.6924986839294,-2.6415782,
6093,2692.132390499115,-2.6171203,
6094,2692.5720415115356,-2.351037,
6095,2693.0120811462402,-2.1649313,
6096,2693.4521341323853,-1.170448,
6097,2693.8920352458954,-2.793518,
6098,2694.331784963608,-1.1406404,
6099,2694.7720215320587,-2.099036,
6100,2695.416972875595,-1.2541444,
6101,2695.856824159622,-1.6563581,
6102,2696.296553134918,-0.7343713,
6103,2696.7364959716797,-1.8162347,
6104,2697.1765229701996,-2.701469,
6105,2697.6162605285645,-2.3640268,
6106,2698.0559964179993,-1.0981015,
6107,2698.495804309845,-2.4948373,
6108,2698.935805797577,-1.027354,
6109,2699.376079082489,-2.2196589,
6110,2699.8158967494965,-2.1768577,
6111,2700.2555532455444,-2.2322097,
6112,2700.695360660553,-1.1924156,
6113,2701.135330438614,-1.1864403,
6114,2701.575011730194,-3.9816995,
6115,2702.014719247818,-1.3481755,
6116,2702.4548768997192,-1.1262362,
6117,2702.8945462703705,-1.5398273,
6118,2703.3340730667114,-1.1753172,
6119,2703.433045864105,-5.9023714,
6120,2704.4649682044983,-1.1254137,
6121,2704.9036996364594,-1.6672671,
6122,2705.3425216674805,-2.1075811,
6123,2705.781625032425,-2.3023915,
6124,2706.2210025787354,-3.1429272,
6125,2706.6601634025574,-2.2277775,
6126,2707.0990092754364,-2.3413668,
6127,2707.538957834244,-1.4536028,
6128,2707.97855758667,-2.279484,
6129,2708.4180312156677,-0.8657013,
6130,2708.857701063156,-0.7863482,
6131,2709.2974586486816,-2.6332748,
6132,2709.7371711730957,-1.5632025,
6133,2710.177008867264,-1.7210414,
6134,2710.616701364517,-3.0053353,
6135,2711.056177377701,-1.619762,
6136,2711.495675086975,-1.3468336,
6137,2711.934821367264,-1.6744068,
6138,2712.374445915222,-1.7317401,
6139,2712.8135647773743,-1.2015383,
6140,2713.2531685829163,-2.231013,
6141,2713.692847967148,-3.4892588,
6142,2714.1323697566986,-1.6249456,
6143,2714.572338581085,-1.6392925,
6144,2715.0116147994995,-1.1575094,
6145,2715.4518163204193,-0.67149717,
6146,2715.8916940689087,-2.2628708,
6147,2716.331127643585,-3.4561577,
6148,2716.7711024284363,-2.4209495,
6149,2717.211085319519,-1.7721262,
6150,2717.6508917808533,-1.417653,
6151,2718.0908164978027,-1.9513383,
6152,2718.530599832535,-1.6518439,
6153,2718.970505475998,-2.487891,
6154,2719.410238981247,-3.0551574,
6155,2719.850046157837,-1.8728098,
6156,2720.289922952652,-1.1357569,
6157,2720.731420278549,-0.9619871,
6158,2721.1740007400513,-1.4615493,
6159,2721.617170572281,-1.1922207,
6160,2722.0604643821716,-2.1632757,
6161,2722.5040984153748,-1.4846776,
6162,2722.9472391605377,-1.8093046,
6163,2723.3903505802155,-1.5442047,
6164,2723.8332114219666,-2.7605367,
6165,2724.276875972748,-2.484146,
6166,2724.7201340198517,-1.8987366,
6167,2725.163655281067,-2.0424063,
6168,2725.6068131923676,-1.7300814,
6169,2726.0499947071075,-1.8987021,
6170,2726.4931964874268,-2.2240205,
6171,2726.9359703063965,-2.964495,
6172,2727.3791105747223,-1.8030955,
6173,2727.8223271369934,-0.9991456,
6174,2728.2656705379486,-2.561255,
6175,2728.7090883255005,-1.6629524,
6176,2729.1518383026123,-1.8080522,
6177,2729.5952048301697,-1.5592314,
6178,2730.038269996643,-1.8060459,
6179,2730.481402158737,-2.4747872,
6180,2730.9244174957275,-1.0146796,
6181,2731.3673799037933,-2.0013218,
6182,2731.8103744983673,-1.0902185,
6183,2732.253706216812,-1.3260701,
6184,2732.6966478824615,-1.7929263,
6185,2733.1398932933807,-2.0620468,
6186,2733.582970380783,-2.0896714,
6187,2734.026006937027,-1.8129954,
6188,2734.4689667224884,-1.7887548,
6189,2734.912125110626,-2.3038397,
6190,2735.354946374893,-1.5498203,
6191,2735.7982897758484,-1.2693168,
6192,2736.241417646408,-0.5313795,
6193,2736.684791326523,-1.6902826,
6194,2737.1278960704803,-2.6558957,
6195,2737.5714473724365,-2.5463176,
6196,2738.014480113983,-2.808835,
6197,2738.458156108856,-1.8493531,
6198,2738.901437520981,-2.2611365,
6199,2739.3446485996246,-1.6514943,
6200,2740.0064330101013,-2.46624,
6201,2740.4496104717255,-1.4057648,
6202,2740.8927195072174,-2.9033074,
6203,2741.3361303806305,-1.161783,
6204,2741.779362678528,-2.8123717,
6205,2742.2229256629944,-1.5315015,
6206,2742.666220664978,-2.0139925,
6207,2743.109766960144,-1.8883667,
6208,2743.5526065826416,-0.79015577,
6209,2743.995997428894,-1.9649662,
6210,2744.439368724823,-1.787319,
6211,2744.8824689388275,-2.2092395,
6212,2745.3255071640015,-1.1089773,
6213,2745.769147872925,-1.9813288,
6214,2746.212201833725,-1.0467802,
6215,2746.6558978557587,-1.145403,
6216,2747.0988087654114,-1.9902893,
6217,2747.5419566631317,-1.2710533,
6218,2747.984871864319,-1.4739923,
6219,2748.4282171726227,-1.9075687,
6220,2748.8710746765137,-1.795242,
6221,2749.314380168915,-2.1484594,
6222,2749.757696866989,-2.300858,
6223,2750.2007088661194,-1.9635897,
6224,2750.643703222275,-1.3657147,
6225,2751.0870175361633,-1.2680795,
6226,2751.5301427841187,-2.433243,
6227,2751.9734592437744,-1.6639342,
6228,2752.4166655540466,-1.6715689,
6229,2752.85994553566,-1.4946198,
6230,2753.303174495697,-2.6840687,
6231,2753.746703863144,-1.2947408,
6232,2754.1899070739746,-1.978501,
6233,2754.6334335803986,-2.2409492,
6234,2755.07666349411,-2.2141523,
6235,2755.5198740959167,-1.2375038,
6236,2755.963283061981,-1.0283582,
6237,2756.4068973064423,-2.0723987,
6238,2756.850676059723,-2.4846904,
6239,2757.2940351963043,-1.5213044,
6240,2757.7379610538483,-1.7851208,
6241,2758.1812088489532,-2.8873153,
6242,2758.6247482299805,-3.2122033,
6243,2759.0679297447205,-1.9940819,
6244,2759.5116667747498,-1.4888599,
6245,2759.954621076584,-2.4262686,
6246,2760.398153781891,-1.7395892,
6247,2760.841114759445,-0.51278573,
6248,2761.2846302986145,-2.0555053,
6249,2761.7280423641205,-2.7700336,
6250,2762.171822786331,-2.7401533,
6251,2762.6154108047485,-0.9011639,
6252,2763.0585386753082,-1.6334151,
6253,2763.502110481262,-2.0116515,
6254,2763.9456865787506,-2.6639132,
6255,2764.3895270824432,-1.6276615,
6256,2764.8327901363373,-1.4035523,
6257,2765.276138782501,-1.1974944,
6258,2765.719268798828,-0.7956976,
6259,2766.163034439087,-1.7881632,
6260,2766.6061391830444,-1.4225893,
6261,2767.049705028534,-0.8110776,
6262,2767.4931902885437,-1.047193,
6263,2767.9370260238647,-1.5549276,
6264,2768.380769968033,-1.5776646,
6265,2768.8240752220154,-0.98375756,
6266,2769.2682225704193,-2.3183947,
6267,2769.711376428604,-1.6149858,
6268,2770.154660463333,-1.9954948,
6269,2770.5977594852448,-2.9160533,
6270,2771.041610479355,-3.2445576,
6271,2771.4848046302795,-1.5472476,
6272,2771.928431749344,-1.7571502,
6273,2772.3717255592346,-1.350508,
6274,2772.8152194023132,-2.2333245,
6275,2773.258370399475,-0.72539204,
6276,2773.7013409137726,-1.8835809,
6277,2774.1444461345673,-3.251802,
6278,2774.5874729156494,-2.067566,
6279,2775.0305726528168,-1.5459627,
6280,2775.474146127701,-1.5561404,
6281,2775.9172377586365,-1.9358044,
6282,2776.360303401947,-1.2484161,
6283,2776.8033361434937,-1.3264197,
6284,2777.246291399002,-2.3789432,
6285,2777.6893446445465,-1.6753571,
6286,2778.132488489151,-2.1898448,
6287,2778.5756289958954,-3.926382,
6288,2779.0195803642273,-2.5469832,
6289,2779.463333129883,-1.5513136,
6290,2779.9066812992096,-0.9654554,
6291,2780.350038766861,-2.5830855,
6292,2780.793226003647,-2.4503484,
6293,2781.2369248867035,-1.4603019,
6294,2781.680018424988,-2.0746636,
6295,2782.123685359955,-2.3948474,
6296,2782.5670850276947,-2.725686,
6297,2783.010482788086,-1.7389162,
6298,2783.4536871910095,-2.466507,
6299,2783.8970029354095,-0.88088465,
6300,2784.55010843277,-2.0198421,
6301,2784.992922306061,-1.391896,
6302,2785.434995174408,-2.9542506,
6303,2785.8778796195984,-0.96834624,
6304,2786.320918560028,-0.7501618,
6305,2786.763782262802,-1.9484048,
6306,2787.206154823303,-1.3923831,
6307,2787.649774312973,-1.4000285,
6308,2788.0924360752106,-1.7037042,
6309,2788.535451889038,-1.22109,
6310,2788.978350162506,-1.6749258,
6311,2789.4217596054077,-1.3069311,
6312,2789.8648777008057,-1.2316344,
6313,2790.305370569229,-2.5685182,
6314,2790.7446489334106,-1.6267633,
6315,2791.184380531311,-1.3163724,
6316,2791.624106645584,-0.88062775,
6317,2792.063873767853,-2.762914,
6318,2792.5034217834473,-1.4329884,
6319,2792.943551301956,-2.5008035,
6320,2793.386885166168,-1.595907,
6321,2793.829931497574,-1.5746899,
6322,2794.270783185959,-1.2385558,
6323,2794.7107076644897,-1.8715264,
6324,2795.1507885456085,-1.6732845,
6325,2795.5902574062347,-1.881536,
6326,2796.0302307605743,-1.4636489,
6327,2796.472174882889,-2.1022687,
6328,2796.9149968624115,-2.3517168,
6329,2797.35853433609,-2.5384784,
6330,2797.459240436554,-1.836488,
6331,2798.5857923030853,-0.9600196,
6332,2799.0251502990723,-2.2313745,
6333,2799.464411020279,-1.174664,
6334,2799.9036610126495,-0.97936034,
6335,2800.3432669639587,-1.2155604,
6336,2800.7825105190277,-2.1942444,
6337,2801.2217354774475,-2.2733948,
6338,2801.6609630584717,-1.2176199,
6339,2802.1001131534576,-3.2055564,
6340,2802.539193868637,-1.0352855,
6341,2802.9785804748535,-2.325618,
6342,2803.41814994812,-2.0482895,
6343,2803.8575994968414,-2.1907349,
6344,2804.2971115112305,-1.0376933,
6345,2804.7366218566895,-1.9566524,
6346,2805.1763520240784,-0.8402635,
6347,2805.6156058311462,-1.4537052,
6348,2806.05499625206,-2.184913,
6349,2806.4943828582764,-1.8120002,
6350,2806.9342262744904,-1.8395817,
6351,2807.3731756210327,-1.2928008,
6352,2807.812377691269,-1.838397,
6353,2808.251471042633,-1.3913153,
6354,2808.691166639328,-1.5275453,
6355,2809.130227804184,-1.4907796,
6356,2809.569570541382,-1.5795233,
6357,2810.0088856220245,-3.417484,
6358,2810.448225736618,-1.6847708,
6359,2810.887502193451,-2.8786159,
6360,2811.326762199402,-1.4010005,
6361,2811.7658100128174,-0.70690286,
6362,2812.205018758774,-1.6323965,
6363,2812.6442992687225,-1.0055451,
6364,2813.0833213329315,-1.6138287,
6365,2813.522257089615,-1.3595228,
6366,2813.961580991745,-1.6323034,
6367,2814.4008009433746,-1.0681704,
6368,2814.8401098251343,-1.112524,
6369,2815.2792177200317,-1.9014162,
6370,2815.718273162842,-2.1203136,
6371,2816.157295227051,-0.71305466,
6372,2816.5962007045746,-2.0087008,
6373,2817.0351283550262,-1.6465654,
6374,2817.474018096924,-1.401474,
6375,2817.9143495559692,-1.7997706,
6376,2818.353534221649,-2.1097429,
6377,2818.7931067943573,-1.6648157,
6378,2819.2324550151825,-1.3509167,
6379,2819.671627998352,-0.725158,
6380,2820.11066198349,-2.5362496,
6381,2820.5494544506073,-2.352838,
6382,2820.9883637428284,-1.7534921,
6383,2821.4272429943085,-1.0880091,
6384,2821.866402387619,-2.8035474,
6385,2822.305378675461,-1.4935848,
6386,2822.744228363037,-0.87754214,
6387,2823.1834053993225,-1.9156809,
6388,2823.62269449234,-1.0729287,
6389,2824.0622408390045,-2.5864487,
6390,2824.501544237137,-1.2099571,
6391,2824.940652370453,-1.5524503,
6392,2825.3793683052063,-1.0768162,
6393,2825.817837715149,-1.4994779,
6394,2826.25683927536,-1.9776814,
6395,2826.6960179805756,-1.7888074,
6396,2827.135713338852,-1.3481128,
6397,2827.575296640396,-2.3284483,
6398,2828.0145738124847,-2.5409908,
6399,2828.453290939331,-2.542231,
6400,2829.103761911392,-2.241639,
6401,2829.5415120124817,-1.9863513,
6402,2829.9798963069916,-1.5889249,
6403,2830.41832447052,-0.67281604,
6404,2830.857028722763,-1.1332121,
6405,2831.2954790592194,-1.545143,
6406,2831.7342450618744,-0.98928475,
6407,2832.1731989383698,-0.715538,
6408,2832.6115391254425,-1.088448,
6409,2833.049896001816,-1.7135965,
6410,2833.4883143901825,-1.7908969,
6411,2833.9267489910126,-2.511566,
6412,2834.3652992248535,-1.6814761,
6413,2834.804095506668,-2.5291543,
6414,2835.2429599761963,-1.6749569,
6415,2835.6814744472504,-2.5645428,
6416,2836.1196739673615,-1.0584459,
6417,2836.558090686798,-1.3174577,
6418,2836.9966394901276,-2.7565393,
6419,2837.4348452091217,-1.0252228,
6420,2837.8732845783234,-1.7049696,
6421,2838.3120992183685,-1.0453315,
6422,2838.7520315647125,-1.9794149,
6423,2839.192057132721,-1.6002605,
6424,2839.632266521454,-1.9339672,
6425,2840.0722076892853,-1.6263847,
6426,2840.5124549865723,-1.8964796,
6427,2840.9525558948517,-1.5442476,
6428,2841.3925404548645,-1.8978262,
6429,2841.8323850631714,-1.8357637,
6430,2842.272401332855,-1.111716,
6431,2842.712234735489,-1.2718521,
6432,2843.1521360874176,-2.2517824,
6433,2843.5918066501617,-1.3886753,
6434,2844.031712293625,-1.5245895,
6435,2844.471560716629,-1.5429307,
6436,2844.911339521408,-2.7863362,
6437,2845.3512794971466,-1.289185,
6438,2845.7912068367004,-1.3931366,
6439,2846.231196165085,-1.4685594,
6440,2846.6709163188934,-0.9470689,
6441,2847.110533475876,-1.8528309,
6442,2847.5506258010864,-1.8955182,
6443,2847.9905881881714,-1.9659101,
6444,2848.4301052093506,-1.5229979,
6445,2848.8703441619873,-2.2013662,
6446,2849.3105788230896,-2.6276097,
6447,2849.750727415085,-1.8028152,
6448,2850.190570831299,-2.2000873,
6449,2850.6304636001587,-0.9796082,
6450,2851.07026553154,-1.3367398,
6451,2851.509937286377,-1.3184265,
6452,2851.9498176574707,-1.3989786,
6453,2852.389559030533,-2.2961564,
6454,2852.8293335437775,-2.2877214,
6455,2853.269241809845,-1.9219881,
6456,2853.7087886333466,-1.2569146,
6457,2854.1483521461487,-1.6942929,
6458,2854.588322877884,-1.6337258,
6459,2855.0281167030334,-1.6101134,
6460,2855.4680161476135,-0.90975624,
6461,2855.907853603363,-1.4307463,
6462,2856.347592115402,-1.3201599,
6463,2856.787425994873,-2.0824873,
6464,2857.2274556159973,-1.6616377,
6465,2857.6673221588135,-2.7423215,
6466,2858.107092142105,-0.64125586,
6467,2858.546978712082,-1.4426696,
6468,2858.9869859218597,-1.3068733,
6469,2859.426839828491,-1.5379761,
6470,2859.8670556545258,-1.9846522,
6471,2860.3071508407593,-0.58097804,
6472,2860.7469432353973,-2.1039505,
6473,2861.186942577362,-1.589386,
6474,2861.6268384456635,-1.4921105,
6475,2862.0668041706085,-1.729917,
6476,2862.5063610076904,-0.67532885,
6477,2862.9462299346924,-1.5036519,
6478,2863.385953426361,-1.7156935,
6479,2863.825494289398,-1.2312509,
6480,2864.2652871608734,-2.3700724,
6481,2864.7049944400787,-2.3501508,
6482,2865.144772529602,-1.5151932,
6483,2865.5842764377594,-1.5823963,
6484,2866.02415394783,-1.5155712,
6485,2866.464051246643,-1.2336125,
6486,2866.903886795044,-2.6637988,
6487,2867.3438918590546,-1.589043,
6488,2867.7837579250336,-1.4449704,
6489,2868.223807811737,-1.9925011,
6490,2868.663831949234,-1.9401864,
6491,2869.103645324707,-1.9594138,
6492,2869.543314933777,-2.211781,
6493,2869.9829864501953,-1.7240839,
6494,2870.423114299774,-1.8851001,
6495,2870.863126516342,-3.47452,
6496,2871.3031420707703,-1.4100236,
6497,2871.7425932884216,-0.9084315,
6498,2872.1823868751526,-1.4338766,
6499,2872.6223764419556,-3.1006227,
6500,2873.267825603485,-2.2767837,
6501,2873.7072677612305,-1.728062,
6502,2874.147206544876,-1.3326373,
6503,2874.586665391922,-2.0258873,
6504,2875.026113510132,-1.5153143,
6505,2875.4654490947723,-1.7695043,
6506,2875.904762029648,-1.5815889,
6507,2876.343962430954,-3.054791,
6508,2876.783233642578,-2.2086403,
6509,2877.22252368927,-2.8318005,
6510,2877.661721944809,-2.1385224,
6511,2878.100931406021,-2.0670493,
6512,2878.5403656959534,-2.5221815,
6513,2878.980088710785,-1.5393487,
6514,2879.4197738170624,-1.664535,
6515,2879.8594846725464,-2.4021356,
6516,2880.298956632614,-1.1255372,
6517,2880.7385680675507,-1.7365048,
6518,2881.178528547287,-1.8333284,
6519,2881.618689775467,-1.6051275,
6520,2882.0586037635803,-2.725712,
6521,2882.4983398914337,-2.3337092,
6522,2882.9379303455353,-1.822207,
6523,2883.377625465393,-2.4995828,
6524,2883.817138671875,-1.256906,
6525,2884.256936788559,-0.97833574,
6526,2884.696738243103,-1.5936,
6527,2885.136494874954,-1.4956261,
6528,2885.5762605667114,-1.9660349,
6529,2886.015937805176,-1.9683344,
6530,2886.4553875923157,-1.3499225,
6531,2886.894551753998,-0.865925,
6532,2887.3337156772614,-1.6103727,
6533,2887.773021221161,-0.945438,
6534,2888.2121953964233,-1.6430974,
6535,2888.6514234542847,-3.0366545,
6536,2889.091079235077,-3.3945637,
6537,2889.530659675598,-2.026322,
6538,2889.9699280261993,-2.3928237,
6539,2890.4090869426727,-2.1333954,
6540,2890.8479940891266,-1.0724117,
6541,2890.947913169861,-2.0174565,
6542,2892.0179982185364,-0.6984609,
6543,2892.4575090408325,-0.7925989,
6544,2892.896913290024,-2.000347,
6545,2893.336680173874,-1.8451769,
6546,2893.77623295784,-3.0639584,
6547,2894.2158331871033,-1.4044019,
6548,2894.65541267395,-2.0116904,
6549,2895.0952162742615,-1.5500256,
6550,2895.534790277481,-2.9526303,
6551,2895.974552631378,-1.3074415,
6552,2896.414447069168,-2.3613493,
6553,2896.854294538498,-2.5586586,
6554,2897.294140815735,-1.4824244,
6555,2897.7340195178986,-2.2595236,
6556,2898.1736137866974,-2.0038931,
6557,2898.6136779785156,-3.0189676,
6558,2899.053544282913,-1.8082345,
6559,2899.4934742450714,-1.3782021,
6560,2899.933438539505,-1.938896,
6561,2900.3734650611877,-0.8447044,
6562,2900.81334066391,-1.9916164,
6563,2901.252913951874,-1.2430452,
6564,2901.6929411888123,-1.7197772,
6565,2902.132917165756,-1.1162989,
6566,2902.573021173477,-1.6712489,
6567,2903.01335477829,-1.9265361,
6568,2903.4534862041473,-1.4631739,
6569,2903.893393754959,-2.1772926,
6570,2904.333462715149,-2.409085,
6571,2904.773264169693,-1.4189224,
6572,2905.213143825531,-1.797111,
6573,2905.6525650024414,-1.8969371,
6574,2906.092166185379,-1.8067285,
6575,2906.5322704315186,-1.99209,
6576,2906.9721875190735,-1.3586063,
6577,2907.4120626449585,-0.85893285,
6578,2907.851999759674,-1.8348876,
6579,2908.2919244766235,-1.5946643,
6580,2908.7319560050964,-2.448494,
6581,2909.1719300746918,-1.3973302,
6582,2909.611884355545,-2.3243897,
6583,2910.051619529724,-0.5480838,
6584,2910.4917974472046,-0.6603441,
6585,2910.931529521942,-2.3957205,
6586,2911.3714356422424,-2.4598987,
6587,2911.8115408420563,-1.62666,
6588,2912.2511510849,-2.6114957,
6589,2912.691004037857,-1.7627616,
6590,2913.130586862564,-1.0748494,
6591,2913.5707190036774,-1.7854413,
6592,2914.010487318039,-2.611891,
6593,2914.4503197669983,-1.7176931,
6594,2914.890162706375,-1.9133033,
6595,2915.3299753665924,-1.1524564,
6596,2915.769753217697,-0.9735118,
6597,2916.209593296051,-1.2024064,
6598,2916.649526834488,-2.37251,
6599,2917.0893375873566,-1.3720604,
6600,2917.742654800415,-1.6006634,
6601,2918.1824955940247,-2.1276197,
6602,2918.6224281787872,-1.9560382,
6603,2919.062425136566,-2.6465766,
6604,2919.5020740032196,-0.6377735,
6605,2919.9420936107635,-2.1320806,
6606,2920.3817744255066,-2.5808487,
6607,2920.8216774463654,-1.3927966,
6608,2921.2616424560547,-1.6192968,
6609,2921.7012515068054,-2.0257413,
6610,2922.140863418579,-2.8550446,
6611,2922.580840587616,-2.0732706,
6612,2923.020875453949,-1.4531698,
6613,2923.460931777954,-1.9684875,
6614,2923.9006123542786,-1.2748137,
6615,2924.340672969818,-2.180604,
6616,2924.7808740139008,-0.9281579,
6617,2925.221374988556,-0.82887554,
6618,2925.661291360855,-2.8165903,
6619,2926.101034641266,-0.72060525,
6620,2926.5406312942505,-0.60864365,
6621,2926.980720281601,-1.9270369,
6622,2927.4206128120422,-2.3366156,
6623,2927.860549926758,-2.1960578,
6624,2928.300445318222,-1.5124956,
6625,2928.740215063095,-1.4968061,
6626,2929.1800725460052,-1.4630969,
6627,2929.6199288368225,-1.0907112,
6628,2930.059886932373,-1.407397,
6629,2930.4993467330933,-1.7655187,
6630,2930.939028263092,-1.3464687,
6631,2931.378877401352,-1.9764186,
6632,2931.8186206817627,-0.9459778,
6633,2932.2582738399506,-0.95707595,
6634,2932.698160648346,-1.7578889,
6635,2933.1379792690277,-2.5798306,
6636,2933.5780160427094,-1.4166567,
6637,2934.0179409980774,-2.1897306,
6638,2934.4579343795776,-1.4473361,
6639,2934.8977155685425,-1.6588857,
6640,2935.337900161743,-0.5608818,
6641,2935.7784671783447,-2.5514817,
6642,2936.2183966636658,-2.23623,
6643,2936.658326625824,-1.9980443,
6644,2937.0984582901,-2.3893163,
6645,2937.538440465927,-1.5314155,
6646,2937.978287935257,-2.924781,
6647,2938.4183757305145,-2.787806,
6648,2938.8582422733307,-0.74153095,
6649,2939.2980937957764,-2.1346183,
6650,2939.7383148670197,-1.8518713,
6651,2940.1785082817078,-1.463606,
6652,2940.6193766593933,-3.3105466,
6653,2941.060162782669,-1.5507889,
6654,2941.5003077983856,-1.7814059,
6655,2941.9405131340027,-2.3672535,
6656,2942.38063287735,-1.2218392,
6657,2942.820458650589,-2.3267531,
6658,2943.2605018615723,-1.7872279,
6659,2943.7005879879,-1.3301353,
6660,2944.1406223773956,-1.3972249,
6661,2944.580668449402,-1.5585233,
6662,2945.0206711292267,-2.7834945,
6663,2945.4605588912964,-1.2246982,
6664,2945.900520801544,-3.0548387,
6665,2946.3409221172333,-1.569624,
6666,2946.7806622982025,-1.4424518,
6667,2947.2206571102142,-2.1446424,
6668,2947.6603469848633,-2.5570898,
6669,2948.0999994277954,-2.4020083,
6670,2948.539721727371,-1.9962718,
6671,2948.979214668274,-1.36105,
6672,2949.419164419174,-1.6643437,
6673,2949.8590643405914,-3.1885405,
6674,2950.298757314682,-1.6417472,
6675,2950.739099264145,-2.3737447,
6676,2951.1786625385284,-1.6861567,
6677,2951.61856174469,-2.9500074,
6678,2952.058124780655,-1.2176107,
6679,2952.4980771541595,-2.3346672,
6680,2952.937798500061,-2.1508303,
6681,2953.3778676986694,-0.79329026,
6682,2953.817501306534,-1.9757888,
6683,2954.2573573589325,-2.4463263,
6684,2954.6974143981934,-1.1882344,
6685,2955.1375074386597,-2.307955,
6686,2955.5775425434113,-2.2985663,
6687,2956.0175561904907,-2.3470492,
6688,2956.457482814789,-1.6908059,
6689,2956.897300720215,-2.7130094,
6690,2957.3373835086823,-0.3335102,
6691,2957.777262687683,-0.86309946,
6692,2958.2169575691223,-1.7171673,
6693,2958.6563107967377,-1.7986995,
6694,2959.0961108207703,-1.4230295,
6695,2959.5359523296356,-1.5929728,
6696,2959.975840330124,-1.0919353,
6697,2960.4159348011017,-2.1258464,
6698,2960.855940580368,-0.84145117,
6699,2961.295746564865,-2.1681833,
6700,2961.9403898715973,-1.903388,
6701,2962.3803601264954,-2.2698717,
6702,2962.8201847076416,-1.8165022,
6703,2963.260249376297,-2.311706,
6704,2963.7001276016235,-1.7362221,
6705,2964.139883995056,-1.8135977,
6706,2964.5799040794373,-1.2288991,
6707,2965.0197460651398,-1.9030949,
6708,2965.4595913887024,-3.0197742,
6709,2965.899270296097,-2.507637,
6710,2966.3390436172485,-2.5814023,
6711,2966.7788696289062,-1.9312131,
6712,2967.2185351848602,-1.546989,
6713,2967.6589653491974,-1.1291367,
6714,2968.0991716384888,-1.146673,
6715,2968.5390315055847,-1.9559903,
6716,2968.978574514389,-1.798439,
6717,2969.4184374809265,-2.1389577,
6718,2969.8584356307983,-2.4565022,
6719,2970.2982437610626,-2.3100743,
6720,2970.738118648529,-2.5442398,
6721,2971.17791557312,-2.5062664,
6722,2971.6175479888916,-2.3723388,
6723,2972.057314634323,-1.5803268,
6724,2972.497057199478,-2.58452,
6725,2972.9369411468506,-1.5588831,
6726,2973.3766877651215,-3.2476115,
6727,2973.8169515132904,-2.00049,
6728,2974.2567477226257,-1.1976478,
6729,2974.696420431137,-2.1753292,
6730,2975.136375427246,-1.7402465,
6731,2975.5761699676514,-2.0879867,
6732,2976.0161628723145,-1.8133246,
6733,2976.455882549286,-0.928989,
6734,2976.8960835933685,-1.4241271,
6735,2977.3360047340393,-1.5246599,
6736,2977.7760288715363,-2.4932518,
6737,2978.2159152030945,-3.1824071,
6738,2978.655919075012,-1.256118,
6739,2979.095960378647,-1.3074722,
6740,2979.5354018211365,-2.1363204,
6741,2979.9748315811157,-1.5662534,
6742,2980.414622783661,-1.3867992,
6743,2980.854440689087,-1.0559793,
6744,2981.2942473888397,-1.8053964,
6745,2981.7341356277466,-2.294074,
6746,2982.1737723350525,-2.4243991,
6747,2982.6133642196655,-1.5302589,
6748,2983.0530998706818,-2.2264948,
6749,2983.493001937866,-1.7531302,
6750,2983.9323818683624,-1.6102903,
6751,2984.3718469142914,-1.945328,
6752,2984.4718930721283,-0.86227626,
6753,2985.7210907936096,-1.5476714,
6754,2986.1601338386536,-2.2815883,
6755,2986.599699497223,-1.703048,
6756,2987.039175748825,-1.5293086,
6757,2987.4787809848785,-2.1979818,
6758,2987.9180846214294,-2.2238865,
6759,2988.3580906391144,-1.867969,
6760,2988.7975282669067,-1.7090372,
6761,2989.237637758255,-1.702945,
6762,2989.6778507232666,-2.310514,
6763,2990.117982149124,-2.2574015,
6764,2990.5579047203064,-1.384412,
6765,2990.9977357387543,-1.3116717,
6766,2991.4374055862427,-2.1692693,
6767,2991.877190589905,-1.7575272,
6768,2992.317135334015,-1.9979075,
6769,2992.7569539546967,-1.7425708,
6770,2993.1969289779663,-2.0838375,
6771,2993.6366963386536,-0.5949406,
6772,2994.07630944252,-1.0815896,
6773,2994.5160274505615,-3.7889576,
6774,2994.9560482501984,-2.180382,
6775,2995.3958361148834,-2.6876767,
6776,2995.8357393741608,-2.5144892,
6777,2996.2755851745605,-0.9247143,
6778,2996.715663909912,-2.3763018,
6779,2997.1555557250977,-1.81841,
6780,2997.5953068733215,-1.1675088,
6781,2998.0353729724884,-1.4093055,
6782,2998.4750928878784,-1.0826328,
6783,2998.915050983429,-1.2513337,
6784,2999.3550000190735,-1.1997962,
6785,2999.7949907779694,-1.0155443,
6786,3000.235288619995,-1.078613,
6787,3000.675787448883,-0.89670765,
6788,3001.1155984401703,-1.6593554,
6789,3001.5553226470947,-2.1014712,
6790,3001.995185613632,-1.2719865,
6791,3002.434880256653,-1.6582198,
6792,3002.8747701644897,-3.139273,
6793,3003.3143355846405,-2.3743696,
6794,3003.75404548645,-1.2737331,
6795,3004.1939804553986,-2.7571323,
6796,3004.63356256485,-1.8576274,
6797,3005.0729582309723,-1.5115329,
6798,3005.5127367973328,-1.796447,
6799,3005.9524462223053,-2.3132386,
6800,3006.6081886291504,-0.4519723,
6801,3007.0480542182922,-2.1631837,
6802,3007.487908601761,-1.5196468,
6803,3007.9278886318207,-1.6521955,
6804,3008.3677909374237,-1.586239,
6805,3008.8072624206543,-1.6916606,
6806,3009.2469103336334,-1.8016357,
6807,3009.6865034103394,-2.306668,
6808,3010.125960111618,-1.4795053,
6809,3010.5655291080475,-1.3856585,
6810,3011.005645275116,-2.564757,
6811,3011.445634126663,-3.1795554,
6812,3011.884873867035,-1.865068,
6813,3012.324405193329,-1.5679557,
6814,3012.7639524936676,-0.9837961,
6815,3013.203672885895,-2.0029263,
6816,3013.6435899734497,-2.0782676,
6817,3014.0833876132965,-1.006308,
6818,3014.522981405258,-1.8042948,
6819,3014.962328195572,-0.94849753,
6820,3015.4019446372986,-1.7496578,
6821,3015.841548204422,-2.872322,
6822,3016.2812356948853,-2.1354513,
6823,3016.721046924591,-1.4723421,
6824,3017.160843372345,-1.9571748,
6825,3017.6003568172455,-1.9062301,
6826,3018.0402431488037,-2.0470085,
6827,3018.4799270629883,-0.9989427,
6828,3018.9197449684143,-1.127475,
6829,3019.359701395035,-2.1713028,
6830,3019.799378156662,-0.95772135,
6831,3020.239599466324,-1.5969121,
6832,3020.679591178894,-0.8905464,
6833,3021.1194586753845,-1.5127416,
6834,3021.559616088867,-1.0663735,
6835,3022.000233411789,-2.3055701,
6836,3022.4403965473175,-1.9517355,
6837,3022.8802745342255,-0.91893804,
6838,3023.3199758529663,-1.469018,
6839,3023.75985455513,-1.7288278,
6840,3024.199357509613,-2.1485057,
6841,3024.6392302513123,-0.9827485,
6842,3025.0793449878693,-1.4513235,
6843,3025.5192487239838,-2.7784758,
6844,3025.9592876434326,-3.150177,
6845,3026.39932179451,-2.0033002,
6846,3026.8392593860626,-1.2473576,
6847,3027.2793254852295,-2.1585531,
6848,3027.719048500061,-1.3778936,
6849,3028.1591279506683,-2.640132,
6850,3028.5990042686462,-3.0704803,
6851,3029.03862285614,-2.2329688,
6852,3029.478317260742,-1.3205972,
6853,3029.9180557727814,-1.1767582,
6854,3030.357809305191,-2.7788372,
6855,3030.797444343567,-1.7186584,
6856,3031.2373521327972,-1.4218469,
6857,3031.6772916316986,-1.8542522,
6858,3032.1172993183136,-1.2465863,
6859,3032.5575301647186,-0.8546102,
6860,3032.9977395534515,-0.62084913,
6861,3033.437284708023,-1.7041205,
6862,3033.8769297599792,-2.3912053,
6863,3034.3165004253387,-3.1297,
6864,3034.7565627098083,-3.3119087,
6865,3035.1966416835785,-1.6295283,
6866,3035.6364114284515,-1.375207,
6867,3036.075996398926,-1.8529809,
6868,3036.51576089859,-1.5371377,
6869,3036.954944372177,-2.9990356,
6870,3037.3949825763702,-1.9967841,
6871,3037.8348455429077,-2.2661932,
6872,3038.2745485305786,-1.6641124,
6873,3038.7144062519073,-1.198786,
6874,3039.154013633728,-1.3766234,
6875,3039.593749523163,-2.4736423,
6876,3040.033385038376,-1.1354699,
6877,3040.4730186462402,-1.7609771,
6878,3040.9126603603363,-2.4412472,
6879,3041.3525183200836,-1.4509687,
6880,3041.7925219535828,-2.3533382,
6881,3042.232257127762,-2.0213466,
6882,3042.6721465587616,-2.2501485,
6883,3043.1123118400574,-0.9560401,
6884,3043.5529992580414,-1.1625541,
6885,3043.9935417175293,-1.9272952,
6886,3044.4337038993835,-2.3311794,
6887,3044.8733348846436,-2.3657682,
6888,3045.3130435943604,-2.8255332,
6889,3045.7525153160095,-1.4157416,
6890,3046.19247508049,-1.2553005,
6891,3046.6321663856506,-1.0961349,
6892,3047.0719451904297,-2.196463,
6893,3047.511559486389,-2.2918937,
6894,3047.9512827396393,-2.2362654,
6895,3048.3910024166107,-2.693707,
6896,3048.8311824798584,-1.146228,
6897,3049.2710251808167,-1.4825789,
6898,3049.711094379425,-1.1281264,
6899,3050.1509606838226,-1.224452,
6900,3050.7952089309692,-1.307551,
6901,3051.234898328781,-1.7449801,
6902,3051.674724340439,-2.2085109,
6903,3052.114602327347,-0.91796196,
6904,3052.5543978214264,-1.7758813,
6905,3052.9943470954895,-1.3205818,
6906,3053.4341883659363,-2.114707,
6907,3053.8745069503784,-2.458388,
6908,3054.3152074813843,-1.8336,
6909,3054.7555203437805,-1.0885432,
6910,3055.1956629753113,-2.1250541,
6911,3055.6353697776794,-2.2290592,
6912,3056.0757167339325,-2.4149947,
6913,3056.5158495903015,-3.8654585,
6914,3056.9561500549316,-2.2307396,
6915,3057.3958547115326,-1.1439635,
6916,3057.8358001708984,-1.7939882,
6917,3058.2758667469025,-2.8734975,
6918,3058.716127872467,-2.1556473,
6919,3059.1559648513794,-1.2130165,
6920,3059.5963950157166,-1.812216,
6921,3060.036274433136,-1.8051816,
6922,3060.476301908493,-0.92509574,
6923,3060.9163148403168,-2.010444,
6924,3061.3565900325775,-1.4920084,
6925,3061.797115087509,-3.2493172,
6926,3062.2374408245087,-1.0830939,
6927,3062.6778848171234,-1.5140638,
6928,3063.118264436722,-1.4384291,
6929,3063.5588989257812,-2.8969371,
6930,3064.0000619888306,-1.0246242,
6931,3064.4404582977295,-2.386869,
6932,3064.8811535835266,-1.7113577,
6933,3065.3218750953674,-2.4123251,
6934,3065.76167845726,-1.7142774,
6935,3066.2014906406403,-1.2121696,
6936,3066.6412501335144,-2.2677357,
6937,3067.0810055732727,-2.153104,
6938,3067.5207884311676,-1.3153626,
6939,3067.960781097412,-1.1112728,
6940,3068.4005465507507,-1.8990798,
6941,3068.840213060379,-1.1967509,
6942,3069.2799565792084,-1.7670213,
6943,3069.7198927402496,-2.0688696,
6944,3070.159668445587,-1.217326,
6945,3070.5993564128876,-1.2391846,
6946,3071.039391040802,-1.981985,
6947,3071.479273080826,-2.1547837,
6948,3071.919223546982,-2.1603196,
6949,3072.3589639663696,-2.186131,
6950,3072.7987711429596,-2.1384025,
6951,3073.2385811805725,-2.3873549,
6952,3073.678832769394,-1.8944004,
6953,3074.1188089847565,-2.7505322,
6954,3074.558781147003,-1.0878153,
6955,3074.998620033264,-0.8556324,
6956,3075.4389176368713,-1.1473013,
6957,3075.8792157173157,-1.9970853,
6958,3076.3193011283875,-2.2877204,
6959,3076.75878405571,-1.2873316,
6960,3077.198712825775,-1.939198,
6961,3077.6386408805847,-2.3547158,
6962,3078.0787031650543,-1.2465376,
6963,3078.178896665573,-0.10979744,
6964,3079.284765481949,-2.5071516,
6965,3079.723953962326,-0.96031785,
6966,3080.1634380817413,-2.1563616,
6967,3080.603003501892,-0.8983255,
6968,3081.0426473617554,-3.9575129,
6969,3081.482749938965,-1.8855964,
6970,3081.922475337982,-2.3943143,
6971,3082.362561941147,-1.9058944,
6972,3082.802098274231,-2.3922806,
6973,3083.2419197559357,-1.3768628,
6974,3083.6819529533386,-0.72831744,
6975,3084.122038125992,-1.6044796,
6976,3084.561969280243,-1.4629866,
6977,3085.0020627975464,-1.8468344,
6978,3085.44176363945,-1.6484892,
6979,3085.881671190262,-1.4016337,
6980,3086.321865797043,-0.9928802,
6981,3086.761984348297,-2.0552082,
6982,3087.2017912864685,-1.0597181,
6983,3087.641259908676,-1.9531838,
6984,3088.0808362960815,-1.9474072,
6985,3088.5210003852844,-1.7703999,
6986,3088.960329055786,-0.6508168,
6987,3089.3999676704407,-2.2809029,
6988,3089.8398098945618,-1.596215,
6989,3090.2799005508423,-1.6907357,
6990,3090.719933986664,-0.9605546,
6991,3091.159673690796,-2.3640268,
6992,3091.599380016327,-1.4925689,
6993,3092.0391919612885,-1.3535236,
6994,3092.4787118434906,-3.348277,
6995,3092.9183168411255,-0.9998969,
6996,3093.3578639030457,-1.880116,
6997,3093.797623157501,-1.9582253,
6998,3094.2374000549316,-2.2935324,
6999,3094.6775057315826,-2.0330977,
7000,3095.332405567169,-1.3249981,
7001,3095.77237701416,-2.2118113,
7002,3096.212031841278,-0.95401675,
7003,3096.6518206596375,-1.5087798,
7004,3097.092198371887,-2.1134768,
7005,3097.532555580139,-1.5993814,
7006,3097.9725193977356,-2.4271247,
7007,3098.4122273921967,-0.7758242,
7008,3098.8520228862762,-2.4734774,
7009,3099.2918689250946,-0.34249946,
7010,3099.7316966056824,-3.418676,
7011,3100.1715972423553,-1.5241859,
7012,3100.6112565994263,-1.4680485,
7013,3101.0510556697845,-1.9038962,
7014,3101.4909245967865,-2.1806567,
7015,3101.9305217266083,-1.6690418,
7016,3102.370123386383,-1.0548987,
7017,3102.809838294983,-3.1308165,
7018,3103.2496407032013,-1.5580604,
7019,3103.689533472061,-0.88072276,
7020,3104.129116296768,-1.5526402,
7021,3104.569234609604,-1.2010772,
7022,3105.0091531276703,-1.5824453,
7023,3105.4491515159607,-1.7124629,
7024,3105.888783454895,-1.2676898,
7025,3106.3288929462433,-1.473088,
7026,3106.7689015865326,-0.9651289,
7027,3107.2087392807007,-3.091992,
7028,3107.6487119197845,-1.6268744,
7029,3108.0891206264496,-1.2012699,
7030,3108.5298969745636,-1.8263534,
7031,3108.9696066379547,-1.1417594,
7032,3109.409645318985,-1.4108853,
7033,3109.8496816158295,-2.1827705,
7034,3110.2897181510925,-1.8273771,
7035,3110.7296969890594,-1.5701358,
7036,3111.1695177555084,-1.9705007,
7037,3111.609673023224,-2.775174,
7038,3112.0495376586914,-2.163039,
7039,3112.489699602127,-1.7144569,
7040,3112.9296634197235,-1.2275873,
7041,3113.3698325157166,-1.0852768,
7042,3113.8098521232605,-0.90471524,
7043,3114.250128507614,-0.9792569,
7044,3114.690033197403,-2.152708,
7045,3115.1300008296967,-1.449609,
7046,3115.5701158046722,-1.623394,
7047,3116.0106995105743,-1.7616276,
7048,3116.4506826400757,-0.99957126,
7049,3116.8909537792206,-1.4594934,
7050,3117.3312315940857,-2.8996773,
7051,3117.7715866565704,-3.8831124,
7052,3118.2117409706116,-1.0385072,
7053,3118.6519391536713,-3.3798943,
7054,3119.0925595760345,-2.1830404,
7055,3119.5329220294952,-1.6684244,
7056,3119.973133325577,-2.2936954,
7057,3120.4132068157196,-1.860373,
7058,3120.8533141613007,-3.7536016,
7059,3121.2930216789246,-1.030555,
7060,3121.7328383922577,-1.3572046,
7061,3122.1727344989777,-2.175861,
7062,3122.61261677742,-2.0968618,
7063,3123.0528914928436,-0.5528704,
7064,3123.493068933487,-2.0962667,
7065,3123.9332373142242,-1.9933503,
7066,3124.3732557296753,-1.5493627,
7067,3124.813323020935,-1.2003605,
7068,3125.253524541855,-2.1609402,
7069,3125.693379163742,-1.1088226,
7070,3126.1332108974457,-4.9018116,
7071,3126.5730378627777,-2.3170903,
7072,3127.013271331787,-1.1278965,
7073,3127.4530494213104,-1.697,
7074,3127.892849445343,-1.9048206,
7075,3128.3329961299896,-1.3089701,
7076,3128.7727603912354,-1.4125404,
7077,3129.2126252651215,-2.325264,
7078,3129.6530380249023,-1.9859352,
7079,3130.0939724445343,-0.9219263,
7080,3130.5338757038116,-1.5573364,
7081,3130.973839044571,-1.7957083,
7082,3131.413766145706,-3.1822762,
7083,3131.8538954257965,-1.2018073,
7084,3132.2941150665283,-2.0761676,
7085,3132.7343752384186,-1.1343848,
7086,3133.1744980812073,-1.4369029,
7087,3133.6145117282867,-2.307726,
7088,3134.0542981624603,-1.4831597,
7089,3134.4941353797913,-1.5333192,
7090,3134.934229850769,-2.1325722,
7091,3135.374478816986,-2.0939174,
7092,3135.8146226406097,-1.3043839,
7093,3136.2547051906586,-2.2520437,
7094,3136.6946260929108,-0.8082969,
7095,3137.134648323059,-1.7269155,
7096,3137.5746455192566,-1.4040723,
7097,3138.014650821686,-0.8901103,
7098,3138.4547894001007,-2.7302742,
7099,3138.8949596881866,-2.389548,
7100,3139.540693998337,-2.1562653,
7101,3139.9805302619934,-0.52406466,
7102,3140.420572042465,-3.7275362,
7103,3140.860738992691,-2.070603,
7104,3141.3005406856537,-1.5827065,
7105,3141.7403490543365,-1.0614705,
7106,3142.1802933216095,-2.3006911,
7107,3142.6204493045807,-1.5312489,
7108,3143.060717821121,-2.1900527,
7109,3143.5009908676147,-1.125406,
7110,3143.9411973953247,-3.1571538,
7111,3144.381518125534,-3.0863829,
7112,3144.8215260505676,-2.8793962,
7113,3145.261457681656,-1.8052905,
7114,3145.701462984085,-1.4105787,
7115,3146.1417405605316,-1.6146749,
7116,3146.5817971229553,-1.0266508,
7117,3147.0217139720917,-1.5820178,
7118,3147.4619228839874,-1.7827396,
7119,3147.902024745941,-1.9608394,
7120,3148.3415174484253,-2.613146,
7121,3148.7815012931824,-1.6130642,
7122,3149.2212629318237,-1.2818614,
7123,3149.6614995002747,-1.8632667,
7124,3150.101369380951,-2.4976301,
7125,3150.54123878479,-2.648676,
7126,3150.981091737747,-1.1997404,
7127,3151.4212725162506,-1.7875261,
7128,3151.8614761829376,-1.881099,
7129,3152.3016653060913,-1.4218653,
7130,3152.7420790195465,-0.79965025,
7131,3153.1824872493744,-1.1462543,
7132,3153.6229338645935,-4.1847157,
7133,3154.0633080005646,-2.470508,
7134,3154.5037252902985,-1.6939566,
7135,3154.9440824985504,-1.0327561,
7136,3155.3838608264923,-1.308872,
7137,3155.8240644931793,-2.2545977,
7138,3156.2639956474304,-1.0919418,
7139,3156.703919649124,-1.4785929,
7140,3157.143888235092,-2.4679997,
7141,3157.583494901657,-1.0194322,
7142,3158.023549079895,-0.5499428,
7143,3158.4637882709503,-1.4938853,
7144,3158.903824329376,-1.1558888,
7145,3159.3442618846893,-1.6622547,
7146,3159.784376859665,-1.0309757,
7147,3160.2246074676514,-1.4261711,
7148,3160.6650681495667,-1.3759577,
7149,3161.1054418087006,-2.319397,
7150,3161.5455226898193,-1.8649466,
7151,3161.986107826233,-1.0663135,
7152,3162.4265744686127,-2.354545,
7153,3162.8667044639587,-1.5015911,
7154,3163.307081222534,-1.4185305,
7155,3163.7470874786377,-1.0395265,
7156,3164.186630010605,-0.8759116,
7157,3164.626488685608,-1.200192,
7158,3165.0665798187256,-2.7405858,
7159,3165.5063700675964,-2.1168587,
7160,3165.945939064026,-1.5306275,
7161,3166.3853890895844,-3.3690486,
7162,3166.825258255005,-1.4105402,
7163,3167.2653982639313,-1.1461697,
7164,3167.7057082653046,-1.9308686,
7165,3168.1457233428955,-2.4303582,
7166,3168.5858228206635,-1.481302,
7167,3169.025730609894,-1.7662647,
7168,3169.465460062027,-2.0548873,
7169,3169.9049220085144,-2.0424666,
7170,3170.344585418701,-2.0349288,
7171,3170.784232854843,-1.1567779,
7172,3171.2241730690002,-1.3035384,
7173,3171.663816213608,-2.3871236,
7174,3171.763598203659,-1.5696307,
7175,3172.834899663925,-2.1951911,
7176,3173.274761915207,-1.1719213,
7177,3173.7139580249786,-1.5669649,
7178,3174.153640985489,-1.0348763,
7179,3174.5930190086365,-3.3568144,
7180,3175.0325968265533,-1.9443936,
7181,3175.472230195999,-1.3847736,
7182,3175.9122276306152,-2.054233,
7183,3176.352065563202,-1.6225624,
7184,3176.791977405548,-2.2314482,
7185,3177.2319288253784,-0.690952,
7186,3177.671978712082,-1.4625823,
7187,3178.111876964569,-1.1735022,
7188,3178.5516283512115,-2.0681958,
7189,3178.991231918335,-1.523391,
7190,3179.431206703186,-1.4859587,
7191,3179.870792388916,-1.1640074,
7192,3180.310291528702,-2.1248336,
7193,3180.7501015663147,-1.1712108,
7194,3181.190297603607,-2.6593933,
7195,3181.629671573639,-2.6054745,
7196,3182.069400548935,-1.3479015,
7197,3182.5090548992157,-2.1035233,
7198,3182.949095249176,-2.1815987,
7199,3183.3891870975494,-1.568047,
7200,3184.044875383377,-1.2495712,
7201,3184.484287261963,-2.497463,
7202,3184.923678636551,-2.0167952,
7203,3185.3633234500885,-3.8035078,
7204,3185.8030116558075,-1.4120957,
7205,3186.2429230213165,-1.5435472,
7206,3186.684102296829,-2.6874468,
7207,3187.12442111969,-2.0490613,
7208,3187.563893556595,-1.285728,
7209,3188.0036475658417,-1.9808115,
7210,3188.443141937256,-2.1007335,
7211,3188.8827645778656,-0.94689226,
7212,3189.3226697444916,-2.7497432,
7213,3189.762199163437,-1.501686,
7214,3190.201910495758,-0.96942556,
7215,3190.6418788433075,-1.6164287,
7216,3191.0818622112274,-2.3277264,
7217,3191.5216732025146,-1.7833191,
7218,3191.9615659713745,-2.0581894,
7219,3192.401696920395,-1.6180518,
7220,3192.841471195221,-2.772029,
7221,3193.2812445163727,-1.8564795,
7222,3193.7211453914642,-0.90900517,
7223,3194.1612310409546,-1.764169,
7224,3194.6017236709595,-2.1463532,
7225,3195.041880130768,-1.0270855,
7226,3195.4817690849304,-1.0916522,
7227,3195.921459913254,-1.7088388,
7228,3196.361320257187,-0.9225381,
7229,3196.8011360168457,-2.521291,
7230,3197.24094247818,-1.4900624,
7231,3197.680891752243,-0.9291442,
7232,3198.1209630966187,-1.5948024,
7233,3198.5613112449646,-1.9513235,
7234,3199.001779317856,-2.2213976,
7235,3199.442924976349,-0.82513094,
7236,3199.883867263794,-1.7658601,
7237,3200.3250069618225,-2.000179,
7238,3200.765844106674,-1.7962734,
7239,3201.2063813209534,-1.4540434,
7240,3201.6470880508423,-3.0110712,
7241,3202.0879254341125,-1.5981513,
7242,3202.5285184383392,-1.8483412,
7243,3202.9691247940063,-2.7808828,
7244,3203.4099566936493,-1.7115629,
7245,3203.850729942322,-1.8196526,
7246,3204.291419029236,-1.1779841,
7247,3204.732029914856,-1.7415324,
7248,3205.1732041835785,-1.6640332,
7249,3205.614072561264,-2.5748916,
7250,3206.054624557495,-1.7523816,
7251,3206.495486497879,-2.518697,
7252,3206.935998439789,-1.1491622,
7253,3207.3764374256134,-1.7807155,
7254,3207.816597223282,-1.883226,
7255,3208.2568006515503,-2.2014184,
7256,3208.6969249248505,-1.4310188,
7257,3209.1373484134674,-0.62717533,
7258,3209.577944278717,-2.1021419,
7259,3210.018287420273,-1.9152151,
7260,3210.45858502388,-1.8523695,
7261,3210.8990354537964,-0.9549368,
7262,3211.339427947998,-2.3091547,
7263,3211.7801308631897,-1.8523254,
7264,3212.2205381393433,-1.6667532,
7265,3212.6608657836914,-1.8783225,
7266,3213.1012527942657,-2.2044475,
7267,3213.541531085968,-1.5830488,
7268,3213.981981277466,-2.5773137,
7269,3214.4223759174347,-1.7109613,
7270,3214.8626363277435,-2.1522956,
7271,3215.3030524253845,-3.194637,
7272,3215.743890762329,-1.9277041,
7273,3216.1848402023315,-2.9427428,
7274,3216.6254410743713,-1.8329897,
7275,3217.0662240982056,-3.4543555,
7276,3217.506423473358,-1.7171874,
7277,3217.9470920562744,-1.641847,
7278,3218.3873374462128,-1.2303494,
7279,3218.8276023864746,-1.4979615,
7280,3219.267657518387,-4.203731,
7281,3219.707770586014,-1.2804264,
7282,3220.148146867752,-1.2251949,
7283,3220.5885446071625,-0.81444913,
7284,3221.028480529785,-1.3883562,
7285,3221.468471765518,-1.1947188,
7286,3221.908366203308,-2.7097907,
7287,3222.348607778549,-1.4169229,
7288,3222.7884979248047,-2.5080717,
7289,3223.2285068035126,-2.5236084,
7290,3223.6686747074127,-1.8932225,
7291,3224.1083755493164,-0.6117519,
7292,3224.5486743450165,-2.309713,
7293,3224.989045858383,-1.3518986,
7294,3225.429382801056,-1.4435129,
7295,3225.8698642253876,-1.3902224,
7296,3226.3105914592743,-1.123459,
7297,3226.751766204834,-2.9355533,
7298,3227.1923978328705,-1.5431552,
7299,3227.6326990127563,-1.4966251,
7300,3228.277307510376,-1.2544693,
7301,3228.717341899872,-2.2596242,
7302,3229.157324552536,-2.6801147,
7303,3229.5976271629333,-1.9993448,
7304,3230.0379354953766,-2.2227216,
7305,3230.4781041145325,-1.6496758,
7306,3230.9184806346893,-1.8588991,
7307,3231.358632326126,-1.0917225,
7308,3231.7990641593933,-2.2824616,
7309,3232.239194869995,-2.6552324,
7310,3232.6794517040253,-2.302596,
7311,3233.1197102069855,-2.553507,
7312,3233.5598018169403,-2.2673965,
7313,3233.9998235702515,-1.6029739,
7314,3234.4402697086334,-1.1609194,
7315,3234.880711555481,-2.2291234,
7316,3235.321299791336,-1.0863552,
7317,3235.7617151737213,-1.947079,
7318,3236.201979637146,-2.12048,
7319,3236.6423201560974,-1.459637,
7320,3237.082743167877,-2.3046918,
7321,3237.5237374305725,-3.1082175,
7322,3237.964864730835,-0.8436004,
7323,3238.405300140381,-1.2486802,
7324,3238.8463616371155,-3.072442,
7325,3239.286971092224,-2.0427513,
7326,3239.727612018585,-1.0799285,
7327,3240.1679379940033,-1.4524021,
7328,3240.6083018779755,-1.861815,
7329,3241.04873585701,-1.0615938,
7330,3241.4888966083527,-1.0443555,
7331,3241.929083585739,-1.7336122,
7332,3242.369841814041,-1.4394681,
7333,3242.810238599777,-2.3426042,
7334,3243.250470638275,-1.5100259,
7335,3243.6908559799194,-1.8903917,
7336,3244.131264448166,-1.3126669,
7337,3244.5718145370483,-1.1562797,
7338,3245.012587070465,-3.2233822,
7339,3245.452796936035,-1.0644078,
7340,3245.8930361270905,-1.2505326,
7341,3246.333489894867,-1.1589091,
7342,3246.7738251686096,-2.1291103,
7343,3247.2144980430603,-2.0859451,
7344,3247.654787540436,-3.2444115,
7345,3248.0957050323486,-2.5716138,
7346,3248.536851167679,-2.0338008,
7347,3248.97731089592,-1.6288584,
7348,3249.4175238609314,-1.077942,
7349,3249.8578023910522,-1.1805452,
7350,3250.298101902008,-0.7067358,
7351,3250.738489627838,-2.4910154,
7352,3251.1789321899414,-1.7008033,
7353,3251.6191461086273,-2.6550953,
7354,3252.0594577789307,-1.5991029,
7355,3252.499973297119,-2.8076422,
7356,3252.9404888153076,-0.7961522,
7357,3253.3810908794403,-1.7843385,
7358,3253.821521997452,-1.5787919,
7359,3254.2619802951813,-2.1951926,
7360,3254.70245885849,-1.7052525,
7361,3255.1428186893463,-2.7817187,
7362,3255.583084344864,-1.6650048,
7363,3256.0230717658997,-1.0233455,
7364,3256.46288561821,-1.0306673,
7365,3256.9032044410706,-1.905704,
7366,3257.343561410904,-1.3786981,
7367,3257.783797979355,-2.265708,
7368,3258.2241444587708,-1.8333828,
7369,3258.664835691452,-2.4873152,
7370,3259.1056559085846,-1.6748497,
7371,3259.546552181244,-1.2939445,
7372,3259.9871187210083,-2.1460242,
7373,3260.4274480342865,-2.2830164,
7374,3260.8679418563843,-2.1651075,
7375,3261.308431148529,-1.2343628,
7376,3261.748466014862,-0.9719698,
7377,3262.1886546611786,-1.4924414,
7378,3262.629367828369,-1.3326914,
7379,3263.0696494579315,-2.3269556,
7380,3263.510139942169,-1.9264463,
7381,3263.950215816498,-1.6467845,
7382,3264.3902728557587,-1.0692358,
7383,3264.830715417862,-1.7801646,
7384,3265.2712655067444,-1.9004903,
7385,3265.3715500831604,-1.9302909,
7386,3266.5443675518036,-1.1519765,
7387,3266.984006166458,-1.7329948,
7388,3267.4236602783203,-2.5463314,
7389,3267.86346244812,-1.5556546,
7390,3268.303257226944,-2.3750498,
7391,3268.7430696487427,-2.040111,
7392,3269.1832027435303,-2.1426969,
7393,3269.6235072612762,-0.5505731,
7394,3270.0639622211456,-2.5036426,
7395,3270.5038154125214,-1.1360564,
7396,3270.9433398246765,-3.1855648,
7397,3271.3832058906555,-2.0034387,
7398,3271.8228545188904,-1.4870446,
7399,3272.263247489929,-2.003182,
7400,3272.917615175247,-2.629663,
7401,3273.3571622371674,-1.1489502,
7402,3273.7968561649323,-1.0162108,
7403,3274.236556529999,-2.4246576,
7404,3274.6763656139374,-2.758379,
7405,3275.116333961487,-1.4816248,
7406,3275.5561380386353,-0.9771356,
7407,3275.9957015514374,-0.63308555,
7408,3276.435558080673,-1.0897416,
7409,3276.875510931015,-1.4512976,
7410,3277.3155970573425,-2.3454175,
7411,3277.755530357361,-1.5011524,
7412,3278.19531917572,-0.9422164,
7413,3278.63525056839,-3.253535,
7414,3279.0747351646423,-1.9050896,
7415,3279.514867067337,-2.301974,
7416,3279.9547197818756,-2.0390093,
7417,3280.3948726654053,-1.5222815,
7418,3280.8350660800934,-1.2228495,
7419,3281.275284051895,-1.114624,
7420,3281.714989423752,-1.3937976,
7421,3282.154561519623,-1.6894753,
7422,3282.5942380428314,-1.3457544,
7423,3283.0340461730957,-1.2340235,
7424,3283.4734745025635,-0.7911209,
7425,3283.913530111313,-0.77239734,
7426,3284.3535735607147,-1.7687513,
7427,3284.793312072754,-0.8013381,
7428,3285.2332191467285,-2.2960534,
7429,3285.6730036735535,-1.3148577,
7430,3286.1130068302155,-1.8601637,
7431,3286.5527651309967,-1.7371969,
7432,3286.9925451278687,-1.6735395,
7433,3287.4325494766235,-2.5251727,
7434,3287.8720388412476,-1.6342058,
7435,3288.3119025230408,-1.8594449,
7436,3288.751710653305,-2.2065122,
7437,3289.191722869873,-1.1113153,
7438,3289.631651878357,-1.9847964,
7439,3290.0715656280518,-1.6112503,
7440,3290.511192560196,-2.441351,
7441,3290.9513218402863,-2.416957,
7442,3291.391698360443,-1.9652419,
7443,3291.8319640159607,-1.7809078,
7444,3292.2717463970184,-3.185903,
7445,3292.7114844322205,-1.0953414,
7446,3293.1512751579285,-1.8597817,
7447,3293.5910518169403,-1.7330835,
7448,3294.031002521515,-1.577384,
7449,3294.4707467556,-1.907017,
7450,3294.9103882312775,-2.7249742,
7451,3295.349910259247,-1.5037692,
7452,3295.789810180664,-1.312227,
7453,3296.2298102378845,-3.3776088,
7454,3296.6697101593018,-1.9867766,
7455,3297.1091570854187,-2.2800546,
7456,3297.549145460129,-2.7146418,
7457,3297.989179134369,-1.2619537,
7458,3298.428873538971,-2.0201302,
7459,3298.868778705597,-1.3882133,
7460,3299.308903694153,-1.1648266,
7461,3299.7489047050476,-1.8408867,
7462,3300.1889028549194,-1.2746565,
7463,3300.629425764084,-1.5999799,
7464,3301.0693974494934,-1.7361108,
7465,3301.509205341339,-2.6691847,
7466,3301.949432373047,-2.0293078,
7467,3302.3899250030518,-1.8152709,
7468,3302.8305008411407,-3.2929442,
7469,3303.2708353996277,-1.2746253,
7470,3303.7108767032623,-1.8596494,
7471,3304.1507930755615,-1.3708607,
7472,3304.591070652008,-1.5770868,
7473,3305.031263589859,-1.6588459,
7474,3305.4710018634796,-1.1043227,
7475,3305.9107348918915,-2.0354862,
7476,3306.3505144119263,-2.548359,
7477,3306.7901978492737,-2.171369,
7478,3307.230311870575,-1.1022077,
7479,3307.6707344055176,-1.9320168,
7480,3308.110831975937,-2.3376427,
7481,3308.550883293152,-1.9301183,
7482,3308.9910321235657,-2.3286726,
7483,3309.4313411712646,-1.932348,
7484,3309.8720424175262,-1.8475002,
7485,3310.312157392502,-2.2456603,
7486,3310.752025604248,-1.1126648,
7487,3311.192277431488,-2.188141,
7488,3311.6324009895325,-2.652329,
7489,3312.072402715683,-1.752005,
7490,3312.512454032898,-0.8149055,
7491,3312.9532284736633,-2.0017114,
7492,3313.3939559459686,-1.531763,
7493,3313.834803581238,-2.9995039,
7494,3314.275051832199,-3.3075247,
7495,3314.7151293754578,-2.6724696,
7496,3315.155421972275,-1.7773861,
7497,3315.5959193706512,-1.3724272,
7498,3316.036144256592,-1.7153022,
7499,3316.476395368576,-2.5992467,
7500,3317.122873067856,-2.0086555,
7501,3317.5629460811615,-2.4274921,
7502,3318.0024967193604,-2.7494879,
7503,3318.442646741867,-2.5844095,
7504,3318.882321357727,-0.7687561,
7505,3319.322466611862,-0.9358686,
7506,3319.7623183727264,-1.4242512,
7507,3320.2022366523743,-1.5759797,
7508,3320.642176628113,-2.117742,
7509,3321.081825017929,-2.8249402,
7510,3321.521590232849,-1.2652736,
7511,3321.9614717960358,-1.7677839,
7512,3322.4011821746826,-0.119852886,
7513,3322.8410506248474,-2.5607824,
7514,3323.281028985977,-2.0675051,
7515,3323.721335887909,-2.7341523,
7516,3324.161622285843,-1.1113502,
7517,3324.6016578674316,-1.4204546,
7518,3325.041182041168,-1.3258052,
7519,3325.4809420108795,-1.474431,
7520,3325.9207968711853,-2.2640169,
7521,3326.360392332077,-2.4100914,
7522,3326.7998447418213,-2.053143,
7523,3327.239459991455,-1.8954328,
7524,3327.6791944503784,-1.5992255,
7525,3328.1189506053925,-1.4765296,
7526,3328.5584790706635,-1.6195474,
7527,3328.998143672943,-1.1434779,
7528,3329.437981367111,-0.87950915,
7529,3329.877790927887,-1.480353,
7530,3330.3175826072693,-1.61266,
7531,3330.7573957443237,-2.2981493,
7532,3331.1973490715027,-2.248898,
7533,3331.636996269226,-1.9580483,
7534,3332.077018260956,-1.2739117,
7535,3332.5167241096497,-1.484143,
7536,3332.956639289856,-2.9883578,
7537,3333.396627187729,-1.953085,
7538,3333.836683988571,-2.1507204,
7539,3334.2768239974976,-2.8942966,
7540,3334.7172813415527,-0.98803896,
7541,3335.157308101654,-1.8596971,
7542,3335.5970253944397,-1.7320039,
7543,3336.036927461624,-1.663481,
7544,3336.476798772812,-2.172994,
7545,3336.9167506694794,-2.5316007,
7546,3337.356511116028,-2.815896,
7547,3337.7962539196014,-2.8520305,
7548,3338.236141681671,-0.6221331,
7549,3338.6759808063507,-1.8889799,
7550,3339.115854740143,-1.6360604,
7551,3339.5556287765503,-1.0054541,
7552,3339.9957990646362,-0.98164773,
7553,3340.4355676174164,-3.041394,
7554,3340.8755102157593,-2.3095694,
7555,3341.3154973983765,-1.9305195,
7556,3341.75546169281,-2.0305192,
7557,3342.1953032016754,-1.7796729,
7558,3342.63520693779,-1.7123893,
7559,3343.0751032829285,-1.4226801,
7560,3343.514967441559,-1.6149077,
7561,3343.955076932907,-1.6528397,
7562,3344.395071029663,-1.5452275,
7563,3344.834759950638,-2.2162678,
7564,3345.2746226787567,-1.4565135,
7565,3345.714736700058,-1.933955,
7566,3346.1546688079834,-1.238957,
7567,3346.594425678253,-2.017085,
7568,3347.034401655197,-1.730067,
7569,3347.474394798279,-1.6374041,
7570,3347.9142739772797,-1.9316573,
7571,3348.354069709778,-1.4347405,
7572,3348.7938780784607,-1.3239884,
7573,3349.2337079048157,-2.1652966,
7574,3349.6734364032745,-1.5912763,
7575,3350.1134810447693,-1.6544409,
7576,3350.5532298088074,-3.0131805,
7577,3350.992928981781,-2.0434756,
7578,3351.4327607154846,-0.9509933,
7579,3351.8726806640625,-0.9413632,
7580,3352.312481403351,-1.6163822,
7581,3352.7525470256805,-1.8893366,
7582,3353.192607164383,-1.6759374,
7583,3353.6325209140778,-1.8814731,
7584,3354.072284936905,-1.5094935,
7585,3354.5120730400085,-1.1712799,
7586,3354.9517781734467,-1.5202988,
7587,3355.391843318939,-1.4307691,
7588,3355.8315749168396,-1.1395526,
7589,3356.271905899048,-1.2710056,
7590,3356.712257385254,-2.0546646,
7591,3357.152616262436,-1.0720323,
7592,3357.5925917625427,-1.1585115,
7593,3358.0326313972473,-1.4234735,
7594,3358.4725852012634,-1.5890499,
7595,3358.91273522377,-2.1059318,
7596,3359.012900352478,-4.451477,
7597,3360.1632359027863,-1.8471056,
7598,3360.6028203964233,-1.2368953,
7599,3361.0427057743073,-1.9745607,
7600,3361.6959652900696,-0.96118456,
7601,3362.1358675956726,-2.5712962,
7602,3362.5757219791412,-2.2252634,
7603,3363.015610933304,-2.767549,
7604,3363.455780029297,-1.237824,
7605,3363.8959605693817,-1.6634073,
7606,3364.335960149765,-1.3397527,
7607,3364.7759697437286,-2.5684373,
7608,3365.215806722641,-2.688491,
7609,3365.6558294296265,-0.6001214,
7610,3366.0957810878754,-2.2786677,
7611,3366.535624265671,-1.7907782,
7612,3366.9761192798615,-1.6804165,
7613,3367.416978120804,-1.7790693,
7614,3367.856915473938,-2.5856214,
7615,3368.297057390213,-0.3713657,
7616,3368.7362987995148,-1.9507606,
7617,3369.1763265132904,-1.8860917,
7618,3369.615968942642,-0.82594496,
7619,3370.056257247925,-3.8807511,
7620,3370.49640750885,-2.296333,
7621,3370.93617272377,-1.3929851,
7622,3371.376169204712,-2.4674366,
7623,3371.8156473636627,-1.4730146,
7624,3372.2555797100067,-1.3607776,
7625,3372.695592880249,-1.678413,
7626,3373.1352636814117,-1.07166,
7627,3373.5753951072693,-2.3324544,
7628,3374.0149669647217,-0.7773305,
7629,3374.454829931259,-1.817048,
7630,3374.895366668701,-1.5686908,
7631,3375.335419178009,-2.2949286,
7632,3375.7753598690033,-1.9947864,
7633,3376.215503692627,-2.8373427,
7634,3376.6555881500244,-2.6822603,
7635,3377.0955193042755,-1.0268314,
7636,3377.535972595215,-1.6468356,
7637,3377.9767265319824,-1.293823,
7638,3378.4171719551086,-0.80020213,
7639,3378.8574640750885,-1.3637779,
7640,3379.2978188991547,-1.4586073,
7641,3379.738001346588,-2.345491,
7642,3380.1780292987823,-1.0756359,
7643,3380.6179056167603,-1.9593501,
7644,3381.057766675949,-1.756047,
7645,3381.497871398926,-2.0998154,
7646,3381.9376091957092,-1.307992,
7647,3382.3776981830597,-1.782202,
7648,3382.817514181137,-2.477655,
7649,3383.2572181224823,-2.553593,
7650,3383.6970517635345,-1.3782756,
7651,3384.1373405456543,-3.1965127,
7652,3384.5774970054626,-1.9463639,
7653,3385.0173354148865,-1.0207508,
7654,3385.4575917720795,-0.9615325,
7655,3385.897777080536,-2.0899162,
7656,3386.3378989696503,-1.4792672,
7657,3386.7781307697296,-1.394418,
7658,3387.2183108329773,-2.2357173,
7659,3387.6584231853485,-1.6448613,
7660,3388.098653316498,-3.11374,
7661,3388.539151906967,-1.5904913,
7662,3388.979725599289,-1.9988956,
7663,3389.4198303222656,-1.5476811,
7664,3389.8598506450653,-1.7157197,
7665,3390.299595117569,-1.7210561,
7666,3390.7397661209106,-1.6175838,
7667,3391.179852247238,-1.6638281,
7668,3391.61963558197,-2.2155664,
7669,3392.059737920761,-1.3357654,
7670,3392.499666929245,-2.166987,
7671,3392.9396941661835,-1.9330004,
7672,3393.3795006275177,-1.3993409,
7673,3393.8195717334747,-1.505018,
7674,3394.259684562683,-0.7869969,
7675,3394.69953250885,-0.69726634,
7676,3395.139457464218,-1.1982702,
7677,3395.5794591903687,-1.8380082,
7678,3396.0195059776306,-1.7850817,
7679,3396.459783554077,-2.3597806,
7680,3396.8999741077423,-1.8223909,
7681,3397.3398954868317,-1.6697133,
7682,3397.780117750168,-1.3964455,
7683,3398.220295190811,-1.4571311,
7684,3398.660598039627,-1.8235993,
7685,3399.1009001731873,-1.3374056,
7686,3399.541270494461,-2.042439,
7687,3399.9815187454224,-1.5585537,
7688,3400.4218661785126,-2.817899,
7689,3400.862166404724,-3.1068397,
7690,3401.302011489868,-1.9545718,
7691,3401.7419233322144,-1.194293,
7692,3402.1814131736755,-1.8223952,
7693,3402.621369123459,-2.7216277,
7694,3403.061320543289,-1.4752378,
7695,3403.5009694099426,-2.3171005,
7696,3403.9409835338593,-1.574814,
7697,3404.38086271286,-1.126722,
7698,3404.8208434581757,-1.7491264,
7699,3405.260568857193,-1.5962753,
7700,3405.904221534729,-1.0403649,
7701,3406.3445117473602,-1.3892741,
7702,3406.784630060196,-1.8511099,
7703,3407.224519968033,-1.5078349,
7704,3407.664475440979,-0.9281397,
7705,3408.104100704193,-1.210586,
7706,3408.544497489929,-2.7415078,
7707,3408.984766483307,-1.778379,
7708,3409.4248707294464,-1.3535557,
7709,3409.8653371334076,-1.8283477,
7710,3410.30579662323,-2.3912394,
7711,3410.746362924576,-1.9573591,
7712,3411.18629693985,-1.2415328,
7713,3411.62654876709,-3.9312701,
7714,3412.066661834717,-1.5954794,
7715,3412.506704568863,-1.1832548,
7716,3412.9472200870514,-1.4528188,
7717,3413.38746881485,-3.492462,
7718,3413.827873468399,-1.2662852,
7719,3414.2680423259735,-2.320835,
7720,3414.707951068878,-1.9497933,
7721,3415.1477839946747,-2.6028967,
7722,3415.587990283966,-1.0675786,
7723,3416.0283601284027,-2.9056773,
7724,3416.4689269065857,-2.2468257,
7725,3416.9091205596924,-2.124043,
7726,3417.349468946457,-1.5742593,
7727,3417.789540052414,-1.6914757,
7728,3418.229936361313,-1.6142939,
7729,3418.6699912548065,-2.2641578,
7730,3419.110047340393,-1.5442207,
7731,3419.5500190258026,-1.2708309,
7732,3419.9900710582733,-2.3979087,
7733,3420.4300153255463,-0.72901,
7734,3420.870493888855,-2.873075,
7735,3421.3110127449036,-2.1181765,
7736,3421.751292705536,-1.903339,
7737,3422.1914043426514,-1.8581771,
7738,3422.6320400238037,-2.2354321,
7739,3423.072315454483,-2.3868546,
7740,3423.5125212669373,-1.8906009,
7741,3423.952437400818,-1.424317,
7742,3424.392565011978,-1.7451781,
7743,3424.832843065262,-1.4411801,
7744,3425.272933959961,-2.213554,
7745,3425.713070631027,-2.2671838,
7746,3426.153393507004,-3.2034602,
7747,3426.5933454036713,-2.1713753,
7748,3427.0334479808807,-0.7855604,
7749,3427.473358631134,-0.7727376,
7750,3427.913469314575,-2.9124966,
7751,3428.3533346652985,-1.9644306,
7752,3428.793332338333,-1.4436646,
7753,3429.2332515716553,-2.4255838,
7754,3429.672929286957,-1.6380498,
7755,3430.1128058433533,-3.194723,
7756,3430.552775144577,-2.747241,
7757,3430.9927473068237,-1.18015,
7758,3431.4335980415344,-1.2714651,
7759,3431.87397646904,-1.5846237,
7760,3432.3146629333496,-1.207737,
7761,3432.7552127838135,-1.2538776,
7762,3433.195608139038,-1.7067456,
7763,3433.635568380356,-1.8911638,
7764,3434.0762095451355,-2.4790337,
7765,3434.5170946121216,-3.0311055,
7766,3434.957995414734,-0.774662,
7767,3435.3981478214264,-1.4560218,
7768,3435.8384091854095,-1.0289923,
7769,3436.2786808013916,-1.8638437,
7770,3436.718645334244,-1.8510888,
7771,3437.158528327942,-1.0396671,
7772,3437.5985038280487,-2.5496507,
7773,3438.038479566574,-2.4564576,
7774,3438.4788131713867,-2.603355,
7775,3438.9190101623535,-0.8740928,
7776,3439.359073162079,-2.6528401,
7777,3439.7990248203278,-1.7917099,
7778,3440.238862991333,-1.6873126,
7779,3440.679058790207,-1.5552955,
7780,3441.11918926239,-1.4585173,
7781,3441.5592415332794,-2.565916,
7782,3441.999368429184,-2.3722622,
7783,3442.4399530887604,-1.2866775,
7784,3442.880905151367,-1.6037503,
7785,3443.3217425346375,-2.4203315,
7786,3443.7618782520294,-2.2511647,
7787,3444.201937198639,-1.867006,
7788,3444.641722202301,-1.4189796,
7789,3445.08158159256,-2.4045055,
7790,3445.521543741226,-1.6235974,
7791,3445.961325645447,-1.3044527,
7792,3446.4013001918793,-2.7150755,
7793,3446.841382741928,-2.497211,
7794,3447.2815186977386,-2.2081103,
7795,3447.7216279506683,-1.3371501,
7796,3448.161660671234,-1.3158169,
7797,3448.6016380786896,-1.264297,
7798,3449.0417206287384,-1.8615278,
7799,3449.4813256263733,-1.7386146,
7800,3450.124465227127,-1.781914,
7801,3450.5642795562744,-1.1136463,
7802,3451.0041999816895,-3.4403477,
7803,3451.444655418396,-2.1650927,
7804,3451.8848946094513,-1.0619966,
7805,3452.324469566345,-1.0990604,
7806,3452.7643661499023,-2.2438817,
7807,3452.8645646572113,-0.21265443,
7808,3454.056827545166,-1.6932975,
7809,3454.496888399124,-1.8522847,
7810,3454.937004804611,-2.8079886,
7811,3455.376993894577,-0.70704573,
7812,3455.8169610500336,-2.7697024,
7813,3456.2572152614594,-1.8129364,
7814,3456.6971464157104,-1.7992415,
7815,3457.137280225754,-1.8769255,
7816,3457.5775089263916,-1.2993134,
7817,3458.0173518657684,-1.439937,
7818,3458.4571602344513,-1.1807767,
7819,3458.897129535675,-1.5920904,
7820,3459.336890935898,-2.6402245,
7821,3459.776799917221,-1.1041543,
7822,3460.2166669368744,-1.1171647,
7823,3460.656503677368,-1.8168645,
7824,3461.096551656723,-2.5640967,
7825,3461.536521434784,-1.5647982,
7826,3461.9763312339783,-3.332318,
7827,3462.4160912036896,-1.214459,
7828,3462.856280565262,-1.0521094,
7829,3463.296068906784,-1.8283356,
7830,3463.736173391342,-2.2838695,
7831,3464.1763532161713,-2.3709645,
7832,3464.616678953171,-3.3060188,
7833,3465.0564393997192,-1.4088184,
7834,3465.496201992035,-1.0938338,
7835,3465.9361102581024,-2.0007396,
7836,3466.3760044574738,-1.8752258,
7837,3466.815719604492,-1.8620281,
7838,3467.255520105362,-1.8984075,
7839,3467.6954112052917,-1.2466593,
7840,3468.135194301605,-2.1104562,
7841,3468.574982404709,-1.0481188,
7842,3469.015021085739,-1.4273111,
7843,3469.4550619125366,-1.3293821,
7844,3469.89471411705,-1.3400981,
7845,3470.33482670784,-1.3889341,
7846,3470.7744076251984,-2.5900264,
7847,3471.2142295837402,-1.5641451,
7848,3471.653931617737,-2.0715678,
7849,3472.093613386154,-2.022887,
7850,3472.5333681106567,-1.5629771,
7851,3472.9734978675842,-1.5033325,
7852,3473.413138628006,-1.2048509,
7853,3473.8530492782593,-2.1218686,
7854,3474.2930080890656,-1.6313549,
7855,3474.7334060668945,-2.4304273,
7856,3475.17369890213,-1.231245,
7857,3475.6138339042664,-0.33888537,
7858,3476.0537447929382,-0.7537663,
7859,3476.493685245514,-1.6927658,
7860,3476.9337434768677,-1.7730004,
7861,3477.3733699321747,-2.2846775,
7862,3477.8132469654083,-2.1996224,
7863,3478.2532682418823,-3.019383,
7864,3478.6928040981293,-0.8913627,
7865,3479.1326146125793,-1.4874601,
7866,3479.5723679065704,-2.0307188,
7867,3480.012056350708,-2.2494876,
7868,3480.4516937732697,-2.5656247,
7869,3480.8916561603546,-1.5559174,
7870,3481.331330060959,-1.0375795,
7871,3481.7711963653564,-2.4062161,
7872,3482.210876941681,-0.665107,
7873,3482.650686979294,-3.1007345,
7874,3483.090148448944,-1.9100208,
7875,3483.529996395111,-1.4001,
7876,3483.970154285431,-2.3632545,
7877,3484.410116672516,-2.582452,
7878,3484.850006580353,-2.1410105,
7879,3485.2897877693176,-0.96543765,
7880,3485.729953765869,-1.1133273,
7881,3486.1701979637146,-2.1816878,
7882,3486.6103913784027,-2.0081553,
7883,3487.0502758026123,-1.2326994,
7884,3487.4898779392242,-2.4095209,
7885,3487.9296355247498,-1.7884977,
7886,3488.36926817894,-1.3451531,
7887,3488.8091156482697,-0.54544353,
7888,3489.2491416931152,-1.9270573,
7889,3489.688923597336,-1.9015678,
7890,3490.1288743019104,-0.32011703,
7891,3490.568469762802,-1.9223626,
7892,3491.008293867111,-1.6830177,
7893,3491.4482383728027,-1.8032368,
7894,3491.8879656791687,-2.4721375,
7895,3492.3278608322144,-1.5402061,
7896,3492.767669200897,-1.696913,
7897,3493.207614183426,-1.8233969,
7898,3493.647158384323,-1.4219193,
7899,3494.087062597275,-2.3174748,
7900,3494.7409579753876,-1.5318112,
7901,3495.180674791336,-2.9922652,
7902,3495.6208593845367,-1.979519,
7903,3496.0606837272644,-2.0644753,
7904,3496.500902891159,-1.6352015,
7905,3496.941032886505,-1.0175214,
7906,3497.3811802864075,-1.5450824,
7907,3497.821144580841,-1.6039112,
7908,3498.2609255313873,-0.7259242,
7909,3498.7007122039795,-2.3216126,
7910,3499.1408178806305,-1.3385252,
7911,3499.580867290497,-2.8332956,
7912,3500.0209300518036,-2.1003382,
7913,3500.4608283042908,-0.86611223,
7914,3500.900800228119,-2.5126886,
7915,3501.340678691864,-1.9674032,
7916,3501.7809579372406,-1.6266198,
7917,3502.2212319374084,-1.2695782,
7918,3502.6616451740265,-1.7506793,
7919,3503.1017785072327,-2.551132,
7920,3503.5419013500214,-1.6649568,
7921,3503.9822516441345,-1.7668054,
7922,3504.4226846694946,-0.8410895,
7923,3504.863273859024,-2.3958104,
7924,3505.303149461746,-2.0210257,
7925,3505.7432384490967,-1.7565491,
7926,3506.1834528446198,-2.3713155,
7927,3506.623453617096,-1.7389714,
7928,3507.0633034706116,-1.1033082,
7929,3507.5037417411804,-1.580553,
7930,3507.9438285827637,-1.6906015,
7931,3508.3839163780212,-1.4642603,
7932,3508.823299884796,-1.1204934,
7933,3509.2628087997437,-1.0817814,
7934,3509.7027320861816,-0.9329752,
7935,3510.1424214839935,-2.0634253,
7936,3510.5822117328644,-2.6104302,
7937,3511.021726846695,-1.5970232,
7938,3511.4612143039703,-0.8496835,
7939,3511.901068687439,-2.0802515,
7940,3512.3409745693207,-1.7592233,
7941,3512.7808890342712,-2.0121307,
7942,3513.220819711685,-1.4738617,
7943,3513.6606016159058,-1.57143,
7944,3514.1006968021393,-1.9105575,
7945,3514.5405094623566,-1.4890178,
7946,3514.9804227352142,-1.4276067,
7947,3515.4202988147736,-0.98608965,
7948,3515.8600776195526,-2.3166862,
7949,3516.299805164337,-1.9710414,
7950,3516.739506483078,-2.5351954,
7951,3517.179457426071,-1.284465,
7952,3517.619403362274,-1.2115881,
7953,3518.0595417022705,-2.1430626,
7954,3518.499617099762,-2.182011,
7955,3518.939788579941,-2.7224832,
7956,3519.379366159439,-2.1317372,
7957,3519.819009780884,-2.5131254,
7958,3520.2587456703186,-1.9752975,
7959,3520.6986157894135,-1.8562694,
7960,3521.138764858246,-1.7238349,
7961,3521.5785415172577,-2.927322,
7962,3522.0183367729187,-1.7464107,
7963,3522.4581570625305,-1.6588814,
7964,3522.897936105728,-1.9441388,
7965,3523.3379352092743,-1.9407189,
7966,3523.777574777603,-2.1384401,
7967,3524.217566013336,-2.14787,
7968,3524.657464027405,-0.8088779,
7969,3525.097501516342,-2.1497169,
7970,3525.5376336574554,-1.014173,
7971,3525.9772872924805,-1.605603,
7972,3526.4174358844757,-1.8653245,
7973,3526.8570504188538,-2.2902782,
7974,3527.2964498996735,-1.5985174,
7975,3527.7362711429596,-1.4848757,
7976,3528.1761989593506,-2.4197204,
7977,3528.6158196926117,-2.1771758,
7978,3529.055901527405,-2.0360532,
7979,3529.4961018562317,-1.947993,
7980,3529.9357256889343,-2.4181683,
7981,3530.3755872249603,-1.3094594,
7982,3530.8153491020203,-1.2104689,
7983,3531.2552757263184,-2.5055487,
7984,3531.69508934021,-1.362175,
7985,3532.134927749634,-1.224283,
7986,3532.5747776031494,-3.0035362,
7987,3533.0145478248596,-1.5458795,
7988,3533.454430103302,-1.3079615,
7989,3533.8942341804504,-0.6467788,
7990,3534.333992958069,-1.8917795,
7991,3534.7738268375397,-0.98291916,
7992,3535.2137339115143,-1.3235476,
7993,3535.6536095142365,-2.2760487,
7994,3536.093417406082,-1.8031465,
7995,3536.5332305431366,-2.647236,
7996,3536.9731497764587,-2.4192896,
7997,3537.4127674102783,-2.735474,
7998,3537.852285385132,-1.272548,
7999,3538.292068719864,-1.5812097,
